$MeshFormat
4.1 0 8
$EndMeshFormat
$PhysicalNames
10
2 10 "stator"
2 41 "air"
2 30 "shaft"
2 50 "outair"
2 10000 "single_winding_0"
2 10001 "single_winding_1"
2 10002 "single_winding_2"
2 10003 "single_winding_3"
2 10004 "single_winding_4"
2 10005 "single_winding_5"
$EndPhysicalNames
$Entities
0 0 10 0
10 0 0 0 1 1 1 1 10 0
30 0 0 0 1 1 1 1 30 0
41 0 0 0 1 1 1 1 41 0
50 0 0 0 1 1 1 1 50 0
10000 0 0 0 1 1 1 1 10000 0
10001 0 0 0 1 1 1 1 10001 0
10002 0 0 0 1 1 1 1 10002 0
10003 0 0 0 1 1 1 1 10003 0
10004 0 0 0 1 1 1 1 10004 0
10005 0 0 0 1 1 1 1 10005 0
$EndEntities
$Nodes
1 1534 1 1534
2 1 0 1534
1
2
3
4
5
6
7
8
9
10
11
12
13
14
15
16
17
18
19
20
21
22
23
24
25
26
27
28
29
30
31
32
33
34
35
36
37
38
39
40
41
42
43
44
45
46
47
48
49
50
51
52
53
54
55
56
57
58
59
60
61
62
63
64
65
66
67
68
69
70
71
72
73
74
75
76
77
78
79
80
81
82
83
84
85
86
87
88
89
90
91
92
93
94
95
96
97
98
99
100
101
102
103
104
105
106
107
108
109
110
111
112
113
114
115
116
117
118
119
120
121
122
123
124
125
126
127
128
129
130
131
132
133
134
135
136
137
138
139
140
141
142
143
144
145
146
147
148
149
150
151
152
153
154
155
156
157
158
159
160
161
162
163
164
165
166
167
168
169
170
171
172
173
174
175
176
177
178
179
180
181
182
183
184
185
186
187
188
189
190
191
192
193
194
195
196
197
198
199
200
201
202
203
204
205
206
207
208
209
210
211
212
213
214
215
216
217
218
219
220
221
222
223
224
225
226
227
228
229
230
231
232
233
234
235
236
237
238
239
240
241
242
243
244
245
246
247
248
249
250
251
252
253
254
255
256
257
258
259
260
261
262
263
264
265
266
267
268
269
270
271
272
273
274
275
276
277
278
279
280
281
282
283
284
285
286
287
288
289
290
291
292
293
294
295
296
297
298
299
300
301
302
303
304
305
306
307
308
309
310
311
312
313
314
315
316
317
318
319
320
321
322
323
324
325
326
327
328
329
330
331
332
333
334
335
336
337
338
339
340
341
342
343
344
345
346
347
348
349
350
351
352
353
354
355
356
357
358
359
360
361
362
363
364
365
366
367
368
369
370
371
372
373
374
375
376
377
378
379
380
381
382
383
384
385
386
387
388
389
390
391
392
393
394
395
396
397
398
399
400
401
402
403
404
405
406
407
408
409
410
411
412
413
414
415
416
417
418
419
420
421
422
423
424
425
426
427
428
429
430
431
432
433
434
435
436
437
438
439
440
441
442
443
444
445
446
447
448
449
450
451
452
453
454
455
456
457
458
459
460
461
462
463
464
465
466
467
468
469
470
471
472
473
474
475
476
477
478
479
480
481
482
483
484
485
486
487
488
489
490
491
492
493
494
495
496
497
498
499
500
501
502
503
504
505
506
507
508
509
510
511
512
513
514
515
516
517
518
519
520
521
522
523
524
525
526
527
528
529
530
531
532
533
534
535
536
537
538
539
540
541
542
543
544
545
546
547
548
549
550
551
552
553
554
555
556
557
558
559
560
561
562
563
564
565
566
567
568
569
570
571
572
573
574
575
576
577
578
579
580
581
582
583
584
585
586
587
588
589
590
591
592
593
594
595
596
597
598
599
600
601
602
603
604
605
606
607
608
609
610
611
612
613
614
615
616
617
618
619
620
621
622
623
624
625
626
627
628
629
630
631
632
633
634
635
636
637
638
639
640
641
642
643
644
645
646
647
648
649
650
651
652
653
654
655
656
657
658
659
660
661
662
663
664
665
666
667
668
669
670
671
672
673
674
675
676
677
678
679
680
681
682
683
684
685
686
687
688
689
690
691
692
693
694
695
696
697
698
699
700
701
702
703
704
705
706
707
708
709
710
711
712
713
714
715
716
717
718
719
720
721
722
723
724
725
726
727
728
729
730
731
732
733
734
735
736
737
738
739
740
741
742
743
744
745
746
747
748
749
750
751
752
753
754
755
756
757
758
759
760
761
762
763
764
765
766
767
768
769
770
771
772
773
774
775
776
777
778
779
780
781
782
783
784
785
786
787
788
789
790
791
792
793
794
795
796
797
798
799
800
801
802
803
804
805
806
807
808
809
810
811
812
813
814
815
816
817
818
819
820
821
822
823
824
825
826
827
828
829
830
831
832
833
834
835
836
837
838
839
840
841
842
843
844
845
846
847
848
849
850
851
852
853
854
855
856
857
858
859
860
861
862
863
864
865
866
867
868
869
870
871
872
873
874
875
876
877
878
879
880
881
882
883
884
885
886
887
888
889
890
891
892
893
894
895
896
897
898
899
900
901
902
903
904
905
906
907
908
909
910
911
912
913
914
915
916
917
918
919
920
921
922
923
924
925
926
927
928
929
930
931
932
933
934
935
936
937
938
939
940
941
942
943
944
945
946
947
948
949
950
951
952
953
954
955
956
957
958
959
960
961
962
963
964
965
966
967
968
969
970
971
972
973
974
975
976
977
978
979
980
981
982
983
984
985
986
987
988
989
990
991
992
993
994
995
996
997
998
999
1000
1001
1002
1003
1004
1005
1006
1007
1008
1009
1010
1011
1012
1013
1014
1015
1016
1017
1018
1019
1020
1021
1022
1023
1024
1025
1026
1027
1028
1029
1030
1031
1032
1033
1034
1035
1036
1037
1038
1039
1040
1041
1042
1043
1044
1045
1046
1047
1048
1049
1050
1051
1052
1053
1054
1055
1056
1057
1058
1059
1060
1061
1062
1063
1064
1065
1066
1067
1068
1069
1070
1071
1072
1073
1074
1075
1076
1077
1078
1079
1080
1081
1082
1083
1084
1085
1086
1087
1088
1089
1090
1091
1092
1093
1094
1095
1096
1097
1098
1099
1100
1101
1102
1103
1104
1105
1106
1107
1108
1109
1110
1111
1112
1113
1114
1115
1116
1117
1118
1119
1120
1121
1122
1123
1124
1125
1126
1127
1128
1129
1130
1131
1132
1133
1134
1135
1136
1137
1138
1139
1140
1141
1142
1143
1144
1145
1146
1147
1148
1149
1150
1151
1152
1153
1154
1155
1156
1157
1158
1159
1160
1161
1162
1163
1164
1165
1166
1167
1168
1169
1170
1171
1172
1173
1174
1175
1176
1177
1178
1179
1180
1181
1182
1183
1184
1185
1186
1187
1188
1189
1190
1191
1192
1193
1194
1195
1196
1197
1198
1199
1200
1201
1202
1203
1204
1205
1206
1207
1208
1209
1210
1211
1212
1213
1214
1215
1216
1217
1218
1219
1220
1221
1222
1223
1224
1225
1226
1227
1228
1229
1230
1231
1232
1233
1234
1235
1236
1237
1238
1239
1240
1241
1242
1243
1244
1245
1246
1247
1248
1249
1250
1251
1252
1253
1254
1255
1256
1257
1258
1259
1260
1261
1262
1263
1264
1265
1266
1267
1268
1269
1270
1271
1272
1273
1274
1275
1276
1277
1278
1279
1280
1281
1282
1283
1284
1285
1286
1287
1288
1289
1290
1291
1292
1293
1294
1295
1296
1297
1298
1299
1300
1301
1302
1303
1304
1305
1306
1307
1308
1309
1310
1311
1312
1313
1314
1315
1316
1317
1318
1319
1320
1321
1322
1323
1324
1325
1326
1327
1328
1329
1330
1331
1332
1333
1334
1335
1336
1337
1338
1339
1340
1341
1342
1343
1344
1345
1346
1347
1348
1349
1350
1351
1352
1353
1354
1355
1356
1357
1358
1359
1360
1361
1362
1363
1364
1365
1366
1367
1368
1369
1370
1371
1372
1373
1374
1375
1376
1377
1378
1379
1380
1381
1382
1383
1384
1385
1386
1387
1388
1389
1390
1391
1392
1393
1394
1395
1396
1397
1398
1399
1400
1401
1402
1403
1404
1405
1406
1407
1408
1409
1410
1411
1412
1413
1414
1415
1416
1417
1418
1419
1420
1421
1422
1423
1424
1425
1426
1427
1428
1429
1430
1431
1432
1433
1434
1435
1436
1437
1438
1439
1440
1441
1442
1443
1444
1445
1446
1447
1448
1449
1450
1451
1452
1453
1454
1455
1456
1457
1458
1459
1460
1461
1462
1463
1464
1465
1466
1467
1468
1469
1470
1471
1472
1473
1474
1475
1476
1477
1478
1479
1480
1481
1482
1483
1484
1485
1486
1487
1488
1489
1490
1491
1492
1493
1494
1495
1496
1497
1498
1499
1500
1501
1502
1503
1504
1505
1506
1507
1508
1509
1510
1511
1512
1513
1514
1515
1516
1517
1518
1519
1520
1521
1522
1523
1524
1525
1526
1527
1528
1529
1530
1531
1532
1533
1534
2.8000000000000001e-02 0.0000000000000000e+00 0.0000000000000000e+00
5.6000000000000001e-02 0.0000000000000000e+00 0.0000000000000000e+00
5.5520912236933381e-02 7.3094667643228894e-03 0.0000000000000000e+00
6.5333333333333340e-02 0.0000000000000000e+00 0.0000000000000000e+00
6.4774397609755618e-02 8.5277112250433697e-03 0.0000000000000000e+00
2.7873272289031921e-02 2.6609569522044502e-03 0.0000000000000000e+00
2.8765572664268348e-02 2.7784305252024962e-03 0.0000000000000000e+00
2.8914133361265120e-02 1.6500000000000000e-03 0.0000000000000000e+00
3.5652788167694668e-02 1.6500000000000000e-03 0.0000000000000000e+00
3.8494133361265108e-02 1.6500000000000000e-03 0.0000000000000000e+00
4.1882741990455108e-02 5.5139675888519150e-03 0.0000000000000000e+00
2.8635046472048301e-02 3.7698753865763059e-03 0.0000000000000000e+00
2.7760456118466691e-02 3.6547333821614438e-03 0.0000000000000000e+00
3.5258894231251711e-02 4.6419214877141107e-03 0.0000000000000000e+00
5.5980810198631208e-02 1.4659091052408981e-03 0.0000000000000000e+00
5.5923253946256142e-02 2.9308135496048638e-03 0.0000000000000000e+00
5.5827370689055168e-02 4.3937093607593347e-03 0.0000000000000000e+00
5.5693226140623303e-02 5.8535939429886202e-03 0.0000000000000000e+00
6.5298353048455895e-02 2.1376467443560460e-03 0.0000000000000000e+00
6.5193449651588770e-02 4.2730044430360301e-03 0.0000000000000000e+00
6.5018735475916870e-02 6.4037865015313224e-03 0.0000000000000000e+00
6.1689902485481528e-02 8.1216297381365415e-03 0.0000000000000000e+00
5.8605407361207451e-02 7.7155482512297141e-03 0.0000000000000000e+00
5.9111111111111121e-02 0.0000000000000000e+00 0.0000000000000000e+00
6.2222222222222227e-02 0.0000000000000000e+00 0.0000000000000000e+00
2.8300092613120019e-02 2.7171489138917101e-03 0.0000000000000000e+00
2.8836571436827559e-02 2.2391413065374968e-03 0.0000000000000000e+00
3.0135269703863141e-02 1.6500000000000000e-03 0.0000000000000000e+00
3.1514649319821023e-02 1.6500000000000000e-03 0.0000000000000000e+00
3.2894028935778898e-02 1.6500000000000000e-03 0.0000000000000000e+00
3.4273408551736793e-02 1.6500000000000000e-03 0.0000000000000000e+00
3.7073460764479892e-02 1.6500000000000000e-03 0.0000000000000000e+00
3.9904703587616067e-02 1.9546539689827601e-03 0.0000000000000000e+00
4.1063808144653040e-02 2.8143044968956320e-03 0.0000000000000000e+00
4.1764810738914589e-02 4.0756996638133224e-03 0.0000000000000000e+00
2.8493883862660861e-02 0.0000000000000000e+00 0.0000000000000000e+00
2.9063765878662551e-02 0.0000000000000000e+00 0.0000000000000000e+00
2.9860614171482600e-02 0.0000000000000000e+00 0.0000000000000000e+00
3.0971572182140309e-02 0.0000000000000000e+00 0.0000000000000000e+00
3.2413681313618790e-02 0.0000000000000000e+00 0.0000000000000000e+00
3.3887826231517607e-02 0.0000000000000000e+00 0.0000000000000000e+00
3.5361971149416430e-02 0.0000000000000000e+00 0.0000000000000000e+00
3.6836116067315253e-02 0.0000000000000000e+00 0.0000000000000000e+00
3.8310260985214083e-02 0.0000000000000000e+00 0.0000000000000000e+00
3.9784405903112899e-02 0.0000000000000000e+00 0.0000000000000000e+00
4.1258550821011708e-02 0.0000000000000000e+00 0.0000000000000000e+00
4.2732695738910538e-02 0.0000000000000000e+00 0.0000000000000000e+00
4.4206840656809361e-02 0.0000000000000000e+00 0.0000000000000000e+00
4.5680985574708177e-02 0.0000000000000000e+00 0.0000000000000000e+00
4.7155130492607000e-02 0.0000000000000000e+00 0.0000000000000000e+00
4.8629275410505823e-02 0.0000000000000000e+00 0.0000000000000000e+00
5.0103420328404653e-02 0.0000000000000000e+00 0.0000000000000000e+00
5.1577565246303490e-02 0.0000000000000000e+00 0.0000000000000000e+00
5.3051710164202327e-02 0.0000000000000000e+00 0.0000000000000000e+00
5.4525855082101171e-02 0.0000000000000000e+00 0.0000000000000000e+00
4.3246559015102937e-02 5.6935175063990116e-03 0.0000000000000000e+00
4.4610376039750772e-02 5.8730674239461092e-03 0.0000000000000000e+00
4.5974193064398587e-02 6.0526173414932067e-03 0.0000000000000000e+00
4.7338010089046423e-02 6.2321672590403034e-03 0.0000000000000000e+00
4.8701827113694238e-02 6.4117171765874018e-03 0.0000000000000000e+00
5.0065644138342080e-02 6.5912670941344984e-03 0.0000000000000000e+00
5.1429461162989909e-02 6.7708170116815968e-03 0.0000000000000000e+00
5.2793278187637731e-02 6.9503669292286926e-03 0.0000000000000000e+00
5.4157095212285560e-02 7.1299168467757919e-03 0.0000000000000000e+00
2.7996477201060219e-02 4.4414449283442658e-04 0.0000000000000000e+00
2.7985909690677491e-02 8.8817722625826460e-04 0.0000000000000000e+00
2.7968300127938540e-02 1.3319864689827329e-03 0.0000000000000000e+00
2.7943652943911160e-02 1.7754605459557209e-03 0.0000000000000000e+00
2.7911974340529180e-02 2.2184878664623701e-03 0.0000000000000000e+00
2.8699417927574900e-02 3.2809256385180588e-03 0.0000000000000000e+00
2.8180034450272042e-02 3.7099719174771709e-03 0.0000000000000000e+00
2.7802005109281221e-02 3.3239301893241919e-03 0.0000000000000000e+00
2.7839612276809169e-02 2.9926557230888109e-03 0.0000000000000000e+00
4.0113741208203893e-02 5.2810742176344827e-03 0.0000000000000000e+00
3.7736483184561638e-02 4.9681022614123053e-03 0.0000000000000000e+00
3.2918265249882832e-02 4.3337718363914554e-03 0.0000000000000000e+00
3.1011598842593711e-02 4.0827544418058559e-03 0.0000000000000000e+00
2.9632588288221191e-02 3.9012042581233340e-03 0.0000000000000000e+00
5.1572882973685577e-02 5.3839564396732324e-03 0.0000000000000000e+00
4.8822125985561390e-02 4.9408769533428511e-03 0.0000000000000000e+00
4.5961302663504261e-02 4.5925043141707908e-03 0.0000000000000000e+00
5.0196433698458859e-02 1.4500030683478619e-03 0.0000000000000000e+00
4.4297146793881893e-02 1.5012636315079270e-03 0.0000000000000000e+00
4.3238919410453790e-02 4.4329200158440257e-03 0.0000000000000000e+00
5.4408970628592873e-02 4.2826479234565219e-03 0.0000000000000000e+00
5.3046204997146913e-02 1.4057439941778020e-03 0.0000000000000000e+00
2.9144205563628730e-02 7.5325781893132273e-04 0.0000000000000000e+00
5.2929019782957540e-02 5.5485618880365892e-03 0.0000000000000000e+00
4.7276926671404373e-02 1.5866875315013729e-03 0.0000000000000000e+00
5.4503323657909872e-02 1.4355982359577110e-03 0.0000000000000000e+00
2.8361202789046119e-02 2.2322034797286490e-03 0.0000000000000000e+00
2.8404791307570860e-02 1.2972274098396830e-03 0.0000000000000000e+00
4.1490797190887808e-02 1.4486738579344051e-03 0.0000000000000000e+00
5.4298869437526598e-02 5.7034586119089426e-03 0.0000000000000000e+00
2.9977157889324459e-02 7.3890915545956129e-04 0.0000000000000000e+00
4.1701303308313592e-02 2.4302700552017139e-03 0.0000000000000000e+00
2.8429299705257309e-02 6.9094276736488642e-04 0.0000000000000000e+00
4.4535312526532637e-02 4.4665085832978164e-03 0.0000000000000000e+00
5.1618391701004802e-02 1.3873975024657520e-03 0.0000000000000000e+00
4.8761895095235742e-02 1.5522379169854059e-03 0.0000000000000000e+00
4.5789802457496608e-02 1.5474543803389710e-03 0.0000000000000000e+00
5.4469039364657981e-02 2.8610809587808709e-03 0.0000000000000000e+00
5.0212390719396177e-02 5.1799552003984461e-03 0.0000000000000000e+00
4.7388410043893922e-02 4.7379216765620156e-03 0.0000000000000000e+00
2.8361876721616538e-02 1.7899066577862590e-03 0.0000000000000000e+00
5.3011251433945257e-02 4.1600302296840976e-03 0.0000000000000000e+00
4.2805775786707398e-02 2.9310108271937861e-03 0.0000000000000000e+00
4.2849590926742537e-02 1.4333576164035440e-03 0.0000000000000000e+00
5.1654463695848959e-02 4.0418242942104974e-03 0.0000000000000000e+00
4.9032910773781309e-02 3.2650830258851922e-03 0.0000000000000000e+00
4.5887220452784337e-02 3.0835455193702660e-03 0.0000000000000000e+00
4.4407061830270843e-02 2.9980839851969790e-03 0.0000000000000000e+00
5.3042706164176993e-02 2.7857953004428318e-03 0.0000000000000000e+00
5.0406920157105232e-02 2.6994541569137311e-03 0.0000000000000000e+00
4.7377142296104562e-02 3.1716774958510971e-03 0.0000000000000000e+00
5.1670101288798689e-02 2.7261180345515739e-03 0.0000000000000000e+00
5.0421498694842269e-02 3.9426258178659520e-03 0.0000000000000000e+00
6.1721531999875477e-02 4.7036698257147376e-03 0.0000000000000000e+00
5.7205974185801672e-02 5.2183518080078260e-03 0.0000000000000000e+00
5.8023439435397693e-02 2.9232338293320370e-03 0.0000000000000000e+00
2.8190148878555421e-02 3.2096662106950381e-03 0.0000000000000000e+00
3.1204035279982230e-02 2.8579280282802180e-03 0.0000000000000000e+00
3.9615048395790692e-02 3.3544674653142119e-03 0.0000000000000000e+00
3.7677767385425803e-02 3.0442366254449919e-03 0.0000000000000000e+00
3.5181892082244502e-02 2.8972102780623192e-03 0.0000000000000000e+00
3.3035105970883709e-02 2.9607486791106440e-03 0.0000000000000000e+00
2.9408869243352301e-02 2.6294524090482731e-03 0.0000000000000000e+00
2.7045923136093913e-02 7.2469332628705809e-03 0.0000000000000000e+00
5.4091846272187827e-02 1.4493866525741162e-02 0.0000000000000000e+00
6.3107153984219136e-02 1.6909510946698025e-02 0.0000000000000000e+00
2.7612219904591818e-02 4.6438466749520700e-03 0.0000000000000000e+00
2.8504520279828246e-02 4.7613202479501165e-03 0.0000000000000000e+00
2.8355959582831488e-02 5.8897507731526140e-03 0.0000000000000000e+00
3.4865000294808747e-02 7.6338429754282218e-03 0.0000000000000000e+00
3.7609528998680745e-02 8.3692372252347595e-03 0.0000000000000000e+00
5.4452715542269887e-02 1.3072940375930700e-02 0.0000000000000000e+00
5.4776265641093128e-02 1.1643054685794515e-02 0.0000000000000000e+00
5.5062274823581461e-02 1.0205189427560239e-02 0.0000000000000000e+00
5.5310547073327714e-02 8.7603300422529010e-03 0.0000000000000000e+00
6.3626629312785801e-02 1.4835649184912380e-02 0.0000000000000000e+00
6.4077971653011073e-02 1.2745901038387030e-02 0.0000000000000000e+00
6.4460697696212099e-02 1.0642504261779769e-02 0.0000000000000000e+00
5.7096948842864939e-02 1.5299081332726784e-02 0.0000000000000000e+00
6.0102051413542031e-02 1.6104296139712402e-02 0.0000000000000000e+00
2.8039040228679916e-02 4.7000386366393299e-03 0.0000000000000000e+00
2.8433521507269053e-02 5.3006094666151176e-03 0.0000000000000000e+00
2.9535486713567091e-02 6.2058041152838186e-03 0.0000000000000000e+00
3.0867865108877506e-02 6.5628138303199203e-03 0.0000000000000000e+00
3.2200243504187910e-02 6.9198235453560185e-03 0.0000000000000000e+00
3.3532621899498342e-02 7.2768332603921236e-03 0.0000000000000000e+00
3.6237264646744753e-02 8.0015401003314911e-03 0.0000000000000000e+00
3.9050885459446370e-02 8.4400465275470439e-03 0.0000000000000000e+00
4.0392988415214021e-02 7.9096862156792600e-03 0.0000000000000000e+00
4.1396578017905458e-02 6.8727048688584161e-03 0.0000000000000000e+00
2.7522978314225441e-02 7.3747598125960094e-03 0.0000000000000000e+00
2.8073442071419152e-02 7.5222561317986663e-03 0.0000000000000000e+00
2.8843138417088392e-02 7.7284956460379247e-03 0.0000000000000000e+00
2.9916241451505402e-02 8.0160327375053495e-03 0.0000000000000000e+00
3.1309211905927760e-02 8.3892780458482349e-03 0.0000000000000000e+00
3.2733126553819006e-02 8.7708148258415410e-03 0.0000000000000000e+00
3.4157041201710259e-02 9.1523516058348488e-03 0.0000000000000000e+00
3.5580955849601512e-02 9.5338883858281549e-03 0.0000000000000000e+00
3.7004870497492771e-02 9.9154251658214645e-03 0.0000000000000000e+00
3.8428785145384010e-02 1.0296961945814771e-02 0.0000000000000000e+00
3.9852699793275249e-02 1.0678498725808073e-02 0.0000000000000000e+00
4.1276614441166509e-02 1.1060035505801383e-02 0.0000000000000000e+00
4.2700529089057762e-02 1.1441572285794689e-02 0.0000000000000000e+00
4.4124443736949008e-02 1.1823109065787995e-02 0.0000000000000000e+00
4.5548358384840261e-02 1.2204645845781303e-02 0.0000000000000000e+00
4.6972273032731507e-02 1.2586182625774609e-02 0.0000000000000000e+00
4.8396187680622767e-02 1.2967719405767918e-02 0.0000000000000000e+00
4.9820102328514033e-02 1.3349256185761230e-02 0.0000000000000000e+00
5.1244016976405300e-02 1.3730792965754541e-02 0.0000000000000000e+00
5.2667931624296567e-02 1.4112329745747852e-02 0.0000000000000000e+00
2.7157473427140106e-02 6.8170108591800657e-03 0.0000000000000000e+00
2.7262190124000867e-02 6.3853731013018824e-03 0.0000000000000000e+00
2.7360046876971279e-02 5.9521286015957568e-03 0.0000000000000000e+00
2.7451019062503804e-02 5.5173863767234085e-03 0.0000000000000000e+00
2.7535083789404238e-02 5.0812558202168864e-03 0.0000000000000000e+00
2.8570675016521708e-02 4.2588251346345560e-03 0.0000000000000000e+00
2.7714971195263689e-02 3.9850183996694190e-03 0.0000000000000000e+00
2.7665556788614629e-02 4.3147384133848934e-03 0.0000000000000000e+00
5.1209050065056452e-02 8.1475417517376334e-03 0.0000000000000000e+00
4.8437345438825628e-02 7.8635753737076562e-03 0.0000000000000000e+00
4.5583836833790206e-02 7.4596419426345836e-03 0.0000000000000000e+00
4.8861320106493820e-02 1.1591197625471523e-02 0.0000000000000000e+00
4.3176313738682547e-02 1.0014835920216679e-02 0.0000000000000000e+00
4.2912913084905614e-02 6.9091839039010080e-03 0.0000000000000000e+00
5.3663460758020531e-02 9.9453575889336017e-03 0.0000000000000000e+00
5.1602532711600133e-02 1.2371523694547040e-02 0.0000000000000000e+00
2.8346098309998357e-02 6.8154842730900212e-03 0.0000000000000000e+00
5.2561580658077575e-02 8.3395391320197250e-03 0.0000000000000000e+00
4.6076669411263226e-02 1.0703546551546749e-02 0.0000000000000000e+00
5.3017728104348558e-02 1.2719816771767280e-02 0.0000000000000000e+00
2.7972555011659093e-02 5.1842764332176361e-03 0.0000000000000000e+00
2.7772668673829451e-02 6.0986755048276480e-03 0.0000000000000000e+00
4.0451976944576029e-02 9.3392970162392702e-03 0.0000000000000000e+00
5.3924844039721136e-02 8.5444635655534326e-03 0.0000000000000000e+00
2.9146954766077145e-02 7.0449279432626185e-03 0.0000000000000000e+00
4.0909366030442422e-02 8.4456308906120190e-03 0.0000000000000000e+00
2.7639423955890103e-02 6.6906447391626876e-03 0.0000000000000000e+00
4.4173826037704284e-02 7.2122710675103481e-03 0.0000000000000000e+00
5.0218622552271663e-02 1.2019699770821323e-02 0.0000000000000000e+00
4.7502122546732535e-02 1.1121160433376853e-02 0.0000000000000000e+00
4.4630063439429664e-02 1.0356546796508772e-02 0.0000000000000000e+00
5.3353554097191717e-02 1.1334032766822058e-02 0.0000000000000000e+00
4.9842116054223257e-02 7.9924705112235685e-03 0.0000000000000000e+00
4.6999953492271734e-02 7.6885421261612763e-03 0.0000000000000000e+00
2.7858731139427030e-02 5.6116767830017072e-03 0.0000000000000000e+00
5.2281631895595586e-02 9.7020408388282294e-03 0.0000000000000000e+00
4.2105805770199380e-02 8.2478109588688484e-03 0.0000000000000000e+00
4.1760506771630339e-02 9.7057730667008176e-03 0.0000000000000000e+00
5.0940481631231320e-02 9.4650564979419458e-03 0.0000000000000000e+00
4.8207220525462925e-02 9.5368231253866141e-03 0.0000000000000000e+00
4.5121731638817913e-02 8.8980103263008228e-03 0.0000000000000000e+00
4.3669889125659951e-02 8.5974665880338818e-03 0.0000000000000000e+00
5.1956336659752626e-02 1.1037590931613436e-02 0.0000000000000000e+00
4.9388016150629405e-02 1.0438798454574625e-02 0.0000000000000000e+00
4.6583695860428903e-02 9.1985015228616164e-03 0.0000000000000000e+00
5.0615056548362125e-02 1.0739978460831643e-02 0.0000000000000000e+00
4.9723854438925311e-02 9.2417600439662871e-03 0.0000000000000000e+00
6.0835821129575918e-02 1.1431311811477983e-02 0.0000000000000000e+00
5.6607336716049186e-02 9.7654548309116275e-03 0.0000000000000000e+00
5.6802927269089330e-02 1.2193944136199871e-02 0.0000000000000000e+00
2.8060315592480411e-02 4.1958479273679020e-03 0.0000000000000000e+00
3.0880469764621287e-02 5.3156521223191120e-03 0.0000000000000000e+00
3.9133398421385655e-02 7.0129622392952661e-03 0.0000000000000000e+00
3.7181835010958522e-02 6.8112169984384076e-03 0.0000000000000000e+00
3.4732951377584149e-02 6.3072534818559307e-03 0.0000000000000000e+00
3.2675760177388748e-02 5.6902509679404864e-03 0.0000000000000000e+00
2.9087338685764633e-02 5.0717194642116003e-03 0.0000000000000000e+00
5.1737253820632059e-02 2.1430272212445027e-02 0.0000000000000000e+00
6.0360129457404071e-02 2.5001984247852532e-02 0.0000000000000000e+00
2.6234807229734876e-02 9.7844207605075183e-03 0.0000000000000000e+00
2.7066298808995037e-02 1.0128835849636099e-02 0.0000000000000000e+00
2.7501856733993166e-02 9.0773059999065386e-03 0.0000000000000000e+00
3.4010897445970432e-02 1.0821398202182147e-02 0.0000000000000000e+00
3.6755426149842431e-02 1.1556792451988686e-02 0.0000000000000000e+00
3.9028502338309304e-02 1.6166134987637765e-02 0.0000000000000000e+00
2.6683615376629950e-02 1.1052715382147386e-02 0.0000000000000000e+00
2.5868626910316030e-02 1.0715136106222512e-02 0.0000000000000000e+00
3.2856058857469631e-02 1.3609425184892578e-02 0.0000000000000000e+00
5.3693905152618814e-02 1.5904859303419665e-02 0.0000000000000000e+00
5.3259164912528606e-02 1.7304951684997065e-02 0.0000000000000000e+00
5.2787923501161987e-02 1.8693184117091189e-02 0.0000000000000000e+00
5.2280503883843289e-02 2.0068605174536836e-02 0.0000000000000000e+00
6.2520101934504316e-02 1.8965265580624880e-02 0.0000000000000000e+00
6.1866101793680239e-02 2.1000711733139905e-02 0.0000000000000000e+00
6.1145853881478605e-02 2.3013669797520619e-02 0.0000000000000000e+00
5.7485837578480060e-02 2.3811413569383356e-02 0.0000000000000000e+00
5.4611545699556056e-02 2.2620842890914192e-02 0.0000000000000000e+00
2.6632540454090310e-02 9.9491672562419184e-03 0.0000000000000000e+00
2.7274456677653759e-02 9.6262983000055483e-03 0.0000000000000000e+00
2.8681383864728769e-02 9.3933593420377440e-03 0.0000000000000000e+00
3.0013762260039184e-02 9.7503690570738457e-03 0.0000000000000000e+00
3.1346140655349596e-02 1.0107378772109944e-02 0.0000000000000000e+00
3.2678519050660028e-02 1.0464388487146049e-02 0.0000000000000000e+00
3.5383161797906439e-02 1.1189095327085417e-02 0.0000000000000000e+00
3.8039082111930432e-02 1.2216148027744803e-02 0.0000000000000000e+00
3.8936197210185500e-02 1.3346505008865169e-02 0.0000000000000000e+00
3.9286840627679800e-02 1.4746351999808338e-02 0.0000000000000000e+00
4.0299377486541582e-02 1.6692548710118493e-02 0.0000000000000000e+00
4.1570252634773867e-02 1.7218962432599221e-02 0.0000000000000000e+00
4.2841127783006132e-02 1.7745376155079942e-02 0.0000000000000000e+00
4.4112002931238417e-02 1.8271789877560670e-02 0.0000000000000000e+00
4.5382878079470675e-02 1.8798203600041394e-02 0.0000000000000000e+00
4.6653753227702960e-02 1.9324617322522122e-02 0.0000000000000000e+00
4.7924628375935238e-02 1.9851031045002850e-02 0.0000000000000000e+00
4.9195503524167510e-02 2.0377444767483575e-02 0.0000000000000000e+00
5.0466378672399788e-02 2.0903858489964299e-02 0.0000000000000000e+00
2.6927567320094204e-02 7.6750321316457308e-03 0.0000000000000000e+00
2.6802435760836931e-02 8.1011997436311756e-03 0.0000000000000000e+00
2.6670559944988098e-02 8.5253288629117668e-03 0.0000000000000000e+00
2.6531973056260882e-02 8.9473127665152495e-03 0.0000000000000000e+00
2.6386709967065602e-02 9.3670452712667600e-03 0.0000000000000000e+00
2.6872342934894464e-02 1.0597086751391645e-02 0.0000000000000000e+00
2.6259611672194823e-02 1.0877087297273923e-02 0.0000000000000000e+00
2.5994378320087035e-02 1.0406358428969718e-02 0.0000000000000000e+00
2.6116444195473747e-02 1.0096105317631431e-02 0.0000000000000000e+00
3.7380056035956497e-02 1.5483326172359450e-02 0.0000000000000000e+00
3.5164804218020825e-02 1.4565738825298845e-02 0.0000000000000000e+00
3.0674939873108768e-02 1.2705976120420875e-02 0.0000000000000000e+00
2.8898209630561181e-02 1.1970030357279227e-02 0.0000000000000000e+00
2.7613176366546456e-02 1.1437752151223762e-02 0.0000000000000000e+00
4.8422109135876870e-02 1.8548546897129068e-02 0.0000000000000000e+00
4.5879759328759130e-02 1.7408616681208272e-02 0.0000000000000000e+00
4.3206581671344418e-02 1.6331678991437646e-02 0.0000000000000000e+00
4.8110743287402787e-02 1.4392388449302709e-02 0.0000000000000000e+00
4.2399202499574497e-02 1.2915054547700722e-02 0.0000000000000000e+00
4.0618264833872410e-02 1.5472927762255988e-02 0.0000000000000000e+00
5.1446599065901905e-02 1.8218798057273410e-02 0.0000000000000000e+00
5.0874866075136735e-02 1.5087212552801217e-02 0.0000000000000000e+00
2.7956183371174729e-02 8.2706666354098995e-03 0.0000000000000000e+00
4.9689433678969830e-02 1.9058537584855276e-02 0.0000000000000000e+00
4.5255339507704696e-02 1.3768791481402800e-02 0.0000000000000000e+00
5.2274607775185680e-02 1.5493179596340442e-02 0.0000000000000000e+00
2.6817081465463306e-02 9.4965624144220939e-03 0.0000000000000000e+00
2.7101174354838407e-02 8.6047264202960948e-03 0.0000000000000000e+00
3.9702088175424893e-02 1.2137920002736596e-02 0.0000000000000000e+00
5.0972516616289092e-02 1.9562699510380730e-02 0.0000000000000000e+00
2.8764467242010035e-02 8.4723908163422870e-03 0.0000000000000000e+00
3.9651365680385305e-02 1.3140552112964608e-02 0.0000000000000000e+00
2.7281765661350359e-02 8.0254436661334541e-03 0.0000000000000000e+00
4.1861791064761580e-02 1.5840903055408667e-02 0.0000000000000000e+00
4.9500452758740043e-02 1.4699945928742566e-02 0.0000000000000000e+00
4.6698625075840362e-02 1.4119853818499555e-02 0.0000000000000000e+00
4.3829042109311579e-02 1.3345999098455888e-02 0.0000000000000000e+00
5.1872549613766382e-02 1.6861216745202724e-02 0.0000000000000000e+00
4.7160773936941333e-02 1.7999375525394018e-02 0.0000000000000000e+00
4.4547424764075111e-02 1.6841503946813382e-02 0.0000000000000000e+00
2.6932207275445263e-02 9.0695109178067015e-03 0.0000000000000000e+00
5.0128241792306676e-02 1.7738602112818459e-02 0.0000000000000000e+00
4.0588602923240492e-02 1.3910089069107576e-02 0.0000000000000000e+00
4.1018546272494356e-02 1.2474807346685464e-02 0.0000000000000000e+00
4.8848279422631861e-02 1.7273261440142955e-02 0.0000000000000000e+00
4.6517089183582820e-02 1.5844479164747745e-02 0.0000000000000000e+00
4.3525571025110774e-02 1.4854962833696179e-02 0.0000000000000000e+00
4.2117966657288265e-02 1.4389320089404712e-02 0.0000000000000000e+00
5.0514302900729217e-02 1.6419334186518326e-02 0.0000000000000000e+00
4.7990675856248527e-02 1.5653743428667339e-02 0.0000000000000000e+00
4.4941914778730233e-02 1.5325711934666444e-02 0.0000000000000000e+00
4.9203914015283332e-02 1.6006434091003163e-02 0.0000000000000000e+00
4.7683001140172085e-02 1.6858328245707856e-02 0.0000000000000000e+00
5.8401022464037861e-02 2.0518104137466915e-02 0.0000000000000000e+00
5.3906119052133994e-02 1.9846536394945654e-02 0.0000000000000000e+00
5.5289750092451122e-02 1.7841198240267281e-02 0.0000000000000000e+00
2.6398870104980581e-02 1.0396446900723317e-02 0.0000000000000000e+00
2.9401097358118859e-02 1.0836745106701627e-02 0.0000000000000000e+00
3.7396998288985454e-02 1.3493295755682120e-02 0.0000000000000000e+00
3.5606022178030938e-02 1.2692230554143206e-02 0.0000000000000000e+00
3.3233244982325556e-02 1.1904233945396985e-02 0.0000000000000000e+00
3.1143163885556817e-02 1.1409978196548919e-02 0.0000000000000000e+00
2.7726233962459840e-02 1.0151431446007069e-02 0.0000000000000000e+00
2.4248711305964284e-02 1.4000000000000000e-02 0.0000000000000000e+00
4.8497422611928569e-02 2.8000000000000001e-02 0.0000000000000000e+00
5.6580326380583336e-02 3.2666666666666670e-02 0.0000000000000000e+00
2.5469440365004700e-02 1.1632179825530092e-02 0.0000000000000000e+00
2.6300931944264857e-02 1.1976594914658672e-02 0.0000000000000000e+00
2.5865374019266738e-02 1.3028124764388235e-02 0.0000000000000000e+00
3.1701220268968835e-02 1.6397452167603008e-02 0.0000000000000000e+00
3.4161897387521643e-02 1.7818124764388227e-02 0.0000000000000000e+00
4.9213758309070064e-02 2.6720890574538067e-02 0.0000000000000000e+00
4.9896365354548611e-02 2.5423467985414616e-02 0.0000000000000000e+00
5.0544775923592210e-02 2.4108621421264510e-02 0.0000000000000000e+00
5.1158545627985663e-02 2.2777252012244783e-02 0.0000000000000000e+00
5.7618855937425870e-02 3.0797920139298510e-02 0.0000000000000000e+00
5.8595685780135659e-02 2.8896194427641405e-02 0.0000000000000000e+00
5.9509769894850163e-02 2.6963525947220429e-02 0.0000000000000000e+00
5.1191723868146834e-02 2.9555555555555561e-02 0.0000000000000000e+00
5.3886025124365071e-02 3.1111111111111110e-02 0.0000000000000000e+00
2.5867173589360130e-02 1.1796926321264492e-02 0.0000000000000000e+00
2.6092774075606149e-02 1.2479132464289227e-02 0.0000000000000000e+00
2.6922909113441040e-02 1.3638692935687246e-02 0.0000000000000000e+00
2.8117486902322988e-02 1.4328382743666188e-02 0.0000000000000000e+00
2.9312064691204929e-02 1.5018072551645122e-02 0.0000000000000000e+00
3.0506642480086891e-02 1.5707762359624074e-02 0.0000000000000000e+00
3.2931558828245243e-02 1.7107788465995619e-02 0.0000000000000000e+00
3.5535814021854926e-02 1.8259571801060880e-02 0.0000000000000000e+00
3.6969453277847689e-02 1.8094644884030120e-02 0.0000000000000000e+00
3.8207236916055834e-02 1.7352745922399260e-02 0.0000000000000000e+00
2.4676427277547774e-02 1.4246941931330429e-02 0.0000000000000000e+00
2.5169959580565126e-02 1.4531882939331274e-02 0.0000000000000000e+00
2.5860050445109549e-02 1.4930307085741298e-02 0.0000000000000000e+00
2.6822168304876950e-02 1.5485786091070155e-02 0.0000000000000000e+00
2.8071071447766827e-02 1.6206840656809392e-02 0.0000000000000000e+00
2.9347718395526926e-02 1.6943913115758800e-02 0.0000000000000000e+00
3.0624365343287035e-02 1.7680985574708215e-02 0.0000000000000000e+00
3.1901012291047144e-02 1.8418058033657626e-02 0.0000000000000000e+00
3.3177659238807257e-02 1.9155130492607041e-02 0.0000000000000000e+00
3.4454306186567349e-02 1.9892202951556449e-02 0.0000000000000000e+00
3.5730953134327448e-02 2.0629275410505851e-02 0.0000000000000000e+00
3.7007600082087561e-02 2.1366347869455269e-02 0.0000000000000000e+00
3.8284247029847666e-02 2.2103420328404681e-02 0.0000000000000000e+00
3.9560893977607772e-02 2.2840492787354089e-02 0.0000000000000000e+00
4.0837540925367878e-02 2.3577565246303500e-02 0.0000000000000000e+00
4.2114187873127984e-02 2.4314637705252908e-02 0.0000000000000000e+00
4.3390834820888090e-02 2.5051710164202323e-02 0.0000000000000000e+00
4.4667481768648216e-02 2.5788782623151745e-02 0.0000000000000000e+00
4.5944128716408336e-02 2.6525855082101164e-02 0.0000000000000000e+00
4.7220775664168449e-02 2.7262927541050582e-02 0.0000000000000000e+00
2.4467732719007224e-02 1.3613598186784540e-02 0.0000000000000000e+00
2.4680597353272941e-02 1.3223770804336288e-02 0.0000000000000000e+00
2.4887251645953710e-02 1.2830615944333089e-02 0.0000000000000000e+00
2.5087643596940743e-02 1.2434232535740936e-02 0.0000000000000000e+00
2.5281722781908857e-02 1.2034720319920637e-02 0.0000000000000000e+00
2.6494887818365443e-02 1.1508344012903130e-02 0.0000000000000000e+00
2.5739207795444391e-02 1.1022394570279840e-02 0.0000000000000000e+00
2.5606139324770287e-02 1.1328090257428786e-02 0.0000000000000000e+00
4.7355405021450268e-02 2.1123798437216946e-02 0.0000000000000000e+00
4.4751639846931965e-02 2.0132138034212724e-02 0.0000000000000000e+00
4.2099907854705472e-02 1.9003425928690594e-02 0.0000000000000000e+00
4.4196388296420565e-02 2.3842477356474795e-02 0.0000000000000000e+00
3.9113086254424084e-02 2.0848440954277399e-02 0.0000000000000000e+00
3.9662462649563059e-02 1.7780438358561450e-02 0.0000000000000000e+00
4.9260874719851071e-02 2.3495603417118413e-02 0.0000000000000000e+00
4.6642233098975160e-02 2.5305692488398073e-02 0.0000000000000000e+00
2.5616251300683918e-02 1.3919762375020581e-02 0.0000000000000000e+00
4.8612156673468646e-02 2.1659314341968935e-02 0.0000000000000000e+00
4.1736363276040959e-02 2.2264351625553975e-02 0.0000000000000000e+00
4.7919061996414207e-02 2.6008397286987429e-02 0.0000000000000000e+00
2.5677623837060338e-02 1.2247456474662027e-02 0.0000000000000000e+00
2.5247884566471611e-02 1.3078963762378775e-02 0.0000000000000000e+00
3.6656421319544073e-02 1.9490810232674301e-02 0.0000000000000000e+00
4.9875929635626953e-02 2.2210094671417019e-02 0.0000000000000000e+00
2.6330434843141869e-02 1.4348664844945343e-02 0.0000000000000000e+00
3.7329523063520484e-02 1.8745976048295501e-02 0.0000000000000000e+00
2.4965967140236727e-02 1.3616275863529540e-02 0.0000000000000000e+00
4.0801966305105498e-02 1.8399546363909162e-02 0.0000000000000000e+00
4.5396537266798889e-02 2.4607674368219978e-02 0.0000000000000000e+00
4.3005158847638676e-02 2.3036670078791066e-02 0.0000000000000000e+00
4.0428859352632664e-02 2.1554766424177248e-02 0.0000000000000000e+00
4.8602112288918850e-02 2.4756750889740813e-02 0.0000000000000000e+00
4.6075183547946291e-02 2.0620222565687719e-02 0.0000000000000000e+00
4.3408527781246792e-02 1.9591044488903295e-02 0.0000000000000000e+00
2.5457059068815562e-02 1.2630833724762468e-02 0.0000000000000000e+00
4.7989105543042899e-02 2.2902933857554986e-02 0.0000000000000000e+00
3.8536394673586313e-02 1.8864558058236634e-02 0.0000000000000000e+00
3.7825513092532001e-02 2.0183471354857888e-02 0.0000000000000000e+00
4.6754989926571476e-02 2.2326909331505076e-02 0.0000000000000000e+00
4.4096287864532908e-02 2.1688810541008713e-02 0.0000000000000000e+00
4.1281271380853239e-02 2.0273181472891835e-02 0.0000000000000000e+00
3.9956685645039326e-02 1.9607114021275549e-02 0.0000000000000000e+00
4.7329228673872140e-02 2.4108783582161702e-02 0.0000000000000000e+00
4.5003400461043890e-02 2.2865664202313819e-02 0.0000000000000000e+00
4.2615647535062313e-02 2.0941817864033815e-02 0.0000000000000000e+00
4.6110679349490521e-02 2.3474163172762776e-02 0.0000000000000000e+00
4.5637611675550305e-02 2.1796335231532817e-02 0.0000000000000000e+00
5.5804249585243680e-02 2.6787268439854451e-02 0.0000000000000000e+00
5.2151002797144977e-02 2.4083761861281600e-02 0.0000000000000000e+00
5.1711389480668231e-02 2.6480124960295236e-02 0.0000000000000000e+00
2.6018218170641916e-02 1.1315421963147269e-02 0.0000000000000000e+00
2.8452451267190586e-02 1.3126979365312872e-02 0.0000000000000000e+00
3.5984872015561824e-02 1.6902470156764843e-02 0.0000000000000000e+00
3.4152022026382033e-02 1.6202497439946523e-02 0.0000000000000000e+00
3.1917017435457502e-02 1.5081888340214905e-02 0.0000000000000000e+00
3.0089615327051612e-02 1.3953469415110815e-02 0.0000000000000000e+00
2.6783554065842069e-02 1.2427262037398154e-02 0.0000000000000000e+00
4.4427787056309176e-02 3.4090640024488354e-02 0.0000000000000000e+00
5.1832418232360705e-02 3.9772413361903076e-02 0.0000000000000000e+00
2.2808483412800250e-02 1.6241092463501826e-02 0.0000000000000000e+00
2.3522501419062359e-02 1.6788977749609673e-02 0.0000000000000000e+00
2.4215374019266735e-02 1.5886008596876881e-02 0.0000000000000000e+00
3.0051220268968833e-02 1.9255336000091654e-02 0.0000000000000000e+00
3.2511897387521652e-02 2.0676008596876874e-02 0.0000000000000000e+00
3.3514534749457391e-02 2.5716607002817339e-02 0.0000000000000000e+00
2.2913739990053646e-02 1.7582331089900909e-02 0.0000000000000000e+00
2.2213893528154588e-02 1.7045320012244174e-02 0.0000000000000000e+00
2.8214137369755525e-02 2.1649469046359126e-02 0.0000000000000000e+00
4.7747849203829164e-02 2.9259919624093134e-02 0.0000000000000000e+00
4.6965551804943745e-02 3.0499785960841522e-02 0.0000000000000000e+00
4.6151066562832875e-02 3.1718749267790648e-02 0.0000000000000000e+00
4.5304951684997041e-02 3.2915974128378510e-02 0.0000000000000000e+00
5.5481209193069828e-02 3.4500432909157379e-02 0.0000000000000000e+00
5.4322681337099624e-02 3.6297255223947354e-02 0.0000000000000000e+00
5.3105983393318852e-02 3.8055209528696426e-02 0.0000000000000000e+00
4.9364207840343517e-02 3.7878488916098164e-02 0.0000000000000000e+00
4.6895997448326336e-02 3.5984564470293252e-02 0.0000000000000000e+00
2.3150024675468422e-02 1.6503166291855526e-02 0.0000000000000000e+00
2.3853632769068649e-02 1.6357438972538330e-02 0.0000000000000000e+00
2.5272909113441041e-02 1.6496576768175893e-02 0.0000000000000000e+00
2.6467486902322989e-02 1.7186266576154831e-02 0.0000000000000000e+00
2.7662064691204930e-02 1.7875956384133768e-02 0.0000000000000000e+00
2.8856642480086892e-02 1.8565646192112716e-02 0.0000000000000000e+00
3.1281558828245244e-02 1.9965672298484265e-02 0.0000000000000000e+00
3.3581160052872164e-02 2.1645131786555180e-02 0.0000000000000000e+00
3.4155148780952056e-02 2.2969163260622916e-02 0.0000000000000000e+00
3.4131537252242508e-02 2.4412064816515325e-02 0.0000000000000000e+00
3.4605859980142574e-02 2.6554010304984440e-02 0.0000000000000000e+00
3.5697185210827757e-02 2.7391413607151544e-02 0.0000000000000000e+00
3.6788510441512927e-02 2.8228816909318642e-02 0.0000000000000000e+00
3.7879835672198110e-02 2.9066220211485746e-02 0.0000000000000000e+00
3.8971160902883280e-02 2.9903623513652840e-02 0.0000000000000000e+00
4.0062486133568463e-02 3.0741026815819951e-02 0.0000000000000000e+00
4.1153811364253647e-02 3.1578430117987055e-02 0.0000000000000000e+00
4.2245136594938823e-02 3.2415833420154153e-02 0.0000000000000000e+00
4.3336461825623999e-02 3.3253236722321257e-02 0.0000000000000000e+00
2.4023588226172794e-02 1.4382879014275677e-02 0.0000000000000000e+00
2.3792420127014678e-02 1.4762138886341199e-02 0.0000000000000000e+00
2.3555265176970975e-02 1.5137684183605449e-02 0.0000000000000000e+00
2.3312183050985022e-02 1.5509420408170221e-02 0.0000000000000000e+00
2.3063234915446491e-02 1.5877254020608540e-02 0.0000000000000000e+00
2.3213962179847381e-02 1.7191073914671767e-02 0.0000000000000000e+00
2.2549639754717653e-02 1.7302947152998113e-02 0.0000000000000000e+00
2.2415277606120200e-02 1.6779610539001379e-02 0.0000000000000000e+00
2.2613483601681472e-02 1.6511522019380380e-02 0.0000000000000000e+00
3.2098981818322013e-02 2.4630415035844434e-02 0.0000000000000000e+00
3.0196701956608524e-02 2.3170744359262790e-02 0.0000000000000000e+00
2.6341168036717308e-02 2.0212289129461949e-02 0.0000000000000000e+00
2.4815455188755324e-02 1.9041568485314481e-02 0.0000000000000000e+00
2.3711972108423119e-02 1.8194836136997426e-02 0.0000000000000000e+00
4.1971448581777038e-02 3.0449084536468624e-02 0.0000000000000000e+00
3.9810762893589119e-02 2.8689987951348663e-02 0.0000000000000000e+00
3.7507403540534681e-02 2.6957876734813663e-02 0.0000000000000000e+00
4.2746385228072711e-02 2.6353956341984057e-02 0.0000000000000000e+00
3.7611822622916152e-02 2.3448705839604487e-02 0.0000000000000000e+00
3.5229542633719031e-02 2.5458481051892336e-02 0.0000000000000000e+00
4.4978226796394551e-02 3.0913367211474457e-02 0.0000000000000000e+00
4.5236489104797370e-02 2.7740512508748833e-02 0.0000000000000000e+00
2.4862993481752593e-02 1.5224443188608147e-02 0.0000000000000000e+00
4.3063594785432056e-02 3.1269705440988602e-02 0.0000000000000000e+00
4.0149675744539585e-02 2.5012575045850395e-02 0.0000000000000000e+00
4.6483463760456492e-02 2.8494926370922435e-02 0.0000000000000000e+00
2.3445420357331690e-02 1.6113746314384090e-02 0.0000000000000000e+00
2.3950657156631926e-02 1.5325827545192081e-02 0.0000000000000000e+00
3.5207747461609672e-02 2.1999986958213504e-02 0.0000000000000000e+00
4.4172471023718018e-02 3.2088774766109572e-02 0.0000000000000000e+00
2.5591525687682307e-02 1.5628493044379112e-02 0.0000000000000000e+00
3.4899253008318767e-02 2.2955327260018088e-02 0.0000000000000000e+00
2.4275024372871840e-02 1.4813023841727765e-02 0.0000000000000000e+00
3.6335457721807692e-02 2.6135766162623468e-02 0.0000000000000000e+00
4.4009139764333127e-02 2.7010717332784824e-02 0.0000000000000000e+00
4.1452920930653274e-02 2.5725225016444669e-02 0.0000000000000000e+00
3.8881404972293698e-02 2.4235036033319356e-02 0.0000000000000000e+00
4.5741031330137974e-02 2.9712288474917161e-02 0.0000000000000000e+00
4.0895228347547850e-02 2.9592168153708451e-02 0.0000000000000000e+00
3.8670606104684771e-02 2.7797365554990620e-02 0.0000000000000000e+00
2.3667152411029308e-02 1.5731042996854069e-02 0.0000000000000000e+00
4.3829075313358799e-02 3.0108317576390268e-02 0.0000000000000000e+00
3.5605383846392530e-02 2.3941217728470757e-02 0.0000000000000000e+00
3.6392155476128452e-02 2.2666119571884646e-02 0.0000000000000000e+00
4.2713165632360973e-02 2.9327554364343877e-02 0.0000000000000000e+00
4.0831204838647717e-02 2.7344100232772593e-02 0.0000000000000000e+00
3.8197725861482977e-02 2.5614038979892496e-02 0.0000000000000000e+00
3.6958601659842355e-02 2.4799947808995290e-02 0.0000000000000000e+00
4.4543433373429302e-02 2.8933922582015287e-02 0.0000000000000000e+00
4.2303946304130154e-02 2.7541255954791410e-02 0.0000000000000000e+00
3.9443970039211212e-02 2.6435324432070740e-02 0.0000000000000000e+00
4.3384561314938945e-02 2.8195938116035907e-02 0.0000000000000000e+00
4.1694985857684351e-02 2.8625163463309445e-02 0.0000000000000000e+00
5.1100579759528947e-02 3.4934263560021023e-02 0.0000000000000000e+00
4.6932650989137160e-02 3.3122212324520069e-02 0.0000000000000000e+00
4.8788155651336193e-02 3.1543314475102453e-02 0.0000000000000000e+00
2.2808551959946882e-02 1.6874726915408148e-02 0.0000000000000000e+00
2.5594523238910372e-02 1.8077055914669352e-02 0.0000000000000000e+00
3.2630404550247606e-02 2.2712578239025845e-02 0.0000000000000000e+00
3.1107785400937039e-02 2.1475269945479273e-02 0.0000000000000000e+00
2.9019807157395182e-02 2.0100003742029592e-02 0.0000000000000000e+00
2.7128866647940966e-02 1.9081636555772889e-02 0.0000000000000000e+00
2.4154101656793801e-02 1.6981607205954145e-02 0.0000000000000000e+00
1.9798989873223333e-02 1.9798989873223330e-02 0.0000000000000000e+00
3.9597979746446667e-02 3.9597979746446660e-02 0.0000000000000000e+00
4.6197643037521115e-02 4.6197643037521101e-02 0.0000000000000000e+00
2.1590960554782813e-02 1.7827799144084298e-02 0.0000000000000000e+00
2.2304978561044918e-02 1.8375684430192146e-02 0.0000000000000000e+00
2.1612105960840559e-02 1.9278653582924944e-02 0.0000000000000000e+00
2.6377054470542210e-02 2.4043602092626598e-02 0.0000000000000000e+00
2.8386188924607671e-02 2.6052736546692056e-02 0.0000000000000000e+00
4.0620964776688112e-02 3.8547856238850216e-02 0.0000000000000000e+00
4.1616110226734095e-02 3.7471313956096056e-02 0.0000000000000000e+00
4.2582734073601747e-02 3.6369090706490269e-02 0.0000000000000000e+00
4.3520173841590383e-02 3.5241941898790874e-02 0.0000000000000000e+00
4.7684452749591932e-02 4.4661363732160918e-02 0.0000000000000000e+00
4.9120200755293213e-02 4.3077259919871151e-02 0.0000000000000000e+00
5.0503349619698844e-02 4.1447027898691480e-02 0.0000000000000000e+00
4.1797867510138156e-02 4.1797867510138149e-02 0.0000000000000000e+00
4.3997755273829632e-02 4.3997755273829625e-02 0.0000000000000000e+00
2.1932501817450982e-02 1.8089872972437995e-02 0.0000000000000000e+00
2.1973847211038643e-02 1.8807223207263499e-02 0.0000000000000000e+00
2.2475579749444953e-02 2.0142127371529345e-02 0.0000000000000000e+00
2.3450948429719270e-02 2.1117496051803658e-02 0.0000000000000000e+00
2.4426317109993576e-02 2.2092864732077964e-02 0.0000000000000000e+00
2.5401685790267903e-02 2.3068233412352292e-02 0.0000000000000000e+00
2.7381621697574948e-02 2.5048169319659332e-02 0.0000000000000000e+00
2.9599035584383392e-02 2.6834737431701561e-02 0.0000000000000000e+00
3.1026510994506245e-02 2.7046483406348847e-02 0.0000000000000000e+00
3.2414135758821391e-02 2.6650226018097113e-02 0.0000000000000000e+00
2.0148218501629435e-02 2.0148218501629428e-02 0.0000000000000000e+00
2.0551185939620489e-02 2.0551185939620485e-02 0.0000000000000000e+00
2.1114642771050469e-02 2.1114642771050466e-02 0.0000000000000000e+00
2.1900208714000054e-02 2.1900208714000051e-02 0.0000000000000000e+00
2.2919933860079525e-02 2.2919933860079521e-02 0.0000000000000000e+00
2.3962311727977467e-02 2.3962311727977463e-02 0.0000000000000000e+00
2.5004689595875412e-02 2.5004689595875408e-02 0.0000000000000000e+00
2.6047067463773360e-02 2.6047067463773350e-02 0.0000000000000000e+00
2.7089445331671309e-02 2.7089445331671302e-02 0.0000000000000000e+00
2.8131823199569243e-02 2.8131823199569236e-02 0.0000000000000000e+00
2.9174201067467175e-02 2.9174201067467171e-02 0.0000000000000000e+00
3.0216578935365127e-02 3.0216578935365123e-02 0.0000000000000000e+00
3.1258956803263072e-02 3.1258956803263065e-02 0.0000000000000000e+00
3.2301334671161010e-02 3.2301334671161010e-02 0.0000000000000000e+00
3.3343712539058962e-02 3.3343712539058955e-02 0.0000000000000000e+00
3.4386090406956900e-02 3.4386090406956893e-02 0.0000000000000000e+00
3.5428468274854852e-02 3.5428468274854845e-02 0.0000000000000000e+00
3.6470846142752804e-02 3.6470846142752797e-02 0.0000000000000000e+00
3.7513224010650763e-02 3.7513224010650756e-02 0.0000000000000000e+00
3.8555601878548722e-02 3.8555601878548708e-02 0.0000000000000000e+00
2.0110556460914142e-02 1.9482441295494372e-02 0.0000000000000000e+00
2.0417062659535048e-02 1.9160990380369690e-02 0.0000000000000000e+00
2.0718431343392348e-02 1.8834718014059511e-02 0.0000000000000000e+00
2.1014586679537477e-02 1.8503706295988551e-02 0.0000000000000000e+00
2.1305454146848715e-02 1.8168038518137475e-02 0.0000000000000000e+00
2.2613517800259910e-02 1.7973588265130059e-02 0.0000000000000000e+00
2.2009359920417616e-02 1.7308612766293970e-02 0.0000000000000000e+00
2.1801705782088857e-02 1.7569451470983193e-02 0.0000000000000000e+00
4.0274567384139232e-02 3.2660503167927381e-02 0.0000000000000000e+00
3.8016183955051477e-02 3.1028728757617353e-02 0.0000000000000000e+00
3.5746939728709841e-02 2.9252157842352550e-02 0.0000000000000000e+00
3.6519545661931267e-02 3.4468931657191108e-02 0.0000000000000000e+00
3.2384366579357823e-02 3.0261259190981819e-02 0.0000000000000000e+00
3.3709080929971401e-02 2.7439985322649619e-02 0.0000000000000000e+00
4.1501241476968313e-02 3.5444662700747115e-02 0.0000000000000000e+00
3.8503342380589695e-02 3.6515320158798915e-02 0.0000000000000000e+00
2.1140699098084713e-02 2.0075431674588456e-02 0.0000000000000000e+00
4.1349894546950115e-02 3.3503043073222293e-02 0.0000000000000000e+00
3.4551792956157956e-02 3.2307877929860417e-02 0.0000000000000000e+00
3.9554791003418403e-02 3.7524548508008113e-02 0.0000000000000000e+00
2.1632805032245673e-02 1.8475992597237000e-02 0.0000000000000000e+00
2.1002498850010758e-02 1.9167942253533354e-02 0.0000000000000000e+00
3.0362791159185623e-02 2.8314056941839430e-02 0.0000000000000000e+00
4.2428053050735666e-02 3.4362144529340402e-02 0.0000000000000000e+00
2.1719539298747419e-02 2.0674563949734857e-02 0.0000000000000000e+00
3.1205734789773291e-02 2.7768813917477809e-02 0.0000000000000000e+00
2.0591120922187671e-02 1.9613980289756645e-02 0.0000000000000000e+00
3.4649519997251230e-02 2.8332922982295613e-02 0.0000000000000000e+00
3.7480752987918725e-02 3.5518676623529088e-02 0.0000000000000000e+00
3.5577464642463509e-02 3.3382268728232974e-02 0.0000000000000000e+00
3.3472495312802802e-02 3.1284064340973770e-02 0.0000000000000000e+00
4.0538516846944324e-02 3.6492337351988986e-02 0.0000000000000000e+00
3.9168303425717768e-02 3.1842740528829232e-02 0.0000000000000000e+00
3.6858882637913828e-02 3.0158449545458349e-02 0.0000000000000000e+00
2.1320530492443555e-02 1.8789220221620329e-02 0.0000000000000000e+00
4.0426200953478444e-02 3.4543029782777124e-02 0.0000000000000000e+00
3.2340791964371639e-02 2.8195716701091798e-02 0.0000000000000000e+00
3.1312773205793544e-02 2.9285699424944873e-02 0.0000000000000000e+00
3.9383222924689910e-02 3.3667220191088358e-02 0.0000000000000000e+00
3.6980266058196203e-02 3.2362741360715173e-02 0.0000000000000000e+00
3.4627560698809956e-02 3.0266768805121729e-02 0.0000000000000000e+00
3.3520500069254389e-02 2.9280569036255234e-02 0.0000000000000000e+00
3.9476711969115785e-02 3.5537002473234297e-02 0.0000000000000000e+00
3.7551877401673900e-02 3.3734272721962062e-02 0.0000000000000000e+00
3.5743413255868620e-02 3.1257983925762456e-02 0.0000000000000000e+00
3.8463935554451684e-02 3.4608622457358955e-02 0.0000000000000000e+00
3.8441241096205801e-02 3.2865526193217448e-02 0.0000000000000000e+00
4.6969710652559879e-02 4.0317716992109003e-02 0.0000000000000000e+00
4.4140664221222370e-02 3.6760800321103529e-02 0.0000000000000000e+00
4.3095805956251260e-02 3.8961729028822042e-02 0.0000000000000000e+00
2.2203022177612677e-02 1.7663868691757092e-02 0.0000000000000000e+00
2.4085445235799745e-02 2.0043724657919659e-02 0.0000000000000000e+00
3.0384036049690196e-02 2.5640102665703528e-02 0.0000000000000000e+00
2.8794805179592528e-02 2.4489604456815313e-02 0.0000000000000000e+00
2.6925991500469624e-02 2.2828717432187159e-02 0.0000000000000000e+00
2.5452912917616331e-02 2.1265781980839824e-02 0.0000000000000000e+00
2.2654514498248242e-02 1.8935907239757563e-02 0.0000000000000000e+00
3.4090640024488354e-02 4.4427787056309169e-02 0.0000000000000000e+00
3.9772413361903083e-02 5.1832418232360705e-02 0.0000000000000000e+00
1.7827799144084298e-02 2.1590960554782809e-02 0.0000000000000000e+00
1.8375684430192146e-02 2.2304978561044918e-02 0.0000000000000000e+00
1.9278653582924948e-02 2.1612105960840556e-02 0.0000000000000000e+00
2.4043602092626602e-02 2.6377054470542210e-02 0.0000000000000000e+00
2.6052736546692063e-02 2.8386188924607671e-02 0.0000000000000000e+00
2.5716607002817343e-02 3.3514534749457398e-02 0.0000000000000000e+00
1.7582331089900916e-02 2.2913739990053642e-02 0.0000000000000000e+00
1.7045320012244177e-02 2.2213893528154584e-02 0.0000000000000000e+00
2.1649469046359133e-02 2.8214137369755522e-02 0.0000000000000000e+00
3.8547856238850223e-02 4.0620964776688112e-02 0.0000000000000000e+00
3.7471313956096056e-02 4.1616110226734088e-02 0.0000000000000000e+00
3.6369090706490276e-02 4.2582734073601747e-02 0.0000000000000000e+00
3.5241941898790881e-02 4.3520173841590383e-02 0.0000000000000000e+00
4.4661363732160932e-02 4.7684452749591939e-02 0.0000000000000000e+00
4.3077259919871165e-02 4.9120200755293213e-02 0.0000000000000000e+00
4.1447027898691487e-02 5.0503349619698844e-02 0.0000000000000000e+00
3.7878488916098164e-02 4.9364207840343517e-02 0.0000000000000000e+00
3.5984564470293259e-02 4.6895997448326343e-02 0.0000000000000000e+00
1.8089872972437998e-02 2.1932501817450982e-02 0.0000000000000000e+00
1.8807223207263503e-02 2.1973847211038643e-02 0.0000000000000000e+00
2.0142127371529345e-02 2.2475579749444953e-02 0.0000000000000000e+00
2.1117496051803662e-02 2.3450948429719270e-02 0.0000000000000000e+00
2.2092864732077968e-02 2.4426317109993576e-02 0.0000000000000000e+00
2.3068233412352292e-02 2.5401685790267900e-02 0.0000000000000000e+00
2.5048169319659336e-02 2.7381621697574944e-02 0.0000000000000000e+00
2.6834737431701564e-02 2.9599035584383381e-02 0.0000000000000000e+00
2.7046483406348850e-02 3.1026510994506245e-02 0.0000000000000000e+00
2.6650226018097117e-02 3.2414135758821384e-02 0.0000000000000000e+00
2.6554010304984443e-02 3.4605859980142574e-02 0.0000000000000000e+00
2.7391413607151551e-02 3.5697185210827757e-02 0.0000000000000000e+00
2.8228816909318645e-02 3.6788510441512927e-02 0.0000000000000000e+00
2.9066220211485756e-02 3.7879835672198110e-02 0.0000000000000000e+00
2.9903623513652843e-02 3.8971160902883273e-02 0.0000000000000000e+00
3.0741026815819961e-02 4.0062486133568470e-02 0.0000000000000000e+00
3.1578430117987062e-02 4.1153811364253647e-02 0.0000000000000000e+00
3.2415833420154160e-02 4.2245136594938816e-02 0.0000000000000000e+00
3.3253236722321257e-02 4.3336461825623999e-02 0.0000000000000000e+00
1.9482441295494372e-02 2.0110556460914138e-02 0.0000000000000000e+00
1.9160990380369693e-02 2.0417062659535048e-02 0.0000000000000000e+00
1.8834718014059511e-02 2.0718431343392345e-02 0.0000000000000000e+00
1.8503706295988555e-02 2.1014586679537477e-02 0.0000000000000000e+00
1.8168038518137482e-02 2.1305454146848715e-02 0.0000000000000000e+00
1.7973588265130062e-02 2.2613517800259907e-02 0.0000000000000000e+00
1.7302947152998120e-02 2.2549639754717653e-02 0.0000000000000000e+00
1.7308612766293974e-02 2.2009359920417616e-02 0.0000000000000000e+00
1.7569451470983193e-02 2.1801705782088853e-02 0.0000000000000000e+00
2.4630415035844445e-02 3.2098981818322013e-02 0.0000000000000000e+00
2.3170744359262793e-02 3.0196701956608521e-02 0.0000000000000000e+00
2.0212289129461956e-02 2.6341168036717308e-02 0.0000000000000000e+00
1.9041568485314485e-02 2.4815455188755324e-02 0.0000000000000000e+00
1.8194836136997430e-02 2.3711972108423119e-02 0.0000000000000000e+00
3.2660503167927388e-02 4.0274567384139232e-02 0.0000000000000000e+00
3.1028728757617353e-02 3.8016183955051470e-02 0.0000000000000000e+00
2.9252157842352550e-02 3.5746939728709834e-02 0.0000000000000000e+00
3.4468931657191115e-02 3.6519545661931260e-02 0.0000000000000000e+00
3.0261259190981819e-02 3.2384366579357816e-02 0.0000000000000000e+00
2.7439985322649622e-02 3.3709080929971401e-02 0.0000000000000000e+00
3.5444662700747122e-02 4.1501241476968313e-02 0.0000000000000000e+00
3.6515320158798922e-02 3.8503342380589695e-02 0.0000000000000000e+00
2.0075431674588456e-02 2.1140699098084709e-02 0.0000000000000000e+00
3.3503043073222299e-02 4.1349894546950108e-02 0.0000000000000000e+00
3.2307877929860424e-02 3.4551792956157956e-02 0.0000000000000000e+00
3.7524548508008113e-02 3.9554791003418396e-02 0.0000000000000000e+00
1.8475992597237003e-02 2.1632805032245673e-02 0.0000000000000000e+00
1.9167942253533354e-02 2.1002498850010758e-02 0.0000000000000000e+00
2.8314056941839430e-02 3.0362791159185623e-02 0.0000000000000000e+00
3.4362144529340409e-02 4.2428053050735666e-02 0.0000000000000000e+00
2.0674563949734860e-02 2.1719539298747419e-02 0.0000000000000000e+00
2.7768813917477812e-02 3.1205734789773287e-02 0.0000000000000000e+00
1.9613980289756652e-02 2.0591120922187671e-02 0.0000000000000000e+00
2.8332922982295616e-02 3.4649519997251230e-02 0.0000000000000000e+00
3.5518676623529095e-02 3.7480752987918718e-02 0.0000000000000000e+00
3.3382268728232987e-02 3.5577464642463509e-02 0.0000000000000000e+00
3.1284064340973777e-02 3.3472495312802802e-02 0.0000000000000000e+00
3.6492337351988993e-02 4.0538516846944317e-02 0.0000000000000000e+00
3.1842740528829239e-02 3.9168303425717768e-02 0.0000000000000000e+00
3.0158449545458359e-02 3.6858882637913835e-02 0.0000000000000000e+00
1.8789220221620329e-02 2.1320530492443555e-02 0.0000000000000000e+00
3.4543029782777131e-02 4.0426200953478438e-02 0.0000000000000000e+00
2.8195716701091809e-02 3.2340791964371646e-02 0.0000000000000000e+00
2.9285699424944876e-02 3.1312773205793544e-02 0.0000000000000000e+00
3.3667220191088358e-02 3.9383222924689910e-02 0.0000000000000000e+00
3.2362741360715173e-02 3.6980266058196203e-02 0.0000000000000000e+00
3.0266768805121736e-02 3.4627560698809956e-02 0.0000000000000000e+00
2.9280569036255241e-02 3.3520500069254389e-02 0.0000000000000000e+00
3.5537002473234297e-02 3.9476711969115785e-02 0.0000000000000000e+00
3.3734272721962069e-02 3.7551877401673900e-02 0.0000000000000000e+00
3.1257983925762456e-02 3.5743413255868620e-02 0.0000000000000000e+00
3.4608622457358962e-02 3.8463935554451684e-02 0.0000000000000000e+00
3.2865526193217455e-02 3.8441241096205801e-02 0.0000000000000000e+00
4.0317716992109009e-02 4.6969710652559879e-02 0.0000000000000000e+00
3.6760800321103536e-02 4.4140664221222363e-02 0.0000000000000000e+00
3.8961729028822049e-02 4.3095805956251253e-02 0.0000000000000000e+00
1.7663868691757095e-02 2.2203022177612677e-02 0.0000000000000000e+00
2.0043724657919666e-02 2.4085445235799748e-02 0.0000000000000000e+00
2.5640102665703532e-02 3.0384036049690193e-02 0.0000000000000000e+00
2.4489604456815313e-02 2.8794805179592528e-02 0.0000000000000000e+00
2.2828717432187163e-02 2.6925991500469624e-02 0.0000000000000000e+00
2.1265781980839827e-02 2.5452912917616328e-02 0.0000000000000000e+00
1.8935907239757570e-02 2.2654514498248242e-02 0.0000000000000000e+00
1.4000000000000002e-02 2.4248711305964284e-02 0.0000000000000000e+00
2.8000000000000004e-02 4.8497422611928569e-02 0.0000000000000000e+00
3.2666666666666670e-02 5.6580326380583336e-02 0.0000000000000000e+00
1.6241092463501833e-02 2.2808483412800250e-02 0.0000000000000000e+00
1.6788977749609676e-02 2.3522501419062362e-02 0.0000000000000000e+00
1.5886008596876885e-02 2.4215374019266735e-02 0.0000000000000000e+00
1.9255336000091657e-02 3.0051220268968833e-02 0.0000000000000000e+00
2.0676008596876877e-02 3.2511897387521645e-02 0.0000000000000000e+00
2.9259919624093141e-02 4.7747849203829164e-02 0.0000000000000000e+00
3.0499785960841529e-02 4.6965551804943745e-02 0.0000000000000000e+00
3.1718749267790655e-02 4.6151066562832868e-02 0.0000000000000000e+00
3.2915974128378517e-02 4.5304951684997041e-02 0.0000000000000000e+00
3.4500432909157386e-02 5.5481209193069828e-02 0.0000000000000000e+00
3.6297255223947375e-02 5.4322681337099624e-02 0.0000000000000000e+00
3.8055209528696433e-02 5.3105983393318852e-02 0.0000000000000000e+00
2.9555555555555568e-02 5.1191723868146834e-02 0.0000000000000000e+00
3.1111111111111117e-02 5.3886025124365078e-02 0.0000000000000000e+00
1.6503166291855529e-02 2.3150024675468419e-02 0.0000000000000000e+00
1.6357438972538333e-02 2.3853632769068652e-02 0.0000000000000000e+00
1.6496576768175897e-02 2.5272909113441037e-02 0.0000000000000000e+00
1.7186266576154834e-02 2.6467486902322989e-02 0.0000000000000000e+00
1.7875956384133772e-02 2.7662064691204927e-02 0.0000000000000000e+00
1.8565646192112723e-02 2.8856642480086892e-02 0.0000000000000000e+00
1.9965672298484276e-02 3.1281558828245244e-02 0.0000000000000000e+00
2.1645131786555187e-02 3.3581160052872164e-02 0.0000000000000000e+00
2.2969163260622927e-02 3.4155148780952056e-02 0.0000000000000000e+00
2.4412064816515332e-02 3.4131537252242508e-02 0.0000000000000000e+00
1.4246941931330432e-02 2.4676427277547774e-02 0.0000000000000000e+00
1.4531882939331277e-02 2.5169959580565129e-02 0.0000000000000000e+00
1.4930307085741300e-02 2.5860050445109549e-02 0.0000000000000000e+00
1.5485786091070158e-02 2.6822168304876954e-02 0.0000000000000000e+00
1.6206840656809395e-02 2.8071071447766823e-02 0.0000000000000000e+00
1.6943913115758803e-02 2.9347718395526926e-02 0.0000000000000000e+00
1.7680985574708218e-02 3.0624365343287035e-02 0.0000000000000000e+00
1.8418058033657630e-02 3.1901012291047144e-02 0.0000000000000000e+00
1.9155130492607045e-02 3.3177659238807257e-02 0.0000000000000000e+00
1.9892202951556449e-02 3.4454306186567356e-02 0.0000000000000000e+00
2.0629275410505854e-02 3.5730953134327448e-02 0.0000000000000000e+00
2.1366347869455272e-02 3.7007600082087561e-02 0.0000000000000000e+00
2.2103420328404684e-02 3.8284247029847666e-02 0.0000000000000000e+00
2.2840492787354092e-02 3.9560893977607772e-02 0.0000000000000000e+00
2.3577565246303507e-02 4.0837540925367878e-02 0.0000000000000000e+00
2.4314637705252915e-02 4.2114187873127984e-02 0.0000000000000000e+00
2.5051710164202327e-02 4.3390834820888090e-02 0.0000000000000000e+00
2.5788782623151745e-02 4.4667481768648210e-02 0.0000000000000000e+00
2.6525855082101174e-02 4.5944128716408336e-02 0.0000000000000000e+00
2.7262927541050593e-02 4.7220775664168456e-02 0.0000000000000000e+00
1.4382879014275683e-02 2.4023588226172798e-02 0.0000000000000000e+00
1.4762138886341203e-02 2.3792420127014678e-02 0.0000000000000000e+00
1.5137684183605450e-02 2.3555265176970975e-02 0.0000000000000000e+00
1.5509420408170225e-02 2.3312183050985019e-02 0.0000000000000000e+00
1.5877254020608543e-02 2.3063234915446491e-02 0.0000000000000000e+00
1.7191073914671770e-02 2.3213962179847385e-02 0.0000000000000000e+00
1.6779610539001379e-02 2.2415277606120200e-02 0.0000000000000000e+00
1.6511522019380387e-02 2.2613483601681472e-02 0.0000000000000000e+00
3.0449084536468628e-02 4.1971448581777031e-02 0.0000000000000000e+00
2.8689987951348670e-02 3.9810762893589119e-02 0.0000000000000000e+00
2.6957876734813674e-02 3.7507403540534681e-02 0.0000000000000000e+00
2.6353956341984060e-02 4.2746385228072704e-02 0.0000000000000000e+00
2.3448705839604497e-02 3.7611822622916159e-02 0.0000000000000000e+00
2.5458481051892339e-02 3.5229542633719031e-02 0.0000000000000000e+00
3.0913367211474467e-02 4.4978226796394551e-02 0.0000000000000000e+00
2.7740512508748837e-02 4.5236489104797363e-02 0.0000000000000000e+00
1.5224443188608152e-02 2.4862993481752596e-02 0.0000000000000000e+00
3.1269705440988609e-02 4.3063594785432056e-02 0.0000000000000000e+00
2.5012575045850406e-02 4.0149675744539592e-02 0.0000000000000000e+00
2.8494926370922446e-02 4.6483463760456492e-02 0.0000000000000000e+00
1.6113746314384093e-02 2.3445420357331687e-02 0.0000000000000000e+00
1.5325827545192083e-02 2.3950657156631926e-02 0.0000000000000000e+00
2.1999986958213511e-02 3.5207747461609665e-02 0.0000000000000000e+00
3.2088774766109579e-02 4.4172471023718018e-02 0.0000000000000000e+00
1.5628493044379115e-02 2.5591525687682307e-02 0.0000000000000000e+00
2.2955327260018091e-02 3.4899253008318774e-02 0.0000000000000000e+00
1.4813023841727769e-02 2.4275024372871840e-02 0.0000000000000000e+00
2.6135766162623471e-02 3.6335457721807685e-02 0.0000000000000000e+00
2.7010717332784831e-02 4.4009139764333127e-02 0.0000000000000000e+00
2.5725225016444669e-02 4.1452920930653267e-02 0.0000000000000000e+00
2.4235036033319363e-02 3.8881404972293698e-02 0.0000000000000000e+00
2.9712288474917165e-02 4.5741031330137974e-02 0.0000000000000000e+00
2.9592168153708458e-02 4.0895228347547850e-02 0.0000000000000000e+00
2.7797365554990624e-02 3.8670606104684771e-02 0.0000000000000000e+00
1.5731042996854072e-02 2.3667152411029305e-02 0.0000000000000000e+00
3.0108317576390275e-02 4.3829075313358799e-02 0.0000000000000000e+00
2.3941217728470760e-02 3.5605383846392530e-02 0.0000000000000000e+00
2.2666119571884653e-02 3.6392155476128459e-02 0.0000000000000000e+00
2.9327554364343884e-02 4.2713165632360973e-02 0.0000000000000000e+00
2.7344100232772599e-02 4.0831204838647717e-02 0.0000000000000000e+00
2.5614038979892503e-02 3.8197725861482977e-02 0.0000000000000000e+00
2.4799947808995297e-02 3.6958601659842355e-02 0.0000000000000000e+00
2.8933922582015301e-02 4.4543433373429309e-02 0.0000000000000000e+00
2.7541255954791417e-02 4.2303946304130161e-02 0.0000000000000000e+00
2.6435324432070747e-02 3.9443970039211212e-02 0.0000000000000000e+00
2.8195938116035914e-02 4.3384561314938945e-02 0.0000000000000000e+00
2.8625163463309452e-02 4.1694985857684344e-02 0.0000000000000000e+00
3.4934263560021023e-02 5.1100579759528947e-02 0.0000000000000000e+00
3.3122212324520076e-02 4.6932650989137153e-02 0.0000000000000000e+00
3.1543314475102460e-02 4.8788155651336193e-02 0.0000000000000000e+00
1.6874726915408148e-02 2.2808551959946879e-02 0.0000000000000000e+00
1.8077055914669356e-02 2.5594523238910372e-02 0.0000000000000000e+00
2.2712578239025855e-02 3.2630404550247613e-02 0.0000000000000000e+00
2.1475269945479280e-02 3.1107785400937043e-02 0.0000000000000000e+00
2.0100003742029599e-02 2.9019807157395185e-02 0.0000000000000000e+00
1.9081636555772895e-02 2.7128866647940963e-02 0.0000000000000000e+00
1.6981607205954145e-02 2.4154101656793797e-02 0.0000000000000000e+00
2.1430272212445034e-02 5.1737253820632059e-02 0.0000000000000000e+00
2.5001984247852542e-02 6.0360129457404064e-02 0.0000000000000000e+00
1.1632179825530095e-02 2.5469440365004700e-02 0.0000000000000000e+00
1.1976594914658675e-02 2.6300931944264853e-02 0.0000000000000000e+00
1.3028124764388241e-02 2.5865374019266731e-02 0.0000000000000000e+00
1.6397452167603015e-02 3.1701220268968829e-02 0.0000000000000000e+00
1.7818124764388234e-02 3.4161897387521643e-02 0.0000000000000000e+00
1.6166134987637769e-02 3.9028502338309304e-02 0.0000000000000000e+00
1.1052715382147391e-02 2.6683615376629947e-02 0.0000000000000000e+00
1.0715136106222517e-02 2.5868626910316026e-02 0.0000000000000000e+00
1.3609425184892585e-02 3.2856058857469631e-02 0.0000000000000000e+00
2.6720890574538077e-02 4.9213758309070058e-02 0.0000000000000000e+00
2.5423467985414623e-02 4.9896365354548611e-02 0.0000000000000000e+00
2.4108621421264520e-02 5.0544775923592203e-02 0.0000000000000000e+00
2.2777252012244793e-02 5.1158545627985656e-02 0.0000000000000000e+00
3.0797920139298520e-02 5.7618855937425863e-02 0.0000000000000000e+00
2.8896194427641412e-02 5.8595685780135652e-02 0.0000000000000000e+00
2.6963525947220440e-02 5.9509769894850170e-02 0.0000000000000000e+00
2.3811413569383367e-02 5.7485837578480053e-02 0.0000000000000000e+00
2.2620842890914199e-02 5.4611545699556056e-02 0.0000000000000000e+00
1.1796926321264495e-02 2.5867173589360127e-02 0.0000000000000000e+00
1.2479132464289232e-02 2.6092774075606142e-02 0.0000000000000000e+00
1.3638692935687251e-02 2.6922909113441036e-02 0.0000000000000000e+00
1.4328382743666192e-02 2.8117486902322984e-02 0.0000000000000000e+00
1.5018072551645129e-02 2.9312064691204925e-02 0.0000000000000000e+00
1.5707762359624077e-02 3.0506642480086887e-02 0.0000000000000000e+00
1.7107788465995626e-02 3.2931558828245236e-02 0.0000000000000000e+00
1.8259571801060887e-02 3.5535814021854920e-02 0.0000000000000000e+00
1.8094644884030123e-02 3.6969453277847689e-02 0.0000000000000000e+00
1.7352745922399264e-02 3.8207236916055827e-02 0.0000000000000000e+00
1.6692548710118497e-02 4.0299377486541582e-02 0.0000000000000000e+00
1.7218962432599228e-02 4.1570252634773860e-02 0.0000000000000000e+00
1.7745376155079949e-02 4.2841127783006125e-02 0.0000000000000000e+00
1.8271789877560680e-02 4.4112002931238403e-02 0.0000000000000000e+00
1.8798203600041401e-02 4.5382878079470675e-02 0.0000000000000000e+00
1.9324617322522136e-02 4.6653753227702960e-02 0.0000000000000000e+00
1.9851031045002861e-02 4.7924628375935238e-02 0.0000000000000000e+00
2.0377444767483585e-02 4.9195503524167510e-02 0.0000000000000000e+00
2.0903858489964310e-02 5.0466378672399781e-02 0.0000000000000000e+00
1.3613598186784544e-02 2.4467732719007217e-02 0.0000000000000000e+00
1.3223770804336293e-02 2.4680597353272941e-02 0.0000000000000000e+00
1.2830615944333093e-02 2.4887251645953706e-02 0.0000000000000000e+00
1.2434232535740941e-02 2.5087643596940740e-02 0.0000000000000000e+00
1.2034720319920643e-02 2.5281722781908860e-02 0.0000000000000000e+00
1.1508344012903135e-02 2.6494887818365440e-02 0.0000000000000000e+00
1.0877087297273930e-02 2.6259611672194819e-02 0.0000000000000000e+00
1.1022394570279846e-02 2.5739207795444391e-02 0.0000000000000000e+00
1.1328090257428789e-02 2.5606139324770284e-02 0.0000000000000000e+00
1.5483326172359459e-02 3.7380056035956497e-02 0.0000000000000000e+00
1.4565738825298848e-02 3.5164804218020825e-02 0.0000000000000000e+00
1.2705976120420881e-02 3.0674939873108761e-02 0.0000000000000000e+00
1.1970030357279232e-02 2.8898209630561177e-02 0.0000000000000000e+00
1.1437752151223767e-02 2.7613176366546449e-02 0.0000000000000000e+00
2.1123798437216956e-02 4.7355405021450268e-02 0.0000000000000000e+00
2.0132138034212734e-02 4.4751639846931958e-02 0.0000000000000000e+00
1.9003425928690598e-02 4.2099907854705472e-02 0.0000000000000000e+00
2.3842477356474805e-02 4.4196388296420565e-02 0.0000000000000000e+00
2.0848440954277406e-02 3.9113086254424084e-02 0.0000000000000000e+00
1.7780438358561457e-02 3.9662462649563059e-02 0.0000000000000000e+00
2.3495603417118420e-02 4.9260874719851064e-02 0.0000000000000000e+00
2.5305692488398084e-02 4.6642233098975160e-02 0.0000000000000000e+00
1.3919762375020584e-02 2.5616251300683915e-02 0.0000000000000000e+00
2.1659314341968942e-02 4.8612156673468639e-02 0.0000000000000000e+00
2.2264351625553982e-02 4.1736363276040953e-02 0.0000000000000000e+00
2.6008397286987440e-02 4.7919061996414193e-02 0.0000000000000000e+00
1.2247456474662030e-02 2.5677623837060334e-02 0.0000000000000000e+00
1.3078963762378781e-02 2.5247884566471607e-02 0.0000000000000000e+00
1.9490810232674304e-02 3.6656421319544066e-02 0.0000000000000000e+00
2.2210094671417029e-02 4.9875929635626960e-02 0.0000000000000000e+00
1.4348664844945347e-02 2.6330434843141865e-02 0.0000000000000000e+00
1.8745976048295504e-02 3.7329523063520484e-02 0.0000000000000000e+00
1.3616275863529545e-02 2.4965967140236727e-02 0.0000000000000000e+00
1.8399546363909169e-02 4.0801966305105505e-02 0.0000000000000000e+00
2.4607674368219985e-02 4.5396537266798875e-02 0.0000000000000000e+00
2.3036670078791077e-02 4.3005158847638669e-02 0.0000000000000000e+00
2.1554766424177252e-02 4.0428859352632664e-02 0.0000000000000000e+00
2.4756750889740824e-02 4.8602112288918850e-02 0.0000000000000000e+00
2.0620222565687730e-02 4.6075183547946298e-02 0.0000000000000000e+00
1.9591044488903305e-02 4.3408527781246792e-02 0.0000000000000000e+00
1.2630833724762473e-02 2.5457059068815562e-02 0.0000000000000000e+00
2.2902933857554993e-02 4.7989105543042893e-02 0.0000000000000000e+00
1.8864558058236641e-02 3.8536394673586313e-02 0.0000000000000000e+00
2.0183471354857891e-02 3.7825513092531994e-02 0.0000000000000000e+00
2.2326909331505086e-02 4.6754989926571469e-02 0.0000000000000000e+00
2.1688810541008720e-02 4.4096287864532908e-02 0.0000000000000000e+00
2.0273181472891841e-02 4.1281271380853239e-02 0.0000000000000000e+00
1.9607114021275553e-02 3.9956685645039326e-02 0.0000000000000000e+00
2.4108783582161709e-02 4.7329228673872126e-02 0.0000000000000000e+00
2.2865664202313826e-02 4.5003400461043883e-02 0.0000000000000000e+00
2.0941817864033825e-02 4.2615647535062307e-02 0.0000000000000000e+00
2.3474163172762786e-02 4.6110679349490508e-02 0.0000000000000000e+00
2.1796335231532828e-02 4.5637611675550291e-02 0.0000000000000000e+00
2.6787268439854461e-02 5.5804249585243680e-02 0.0000000000000000e+00
2.4083761861281611e-02 5.2151002797144977e-02 0.0000000000000000e+00
2.6480124960295247e-02 5.1711389480668224e-02 0.0000000000000000e+00
1.1315421963147275e-02 2.6018218170641916e-02 0.0000000000000000e+00
1.3126979365312878e-02 2.8452451267190589e-02 0.0000000000000000e+00
1.6902470156764847e-02 3.5984872015561817e-02 0.0000000000000000e+00
1.6202497439946530e-02 3.4152022026382033e-02 0.0000000000000000e+00
1.5081888340214908e-02 3.1917017435457495e-02 0.0000000000000000e+00
1.3953469415110819e-02 3.0089615327051605e-02 0.0000000000000000e+00
1.2427262037398159e-02 2.6783554065842069e-02 0.0000000000000000e+00
7.2469332628705861e-03 2.7045923136093913e-02 0.0000000000000000e+00
1.4493866525741172e-02 5.4091846272187827e-02 0.0000000000000000e+00
1.6909510946698035e-02 6.3107153984219136e-02 0.0000000000000000e+00
9.7844207605075235e-03 2.6234807229734879e-02 0.0000000000000000e+00
1.0128835849636104e-02 2.7066298808995033e-02 0.0000000000000000e+00
9.0773059999065455e-03 2.7501856733993170e-02 0.0000000000000000e+00
1.0821398202182151e-02 3.4010897445970426e-02 0.0000000000000000e+00
1.1556792451988689e-02 3.6755426149842424e-02 0.0000000000000000e+00
1.5904859303419675e-02 5.3693905152618807e-02 0.0000000000000000e+00
1.7304951684997075e-02 5.3259164912528606e-02 0.0000000000000000e+00
1.8693184117091199e-02 5.2787923501161980e-02 0.0000000000000000e+00
2.0068605174536847e-02 5.2280503883843282e-02 0.0000000000000000e+00
1.8965265580624887e-02 6.2520101934504302e-02 0.0000000000000000e+00
2.1000711733139922e-02 6.1866101793680239e-02 0.0000000000000000e+00
2.3013669797520623e-02 6.1145853881478598e-02 0.0000000000000000e+00
1.5299081332726797e-02 5.7096948842864932e-02 0.0000000000000000e+00
1.6104296139712412e-02 6.0102051413542031e-02 0.0000000000000000e+00
9.9491672562419236e-03 2.6632540454090307e-02 0.0000000000000000e+00
9.6262983000055553e-03 2.7274456677653762e-02 0.0000000000000000e+00
9.3933593420377492e-03 2.8681383864728769e-02 0.0000000000000000e+00
9.7503690570738492e-03 3.0013762260039187e-02 0.0000000000000000e+00
1.0107378772109947e-02 3.1346140655349589e-02 0.0000000000000000e+00
1.0464388487146052e-02 3.2678519050660021e-02 0.0000000000000000e+00
1.1189095327085423e-02 3.5383161797906432e-02 0.0000000000000000e+00
1.2216148027744811e-02 3.8039082111930425e-02 0.0000000000000000e+00
1.3346505008865174e-02 3.8936197210185507e-02 0.0000000000000000e+00
1.4746351999808345e-02 3.9286840627679800e-02 0.0000000000000000e+00
7.3747598125960137e-03 2.7522978314225441e-02 0.0000000000000000e+00
7.5222561317986707e-03 2.8073442071419152e-02 0.0000000000000000e+00
7.7284956460379299e-03 2.8843138417088392e-02 0.0000000000000000e+00
8.0160327375053547e-03 2.9916241451505402e-02 0.0000000000000000e+00
8.3892780458482401e-03 3.1309211905927760e-02 0.0000000000000000e+00
8.7708148258415445e-03 3.2733126553819006e-02 0.0000000000000000e+00
9.1523516058348523e-03 3.4157041201710259e-02 0.0000000000000000e+00
9.5338883858281619e-03 3.5580955849601512e-02 0.0000000000000000e+00
9.9154251658214714e-03 3.7004870497492771e-02 0.0000000000000000e+00
1.0296961945814774e-02 3.8428785145384010e-02 0.0000000000000000e+00
1.0678498725808078e-02 3.9852699793275249e-02 0.0000000000000000e+00
1.1060035505801388e-02 4.1276614441166509e-02 0.0000000000000000e+00
1.1441572285794697e-02 4.2700529089057762e-02 0.0000000000000000e+00
1.1823109065788002e-02 4.4124443736949008e-02 0.0000000000000000e+00
1.2204645845781310e-02 4.5548358384840261e-02 0.0000000000000000e+00
1.2586182625774619e-02 4.6972273032731507e-02 0.0000000000000000e+00
1.2967719405767929e-02 4.8396187680622767e-02 0.0000000000000000e+00
1.3349256185761240e-02 4.9820102328514033e-02 0.0000000000000000e+00
1.3730792965754551e-02 5.1244016976405293e-02 0.0000000000000000e+00
1.4112329745747863e-02 5.2667931624296567e-02 0.0000000000000000e+00
7.6750321316457377e-03 2.6927567320094204e-02 0.0000000000000000e+00
8.1011997436311808e-03 2.6802435760836928e-02 0.0000000000000000e+00
8.5253288629117720e-03 2.6670559944988102e-02 0.0000000000000000e+00
8.9473127665152547e-03 2.6531973056260882e-02 0.0000000000000000e+00
9.3670452712667652e-03 2.6386709967065599e-02 0.0000000000000000e+00
1.0597086751391651e-02 2.6872342934894461e-02 0.0000000000000000e+00
1.0406358428969722e-02 2.5994378320087032e-02 0.0000000000000000e+00
1.0096105317631438e-02 2.6116444195473747e-02 0.0000000000000000e+00
1.8548546897129078e-02 4.8422109135876863e-02 0.0000000000000000e+00
1.7408616681208279e-02 4.5879759328759130e-02 0.0000000000000000e+00
1.6331678991437656e-02 4.3206581671344418e-02 0.0000000000000000e+00
1.4392388449302716e-02 4.8110743287402780e-02 0.0000000000000000e+00
1.2915054547700727e-02 4.2399202499574497e-02 0.0000000000000000e+00
1.5472927762255997e-02 4.0618264833872410e-02 0.0000000000000000e+00
1.8218798057273420e-02 5.1446599065901905e-02 0.0000000000000000e+00
1.5087212552801222e-02 5.0874866075136728e-02 0.0000000000000000e+00
8.2706666354099047e-03 2.7956183371174729e-02 0.0000000000000000e+00
1.9058537584855286e-02 4.9689433678969830e-02 0.0000000000000000e+00
1.3768791481402807e-02 4.5255339507704696e-02 0.0000000000000000e+00
1.5493179596340452e-02 5.2274607775185680e-02 0.0000000000000000e+00
9.4965624144220974e-03 2.6817081465463306e-02 0.0000000000000000e+00
8.6047264202961000e-03 2.7101174354838404e-02 0.0000000000000000e+00
1.2137920002736601e-02 3.9702088175424893e-02 0.0000000000000000e+00
1.9562699510380741e-02 5.0972516616289092e-02 0.0000000000000000e+00
8.4723908163422922e-03 2.8764467242010035e-02 0.0000000000000000e+00
1.3140552112964613e-02 3.9651365680385305e-02 0.0000000000000000e+00
8.0254436661334593e-03 2.7281765661350356e-02 0.0000000000000000e+00
1.5840903055408671e-02 4.1861791064761573e-02 0.0000000000000000e+00
1.4699945928742578e-02 4.9500452758740050e-02 0.0000000000000000e+00
1.4119853818499563e-02 4.6698625075840355e-02 0.0000000000000000e+00
1.3345999098455892e-02 4.3829042109311572e-02 0.0000000000000000e+00
1.6861216745202735e-02 5.1872549613766375e-02 0.0000000000000000e+00
1.7999375525394025e-02 4.7160773936941326e-02 0.0000000000000000e+00
1.6841503946813389e-02 4.4547424764075104e-02 0.0000000000000000e+00
9.0695109178067050e-03 2.6932207275445260e-02 0.0000000000000000e+00
1.7738602112818469e-02 5.0128241792306669e-02 0.0000000000000000e+00
1.3910089069107581e-02 4.0588602923240492e-02 0.0000000000000000e+00
1.2474807346685468e-02 4.1018546272494356e-02 0.0000000000000000e+00
1.7273261440142969e-02 4.8848279422631855e-02 0.0000000000000000e+00
1.5844479164747755e-02 4.6517089183582813e-02 0.0000000000000000e+00
1.4854962833696186e-02 4.3525571025110781e-02 0.0000000000000000e+00
1.4389320089404717e-02 4.2117966657288265e-02 0.0000000000000000e+00
1.6419334186518336e-02 5.0514302900729217e-02 0.0000000000000000e+00
1.5653743428667346e-02 4.7990675856248520e-02 0.0000000000000000e+00
1.5325711934666451e-02 4.4941914778730226e-02 0.0000000000000000e+00
1.6006434091003174e-02 4.9203914015283325e-02 0.0000000000000000e+00
1.6858328245707866e-02 4.7683001140172085e-02 0.0000000000000000e+00
2.0518104137466922e-02 5.8401022464037854e-02 0.0000000000000000e+00
1.9846536394945661e-02 5.3906119052133987e-02 0.0000000000000000e+00
1.7841198240267291e-02 5.5289750092451122e-02 0.0000000000000000e+00
1.0396446900723322e-02 2.6398870104980578e-02 0.0000000000000000e+00
1.0836745106701630e-02 2.9401097358118852e-02 0.0000000000000000e+00
1.3493295755682127e-02 3.7396998288985454e-02 0.0000000000000000e+00
1.2692230554143211e-02 3.5606022178030938e-02 0.0000000000000000e+00
1.1904233945396990e-02 3.3233244982325549e-02 0.0000000000000000e+00
1.1409978196548924e-02 3.1143163885556813e-02 0.0000000000000000e+00
1.0151431446007072e-02 2.7726233962459840e-02 0.0000000000000000e+00
7.3094667643229007e-03 5.5520912236933374e-02 0.0000000000000000e+00
8.5277112250433853e-03 6.4774397609755618e-02 0.0000000000000000e+00
4.6438466749520761e-03 2.7612219904591818e-02 0.0000000000000000e+00
4.7613202479501225e-03 2.8504520279828242e-02 0.0000000000000000e+00
5.8897507731526209e-03 2.8355959582831484e-02 0.0000000000000000e+00
7.6338429754282304e-03 3.4865000294808747e-02 0.0000000000000000e+00
8.3692372252347682e-03 3.7609528998680745e-02 0.0000000000000000e+00
5.5139675888519228e-03 4.1882741990455108e-02 0.0000000000000000e+00
3.7698753865763146e-03 2.8635046472048297e-02 0.0000000000000000e+00
3.6547333821614512e-03 2.7760456118466687e-02 0.0000000000000000e+00
4.6419214877141193e-03 3.5258894231251711e-02 0.0000000000000000e+00
1.3072940375930712e-02 5.4452715542269881e-02 0.0000000000000000e+00
1.1643054685794527e-02 5.4776265641093121e-02 0.0000000000000000e+00
1.0205189427560253e-02 5.5062274823581454e-02 0.0000000000000000e+00
8.7603300422529132e-03 5.5310547073327707e-02 0.0000000000000000e+00
1.4835649184912394e-02 6.3626629312785801e-02 0.0000000000000000e+00
1.2745901038387047e-02 6.4077971653011059e-02 0.0000000000000000e+00
1.0642504261779784e-02 6.4460697696212099e-02 0.0000000000000000e+00
8.1216297381365571e-03 6.1689902485481521e-02 0.0000000000000000e+00
7.7155482512297280e-03 5.8605407361207451e-02 0.0000000000000000e+00
4.7000386366393360e-03 2.8039040228679913e-02 0.0000000000000000e+00
5.3006094666151245e-03 2.8433521507269049e-02 0.0000000000000000e+00
6.2058041152838255e-03 2.9535486713567087e-02 0.0000000000000000e+00
6.5628138303199272e-03 3.0867865108877502e-02 0.0000000000000000e+00
6.9198235453560254e-03 3.2200243504187910e-02 0.0000000000000000e+00
7.2768332603921305e-03 3.3532621899498335e-02 0.0000000000000000e+00
8.0015401003314997e-03 3.6237264646744746e-02 0.0000000000000000e+00
8.4400465275470526e-03 3.9050885459446363e-02 0.0000000000000000e+00
7.9096862156792687e-03 4.0392988415214014e-02 0.0000000000000000e+00
6.8727048688584265e-03 4.1396578017905451e-02 0.0000000000000000e+00
5.6935175063990203e-03 4.3246559015102930e-02 0.0000000000000000e+00
5.8730674239461213e-03 4.4610376039750765e-02 0.0000000000000000e+00
6.0526173414932154e-03 4.5974193064398580e-02 0.0000000000000000e+00
6.2321672590403164e-03 4.7338010089046423e-02 0.0000000000000000e+00
6.4117171765874096e-03 4.8701827113694238e-02 0.0000000000000000e+00
6.5912670941345123e-03 5.0065644138342080e-02 0.0000000000000000e+00
6.7708170116816090e-03 5.1429461162989909e-02 0.0000000000000000e+00
6.9503669292287074e-03 5.2793278187637724e-02 0.0000000000000000e+00
7.1299168467758032e-03 5.4157095212285553e-02 0.0000000000000000e+00
6.8170108591800718e-03 2.7157473427140102e-02 0.0000000000000000e+00
6.3853731013018885e-03 2.7262190124000864e-02 0.0000000000000000e+00
5.9521286015957629e-03 2.7360046876971276e-02 0.0000000000000000e+00
5.5173863767234155e-03 2.7451019062503801e-02 0.0000000000000000e+00
5.0812558202168925e-03 2.7535083789404238e-02 0.0000000000000000e+00
4.2588251346345621e-03 2.8570675016521704e-02 0.0000000000000000e+00
3.7099719174771791e-03 2.8180034450272038e-02 0.0000000000000000e+00
3.9850183996694259e-03 2.7714971195263689e-02 0.0000000000000000e+00
4.3147384133849003e-03 2.7665556788614626e-02 0.0000000000000000e+00
5.2810742176344939e-03 4.0113741208203886e-02 0.0000000000000000e+00
4.9681022614123140e-03 3.7736483184561638e-02 0.0000000000000000e+00
4.3337718363914641e-03 3.2918265249882832e-02 0.0000000000000000e+00
4.0827544418058637e-03 3.1011598842593711e-02 0.0000000000000000e+00
3.9012042581233418e-03 2.9632588288221191e-02 0.0000000000000000e+00
8.1475417517376456e-03 5.1209050065056452e-02 0.0000000000000000e+00
7.8635753737076666e-03 4.8437345438825621e-02 0.0000000000000000e+00
7.4596419426345940e-03 4.5583836833790199e-02 0.0000000000000000e+00
1.1591197625471533e-02 4.8861320106493820e-02 0.0000000000000000e+00
1.0014835920216687e-02 4.3176313738682540e-02 0.0000000000000000e+00
6.9091839039010193e-03 4.2912913084905607e-02 0.0000000000000000e+00
9.9453575889336156e-03 5.3663460758020524e-02 0.0000000000000000e+00
1.2371523694547051e-02 5.1602532711600139e-02 0.0000000000000000e+00
6.8154842730900273e-03 2.8346098309998354e-02 0.0000000000000000e+00
8.3395391320197371e-03 5.2561580658077568e-02 0.0000000000000000e+00
1.0703546551546759e-02 4.6076669411263219e-02 0.0000000000000000e+00
1.2719816771767293e-02 5.3017728104348551e-02 0.0000000000000000e+00
5.1842764332176421e-03 2.7972555011659090e-02 0.0000000000000000e+00
6.0986755048276541e-03 2.7772668673829447e-02 0.0000000000000000e+00
9.3392970162392789e-03 4.0451976944576022e-02 0.0000000000000000e+00
8.5444635655534465e-03 5.3924844039721136e-02 0.0000000000000000e+00
7.0449279432626246e-03 2.9146954766077142e-02 0.0000000000000000e+00
8.4456308906120277e-03 4.0909366030442415e-02 0.0000000000000000e+00
6.6906447391626937e-03 2.7639423955890099e-02 0.0000000000000000e+00
7.2122710675103585e-03 4.4173826037704277e-02 0.0000000000000000e+00
1.2019699770821334e-02 5.0218622552271656e-02 0.0000000000000000e+00
1.1121160433376865e-02 4.7502122546732535e-02 0.0000000000000000e+00
1.0356546796508782e-02 4.4630063439429657e-02 0.0000000000000000e+00
1.1334032766822072e-02 5.3353554097191710e-02 0.0000000000000000e+00
7.9924705112235789e-03 4.9842116054223257e-02 0.0000000000000000e+00
7.6885421261612867e-03 4.6999953492271734e-02 0.0000000000000000e+00
5.6116767830017133e-03 2.7858731139427027e-02 0.0000000000000000e+00
9.7020408388282433e-03 5.2281631895595586e-02 0.0000000000000000e+00
8.2478109588688571e-03 4.2105805770199373e-02 0.0000000000000000e+00
9.7057730667008263e-03 4.1760506771630339e-02 0.0000000000000000e+00
9.4650564979419580e-03 5.0940481631231313e-02 0.0000000000000000e+00
9.5368231253866245e-03 4.8207220525462918e-02 0.0000000000000000e+00
8.8980103263008332e-03 4.5121731638817913e-02 0.0000000000000000e+00
8.5974665880338922e-03 4.3669889125659951e-02 0.0000000000000000e+00
1.1037590931613446e-02 5.1956336659752619e-02 0.0000000000000000e+00
1.0438798454574636e-02 4.9388016150629405e-02 0.0000000000000000e+00
9.1985015228616268e-03 4.6583695860428896e-02 0.0000000000000000e+00
1.0739978460831655e-02 5.0615056548362118e-02 0.0000000000000000e+00
9.2417600439663010e-03 4.9723854438925304e-02 0.0000000000000000e+00
1.1431311811477997e-02 6.0835821129575911e-02 0.0000000000000000e+00
9.7654548309116414e-03 5.6607336716049179e-02 0.0000000000000000e+00
1.2193944136199885e-02 5.6802927269089323e-02 0.0000000000000000e+00
4.1958479273679090e-03 2.8060315592480414e-02 0.0000000000000000e+00
5.3156521223191189e-03 3.0880469764621287e-02 0.0000000000000000e+00
7.0129622392952748e-03 3.9133398421385648e-02 0.0000000000000000e+00
6.8112169984384163e-03 3.7181835010958515e-02 0.0000000000000000e+00
6.3072534818559376e-03 3.4732951377584143e-02 0.0000000000000000e+00
5.6902509679404942e-03 3.2675760177388741e-02 0.0000000000000000e+00
5.0717194642116064e-03 2.9087338685764630e-02 0.0000000000000000e+00
6.4209690351719964e-18 2.8000000000000001e-02 0.0000000000000000e+00
1.2841938070343993e-17 5.6000000000000001e-02 0.0000000000000000e+00
1.5649166144318223e-17 6.5333333333333340e-02 0.0000000000000000e+00
2.6609569522044567e-03 2.7873272289031921e-02 0.0000000000000000e+00
2.7784305252025027e-03 2.8765572664268348e-02 0.0000000000000000e+00
1.6500000000000069e-03 2.8914133361265120e-02 0.0000000000000000e+00
1.6500000000000078e-03 3.5652788167694661e-02 0.0000000000000000e+00
1.6500000000000082e-03 3.8494133361265101e-02 0.0000000000000000e+00
1.4659091052409113e-03 5.5980810198631208e-02 0.0000000000000000e+00
2.9308135496048772e-03 5.5923253946256142e-02 0.0000000000000000e+00
4.3937093607593477e-03 5.5827370689055168e-02 0.0000000000000000e+00
5.8535939429886332e-03 5.5693226140623296e-02 0.0000000000000000e+00
2.1376467443560581e-03 6.5298353048455895e-02 0.0000000000000000e+00
4.2730044430360475e-03 6.5193449651588770e-02 0.0000000000000000e+00
6.4037865015313345e-03 6.5018735475916856e-02 0.0000000000000000e+00
1.4415031189388538e-17 5.9111111111111121e-02 0.0000000000000000e+00
1.5810796501250488e-17 6.2222222222222220e-02 0.0000000000000000e+00
2.7171489138917166e-03 2.8300092613120015e-02 0.0000000000000000e+00
2.2391413065375046e-03 2.8836571436827559e-02 0.0000000000000000e+00
1.6500000000000067e-03 3.0135269703863141e-02 0.0000000000000000e+00
1.6500000000000067e-03 3.1514649319821023e-02 0.0000000000000000e+00
1.6500000000000076e-03 3.2894028935778891e-02 0.0000000000000000e+00
1.6500000000000069e-03 3.4273408551736793e-02 0.0000000000000000e+00
1.6500000000000102e-03 3.7073460764479892e-02 0.0000000000000000e+00
1.9546539689827705e-03 3.9904703587616067e-02 0.0000000000000000e+00
2.8143044968956428e-03 4.1063808144653040e-02 0.0000000000000000e+00
4.0756996638133328e-03 4.1764810738914589e-02 0.0000000000000000e+00
6.1889367366768431e-18 2.8493883862660861e-02 0.0000000000000000e+00
6.2094631015359021e-18 2.9063765878662551e-02 0.0000000000000000e+00
7.5810554287621962e-18 2.9860614171482596e-02 0.0000000000000000e+00
8.1317717293066882e-18 3.0971572182140309e-02 0.0000000000000000e+00
7.0822002758906023e-18 3.2413681313618790e-02 0.0000000000000000e+00
8.2467420276551727e-18 3.3887826231517607e-02 0.0000000000000000e+00
7.7356695725038020e-18 3.5361971149416430e-02 0.0000000000000000e+00
8.9002113242683739e-18 3.6836116067315253e-02 0.0000000000000000e+00
1.0182971614154675e-17 3.8310260985214090e-02 0.0000000000000000e+00
7.8780664139656324e-18 3.9784405903112892e-02 0.0000000000000000e+00
8.9243896276084725e-18 4.1258550821011701e-02 0.0000000000000000e+00
1.0207149917494775e-17 4.2732695738910538e-02 0.0000000000000000e+00
1.1371691669259345e-17 4.4206840656809361e-02 0.0000000000000000e+00
1.2536233421023917e-17 4.5680985574708177e-02 0.0000000000000000e+00
1.2025160965872546e-17 4.7155130492607000e-02 0.0000000000000000e+00
1.1454979241660311e-17 4.8629275410505823e-02 0.0000000000000000e+00
1.2737739531546612e-17 5.0103420328404653e-02 0.0000000000000000e+00
1.2344885614516971e-17 5.1577565246303490e-02 0.0000000000000000e+00
1.3686755173464138e-17 5.3051710164202327e-02 0.0000000000000000e+00
1.3293901256434498e-17 5.4525855082101171e-02 0.0000000000000000e+00
4.4414449283443374e-04 2.7996477201060219e-02 0.0000000000000000e+00
8.8817722625827132e-04 2.7985909690677491e-02 0.0000000000000000e+00
1.3319864689827399e-03 2.7968300127938540e-02 0.0000000000000000e+00
1.7754605459557281e-03 2.7943652943911160e-02 0.0000000000000000e+00
2.2184878664623761e-03 2.7911974340529177e-02 0.0000000000000000e+00
3.2809256385180645e-03 2.8699417927574900e-02 0.0000000000000000e+00
3.3239301893241979e-03 2.7802005109281217e-02 0.0000000000000000e+00
2.9926557230888183e-03 2.7839612276809169e-02 0.0000000000000000e+00
5.3839564396732445e-03 5.1572882973685570e-02 0.0000000000000000e+00
4.9408769533428624e-03 4.8822125985561383e-02 0.0000000000000000e+00
4.5925043141708029e-03 4.5961302663504268e-02 0.0000000000000000e+00
1.4500030683478721e-03 5.0196433698458859e-02 0.0000000000000000e+00
1.5012636315079367e-03 4.4297146793881893e-02 0.0000000000000000e+00
4.4329200158440361e-03 4.3238919410453790e-02 0.0000000000000000e+00
4.2826479234565357e-03 5.4408970628592873e-02 0.0000000000000000e+00
1.4057439941778131e-03 5.3046204997146906e-02 0.0000000000000000e+00
7.5325781893132967e-04 2.9144205563628733e-02 0.0000000000000000e+00
5.5485618880366031e-03 5.2929019782957540e-02 0.0000000000000000e+00
1.5866875315013850e-03 4.7276926671404373e-02 0.0000000000000000e+00
1.4355982359577242e-03 5.4503323657909872e-02 0.0000000000000000e+00
2.2322034797286551e-03 2.8361202789046115e-02 0.0000000000000000e+00
1.2972274098396899e-03 2.8404791307570860e-02 0.0000000000000000e+00
1.4486738579344153e-03 4.1490797190887808e-02 0.0000000000000000e+00
5.7034586119089556e-03 5.4298869437526598e-02 0.0000000000000000e+00
7.3890915545956877e-04 2.9977157889324459e-02 0.0000000000000000e+00
2.4302700552017221e-03 4.1701303308313585e-02 0.0000000000000000e+00
6.9094276736489249e-04 2.8429299705257306e-02 0.0000000000000000e+00
4.4665085832978277e-03 4.4535312526532637e-02 0.0000000000000000e+00
1.3873975024657648e-03 5.1618391701004809e-02 0.0000000000000000e+00
1.5522379169854177e-03 4.8761895095235736e-02 0.0000000000000000e+00
1.5474543803389799e-03 4.5789802457496601e-02 0.0000000000000000e+00
2.8610809587808848e-03 5.4469039364657974e-02 0.0000000000000000e+00
5.1799552003984556e-03 5.0212390719396177e-02 0.0000000000000000e+00
4.7379216765620260e-03 4.7388410043893915e-02 0.0000000000000000e+00
1.7899066577862653e-03 2.8361876721616538e-02 0.0000000000000000e+00
4.1600302296841097e-03 5.3011251433945257e-02 0.0000000000000000e+00
2.9310108271937969e-03 4.2805775786707391e-02 0.0000000000000000e+00
1.4333576164035546e-03 4.2849590926742537e-02 0.0000000000000000e+00
4.0418242942105113e-03 5.1654463695848959e-02 0.0000000000000000e+00
3.2650830258852035e-03 4.9032910773781302e-02 0.0000000000000000e+00
3.0835455193702769e-03 4.5887220452784330e-02 0.0000000000000000e+00
2.9980839851969890e-03 4.4407061830270843e-02 0.0000000000000000e+00
2.7857953004428448e-03 5.3042706164177000e-02 0.0000000000000000e+00
2.6994541569137433e-03 5.0406920157105232e-02 0.0000000000000000e+00
3.1716774958511075e-03 4.7377142296104569e-02 0.0000000000000000e+00
2.7261180345515869e-03 5.1670101288798689e-02 0.0000000000000000e+00
3.9426258178659667e-03 5.0421498694842269e-02 0.0000000000000000e+00
4.7036698257147515e-03 6.1721531999875470e-02 0.0000000000000000e+00
5.2183518080078390e-03 5.7205974185801665e-02 0.0000000000000000e+00
2.9232338293320513e-03 5.8023439435397693e-02 0.0000000000000000e+00
3.2096662106950447e-03 2.8190148878555414e-02 0.0000000000000000e+00
2.8579280282802237e-03 3.1204035279982226e-02 0.0000000000000000e+00
3.3544674653142219e-03 3.9615048395790692e-02 0.0000000000000000e+00
3.0442366254450010e-03 3.7677767385425803e-02 0.0000000000000000e+00
2.8972102780623283e-03 3.5181892082244502e-02 0.0000000000000000e+00
2.9607486791106519e-03 3.3035105970883709e-02 0.0000000000000000e+00
2.6294524090482796e-03 2.9408869243352297e-02 0.0000000000000000e+00
2.7750000000000000e-02 0.0000000000000000e+00 0.0000000000000000e+00
1.6991974338169530e-18 2.7750000000000000e-02 0.0000000000000000e+00
2.7833333333333331e-02 0.0000000000000000e+00 0.0000000000000000e+00
1.7043001288134000e-18 2.7833333333333331e-02 0.0000000000000000e+00
2.7916666666666669e-02 0.0000000000000000e+00 0.0000000000000000e+00
1.7094028238098470e-18 2.7916666666666669e-02 0.0000000000000000e+00
4.8430427863460689e-04 2.7745773540589859e-02 0.0000000000000000e+00
9.6846103349438597e-04 2.7733095449779911e-02 0.0000000000000000e+00
1.4523227857416950e-03 2.7711969589439420e-02 0.0000000000000000e+00
1.9357421463994751e-03 2.7682402394710121e-02 0.0000000000000000e+00
2.4185718612475060e-03 2.7644402872045941e-02 0.0000000000000000e+00
2.9006648556773700e-03 2.7597982596469589e-02 0.0000000000000000e+00
3.3818742794928238e-03 2.7543155708046690e-02 0.0000000000000000e+00
3.8620535516418171e-03 2.7479938907578581e-02 0.0000000000000000e+00
4.3410564048664011e-03 2.7408351451515069e-02 0.0000000000000000e+00
4.8187369302573066e-03 2.7328415146088771e-02 0.0000000000000000e+00
5.2949496216991030e-03 2.7240154340672680e-02 0.0000000000000000e+00
5.7695494201928004e-03 2.7143595920363112e-02 0.0000000000000000e+00
6.2423917580422270e-03 2.7038769297790290e-02 0.0000000000000000e+00
6.7133326028907718e-03 2.6925706404158901e-02 0.0000000000000000e+00
7.1822285015949380e-03 2.6804441679521649e-02 0.0000000000000000e+00
7.6489366239217080e-03 2.6675012062288350e-02 0.0000000000000000e+00
8.1133148060559216e-03 2.6537456977974241e-02 0.0000000000000000e+00
8.5752215939047631e-03 2.6391818327190519e-02 0.0000000000000000e+00
9.0345162861860881e-03 2.6238140472881050e-02 0.0000000000000000e+00
9.4910589772872912e-03 2.6076470226808961e-02 0.0000000000000000e+00
9.9447105998820631e-03 2.5906856835297361e-02 0.0000000000000000e+00
1.0395332967291530e-02 2.5729351964228361e-02 0.0000000000000000e+00
1.0842788815577320e-02 2.5544009683305231e-02 0.0000000000000000e+00
1.1286941845353440e-02 2.5350886449582180e-02 0.0000000000000000e+00
1.1727656763304390e-02 2.5150041090267049e-02 0.0000000000000000e+00
1.2164799323396879e-02 2.4941534784801891e-02 0.0000000000000000e+00
1.2598236367772400e-02 2.4725431046227219e-02 0.0000000000000000e+00
1.3027835867308440e-02 2.4501795701835239e-02 0.0000000000000000e+00
1.3453466961835839e-02 2.4270696873118239e-02 0.0000000000000000e+00
1.3874999999999979e-02 2.4032204955018181e-02 0.0000000000000000e+00
1.4292306578753980e-02 2.3786392594483629e-02 0.0000000000000000e+00
1.4705259582471410e-02 2.3533334668340841e-02 0.0000000000000000e+00
1.5113733221666970e-02 2.3273108260485540e-02 0.0000000000000000e+00
1.5517603071313210e-02 2.3005792638402418e-02 0.0000000000000000e+00
1.5916746108741511e-02 2.2731469229019540e-02 0.0000000000000000e+00
1.6311040751116109e-02 2.2450221593904810e-02 0.0000000000000000e+00
1.6700366892469311e-02 2.2162135403812400e-02 0.0000000000000000e+00
1.7084605940286979e-02 2.1867298412586559e-02 0.0000000000000000e+00
1.7463640851632951e-02 2.1565800430430972e-02 0.0000000000000000e+00
1.7837356168801451e-02 2.1257733296551659e-02 0.0000000000000000e+00
1.8205638054486550e-02 2.0943190851181941e-02 0.0000000000000000e+00
1.8568374326458290e-02 2.0622268906997719e-02 0.0000000000000000e+00
1.8925454491734300e-02 2.0295065219932011e-02 0.0000000000000000e+00
1.9276769780237141e-02 1.9961679459397610e-02 0.0000000000000000e+00
1.9622213177926659e-02 1.9622213177926728e-02 0.0000000000000000e+00
1.9961679459397540e-02 1.9276769780237200e-02 0.0000000000000000e+00
2.0295065219931949e-02 1.8925454491734359e-02 0.0000000000000000e+00
2.0622268906997660e-02 1.8568374326458349e-02 0.0000000000000000e+00
2.0943190851181889e-02 1.8205638054486620e-02 0.0000000000000000e+00
2.1257733296551621e-02 1.7837356168801489e-02 0.0000000000000000e+00
2.1565800430430920e-02 1.7463640851633020e-02 0.0000000000000000e+00
2.1867298412586510e-02 1.7084605940287049e-02 0.0000000000000000e+00
2.2162135403812341e-02 1.6700366892469381e-02 0.0000000000000000e+00
2.2450221593904768e-02 1.6311040751116151e-02 0.0000000000000000e+00
2.2731469229019498e-02 1.5916746108741560e-02 0.0000000000000000e+00
2.3005792638402380e-02 1.5517603071313260e-02 0.0000000000000000e+00
2.3273108260485509e-02 1.5113733221667021e-02 0.0000000000000000e+00
2.3533334668340809e-02 1.4705259582471460e-02 0.0000000000000000e+00
2.3786392594483601e-02 1.4292306578754030e-02 0.0000000000000000e+00
2.4032204955018149e-02 1.3875000000000030e-02 0.0000000000000000e+00
2.4270696873118211e-02 1.3453466961835889e-02 0.0000000000000000e+00
2.4501795701835211e-02 1.3027835867308490e-02 0.0000000000000000e+00
2.4725431046227191e-02 1.2598236367772450e-02 0.0000000000000000e+00
2.4941534784801871e-02 1.2164799323396929e-02 0.0000000000000000e+00
2.5150041090267031e-02 1.1727656763304419e-02 0.0000000000000000e+00
2.5350886449582170e-02 1.1286941845353480e-02 0.0000000000000000e+00
2.5544009683305210e-02 1.0842788815577370e-02 0.0000000000000000e+00
2.5729351964228341e-02 1.0395332967291591e-02 0.0000000000000000e+00
2.5906856835297341e-02 9.9447105998820961e-03 0.0000000000000000e+00
2.6076470226808951e-02 9.4910589772873276e-03 0.0000000000000000e+00
2.6238140472881030e-02 9.0345162861861211e-03 0.0000000000000000e+00
2.6391818327190501e-02 8.5752215939048203e-03 0.0000000000000000e+00
2.6537456977974230e-02 8.1133148060559563e-03 0.0000000000000000e+00
2.6675012062288339e-02 7.6489366239217444e-03 0.0000000000000000e+00
2.6804441679521639e-02 7.1822285015949736e-03 0.0000000000000000e+00
2.6925706404158901e-02 6.7133326028908074e-03 0.0000000000000000e+00
2.7038769297790279e-02 6.2423917580422634e-03 0.0000000000000000e+00
2.7143595920363101e-02 5.7695494201928368e-03 0.0000000000000000e+00
2.7240154340672670e-02 5.2949496216991394e-03 0.0000000000000000e+00
2.7328415146088771e-02 4.8187369302573179e-03 0.0000000000000000e+00
2.7408351451515069e-02 4.3410564048664132e-03 0.0000000000000000e+00
2.7479938907578570e-02 3.8620535516418280e-03 0.0000000000000000e+00
2.7543155708046690e-02 3.3818742794928598e-03 0.0000000000000000e+00
2.7597982596469589e-02 2.9006648556774068e-03 0.0000000000000000e+00
2.7644402872045941e-02 2.4185718612475182e-03 0.0000000000000000e+00
2.7682402394710121e-02 1.9357421463994859e-03 0.0000000000000000e+00
2.7711969589439420e-02 1.4523227857417061e-03 0.0000000000000000e+00
2.7733095449779911e-02 9.6846103349439790e-04 0.0000000000000000e+00
2.7745773540589859e-02 4.8430427863461881e-04 0.0000000000000000e+00
2.7829094181852889e-02 4.8575864583771548e-04 0.0000000000000000e+00
2.7816378018698171e-02 9.7136932488627514e-04 0.0000000000000000e+00
2.7795188717335641e-02 1.4566841154285959e-03 0.0000000000000000e+00
2.7765532732231781e-02 1.9415551858781410e-03 0.0000000000000000e+00
2.7727419096886918e-02 2.4258348398098128e-03 0.0000000000000000e+00
2.7680859421083611e-02 2.9093755609496770e-03 0.0000000000000000e+00
2.7625867887350129e-02 3.3920300581099338e-03 0.0000000000000000e+00
2.7562461246640382e-02 3.8736513100551448e-03 0.0000000000000000e+00
2.7490658813231341e-02 4.3540926102864103e-03 0.0000000000000000e+00
2.7410482458839799e-02 4.8332076117295524e-03 0.0000000000000000e+00
2.7321956605959982e-02 5.3108503713138171e-03 0.0000000000000000e+00
2.7225108220424260e-02 5.7868753944276151e-03 0.0000000000000000e+00
2.7119966803189049e-02 6.2611376792375628e-03 0.0000000000000000e+00
2.7006564381348571e-02 6.7334927608574003e-03 0.0000000000000000e+00
2.6884935498379080e-02 7.2037967553534709e-03 0.0000000000000000e+00
2.6755117203616549e-02 7.6719064035731281e-03 0.0000000000000000e+00
2.6617149040971160e-02 8.1376791147828170e-03 0.0000000000000000e+00
2.6471073036881780e-02 8.6009730101026770e-03 0.0000000000000000e+00
2.6316933687514331e-02 9.0616469657241738e-03 0.0000000000000000e+00
2.6154777945207791e-02 9.5195606558977543e-03 0.0000000000000000e+00
2.5984655204172129e-02 9.9745745956774934e-03 0.0000000000000000e+00
2.5806617285442261e-02 1.0426550183409530e-02 0.0000000000000000e+00
2.5620718421092939e-02 1.0875349742951420e-02 0.0000000000000000e+00
2.5427015237719071e-02 1.1320836565609740e-02 0.0000000000000000e+00
2.5225566739186769e-02 1.1762874951782770e-02 0.0000000000000000e+00
2.5016434288660169e-02 1.2201330252295960e-02 0.0000000000000000e+00
2.4799681589909590e-02 1.2636068909417359e-02 0.0000000000000000e+00
2.4575374667906821e-02 1.3066958497540601e-02 0.0000000000000000e+00
2.4343581848713200e-02 1.3493867763523021e-02 0.0000000000000000e+00
2.4104373738666890e-02 1.3916666666666640e-02 0.0000000000000000e+00
2.3857823202875470e-02 1.4335226418329820e-02 0.0000000000000000e+00
2.3604005343020540e-02 1.4749419521157509e-02 0.0000000000000000e+00
2.3342997474480980e-02 1.5159119807918229e-02 0.0000000000000000e+00
2.3074879102782012e-02 1.5564202479935760e-02 0.0000000000000000e+00
2.2799731899376952e-02 1.5964544145104100e-02 0.0000000000000000e+00
2.2517639676769390e-02 1.6360022855473812e-02 0.0000000000000000e+00
2.2228688362983001e-02 1.6750518144398659e-02 0.0000000000000000e+00
2.1932965975387110e-02 1.7135911063230799e-02 0.0000000000000000e+00
2.1630562593885700e-02 1.7516084217553789e-02 0.0000000000000000e+00
2.1321570333478240e-02 1.7890921802941991e-02 0.0000000000000000e+00
2.1006083316200509e-02 1.8260309640235759e-02 0.0000000000000000e+00
2.0684197642454161e-02 1.8624135210321541e-02 0.0000000000000000e+00
2.0356011361733602e-02 1.8982287688406190e-02 0.0000000000000000e+00
2.0021624442759140e-02 1.9334657977775411e-02 0.0000000000000000e+00
1.9681138743025590e-02 1.9681138743025559e-02 0.0000000000000000e+00
1.9334657977775439e-02 2.0021624442759109e-02 0.0000000000000000e+00
1.8982287688406228e-02 2.0356011361733560e-02 0.0000000000000000e+00
1.8624135210321580e-02 2.0684197642454119e-02 0.0000000000000000e+00
1.8260309640235811e-02 2.1006083316200470e-02 0.0000000000000000e+00
1.7890921802942040e-02 2.1321570333478201e-02 0.0000000000000000e+00
1.7516084217553841e-02 2.1630562593885669e-02 0.0000000000000000e+00
1.7135911063230841e-02 2.1932965975387089e-02 0.0000000000000000e+00
1.6750518144398700e-02 2.2228688362982970e-02 0.0000000000000000e+00
1.6360022855473860e-02 2.2517639676769351e-02 0.0000000000000000e+00
1.5964544145104152e-02 2.2799731899376920e-02 0.0000000000000000e+00
1.5564202479935800e-02 2.3074879102781991e-02 0.0000000000000000e+00
1.5159119807918269e-02 2.3342997474480959e-02 0.0000000000000000e+00
1.4749419521157560e-02 2.3604005343020509e-02 0.0000000000000000e+00
1.4335226418329870e-02 2.3857823202875439e-02 0.0000000000000000e+00
1.3916666666666680e-02 2.4104373738666869e-02 0.0000000000000000e+00
1.3493867763523060e-02 2.4343581848713179e-02 0.0000000000000000e+00
1.3066958497540649e-02 2.4575374667906789e-02 0.0000000000000000e+00
1.2636068909417410e-02 2.4799681589909559e-02 0.0000000000000000e+00
1.2201330252296000e-02 2.5016434288660142e-02 0.0000000000000000e+00
1.1762874951782821e-02 2.5225566739186751e-02 0.0000000000000000e+00
1.1320836565609791e-02 2.5427015237719050e-02 0.0000000000000000e+00
1.0875349742951479e-02 2.5620718421092911e-02 0.0000000000000000e+00
1.0426550183409581e-02 2.5806617285442240e-02 0.0000000000000000e+00
9.9745745956775368e-03 2.5984655204172109e-02 0.0000000000000000e+00
9.5195606558977977e-03 2.6154777945207781e-02 0.0000000000000000e+00
9.0616469657242172e-03 2.6316933687514310e-02 0.0000000000000000e+00
8.6009730101027082e-03 2.6471073036881770e-02 0.0000000000000000e+00
8.1376791147828500e-03 2.6617149040971150e-02 0.0000000000000000e+00
7.6719064035731593e-03 2.6755117203616539e-02 0.0000000000000000e+00
7.2037967553535160e-03 2.6884935498379059e-02 0.0000000000000000e+00
6.7334927608574454e-03 2.7006564381348561e-02 0.0000000000000000e+00
6.2611376792375837e-03 2.7119966803189049e-02 0.0000000000000000e+00
5.7868753944276480e-03 2.7225108220424260e-02 0.0000000000000000e+00
5.3108503713138492e-03 2.7321956605959982e-02 0.0000000000000000e+00
4.8332076117295611e-03 2.7410482458839789e-02 0.0000000000000000e+00
4.3540926102864311e-03 2.7490658813231331e-02 0.0000000000000000e+00
3.8736513100551661e-03 2.7562461246640371e-02 0.0000000000000000e+00
3.3920300581099538e-03 2.7625867887350129e-02 0.0000000000000000e+00
2.9093755609497091e-03 2.7680859421083611e-02 0.0000000000000000e+00
2.4258348398098211e-03 2.7727419096886918e-02 0.0000000000000000e+00
1.9415551858781620e-03 2.7765532732231771e-02 0.0000000000000000e+00
1.4566841154286169e-03 2.7795188717335641e-02 0.0000000000000000e+00
9.7136932488629596e-04 2.7816378018698160e-02 0.0000000000000000e+00
4.8575864583772399e-04 2.7829094181852889e-02 0.0000000000000000e+00
2.7912414823115919e-02 4.8721301304082239e-04 0.0000000000000000e+00
2.7899660587616421e-02 9.7427761627815010e-04 0.0000000000000000e+00
2.7878407845231851e-02 1.4610454451155080e-03 0.0000000000000000e+00
2.7848663069753421e-02 1.9473682253568310e-03 0.0000000000000000e+00
2.7810435321727899e-02 2.4330978183721170e-03 0.0000000000000000e+00
2.7763736245697630e-02 2.9180862662219809e-03 0.0000000000000000e+00
2.7708580066653579e-02 3.4021858367270291e-03 0.0000000000000000e+00
2.7644983585702169e-02 3.8852490684684830e-03 0.0000000000000000e+00
2.7572966174947599e-02 4.3671288157064291e-03 0.0000000000000000e+00
2.7492549771590810e-02 4.8476782932017964e-03 0.0000000000000000e+00
2.7403758871247290e-02 5.3267511209285287e-03 0.0000000000000000e+00
2.7306620520485408e-02 5.8042013686624401e-03 0.0000000000000000e+00
2.7201164308587818e-02 6.2798836004328848e-03 0.0000000000000000e+00
2.7087422358538241e-02 6.7536529188240383e-03 0.0000000000000000e+00
2.6965429317236490e-02 7.2253650091120263e-03 0.0000000000000000e+00
2.6835222344944738e-02 7.6948761832245447e-03 0.0000000000000000e+00
2.6696841103968080e-02 8.1620434235097246e-03 0.0000000000000000e+00
2.6550327746573042e-02 8.6267244263006013e-03 0.0000000000000000e+00
2.6395726902147601e-02 9.0887776452622700e-03 0.0000000000000000e+00
2.6233085663606610e-02 9.5480623345082366e-03 0.0000000000000000e+00
2.6062453573046891e-02 1.0004438591472950e-02 0.0000000000000000e+00
2.5883882606656149e-02 1.0457767399527531e-02 0.0000000000000000e+00
2.5697427158880629e-02 1.0907910670325540e-02 0.0000000000000000e+00
2.5503144025855951e-02 1.1354731285866070e-02 0.0000000000000000e+00
2.5301092388106489e-02 1.1798093140261159e-02 0.0000000000000000e+00
2.5091333792518419e-02 1.2237861181195060e-02 0.0000000000000000e+00
2.4873932133591951e-02 1.2673901451062321e-02 0.0000000000000000e+00
2.4648953633978388e-02 1.3106081127772749e-02 0.0000000000000000e+00
2.4416466824308151e-02 1.3534268565210219e-02 0.0000000000000000e+00
2.4176542522315599e-02 1.3958333333333310e-02 0.0000000000000000e+00
2.3929253811267322e-02 1.4378146257905650e-02 0.0000000000000000e+00
2.3674676017700250e-02 1.4793579459843600e-02 0.0000000000000000e+00
2.3412886688476440e-02 1.5204506394169469e-02 0.0000000000000000e+00
2.3143965567161601e-02 1.5610801888558311e-02 0.0000000000000000e+00
2.2867994569734380e-02 1.6012342181466660e-02 0.0000000000000000e+00
2.2585057759633969e-02 1.6409004959831511e-02 0.0000000000000000e+00
2.2295241322153620e-02 1.6800669396327982e-02 0.0000000000000000e+00
2.1998633538187689e-02 1.7187216186174591e-02 0.0000000000000000e+00
2.1695324757340470e-02 1.7568527583474589e-02 0.0000000000000000e+00
2.1385407370404841e-02 1.7944487437082522e-02 0.0000000000000000e+00
2.1068975781219090e-02 1.8314981225984951e-02 0.0000000000000000e+00
2.0746126377910630e-02 1.8679896094184741e-02 0.0000000000000000e+00
2.0416957503535210e-02 1.9039120885078038e-02 0.0000000000000000e+00
2.0081569426120719e-02 1.9392546175313628e-02 0.0000000000000000e+00
1.9740064308124500e-02 1.9740064308124399e-02 0.0000000000000000e+00
1.9392546175313729e-02 2.0081569426120629e-02 0.0000000000000000e+00
1.9039120885078128e-02 2.0416957503535130e-02 0.0000000000000000e+00
1.8679896094184849e-02 2.0746126377910540e-02 0.0000000000000000e+00
1.8314981225985041e-02 2.1068975781219010e-02 0.0000000000000000e+00
1.7944487437082601e-02 2.1385407370404761e-02 0.0000000000000000e+00
1.7568527583474679e-02 2.1695324757340401e-02 0.0000000000000000e+00
1.7187216186174682e-02 2.1998633538187609e-02 0.0000000000000000e+00
1.6800669396328068e-02 2.2295241322153551e-02 0.0000000000000000e+00
1.6409004959831580e-02 2.2585057759633920e-02 0.0000000000000000e+00
1.6012342181466750e-02 2.2867994569734321e-02 0.0000000000000000e+00
1.5610801888558399e-02 2.3143965567161539e-02 0.0000000000000000e+00
1.5204506394169540e-02 2.3412886688476391e-02 0.0000000000000000e+00
1.4793579459843680e-02 2.3674676017700201e-02 0.0000000000000000e+00
1.4378146257905729e-02 2.3929253811267270e-02 0.0000000000000000e+00
1.3958333333333390e-02 2.4176542522315551e-02 0.0000000000000000e+00
1.3534268565210280e-02 2.4416466824308109e-02 0.0000000000000000e+00
1.3106081127772831e-02 2.4648953633978350e-02 0.0000000000000000e+00
1.2673901451062401e-02 2.4873932133591910e-02 0.0000000000000000e+00
1.2237861181195110e-02 2.5091333792518399e-02 0.0000000000000000e+00
1.1798093140261231e-02 2.5301092388106461e-02 0.0000000000000000e+00
1.1354731285866129e-02 2.5503144025855920e-02 0.0000000000000000e+00
1.0907910670325611e-02 2.5697427158880601e-02 0.0000000000000000e+00
1.0457767399527571e-02 2.5883882606656139e-02 0.0000000000000000e+00
1.0004438591473000e-02 2.6062453573046870e-02 0.0000000000000000e+00
9.5480623345082938e-03 2.6233085663606590e-02 0.0000000000000000e+00
9.0887776452623359e-03 2.6395726902147580e-02 0.0000000000000000e+00
8.6267244263006446e-03 2.6550327746573031e-02 0.0000000000000000e+00
8.1620434235097680e-03 2.6696841103968059e-02 0.0000000000000000e+00
7.6948761832246002e-03 2.6835222344944721e-02 0.0000000000000000e+00
7.2253650091120584e-03 2.6965429317236479e-02 0.0000000000000000e+00
6.7536529188240834e-03 2.7087422358538230e-02 0.0000000000000000e+00
6.2798836004329299e-03 2.7201164308587811e-02 0.0000000000000000e+00
5.8042013686624852e-03 2.7306620520485402e-02 0.0000000000000000e+00
5.3267511209285608e-03 2.7403758871247279e-02 0.0000000000000000e+00
4.8476782932018294e-03 2.7492549771590800e-02 0.0000000000000000e+00
4.3671288157064742e-03 2.7572966174947589e-02 0.0000000000000000e+00
3.8852490684685042e-03 2.7644983585702169e-02 0.0000000000000000e+00
3.4021858367270490e-03 2.7708580066653572e-02 0.0000000000000000e+00
2.9180862662220139e-03 2.7763736245697630e-02 0.0000000000000000e+00
2.4330978183721508e-03 2.7810435321727889e-02 0.0000000000000000e+00
1.9473682253568390e-03 2.7848663069753421e-02 0.0000000000000000e+00
1.4610454451155280e-03 2.7878407845231851e-02 0.0000000000000000e+00
9.7427761627817103e-04 2.7899660587616421e-02 0.0000000000000000e+00
4.8721301304083101e-04 2.7912414823115919e-02 0.0000000000000000e+00
$EndNodes
$Elements
99 1650 1 1650
2 10 2 5
1 110 117 114
2 38 95 39
3 66 97 65
4 92 105 8
5 84 107 35
2 10 3 64
6 62 63 88 79
7 51 100 82 52
8 53 99 86 54
9 49 101 89 50
10 93 108 47 46
11 89 100 51 50
12 82 99 53 52
13 47 108 83 48
14 83 101 49 48
15 90 102 16 15
16 2 55 90 15
17 17 16 102 85
18 94 18 17 85
19 109 117 103 79
20 59 104 81 58
21 61 103 80 60
22 64 3 18 94
23 63 64 94 88
24 90 55 54 86
25 80 103 117 110
26 67 68 105 92
27 26 91 69 6
28 109 79 88 106
29 81 98 57 58
30 80 104 59 60
31 79 103 61 62
32 81 104 115 111
33 94 85 106 88
34 97 36 1 65
35 86 113 102 90
36 7 27 91 26
37 32 10 44 43
38 91 105 68 69
39 108 107 112 83
40 9 32 43 42
41 110 115 104 80
42 31 9 42 41
43 98 84 56 57
44 34 35 107 96
45 30 31 41 40
46 86 99 116 113
47 84 35 11 56
48 40 39 29 30
49 10 33 45 44
50 8 28 95 87
51 115 110 100 89
52 45 33 93 46
53 82 114 116 99
54 111 115 89 101
55 27 8 105 91
56 84 98 112 107
57 112 111 101 83
58 102 113 106 85
59 100 110 114 82
60 111 112 98 81
61 37 36 97 87
62 92 8 87 97
63 38 37 87 95
64 117 109 116 114
65 113 116 109 106
66 93 33 34 96
67 29 39 95 28
68 66 67 92 97
69 96 107 108 93
2 50 2 5
70 4 19 25
71 21 118 20
72 23 118 22
73 17 119 18
74 15 120 16
2 50 3 7
75 21 5 22 118
76 24 25 118 120
77 118 25 19 20
78 118 23 119 120
79 24 120 15 2
80 120 119 17 16
81 119 23 3 18
2 41 2 1
82 73 121 72
2 41 3 4
83 13 72 121 71
84 70 12 71 121
85 70 121 26 7
86 26 121 73 6
2 10000 2 8
87 35 11 74
88 78 122 77
89 29 122 28
90 34 123 33
91 10 124 32
92 9 125 31
93 27 127 7
94 70 78 12
2 10000 3 12
95 124 10 33 123
96 126 125 14 76
97 125 124 75 14
98 35 74 123 34
99 126 76 77 122
100 122 78 127 28
101 123 74 75 124
102 126 122 29 30
103 8 28 127 27
104 32 124 125 9
105 31 125 126 30
106 127 78 70 7
2 10 2 5
107 214 221 218
108 157 199 158
109 176 201 175
110 196 209 133
111 188 211 154
2 10 3 64
112 62 63 192 183
113 170 204 186 171
114 172 203 190 173
115 168 205 193 169
116 197 212 166 165
117 193 204 170 169
118 186 203 172 171
119 166 212 187 167
120 187 205 168 167
121 194 206 137 136
122 129 174 194 136
123 138 137 206 189
124 198 139 138 189
125 213 221 207 183
126 59 208 185 58
127 61 207 184 60
128 64 3 139 198
129 63 64 198 192
130 194 174 173 190
131 184 207 221 214
132 177 178 209 196
133 145 195 179 131
134 213 183 192 210
135 185 202 57 58
136 184 208 59 60
137 183 207 61 62
138 185 208 219 215
139 198 189 210 192
140 201 155 128 175
141 190 217 206 194
142 132 146 195 145
143 151 135 163 162
144 195 209 178 179
145 212 211 216 187
146 134 151 162 161
147 214 219 208 184
148 150 134 161 160
149 202 188 56 57
150 153 154 211 200
151 149 150 160 159
152 190 203 220 217
153 188 154 11 56
154 159 158 148 149
155 135 152 164 163
156 133 147 199 191
157 219 214 204 193
158 164 152 197 165
159 186 218 220 203
160 215 219 193 205
161 146 133 209 195
162 188 202 216 211
163 216 215 205 187
164 206 217 210 189
165 204 214 218 186
166 215 216 202 185
167 156 155 201 191
168 196 133 191 201
169 157 156 191 199
170 221 213 220 218
171 217 220 213 210
172 197 152 153 200
173 148 158 199 147
174 176 177 196 201
175 200 211 212 197
2 50 2 5
176 130 140 144
177 142 222 141
178 23 222 22
179 138 223 139
180 136 224 137
2 50 3 7
181 142 5 22 222
182 143 144 222 224
183 222 144 140 141
184 222 23 223 224
185 143 224 136 129
186 224 223 138 137
187 223 23 3 139
2 41 2 1
188 182 225 181
2 41 3 4
189 13 181 225 71
190 180 12 71 225
191 180 225 145 132
192 145 225 182 131
2 10000 2 8
193 154 11 74
194 78 226 77
195 148 226 147
196 153 227 152
197 135 228 151
198 134 229 150
199 146 231 132
200 180 78 12
2 10000 3 12
201 228 135 152 227
202 230 229 14 76
203 229 228 75 14
204 154 74 227 153
205 230 76 77 226
206 226 78 231 147
207 227 74 75 228
208 230 226 148 149
209 133 147 231 146
210 151 228 229 134
211 150 229 230 149
212 231 78 180 132
2 10 2 5
213 316 323 320
214 157 301 158
215 272 303 271
216 298 311 236
217 290 313 261
2 10 3 64
218 268 269 294 285
219 170 306 288 171
220 172 305 292 173
221 168 307 295 169
222 299 314 166 165
223 295 306 170 169
224 288 305 172 171
225 166 314 289 167
226 289 307 168 167
227 296 308 244 243
228 129 174 296 243
229 245 244 308 291
230 300 246 245 291
231 315 323 309 285
232 265 310 287 264
233 267 309 286 266
234 270 232 246 300
235 269 270 300 294
236 296 174 173 292
237 286 309 323 316
238 273 274 311 298
239 252 297 275 234
240 315 285 294 312
241 287 304 263 264
242 286 310 265 266
243 285 309 267 268
244 287 310 321 317
245 300 291 312 294
246 303 155 128 271
247 292 319 308 296
248 235 253 297 252
249 258 238 163 162
250 297 311 274 275
251 314 313 318 289
252 237 258 162 161
253 316 321 310 286
254 257 237 161 160
255 304 290 262 263
256 260 261 313 302
257 256 257 160 159
258 292 305 322 319
259 290 261 239 262
260 159 158 255 256
261 238 259 164 163
262 236 254 301 293
263 321 316 306 295
264 164 259 299 165
265 288 320 322 305
266 317 321 295 307
267 253 236 311 297
268 290 304 318 313
269 318 317 307 289
270 308 319 312 291
271 306 316 320 288
272 317 318 304 287
273 156 155 303 293
274 298 236 293 303
275 157 156 293 301
276 323 315 322 320
277 319 322 315 312
278 299 259 260 302
279 255 158 301 254
280 272 273 298 303
281 302 313 314 299
2 50 2 5
282 130 247 144
283 249 324 248
284 251 324 250
285 245 325 246
286 243 326 244
2 50 3 7
287 249 233 250 324
288 143 144 324 326
289 324 144 247 248
290 324 251 325 326
291 143 326 243 129
292 326 325 245 244
293 325 251 232 246
2 41 2 1
294 279 327 278
2 41 3 4
295 241 278 327 277
296 276 240 277 327
297 276 327 252 235
298 252 327 279 234
2 10001 2 8
299 261 239 280
300 284 328 283
301 255 328 254
302 260 329 259
303 238 330 258
304 237 331 257
305 253 333 235
306 276 284 240
2 10001 3 12
307 330 238 259 329
308 332 331 242 282
309 331 330 281 242
310 261 280 329 260
311 332 282 283 328
312 328 284 333 254
313 329 280 281 330
314 332 328 255 256
315 236 254 333 253
316 258 330 331 237
317 257 331 332 256
318 333 284 276 235
2 10 2 5
319 420 427 424
320 363 405 364
321 382 407 381
322 402 415 339
323 394 417 360
2 10 3 64
324 268 269 398 389
325 376 410 392 377
326 378 409 396 379
327 374 411 399 375
328 403 418 372 371
329 399 410 376 375
330 392 409 378 377
331 372 418 393 373
332 393 411 374 373
333 400 412 343 342
334 335 380 400 342
335 344 343 412 395
336 404 345 344 395
337 419 427 413 389
338 265 414 391 264
339 267 413 390 266
340 270 232 345 404
341 269 270 404 398
342 400 380 379 396
343 390 413 427 420
344 383 384 415 402
345 351 401 385 337
346 419 389 398 416
347 391 408 263 264
348 390 414 265 266
349 389 413 267 268
350 391 414 425 421
351 404 395 416 398
352 407 361 334 381
353 396 423 412 400
354 338 352 401 351
355 357 341 369 368
356 401 415 384 385
357 418 417 422 393
358 340 357 368 367
359 420 425 414 390
360 356 340 367 366
361 408 394 262 263
362 359 360 417 406
363 355 356 366 365
364 396 409 426 423
365 394 360 239 262
366 365 364 354 355
367 341 358 370 369
368 339 353 405 397
369 425 420 410 399
370 370 358 403 371
371 392 424 426 409
372 421 425 399 411
373 352 339 415 401
374 394 408 422 417
375 422 421 411 393
376 412 423 416 395
377 410 420 424 392
378 421 422 408 391
379 362 361 407 397
380 402 339 397 407
381 363 362 397 405
382 427 419 426 424
383 423 426 419 416
384 403 358 359 406
385 354 364 405 353
386 382 383 402 407
387 406 417 418 403
2 50 2 5
388 336 346 350
389 348 428 347
390 251 428 250
391 344 429 345
392 342 430 343
2 50 3 7
393 348 233 250 428
394 349 350 428 430
395 428 350 346 347
396 428 251 429 430
397 349 430 342 335
398 430 429 344 343
399 429 251 232 345
2 41 2 1
400 388 431 387
2 41 3 4
401 241 387 431 277
402 386 240 277 431
403 386 431 351 338
404 351 431 388 337
2 10001 2 8
405 360 239 280
406 284 432 283
407 354 432 353
408 359 433 358
409 341 434 357
410 340 435 356
411 352 437 338
412 386 284 240
2 10001 3 12
413 434 341 358 433
414 436 435 242 282
415 435 434 281 242
416 360 280 433 359
417 436 282 283 432
418 432 284 437 353
419 433 280 281 434
420 436 432 354 355
421 339 353 437 352
422 357 434 435 340
423 356 435 436 355
424 437 284 386 338
2 10 2 5
425 522 529 526
426 363 507 364
427 478 509 477
428 504 517 442
429 496 519 467
2 10 3 64
430 474 475 500 491
431 376 512 494 377
432 378 511 498 379
433 374 513 501 375
434 505 520 372 371
435 501 512 376 375
436 494 511 378 377
437 372 520 495 373
438 495 513 374 373
439 502 514 450 449
440 335 380 502 449
441 451 450 514 497
442 506 452 451 497
443 521 529 515 491
444 471 516 493 470
445 473 515 492 472
446 476 438 452 506
447 475 476 506 500
448 502 380 379 498
449 492 515 529 522
450 479 480 517 504
451 458 503 481 440
452 521 491 500 518
453 493 510 469 470
454 492 516 471 472
455 491 515 473 474
456 493 516 527 523
457 506 497 518 500
458 509 361 334 477
459 498 525 514 502
460 441 459 503 458
461 464 444 369 368
462 503 517 480 481
463 520 519 524 495
464 443 464 368 367
465 522 527 516 492
466 463 443 367 366
467 510 496 468 469
468 466 467 519 508
469 462 463 366 365
470 498 511 528 525
471 496 467 445 468
472 365 364 461 462
473 444 465 370 369
474 442 460 507 499
475 527 522 512 501
476 370 465 505 371
477 494 526 528 511
478 523 527 501 513
479 459 442 517 503
480 496 510 524 519
481 524 523 513 495
482 514 525 518 497
483 512 522 526 494
484 523 524 510 493
485 362 361 509 499
486 504 442 499 509
487 363 362 499 507
488 529 521 528 526
489 525 528 521 518
490 505 465 466 508
491 461 364 507 460
492 478 479 504 509
493 508 519 520 505
2 50 2 5
494 336 453 350
495 455 530 454
496 457 530 456
497 451 531 452
498 449 532 450
2 50 3 7
499 455 439 456 530
500 349 350 530 532
501 530 350 453 454
502 530 457 531 532
503 349 532 449 335
504 532 531 451 450
505 531 457 438 452
2 41 2 1
506 485 533 484
2 41 3 4
507 447 484 533 483
508 482 446 483 533
509 482 533 458 441
510 458 533 485 440
2 10002 2 8
511 467 445 486
512 490 534 489
513 461 534 460
514 466 535 465
515 444 536 464
516 443 537 463
517 459 539 441
518 482 490 446
2 10002 3 12
519 536 444 465 535
520 538 537 448 488
521 537 536 487 448
522 467 486 535 466
523 538 488 489 534
524 534 490 539 460
525 535 486 487 536
526 538 534 461 462
527 442 460 539 459
528 464 536 537 443
529 463 537 538 462
530 539 490 482 441
2 10 2 5
531 626 633 630
532 569 611 570
533 588 613 587
534 608 621 545
535 600 623 566
2 10 3 64
536 474 475 604 595
537 582 616 598 583
538 584 615 602 585
539 580 617 605 581
540 609 624 578 577
541 605 616 582 581
542 598 615 584 583
543 578 624 599 579
544 599 617 580 579
545 606 618 549 548
546 541 586 606 548
547 550 549 618 601
548 610 551 550 601
549 625 633 619 595
550 471 620 597 470
551 473 619 596 472
552 476 438 551 610
553 475 476 610 604
554 606 586 585 602
555 596 619 633 626
556 589 590 621 608
557 557 607 591 543
558 625 595 604 622
559 597 614 469 470
560 596 620 471 472
561 595 619 473 474
562 597 620 631 627
563 610 601 622 604
564 613 567 540 587
565 602 629 618 606
566 544 558 607 557
567 563 547 575 574
568 607 621 590 591
569 624 623 628 599
570 546 563 574 573
571 626 631 620 596
572 562 546 573 572
573 614 600 468 469
574 565 566 623 612
575 561 562 572 571
576 602 615 632 629
577 600 566 445 468
578 571 570 560 561
579 547 564 576 575
580 545 559 611 603
581 631 626 616 605
582 576 564 609 577
583 598 630 632 615
584 627 631 605 617
585 558 545 621 607
586 600 614 628 623
587 628 627 617 599
588 618 629 622 601
589 616 626 630 598
590 627 628 614 597
591 568 567 613 603
592 608 545 603 613
593 569 568 603 611
594 633 625 632 630
595 629 632 625 622
596 609 564 565 612
597 560 570 611 559
598 588 589 608 613
599 612 623 624 609
2 50 2 5
600 542 552 556
601 554 634 553
602 457 634 456
603 550 635 551
604 548 636 549
2 50 3 7
605 554 439 456 634
606 555 556 634 636
607 634 556 552 553
608 634 457 635 636
609 555 636 548 541
610 636 635 550 549
611 635 457 438 551
2 41 2 1
612 594 637 593
2 41 3 4
613 447 593 637 483
614 592 446 483 637
615 592 637 557 544
616 557 637 594 543
2 10002 2 8
617 566 445 486
618 490 638 489
619 560 638 559
620 565 639 564
621 547 640 563
622 546 641 562
623 558 643 544
624 592 490 446
2 10002 3 12
625 640 547 564 639
626 642 641 448 488
627 641 640 487 448
628 566 486 639 565
629 642 488 489 638
630 638 490 643 559
631 639 486 487 640
632 642 638 560 561
633 545 559 643 558
634 563 640 641 546
635 562 641 642 561
636 643 490 592 544
2 10 2 5
637 728 735 732
638 569 713 570
639 684 715 683
640 710 723 648
641 702 725 673
2 10 3 64
642 680 681 706 697
643 582 718 700 583
644 584 717 704 585
645 580 719 707 581
646 711 726 578 577
647 707 718 582 581
648 700 717 584 583
649 578 726 701 579
650 701 719 580 579
651 708 720 656 655
652 541 586 708 655
653 657 656 720 703
654 712 658 657 703
655 727 735 721 697
656 677 722 699 676
657 679 721 698 678
658 682 644 658 712
659 681 682 712 706
660 708 586 585 704
661 698 721 735 728
662 685 686 723 710
663 664 709 687 646
664 727 697 706 724
665 699 716 675 676
666 698 722 677 678
667 697 721 679 680
668 699 722 733 729
669 712 703 724 706
670 715 567 540 683
671 704 731 720 708
672 647 665 709 664
673 670 650 575 574
674 709 723 686 687
675 726 725 730 701
676 649 670 574 573
677 728 733 722 698
678 669 649 573 572
679 716 702 674 675
680 672 673 725 714
681 668 669 572 571
682 704 717 734 731
683 702 673 651 674
684 571 570 667 668
685 650 671 576 575
686 648 666 713 705
687 733 728 718 707
688 576 671 711 577
689 700 732 734 717
690 729 733 707 719
691 665 648 723 709
692 702 716 730 725
693 730 729 719 701
694 720 731 724 703
695 718 728 732 700
696 729 730 716 699
697 568 567 715 705
698 710 648 705 715
699 569 568 705 713
700 735 727 734 732
701 731 734 727 724
702 711 671 672 714
703 667 570 713 666
704 684 685 710 715
705 714 725 726 711
2 50 2 5
706 542 659 556
707 661 736 660
708 663 736 662
709 657 737 658
710 655 738 656
2 50 3 7
711 661 645 662 736
712 555 556 736 738
713 736 556 659 660
714 736 663 737 738
715 555 738 655 541
716 738 737 657 656
717 737 663 644 658
2 41 2 1
718 691 739 690
2 41 3 4
719 653 690 739 689
720 688 652 689 739
721 688 739 664 647
722 664 739 691 646
2 10003 2 8
723 673 651 692
724 696 740 695
725 667 740 666
726 672 741 671
727 650 742 670
728 649 743 669
729 665 745 647
730 688 696 652
2 10003 3 12
731 742 650 671 741
732 744 743 654 694
733 743 742 693 654
734 673 692 741 672
735 744 694 695 740
736 740 696 745 666
737 741 692 693 742
738 744 740 667 668
739 648 666 745 665
740 670 742 743 649
741 669 743 744 668
742 745 696 688 647
2 10 2 5
743 832 839 836
744 775 817 776
745 794 819 793
746 814 827 751
747 806 829 772
2 10 3 64
748 680 681 810 801
749 788 822 804 789
750 790 821 808 791
751 786 823 811 787
752 815 830 784 783
753 811 822 788 787
754 804 821 790 789
755 784 830 805 785
756 805 823 786 785
757 812 824 755 754
758 747 792 812 754
759 756 755 824 807
760 816 757 756 807
761 831 839 825 801
762 677 826 803 676
763 679 825 802 678
764 682 644 757 816
765 681 682 816 810
766 812 792 791 808
767 802 825 839 832
768 795 796 827 814
769 763 813 797 749
770 831 801 810 828
771 803 820 675 676
772 802 826 677 678
773 801 825 679 680
774 803 826 837 833
775 816 807 828 810
776 819 773 746 793
777 808 835 824 812
778 750 764 813 763
779 769 753 781 780
780 813 827 796 797
781 830 829 834 805
782 752 769 780 779
783 832 837 826 802
784 768 752 779 778
785 820 806 674 675
786 771 772 829 818
787 767 768 778 777
788 808 821 838 835
789 806 772 651 674
790 777 776 766 767
791 753 770 782 781
792 751 765 817 809
793 837 832 822 811
794 782 770 815 783
795 804 836 838 821
796 833 837 811 823
797 764 751 827 813
798 806 820 834 829
799 834 833 823 805
800 824 835 828 807
801 822 832 836 804
802 833 834 820 803
803 774 773 819 809
804 814 751 809 819
805 775 774 809 817
806 839 831 838 836
807 835 838 831 828
808 815 770 771 818
809 766 776 817 765
810 794 795 814 819
811 818 829 830 815
2 50 2 5
812 748 758 762
813 760 840 759
814 663 840 662
815 756 841 757
816 754 842 755
2 50 3 7
817 760 645 662 840
818 761 762 840 842
819 840 762 758 759
820 840 663 841 842
821 761 842 754 747
822 842 841 756 755
823 841 663 644 757
2 41 2 1
824 800 843 799
2 41 3 4
825 653 799 843 689
826 798 652 689 843
827 798 843 763 750
828 763 843 800 749
2 10003 2 8
829 772 651 692
830 696 844 695
831 766 844 765
832 771 845 770
833 753 846 769
834 752 847 768
835 764 849 750
836 798 696 652
2 10003 3 12
837 846 753 770 845
838 848 847 654 694
839 847 846 693 654
840 772 692 845 771
841 848 694 695 844
842 844 696 849 765
843 845 692 693 846
844 848 844 766 767
845 751 765 849 764
846 769 846 847 752
847 768 847 848 767
848 849 696 798 750
2 10 2 5
849 934 941 938
850 775 919 776
851 890 921 889
852 916 929 854
853 908 931 879
2 10 3 64
854 886 887 912 903
855 788 924 906 789
856 790 923 910 791
857 786 925 913 787
858 917 932 784 783
859 913 924 788 787
860 906 923 790 789
861 784 932 907 785
862 907 925 786 785
863 914 926 862 861
864 747 792 914 861
865 863 862 926 909
866 918 864 863 909
867 933 941 927 903
868 883 928 905 882
869 885 927 904 884
870 888 850 864 918
871 887 888 918 912
872 914 792 791 910
873 904 927 941 934
874 891 892 929 916
875 870 915 893 852
876 933 903 912 930
877 905 922 881 882
878 904 928 883 884
879 903 927 885 886
880 905 928 939 935
881 918 909 930 912
882 921 773 746 889
883 910 937 926 914
884 853 871 915 870
885 876 856 781 780
886 915 929 892 893
887 932 931 936 907
888 855 876 780 779
889 934 939 928 904
890 875 855 779 778
891 922 908 880 881
892 878 879 931 920
893 874 875 778 777
894 910 923 940 937
895 908 879 857 880
896 777 776 873 874
897 856 877 782 781
898 854 872 919 911
899 939 934 924 913
900 782 877 917 783
901 906 938 940 923
902 935 939 913 925
903 871 854 929 915
904 908 922 936 931
905 936 935 925 907
906 926 937 930 909
907 924 934 938 906
908 935 936 922 905
909 774 773 921 911
910 916 854 911 921
911 775 774 911 919
912 941 933 940 938
913 937 940 933 930
914 917 877 878 920
915 873 776 919 872
916 890 891 916 921
917 920 931 932 917
2 50 2 5
918 748 865 762
919 867 942 866
920 869 942 868
921 863 943 864
922 861 944 862
2 50 3 7
923 867 851 868 942
924 761 762 942 944
925 942 762 865 866
926 942 869 943 944
927 761 944 861 747
928 944 943 863 862
929 943 869 850 864
2 41 2 1
930 897 945 896
2 41 3 4
931 859 896 945 895
932 894 858 895 945
933 894 945 870 853
934 870 945 897 852
2 10004 2 8
935 879 857 898
936 902 946 901
937 873 946 872
938 878 947 877
939 856 948 876
940 855 949 875
941 871 951 853
942 894 902 858
2 10004 3 12
943 948 856 877 947
944 950 949 860 900
945 949 948 899 860
946 879 898 947 878
947 950 900 901 946
948 946 902 951 872
949 947 898 899 948
950 950 946 873 874
951 854 872 951 871
952 876 948 949 855
953 875 949 950 874
954 951 902 894 853
2 10 2 5
955 1038 1045 1042
956 981 1023 982
957 1000 1025 999
958 1020 1033 957
959 1012 1035 978
2 10 3 64
960 886 887 1016 1007
961 994 1028 1010 995
962 996 1027 1014 997
963 992 1029 1017 993
964 1021 1036 990 989
965 1017 1028 994 993
966 1010 1027 996 995
967 990 1036 1011 991
968 1011 1029 992 991
969 1018 1030 961 960
970 953 998 1018 960
971 962 961 1030 1013
972 1022 963 962 1013
973 1037 1045 1031 1007
974 883 1032 1009 882
975 885 1031 1008 884
976 888 850 963 1022
977 887 888 1022 1016
978 1018 998 997 1014
979 1008 1031 1045 1038
980 1001 1002 1033 1020
981 969 1019 1003 955
982 1037 1007 1016 1034
983 1009 1026 881 882
984 1008 1032 883 884
985 1007 1031 885 886
986 1009 1032 1043 1039
987 1022 1013 1034 1016
988 1025 979 952 999
989 1014 1041 1030 1018
990 956 970 1019 969
991 975 959 987 986
992 1019 1033 1002 1003
993 1036 1035 1040 1011
994 958 975 986 985
995 1038 1043 1032 1008
996 974 958 985 984
997 1026 1012 880 881
998 977 978 1035 1024
999 973 974 984 983
1000 1014 1027 1044 1041
1001 1012 978 857 880
1002 983 982 972 973
1003 959 976 988 987
1004 957 971 1023 1015
1005 1043 1038 1028 1017
1006 988 976 1021 989
1007 1010 1042 1044 1027
1008 1039 1043 1017 1029
1009 970 957 1033 1019
1010 1012 1026 1040 1035
1011 1040 1039 1029 1011
1012 1030 1041 1034 1013
1013 1028 1038 1042 1010
1014 1039 1040 1026 1009
1015 980 979 1025 1015
1016 1020 957 1015 1025
1017 981 980 1015 1023
1018 1045 1037 1044 1042
1019 1041 1044 1037 1034
1020 1021 976 977 1024
1021 972 982 1023 971
1022 1000 1001 1020 1025
1023 1024 1035 1036 1021
2 50 2 5
1024 954 964 968
1025 966 1046 965
1026 869 1046 868
1027 962 1047 963
1028 960 1048 961
2 50 3 7
1029 966 851 868 1046
1030 967 968 1046 1048
1031 1046 968 964 965
1032 1046 869 1047 1048
1033 967 1048 960 953
1034 1048 1047 962 961
1035 1047 869 850 963
2 41 2 1
1036 1006 1049 1005
2 41 3 4
1037 859 1005 1049 895
1038 1004 858 895 1049
1039 1004 1049 969 956
1040 969 1049 1006 955
2 10004 2 8
1041 978 857 898
1042 902 1050 901
1043 972 1050 971
1044 977 1051 976
1045 959 1052 975
1046 958 1053 974
1047 970 1055 956
1048 1004 902 858
2 10004 3 12
1049 1052 959 976 1051
1050 1054 1053 860 900
1051 1053 1052 899 860
1052 978 898 1051 977
1053 1054 900 901 1050
1054 1050 902 1055 971
1055 1051 898 899 1052
1056 1054 1050 972 973
1057 957 971 1055 970
1058 975 1052 1053 958
1059 974 1053 1054 973
1060 1055 902 1004 956
2 10 2 5
1061 1140 1147 1144
1062 981 1125 982
1063 1096 1127 1095
1064 1122 1135 1060
1065 1114 1137 1085
2 10 3 64
1066 1092 1093 1118 1109
1067 994 1130 1112 995
1068 996 1129 1116 997
1069 992 1131 1119 993
1070 1123 1138 990 989
1071 1119 1130 994 993
1072 1112 1129 996 995
1073 990 1138 1113 991
1074 1113 1131 992 991
1075 1120 1132 1068 1067
1076 953 998 1120 1067
1077 1069 1068 1132 1115
1078 1124 1070 1069 1115
1079 1139 1147 1133 1109
1080 1089 1134 1111 1088
1081 1091 1133 1110 1090
1082 1094 1056 1070 1124
1083 1093 1094 1124 1118
1084 1120 998 997 1116
1085 1110 1133 1147 1140
1086 1097 1098 1135 1122
1087 1076 1121 1099 1058
1088 1139 1109 1118 1136
1089 1111 1128 1087 1088
1090 1110 1134 1089 1090
1091 1109 1133 1091 1092
1092 1111 1134 1145 1141
1093 1124 1115 1136 1118
1094 1127 979 952 1095
1095 1116 1143 1132 1120
1096 1059 1077 1121 1076
1097 1082 1062 987 986
1098 1121 1135 1098 1099
1099 1138 1137 1142 1113
1100 1061 1082 986 985
1101 1140 1145 1134 1110
1102 1081 1061 985 984
1103 1128 1114 1086 1087
1104 1084 1085 1137 1126
1105 1080 1081 984 983
1106 1116 1129 1146 1143
1107 1114 1085 1063 1086
1108 983 982 1079 1080
1109 1062 1083 988 987
1110 1060 1078 1125 1117
1111 1145 1140 1130 1119
1112 988 1083 1123 989
1113 1112 1144 1146 1129
1114 1141 1145 1119 1131
1115 1077 1060 1135 1121
1116 1114 1128 1142 1137
1117 1142 1141 1131 1113
1118 1132 1143 1136 1115
1119 1130 1140 1144 1112
1120 1141 1142 1128 1111
1121 980 979 1127 1117
1122 1122 1060 1117 1127
1123 981 980 1117 1125
1124 1147 1139 1146 1144
1125 1143 1146 1139 1136
1126 1123 1083 1084 1126
1127 1079 982 1125 1078
1128 1096 1097 1122 1127
1129 1126 1137 1138 1123
2 50 2 5
1130 954 1071 968
1131 1073 1148 1072
1132 1075 1148 1074
1133 1069 1149 1070
1134 1067 1150 1068
2 50 3 7
1135 1073 1057 1074 1148
1136 967 968 1148 1150
1137 1148 968 1071 1072
1138 1148 1075 1149 1150
1139 967 1150 1067 953
1140 1150 1149 1069 1068
1141 1149 1075 1056 1070
2 41 2 1
1142 1103 1151 1102
2 41 3 4
1143 1065 1102 1151 1101
1144 1100 1064 1101 1151
1145 1100 1151 1076 1059
1146 1076 1151 1103 1058
2 10005 2 8
1147 1085 1063 1104
1148 1108 1152 1107
1149 1079 1152 1078
1150 1084 1153 1083
1151 1062 1154 1082
1152 1061 1155 1081
1153 1077 1157 1059
1154 1100 1108 1064
2 10005 3 12
1155 1154 1062 1083 1153
1156 1156 1155 1066 1106
1157 1155 1154 1105 1066
1158 1085 1104 1153 1084
1159 1156 1106 1107 1152
1160 1152 1108 1157 1078
1161 1153 1104 1105 1154
1162 1156 1152 1079 1080
1163 1060 1078 1157 1077
1164 1082 1154 1155 1061
1165 1081 1155 1156 1080
1166 1157 1108 1100 1059
2 10 2 5
1167 1244 1251 1248
1168 1187 1229 1188
1169 1206 1231 1205
1170 1226 1239 1163
1171 1218 1241 1184
2 10 3 64
1172 1092 1093 1222 1213
1173 1200 1234 1216 1201
1174 1202 1233 1220 1203
1175 1198 1235 1223 1199
1176 1227 1242 1196 1195
1177 1223 1234 1200 1199
1178 1216 1233 1202 1201
1179 1196 1242 1217 1197
1180 1217 1235 1198 1197
1181 1224 1236 1167 1166
1182 1159 1204 1224 1166
1183 1168 1167 1236 1219
1184 1228 1169 1168 1219
1185 1243 1251 1237 1213
1186 1089 1238 1215 1088
1187 1091 1237 1214 1090
1188 1094 1056 1169 1228
1189 1093 1094 1228 1222
1190 1224 1204 1203 1220
1191 1214 1237 1251 1244
1192 1207 1208 1239 1226
1193 1175 1225 1209 1161
1194 1243 1213 1222 1240
1195 1215 1232 1087 1088
1196 1214 1238 1089 1090
1197 1213 1237 1091 1092
1198 1215 1238 1249 1245
1199 1228 1219 1240 1222
1200 1231 1185 1158 1205
1201 1220 1247 1236 1224
1202 1162 1176 1225 1175
1203 1181 1165 1193 1192
1204 1225 1239 1208 1209
1205 1242 1241 1246 1217
1206 1164 1181 1192 1191
1207 1244 1249 1238 1214
1208 1180 1164 1191 1190
1209 1232 1218 1086 1087
1210 1183 1184 1241 1230
1211 1179 1180 1190 1189
1212 1220 1233 1250 1247
1213 1218 1184 1063 1086
1214 1189 1188 1178 1179
1215 1165 1182 1194 1193
1216 1163 1177 1229 1221
1217 1249 1244 1234 1223
1218 1194 1182 1227 1195
1219 1216 1248 1250 1233
1220 1245 1249 1223 1235
1221 1176 1163 1239 1225
1222 1218 1232 1246 1241
1223 1246 1245 1235 1217
1224 1236 1247 1240 1219
1225 1234 1244 1248 1216
1226 1245 1246 1232 1215
1227 1186 1185 1231 1221
1228 1226 1163 1221 1231
1229 1187 1186 1221 1229
1230 1251 1243 1250 1248
1231 1247 1250 1243 1240
1232 1227 1182 1183 1230
1233 1178 1188 1229 1177
1234 1206 1207 1226 1231
1235 1230 1241 1242 1227
2 50 2 5
1236 1160 1170 1174
1237 1172 1252 1171
1238 1075 1252 1074
1239 1168 1253 1169
1240 1166 1254 1167
2 50 3 7
1241 1172 1057 1074 1252
1242 1173 1174 1252 1254
1243 1252 1174 1170 1171
1244 1252 1075 1253 1254
1245 1173 1254 1166 1159
1246 1254 1253 1168 1167
1247 1253 1075 1056 1169
2 41 2 1
1248 1212 1255 1211
2 41 3 4
1249 1065 1211 1255 1101
1250 1210 1064 1101 1255
1251 1210 1255 1175 1162
1252 1175 1255 1212 1161
2 10005 2 8
1253 1184 1063 1104
1254 1108 1256 1107
1255 1178 1256 1177
1256 1183 1257 1182
1257 1165 1258 1181
1258 1164 1259 1180
1259 1176 1261 1162
1260 1210 1108 1064
2 10005 3 12
1261 1258 1165 1182 1257
1262 1260 1259 1066 1106
1263 1259 1258 1105 1066
1264 1184 1104 1257 1183
1265 1260 1106 1107 1256
1266 1256 1108 1261 1177
1267 1257 1104 1105 1258
1268 1260 1256 1178 1179
1269 1163 1177 1261 1176
1270 1181 1258 1259 1164
1271 1180 1259 1260 1179
1272 1261 1108 1210 1162
2 41 3 90
1273 1359 1354 1355 1358
1274 1262 1264 1357 1356
1275 1437 1276 1277 1436
1276 1362 1351 1352 1361
1277 1444 1269 1270 1443
1278 1442 1271 1272 1441
1279 1265 1263 1268 1445
1280 1443 1270 1271 1442
1281 1358 1355 1356 1357
1282 1438 1275 1276 1437
1283 1439 1274 1275 1438
1284 1367 1346 1347 1366
1285 1360 1353 1354 1359
1286 1361 1352 1353 1360
1287 1364 1349 1350 1363
1288 1366 1347 1348 1365
1289 1365 1348 1349 1364
1290 1370 1343 1344 1369
1291 1413 1300 1301 1412
1292 1373 1340 1341 1372
1293 1429 1284 1285 1428
1294 1422 1291 1292 1421
1295 1368 1345 1346 1367
1296 1363 1350 1351 1362
1297 1440 1273 1274 1439
1298 1441 1272 1273 1440
1299 1445 1268 1269 1444
1300 1433 1280 1281 1432
1301 1427 1286 1287 1426
1302 1435 1278 1279 1434
1303 1423 1290 1291 1422
1304 1426 1287 1288 1425
1305 1431 1282 1283 1430
1306 1436 1277 1278 1435
1307 1421 1292 1293 1420
1308 1432 1281 1282 1431
1309 1418 1295 1296 1417
1310 1428 1285 1286 1427
1311 1369 1344 1345 1368
1312 1434 1279 1280 1433
1313 1417 1296 1297 1416
1314 1374 1339 1340 1373
1315 1430 1283 1284 1429
1316 1382 1331 1332 1381
1317 1376 1337 1338 1375
1318 1390 1323 1324 1389
1319 1371 1342 1343 1370
1320 1378 1335 1336 1377
1321 1372 1341 1342 1371
1322 1377 1336 1337 1376
1323 1410 1303 1304 1409
1324 1416 1297 1298 1415
1325 1407 1306 1307 1406
1326 1401 1312 1313 1400
1327 1419 1294 1295 1418
1328 1375 1338 1339 1374
1329 1406 1307 1308 1405
1330 1379 1334 1335 1378
1331 1385 1328 1329 1384
1332 1389 1324 1325 1388
1333 1411 1302 1303 1410
1334 1425 1288 1289 1424
1335 1381 1332 1333 1380
1336 1384 1329 1330 1383
1337 1393 1320 1321 1392
1338 1396 1317 1318 1395
1339 1397 1316 1317 1396
1340 1420 1293 1294 1419
1341 1388 1325 1326 1387
1342 1392 1321 1322 1391
1343 1415 1298 1299 1414
1344 1414 1299 1300 1413
1345 1409 1304 1305 1408
1346 1424 1289 1290 1423
1347 1380 1333 1334 1379
1348 1412 1301 1302 1411
1349 1399 1314 1315 1398
1350 1403 1310 1311 1402
1351 1383 1330 1331 1382
1352 1395 1318 1319 1394
1353 1405 1308 1309 1404
1354 1387 1326 1327 1386
1355 1404 1309 1310 1403
1356 1400 1313 1314 1399
1357 1391 1322 1323 1390
1358 1386 1327 1328 1385
1359 1394 1319 1320 1393
1360 1402 1311 1312 1401
1361 1398 1315 1316 1397
1362 1408 1305 1306 1407
2 41 3 90
1363 1469 1380 1381 1470
1364 1435 1436 1525 1524
1365 1455 1366 1367 1456
1366 1458 1369 1370 1459
1367 1364 1365 1454 1453
1368 1460 1371 1372 1461
1369 1361 1362 1451 1450
1370 1357 1358 1447 1446
1371 1385 1386 1475 1474
1372 1449 1360 1361 1450
1373 1531 1442 1443 1532
1374 1528 1439 1440 1529
1375 1266 1264 1357 1446
1376 1432 1433 1522 1521
1377 1265 1267 1534 1445
1378 1431 1432 1521 1520
1379 1424 1425 1514 1513
1380 1362 1363 1452 1451
1381 1440 1441 1530 1529
1382 1363 1364 1453 1452
1383 1527 1438 1439 1528
1384 1532 1443 1444 1533
1385 1473 1384 1385 1474
1386 1471 1382 1383 1472
1387 1386 1387 1476 1475
1388 1444 1445 1534 1533
1389 1457 1368 1369 1458
1390 1454 1365 1366 1455
1391 1358 1359 1448 1447
1392 1472 1383 1384 1473
1393 1463 1374 1375 1464
1394 1390 1391 1480 1479
1395 1387 1388 1477 1476
1396 1470 1381 1382 1471
1397 1464 1375 1376 1465
1398 1466 1377 1378 1467
1399 1389 1390 1479 1478
1400 1392 1393 1482 1481
1401 1456 1367 1368 1457
1402 1448 1359 1360 1449
1403 1462 1373 1374 1463
1404 1468 1379 1380 1469
1405 1459 1370 1371 1460
1406 1388 1389 1478 1477
1407 1465 1376 1377 1466
1408 1467 1378 1379 1468
1409 1461 1372 1373 1462
1410 1411 1412 1501 1500
1411 1407 1408 1497 1496
1412 1419 1420 1509 1508
1413 1423 1424 1513 1512
1414 1393 1394 1483 1482
1415 1394 1395 1484 1483
1416 1427 1428 1517 1516
1417 1391 1392 1481 1480
1418 1429 1430 1519 1518
1419 1399 1400 1489 1488
1420 1410 1411 1500 1499
1421 1413 1414 1503 1502
1422 1437 1438 1527 1526
1423 1396 1397 1486 1485
1424 1397 1398 1487 1486
1425 1420 1421 1510 1509
1426 1421 1422 1511 1510
1427 1417 1418 1507 1506
1428 1436 1437 1526 1525
1429 1433 1434 1523 1522
1430 1441 1442 1531 1530
1431 1425 1426 1515 1514
1432 1434 1435 1524 1523
1433 1422 1423 1512 1511
1434 1418 1419 1508 1507
1435 1428 1429 1518 1517
1436 1430 1431 1520 1519
1437 1415 1416 1505 1504
1438 1426 1427 1516 1515
1439 1414 1415 1504 1503
1440 1406 1407 1496 1495
1441 1395 1396 1485 1484
1442 1403 1404 1493 1492
1443 1405 1406 1495 1494
1444 1404 1405 1494 1493
1445 1398 1399 1488 1487
1446 1400 1401 1490 1489
1447 1401 1402 1491 1490
1448 1416 1417 1506 1505
1449 1408 1409 1498 1497
1450 1409 1410 1499 1498
1451 1402 1403 1492 1491
1452 1412 1413 1502 1501
2 41 2 198
1453 1461 1460 271
1454 1448 1447 67
1455 1449 1448 68
1456 1450 1449 69
1457 1451 1450 6
1458 1452 1451 72
1459 1453 1452 13
1460 1454 1453 181
1461 1455 1454 131
1462 1456 1455 179
1463 1457 1456 178
1464 1458 1457 177
1465 1459 1458 176
1466 1460 1459 175
1467 1462 1461 272
1468 1463 1462 273
1469 1464 1463 274
1470 1465 1464 275
1471 1466 1465 234
1472 1467 1466 278
1473 1468 1467 241
1474 1469 1468 387
1475 1470 1469 337
1476 1471 1470 385
1477 1472 1471 384
1478 1473 1472 383
1479 1474 1473 382
1480 1475 1474 381
1481 1476 1475 477
1482 1477 1476 478
1483 1478 1477 479
1484 1479 1478 480
1485 1480 1479 481
1486 1481 1480 440
1487 1482 1481 484
1488 1483 1482 447
1489 1484 1483 593
1490 1485 1484 543
1491 1486 1485 591
1492 1487 1486 590
1493 1488 1487 589
1494 1489 1488 588
1495 1490 1489 587
1496 1491 1490 683
1497 1492 1491 684
1498 1493 1492 685
1499 1494 1493 686
1500 587 540 1490
1501 1496 1495 646
1502 1497 1496 690
1503 1498 1497 653
1504 1499 1498 799
1505 1500 1499 749
1506 1501 1500 797
1507 1502 1501 796
1508 1503 1502 795
1509 1504 1503 794
1510 1505 1504 793
1511 1506 1505 889
1512 1507 1506 890
1513 1508 1507 891
1514 1509 1508 892
1515 1510 1509 893
1516 1511 1510 852
1517 1512 1511 896
1518 1513 1512 859
1519 1514 1513 1005
1520 1515 1514 955
1521 1516 1515 1003
1522 1517 1516 1002
1523 1518 1517 1001
1524 1519 1518 1000
1525 1520 1519 999
1526 1521 1520 1095
1527 1522 1521 1096
1528 1523 1522 1097
1529 1524 1523 1098
1530 1525 1524 1099
1531 1526 1525 1058
1532 1527 1526 1102
1533 1528 1527 1065
1534 1529 1528 1211
1535 1530 1529 1161
1536 1531 1530 1209
1537 1532 1531 1208
1538 1533 1532 1207
1539 1534 1533 1206
1540 1267 1534 1205
1541 1267 1205 1158
1542 1447 1446 66
1543 1446 1266 65
1544 1 65 1266
1545 65 66 1446
1546 66 67 1447
1547 67 68 1448
1548 68 69 1449
1549 69 6 1450
1550 6 73 1451
1551 73 72 1451
1552 72 13 1452
1553 13 181 1453
1554 181 182 1454
1555 182 131 1454
1556 131 179 1455
1557 179 178 1456
1558 178 177 1457
1559 177 176 1458
1560 176 175 1459
1561 175 128 1460
1562 128 271 1460
1563 271 272 1461
1564 272 273 1462
1565 273 274 1463
1566 274 275 1464
1567 275 234 1465
1568 234 279 1466
1569 279 278 1466
1570 278 241 1467
1571 241 387 1468
1572 387 388 1469
1573 388 337 1469
1574 337 385 1470
1575 385 384 1471
1576 384 383 1472
1577 383 382 1473
1578 382 381 1474
1579 381 334 1475
1580 334 477 1475
1581 477 478 1476
1582 478 479 1477
1583 479 480 1478
1584 480 481 1479
1585 481 440 1480
1586 440 485 1481
1587 485 484 1481
1588 484 447 1482
1589 447 593 1483
1590 593 594 1484
1591 594 543 1484
1592 543 591 1485
1593 591 590 1486
1594 590 589 1487
1595 589 588 1488
1596 588 587 1489
1597 1495 1494 687
1598 540 683 1490
1599 683 684 1491
1600 684 685 1492
1601 685 686 1493
1602 686 687 1494
1603 687 646 1495
1604 646 691 1496
1605 691 690 1496
1606 690 653 1497
1607 653 799 1498
1608 799 800 1499
1609 800 749 1499
1610 749 797 1500
1611 797 796 1501
1612 796 795 1502
1613 795 794 1503
1614 794 793 1504
1615 793 746 1505
1616 746 889 1505
1617 889 890 1506
1618 890 891 1507
1619 891 892 1508
1620 892 893 1509
1621 893 852 1510
1622 852 897 1511
1623 897 896 1511
1624 896 859 1512
1625 859 1005 1513
1626 1005 1006 1514
1627 1006 955 1514
1628 955 1003 1515
1629 1003 1002 1516
1630 1002 1001 1517
1631 1001 1000 1518
1632 1000 999 1519
1633 999 952 1520
1634 952 1095 1520
1635 1095 1096 1521
1636 1096 1097 1522
1637 1097 1098 1523
1638 1098 1099 1524
1639 1099 1058 1525
1640 1058 1103 1526
1641 1103 1102 1526
1642 1102 1065 1527
1643 1065 1211 1528
1644 1211 1212 1529
1645 1212 1161 1529
1646 1161 1209 1530
1647 1209 1208 1531
1648 1208 1207 1532
1649 1207 1206 1533
1650 1206 1205 1534
$EndElements
