$MeshFormat
4.1 0 8
$EndMeshFormat
$PhysicalNames
5
0 99 "slide_point"
2 20 "rotor"
2 40 "air"
2 30 "shaft"
2 50 "outair"
$EndPhysicalNames
$Entities
1 0 4 0
99 0.02775 0.0 0.0 1 99
20 0 0 0 1 1 1 1 20 0
30 0 0 0 1 1 1 1 30 0
40 0 0 0 1 1 1 1 40 0
50 0 0 0 1 1 1 1 50 0
$EndEntities
$Nodes
2 2703 1 2703
0 99 0 1
2431
2.7750000000000000e-02 0.0000000000000000e+00 0.0000000000000000e+00
2 1 0 2702
1
2
3
4
5
6
7
8
9
10
11
12
13
14
15
16
17
18
19
20
21
22
23
24
25
26
27
28
29
30
31
32
33
34
35
36
37
38
39
40
41
42
43
44
45
46
47
48
49
50
51
52
53
54
55
56
57
58
59
60
61
62
63
64
65
66
67
68
69
70
71
72
73
74
75
76
77
78
79
80
81
82
83
84
85
86
87
88
89
90
91
92
93
94
95
96
97
98
99
100
101
102
103
104
105
106
107
108
109
110
111
112
113
114
115
116
117
118
119
120
121
122
123
124
125
126
127
128
129
130
131
132
133
134
135
136
137
138
139
140
141
142
143
144
145
146
147
148
149
150
151
152
153
154
155
156
157
158
159
160
161
162
163
164
165
166
167
168
169
170
171
172
173
174
175
176
177
178
179
180
181
182
183
184
185
186
187
188
189
190
191
192
193
194
195
196
197
198
199
200
201
202
203
204
205
206
207
208
209
210
211
212
213
214
215
216
217
218
219
220
221
222
223
224
225
226
227
228
229
230
231
232
233
234
235
236
237
238
239
240
241
242
243
244
245
246
247
248
249
250
251
252
253
254
255
256
257
258
259
260
261
262
263
264
265
266
267
268
269
270
271
272
273
274
275
276
277
278
279
280
281
282
283
284
285
286
287
288
289
290
291
292
293
294
295
296
297
298
299
300
301
302
303
304
305
306
307
308
309
310
311
312
313
314
315
316
317
318
319
320
321
322
323
324
325
326
327
328
329
330
331
332
333
334
335
336
337
338
339
340
341
342
343
344
345
346
347
348
349
350
351
352
353
354
355
356
357
358
359
360
361
362
363
364
365
366
367
368
369
370
371
372
373
374
375
376
377
378
379
380
381
382
383
384
385
386
387
388
389
390
391
392
393
394
395
396
397
398
399
400
401
402
403
404
405
406
407
408
409
410
411
412
413
414
415
416
417
418
419
420
421
422
423
424
425
426
427
428
429
430
431
432
433
434
435
436
437
438
439
440
441
442
443
444
445
446
447
448
449
450
451
452
453
454
455
456
457
458
459
460
461
462
463
464
465
466
467
468
469
470
471
472
473
474
475
476
477
478
479
480
481
482
483
484
485
486
487
488
489
490
491
492
493
494
495
496
497
498
499
500
501
502
503
504
505
506
507
508
509
510
511
512
513
514
515
516
517
518
519
520
521
522
523
524
525
526
527
528
529
530
531
532
533
534
535
536
537
538
539
540
541
542
543
544
545
546
547
548
549
550
551
552
553
554
555
556
557
558
559
560
561
562
563
564
565
566
567
568
569
570
571
572
573
574
575
576
577
578
579
580
581
582
583
584
585
586
587
588
589
590
591
592
593
594
595
596
597
598
599
600
601
602
603
604
605
606
607
608
609
610
611
612
613
614
615
616
617
618
619
620
621
622
623
624
625
626
627
628
629
630
631
632
633
634
635
636
637
638
639
640
641
642
643
644
645
646
647
648
649
650
651
652
653
654
655
656
657
658
659
660
661
662
663
664
665
666
667
668
669
670
671
672
673
674
675
676
677
678
679
680
681
682
683
684
685
686
687
688
689
690
691
692
693
694
695
696
697
698
699
700
701
702
703
704
705
706
707
708
709
710
711
712
713
714
715
716
717
718
719
720
721
722
723
724
725
726
727
728
729
730
731
732
733
734
735
736
737
738
739
740
741
742
743
744
745
746
747
748
749
750
751
752
753
754
755
756
757
758
759
760
761
762
763
764
765
766
767
768
769
770
771
772
773
774
775
776
777
778
779
780
781
782
783
784
785
786
787
788
789
790
791
792
793
794
795
796
797
798
799
800
801
802
803
804
805
806
807
808
809
810
811
812
813
814
815
816
817
818
819
820
821
822
823
824
825
826
827
828
829
830
831
832
833
834
835
836
837
838
839
840
841
842
843
844
845
846
847
848
849
850
851
852
853
854
855
856
857
858
859
860
861
862
863
864
865
866
867
868
869
870
871
872
873
874
875
876
877
878
879
880
881
882
883
884
885
886
887
888
889
890
891
892
893
894
895
896
897
898
899
900
901
902
903
904
905
906
907
908
909
910
911
912
913
914
915
916
917
918
919
920
921
922
923
924
925
926
927
928
929
930
931
932
933
934
935
936
937
938
939
940
941
942
943
944
945
946
947
948
949
950
951
952
953
954
955
956
957
958
959
960
961
962
963
964
965
966
967
968
969
970
971
972
973
974
975
976
977
978
979
980
981
982
983
984
985
986
987
988
989
990
991
992
993
994
995
996
997
998
999
1000
1001
1002
1003
1004
1005
1006
1007
1008
1009
1010
1011
1012
1013
1014
1015
1016
1017
1018
1019
1020
1021
1022
1023
1024
1025
1026
1027
1028
1029
1030
1031
1032
1033
1034
1035
1036
1037
1038
1039
1040
1041
1042
1043
1044
1045
1046
1047
1048
1049
1050
1051
1052
1053
1054
1055
1056
1057
1058
1059
1060
1061
1062
1063
1064
1065
1066
1067
1068
1069
1070
1071
1072
1073
1074
1075
1076
1077
1078
1079
1080
1081
1082
1083
1084
1085
1086
1087
1088
1089
1090
1091
1092
1093
1094
1095
1096
1097
1098
1099
1100
1101
1102
1103
1104
1105
1106
1107
1108
1109
1110
1111
1112
1113
1114
1115
1116
1117
1118
1119
1120
1121
1122
1123
1124
1125
1126
1127
1128
1129
1130
1131
1132
1133
1134
1135
1136
1137
1138
1139
1140
1141
1142
1143
1144
1145
1146
1147
1148
1149
1150
1151
1152
1153
1154
1155
1156
1157
1158
1159
1160
1161
1162
1163
1164
1165
1166
1167
1168
1169
1170
1171
1172
1173
1174
1175
1176
1177
1178
1179
1180
1181
1182
1183
1184
1185
1186
1187
1188
1189
1190
1191
1192
1193
1194
1195
1196
1197
1198
1199
1200
1201
1202
1203
1204
1205
1206
1207
1208
1209
1210
1211
1212
1213
1214
1215
1216
1217
1218
1219
1220
1221
1222
1223
1224
1225
1226
1227
1228
1229
1230
1231
1232
1233
1234
1235
1236
1237
1238
1239
1240
1241
1242
1243
1244
1245
1246
1247
1248
1249
1250
1251
1252
1253
1254
1255
1256
1257
1258
1259
1260
1261
1262
1263
1264
1265
1266
1267
1268
1269
1270
1271
1272
1273
1274
1275
1276
1277
1278
1279
1280
1281
1282
1283
1284
1285
1286
1287
1288
1289
1290
1291
1292
1293
1294
1295
1296
1297
1298
1299
1300
1301
1302
1303
1304
1305
1306
1307
1308
1309
1310
1311
1312
1313
1314
1315
1316
1317
1318
1319
1320
1321
1322
1323
1324
1325
1326
1327
1328
1329
1330
1331
1332
1333
1334
1335
1336
1337
1338
1339
1340
1341
1342
1343
1344
1345
1346
1347
1348
1349
1350
1351
1352
1353
1354
1355
1356
1357
1358
1359
1360
1361
1362
1363
1364
1365
1366
1367
1368
1369
1370
1371
1372
1373
1374
1375
1376
1377
1378
1379
1380
1381
1382
1383
1384
1385
1386
1387
1388
1389
1390
1391
1392
1393
1394
1395
1396
1397
1398
1399
1400
1401
1402
1403
1404
1405
1406
1407
1408
1409
1410
1411
1412
1413
1414
1415
1416
1417
1418
1419
1420
1421
1422
1423
1424
1425
1426
1427
1428
1429
1430
1431
1432
1433
1434
1435
1436
1437
1438
1439
1440
1441
1442
1443
1444
1445
1446
1447
1448
1449
1450
1451
1452
1453
1454
1455
1456
1457
1458
1459
1460
1461
1462
1463
1464
1465
1466
1467
1468
1469
1470
1471
1472
1473
1474
1475
1476
1477
1478
1479
1480
1481
1482
1483
1484
1485
1486
1487
1488
1489
1490
1491
1492
1493
1494
1495
1496
1497
1498
1499
1500
1501
1502
1503
1504
1505
1506
1507
1508
1509
1510
1511
1512
1513
1514
1515
1516
1517
1518
1519
1520
1521
1522
1523
1524
1525
1526
1527
1528
1529
1530
1531
1532
1533
1534
1535
1536
1537
1538
1539
1540
1541
1542
1543
1544
1545
1546
1547
1548
1549
1550
1551
1552
1553
1554
1555
1556
1557
1558
1559
1560
1561
1562
1563
1564
1565
1566
1567
1568
1569
1570
1571
1572
1573
1574
1575
1576
1577
1578
1579
1580
1581
1582
1583
1584
1585
1586
1587
1588
1589
1590
1591
1592
1593
1594
1595
1596
1597
1598
1599
1600
1601
1602
1603
1604
1605
1606
1607
1608
1609
1610
1611
1612
1613
1614
1615
1616
1617
1618
1619
1620
1621
1622
1623
1624
1625
1626
1627
1628
1629
1630
1631
1632
1633
1634
1635
1636
1637
1638
1639
1640
1641
1642
1643
1644
1645
1646
1647
1648
1649
1650
1651
1652
1653
1654
1655
1656
1657
1658
1659
1660
1661
1662
1663
1664
1665
1666
1667
1668
1669
1670
1671
1672
1673
1674
1675
1676
1677
1678
1679
1680
1681
1682
1683
1684
1685
1686
1687
1688
1689
1690
1691
1692
1693
1694
1695
1696
1697
1698
1699
1700
1701
1702
1703
1704
1705
1706
1707
1708
1709
1710
1711
1712
1713
1714
1715
1716
1717
1718
1719
1720
1721
1722
1723
1724
1725
1726
1727
1728
1729
1730
1731
1732
1733
1734
1735
1736
1737
1738
1739
1740
1741
1742
1743
1744
1745
1746
1747
1748
1749
1750
1751
1752
1753
1754
1755
1756
1757
1758
1759
1760
1761
1762
1763
1764
1765
1766
1767
1768
1769
1770
1771
1772
1773
1774
1775
1776
1777
1778
1779
1780
1781
1782
1783
1784
1785
1786
1787
1788
1789
1790
1791
1792
1793
1794
1795
1796
1797
1798
1799
1800
1801
1802
1803
1804
1805
1806
1807
1808
1809
1810
1811
1812
1813
1814
1815
1816
1817
1818
1819
1820
1821
1822
1823
1824
1825
1826
1827
1828
1829
1830
1831
1832
1833
1834
1835
1836
1837
1838
1839
1840
1841
1842
1843
1844
1845
1846
1847
1848
1849
1850
1851
1852
1853
1854
1855
1856
1857
1858
1859
1860
1861
1862
1863
1864
1865
1866
1867
1868
1869
1870
1871
1872
1873
1874
1875
1876
1877
1878
1879
1880
1881
1882
1883
1884
1885
1886
1887
1888
1889
1890
1891
1892
1893
1894
1895
1896
1897
1898
1899
1900
1901
1902
1903
1904
1905
1906
1907
1908
1909
1910
1911
1912
1913
1914
1915
1916
1917
1918
1919
1920
1921
1922
1923
1924
1925
1926
1927
1928
1929
1930
1931
1932
1933
1934
1935
1936
1937
1938
1939
1940
1941
1942
1943
1944
1945
1946
1947
1948
1949
1950
1951
1952
1953
1954
1955
1956
1957
1958
1959
1960
1961
1962
1963
1964
1965
1966
1967
1968
1969
1970
1971
1972
1973
1974
1975
1976
1977
1978
1979
1980
1981
1982
1983
1984
1985
1986
1987
1988
1989
1990
1991
1992
1993
1994
1995
1996
1997
1998
1999
2000
2001
2002
2003
2004
2005
2006
2007
2008
2009
2010
2011
2012
2013
2014
2015
2016
2017
2018
2019
2020
2021
2022
2023
2024
2025
2026
2027
2028
2029
2030
2031
2032
2033
2034
2035
2036
2037
2038
2039
2040
2041
2042
2043
2044
2045
2046
2047
2048
2049
2050
2051
2052
2053
2054
2055
2056
2057
2058
2059
2060
2061
2062
2063
2064
2065
2066
2067
2068
2069
2070
2071
2072
2073
2074
2075
2076
2077
2078
2079
2080
2081
2082
2083
2084
2085
2086
2087
2088
2089
2090
2091
2092
2093
2094
2095
2096
2097
2098
2099
2100
2101
2102
2103
2104
2105
2106
2107
2108
2109
2110
2111
2112
2113
2114
2115
2116
2117
2118
2119
2120
2121
2122
2123
2124
2125
2126
2127
2128
2129
2130
2131
2132
2133
2134
2135
2136
2137
2138
2139
2140
2141
2142
2143
2144
2145
2146
2147
2148
2149
2150
2151
2152
2153
2154
2155
2156
2157
2158
2159
2160
2161
2162
2163
2164
2165
2166
2167
2168
2169
2170
2171
2172
2173
2174
2175
2176
2177
2178
2179
2180
2181
2182
2183
2184
2185
2186
2187
2188
2189
2190
2191
2192
2193
2194
2195
2196
2197
2198
2199
2200
2201
2202
2203
2204
2205
2206
2207
2208
2209
2210
2211
2212
2213
2214
2215
2216
2217
2218
2219
2220
2221
2222
2223
2224
2225
2226
2227
2228
2229
2230
2231
2232
2233
2234
2235
2236
2237
2238
2239
2240
2241
2242
2243
2244
2245
2246
2247
2248
2249
2250
2251
2252
2253
2254
2255
2256
2257
2258
2259
2260
2261
2262
2263
2264
2265
2266
2267
2268
2269
2270
2271
2272
2273
2274
2275
2276
2277
2278
2279
2280
2281
2282
2283
2284
2285
2286
2287
2288
2289
2290
2291
2292
2293
2294
2295
2296
2297
2298
2299
2300
2301
2302
2303
2304
2305
2306
2307
2308
2309
2310
2311
2312
2313
2314
2315
2316
2317
2318
2319
2320
2321
2322
2323
2324
2325
2326
2327
2328
2329
2330
2331
2332
2333
2334
2335
2336
2337
2338
2339
2340
2341
2342
2343
2344
2345
2346
2347
2348
2349
2350
2351
2352
2353
2354
2355
2356
2357
2358
2359
2360
2361
2362
2363
2364
2365
2366
2367
2368
2369
2370
2371
2372
2373
2374
2375
2376
2377
2378
2379
2380
2381
2382
2383
2384
2385
2386
2387
2388
2389
2390
2391
2392
2393
2394
2395
2396
2397
2398
2399
2400
2401
2402
2403
2404
2405
2406
2407
2408
2409
2410
2411
2412
2413
2414
2415
2416
2417
2418
2419
2420
2421
2422
2423
2424
2425
2426
2427
2428
2429
2430
2432
2433
2434
2435
2436
2437
2438
2439
2440
2441
2442
2443
2444
2445
2446
2447
2448
2449
2450
2451
2452
2453
2454
2455
2456
2457
2458
2459
2460
2461
2462
2463
2464
2465
2466
2467
2468
2469
2470
2471
2472
2473
2474
2475
2476
2477
2478
2479
2480
2481
2482
2483
2484
2485
2486
2487
2488
2489
2490
2491
2492
2493
2494
2495
2496
2497
2498
2499
2500
2501
2502
2503
2504
2505
2506
2507
2508
2509
2510
2511
2512
2513
2514
2515
2516
2517
2518
2519
2520
2521
2522
2523
2524
2525
2526
2527
2528
2529
2530
2531
2532
2533
2534
2535
2536
2537
2538
2539
2540
2541
2542
2543
2544
2545
2546
2547
2548
2549
2550
2551
2552
2553
2554
2555
2556
2557
2558
2559
2560
2561
2562
2563
2564
2565
2566
2567
2568
2569
2570
2571
2572
2573
2574
2575
2576
2577
2578
2579
2580
2581
2582
2583
2584
2585
2586
2587
2588
2589
2590
2591
2592
2593
2594
2595
2596
2597
2598
2599
2600
2601
2602
2603
2604
2605
2606
2607
2608
2609
2610
2611
2612
2613
2614
2615
2616
2617
2618
2619
2620
2621
2622
2623
2624
2625
2626
2627
2628
2629
2630
2631
2632
2633
2634
2635
2636
2637
2638
2639
2640
2641
2642
2643
2644
2645
2646
2647
2648
2649
2650
2651
2652
2653
2654
2655
2656
2657
2658
2659
2660
2661
2662
2663
2664
2665
2666
2667
2668
2669
2670
2671
2672
2673
2674
2675
2676
2677
2678
2679
2680
2681
2682
2683
2684
2685
2686
2687
2688
2689
2690
2691
2692
2693
2694
2695
2696
2697
2698
2699
2700
2701
2702
2703
2.7500000000000000e-02 0.0000000000000000e+00 0.0000000000000000e+00
1.9445436482630061e-02 1.9445436482630061e-02 0.0000000000000000e+00
8.0000000000000002e-03 0.0000000000000000e+00 0.0000000000000000e+00
5.6568542494923810e-03 5.6568542494923810e-03 0.0000000000000000e+00
5.3333333333333340e-03 0.0000000000000000e+00 0.0000000000000000e+00
3.7712361663282540e-03 3.7712361663282540e-03 0.0000000000000000e+00
2.7495619077437590e-02 4.9084778541826600e-04 0.0000000000000000e+00
2.7482477705567269e-02 9.8153918057196452e-04 0.0000000000000000e+00
2.7460580071395041e-02 1.4719178450244110e-03 0.0000000000000000e+00
2.7429933151781969e-02 1.9618275379788852e-03 0.0000000000000000e+00
2.7390546711221261e-02 2.4511121680588360e-03 0.0000000000000000e+00
2.7342433298727181e-02 2.9396158430406022e-03 0.0000000000000000e+00
2.7285608243836759e-02 3.4271829195226052e-03 0.0000000000000000e+00
2.7220089651725649e-02 3.9136580525153354e-03 0.0000000000000000e+00
2.7145898397439559e-02 4.3988862449361532e-03 0.0000000000000000e+00
2.7063058119243189e-02 4.8827128969933398e-03 0.0000000000000000e+00
2.6971595211088838e-02 5.3649838554435166e-03 0.0000000000000000e+00
2.6871538814206890e-02 5.8455454627068517e-03 0.0000000000000000e+00
2.6762920807821101e-02 6.3242446058242099e-03 0.0000000000000000e+00
2.6645775798991449e-02 6.8009287652409257e-03 0.0000000000000000e+00
2.6520141111587941e-02 7.2754460634014114e-03 0.0000000000000000e+00
2.6386056774398679e-02 7.7476453131393079e-03 0.0000000000000000e+00
2.6243565508376261e-02 8.2173760658475429e-03 0.0000000000000000e+00
2.6092712713026291e-02 8.6844886594131723e-03 0.0000000000000000e+00
2.5933546451942589e-02 9.1488342659016477e-03 0.0000000000000000e+00
2.5766117437493449e-02 9.6102649389751965e-03 0.0000000000000000e+00
2.5590479014664130e-02 1.0068633661030430e-02 0.0000000000000000e+00
2.5406687144060389e-02 1.0523794390039950e-02 0.0000000000000000e+00
2.5214800384078799e-02 1.0975602106083280e-02 0.0000000000000000e+00
2.5014879872249259e-02 1.1423912857551869e-02 0.0000000000000000e+00
2.4806989305755839e-02 1.1868583807014010e-02 0.0000000000000000e+00
2.4591194921142059e-02 1.2309473276724591e-02 0.0000000000000000e+00
2.4367565473207072e-02 1.2746440793765400e-02 0.0000000000000000e+00
2.4136172213099528e-02 1.3179347134801560e-02 0.0000000000000000e+00
2.3897088865616090e-02 1.3608054370439861e-02 0.0000000000000000e+00
2.3650391605711758e-02 1.4032425909174751e-02 0.0000000000000000e+00
2.3396159034229601e-02 1.4452326540908099e-02 0.0000000000000000e+00
2.3134472152857480e-02 1.4867622480028930e-02 0.0000000000000000e+00
2.2865414338319991e-02 1.5278181408039059e-02 0.0000000000000000e+00
2.2589071315813520e-02 1.5683872515711520e-02 0.0000000000000000e+00
2.2305531131693129e-02 1.6084566544767961e-02 0.0000000000000000e+00
2.2014884125419909e-02 1.6480135829062052e-02 0.0000000000000000e+00
2.1717222900777679e-02 1.6870454335255400e-02 0.0000000000000000e+00
2.1412642296368259e-02 1.7255397702973439e-02 0.0000000000000000e+00
2.1101239355394701e-02 1.7634843284428190e-02 0.0000000000000000e+00
2.0783113294742101e-02 1.8008670183495341e-02 0.0000000000000000e+00
2.0458365473365849e-02 1.8376759294233359e-02 0.0000000000000000e+00
2.0127099359997441e-02 1.8738993338832020e-02 0.0000000000000000e+00
1.9789420500177970e-02 1.9095256904978680e-02 0.0000000000000000e+00
7.9874145201425332e-03 4.4856357789753329e-04 0.0000000000000000e+00
7.9496976791459412e-03 8.9571580882646191e-04 0.0000000000000000e+00
7.8869681481458873e-03 1.3400497864378899e-03 0.0000000000000000e+00
7.7994232974545894e-03 1.7801674716505140e-03 0.0000000000000000e+00
7.6873385755607971e-03 2.2146840913987941e-03 0.0000000000000000e+00
7.5510666424669429e-03 2.6422324956413318e-03 0.0000000000000000e+00
7.3910362600902958e-03 3.0614674589207139e-03 0.0000000000000000e+00
7.2077509432193531e-03 3.4710699129404639e-03 0.0000000000000000e+00
7.0017873752700301e-03 3.8697510968419180e-03 0.0000000000000000e+00
6.7737935938262722e-03 4.2562566121226936e-03 0.0000000000000000e+00
6.5244869516740793e-03 4.6293703694384484e-03 0.0000000000000000e+00
6.2546518597442367e-03 4.9879184148698703e-03 0.0000000000000000e+00
5.9651373190653216e-03 5.3307726236160357e-03 0.0000000000000000e+00
2.7000744915686489e-02 0.0000000000000000e+00 0.0000000000000000e+00
2.6500725312642109e-02 0.0000000000000000e+00 0.0000000000000000e+00
2.6000705709597730e-02 0.0000000000000000e+00 0.0000000000000000e+00
2.5500686106553351e-02 0.0000000000000000e+00 0.0000000000000000e+00
2.5000666503508961e-02 0.0000000000000000e+00 0.0000000000000000e+00
2.4500646900464589e-02 0.0000000000000000e+00 0.0000000000000000e+00
2.4000627297420200e-02 0.0000000000000000e+00 0.0000000000000000e+00
2.3500607694375820e-02 0.0000000000000000e+00 0.0000000000000000e+00
2.3000588091331441e-02 0.0000000000000000e+00 0.0000000000000000e+00
2.2500568488287059e-02 0.0000000000000000e+00 0.0000000000000000e+00
2.2000548885242679e-02 0.0000000000000000e+00 0.0000000000000000e+00
2.1500529282198300e-02 0.0000000000000000e+00 0.0000000000000000e+00
2.1000509679153921e-02 0.0000000000000000e+00 0.0000000000000000e+00
2.0500490076109538e-02 0.0000000000000000e+00 0.0000000000000000e+00
2.0000470473065159e-02 0.0000000000000000e+00 0.0000000000000000e+00
1.9500450870020780e-02 0.0000000000000000e+00 0.0000000000000000e+00
1.9000431266976401e-02 0.0000000000000000e+00 0.0000000000000000e+00
1.8500411663932011e-02 0.0000000000000000e+00 0.0000000000000000e+00
1.8000392060887629e-02 0.0000000000000000e+00 0.0000000000000000e+00
1.7500372457843239e-02 0.0000000000000000e+00 0.0000000000000000e+00
1.7000352854798860e-02 0.0000000000000000e+00 0.0000000000000000e+00
1.6500333251754481e-02 0.0000000000000000e+00 0.0000000000000000e+00
1.6000313648710091e-02 0.0000000000000000e+00 0.0000000000000000e+00
1.5500294045665710e-02 0.0000000000000000e+00 0.0000000000000000e+00
1.5000274442621329e-02 0.0000000000000000e+00 0.0000000000000000e+00
1.4500254839576950e-02 0.0000000000000000e+00 0.0000000000000000e+00
1.4000235236532561e-02 0.0000000000000000e+00 0.0000000000000000e+00
1.3500215633488180e-02 0.0000000000000000e+00 0.0000000000000000e+00
1.3000196030443790e-02 0.0000000000000000e+00 0.0000000000000000e+00
1.2500176427399409e-02 0.0000000000000000e+00 0.0000000000000000e+00
1.2000156824355030e-02 0.0000000000000000e+00 0.0000000000000000e+00
1.1500137221310641e-02 0.0000000000000000e+00 0.0000000000000000e+00
1.1000117618266260e-02 0.0000000000000000e+00 0.0000000000000000e+00
1.0500098015221891e-02 0.0000000000000000e+00 0.0000000000000000e+00
1.0000078412177510e-02 0.0000000000000000e+00 0.0000000000000000e+00
9.5000588091331307e-03 0.0000000000000000e+00 0.0000000000000000e+00
9.0000392060887550e-03 0.0000000000000000e+00 0.0000000000000000e+00
8.5000196030443793e-03 0.0000000000000000e+00 0.0000000000000000e+00
1.9092409826970119e-02 1.9092409826970119e-02 0.0000000000000000e+00
1.8738842574931230e-02 1.8738842574931230e-02 0.0000000000000000e+00
1.8385275322892341e-02 1.8385275322892341e-02 0.0000000000000000e+00
1.8031708070853449e-02 1.8031708070853449e-02 0.0000000000000000e+00
1.7678140818814560e-02 1.7678140818814560e-02 0.0000000000000000e+00
1.7324573566775671e-02 1.7324573566775671e-02 0.0000000000000000e+00
1.6971006314736789e-02 1.6971006314736789e-02 0.0000000000000000e+00
1.6617439062697900e-02 1.6617439062697900e-02 0.0000000000000000e+00
1.6263871810659011e-02 1.6263871810659011e-02 0.0000000000000000e+00
1.5910304558620119e-02 1.5910304558620119e-02 0.0000000000000000e+00
1.5556737306581241e-02 1.5556737306581241e-02 0.0000000000000000e+00
1.5203170054542350e-02 1.5203170054542350e-02 0.0000000000000000e+00
1.4849602802503459e-02 1.4849602802503459e-02 0.0000000000000000e+00
1.4496035550464579e-02 1.4496035550464579e-02 0.0000000000000000e+00
1.4142468298425690e-02 1.4142468298425690e-02 0.0000000000000000e+00
1.3788901046386800e-02 1.3788901046386800e-02 0.0000000000000000e+00
1.3435333794347909e-02 1.3435333794347909e-02 0.0000000000000000e+00
1.3081766542309020e-02 1.3081766542309020e-02 0.0000000000000000e+00
1.2728199290270140e-02 1.2728199290270140e-02 0.0000000000000000e+00
1.2374632038231239e-02 1.2374632038231239e-02 0.0000000000000000e+00
1.2021064786192359e-02 1.2021064786192359e-02 0.0000000000000000e+00
1.1667497534153470e-02 1.1667497534153470e-02 0.0000000000000000e+00
1.1313930282114580e-02 1.1313930282114580e-02 0.0000000000000000e+00
1.0960363030075689e-02 1.0960363030075689e-02 0.0000000000000000e+00
1.0606795778036800e-02 1.0606795778036800e-02 0.0000000000000000e+00
1.0253228525997910e-02 1.0253228525997910e-02 0.0000000000000000e+00
9.8996612739590210e-03 9.8996612739590210e-03 0.0000000000000000e+00
9.5460940219201339e-03 9.5460940219201339e-03 0.0000000000000000e+00
9.1925267698812433e-03 9.1925267698812433e-03 0.0000000000000000e+00
8.8389595178423545e-03 8.8389595178423545e-03 0.0000000000000000e+00
8.4853922658034656e-03 8.4853922658034656e-03 0.0000000000000000e+00
8.1318250137645768e-03 8.1318250137645768e-03 0.0000000000000000e+00
7.7782577617256914e-03 7.7782577617256914e-03 0.0000000000000000e+00
7.4246905096868078e-03 7.4246905096868078e-03 0.0000000000000000e+00
7.0711232576479224e-03 7.0711232576479224e-03 0.0000000000000000e+00
6.7175560056090353e-03 6.7175560056090353e-03 0.0000000000000000e+00
6.3639887535701517e-03 6.3639887535701517e-03 0.0000000000000000e+00
6.0104215015312681e-03 6.0104215015312681e-03 0.0000000000000000e+00
5.2308548288172302e-03 1.0404817174193490e-03 0.0000000000000000e+00
4.9273575067268639e-03 2.0409783059471449e-03 0.0000000000000000e+00
4.4345045989469074e-03 2.9630412427712142e-03 0.0000000000000000e+00
6.0000000000000010e-03 0.0000000000000000e+00 0.0000000000000000e+00
6.6666666666666680e-03 0.0000000000000000e+00 0.0000000000000000e+00
7.3333333333333349e-03 0.0000000000000000e+00 0.0000000000000000e+00
5.1854497287013492e-03 5.1854497287013492e-03 0.0000000000000000e+00
4.7140452079103166e-03 4.7140452079103166e-03 0.0000000000000000e+00
4.2426406871192849e-03 4.2426406871192849e-03 0.0000000000000000e+00
1.8500405242173099e-02 5.0000664683493446e-04 0.0000000000000000e+00
1.2728187855103939e-02 1.2021071836505300e-02 0.0000000000000000e+00
1.6000307703053999e-02 5.0000667434949540e-04 0.0000000000000000e+00
1.0253221202166310e-02 9.5461052039220763e-03 0.0000000000000000e+00
2.4946789561041301e-02 1.0318430303881980e-02 0.0000000000000000e+00
1.4496024529525460e-02 1.3788908000431550e-02 0.0000000000000000e+00
1.3500218032252830e-02 5.0000644821891066e-04 0.0000000000000000e+00
2.5903663925460511e-02 7.6003484505239713e-03 0.0000000000000000e+00
2.3696601042113529e-02 1.2932700963219870e-02 0.0000000000000000e+00
2.2500566241786979e-02 5.0000660279753920e-04 0.0000000000000000e+00
1.5910295248878169e-02 1.5203178836033339e-02 0.0000000000000000e+00
7.9884096077919211e-03 2.7857377090484640e-03 0.0000000000000000e+00
2.2723257719848570e-02 1.4575945789862481e-02 0.0000000000000000e+00
2.6380662058165409e-02 5.7298972215587716e-03 0.0000000000000000e+00
2.6723722626931290e-02 3.8281727182175860e-03 0.0000000000000000e+00
8.8389940034183569e-03 8.1318667621171452e-03 0.0000000000000000e+00
2.4999995264014020e-02 4.9937007362891792e-04 0.0000000000000000e+00
2.1614060019562370e-02 1.6174862153683051e-02 0.0000000000000000e+00
1.6970963529411610e-02 1.6263771350390071e-02 0.0000000000000000e+00
1.1500281903460870e-02 5.0009214726332539e-04 0.0000000000000000e+00
7.4178076041366506e-03 6.7076094543711082e-03 0.0000000000000000e+00
2.6935963291678262e-02 1.9329312365103479e-03 0.0000000000000000e+00
1.8033626071994279e-02 1.7324940020893530e-02 0.0000000000000000e+00
2.0712656212591909e-02 1.7321718403589769e-02 0.0000000000000000e+00
7.4050271201161044e-03 4.0974796960957186e-03 0.0000000000000000e+00
9.9846049012161098e-03 5.0197003313805482e-04 0.0000000000000000e+00
6.9020733404385019e-03 4.9169641547132572e-03 0.0000000000000000e+00
8.3476901403461787e-03 1.4037725955181599e-03 0.0000000000000000e+00
1.1667487846094241e-02 1.0960371199167880e-02 0.0000000000000000e+00
2.1000513207991341e-02 5.0000671526409524e-04 0.0000000000000000e+00
2.6495002905320759e-02 4.9098832331490386e-04 0.0000000000000000e+00
1.7500366627369899e-02 5.0000697855628017e-04 0.0000000000000000e+00
1.5000269723691661e-02 5.0000697605551148e-04 0.0000000000000000e+00
2.0000472849359040e-02 5.0000700892016692e-04 0.0000000000000000e+00
2.4000559256005940e-02 5.0000084992481673e-04 0.0000000000000000e+00
2.4142997015039479e-02 1.2078101733537230e-02 0.0000000000000000e+00
1.8734403817110130e-02 1.8036110166644422e-02 0.0000000000000000e+00
2.0092314317519192e-02 1.8039737910701039e-02 0.0000000000000000e+00
1.9433627855797889e-02 1.8740727558454229e-02 0.0000000000000000e+00
8.9642221519227547e-03 4.8362840631420261e-04 0.0000000000000000e+00
6.6881687180345723e-03 6.0019494130019802e-03 0.0000000000000000e+00
6.3225838510287159e-03 5.6604463166163924e-03 0.0000000000000000e+00
8.4189416345305974e-03 9.3458857069305627e-04 0.0000000000000000e+00
2.6963707428134510e-02 1.4577657941032599e-03 0.0000000000000000e+00
2.6993400025897691e-02 4.8962611232885277e-04 0.0000000000000000e+00
1.5203157968505130e-02 1.4496042023497441e-02 0.0000000000000000e+00
2.5997005068990230e-02 4.9420282179629942e-04 0.0000000000000000e+00
1.4142458856899250e-02 1.3435342521577111e-02 0.0000000000000000e+00
1.4500253188298590e-02 5.0000678926744296e-04 0.0000000000000000e+00
1.2500194760116779e-02 5.0000580368758131e-04 0.0000000000000000e+00
1.3435325406867199e-02 1.2728209338318260e-02 0.0000000000000000e+00
1.0960356134612119e-02 1.0253240030483000e-02 0.0000000000000000e+00
9.5460851539636085e-03 8.8389691416972931e-03 0.0000000000000000e+00
1.7000348191432979e-02 5.0000683246108520e-04 0.0000000000000000e+00
8.4855666299320995e-03 7.7782276953763593e-03 0.0000000000000000e+00
2.3500581660240709e-02 5.0000245593079251e-04 0.0000000000000000e+00
1.6263858174196542e-02 1.5556742209869270e-02 0.0000000000000000e+00
1.2021053563912179e-02 1.1313937187557939e-02 0.0000000000000000e+00
1.9500450319047302e-02 5.0000684245675008e-04 0.0000000000000000e+00
1.7679265472121331e-02 1.6970727681142071e-02 0.0000000000000000e+00
2.2000548641811550e-02 5.0000676777694000e-04 0.0000000000000000e+00
1.0999298187817169e-02 5.0082440236782003e-04 0.0000000000000000e+00
8.1320244662759101e-03 7.4235707272208738e-03 0.0000000000000000e+00
8.2527105326705291e-03 1.8704644464032239e-03 0.0000000000000000e+00
2.6847490938546360e-02 2.8764691075855351e-03 0.0000000000000000e+00
2.2185673466220791e-02 1.5381058028103830e-02 0.0000000000000000e+00
2.4561720310510259e-02 1.1202836799806080e-02 0.0000000000000000e+00
2.6159672862002100e-02 6.6659070336024433e-03 0.0000000000000000e+00
2.6568038941049209e-02 4.7858750584194327e-03 0.0000000000000000e+00
2.5618010396214350e-02 8.5155184449824048e-03 0.0000000000000000e+00
2.3224949143844341e-02 1.3762798247990250e-02 0.0000000000000000e+00
2.5463065505034559e-02 8.9672371819530458e-03 0.0000000000000000e+00
2.5127041403137099e-02 9.8703950905939981e-03 0.0000000000000000e+00
2.1317180383460019e-02 1.6565040384572242e-02 0.0000000000000000e+00
8.4670640611478262e-03 4.6683518138893038e-04 0.0000000000000000e+00
7.6244580108850704e-03 3.6675663621276670e-03 0.0000000000000000e+00
1.7500359736176509e-02 1.0000117621195800e-03 0.0000000000000000e+00
1.2374607802082880e-02 1.0960377693849050e-02 0.0000000000000000e+00
1.5000265411212930e-02 1.0000117390215810e-03 0.0000000000000000e+00
2.4668760984477640e-02 9.6742104322498582e-03 0.0000000000000000e+00
1.4849577978425999e-02 1.3435348121864921e-02 0.0000000000000000e+00
1.6263844146350331e-02 1.4849615874113360e-02 0.0000000000000000e+00
2.2500563285026809e-02 1.0000101138498130e-03 0.0000000000000000e+00
8.8399739119215288e-03 7.4248690702652248e-03 0.0000000000000000e+00
1.1000654643439240e-02 1.0033368574072199e-03 0.0000000000000000e+00
2.0916556911877299e-02 1.6268150520119529e-02 0.0000000000000000e+00
8.0677883124780237e-03 3.8630427714658952e-03 0.0000000000000000e+00
1.8396733273179169e-02 1.6968708472483291e-02 0.0000000000000000e+00
8.7316070307299418e-03 1.9537736316073539e-03 0.0000000000000000e+00
2.3500482550592301e-02 9.9998576897849731e-04 0.0000000000000000e+00
2.6477882322442619e-02 1.4516547147070159e-03 0.0000000000000000e+00
1.3081756496644659e-02 1.2374640760150921e-02 0.0000000000000000e+00
1.1313922154109840e-02 1.0606806105750290e-02 0.0000000000000000e+00
1.0606789254770970e-02 9.8996735192131528e-03 0.0000000000000000e+00
9.1925290589237665e-03 8.4854113819264592e-03 0.0000000000000000e+00
1.8000385088799919e-02 5.0000647667460506e-04 0.0000000000000000e+00
1.5500287794373690e-02 5.0000649419233625e-04 0.0000000000000000e+00
1.4000236359632609e-02 5.0000644389367344e-04 0.0000000000000000e+00
1.3000203331559280e-02 5.0000664087469608e-04 0.0000000000000000e+00
1.2000242723718749e-02 5.0002198188642873e-04 0.0000000000000000e+00
9.8996527298166638e-03 9.1925369996125258e-03 0.0000000000000000e+00
1.9000427330045491e-02 5.0000656231988152e-04 0.0000000000000000e+00
2.5498806854951640e-02 4.9734336227602160e-04 0.0000000000000000e+00
1.6500328302513152e-02 5.0000656523061134e-04 0.0000000000000000e+00
1.5556725746466830e-02 1.4849610107097989e-02 0.0000000000000000e+00
2.3000574250723209e-02 5.0000347132351988e-04 0.0000000000000000e+00
2.0500494255013001e-02 5.0000661391371836e-04 0.0000000000000000e+00
1.3788892644196591e-02 1.3081776701335030e-02 0.0000000000000000e+00
7.0530804840812471e-03 6.3506919648962934e-03 0.0000000000000000e+00
2.4500394250486331e-02 4.9988448673669948e-04 0.0000000000000000e+00
2.1500531342977389e-02 5.0000655334495915e-04 0.0000000000000000e+00
1.6617397099086859e-02 1.5910261274987170e-02 0.0000000000000000e+00
1.4849590217570629e-02 1.4142474461811560e-02 0.0000000000000000e+00
1.8386171236225140e-02 1.7680973770944870e-02 0.0000000000000000e+00
1.7324826690308059e-02 1.6617177406163881e-02 0.0000000000000000e+00
1.2374619843473430e-02 1.1667504023123811e-02 0.0000000000000000e+00
1.0494005230986890e-02 5.0283344270564672e-04 0.0000000000000000e+00
9.4714748395777898e-03 4.9603091224489568e-04 0.0000000000000000e+00
7.7767267812793531e-03 7.0657980522246091e-03 0.0000000000000000e+00
1.9082168594084160e-02 1.8389529119106501e-02 0.0000000000000000e+00
8.1329678745016183e-03 2.3305219402530168e-03 0.0000000000000000e+00
7.1627060815622366e-03 4.5157569365271554e-03 0.0000000000000000e+00
2.4355981232679159e-02 1.1641797141789100e-02 0.0000000000000000e+00
2.2458576190368180e-02 1.4979319282019260e-02 0.0000000000000000e+00
2.5299070516040269e-02 9.4189570821099008e-03 0.0000000000000000e+00
2.6897516166911200e-02 2.4049895340546731e-03 0.0000000000000000e+00
2.6477862093682501e-02 5.2597515946550284e-03 0.0000000000000000e+00
2.6035265396977581e-02 7.1343602122195338e-03 0.0000000000000000e+00
2.6982011316053649e-02 9.7658712899203505e-04 0.0000000000000000e+00
2.3922839508130619e-02 1.2507819537185169e-02 0.0000000000000000e+00
2.5764055300099491e-02 8.0603204684970755e-03 0.0000000000000000e+00
2.1015458410441411e-02 1.6948668446627079e-02 0.0000000000000000e+00
2.0405582877128899e-02 1.7686100715621138e-02 0.0000000000000000e+00
2.6789396056016570e-02 3.3503834463383081e-03 0.0000000000000000e+00
2.4758211117471139e-02 1.0761461131546400e-02 0.0000000000000000e+00
2.3464054963842320e-02 1.3349839541477631e-02 0.0000000000000000e+00
2.6649566389267829e-02 4.3076065355509407e-03 0.0000000000000000e+00
2.6274190586095311e-02 6.1976760924827247e-03 0.0000000000000000e+00
2.1903301094888149e-02 1.5779629885607958e-02 0.0000000000000000e+00
2.2978265414136261e-02 1.4170082027022940e-02 0.0000000000000000e+00
1.9767879411519019e-02 1.8391039274094381e-02 0.0000000000000000e+00
6.6208229529089906e-03 5.2980502641942501e-03 0.0000000000000000e+00
8.9123345095544742e-03 9.7030067520671899e-04 0.0000000000000000e+00
7.8189754046921571e-03 3.2289099220886648e-03 0.0000000000000000e+00
2.6487029922159629e-02 9.7717199567288505e-04 0.0000000000000000e+00
1.0253210900316299e-02 8.8389817624493598e-03 0.0000000000000000e+00
2.3263886745271901e-02 1.2682622183364099e-02 0.0000000000000000e+00
2.5424382523341151e-02 7.4533760722488287e-03 0.0000000000000000e+00
2.2316165226709411e-02 1.4284243263835310e-02 0.0000000000000000e+00
2.5893018887144952e-02 5.6142101799914520e-03 0.0000000000000000e+00
2.6233281388828990e-02 3.7404817513029751e-03 0.0000000000000000e+00
2.0500501676397720e-02 1.0000114939324269e-03 0.0000000000000000e+00
1.3435311207723011e-02 1.2021082014643450e-02 0.0000000000000000e+00
1.9738259193116899e-02 1.7720734246562279e-02 0.0000000000000000e+00
2.4115488825331710e-02 1.0979471505374450e-02 0.0000000000000000e+00
7.3819179130029744e-03 5.9654249422157460e-03 0.0000000000000000e+00
1.1667481436014039e-02 1.0253251776610531e-02 0.0000000000000000e+00
1.4000238631979221e-02 1.0000112135313290e-03 0.0000000000000000e+00
1.2000502641664020e-02 1.0001297287593480e-03 0.0000000000000000e+00
1.6500321920331379e-02 1.0000114653839411e-03 0.0000000000000000e+00
1.5500281094825260e-02 1.0000113592578931e-03 0.0000000000000000e+00
1.6970772190812548e-02 1.5556517829287160e-02 0.0000000000000000e+00
2.4500034623828489e-02 1.0003714991986090e-03 0.0000000000000000e+00
1.8751635705074422e-02 1.7334698671154562e-02 0.0000000000000000e+00
2.1784471855836481e-02 1.5080426256751669e-02 0.0000000000000000e+00
2.4493531382492700e-02 1.0113462280611120e-02 0.0000000000000000e+00
2.6367841664100691e-02 2.8066097899863461e-03 0.0000000000000000e+00
9.4281060497259876e-03 1.0024942646663260e-03 0.0000000000000000e+00
7.2885621725093039e-03 5.2229825231320144e-03 0.0000000000000000e+00
8.8352184189639405e-03 1.4608359110030659e-03 0.0000000000000000e+00
2.3000550411687849e-02 9.9999802571559913e-04 0.0000000000000000e+00
9.5461148001906981e-03 8.1318801795543880e-03 0.0000000000000000e+00
2.1500535118215681e-02 1.0000114361063790e-03 0.0000000000000000e+00
8.1347019423742388e-03 6.7019829862943036e-03 0.0000000000000000e+00
1.8000377515524180e-02 1.0000113465334500e-03 0.0000000000000000e+00
1.9000423912648470e-02 1.0000114424715571e-03 0.0000000000000000e+00
1.2728172622177960e-02 1.1313943142815841e-02 0.0000000000000000e+00
1.5203142206862920e-02 1.3788913042868110e-02 0.0000000000000000e+00
1.5910278209410499e-02 1.4496049378240540e-02 0.0000000000000000e+00
1.0489250720383279e-02 1.0141930310559081e-03 0.0000000000000000e+00
9.1928201246539235e-03 7.7784288161888652e-03 0.0000000000000000e+00
1.4500252519315301e-02 1.0000113341364170e-03 0.0000000000000000e+00
1.7000341734843029e-02 1.0000114426752861e-03 0.0000000000000000e+00
1.6617354989923210e-02 1.5203128600806659e-02 0.0000000000000000e+00
2.2000549253274909e-02 1.0000110261082951e-03 0.0000000000000000e+00
1.2021044466275469e-02 1.0606814780725291e-02 0.0000000000000000e+00
1.1501105525644590e-02 1.0009486452937210e-03 0.0000000000000000e+00
2.4000213134393589e-02 1.0000959321812949e-03 0.0000000000000000e+00
8.4884499516290936e-03 7.0683639707653234e-03 0.0000000000000000e+00
1.0960350695205441e-02 9.5461215135087801e-03 0.0000000000000000e+00
1.3000216182900381e-02 1.0000172888956129e-03 0.0000000000000000e+00
2.5498203359025081e-02 9.9429291898552041e-04 0.0000000000000000e+00
2.5993748890419111e-02 9.8435880970181369e-04 0.0000000000000000e+00
1.4142449453475110e-02 1.2728219914763609e-02 0.0000000000000000e+00
1.7677914086237000e-02 1.6261956503123391e-02 0.0000000000000000e+00
1.8034710818870269e-02 1.6613608127877780e-02 0.0000000000000000e+00
1.4496013917291250e-02 1.3081784430377981e-02 0.0000000000000000e+00
2.3700384941355099e-02 1.1843661736305260e-02 0.0000000000000000e+00
2.6076732201272931e-02 4.6882038908566516e-03 0.0000000000000000e+00
2.1213160133058379e-02 1.5874728030313139e-02 0.0000000000000000e+00
6.9953907960721932e-03 5.6226488074727207e-03 0.0000000000000000e+00
2.6462808892814979e-02 1.9092478219945930e-03 0.0000000000000000e+00
8.4494117526418624e-03 2.9194780781407899e-03 0.0000000000000000e+00
8.6027707456536890e-03 2.4385506331795282e-03 0.0000000000000000e+00
8.2709712791505172e-03 3.3879896727919750e-03 0.0000000000000000e+00
7.8334448923524820e-03 4.3379988447002308e-03 0.0000000000000000e+00
2.5676528229546941e-02 6.5317729698773832e-03 0.0000000000000000e+00
2.0323485964974838e-02 1.7029991782995541e-02 0.0000000000000000e+00
2.5146018516387210e-02 8.3476982716772421e-03 0.0000000000000000e+00
2.4836193311226201e-02 9.2302362096182162e-03 0.0000000000000000e+00
2.2807081934833509e-02 1.3489189205723741e-02 0.0000000000000000e+00
1.9418209161985649e-02 1.8051453028411390e-02 0.0000000000000000e+00
2.0616327104990700e-02 1.6656073008122819e-02 0.0000000000000000e+00
1.8000370248134570e-02 1.5000142502864799e-03 0.0000000000000000e+00
1.3081723071604561e-02 1.0960382674101441e-02 0.0000000000000000e+00
1.5500274760653080e-02 1.5000142267682600e-03 0.0000000000000000e+00
2.4216966821630371e-02 9.4841224007992248e-03 0.0000000000000000e+00
1.5203128294725990e-02 1.3081788065646010e-02 0.0000000000000000e+00
9.8997846085316921e-03 7.7783987800012942e-03 0.0000000000000000e+00
1.2000834307947190e-02 1.5006973817452899e-03 0.0000000000000000e+00
2.1500538194412770e-02 1.5000137652577230e-03 0.0000000000000000e+00
1.6617361383037259e-02 1.4495999772576649e-02 0.0000000000000000e+00
2.3000340875014069e-02 1.4999479600775270e-03 0.0000000000000000e+00
8.5478027924999981e-03 4.0263744836618251e-03 0.0000000000000000e+00
2.0513054248100439e-02 1.5978184639800840e-02 0.0000000000000000e+00
1.8028310819012860e-02 1.5902887628183000e-02 0.0000000000000000e+00
8.5083892913193314e-03 6.3487947440606946e-03 0.0000000000000000e+00
9.2307998807310884e-03 2.0298692352496788e-03 0.0000000000000000e+00
1.0504643937390919e-02 1.5295626634945210e-03 0.0000000000000000e+00
7.6867953010756399e-03 5.5457204455967371e-03 0.0000000000000000e+00
1.6500313430506619e-02 1.5000141565046480e-03 0.0000000000000000e+00
1.9500451968141340e-02 1.0000115572375500e-03 0.0000000000000000e+00
1.9191129226902932e-02 1.6972149069087370e-02 0.0000000000000000e+00
9.3472347200393418e-03 1.5180565556940930e-03 0.0000000000000000e+00
8.9342515423878454e-03 3.0400020348680490e-03 0.0000000000000000e+00
7.5680519352395274e-03 4.7950404546365328e-03 0.0000000000000000e+00
1.8500399069853631e-02 1.0000110434629349e-03 0.0000000000000000e+00
1.6000300553422449e-02 1.0000110412943120e-03 0.0000000000000000e+00
1.5556709101594211e-02 1.4142480397131989e-02 0.0000000000000000e+00
2.0000478768697861e-02 1.0000114360123580e-03 0.0000000000000000e+00
1.7323753231120721e-02 1.5202298267217860e-02 0.0000000000000000e+00
1.3081740594434250e-02 1.1667511652648489e-02 0.0000000000000000e+00
1.0606781266237370e-02 9.1925524079946030e-03 0.0000000000000000e+00
1.3500224703570530e-02 1.0000122497364481e-03 0.0000000000000000e+00
1.3788880967890089e-02 1.2374651990550470e-02 0.0000000000000000e+00
9.8996575161954779e-03 8.4854251027109591e-03 0.0000000000000000e+00
2.1000519864485829e-02 1.0000110821984931e-03 0.0000000000000000e+00
1.7323962029813539e-02 1.5909148825670971e-02 0.0000000000000000e+00
7.7668869140344104e-03 6.3243368933829291e-03 0.0000000000000000e+00
1.8760883864825929e-02 1.6595285839955679e-02 0.0000000000000000e+00
1.5000262632433909e-02 1.5000142830340910e-03 0.0000000000000000e+00
1.4000241161609460e-02 1.5000141866055550e-03 0.0000000000000000e+00
2.4999852046468030e-02 9.9942464756072515e-04 0.0000000000000000e+00
9.9589644945537632e-03 1.0219137699654960e-03 0.0000000000000000e+00
1.2500297589295190e-02 1.0000809232898840e-03 0.0000000000000000e+00
1.1313917092136090e-02 9.8996880742316905e-03 0.0000000000000000e+00
1.4496000094044250e-02 1.2374660060386670e-02 0.0000000000000000e+00
2.2500482154630689e-02 1.4999936316008530e-03 0.0000000000000000e+00
1.7500352558529421e-02 1.5000143412848270e-03 0.0000000000000000e+00
9.1957015778333720e-03 7.0723566855009200e-03 0.0000000000000000e+00
1.2728160609630900e-02 1.0606820066872020e-02 0.0000000000000000e+00
1.2021039471529899e-02 9.8996993516336992e-03 0.0000000000000000e+00
1.1006555604118789e-02 1.5084562524486449e-03 0.0000000000000000e+00
2.3499698369601061e-02 1.4998797131641449e-03 0.0000000000000000e+00
2.4497812829040431e-02 1.5025993974520429e-03 0.0000000000000000e+00
2.6427520950489770e-02 2.3562807367436380e-03 0.0000000000000000e+00
2.3911446596965969e-02 1.1411792880043591e-02 0.0000000000000000e+00
2.5553672358701190e-02 6.9939027628453266e-03 0.0000000000000000e+00
2.0036851046793071e-02 1.7386904942634139e-02 0.0000000000000000e+00
2.6158063972558470e-02 4.2151649353255449e-03 0.0000000000000000e+00
1.9085387645920920e-02 1.7703252233741740e-02 0.0000000000000000e+00
2.1502540681445421e-02 1.5478285362593960e-02 0.0000000000000000e+00
2.5987894969823750e-02 5.1536677077800774e-03 0.0000000000000000e+00
2.3484307184704789e-02 1.2266431616631220e-02 0.0000000000000000e+00
2.5287776156231390e-02 7.9039037806727282e-03 0.0000000000000000e+00
2.3039036647921739e-02 1.3087651414918060e-02 0.0000000000000000e+00
2.5506748575549631e-02 1.4957051542654300e-03 0.0000000000000000e+00
2.5999131225546208e-02 1.4661077567493020e-03 0.0000000000000000e+00
2.2054555569834589e-02 1.4682352001856950e-02 0.0000000000000000e+00
2.4309962078159410e-02 1.0546734027950510e-02 0.0000000000000000e+00
2.2566142775503971e-02 1.3886435440579509e-02 0.0000000000000000e+00
2.5788739337841121e-02 6.0718002932316243e-03 0.0000000000000000e+00
2.6302794129226221e-02 3.2682032010080118e-03 0.0000000000000000e+00
2.4994984274716490e-02 8.7881697293527659e-03 0.0000000000000000e+00
1.9922849870635240e-02 1.6764706984324140e-02 0.0000000000000000e+00
1.8000367388018721e-02 2.0000155327822098e-03 0.0000000000000000e+00
1.3435272472098379e-02 1.0606823453150170e-02 0.0000000000000000e+00
1.5500271101779650e-02 2.0000155014845439e-03 0.0000000000000000e+00
2.2840226002221700e-02 1.2428922982144250e-02 0.0000000000000000e+00
2.4946793939569001e-02 7.3054929378895302e-03 0.0000000000000000e+00
2.5407946140592351e-02 5.4953858406469706e-03 0.0000000000000000e+00
2.2998916098044910e-02 1.9996515004628459e-03 0.0000000000000000e+00
2.1910345953248620e-02 1.3993519719915940e-02 0.0000000000000000e+00
2.5750176429737509e-02 3.6496622428788439e-03 0.0000000000000000e+00
1.0539229137132740e-02 2.0259131978602441e-03 0.0000000000000000e+00
1.9500454264161509e-02 1.5000143131852039e-03 0.0000000000000000e+00
2.3682372633511941e-02 1.0748853066456700e-02 0.0000000000000000e+00
7.9722498837224536e-03 5.1023134173446656e-03 0.0000000000000000e+00
1.0606770118449930e-02 8.4854300248022544e-03 0.0000000000000000e+00
2.1382717240345510e-02 1.4782425446353531e-02 0.0000000000000000e+00
2.4056759111857642e-02 9.9137953452926482e-03 0.0000000000000000e+00
9.6805166869668204e-03 2.1104615964739558e-03 0.0000000000000000e+00
2.5903785355289130e-02 2.7131699996976902e-03 0.0000000000000000e+00
2.6035816383079929e-02 1.8898296804146790e-03 0.0000000000000000e+00
8.3365450223251685e-03 4.6114478899627800e-03 0.0000000000000000e+00
8.1554147812987685e-03 5.8878572055330600e-03 0.0000000000000000e+00
9.9250110668297788e-03 1.6116740928103690e-03 0.0000000000000000e+00
8.7467924272885290e-03 3.5271249353006060e-03 0.0000000000000000e+00
9.0947229926095444e-03 2.5376791545669332e-03 0.0000000000000000e+00
1.6000292960746992e-02 1.5000138096275500e-03 0.0000000000000000e+00
1.3788860355712820e-02 1.1667520699774510e-02 0.0000000000000000e+00
2.5002102954880420e-02 1.5070763023664400e-03 0.0000000000000000e+00
1.0253231064494090e-02 8.1318825177762507e-03 0.0000000000000000e+00
1.3500224630899929e-02 1.5000178826399110e-03 0.0000000000000000e+00
2.0500511052242869e-02 1.5000141382721060e-03 0.0000000000000000e+00
1.7675702301584419e-02 1.5553433908732940e-02 0.0000000000000000e+00
1.4142430359635770e-02 1.2021090815806740e-02 0.0000000000000000e+00
1.3435289921375449e-02 1.1313950310530880e-02 0.0000000000000000e+00
1.5556691844090040e-02 1.3435352150034521e-02 0.0000000000000000e+00
1.9000421055056602e-02 1.5000139888927820e-03 0.0000000000000000e+00
1.8500393421030450e-02 1.5000138099009271e-03 0.0000000000000000e+00
1.6263817766846499e-02 1.4142473863173161e-02 0.0000000000000000e+00
2.1000527226005240e-02 1.5000137883867601e-03 0.0000000000000000e+00
1.1313911097221740e-02 9.1925714823828907e-03 0.0000000000000000e+00
1.2500291421226691e-02 1.5002584007626960e-03 0.0000000000000000e+00
1.1667476497528450e-02 9.5461369388638306e-03 0.0000000000000000e+00
1.4849564547204210e-02 1.2728224477123641e-02 0.0000000000000000e+00
1.8386525849474849e-02 1.6247738361393291e-02 0.0000000000000000e+00
1.1502998567051731e-02 1.5027261914787691e-03 0.0000000000000000e+00
2.3998343699461029e-02 1.5004439958246610e-03 0.0000000000000000e+00
1.2374599885013739e-02 1.0253259608475630e-02 0.0000000000000000e+00
1.6970733884916291e-02 1.4849302777988850e-02 0.0000000000000000e+00
1.4500252486896429e-02 1.5000140758564689e-03 0.0000000000000000e+00
9.5470600819132050e-03 7.4252364441359268e-03 0.0000000000000000e+00
1.7000333794317889e-02 1.5000141742995620e-03 0.0000000000000000e+00
2.2000528699927829e-02 1.5000089692756881e-03 0.0000000000000000e+00
8.8494521904485240e-03 6.7169777824183097e-03 0.0000000000000000e+00
2.3263630979440859e-02 1.1603708291691101e-02 0.0000000000000000e+00
2.5589174367357099e-02 4.5862203383190596e-03 0.0000000000000000e+00
2.0811142015498080e-02 1.5579038318801331e-02 0.0000000000000000e+00
2.4375026026836361e-02 9.0474842822498690e-03 0.0000000000000000e+00
2.5195108814484671e-02 6.3966151142351791e-03 0.0000000000000000e+00
1.9418152923863119e-02 1.7434326450820738e-02 0.0000000000000000e+00
2.0212891427108678e-02 1.6374154666131829e-02 0.0000000000000000e+00
2.4675053683984639e-02 8.1824408812678461e-03 0.0000000000000000e+00
2.2396966058890740e-02 1.3211791891085910e-02 0.0000000000000000e+00
1.9506849125166200e-02 1.6498885160201111e-02 0.0000000000000000e+00
1.9698266578857281e-02 1.7122959242314328e-02 0.0000000000000000e+00
2.3765858923040568e-02 9.3175136624090334e-03 0.0000000000000000e+00
1.5556676325571710e-02 1.2728227376387581e-02 0.0000000000000000e+00
1.1667465147855180e-02 8.8390168907385748e-03 0.0000000000000000e+00
2.0500519595024289e-02 2.0000154765109032e-03 0.0000000000000000e+00
1.0253679724622889e-02 7.4249895910234766e-03 0.0000000000000000e+00
1.6970689229802490e-02 1.4142170059001600e-02 0.0000000000000000e+00
9.0537310486967122e-03 4.1254172491656648e-03 0.0000000000000000e+00
1.8373947676283201e-02 1.5541004289219330e-02 0.0000000000000000e+00
2.4486572458749821e-02 2.0062303277396999e-03 0.0000000000000000e+00
1.1998831698987749e-02 2.0017683148083379e-03 0.0000000000000000e+00
1.4000230131563219e-02 2.0000196162959010e-03 0.0000000000000000e+00
2.0110754880930341e-02 1.5690308534483850e-02 0.0000000000000000e+00
8.8879993279272242e-03 6.0189740818532263e-03 0.0000000000000000e+00
1.4142403996161229e-02 1.1313955711964731e-02 0.0000000000000000e+00
1.9000422862781950e-02 2.0000154221244760e-03 0.0000000000000000e+00
2.3495628993228119e-02 1.9992560980622550e-03 0.0000000000000000e+00
1.9102605404517140e-02 1.6199475503443091e-02 0.0000000000000000e+00
1.1012683458066410e-02 2.0090322747730429e-03 0.0000000000000000e+00
1.2374593698173460e-02 9.5461449661775680e-03 0.0000000000000000e+00
1.5000261443541130e-02 2.0000156404432431e-03 0.0000000000000000e+00
2.1500525764769750e-02 2.0000116460126278e-03 0.0000000000000000e+00
9.4259882602024010e-03 3.1688996920090748e-03 0.0000000000000000e+00
9.6458250081550845e-03 2.6332059824449141e-03 0.0000000000000000e+00
1.3788836552586361e-02 1.0960388164542680e-02 0.0000000000000000e+00
1.8500393221548499e-02 2.0000152365093442e-03 0.0000000000000000e+00
1.3000210122647210e-02 1.5000787331425421e-03 0.0000000000000000e+00
1.6000287181131868e-02 2.0000152476669932e-03 0.0000000000000000e+00
1.6500306868070479e-02 2.0000153938916688e-03 0.0000000000000000e+00
1.7676574655650121e-02 1.4846701756504040e-02 0.0000000000000000e+00
1.0960331120087140e-02 8.1318784161565766e-03 0.0000000000000000e+00
1.5910256548886430e-02 1.3788916525831240e-02 0.0000000000000000e+00
1.0960340466351959e-02 8.8390008085575591e-03 0.0000000000000000e+00
2.0000485173696542e-02 1.5000141509818440e-03 0.0000000000000000e+00
1.7500348381108081e-02 2.0000156766544499e-03 0.0000000000000000e+00
9.5534332360638873e-03 6.7209306896432591e-03 0.0000000000000000e+00
1.4849543348870620e-02 1.2021094636724150e-02 0.0000000000000000e+00
1.3081712414741179e-02 1.0253263184190160e-02 0.0000000000000000e+00
2.2499967486653859e-02 1.9998844904885430e-03 0.0000000000000000e+00
2.5553954010401250e-02 2.0600158735885991e-03 0.0000000000000000e+00
2.5074028605724889e-02 6.8521511458897507e-03 0.0000000000000000e+00
2.3474920916523149e-02 1.1174048865721899e-02 0.0000000000000000e+00
2.5671939145394569e-02 4.1195331482087143e-03 0.0000000000000000e+00
2.1100888197245930e-02 1.5180316020944740e-02 0.0000000000000000e+00
2.1650832772032919e-02 1.4387398110316829e-02 0.0000000000000000e+00
2.5501383852223551e-02 5.0430444079384382e-03 0.0000000000000000e+00
2.3052773095602431e-02 1.2021856779214480e-02 0.0000000000000000e+00
2.4813123936388189e-02 7.7479462686746402e-03 0.0000000000000000e+00
2.2623914298301281e-02 1.2822097200344249e-02 0.0000000000000000e+00
2.3881157278361830e-02 1.0331699647357201e-02 0.0000000000000000e+00
2.5305602388171849e-02 5.9439180264080019e-03 0.0000000000000000e+00
2.5826326169183240e-02 3.1786522433487601e-03 0.0000000000000000e+00
2.4528465340568861e-02 8.6137032406778391e-03 0.0000000000000000e+00
2.2158081454287281e-02 1.3601712198883720e-02 0.0000000000000000e+00
2.6006516723595569e-02 2.3055069923325570e-03 0.0000000000000000e+00
1.0117362057723300e-02 2.0985758587277418e-03 0.0000000000000000e+00
8.3320238019664594e-03 5.3713131427877304e-03 0.0000000000000000e+00
1.9810535553650480e-02 1.6091443551519698e-02 0.0000000000000000e+00
1.8000377816651439e-02 2.5000160204925199e-03 0.0000000000000000e+00
1.4495947763430449e-02 1.0960391852523579e-02 0.0000000000000000e+00
1.5500274349288490e-02 2.5000160713013020e-03 0.0000000000000000e+00
2.2831356499369449e-02 1.1361523479928829e-02 0.0000000000000000e+00
2.4471122344637889e-02 7.1548787399440053e-03 0.0000000000000000e+00
2.1997334320615371e-02 1.2932423216111710e-02 0.0000000000000000e+00
2.4927329908195388e-02 5.3693353127833906e-03 0.0000000000000000e+00
2.2994724849429899e-02 2.4982724435887288e-03 0.0000000000000000e+00
2.0979401252270911e-02 1.4486112930507781e-02 0.0000000000000000e+00
2.5275405281706010e-02 3.5617818460062871e-03 0.0000000000000000e+00
9.9027371574886593e-03 3.3100778870095620e-03 0.0000000000000000e+00
2.0000493579291310e-02 2.0000156267061639e-03 0.0000000000000000e+00
1.3788821840596479e-02 1.0253265320134500e-02 0.0000000000000000e+00
2.0407273841301050e-02 1.5286694967498880e-02 0.0000000000000000e+00
8.9871904112724891e-03 4.6474587868303328e-03 0.0000000000000000e+00
1.0542836560410020e-02 2.4952270683436060e-03 0.0000000000000000e+00
1.9419683162169400e-02 1.5804683667727071e-02 0.0000000000000000e+00
9.2354447487813310e-03 3.6491540392906640e-03 0.0000000000000000e+00
1.1313894409843541e-02 8.4854455947523891e-03 0.0000000000000000e+00
1.2999771746461041e-02 2.0001920184931051e-03 0.0000000000000000e+00
1.3500089086496450e-02 2.0000660717328618e-03 0.0000000000000000e+00
1.6617293735904051e-02 1.3788852514982790e-02 0.0000000000000000e+00
1.9000438015891151e-02 2.5000160614978609e-03 0.0000000000000000e+00
1.6500307995437381e-02 2.5000160846228941e-03 0.0000000000000000e+00
2.3990011003958429e-02 2.0004104699961598e-03 0.0000000000000000e+00
1.7323864422647949e-02 1.4494671364213930e-02 0.0000000000000000e+00
1.9500460767439179e-02 2.0000155486410189e-03 0.0000000000000000e+00
1.2728153058462911e-02 9.8997040490982156e-03 0.0000000000000000e+00
1.7000328744981089e-02 2.0000155658985940e-03 0.0000000000000000e+00
1.5203110482713130e-02 1.2374661604285450e-02 0.0000000000000000e+00
9.9022077210379443e-03 7.0723614161489409e-03 0.0000000000000000e+00
1.8728641824887711e-02 1.5874566180869260e-02 0.0000000000000000e+00
1.1501464380650131e-02 2.0041567136591149e-03 0.0000000000000000e+00
9.2141955581387016e-03 6.3707341429427803e-03 0.0000000000000000e+00
1.2021030180066139e-02 9.1925819306659801e-03 0.0000000000000000e+00
1.4500251055083780e-02 2.0000161707113529e-03 0.0000000000000000e+00
2.1000530579630739e-02 2.0000145500697112e-03 0.0000000000000000e+00
1.8026310919630160e-02 1.5196166743736870e-02 0.0000000000000000e+00
2.2000382554167280e-02 1.9999785992201560e-03 0.0000000000000000e+00
1.5910239670330690e-02 1.3081791739102840e-02 0.0000000000000000e+00
1.4495973312969319e-02 1.1667525035156220e-02 0.0000000000000000e+00
1.0606868722095691e-02 7.7783630628594294e-03 0.0000000000000000e+00
1.2498858479840509e-02 2.0007282190657619e-03 0.0000000000000000e+00
2.4990845009053679e-02 2.0249403139689509e-03 0.0000000000000000e+00
2.5108510628682669e-02 4.4781550681349831e-03 0.0000000000000000e+00
2.2432348277681639e-02 1.2180672851857871e-02 0.0000000000000000e+00
2.3916544112433980e-02 8.8764036621552713e-03 0.0000000000000000e+00
2.4715762708507311e-02 6.2576158412628487e-03 0.0000000000000000e+00
2.1505362508453651e-02 1.3703012475425590e-02 0.0000000000000000e+00
2.4206299434885559e-02 8.0223104583195225e-03 0.0000000000000000e+00
2.3266756290577961e-02 1.0495298244318709e-02 0.0000000000000000e+00
2.3661279886732070e-02 9.7349022814660763e-03 0.0000000000000000e+00
2.5435168789061911e-02 2.6085521199002912e-03 0.0000000000000000e+00
8.6315335823909552e-03 5.6781162792062766e-03 0.0000000000000000e+00
1.0134609942440830e-02 2.4855319042654061e-03 0.0000000000000000e+00
1.1313906388341930e-02 7.7783384054602332e-03 0.0000000000000000e+00
2.3306515097444979e-02 9.1651563132418533e-03 0.0000000000000000e+00
1.2997547913755630e-02 2.5008673517779080e-03 0.0000000000000000e+00
1.6263785375381600e-02 1.2728240466681620e-02 0.0000000000000000e+00
1.7323139325818169e-02 1.3788671364587829e-02 0.0000000000000000e+00
9.9143315822851682e-03 6.3700118415341879e-03 0.0000000000000000e+00
2.0500526260249150e-02 2.5000157123869029e-03 0.0000000000000000e+00
1.2728140345747280e-02 9.1925840126792016e-03 0.0000000000000000e+00
9.4045482167018010e-03 4.5179634126703509e-03 0.0000000000000000e+00
2.4456603602347259e-02 2.5058462868438572e-03 0.0000000000000000e+00
1.9500475046768481e-02 2.5000162349122510e-03 0.0000000000000000e+00
1.7000331457110520e-02 2.5000162612412650e-03 0.0000000000000000e+00
1.8029964810219141e-02 1.4488026751356430e-02 0.0000000000000000e+00
1.3435262249721591e-02 9.8997053941537721e-03 0.0000000000000000e+00
2.1500474073026840e-02 2.4999898359302718e-03 0.0000000000000000e+00
1.4000151594640931e-02 2.5000518400021981e-03 0.0000000000000000e+00
9.7199662855953772e-03 3.7705087869842071e-03 0.0000000000000000e+00
8.9454880582609028e-03 5.3653179737404057e-03 0.0000000000000000e+00
1.9713739221782080e-02 1.5408451546970270e-02 0.0000000000000000e+00
1.0608090528971249e-02 7.0717097174980998e-03 0.0000000000000000e+00
1.5203085559895760e-02 1.1667529155066830e-02 0.0000000000000000e+00
1.4849516099173560e-02 1.1313960119123560e-02 0.0000000000000000e+00
1.1986630776537111e-02 2.5022863116713760e-03 0.0000000000000000e+00
1.7500355654845839e-02 2.5000162050947011e-03 0.0000000000000000e+00
2.3484806276280471e-02 2.4961062545844868e-03 0.0000000000000000e+00
1.5000264439096359e-02 2.5000165371956659e-03 0.0000000000000000e+00
1.2021007725363001e-02 8.4854522093885353e-03 0.0000000000000000e+00
1.0999495671408370e-02 2.4991650662492789e-03 0.0000000000000000e+00
1.8714894227456050e-02 1.5187260388694680e-02 0.0000000000000000e+00
2.2498568970522600e-02 2.4993521509031938e-03 0.0000000000000000e+00
1.5910223817980889e-02 1.2374668620532030e-02 0.0000000000000000e+00
1.6000290646649491e-02 2.5000159011276612e-03 0.0000000000000000e+00
1.6263788341787839e-02 1.3435345974703250e-02 0.0000000000000000e+00
1.8500407874711980e-02 2.5000158594224572e-03 0.0000000000000000e+00
1.4142383780274621e-02 1.0606827747501260e-02 0.0000000000000000e+00
2.4596404584458480e-02 6.7068040798604128e-03 0.0000000000000000e+00
2.5194136412377260e-02 4.0230332924374081e-03 0.0000000000000000e+00
2.2629563392431981e-02 1.1780906587514670e-02 0.0000000000000000e+00
2.1754554658243590e-02 1.3314272569768131e-02 0.0000000000000000e+00
2.0696615929356840e-02 1.4884580365183369e-02 0.0000000000000000e+00
2.5354272465507491e-02 3.0924532745267431e-03 0.0000000000000000e+00
2.1247083648241918e-02 1.4093286928745509e-02 0.0000000000000000e+00
2.5020839542847759e-02 4.9250434224472426e-03 0.0000000000000000e+00
2.3045263143254221e-02 1.0927383229653269e-02 0.0000000000000000e+00
2.4340419010940910e-02 7.5927797075900482e-03 0.0000000000000000e+00
2.4945991865238111e-02 2.5377838168541538e-03 0.0000000000000000e+00
8.6375926413038498e-03 5.0752093543959924e-03 0.0000000000000000e+00
1.9054004700468481e-02 1.5509217764957849e-02 0.0000000000000000e+00
1.0065342752441539e-02 2.8984326635419859e-03 0.0000000000000000e+00
2.3496195290534060e-02 1.0128955427524060e-02 0.0000000000000000e+00
2.4825548549672082e-02 5.8109435888447358e-03 0.0000000000000000e+00
2.4065572787244121e-02 8.4478748252380508e-03 0.0000000000000000e+00
9.2592255329010473e-03 5.6906177138199253e-03 0.0000000000000000e+00
2.2226420646347101e-02 1.2559644572807950e-02 0.0000000000000000e+00
1.8000403714843780e-02 3.0000162139068808e-03 0.0000000000000000e+00
1.4849498674113511e-02 1.0606835709150299e-02 0.0000000000000000e+00
1.5500287631242430e-02 3.0000164256397898e-03 0.0000000000000000e+00
2.2398711634453491e-02 1.1123240995581820e-02 0.0000000000000000e+00
1.6617352956591450e-02 1.2374736758351551e-02 0.0000000000000000e+00
2.4238164650583899e-02 6.1152558639965696e-03 0.0000000000000000e+00
2.2989813792937151e-02 2.9932292714407822e-03 0.0000000000000000e+00
2.1103400222532501e-02 1.3408722650250480e-02 0.0000000000000000e+00
2.4639520165160741e-02 4.3671071814772242e-03 0.0000000000000000e+00
2.3743643219965301e-02 7.8720156173499659e-03 0.0000000000000000e+00
1.0385478484525890e-02 3.4234018254461701e-03 0.0000000000000000e+00
1.6970530040039390e-02 1.3435514451930660e-02 0.0000000000000000e+00
1.9000466783717512e-02 3.0000161552708690e-03 0.0000000000000000e+00
1.6500321636986920e-02 3.0000163268389950e-03 0.0000000000000000e+00
1.4142372184122291e-02 9.8997085813823209e-03 0.0000000000000000e+00
2.1612360024064251e-02 1.2634945888562159e-02 0.0000000000000000e+00
2.0576563655087629e-02 1.4186943727394610e-02 0.0000000000000000e+00
1.9996408770694550e-02 1.4996151243863810e-02 0.0000000000000000e+00
2.3469828956075679e-02 8.7163308996747769e-03 0.0000000000000000e+00
9.3058603893938063e-03 5.0373378745753074e-03 0.0000000000000000e+00
2.0000505019492860e-02 2.5000161345268609e-03 0.0000000000000000e+00
1.0960659205634670e-02 7.4249107890084114e-03 0.0000000000000000e+00
1.5556636306018581e-02 1.1313972674288450e-02 0.0000000000000000e+00
1.2491702806497730e-02 2.5019588453815281e-03 0.0000000000000000e+00
1.6617262750304649e-02 1.3081883054726630e-02 0.0000000000000000e+00
1.7000346471518421e-02 3.0000165222969868e-03 0.0000000000000000e+00
1.7674505131596002e-02 1.4139608475557539e-02 0.0000000000000000e+00
1.1484592834512100e-02 2.5009868354089779e-03 0.0000000000000000e+00
1.4500239154337430e-02 2.5000229123847760e-03 0.0000000000000000e+00
1.8380303586616811e-02 1.4838800390440960e-02 0.0000000000000000e+00
1.2374574023943921e-02 8.8390181817797429e-03 0.0000000000000000e+00
1.0259011096774909e-02 6.7197883228704829e-03 0.0000000000000000e+00
9.5816244374049564e-03 6.0262828220207900e-03 0.0000000000000000e+00
1.3081701421960060e-02 9.5461447276734054e-03 0.0000000000000000e+00
2.1000524463570831e-02 2.5000105546838110e-03 0.0000000000000000e+00
2.1999997424955359e-02 2.4998125241716298e-03 0.0000000000000000e+00
2.3969642197366931e-02 2.4964324793933942e-03 0.0000000000000000e+00
1.5556656712069759e-02 1.2021100234684549e-02 0.0000000000000000e+00
1.3499452374857670e-02 2.5002951170418589e-03 0.0000000000000000e+00
1.1667443112015549e-02 8.1318871179943495e-03 0.0000000000000000e+00
2.3997177214595329e-02 7.0025325049827688e-03 0.0000000000000000e+00
2.2059959005888429e-02 1.1956723321973201e-02 0.0000000000000000e+00
2.4453293545687531e-02 5.2380256244264952e-03 0.0000000000000000e+00
2.4812726546422900e-02 3.4885578431152501e-03 0.0000000000000000e+00
2.4881585527015880e-02 3.0271407888104430e-03 0.0000000000000000e+00
1.0486607622821590e-02 2.9500080039904009e-03 0.0000000000000000e+00
2.2848691749436271e-02 1.0221204086307931e-02 0.0000000000000000e+00
2.3152251817706599e-02 9.7236352571977366e-03 0.0000000000000000e+00
1.9346980874127950e-02 1.5177315840601091e-02 0.0000000000000000e+00
9.5325040536941522e-03 4.2055820921623249e-03 0.0000000000000000e+00
1.6500339050314821e-02 3.5000164526860379e-03 0.0000000000000000e+00
1.2374541929328631e-02 8.1318844722672728e-03 0.0000000000000000e+00
2.2851473145345001e-02 8.9739776258948006e-03 0.0000000000000000e+00
1.2992864807871830e-02 3.0032284374417692e-03 0.0000000000000000e+00
1.0963321095035649e-02 6.7193489655253194e-03 0.0000000000000000e+00
2.1500748044650918e-02 2.9995963789166448e-03 0.0000000000000000e+00
1.7674259339435030e-02 1.3439438392309280e-02 0.0000000000000000e+00
9.9491683270048724e-03 5.6782464172819274e-03 0.0000000000000000e+00
1.1952108934391220e-02 3.0044615650205880e-03 0.0000000000000000e+00
1.0952730740434130e-02 2.9755017978346761e-03 0.0000000000000000e+00
1.9525424514599338e-02 1.4685024567388939e-02 0.0000000000000000e+00
1.5910208455121519e-02 1.1667544299060299e-02 0.0000000000000000e+00
1.6970827391929139e-02 1.2728784426600040e-02 0.0000000000000000e+00
1.3081677749803171e-02 8.8390143398282151e-03 0.0000000000000000e+00
1.3999939094395789e-02 3.0001774555672421e-03 0.0000000000000000e+00
2.0500635918521061e-02 2.9999633591978841e-03 0.0000000000000000e+00
2.2497576394205819e-02 2.9970201136373820e-03 0.0000000000000000e+00
1.8362127119212070e-02 1.4128692466727421e-02 0.0000000000000000e+00
9.6547277521379544e-03 4.7191784384525166e-03 0.0000000000000000e+00
1.0215917490692910e-02 3.9087413689468890e-03 0.0000000000000000e+00
2.0286941683077441e-02 1.4584562386064469e-02 0.0000000000000000e+00
1.9500501707968621e-02 3.0000143676342122e-03 0.0000000000000000e+00
1.1667502603913490e-02 7.4249517673946877e-03 0.0000000000000000e+00
1.6263780959500589e-02 1.2021122773308669e-02 0.0000000000000000e+00
2.3471241225785269e-02 2.9849433276645382e-03 0.0000000000000000e+00
1.5000273066831859e-02 3.0000190982736210e-03 0.0000000000000000e+00
1.0278942271875110e-02 6.0194164701170092e-03 0.0000000000000000e+00
1.3788809317318631e-02 9.5461453389448867e-03 0.0000000000000000e+00
1.8500436229835340e-02 3.0000160819961272e-03 0.0000000000000000e+00
1.5203067632185810e-02 1.0960404499429480e-02 0.0000000000000000e+00
1.6000304029126701e-02 3.0000162151448940e-03 0.0000000000000000e+00
1.7500375161877531e-02 3.0000164418411399e-03 0.0000000000000000e+00
1.4495935430532460e-02 1.0253272284527420e-02 0.0000000000000000e+00
2.4410699110846961e-02 2.9905600955232800e-03 0.0000000000000000e+00
2.4120258775545279e-02 6.5590197845840359e-03 0.0000000000000000e+00
2.2202150273929820e-02 1.1559890268035999e-02 0.0000000000000000e+00
2.4549078806868810e-02 4.8041857952282156e-03 0.0000000000000000e+00
2.2615698937689530e-02 1.0677495579631950e-02 0.0000000000000000e+00
9.6255593047271885e-03 5.3528008112599286e-03 0.0000000000000000e+00
2.1356583190253079e-02 1.3018770549188541e-02 0.0000000000000000e+00
2.4733454814551581e-02 3.9306835299869969e-03 0.0000000000000000e+00
2.3869839481370430e-02 7.4415541917134268e-03 0.0000000000000000e+00
2.0845258295257688e-02 1.3796434627906220e-02 0.0000000000000000e+00
1.9037853983391868e-02 1.4877064551161889e-02 0.0000000000000000e+00
2.4348141480990539e-02 5.6739335059303496e-03 0.0000000000000000e+00
2.3616244230658310e-02 8.2946160396078859e-03 0.0000000000000000e+00
1.5910197218790879e-02 1.0960426538218489e-02 0.0000000000000000e+00
1.4495927491952221e-02 9.5461569941540265e-03 0.0000000000000000e+00
1.9000493115659819e-02 3.5000172524587950e-03 0.0000000000000000e+00
2.1960682701089321e-02 1.0890408029365001e-02 0.0000000000000000e+00
1.6971015007629171e-02 1.2021267733706219e-02 0.0000000000000000e+00
2.3523032200669289e-02 6.8536327690968141e-03 0.0000000000000000e+00
2.1224116166099882e-02 1.2314585507522520e-02 0.0000000000000000e+00
2.2993829485286311e-02 3.4801795494676501e-03 0.0000000000000000e+00
2.0178922580559672e-02 1.3878615796558179e-02 0.0000000000000000e+00
2.3978762450035041e-02 5.1019192714950260e-03 0.0000000000000000e+00
2.4151006533070372e-02 4.2388513530649732e-03 0.0000000000000000e+00
1.5500306877950390e-02 3.5000243978656051e-03 0.0000000000000000e+00
2.4366333531176010e-02 3.4435913660856130e-03 0.0000000000000000e+00
1.9231817633624269e-02 1.4271764901429970e-02 0.0000000000000000e+00
2.3203702947568249e-02 8.1589530703833155e-03 0.0000000000000000e+00
1.0319974225455881e-02 5.3251798437369078e-03 0.0000000000000000e+00
2.2636134644086519e-02 9.4710710778483469e-03 0.0000000000000000e+00
1.1440170048101330e-02 2.9881418404230698e-03 0.0000000000000000e+00
1.9885875368504152e-02 1.4266437489114081e-02 0.0000000000000000e+00
1.8000431233000509e-02 3.5000162860927379e-03 0.0000000000000000e+00
1.2020988423825089e-02 7.7783694036619791e-03 0.0000000000000000e+00
1.6263764377545321e-02 1.1313990442087900e-02 0.0000000000000000e+00
1.2474333409613490e-02 3.0087355651572880e-03 0.0000000000000000e+00
1.7323547180125180e-02 1.3084058434023710e-02 0.0000000000000000e+00
1.6000321556606280e-02 3.5000178176777469e-03 0.0000000000000000e+00
1.8016928654393589e-02 1.3791931854004390e-02 0.0000000000000000e+00
1.8775125450109620e-02 1.4461201412737859e-02 0.0000000000000000e+00
2.3943329845193279e-02 2.9793756327566551e-03 0.0000000000000000e+00
1.4500201920875300e-02 3.0000508745735279e-03 0.0000000000000000e+00
1.3435243667805571e-02 9.1925798205412489e-03 0.0000000000000000e+00
1.2728109091457980e-02 8.4854470653037695e-03 0.0000000000000000e+00
1.0617776305587610e-02 6.3683619949070859e-03 0.0000000000000000e+00
1.3498119720019649e-02 3.0010596854712149e-03 0.0000000000000000e+00
2.1000790475739651e-02 2.9998058908872909e-03 0.0000000000000000e+00
2.2000146464295569e-02 2.9986583944096629e-03 0.0000000000000000e+00
1.1314674483429101e-02 7.0720250046426838e-03 0.0000000000000000e+00
1.7000364717514840e-02 3.5000166104592642e-03 0.0000000000000000e+00
1.5203060722102301e-02 1.0253290908962870e-02 0.0000000000000000e+00
2.0000561237826849e-02 2.9999982107904040e-03 0.0000000000000000e+00
1.0890570920892070e-02 3.4605080789519870e-03 0.0000000000000000e+00
2.0705466698323838e-02 1.3108400930435769e-02 0.0000000000000000e+00
2.1557756215471690e-02 1.1877646934523031e-02 0.0000000000000000e+00
9.9618755282614123e-03 4.3564882815622791e-03 0.0000000000000000e+00
2.3760521924859428e-02 5.9757407421068302e-03 0.0000000000000000e+00
2.3279894155157389e-02 7.7471439130369036e-03 0.0000000000000000e+00
2.2407484559764979e-02 9.9644444972115005e-03 0.0000000000000000e+00
2.3063351155816671e-02 8.5671665678861784e-03 0.0000000000000000e+00
1.6500351477324909e-02 4.0000176175521412e-03 0.0000000000000000e+00
1.3435226242387200e-02 8.4854589067054811e-03 0.0000000000000000e+00
2.1953755987893901e-02 9.7334418732479971e-03 0.0000000000000000e+00
1.6263753204995301e-02 1.0606876161327531e-02 0.0000000000000000e+00
1.3999716910076161e-02 3.5006374743540912e-03 0.0000000000000000e+00
1.2020895324249360e-02 7.0726244794452071e-03 0.0000000000000000e+00
2.0501651586209691e-02 3.4998476681657479e-03 0.0000000000000000e+00
2.0813775895511730e-02 1.2002767540424130e-02 0.0000000000000000e+00
1.8027279132534269e-02 1.3100500911132599e-02 0.0000000000000000e+00
1.1872443650672020e-02 3.5567764827681481e-03 0.0000000000000000e+00
2.2398157856824599e-02 8.7451354494325027e-03 0.0000000000000000e+00
2.1503908146168430e-02 3.4969496217107051e-03 0.0000000000000000e+00
2.2501664724722901e-02 3.4889153989508480e-03 0.0000000000000000e+00
1.1318781829351639e-02 6.3719255626855167e-03 0.0000000000000000e+00
2.3470801368668921e-02 3.4578156099213360e-03 0.0000000000000000e+00
2.2680711769315239e-02 8.2057891178846463e-03 0.0000000000000000e+00
1.1363125571021000e-02 3.4266030628802690e-03 0.0000000000000000e+00
1.0870307532039559e-02 4.1085255898084608e-03 0.0000000000000000e+00
1.8500462428729651e-02 3.5000162501314810e-03 0.0000000000000000e+00
1.2728129174414770e-02 7.7784826714448066e-03 0.0000000000000000e+00
1.5500306939032231e-02 4.0000858582210884e-03 0.0000000000000000e+00
1.8639834788738461e-02 1.3805448260652360e-02 0.0000000000000000e+00
1.5000281292687019e-02 3.5000767490056591e-03 0.0000000000000000e+00
1.4142358561079840e-02 9.1925876968814556e-03 0.0000000000000000e+00
1.0645845270226720e-02 5.6718161710647523e-03 0.0000000000000000e+00
1.2989096326834169e-02 3.5077302714206591e-03 0.0000000000000000e+00
1.7325055654686471e-02 1.2376240751810820e-02 0.0000000000000000e+00
1.7500395822292361e-02 3.5000165325801622e-03 0.0000000000000000e+00
1.6617343815330698e-02 1.1667560670166560e-02 0.0000000000000000e+00
1.5556628915873390e-02 1.0606858904114429e-02 0.0000000000000000e+00
1.4849495460329711e-02 9.8997254151567664e-03 0.0000000000000000e+00
1.9500566845525331e-02 3.5000356418352931e-03 0.0000000000000000e+00
2.2179364148906471e-02 1.0434540522663710e-02 0.0000000000000000e+00
2.0960292505892660e-02 1.2715405348772919e-02 0.0000000000000000e+00
2.3398394963709261e-02 7.2988149278378628e-03 0.0000000000000000e+00
2.1754394831893530e-02 1.1348507315889709e-02 0.0000000000000000e+00
2.3869970242267970e-02 5.5401001706720078e-03 0.0000000000000000e+00
1.9784741094141609e-02 1.3560233292745879e-02 0.0000000000000000e+00
1.9502915012630930e-02 1.3936643090745739e-02 0.0000000000000000e+00
2.3643748465927549e-02 6.4140619723663892e-03 0.0000000000000000e+00
2.0446998323583689e-02 1.3493015431316891e-02 0.0000000000000000e+00
2.4335727623374648e-02 3.8392436777994528e-03 0.0000000000000000e+00
2.4104244257125800e-02 4.7061581332009956e-03 0.0000000000000000e+00
1.8933671578534920e-02 1.4034549708555921e-02 0.0000000000000000e+00
2.3926619667250900e-02 3.4355267252431788e-03 0.0000000000000000e+00
9.9881206719554042e-03 5.0032149862863796e-03 0.0000000000000000e+00
2.1867906056699960e-02 1.2315632705519240e-02 0.0000000000000000e+00
1.4849493272764250e-02 9.1926159730763846e-03 0.0000000000000000e+00
1.9000505190585860e-02 4.0000293341455242e-03 0.0000000000000000e+00
2.3044149524463271e-02 6.7127333515640654e-03 0.0000000000000000e+00
1.7324466911658509e-02 1.1667028644615491e-02 0.0000000000000000e+00
2.3486734341886549e-02 4.9776895535137283e-03 0.0000000000000000e+00
2.1518506629967359e-02 1.0657292710139590e-02 0.0000000000000000e+00
2.1066692440632261e-02 1.1566629790724470e-02 0.0000000000000000e+00
1.5000237691747629e-02 4.0004030551963636e-03 0.0000000000000000e+00
2.2794894698718610e-02 7.6345550687248170e-03 0.0000000000000000e+00
2.3014568111156389e-02 3.9599484536304696e-03 0.0000000000000000e+00
1.1494310601556959e-02 4.1599952197846268e-03 0.0000000000000000e+00
2.0560408038231032e-02 1.2412034711613959e-02 0.0000000000000000e+00
2.1736587859753260e-02 1.0201719258991680e-02 0.0000000000000000e+00
1.0359369221482940e-02 4.6202958289881212e-03 0.0000000000000000e+00
2.2172772502743871e-02 9.2464125428286959e-03 0.0000000000000000e+00
1.8000439702268209e-02 4.0000163627039280e-03 0.0000000000000000e+00
1.3081688886213860e-02 8.1319533079258176e-03 0.0000000000000000e+00
1.5910195151930529e-02 1.0253318608620650e-02 0.0000000000000000e+00
1.7678512857243030e-02 1.2735886137258670e-02 0.0000000000000000e+00
2.2004257498909361e-02 3.4929433201548888e-03 0.0000000000000000e+00
1.4500154519031741e-02 3.5002813168211731e-03 0.0000000000000000e+00
1.3497016768386331e-02 3.5026889948810420e-03 0.0000000000000000e+00
1.0978404579735869e-02 6.0235939745506319e-03 0.0000000000000000e+00
1.3788790286284660e-02 8.8390200463631802e-03 0.0000000000000000e+00
1.8361232085800809e-02 1.3470287203417711e-02 0.0000000000000000e+00
2.1003275649843282e-02 3.4987253030719632e-03 0.0000000000000000e+00
2.0000947626897671e-02 3.5000566026173780e-03 0.0000000000000000e+00
1.6000330434821190e-02 4.0000331478154232e-03 0.0000000000000000e+00
1.2462336618045409e-02 3.5230424993357209e-03 0.0000000000000000e+00
1.6617270581551380e-02 1.0960366115596710e-02 0.0000000000000000e+00
1.2374520099640920e-02 7.4253805735303262e-03 0.0000000000000000e+00
1.5556630794467950e-02 9.8997542113097390e-03 0.0000000000000000e+00
1.1668236805836851e-02 6.7220787624564186e-03 0.0000000000000000e+00
1.7000374186128101e-02 4.0000168085383703e-03 0.0000000000000000e+00
2.3282512670073269e-02 5.8455469010501356e-03 0.0000000000000000e+00
1.0703367580769001e-02 4.9687291475157581e-03 0.0000000000000000e+00
2.0310829374075610e-02 1.2803955998593620e-02 0.0000000000000000e+00
2.0054684469456911e-02 1.3183867108375380e-02 0.0000000000000000e+00
2.3932878161819330e-02 3.8424203456779130e-03 0.0000000000000000e+00
1.9400384736151619e-02 1.3232263914445120e-02 0.0000000000000000e+00
1.1405294868477770e-02 3.8018813221393881e-03 0.0000000000000000e+00
1.5910200781701338e-02 9.5462183855331059e-03 0.0000000000000000e+00
2.1927364894461180e-02 8.5309122867333158e-03 0.0000000000000000e+00
1.6500230227718401e-02 4.5002282216951399e-03 0.0000000000000000e+00
1.3788901443743560e-02 8.1321444503092127e-03 0.0000000000000000e+00
1.2373059385569270e-02 6.7239172261089244e-03 0.0000000000000000e+00
1.2992301324816109e-02 4.0118077340161812e-03 0.0000000000000000e+00
2.0505952508569458e-02 3.9997639801740486e-03 0.0000000000000000e+00
2.0396465554481470e-02 1.1707440279987911e-02 0.0000000000000000e+00
1.8040934872352730e-02 1.2385497561183250e-02 0.0000000000000000e+00
2.1516472281736049e-02 3.9868886647905248e-03 0.0000000000000000e+00
2.1293732002305620e-02 9.9723039535475587e-03 0.0000000000000000e+00
1.1669932232898080e-02 6.0390789858331337e-03 0.0000000000000000e+00
2.2513779430061321e-02 3.9675531209663918e-03 0.0000000000000000e+00
1.5500046583836580e-02 4.5003042417441344e-03 0.0000000000000000e+00
1.6617244721970070e-02 1.0253275272124060e-02 0.0000000000000000e+00
1.1962213529105030e-02 4.0797487824116591e-03 0.0000000000000000e+00
2.2128616210861832e-02 8.0115224887218530e-03 0.0000000000000000e+00
1.1079259873100071e-02 4.6656062963972584e-03 0.0000000000000000e+00
1.1020017375426700e-02 5.3398869581140398e-03 0.0000000000000000e+00
2.3604616879719320e-02 4.4561459625490716e-03 0.0000000000000000e+00
2.1300065053974481e-02 1.1111623871093721e-02 0.0000000000000000e+00
1.7500403009146411e-02 4.0000166051190299e-03 0.0000000000000000e+00
1.7680295324416551e-02 1.2022255956327501e-02 0.0000000000000000e+00
1.3999824357128319e-02 4.0021504098575432e-03 0.0000000000000000e+00
1.4500044812355350e-02 4.0012882506216749e-03 0.0000000000000000e+00
1.4495921773704901e-02 8.8390512221157881e-03 0.0000000000000000e+00
1.5203064085056299e-02 9.5461872806227397e-03 0.0000000000000000e+00
1.8393438337959391e-02 1.2770910262242040e-02 0.0000000000000000e+00
1.3082297425296490e-02 7.4261239458831519e-03 0.0000000000000000e+00
1.6970732693897251e-02 1.1313655319177980e-02 0.0000000000000000e+00
1.8500469427874311e-02 4.0000179705999691e-03 0.0000000000000000e+00
1.9500788293205309e-02 4.0001577999820544e-03 0.0000000000000000e+00
2.1713586685437200e-02 9.0328231070431406e-03 0.0000000000000000e+00
2.3388770406610599e-02 5.4211735549513111e-03 0.0000000000000000e+00
1.9919176484916441e-02 1.2504968863386151e-02 0.0000000000000000e+00
2.2920479640006031e-02 7.1624812689385833e-03 0.0000000000000000e+00
2.3511050351806308e-02 3.9212248830237002e-03 0.0000000000000000e+00
1.9062759778436980e-02 1.3610417255081241e-02 0.0000000000000000e+00
2.3161664221742730e-02 6.2754973790528600e-03 0.0000000000000000e+00
1.9673428871547129e-02 1.2877264677379690e-02 0.0000000000000000e+00
1.9000572424243911e-02 4.5000273031663594e-03 0.0000000000000000e+00
2.1449126906717401e-02 8.3416811566749318e-03 0.0000000000000000e+00
2.2571193916048851e-02 6.5992120398800551e-03 0.0000000000000000e+00
1.7676434673488031e-02 1.1309939549566710e-02 0.0000000000000000e+00
1.5203060610915210e-02 8.8391331932685131e-03 0.0000000000000000e+00
1.8000424191388090e-02 4.5000224027732343e-03 0.0000000000000000e+00
1.8400290373132261e-02 1.2019542229915340e-02 0.0000000000000000e+00
1.9520951573814439e-02 1.2224511812434840e-02 0.0000000000000000e+00
1.1428118394667491e-02 5.0152393848746880e-03 0.0000000000000000e+00
2.2290342451211319e-02 7.4976043802228321e-03 0.0000000000000000e+00
2.2840819124873790e-02 5.7240695269883046e-03 0.0000000000000000e+00
2.3025789722099690e-02 4.4339599381288501e-03 0.0000000000000000e+00
1.9061175901552371e-02 1.2914658685839610e-02 0.0000000000000000e+00
2.1504145284929929e-02 9.5108264789011097e-03 0.0000000000000000e+00
1.7500374427603670e-02 4.5000660130823864e-03 0.0000000000000000e+00
1.4142379823139499e-02 8.4855545950290271e-03 0.0000000000000000e+00
1.5556634426641919e-02 9.1926644748948141e-03 0.0000000000000000e+00
2.2017350415311700e-02 3.9742643760026109e-03 0.0000000000000000e+00
1.3498381781048530e-02 4.0048421454817037e-03 0.0000000000000000e+00
1.1339502394976730e-02 5.6988112526336326e-03 0.0000000000000000e+00
2.1012931408321070e-02 3.9950180176805466e-03 0.0000000000000000e+00
1.6970452133484269e-02 1.0606415418398680e-02 0.0000000000000000e+00
1.2728255163393419e-02 7.0744311764890403e-03 0.0000000000000000e+00
2.0002478615486739e-02 4.0003728653805930e-03 0.0000000000000000e+00
1.4999739592819420e-02 4.5010381259283274e-03 0.0000000000000000e+00
1.3998833905697340e-02 4.5049910726130691e-03 0.0000000000000000e+00
1.6000110140118370e-02 4.5002875574845884e-03 0.0000000000000000e+00
1.6263745823820161e-02 9.8997664610985733e-03 0.0000000000000000e+00
1.2018223056828160e-02 6.3798111382563040e-03 0.0000000000000000e+00
1.3435679483559310e-02 7.7791282979973158e-03 0.0000000000000000e+00
1.7000291783754139e-02 4.5001804652332073e-03 0.0000000000000000e+00
2.0631558557826030e-02 1.1284800425420049e-02 0.0000000000000000e+00
1.2474436864423680e-02 4.0325801093230654e-03 0.0000000000000000e+00
2.0158156507152188e-02 1.2113472918890519e-02 0.0000000000000000e+00
1.1525229858257879e-02 4.5446032642055961e-03 0.0000000000000000e+00
2.1079363913352401e-02 1.0415275460727491e-02 0.0000000000000000e+00
2.2979773802221441e-02 4.8937308313459337e-03 0.0000000000000000e+00
1.8721540745152091e-02 1.3172045230139580e-02 0.0000000000000000e+00
1.6263700190606890e-02 9.1926756354618108e-03 0.0000000000000000e+00
1.8000406544684131e-02 4.9999078376429824e-03 0.0000000000000000e+00
1.6499455811653539e-02 5.0013518961404563e-03 0.0000000000000000e+00
1.3439330020623421e-02 7.0769499318847108e-03 0.0000000000000000e+00
1.2722120285453329e-02 6.3781114916290019e-03 0.0000000000000000e+00
2.0517231040866491e-02 4.4972170472330000e-03 0.0000000000000000e+00
1.3007560130347720e-02 4.5073521809349693e-03 0.0000000000000000e+00
2.0855835893332279e-02 9.7371273488842443e-03 0.0000000000000000e+00
2.1546803418957629e-02 4.4598722075306846e-03 0.0000000000000000e+00
2.2527571727551519e-02 4.8271428710312224e-03 0.0000000000000000e+00
1.1991281568107800e-02 4.5525323575784241e-03 0.0000000000000000e+00
2.1253892875559500e-02 8.8265046220368983e-03 0.0000000000000000e+00
1.5498603326349940e-02 5.0000327968247483e-03 0.0000000000000000e+00
1.6970337266023101e-02 9.8994174671860613e-03 0.0000000000000000e+00
1.4143041207211040e-02 7.7804892615070554e-03 0.0000000000000000e+00
1.4849488531069811e-02 8.4857520928264887e-03 0.0000000000000000e+00
1.9987459524309178e-02 1.1423150968603250e-02 0.0000000000000000e+00
2.1631459837121451e-02 7.8420177179516111e-03 0.0000000000000000e+00
1.8827521510719401e-02 1.2420843274120829e-02 0.0000000000000000e+00
1.5556963936674981e-02 8.4858908197130174e-03 0.0000000000000000e+00
1.8032118749745678e-02 1.1661491775096060e-02 0.0000000000000000e+00
1.3502049389848780e-02 4.5030123528293324e-03 0.0000000000000000e+00
1.2006488599453890e-02 5.7221170637402029e-03 0.0000000000000000e+00
1.4499084243990819e-02 4.5030331136591446e-03 0.0000000000000000e+00
1.7323295548041351e-02 1.0958447195583219e-02 0.0000000000000000e+00
1.8500471624952351e-02 4.5000069202881399e-03 0.0000000000000000e+00
1.9501631059908701e-02 4.5001075269317983e-03 0.0000000000000000e+00
1.7500334218617321e-02 4.9999802456266833e-03 0.0000000000000000e+00
2.2895700270119751e-02 5.3298597822189174e-03 0.0000000000000000e+00
2.0859769907824819e-02 1.0851629721171119e-02 0.0000000000000000e+00
1.9326827883008518e-02 1.2595462721398150e-02 0.0000000000000000e+00
1.1683495710589300e-02 5.4316210078535201e-03 0.0000000000000000e+00
2.2422429878514359e-02 7.0150770641182062e-03 0.0000000000000000e+00
2.2525380117193711e-02 4.4207159110341860e-03 0.0000000000000000e+00
2.2623199669740249e-02 6.1262080540571973e-03 0.0000000000000000e+00
1.9756635265283928e-02 1.1827727092172091e-02 0.0000000000000000e+00
2.0978414587725810e-02 8.1609580267038330e-03 0.0000000000000000e+00
1.8000268357396109e-02 5.4984645878935322e-03 0.0000000000000000e+00
2.1998542155127639e-02 6.3356814878663108e-03 0.0000000000000000e+00
1.3992782482691819e-02 5.0065996200000214e-03 0.0000000000000000e+00
1.8026096173662340e-02 1.0947305607132770e-02 0.0000000000000000e+00
1.9585759529317289e-02 1.1162291114652030e-02 0.0000000000000000e+00
1.5203462974432719e-02 8.1336112560388956e-03 0.0000000000000000e+00
1.9001024432012230e-02 4.9997148969838819e-03 0.0000000000000000e+00
2.1783868793086442e-02 7.3403401120787056e-03 0.0000000000000000e+00
1.9114898324373849e-02 1.1951248971277200e-02 0.0000000000000000e+00
2.2073642043192100e-02 4.8359066398988926e-03 0.0000000000000000e+00
1.2503282751517301e-02 4.5292527578462806e-03 0.0000000000000000e+00
2.1056620223628569e-02 9.2896456716266840e-03 0.0000000000000000e+00
1.8500550014015921e-02 4.9998018786755593e-03 0.0000000000000000e+00
1.4496119373642339e-02 8.1329649624142276e-03 0.0000000000000000e+00
1.3039406425604730e-02 4.9513467963270422e-03 0.0000000000000000e+00
2.1036430804531471e-02 4.4828770857579733e-03 0.0000000000000000e+00
1.4997712733422940e-02 4.9998810760265456e-03 0.0000000000000000e+00
1.7322560705041141e-02 1.0251732382718381e-02 0.0000000000000000e+00
2.0006768169952661e-02 4.4995742803316478e-03 0.0000000000000000e+00
1.2357717991214689e-02 6.0468108767635026e-03 0.0000000000000000e+00
1.7000019607455268e-02 5.0005839472489037e-03 0.0000000000000000e+00
1.5910382027710598e-02 8.8392188440666632e-03 0.0000000000000000e+00
1.5998655077611289e-02 5.0012624995175534e-03 0.0000000000000000e+00
1.3084192074510680e-02 6.7252073397594519e-03 0.0000000000000000e+00
1.6617029892807091e-02 9.5461029200267430e-03 0.0000000000000000e+00
1.3791271500857259e-02 7.4295687226557669e-03 0.0000000000000000e+00
1.8731900723376160e-02 1.1640840483486950e-02 0.0000000000000000e+00
2.0648189744113359e-02 1.0165503303953690e-02 0.0000000000000000e+00
2.0211972888190679e-02 1.1009581773024590e-02 0.0000000000000000e+00
2.2040896856986451e-02 4.4274962998166276e-03 0.0000000000000000e+00
2.2353775796774920e-02 5.7169853056429666e-03 0.0000000000000000e+00
2.2316913679912970e-02 5.2533769412883144e-03 0.0000000000000000e+00
1.1997316966178700e-02 5.0545953639344436e-03 0.0000000000000000e+00
1.7321744587257409e-02 9.5445124734774723e-03 0.0000000000000000e+00
1.5913717559427699e-02 8.1333177701432037e-03 0.0000000000000000e+00
2.0422804787408190e-02 9.4996153359283454e-03 0.0000000000000000e+00
1.6498352801537709e-02 5.5019917529281637e-03 0.0000000000000000e+00
1.5494178268507479e-02 5.4947822909853696e-03 0.0000000000000000e+00
1.3804628049856471e-02 6.7372500007147236e-03 0.0000000000000000e+00
2.0539328643464978e-02 4.9859412151926977e-03 0.0000000000000000e+00
2.1710677913031998e-02 5.3604516346363136e-03 0.0000000000000000e+00
2.0796989199685461e-02 8.6236709740809010e-03 0.0000000000000000e+00
1.9793427344292309e-02 1.0748714939015320e-02 0.0000000000000000e+00
2.1150421332149991e-02 7.6838359321472482e-03 0.0000000000000000e+00
1.3068964367920819e-02 6.0165912222879866e-03 0.0000000000000000e+00
1.2315053113077200e-02 5.4418059737719694e-03 0.0000000000000000e+00
1.4850199956950980e-02 7.7831957819033543e-03 0.0000000000000000e+00
1.8500627220529121e-02 5.4990675656657008e-03 0.0000000000000000e+00
1.4496760672241590e-02 5.0005887507935456e-03 0.0000000000000000e+00
1.9504326151292290e-02 4.9986133714220362e-03 0.0000000000000000e+00
1.7500522879884631e-02 5.4967237608524152e-03 0.0000000000000000e+00
1.8377917818189801e-02 1.1294765747639031e-02 0.0000000000000000e+00
1.7673121339908979e-02 1.0601197039337901e-02 0.0000000000000000e+00
1.6616512109814789e-02 8.8395370159871194e-03 0.0000000000000000e+00
1.3490219375612570e-02 4.9957794245376989e-03 0.0000000000000000e+00
1.4498426870030940e-02 7.4347704886489939e-03 0.0000000000000000e+00
2.0432911387324500e-02 1.0588889995266689e-02 0.0000000000000000e+00
2.1894705183363821e-02 6.8557800100749336e-03 0.0000000000000000e+00
1.9366607952939489e-02 1.1560422299727129e-02 0.0000000000000000e+00
2.1611022391176470e-02 4.9095354456140210e-03 0.0000000000000000e+00
1.2558861579770529e-02 5.0356131957445677e-03 0.0000000000000000e+00
1.7998329333318890e-02 5.9925809186868696e-03 0.0000000000000000e+00
2.0691397151143001e-02 7.5319084307506716e-03 0.0000000000000000e+00
1.4855421111638980e-02 7.1001971152318353e-03 0.0000000000000000e+00
1.4004883883061420e-02 5.4727536786050128e-03 0.0000000000000000e+00
1.8360700496091169e-02 1.0583548438074261e-02 0.0000000000000000e+00
1.5561164717274320e-02 7.7822293306869768e-03 0.0000000000000000e+00
1.9218648922368319e-02 1.0958871622328560e-02 0.0000000000000000e+00
2.1140980089811370e-02 5.4262204104929199e-03 0.0000000000000000e+00
2.0224654771406489e-02 9.9161364408309801e-03 0.0000000000000000e+00
1.2935856639381810e-02 5.3630447787263152e-03 0.0000000000000000e+00
1.9002315061920981e-02 5.4981613764204301e-03 0.0000000000000000e+00
1.4995756968281910e-02 5.4902554687582018e-03 0.0000000000000000e+00
2.0016618403012838e-02 4.9941742355503454e-03 0.0000000000000000e+00
1.7672627425791301e-02 9.8957609071648536e-03 0.0000000000000000e+00
1.4149796362543481e-02 7.0903260459249454e-03 0.0000000000000000e+00
1.7000591370123191e-02 5.4970918100039562e-03 0.0000000000000000e+00
1.6265080871081021e-02 8.4867380203061445e-03 0.0000000000000000e+00
1.5994220010755341e-02 5.5023377707544580e-03 0.0000000000000000e+00
1.3451865956184261e-02 6.3695603979635682e-03 0.0000000000000000e+00
1.6968765623728441e-02 9.1921276119044486e-03 0.0000000000000000e+00
2.1297344174449149e-02 7.2055244319625036e-03 0.0000000000000000e+00
2.0520701350850830e-02 7.9803430343350513e-03 0.0000000000000000e+00
2.0612542793923432e-02 9.0684260477878424e-03 0.0000000000000000e+00
2.1080173018324159e-02 4.9551079021299734e-03 0.0000000000000000e+00
1.9018856432209949e-02 1.1319552110034129e-02 0.0000000000000000e+00
2.1832369593452739e-02 5.8142464228307994e-03 0.0000000000000000e+00
1.2673611061825111e-02 5.7031018437164304e-03 0.0000000000000000e+00
2.0011695142715110e-02 1.0331388540280871e-02 0.0000000000000000e+00
1.7669609802189519e-02 9.1868683919429425e-03 0.0000000000000000e+00
2.0267893514715359e-02 7.3828625808279470e-03 0.0000000000000000e+00
1.6966183086373259e-02 8.4904922094535887e-03 0.0000000000000000e+00
1.9993824510934670e-02 9.2691988816870820e-03 0.0000000000000000e+00
1.6280061460153889e-02 7.7880577028075536e-03 0.0000000000000000e+00
2.0576927529432951e-02 5.4636890829213684e-03 0.0000000000000000e+00
1.6503083984222081e-02 5.9935952344740114e-03 0.0000000000000000e+00
1.5474652749274670e-02 5.9830832804071647e-03 0.0000000000000000e+00
2.0346539266258561e-02 8.4219909102364772e-03 0.0000000000000000e+00
2.1228364497275699e-02 5.8939455149512694e-03 0.0000000000000000e+00
1.3423361393430660e-02 5.5556424558500196e-03 0.0000000000000000e+00
1.4168756682401071e-02 6.4451138966108087e-03 0.0000000000000000e+00
1.4511053835186589e-02 6.7570683865118518e-03 0.0000000000000000e+00
1.9004092118962850e-02 5.9944294084921176e-03 0.0000000000000000e+00
1.4488246305272821e-02 5.4946466949619219e-03 0.0000000000000000e+00
1.9510120736275699e-02 5.4940870439976648e-03 0.0000000000000000e+00
1.8019070664560499e-02 1.0244515851584960e-02 0.0000000000000000e+00
1.7498943059990339e-02 5.9809297795021359e-03 0.0000000000000000e+00
1.8500975577694340e-02 5.9956709581543118e-03 0.0000000000000000e+00
1.5206185829031179e-02 7.4403137599728620e-03 0.0000000000000000e+00
1.9312792838436340e-02 1.0503042400994240e-02 0.0000000000000000e+00
2.1392053269354911e-02 6.6677545659146516e-03 0.0000000000000000e+00
2.0853001059824169e-02 7.0943524390963504e-03 0.0000000000000000e+00
1.8752786770971971e-02 1.0906061666935580e-02 0.0000000000000000e+00
1.9799242941101580e-02 9.6821606315469523e-03 0.0000000000000000e+00
1.7991775600633381e-02 6.4819146958830214e-03 0.0000000000000000e+00
1.9577794323140010e-02 9.0577867024006498e-03 0.0000000000000000e+00
1.9515376810925539e-02 5.9867243377840079e-03 0.0000000000000000e+00
2.0433245781516080e-02 6.9816727428726926e-03 0.0000000000000000e+00
2.0985375776118840e-02 6.7779557668585181e-03 0.0000000000000000e+00
1.5012142542337851e-02 5.9327595328634341e-03 0.0000000000000000e+00
1.5197100927416730e-02 6.8062681483212813e-03 0.0000000000000000e+00
1.5935132554590819e-02 7.4270553673351121e-03 0.0000000000000000e+00
1.8693078170550860e-02 1.0250082481019791e-02 0.0000000000000000e+00
2.0034577738698000e-02 5.4836097925138553e-03 0.0000000000000000e+00
1.8020279570863870e-02 9.5377368103587729e-03 0.0000000000000000e+00
1.6621392423948500e-02 8.1424482089420946e-03 0.0000000000000000e+00
1.7004951366478099e-02 5.9730041644064048e-03 0.0000000000000000e+00
1.5986789625184451e-02 6.0068017037301297e-03 0.0000000000000000e+00
1.9007623095354170e-02 6.4870507234676290e-03 0.0000000000000000e+00
1.7316165727656249e-02 8.8383029709416423e-03 0.0000000000000000e+00
2.0080574846051830e-02 7.7892973355122939e-03 0.0000000000000000e+00
1.9625326431613861e-02 1.0085403152677971e-02 0.0000000000000000e+00
1.3879771308854179e-02 6.0000476849134832e-03 0.0000000000000000e+00
2.0172986116066431e-02 8.8527559108394493e-03 0.0000000000000000e+00
1.4492951197253870e-02 6.0232452179351040e-03 0.0000000000000000e+00
1.8912246753819591e-02 1.0528838484846219e-02 0.0000000000000000e+00
2.1324732316293931e-02 6.3464000133506187e-03 0.0000000000000000e+00
1.8016153403381571e-02 8.8215512770091174e-03 0.0000000000000000e+00
1.7305458037681579e-02 8.1558704771729062e-03 0.0000000000000000e+00
1.6661584750957189e-02 7.4765198004088278e-03 0.0000000000000000e+00
1.9111036758699022e-02 9.9234578203041025e-03 0.0000000000000000e+00
1.9970042933797300e-02 7.2611243674550238e-03 0.0000000000000000e+00
1.6543782628358789e-02 6.4335987878762074e-03 0.0000000000000000e+00
2.0626599170168781e-02 5.9495141353366650e-03 0.0000000000000000e+00
1.9898167238930280e-02 8.2228210389858770e-03 0.0000000000000000e+00
1.9516338012617939e-02 6.4736091615664954e-03 0.0000000000000000e+00
1.9378962227097760e-02 9.4579048431054340e-03 0.0000000000000000e+00
2.0055013732995789e-02 5.9755931108173843e-03 0.0000000000000000e+00
1.7477967148320391e-02 6.4528735380719191e-03 0.0000000000000000e+00
1.8367903677961039e-02 9.8924668476345536e-03 0.0000000000000000e+00
1.8501208171133370e-02 6.4891020984486503e-03 0.0000000000000000e+00
1.5565961206202870e-02 7.0816994641838800e-03 0.0000000000000000e+00
2.0685522789236459e-02 6.5041358690383884e-03 0.0000000000000000e+00
1.4904805989367040e-02 6.4174970517815828e-03 0.0000000000000000e+00
1.5423566650961380e-02 6.4255491893382751e-03 0.0000000000000000e+00
1.9740012379293289e-02 8.6544908515629668e-03 0.0000000000000000e+00
1.7988320600907340e-02 6.9680474412076249e-03 0.0000000000000000e+00
1.9208301636198539e-02 8.8798948212510821e-03 0.0000000000000000e+00
1.8713702546625220e-02 9.5411663668973756e-03 0.0000000000000000e+00
1.5977109712561308e-02 6.6090073207446080e-03 0.0000000000000000e+00
2.0046617149822310e-02 6.4685328181576596e-03 0.0000000000000000e+00
1.6975407256823768e-02 7.8263187809751531e-03 0.0000000000000000e+00
1.7015226289995321e-02 6.3938597720950207e-03 0.0000000000000000e+00
1.9015026726317490e-02 6.9814498283712976e-03 0.0000000000000000e+00
1.7653382716700070e-02 8.4846679055141355e-03 0.0000000000000000e+00
1.6351151923676501e-02 7.0990844436667269e-03 0.0000000000000000e+00
1.9607271566078568e-02 7.5044775788428251e-03 0.0000000000000000e+00
1.8368854924345580e-02 9.1811086009785155e-03 0.0000000000000000e+00
1.9309173254613950e-02 8.4998766868939375e-03 0.0000000000000000e+00
1.7435399852901250e-02 6.9655714540030273e-03 0.0000000000000000e+00
1.7620896044818118e-02 7.8454506952323651e-03 0.0000000000000000e+00
1.8750638067462300e-02 8.8443028146574024e-03 0.0000000000000000e+00
1.8499158632519191e-02 6.9817399008861806e-03 0.0000000000000000e+00
1.9436176647710499e-02 8.0565393118506665e-03 0.0000000000000000e+00
1.7033945008619610e-02 7.2541171459901497e-03 0.0000000000000000e+00
1.8380354339208520e-02 8.4059575802505927e-03 0.0000000000000000e+00
1.9014374276454919e-02 9.2337161714786432e-03 0.0000000000000000e+00
1.9522931812741170e-02 6.9559092468062383e-03 0.0000000000000000e+00
1.6836070081449411e-02 6.8315938898209543e-03 0.0000000000000000e+00
1.9006988420445091e-02 7.4785522162208384e-03 0.0000000000000000e+00
1.7949837127957290e-02 8.1335458055682274e-03 0.0000000000000000e+00
1.7314029726024079e-02 7.5478721188847056e-03 0.0000000000000000e+00
1.8899591653563749e-02 8.3866592785050067e-03 0.0000000000000000e+00
1.7957966487821421e-02 7.5008067926123139e-03 0.0000000000000000e+00
1.9999453060687761e-02 6.9316696738287876e-03 0.0000000000000000e+00
1.8144484547558799e-02 7.8682869838531937e-03 0.0000000000000000e+00
1.8500032876140288e-02 7.4616174130461522e-03 0.0000000000000000e+00
1.8953212110197858e-02 7.9614148699672458e-03 0.0000000000000000e+00
1.8481348627259069e-02 7.9085955108340010e-03 0.0000000000000000e+00
1.7563240088507039e-02 7.3419082906433864e-03 0.0000000000000000e+00
7.1060511754439254e-03 2.4631103699247281e-03 0.0000000000000000e+00
6.4268241476022484e-03 3.9879939496716369e-03 0.0000000000000000e+00
7.3395115168654592e-03 1.6838041343389470e-03 0.0000000000000000e+00
7.4286044713338540e-03 6.4789595414859987e-04 0.0000000000000000e+00
6.0842427640989023e-03 7.8747602902424834e-04 0.0000000000000000e+00
5.0956280762850152e-03 4.0703554495029803e-03 0.0000000000000000e+00
5.4407917672883504e-03 3.4756135146880719e-03 0.0000000000000000e+00
5.9220902498249477e-03 4.7012031866876230e-03 0.0000000000000000e+00
6.6049809339895739e-03 3.6302831345808978e-03 0.0000000000000000e+00
6.7987696990778274e-03 3.2555168456475758e-03 0.0000000000000000e+00
4.9801807926927394e-03 3.6234458243568930e-03 0.0000000000000000e+00
6.2375568323000423e-03 1.2752229727015950e-03 0.0000000000000000e+00
5.5898003708809716e-03 4.9364895955373717e-03 0.0000000000000000e+00
6.7360455685898709e-03 6.8079503357809873e-04 0.0000000000000000e+00
4.6463640393846310e-03 4.1282369353097060e-03 0.0000000000000000e+00
6.0160568423063302e-03 3.3935585537004379e-04 0.0000000000000000e+00
5.4857594991597229e-03 2.6701378139805639e-03 0.0000000000000000e+00
6.4343889572262081e-03 3.0633769364489631e-03 0.0000000000000000e+00
5.9760547250559473e-03 3.7723558404001269e-03 0.0000000000000000e+00
6.7791563886074740e-03 1.2312610773257120e-03 0.0000000000000000e+00
7.3461489651973130e-03 1.2438706446556980e-03 0.0000000000000000e+00
5.6770807898749642e-03 2.0307994799136941e-03 0.0000000000000000e+00
6.1276563269856959e-03 4.3151629331632090e-03 0.0000000000000000e+00
6.9651136669869450e-03 2.8699271320205928e-03 0.0000000000000000e+00
7.2586680628988730e-03 2.0908874465833649e-03 0.0000000000000000e+00
5.6790366579203251e-03 4.3467510124925012e-03 0.0000000000000000e+00
5.5441536101156043e-03 3.9413994651521546e-03 0.0000000000000000e+00
5.8193202570952221e-03 1.5570560934121921e-03 0.0000000000000000e+00
4.5441487041553300e-03 3.6787762621590700e-03 0.0000000000000000e+00
6.6605194547169153e-03 2.3064306887133272e-03 0.0000000000000000e+00
6.8175454564764508e-03 1.8008835094331459e-03 0.0000000000000000e+00
6.1174028625649397e-03 2.7102799112589939e-03 0.0000000000000000e+00
6.2264669063260749e-03 3.3862949838899810e-03 0.0000000000000000e+00
6.2901765101395909e-03 1.7438967429537100e-03 0.0000000000000000e+00
5.2896323498055594e-03 4.5132942500220961e-03 0.0000000000000000e+00
5.0855292497970894e-03 3.1243872156517401e-03 0.0000000000000000e+00
6.5839382579002534e-03 2.7083193391097258e-03 0.0000000000000000e+00
5.7441975847308804e-03 3.4603210632108000e-03 0.0000000000000000e+00
6.1827549890370436e-03 2.1926438233427249e-03 0.0000000000000000e+00
5.8091376882081387e-03 3.1760810127849860e-03 0.0000000000000000e+00
1.6838893488276106e-18 2.7500000000000000e-02 0.0000000000000000e+00
4.8985871965894126e-19 8.0000000000000002e-03 0.0000000000000000e+00
3.2657247977262759e-19 5.3333333333333340e-03 0.0000000000000000e+00
4.9084778541826773e-04 2.7495619077437590e-02 0.0000000000000000e+00
9.8153918057196626e-04 2.7482477705567269e-02 0.0000000000000000e+00
1.4719178450244127e-03 2.7460580071395041e-02 0.0000000000000000e+00
1.9618275379788869e-03 2.7429933151781969e-02 0.0000000000000000e+00
2.4511121680588378e-03 2.7390546711221261e-02 0.0000000000000000e+00
2.9396158430406039e-03 2.7342433298727181e-02 0.0000000000000000e+00
3.4271829195226069e-03 2.7285608243836759e-02 0.0000000000000000e+00
3.9136580525153371e-03 2.7220089651725649e-02 0.0000000000000000e+00
4.3988862449361550e-03 2.7145898397439559e-02 0.0000000000000000e+00
4.8827128969933416e-03 2.7063058119243189e-02 0.0000000000000000e+00
5.3649838554435184e-03 2.6971595211088838e-02 0.0000000000000000e+00
5.8455454627068535e-03 2.6871538814206890e-02 0.0000000000000000e+00
6.3242446058242117e-03 2.6762920807821101e-02 0.0000000000000000e+00
6.8009287652409274e-03 2.6645775798991449e-02 0.0000000000000000e+00
7.2754460634014131e-03 2.6520141111587941e-02 0.0000000000000000e+00
7.7476453131393097e-03 2.6386056774398679e-02 0.0000000000000000e+00
8.2173760658475446e-03 2.6243565508376261e-02 0.0000000000000000e+00
8.6844886594131740e-03 2.6092712713026291e-02 0.0000000000000000e+00
9.1488342659016494e-03 2.5933546451942589e-02 0.0000000000000000e+00
9.6102649389751982e-03 2.5766117437493449e-02 0.0000000000000000e+00
1.0068633661030432e-02 2.5590479014664130e-02 0.0000000000000000e+00
1.0523794390039951e-02 2.5406687144060389e-02 0.0000000000000000e+00
1.0975602106083282e-02 2.5214800384078799e-02 0.0000000000000000e+00
1.1423912857551871e-02 2.5014879872249259e-02 0.0000000000000000e+00
1.1868583807014011e-02 2.4806989305755839e-02 0.0000000000000000e+00
1.2309473276724592e-02 2.4591194921142059e-02 0.0000000000000000e+00
1.2746440793765402e-02 2.4367565473207072e-02 0.0000000000000000e+00
1.3179347134801562e-02 2.4136172213099528e-02 0.0000000000000000e+00
1.3608054370439862e-02 2.3897088865616090e-02 0.0000000000000000e+00
1.4032425909174752e-02 2.3650391605711758e-02 0.0000000000000000e+00
1.4452326540908101e-02 2.3396159034229601e-02 0.0000000000000000e+00
1.4867622480028932e-02 2.3134472152857480e-02 0.0000000000000000e+00
1.5278181408039061e-02 2.2865414338319991e-02 0.0000000000000000e+00
1.5683872515711520e-02 2.2589071315813520e-02 0.0000000000000000e+00
1.6084566544767961e-02 2.2305531131693129e-02 0.0000000000000000e+00
1.6480135829062052e-02 2.2014884125419909e-02 0.0000000000000000e+00
1.6870454335255400e-02 2.1717222900777679e-02 0.0000000000000000e+00
1.7255397702973439e-02 2.1412642296368259e-02 0.0000000000000000e+00
1.7634843284428190e-02 2.1101239355394701e-02 0.0000000000000000e+00
1.8008670183495341e-02 2.0783113294742101e-02 0.0000000000000000e+00
1.8376759294233359e-02 2.0458365473365849e-02 0.0000000000000000e+00
1.8738993338832020e-02 2.0127099359997441e-02 0.0000000000000000e+00
1.9095256904978680e-02 1.9789420500177970e-02 0.0000000000000000e+00
4.4856357789753378e-04 7.9874145201425332e-03 0.0000000000000000e+00
8.9571580882646235e-04 7.9496976791459412e-03 0.0000000000000000e+00
1.3400497864378903e-03 7.8869681481458873e-03 0.0000000000000000e+00
1.7801674716505145e-03 7.7994232974545894e-03 0.0000000000000000e+00
2.2146840913987945e-03 7.6873385755607971e-03 0.0000000000000000e+00
2.6422324956413322e-03 7.5510666424669429e-03 0.0000000000000000e+00
3.0614674589207144e-03 7.3910362600902958e-03 0.0000000000000000e+00
3.4710699129404643e-03 7.2077509432193531e-03 0.0000000000000000e+00
3.8697510968419184e-03 7.0017873752700301e-03 0.0000000000000000e+00
4.2562566121226936e-03 6.7737935938262722e-03 0.0000000000000000e+00
4.6293703694384484e-03 6.5244869516740793e-03 0.0000000000000000e+00
4.9879184148698703e-03 6.2546518597442367e-03 0.0000000000000000e+00
5.3307726236160357e-03 5.9651373190653216e-03 0.0000000000000000e+00
1.6533187917794814e-18 2.7000744915686489e-02 0.0000000000000000e+00
1.6227014214605199e-18 2.6500725312642109e-02 0.0000000000000000e+00
1.5920840511415585e-18 2.6000705709597730e-02 0.0000000000000000e+00
1.5614666808225970e-18 2.5500686106553351e-02 0.0000000000000000e+00
1.5308493105036350e-18 2.5000666503508961e-02 0.0000000000000000e+00
1.5002319401846740e-18 2.4500646900464589e-02 0.0000000000000000e+00
1.4696145698657119e-18 2.4000627297420200e-02 0.0000000000000000e+00
1.4389971995467505e-18 2.3500607694375820e-02 0.0000000000000000e+00
1.4083798292277890e-18 2.3000588091331441e-02 0.0000000000000000e+00
1.3777624589088274e-18 2.2500568488287059e-02 0.0000000000000000e+00
1.3471450885898659e-18 2.2000548885242679e-02 0.0000000000000000e+00
1.3165277182709045e-18 2.1500529282198300e-02 0.0000000000000000e+00
1.2859103479519429e-18 2.1000509679153921e-02 0.0000000000000000e+00
1.2552929776329812e-18 2.0500490076109538e-02 0.0000000000000000e+00
1.2246756073140198e-18 2.0000470473065159e-02 0.0000000000000000e+00
1.1940582369950583e-18 1.9500450870020780e-02 0.0000000000000000e+00
1.1634408666760969e-18 1.9000431266976401e-02 0.0000000000000000e+00
1.1328234963571348e-18 1.8500411663932011e-02 0.0000000000000000e+00
1.1022061260381732e-18 1.8000392060887629e-02 0.0000000000000000e+00
1.0715887557192110e-18 1.7500372457843239e-02 0.0000000000000000e+00
1.0409713854002495e-18 1.7000352854798860e-02 0.0000000000000000e+00
1.0103540150812881e-18 1.6500333251754481e-02 0.0000000000000000e+00
9.7973664476232606e-19 1.6000313648710091e-02 0.0000000000000000e+00
9.4911927444336442e-19 1.5500294045665710e-02 0.0000000000000000e+00
9.1850190412440297e-19 1.5000274442621329e-02 0.0000000000000000e+00
8.8788453380544153e-19 1.4500254839576950e-02 0.0000000000000000e+00
8.5726716348647940e-19 1.4000235236532561e-02 0.0000000000000000e+00
8.2664979316751786e-19 1.3500215633488180e-02 0.0000000000000000e+00
7.9603242284855574e-19 1.3000196030443790e-02 0.0000000000000000e+00
7.6541505252959419e-19 1.2500176427399409e-02 0.0000000000000000e+00
7.3479768221063275e-19 1.2000156824355030e-02 0.0000000000000000e+00
7.0418031189167062e-19 1.1500137221310641e-02 0.0000000000000000e+00
6.7356294157270908e-19 1.1000117618266260e-02 0.0000000000000000e+00
6.4294557125374821e-19 1.0500098015221891e-02 0.0000000000000000e+00
6.1232820093478666e-19 1.0000078412177510e-02 0.0000000000000000e+00
5.8171083061582522e-19 9.5000588091331307e-03 0.0000000000000000e+00
5.5109346029686396e-19 9.0000392060887550e-03 0.0000000000000000e+00
5.2047608997790271e-19 8.5000196030443793e-03 0.0000000000000000e+00
1.0404817174193492e-03 5.2308548288172302e-03 0.0000000000000000e+00
2.0409783059471454e-03 4.9273575067268639e-03 0.0000000000000000e+00
2.9630412427712146e-03 4.4345045989469074e-03 0.0000000000000000e+00
3.6739403974420602e-19 6.0000000000000010e-03 0.0000000000000000e+00
4.0821559971578449e-19 6.6666666666666680e-03 0.0000000000000000e+00
4.4903715968736297e-19 7.3333333333333349e-03 0.0000000000000000e+00
5.0000664683493555e-04 1.8500405242173099e-02 0.0000000000000000e+00
1.2021071836505300e-02 1.2728187855103939e-02 0.0000000000000000e+00
5.0000667434949638e-04 1.6000307703053999e-02 0.0000000000000000e+00
9.5461052039220763e-03 1.0253221202166310e-02 0.0000000000000000e+00
1.0318430303881982e-02 2.4946789561041301e-02 0.0000000000000000e+00
1.3788908000431551e-02 1.4496024529525460e-02 0.0000000000000000e+00
5.0000644821891153e-04 1.3500218032252830e-02 0.0000000000000000e+00
7.6003484505239730e-03 2.5903663925460511e-02 0.0000000000000000e+00
1.2932700963219872e-02 2.3696601042113529e-02 0.0000000000000000e+00
5.0000660279754061e-04 2.2500566241786979e-02 0.0000000000000000e+00
1.5203178836033341e-02 1.5910295248878169e-02 0.0000000000000000e+00
2.7857377090484644e-03 7.9884096077919211e-03 0.0000000000000000e+00
1.4575945789862483e-02 2.2723257719848570e-02 0.0000000000000000e+00
5.7298972215587734e-03 2.6380662058165409e-02 0.0000000000000000e+00
3.8281727182175877e-03 2.6723722626931290e-02 0.0000000000000000e+00
8.1318667621171452e-03 8.8389940034183569e-03 0.0000000000000000e+00
4.9937007362891943e-04 2.4999995264014020e-02 0.0000000000000000e+00
1.6174862153683051e-02 2.1614060019562370e-02 0.0000000000000000e+00
1.6263771350390071e-02 1.6970963529411610e-02 0.0000000000000000e+00
5.0009214726332604e-04 1.1500281903460870e-02 0.0000000000000000e+00
6.7076094543711091e-03 7.4178076041366506e-03 0.0000000000000000e+00
1.9329312365103496e-03 2.6935963291678262e-02 0.0000000000000000e+00
1.7324940020893530e-02 1.8033626071994279e-02 0.0000000000000000e+00
1.7321718403589769e-02 2.0712656212591909e-02 0.0000000000000000e+00
4.0974796960957195e-03 7.4050271201161044e-03 0.0000000000000000e+00
5.0197003313805547e-04 9.9846049012161098e-03 0.0000000000000000e+00
4.9169641547132572e-03 6.9020733404385019e-03 0.0000000000000000e+00
1.4037725955181604e-03 8.3476901403461787e-03 0.0000000000000000e+00
1.0960371199167880e-02 1.1667487846094241e-02 0.0000000000000000e+00
5.0000671526409654e-04 2.1000513207991341e-02 0.0000000000000000e+00
4.9098832331490548e-04 2.6495002905320759e-02 0.0000000000000000e+00
5.0000697855628125e-04 1.7500366627369899e-02 0.0000000000000000e+00
5.0000697605551234e-04 1.5000269723691661e-02 0.0000000000000000e+00
5.0000700892016811e-04 2.0000472849359040e-02 0.0000000000000000e+00
5.0000084992481825e-04 2.4000559256005940e-02 0.0000000000000000e+00
1.2078101733537232e-02 2.4142997015039479e-02 0.0000000000000000e+00
1.8036110166644422e-02 1.8734403817110130e-02 0.0000000000000000e+00
1.8039737910701039e-02 2.0092314317519192e-02 0.0000000000000000e+00
1.8740727558454229e-02 1.9433627855797889e-02 0.0000000000000000e+00
4.8362840631420315e-04 8.9642221519227547e-03 0.0000000000000000e+00
6.0019494130019802e-03 6.6881687180345723e-03 0.0000000000000000e+00
5.6604463166163924e-03 6.3225838510287159e-03 0.0000000000000000e+00
9.3458857069305681e-04 8.4189416345305974e-03 0.0000000000000000e+00
1.4577657941032616e-03 2.6963707428134510e-02 0.0000000000000000e+00
4.8962611232885439e-04 2.6993400025897691e-02 0.0000000000000000e+00
1.4496042023497442e-02 1.5203157968505129e-02 0.0000000000000000e+00
4.9420282179630105e-04 2.5997005068990230e-02 0.0000000000000000e+00
1.3435342521577111e-02 1.4142458856899250e-02 0.0000000000000000e+00
5.0000678926744382e-04 1.4500253188298590e-02 0.0000000000000000e+00
5.0000580368758207e-04 1.2500194760116779e-02 0.0000000000000000e+00
1.2728209338318260e-02 1.3435325406867199e-02 0.0000000000000000e+00
1.0253240030483000e-02 1.0960356134612119e-02 0.0000000000000000e+00
8.8389691416972931e-03 9.5460851539636085e-03 0.0000000000000000e+00
5.0000683246108628e-04 1.7000348191432979e-02 0.0000000000000000e+00
7.7782276953763602e-03 8.4855666299320995e-03 0.0000000000000000e+00
5.0000245593079392e-04 2.3500581660240709e-02 0.0000000000000000e+00
1.5556742209869271e-02 1.6263858174196542e-02 0.0000000000000000e+00
1.1313937187557939e-02 1.2021053563912179e-02 0.0000000000000000e+00
5.0000684245675127e-04 1.9500450319047302e-02 0.0000000000000000e+00
1.6970727681142071e-02 1.7679265472121331e-02 0.0000000000000000e+00
5.0000676777694130e-04 2.2000548641811550e-02 0.0000000000000000e+00
5.0082440236782068e-04 1.0999298187817169e-02 0.0000000000000000e+00
7.4235707272208747e-03 8.1320244662759101e-03 0.0000000000000000e+00
1.8704644464032243e-03 8.2527105326705291e-03 0.0000000000000000e+00
2.8764691075855368e-03 2.6847490938546360e-02 0.0000000000000000e+00
1.5381058028103831e-02 2.2185673466220791e-02 0.0000000000000000e+00
1.1202836799806081e-02 2.4561720310510259e-02 0.0000000000000000e+00
6.6659070336024450e-03 2.6159672862002100e-02 0.0000000000000000e+00
4.7858750584194344e-03 2.6568038941049209e-02 0.0000000000000000e+00
8.5155184449824065e-03 2.5618010396214350e-02 0.0000000000000000e+00
1.3762798247990251e-02 2.3224949143844341e-02 0.0000000000000000e+00
8.9672371819530475e-03 2.5463065505034559e-02 0.0000000000000000e+00
9.8703950905939999e-03 2.5127041403137099e-02 0.0000000000000000e+00
1.6565040384572242e-02 2.1317180383460019e-02 0.0000000000000000e+00
4.6683518138893092e-04 8.4670640611478262e-03 0.0000000000000000e+00
3.6675663621276674e-03 7.6244580108850704e-03 0.0000000000000000e+00
1.0000117621195811e-03 1.7500359736176509e-02 0.0000000000000000e+00
1.0960377693849050e-02 1.2374607802082880e-02 0.0000000000000000e+00
1.0000117390215819e-03 1.5000265411212930e-02 0.0000000000000000e+00
9.6742104322498600e-03 2.4668760984477640e-02 0.0000000000000000e+00
1.3435348121864922e-02 1.4849577978425999e-02 0.0000000000000000e+00
1.4849615874113362e-02 1.6263844146350331e-02 0.0000000000000000e+00
1.0000101138498143e-03 2.2500563285026809e-02 0.0000000000000000e+00
7.4248690702652257e-03 8.8399739119215288e-03 0.0000000000000000e+00
1.0033368574072206e-03 1.1000654643439240e-02 0.0000000000000000e+00
1.6268150520119529e-02 2.0916556911877299e-02 0.0000000000000000e+00
3.8630427714658956e-03 8.0677883124780237e-03 0.0000000000000000e+00
1.6968708472483291e-02 1.8396733273179169e-02 0.0000000000000000e+00
1.9537736316073543e-03 8.7316070307299418e-03 0.0000000000000000e+00
9.9998576897849883e-04 2.3500482550592301e-02 0.0000000000000000e+00
1.4516547147070174e-03 2.6477882322442619e-02 0.0000000000000000e+00
1.2374640760150921e-02 1.3081756496644659e-02 0.0000000000000000e+00
1.0606806105750290e-02 1.1313922154109840e-02 0.0000000000000000e+00
9.8996735192131528e-03 1.0606789254770970e-02 0.0000000000000000e+00
8.4854113819264592e-03 9.1925290589237665e-03 0.0000000000000000e+00
5.0000647667460614e-04 1.8000385088799919e-02 0.0000000000000000e+00
5.0000649419233722e-04 1.5500287794373690e-02 0.0000000000000000e+00
5.0000644389367431e-04 1.4000236359632609e-02 0.0000000000000000e+00
5.0000664087469684e-04 1.3000203331559280e-02 0.0000000000000000e+00
5.0002198188642949e-04 1.2000242723718749e-02 0.0000000000000000e+00
9.1925369996125258e-03 9.8996527298166638e-03 0.0000000000000000e+00
5.0000656231988271e-04 1.9000427330045491e-02 0.0000000000000000e+00
4.9734336227602312e-04 2.5498806854951640e-02 0.0000000000000000e+00
5.0000656523061231e-04 1.6500328302513152e-02 0.0000000000000000e+00
1.4849610107097991e-02 1.5556725746466828e-02 0.0000000000000000e+00
5.0000347132352128e-04 2.3000574250723209e-02 0.0000000000000000e+00
5.0000661391371966e-04 2.0500494255013001e-02 0.0000000000000000e+00
1.3081776701335030e-02 1.3788892644196591e-02 0.0000000000000000e+00
6.3506919648962934e-03 7.0530804840812471e-03 0.0000000000000000e+00
4.9988448673670099e-04 2.4500394250486331e-02 0.0000000000000000e+00
5.0000655334496045e-04 2.1500531342977389e-02 0.0000000000000000e+00
1.5910261274987170e-02 1.6617397099086859e-02 0.0000000000000000e+00
1.4142474461811562e-02 1.4849590217570629e-02 0.0000000000000000e+00
1.7680973770944870e-02 1.8386171236225140e-02 0.0000000000000000e+00
1.6617177406163881e-02 1.7324826690308059e-02 0.0000000000000000e+00
1.1667504023123811e-02 1.2374619843473430e-02 0.0000000000000000e+00
5.0283344270564737e-04 1.0494005230986890e-02 0.0000000000000000e+00
4.9603091224489622e-04 9.4714748395777898e-03 0.0000000000000000e+00
7.0657980522246099e-03 7.7767267812793531e-03 0.0000000000000000e+00
1.8389529119106501e-02 1.9082168594084160e-02 0.0000000000000000e+00
2.3305219402530173e-03 8.1329678745016183e-03 0.0000000000000000e+00
4.5157569365271563e-03 7.1627060815622366e-03 0.0000000000000000e+00
1.1641797141789102e-02 2.4355981232679159e-02 0.0000000000000000e+00
1.4979319282019262e-02 2.2458576190368180e-02 0.0000000000000000e+00
9.4189570821099026e-03 2.5299070516040269e-02 0.0000000000000000e+00
2.4049895340546748e-03 2.6897516166911200e-02 0.0000000000000000e+00
5.2597515946550301e-03 2.6477862093682501e-02 0.0000000000000000e+00
7.1343602122195355e-03 2.6035265396977581e-02 0.0000000000000000e+00
9.7658712899203678e-04 2.6982011316053649e-02 0.0000000000000000e+00
1.2507819537185171e-02 2.3922839508130619e-02 0.0000000000000000e+00
8.0603204684970772e-03 2.5764055300099491e-02 0.0000000000000000e+00
1.6948668446627079e-02 2.1015458410441411e-02 0.0000000000000000e+00
1.7686100715621138e-02 2.0405582877128899e-02 0.0000000000000000e+00
3.3503834463383098e-03 2.6789396056016570e-02 0.0000000000000000e+00
1.0761461131546402e-02 2.4758211117471139e-02 0.0000000000000000e+00
1.3349839541477632e-02 2.3464054963842320e-02 0.0000000000000000e+00
4.3076065355509424e-03 2.6649566389267829e-02 0.0000000000000000e+00
6.1976760924827264e-03 2.6274190586095311e-02 0.0000000000000000e+00
1.5779629885607958e-02 2.1903301094888149e-02 0.0000000000000000e+00
1.4170082027022942e-02 2.2978265414136261e-02 0.0000000000000000e+00
1.8391039274094381e-02 1.9767879411519019e-02 0.0000000000000000e+00
5.2980502641942501e-03 6.6208229529089906e-03 0.0000000000000000e+00
9.7030067520671953e-04 8.9123345095544742e-03 0.0000000000000000e+00
3.2289099220886653e-03 7.8189754046921571e-03 0.0000000000000000e+00
9.7717199567288657e-04 2.6487029922159629e-02 0.0000000000000000e+00
8.8389817624493598e-03 1.0253210900316299e-02 0.0000000000000000e+00
1.2682622183364101e-02 2.3263886745271901e-02 0.0000000000000000e+00
7.4533760722488305e-03 2.5424382523341151e-02 0.0000000000000000e+00
1.4284243263835312e-02 2.2316165226709411e-02 0.0000000000000000e+00
5.6142101799914537e-03 2.5893018887144952e-02 0.0000000000000000e+00
3.7404817513029768e-03 2.6233281388828990e-02 0.0000000000000000e+00
1.0000114939324282e-03 2.0500501676397720e-02 0.0000000000000000e+00
1.2021082014643450e-02 1.3435311207723011e-02 0.0000000000000000e+00
1.7720734246562279e-02 1.9738259193116899e-02 0.0000000000000000e+00
1.0979471505374452e-02 2.4115488825331710e-02 0.0000000000000000e+00
5.9654249422157468e-03 7.3819179130029744e-03 0.0000000000000000e+00
1.0253251776610531e-02 1.1667481436014039e-02 0.0000000000000000e+00
1.0000112135313299e-03 1.4000238631979221e-02 0.0000000000000000e+00
1.0001297287593486e-03 1.2000502641664020e-02 0.0000000000000000e+00
1.0000114653839422e-03 1.6500321920331379e-02 0.0000000000000000e+00
1.0000113592578939e-03 1.5500281094825260e-02 0.0000000000000000e+00
1.5556517829287162e-02 1.6970772190812548e-02 0.0000000000000000e+00
1.0003714991986105e-03 2.4500034623828489e-02 0.0000000000000000e+00
1.7334698671154562e-02 1.8751635705074422e-02 0.0000000000000000e+00
1.5080426256751671e-02 2.1784471855836481e-02 0.0000000000000000e+00
1.0113462280611121e-02 2.4493531382492700e-02 0.0000000000000000e+00
2.8066097899863479e-03 2.6367841664100691e-02 0.0000000000000000e+00
1.0024942646663267e-03 9.4281060497259876e-03 0.0000000000000000e+00
5.2229825231320153e-03 7.2885621725093039e-03 0.0000000000000000e+00
1.4608359110030663e-03 8.8352184189639405e-03 0.0000000000000000e+00
9.9999802571560043e-04 2.3000550411687849e-02 0.0000000000000000e+00
8.1318801795543880e-03 9.5461148001906981e-03 0.0000000000000000e+00
1.0000114361063803e-03 2.1500535118215681e-02 0.0000000000000000e+00
6.7019829862943045e-03 8.1347019423742388e-03 0.0000000000000000e+00
1.0000113465334511e-03 1.8000377515524180e-02 0.0000000000000000e+00
1.0000114424715582e-03 1.9000423912648470e-02 0.0000000000000000e+00
1.1313943142815841e-02 1.2728172622177960e-02 0.0000000000000000e+00
1.3788913042868112e-02 1.5203142206862920e-02 0.0000000000000000e+00
1.4496049378240542e-02 1.5910278209410499e-02 0.0000000000000000e+00
1.0141930310559088e-03 1.0489250720383279e-02 0.0000000000000000e+00
7.7784288161888661e-03 9.1928201246539235e-03 0.0000000000000000e+00
1.0000113341364178e-03 1.4500252519315301e-02 0.0000000000000000e+00
1.0000114426752871e-03 1.7000341734843029e-02 0.0000000000000000e+00
1.5203128600806661e-02 1.6617354989923210e-02 0.0000000000000000e+00
1.0000110261082964e-03 2.2000549253274909e-02 0.0000000000000000e+00
1.0606814780725291e-02 1.2021044466275469e-02 0.0000000000000000e+00
1.0009486452937217e-03 1.1501105525644590e-02 0.0000000000000000e+00
1.0000959321812965e-03 2.4000213134393589e-02 0.0000000000000000e+00
7.0683639707653243e-03 8.4884499516290936e-03 0.0000000000000000e+00
9.5461215135087801e-03 1.0960350695205441e-02 0.0000000000000000e+00
1.0000172888956138e-03 1.3000216182900381e-02 0.0000000000000000e+00
9.9429291898552193e-04 2.5498203359025081e-02 0.0000000000000000e+00
9.8435880970181521e-04 2.5993748890419111e-02 0.0000000000000000e+00
1.2728219914763609e-02 1.4142449453475110e-02 0.0000000000000000e+00
1.6261956503123391e-02 1.7677914086237000e-02 0.0000000000000000e+00
1.6613608127877780e-02 1.8034710818870269e-02 0.0000000000000000e+00
1.3081784430377982e-02 1.4496013917291250e-02 0.0000000000000000e+00
1.1843661736305262e-02 2.3700384941355099e-02 0.0000000000000000e+00
4.6882038908566534e-03 2.6076732201272931e-02 0.0000000000000000e+00
1.5874728030313139e-02 2.1213160133058379e-02 0.0000000000000000e+00
5.6226488074727207e-03 6.9953907960721932e-03 0.0000000000000000e+00
1.9092478219945946e-03 2.6462808892814979e-02 0.0000000000000000e+00
2.9194780781407904e-03 8.4494117526418624e-03 0.0000000000000000e+00
2.4385506331795286e-03 8.6027707456536890e-03 0.0000000000000000e+00
3.3879896727919754e-03 8.2709712791505172e-03 0.0000000000000000e+00
4.3379988447002317e-03 7.8334448923524820e-03 0.0000000000000000e+00
6.5317729698773849e-03 2.5676528229546941e-02 0.0000000000000000e+00
1.7029991782995541e-02 2.0323485964974838e-02 0.0000000000000000e+00
8.3476982716772438e-03 2.5146018516387210e-02 0.0000000000000000e+00
9.2302362096182179e-03 2.4836193311226201e-02 0.0000000000000000e+00
1.3489189205723742e-02 2.2807081934833509e-02 0.0000000000000000e+00
1.8051453028411390e-02 1.9418209161985649e-02 0.0000000000000000e+00
1.6656073008122819e-02 2.0616327104990700e-02 0.0000000000000000e+00
1.5000142502864810e-03 1.8000370248134570e-02 0.0000000000000000e+00
1.0960382674101441e-02 1.3081723071604561e-02 0.0000000000000000e+00
1.5000142267682609e-03 1.5500274760653080e-02 0.0000000000000000e+00
9.4841224007992265e-03 2.4216966821630371e-02 0.0000000000000000e+00
1.3081788065646012e-02 1.5203128294725990e-02 0.0000000000000000e+00
7.7783987800012951e-03 9.8997846085316921e-03 0.0000000000000000e+00
1.5006973817452906e-03 1.2000834307947190e-02 0.0000000000000000e+00
1.5000137652577243e-03 2.1500538194412770e-02 0.0000000000000000e+00
1.4495999772576651e-02 1.6617361383037259e-02 0.0000000000000000e+00
1.4999479600775283e-03 2.3000340875014069e-02 0.0000000000000000e+00
4.0263744836618260e-03 8.5478027924999981e-03 0.0000000000000000e+00
1.5978184639800840e-02 2.0513054248100439e-02 0.0000000000000000e+00
1.5902887628183000e-02 1.8028310819012860e-02 0.0000000000000000e+00
6.3487947440606955e-03 8.5083892913193314e-03 0.0000000000000000e+00
2.0298692352496792e-03 9.2307998807310884e-03 0.0000000000000000e+00
1.5295626634945216e-03 1.0504643937390919e-02 0.0000000000000000e+00
5.5457204455967380e-03 7.6867953010756399e-03 0.0000000000000000e+00
1.5000141565046491e-03 1.6500313430506619e-02 0.0000000000000000e+00
1.0000115572375513e-03 1.9500451968141340e-02 0.0000000000000000e+00
1.6972149069087370e-02 1.9191129226902932e-02 0.0000000000000000e+00
1.5180565556940937e-03 9.3472347200393418e-03 0.0000000000000000e+00
3.0400020348680494e-03 8.9342515423878454e-03 0.0000000000000000e+00
4.7950404546365337e-03 7.5680519352395274e-03 0.0000000000000000e+00
1.0000110434629360e-03 1.8500399069853631e-02 0.0000000000000000e+00
1.0000110412943131e-03 1.6000300553422449e-02 0.0000000000000000e+00
1.4142480397131991e-02 1.5556709101594211e-02 0.0000000000000000e+00
1.0000114360123593e-03 2.0000478768697861e-02 0.0000000000000000e+00
1.5202298267217862e-02 1.7323753231120721e-02 0.0000000000000000e+00
1.1667511652648489e-02 1.3081740594434250e-02 0.0000000000000000e+00
9.1925524079946030e-03 1.0606781266237370e-02 0.0000000000000000e+00
1.0000122497364490e-03 1.3500224703570530e-02 0.0000000000000000e+00
1.2374651990550470e-02 1.3788880967890089e-02 0.0000000000000000e+00
8.4854251027109591e-03 9.8996575161954779e-03 0.0000000000000000e+00
1.0000110821984944e-03 2.1000519864485829e-02 0.0000000000000000e+00
1.5909148825670971e-02 1.7323962029813539e-02 0.0000000000000000e+00
6.3243368933829300e-03 7.7668869140344104e-03 0.0000000000000000e+00
1.6595285839955679e-02 1.8760883864825929e-02 0.0000000000000000e+00
1.5000142830340919e-03 1.5000262632433909e-02 0.0000000000000000e+00
1.5000141866055559e-03 1.4000241161609460e-02 0.0000000000000000e+00
9.9942464756072667e-04 2.4999852046468030e-02 0.0000000000000000e+00
1.0219137699654967e-03 9.9589644945537632e-03 0.0000000000000000e+00
1.0000809232898848e-03 1.2500297589295190e-02 0.0000000000000000e+00
9.8996880742316905e-03 1.1313917092136090e-02 0.0000000000000000e+00
1.2374660060386672e-02 1.4496000094044250e-02 0.0000000000000000e+00
1.4999936316008543e-03 2.2500482154630689e-02 0.0000000000000000e+00
1.5000143412848281e-03 1.7500352558529421e-02 0.0000000000000000e+00
7.0723566855009209e-03 9.1957015778333720e-03 0.0000000000000000e+00
1.0606820066872020e-02 1.2728160609630900e-02 0.0000000000000000e+00
9.8996993516336992e-03 1.2021039471529899e-02 0.0000000000000000e+00
1.5084562524486456e-03 1.1006555604118789e-02 0.0000000000000000e+00
1.4998797131641464e-03 2.3499698369601061e-02 0.0000000000000000e+00
1.5025993974520444e-03 2.4497812829040431e-02 0.0000000000000000e+00
2.3562807367436397e-03 2.6427520950489770e-02 0.0000000000000000e+00
1.1411792880043592e-02 2.3911446596965969e-02 0.0000000000000000e+00
6.9939027628453283e-03 2.5553672358701190e-02 0.0000000000000000e+00
1.7386904942634139e-02 2.0036851046793071e-02 0.0000000000000000e+00
4.2151649353255466e-03 2.6158063972558470e-02 0.0000000000000000e+00
1.7703252233741740e-02 1.9085387645920920e-02 0.0000000000000000e+00
1.5478285362593961e-02 2.1502540681445421e-02 0.0000000000000000e+00
5.1536677077800791e-03 2.5987894969823750e-02 0.0000000000000000e+00
1.2266431616631221e-02 2.3484307184704789e-02 0.0000000000000000e+00
7.9039037806727299e-03 2.5287776156231390e-02 0.0000000000000000e+00
1.3087651414918062e-02 2.3039036647921739e-02 0.0000000000000000e+00
1.4957051542654315e-03 2.5506748575549631e-02 0.0000000000000000e+00
1.4661077567493035e-03 2.5999131225546208e-02 0.0000000000000000e+00
1.4682352001856951e-02 2.2054555569834589e-02 0.0000000000000000e+00
1.0546734027950512e-02 2.4309962078159410e-02 0.0000000000000000e+00
1.3886435440579511e-02 2.2566142775503971e-02 0.0000000000000000e+00
6.0718002932316261e-03 2.5788739337841121e-02 0.0000000000000000e+00
3.2682032010080135e-03 2.6302794129226221e-02 0.0000000000000000e+00
8.7881697293527676e-03 2.4994984274716490e-02 0.0000000000000000e+00
1.6764706984324140e-02 1.9922849870635240e-02 0.0000000000000000e+00
2.0000155327822111e-03 1.8000367388018721e-02 0.0000000000000000e+00
1.0606823453150170e-02 1.3435272472098379e-02 0.0000000000000000e+00
2.0000155014845448e-03 1.5500271101779650e-02 0.0000000000000000e+00
1.2428922982144252e-02 2.2840226002221700e-02 0.0000000000000000e+00
7.3054929378895319e-03 2.4946793939569001e-02 0.0000000000000000e+00
5.4953858406469724e-03 2.5407946140592351e-02 0.0000000000000000e+00
1.9996515004628472e-03 2.2998916098044910e-02 0.0000000000000000e+00
1.3993519719915942e-02 2.1910345953248620e-02 0.0000000000000000e+00
3.6496622428788456e-03 2.5750176429737509e-02 0.0000000000000000e+00
2.0259131978602445e-03 1.0539229137132740e-02 0.0000000000000000e+00
1.5000143131852052e-03 1.9500454264161509e-02 0.0000000000000000e+00
1.0748853066456702e-02 2.3682372633511941e-02 0.0000000000000000e+00
5.1023134173446665e-03 7.9722498837224536e-03 0.0000000000000000e+00
8.4854300248022544e-03 1.0606770118449930e-02 0.0000000000000000e+00
1.4782425446353532e-02 2.1382717240345510e-02 0.0000000000000000e+00
9.9137953452926499e-03 2.4056759111857642e-02 0.0000000000000000e+00
2.1104615964739563e-03 9.6805166869668204e-03 0.0000000000000000e+00
2.7131699996976919e-03 2.5903785355289130e-02 0.0000000000000000e+00
1.8898296804146805e-03 2.6035816383079929e-02 0.0000000000000000e+00
4.6114478899627808e-03 8.3365450223251685e-03 0.0000000000000000e+00
5.8878572055330609e-03 8.1554147812987685e-03 0.0000000000000000e+00
1.6116740928103696e-03 9.9250110668297788e-03 0.0000000000000000e+00
3.5271249353006065e-03 8.7467924272885290e-03 0.0000000000000000e+00
2.5376791545669336e-03 9.0947229926095444e-03 0.0000000000000000e+00
1.5000138096275511e-03 1.6000292960746992e-02 0.0000000000000000e+00
1.1667520699774510e-02 1.3788860355712820e-02 0.0000000000000000e+00
1.5070763023664416e-03 2.5002102954880420e-02 0.0000000000000000e+00
8.1318825177762507e-03 1.0253231064494090e-02 0.0000000000000000e+00
1.5000178826399119e-03 1.3500224630899929e-02 0.0000000000000000e+00
1.5000141382721073e-03 2.0500511052242869e-02 0.0000000000000000e+00
1.5553433908732942e-02 1.7675702301584419e-02 0.0000000000000000e+00
1.2021090815806740e-02 1.4142430359635770e-02 0.0000000000000000e+00
1.1313950310530880e-02 1.3435289921375449e-02 0.0000000000000000e+00
1.3435352150034522e-02 1.5556691844090040e-02 0.0000000000000000e+00
1.5000139888927831e-03 1.9000421055056602e-02 0.0000000000000000e+00
1.5000138099009281e-03 1.8500393421030450e-02 0.0000000000000000e+00
1.4142473863173162e-02 1.6263817766846499e-02 0.0000000000000000e+00
1.5000137883867614e-03 2.1000527226005240e-02 0.0000000000000000e+00
9.1925714823828907e-03 1.1313911097221740e-02 0.0000000000000000e+00
1.5002584007626969e-03 1.2500291421226691e-02 0.0000000000000000e+00
9.5461369388638306e-03 1.1667476497528450e-02 0.0000000000000000e+00
1.2728224477123642e-02 1.4849564547204210e-02 0.0000000000000000e+00
1.6247738361393291e-02 1.8386525849474849e-02 0.0000000000000000e+00
1.5027261914787697e-03 1.1502998567051731e-02 0.0000000000000000e+00
1.5004439958246625e-03 2.3998343699461029e-02 0.0000000000000000e+00
1.0253259608475630e-02 1.2374599885013739e-02 0.0000000000000000e+00
1.4849302777988852e-02 1.6970733884916291e-02 0.0000000000000000e+00
1.5000140758564698e-03 1.4500252486896429e-02 0.0000000000000000e+00
7.4252364441359277e-03 9.5470600819132050e-03 0.0000000000000000e+00
1.5000141742995631e-03 1.7000333794317889e-02 0.0000000000000000e+00
1.5000089692756894e-03 2.2000528699927829e-02 0.0000000000000000e+00
6.7169777824183105e-03 8.8494521904485240e-03 0.0000000000000000e+00
1.1603708291691103e-02 2.3263630979440859e-02 0.0000000000000000e+00
4.5862203383190614e-03 2.5589174367357099e-02 0.0000000000000000e+00
1.5579038318801332e-02 2.0811142015498080e-02 0.0000000000000000e+00
9.0474842822498708e-03 2.4375026026836361e-02 0.0000000000000000e+00
6.3966151142351808e-03 2.5195108814484671e-02 0.0000000000000000e+00
1.7434326450820738e-02 1.9418152923863119e-02 0.0000000000000000e+00
1.6374154666131829e-02 2.0212891427108678e-02 0.0000000000000000e+00
8.1824408812678478e-03 2.4675053683984639e-02 0.0000000000000000e+00
1.3211791891085912e-02 2.2396966058890740e-02 0.0000000000000000e+00
1.6498885160201111e-02 1.9506849125166200e-02 0.0000000000000000e+00
1.7122959242314328e-02 1.9698266578857281e-02 0.0000000000000000e+00
9.3175136624090351e-03 2.3765858923040568e-02 0.0000000000000000e+00
1.2728227376387583e-02 1.5556676325571710e-02 0.0000000000000000e+00
8.8390168907385748e-03 1.1667465147855180e-02 0.0000000000000000e+00
2.0000154765109045e-03 2.0500519595024289e-02 0.0000000000000000e+00
7.4249895910234774e-03 1.0253679724622889e-02 0.0000000000000000e+00
1.4142170059001601e-02 1.6970689229802490e-02 0.0000000000000000e+00
4.1254172491656657e-03 9.0537310486967122e-03 0.0000000000000000e+00
1.5541004289219331e-02 1.8373947676283201e-02 0.0000000000000000e+00
2.0062303277397012e-03 2.4486572458749821e-02 0.0000000000000000e+00
2.0017683148083388e-03 1.1998831698987749e-02 0.0000000000000000e+00
2.0000196162959019e-03 1.4000230131563219e-02 0.0000000000000000e+00
1.5690308534483850e-02 2.0110754880930341e-02 0.0000000000000000e+00
6.0189740818532272e-03 8.8879993279272242e-03 0.0000000000000000e+00
1.1313955711964731e-02 1.4142403996161229e-02 0.0000000000000000e+00
2.0000154221244773e-03 1.9000422862781950e-02 0.0000000000000000e+00
1.9992560980622563e-03 2.3495628993228119e-02 0.0000000000000000e+00
1.6199475503443091e-02 1.9102605404517140e-02 0.0000000000000000e+00
2.0090322747730437e-03 1.1012683458066410e-02 0.0000000000000000e+00
9.5461449661775680e-03 1.2374593698173460e-02 0.0000000000000000e+00
2.0000156404432440e-03 1.5000261443541130e-02 0.0000000000000000e+00
2.0000116460126291e-03 2.1500525764769750e-02 0.0000000000000000e+00
3.1688996920090752e-03 9.4259882602024010e-03 0.0000000000000000e+00
2.6332059824449145e-03 9.6458250081550845e-03 0.0000000000000000e+00
1.0960388164542680e-02 1.3788836552586361e-02 0.0000000000000000e+00
2.0000152365093455e-03 1.8500393221548499e-02 0.0000000000000000e+00
1.5000787331425429e-03 1.3000210122647210e-02 0.0000000000000000e+00
2.0000152476669941e-03 1.6000287181131868e-02 0.0000000000000000e+00
2.0000153938916697e-03 1.6500306868070479e-02 0.0000000000000000e+00
1.4846701756504042e-02 1.7676574655650121e-02 0.0000000000000000e+00
8.1318784161565766e-03 1.0960331120087140e-02 0.0000000000000000e+00
1.3788916525831241e-02 1.5910256548886430e-02 0.0000000000000000e+00
8.8390008085575591e-03 1.0960340466351959e-02 0.0000000000000000e+00
1.5000141509818453e-03 2.0000485173696542e-02 0.0000000000000000e+00
2.0000156766544507e-03 1.7500348381108081e-02 0.0000000000000000e+00
6.7209306896432600e-03 9.5534332360638873e-03 0.0000000000000000e+00
1.2021094636724152e-02 1.4849543348870620e-02 0.0000000000000000e+00
1.0253263184190160e-02 1.3081712414741179e-02 0.0000000000000000e+00
1.9998844904885443e-03 2.2499967486653859e-02 0.0000000000000000e+00
2.0600158735886009e-03 2.5553954010401250e-02 0.0000000000000000e+00
6.8521511458897524e-03 2.5074028605724889e-02 0.0000000000000000e+00
1.1174048865721901e-02 2.3474920916523149e-02 0.0000000000000000e+00
4.1195331482087160e-03 2.5671939145394569e-02 0.0000000000000000e+00
1.5180316020944742e-02 2.1100888197245930e-02 0.0000000000000000e+00
1.4387398110316831e-02 2.1650832772032919e-02 0.0000000000000000e+00
5.0430444079384400e-03 2.5501383852223551e-02 0.0000000000000000e+00
1.2021856779214482e-02 2.3052773095602431e-02 0.0000000000000000e+00
7.7479462686746419e-03 2.4813123936388189e-02 0.0000000000000000e+00
1.2822097200344251e-02 2.2623914298301281e-02 0.0000000000000000e+00
1.0331699647357202e-02 2.3881157278361830e-02 0.0000000000000000e+00
5.9439180264080037e-03 2.5305602388171849e-02 0.0000000000000000e+00
3.1786522433487618e-03 2.5826326169183240e-02 0.0000000000000000e+00
8.6137032406778408e-03 2.4528465340568861e-02 0.0000000000000000e+00
1.3601712198883722e-02 2.2158081454287281e-02 0.0000000000000000e+00
2.3055069923325587e-03 2.6006516723595569e-02 0.0000000000000000e+00
2.0985758587277422e-03 1.0117362057723300e-02 0.0000000000000000e+00
5.3713131427877312e-03 8.3320238019664594e-03 0.0000000000000000e+00
1.6091443551519698e-02 1.9810535553650480e-02 0.0000000000000000e+00
2.5000160204925212e-03 1.8000377816651439e-02 0.0000000000000000e+00
1.0960391852523581e-02 1.4495947763430449e-02 0.0000000000000000e+00
2.5000160713013028e-03 1.5500274349288490e-02 0.0000000000000000e+00
1.1361523479928831e-02 2.2831356499369449e-02 0.0000000000000000e+00
7.1548787399440070e-03 2.4471122344637889e-02 0.0000000000000000e+00
1.2932423216111712e-02 2.1997334320615371e-02 0.0000000000000000e+00
5.3693353127833923e-03 2.4927329908195388e-02 0.0000000000000000e+00
2.4982724435887302e-03 2.2994724849429899e-02 0.0000000000000000e+00
1.4486112930507783e-02 2.0979401252270911e-02 0.0000000000000000e+00
3.5617818460062889e-03 2.5275405281706010e-02 0.0000000000000000e+00
3.3100778870095624e-03 9.9027371574886593e-03 0.0000000000000000e+00
2.0000156267061652e-03 2.0000493579291310e-02 0.0000000000000000e+00
1.0253265320134500e-02 1.3788821840596479e-02 0.0000000000000000e+00
1.5286694967498881e-02 2.0407273841301050e-02 0.0000000000000000e+00
4.6474587868303337e-03 8.9871904112724891e-03 0.0000000000000000e+00
2.4952270683436064e-03 1.0542836560410020e-02 0.0000000000000000e+00
1.5804683667727071e-02 1.9419683162169400e-02 0.0000000000000000e+00
3.6491540392906644e-03 9.2354447487813310e-03 0.0000000000000000e+00
8.4854455947523891e-03 1.1313894409843541e-02 0.0000000000000000e+00
2.0001920184931059e-03 1.2999771746461041e-02 0.0000000000000000e+00
2.0000660717328627e-03 1.3500089086496450e-02 0.0000000000000000e+00
1.3788852514982792e-02 1.6617293735904051e-02 0.0000000000000000e+00
2.5000160614978622e-03 1.9000438015891151e-02 0.0000000000000000e+00
2.5000160846228949e-03 1.6500307995437381e-02 0.0000000000000000e+00
2.0004104699961611e-03 2.3990011003958429e-02 0.0000000000000000e+00
1.4494671364213932e-02 1.7323864422647949e-02 0.0000000000000000e+00
2.0000155486410202e-03 1.9500460767439179e-02 0.0000000000000000e+00
9.8997040490982156e-03 1.2728153058462911e-02 0.0000000000000000e+00
2.0000155658985949e-03 1.7000328744981089e-02 0.0000000000000000e+00
1.2374661604285452e-02 1.5203110482713130e-02 0.0000000000000000e+00
7.0723614161489418e-03 9.9022077210379443e-03 0.0000000000000000e+00
1.5874566180869260e-02 1.8728641824887711e-02 0.0000000000000000e+00
2.0041567136591157e-03 1.1501464380650131e-02 0.0000000000000000e+00
6.3707341429427812e-03 9.2141955581387016e-03 0.0000000000000000e+00
9.1925819306659801e-03 1.2021030180066139e-02 0.0000000000000000e+00
2.0000161707113538e-03 1.4500251055083780e-02 0.0000000000000000e+00
2.0000145500697125e-03 2.1000530579630739e-02 0.0000000000000000e+00
1.5196166743736871e-02 1.8026310919630160e-02 0.0000000000000000e+00
1.9999785992201573e-03 2.2000382554167280e-02 0.0000000000000000e+00
1.3081791739102842e-02 1.5910239670330690e-02 0.0000000000000000e+00
1.1667525035156221e-02 1.4495973312969319e-02 0.0000000000000000e+00
7.7783630628594303e-03 1.0606868722095691e-02 0.0000000000000000e+00
2.0007282190657627e-03 1.2498858479840509e-02 0.0000000000000000e+00
2.0249403139689526e-03 2.4990845009053679e-02 0.0000000000000000e+00
4.4781550681349848e-03 2.5108510628682669e-02 0.0000000000000000e+00
1.2180672851857872e-02 2.2432348277681639e-02 0.0000000000000000e+00
8.8764036621552730e-03 2.3916544112433980e-02 0.0000000000000000e+00
6.2576158412628504e-03 2.4715762708507311e-02 0.0000000000000000e+00
1.3703012475425592e-02 2.1505362508453651e-02 0.0000000000000000e+00
8.0223104583195242e-03 2.4206299434885559e-02 0.0000000000000000e+00
1.0495298244318711e-02 2.3266756290577961e-02 0.0000000000000000e+00
9.7349022814660780e-03 2.3661279886732070e-02 0.0000000000000000e+00
2.6085521199002929e-03 2.5435168789061911e-02 0.0000000000000000e+00
5.6781162792062774e-03 8.6315335823909552e-03 0.0000000000000000e+00
2.4855319042654065e-03 1.0134609942440830e-02 0.0000000000000000e+00
7.7783384054602341e-03 1.1313906388341930e-02 0.0000000000000000e+00
9.1651563132418550e-03 2.3306515097444979e-02 0.0000000000000000e+00
2.5008673517779088e-03 1.2997547913755630e-02 0.0000000000000000e+00
1.2728240466681622e-02 1.6263785375381600e-02 0.0000000000000000e+00
1.3788671364587831e-02 1.7323139325818169e-02 0.0000000000000000e+00
6.3700118415341888e-03 9.9143315822851682e-03 0.0000000000000000e+00
2.5000157123869042e-03 2.0500526260249150e-02 0.0000000000000000e+00
9.1925840126792016e-03 1.2728140345747280e-02 0.0000000000000000e+00
4.5179634126703517e-03 9.4045482167018010e-03 0.0000000000000000e+00
2.5058462868438585e-03 2.4456603602347259e-02 0.0000000000000000e+00
2.5000162349122523e-03 1.9500475046768481e-02 0.0000000000000000e+00
2.5000162612412659e-03 1.7000331457110520e-02 0.0000000000000000e+00
1.4488026751356431e-02 1.8029964810219141e-02 0.0000000000000000e+00
9.8997053941537721e-03 1.3435262249721591e-02 0.0000000000000000e+00
2.4999898359302731e-03 2.1500474073026840e-02 0.0000000000000000e+00
2.5000518400021990e-03 1.4000151594640931e-02 0.0000000000000000e+00
3.7705087869842075e-03 9.7199662855953772e-03 0.0000000000000000e+00
5.3653179737404065e-03 8.9454880582609028e-03 0.0000000000000000e+00
1.5408451546970271e-02 1.9713739221782080e-02 0.0000000000000000e+00
7.0717097174981007e-03 1.0608090528971249e-02 0.0000000000000000e+00
1.1667529155066832e-02 1.5203085559895760e-02 0.0000000000000000e+00
1.1313960119123561e-02 1.4849516099173560e-02 0.0000000000000000e+00
2.5022863116713769e-03 1.1986630776537111e-02 0.0000000000000000e+00
2.5000162050947019e-03 1.7500355654845839e-02 0.0000000000000000e+00
2.4961062545844881e-03 2.3484806276280471e-02 0.0000000000000000e+00
2.5000165371956667e-03 1.5000264439096359e-02 0.0000000000000000e+00
8.4854522093885353e-03 1.2021007725363001e-02 0.0000000000000000e+00
2.4991650662492797e-03 1.0999495671408370e-02 0.0000000000000000e+00
1.5187260388694682e-02 1.8714894227456050e-02 0.0000000000000000e+00
2.4993521509031951e-03 2.2498568970522600e-02 0.0000000000000000e+00
1.2374668620532032e-02 1.5910223817980889e-02 0.0000000000000000e+00
2.5000159011276620e-03 1.6000290646649491e-02 0.0000000000000000e+00
1.3435345974703252e-02 1.6263788341787839e-02 0.0000000000000000e+00
2.5000158594224585e-03 1.8500407874711980e-02 0.0000000000000000e+00
1.0606827747501260e-02 1.4142383780274621e-02 0.0000000000000000e+00
6.7068040798604145e-03 2.4596404584458480e-02 0.0000000000000000e+00
4.0230332924374099e-03 2.5194136412377260e-02 0.0000000000000000e+00
1.1780906587514671e-02 2.2629563392431981e-02 0.0000000000000000e+00
1.3314272569768132e-02 2.1754554658243590e-02 0.0000000000000000e+00
1.4884580365183371e-02 2.0696615929356840e-02 0.0000000000000000e+00
3.0924532745267449e-03 2.5354272465507491e-02 0.0000000000000000e+00
1.4093286928745511e-02 2.1247083648241918e-02 0.0000000000000000e+00
4.9250434224472443e-03 2.5020839542847759e-02 0.0000000000000000e+00
1.0927383229653271e-02 2.3045263143254221e-02 0.0000000000000000e+00
7.5927797075900499e-03 2.4340419010940910e-02 0.0000000000000000e+00
2.5377838168541555e-03 2.4945991865238111e-02 0.0000000000000000e+00
5.0752093543959933e-03 8.6375926413038498e-03 0.0000000000000000e+00
1.5509217764957851e-02 1.9054004700468481e-02 0.0000000000000000e+00
2.8984326635419864e-03 1.0065342752441539e-02 0.0000000000000000e+00
1.0128955427524062e-02 2.3496195290534060e-02 0.0000000000000000e+00
5.8109435888447376e-03 2.4825548549672082e-02 0.0000000000000000e+00
8.4478748252380526e-03 2.4065572787244121e-02 0.0000000000000000e+00
5.6906177138199262e-03 9.2592255329010473e-03 0.0000000000000000e+00
1.2559644572807952e-02 2.2226420646347101e-02 0.0000000000000000e+00
3.0000162139068821e-03 1.8000403714843780e-02 0.0000000000000000e+00
1.0606835709150301e-02 1.4849498674113511e-02 0.0000000000000000e+00
3.0000164256397907e-03 1.5500287631242430e-02 0.0000000000000000e+00
1.1123240995581821e-02 2.2398711634453491e-02 0.0000000000000000e+00
1.2374736758351552e-02 1.6617352956591450e-02 0.0000000000000000e+00
6.1152558639965713e-03 2.4238164650583899e-02 0.0000000000000000e+00
2.9932292714407835e-03 2.2989813792937151e-02 0.0000000000000000e+00
1.3408722650250482e-02 2.1103400222532501e-02 0.0000000000000000e+00
4.3671071814772259e-03 2.4639520165160741e-02 0.0000000000000000e+00
7.8720156173499676e-03 2.3743643219965301e-02 0.0000000000000000e+00
3.4234018254461706e-03 1.0385478484525890e-02 0.0000000000000000e+00
1.3435514451930662e-02 1.6970530040039390e-02 0.0000000000000000e+00
3.0000161552708703e-03 1.9000466783717512e-02 0.0000000000000000e+00
3.0000163268389959e-03 1.6500321636986920e-02 0.0000000000000000e+00
9.8997085813823209e-03 1.4142372184122291e-02 0.0000000000000000e+00
1.2634945888562161e-02 2.1612360024064251e-02 0.0000000000000000e+00
1.4186943727394612e-02 2.0576563655087629e-02 0.0000000000000000e+00
1.4996151243863812e-02 1.9996408770694550e-02 0.0000000000000000e+00
8.7163308996747787e-03 2.3469828956075679e-02 0.0000000000000000e+00
5.0373378745753082e-03 9.3058603893938063e-03 0.0000000000000000e+00
2.5000161345268622e-03 2.0000505019492860e-02 0.0000000000000000e+00
7.4249107890084123e-03 1.0960659205634670e-02 0.0000000000000000e+00
1.1313972674288452e-02 1.5556636306018581e-02 0.0000000000000000e+00
2.5019588453815290e-03 1.2491702806497730e-02 0.0000000000000000e+00
1.3081883054726632e-02 1.6617262750304649e-02 0.0000000000000000e+00
3.0000165222969877e-03 1.7000346471518421e-02 0.0000000000000000e+00
1.4139608475557541e-02 1.7674505131596002e-02 0.0000000000000000e+00
2.5009868354089787e-03 1.1484592834512100e-02 0.0000000000000000e+00
2.5000229123847769e-03 1.4500239154337430e-02 0.0000000000000000e+00
1.4838800390440962e-02 1.8380303586616811e-02 0.0000000000000000e+00
8.8390181817797429e-03 1.2374574023943921e-02 0.0000000000000000e+00
6.7197883228704838e-03 1.0259011096774909e-02 0.0000000000000000e+00
6.0262828220207908e-03 9.5816244374049564e-03 0.0000000000000000e+00
9.5461447276734054e-03 1.3081701421960060e-02 0.0000000000000000e+00
2.5000105546838123e-03 2.1000524463570831e-02 0.0000000000000000e+00
2.4998125241716311e-03 2.1999997424955359e-02 0.0000000000000000e+00
2.4964324793933955e-03 2.3969642197366931e-02 0.0000000000000000e+00
1.2021100234684551e-02 1.5556656712069759e-02 0.0000000000000000e+00
2.5002951170418597e-03 1.3499452374857670e-02 0.0000000000000000e+00
8.1318871179943495e-03 1.1667443112015549e-02 0.0000000000000000e+00
7.0025325049827706e-03 2.3997177214595329e-02 0.0000000000000000e+00
1.1956723321973202e-02 2.2059959005888429e-02 0.0000000000000000e+00
5.2380256244264969e-03 2.4453293545687531e-02 0.0000000000000000e+00
3.4885578431152519e-03 2.4812726546422900e-02 0.0000000000000000e+00
3.0271407888104447e-03 2.4881585527015880e-02 0.0000000000000000e+00
2.9500080039904014e-03 1.0486607622821590e-02 0.0000000000000000e+00
1.0221204086307932e-02 2.2848691749436271e-02 0.0000000000000000e+00
9.7236352571977384e-03 2.3152251817706599e-02 0.0000000000000000e+00
1.5177315840601092e-02 1.9346980874127950e-02 0.0000000000000000e+00
4.2055820921623258e-03 9.5325040536941522e-03 0.0000000000000000e+00
3.5000164526860387e-03 1.6500339050314821e-02 0.0000000000000000e+00
8.1318844722672728e-03 1.2374541929328631e-02 0.0000000000000000e+00
8.9739776258948023e-03 2.2851473145345001e-02 0.0000000000000000e+00
3.0032284374417700e-03 1.2992864807871830e-02 0.0000000000000000e+00
6.7193489655253203e-03 1.0963321095035649e-02 0.0000000000000000e+00
2.9995963789166461e-03 2.1500748044650918e-02 0.0000000000000000e+00
1.3439438392309282e-02 1.7674259339435030e-02 0.0000000000000000e+00
5.6782464172819283e-03 9.9491683270048724e-03 0.0000000000000000e+00
3.0044615650205888e-03 1.1952108934391220e-02 0.0000000000000000e+00
2.9755017978346770e-03 1.0952730740434130e-02 0.0000000000000000e+00
1.4685024567388941e-02 1.9525424514599338e-02 0.0000000000000000e+00
1.1667544299060301e-02 1.5910208455121519e-02 0.0000000000000000e+00
1.2728784426600042e-02 1.6970827391929139e-02 0.0000000000000000e+00
8.8390143398282151e-03 1.3081677749803171e-02 0.0000000000000000e+00
3.0001774555672429e-03 1.3999939094395789e-02 0.0000000000000000e+00
2.9999633591978854e-03 2.0500635918521061e-02 0.0000000000000000e+00
2.9970201136373833e-03 2.2497576394205819e-02 0.0000000000000000e+00
1.4128692466727422e-02 1.8362127119212070e-02 0.0000000000000000e+00
4.7191784384525174e-03 9.6547277521379544e-03 0.0000000000000000e+00
3.9087413689468898e-03 1.0215917490692910e-02 0.0000000000000000e+00
1.4584562386064471e-02 2.0286941683077441e-02 0.0000000000000000e+00
3.0000143676342135e-03 1.9500501707968621e-02 0.0000000000000000e+00
7.4249517673946885e-03 1.1667502603913490e-02 0.0000000000000000e+00
1.2021122773308671e-02 1.6263780959500589e-02 0.0000000000000000e+00
2.9849433276645395e-03 2.3471241225785269e-02 0.0000000000000000e+00
3.0000190982736219e-03 1.5000273066831859e-02 0.0000000000000000e+00
6.0194164701170101e-03 1.0278942271875110e-02 0.0000000000000000e+00
9.5461453389448867e-03 1.3788809317318631e-02 0.0000000000000000e+00
3.0000160819961285e-03 1.8500436229835340e-02 0.0000000000000000e+00
1.0960404499429482e-02 1.5203067632185810e-02 0.0000000000000000e+00
3.0000162151448948e-03 1.6000304029126701e-02 0.0000000000000000e+00
3.0000164418411408e-03 1.7500375161877531e-02 0.0000000000000000e+00
1.0253272284527421e-02 1.4495935430532460e-02 0.0000000000000000e+00
2.9905600955232813e-03 2.4410699110846961e-02 0.0000000000000000e+00
6.5590197845840376e-03 2.4120258775545279e-02 0.0000000000000000e+00
1.1559890268036001e-02 2.2202150273929820e-02 0.0000000000000000e+00
4.8041857952282174e-03 2.4549078806868810e-02 0.0000000000000000e+00
1.0677495579631952e-02 2.2615698937689530e-02 0.0000000000000000e+00
5.3528008112599295e-03 9.6255593047271885e-03 0.0000000000000000e+00
1.3018770549188543e-02 2.1356583190253079e-02 0.0000000000000000e+00
3.9306835299869987e-03 2.4733454814551581e-02 0.0000000000000000e+00
7.4415541917134285e-03 2.3869839481370430e-02 0.0000000000000000e+00
1.3796434627906222e-02 2.0845258295257688e-02 0.0000000000000000e+00
1.4877064551161891e-02 1.9037853983391868e-02 0.0000000000000000e+00
5.6739335059303514e-03 2.4348141480990539e-02 0.0000000000000000e+00
8.2946160396078876e-03 2.3616244230658310e-02 0.0000000000000000e+00
1.0960426538218491e-02 1.5910197218790879e-02 0.0000000000000000e+00
9.5461569941540283e-03 1.4495927491952221e-02 0.0000000000000000e+00
3.5000172524587963e-03 1.9000493115659819e-02 0.0000000000000000e+00
1.0890408029365002e-02 2.1960682701089321e-02 0.0000000000000000e+00
1.2021267733706221e-02 1.6971015007629171e-02 0.0000000000000000e+00
6.8536327690968159e-03 2.3523032200669289e-02 0.0000000000000000e+00
1.2314585507522522e-02 2.1224116166099882e-02 0.0000000000000000e+00
3.4801795494676514e-03 2.2993829485286311e-02 0.0000000000000000e+00
1.3878615796558181e-02 2.0178922580559672e-02 0.0000000000000000e+00
5.1019192714950277e-03 2.3978762450035041e-02 0.0000000000000000e+00
4.2388513530649749e-03 2.4151006533070372e-02 0.0000000000000000e+00
3.5000243978656059e-03 1.5500306877950390e-02 0.0000000000000000e+00
3.4435913660856143e-03 2.4366333531176010e-02 0.0000000000000000e+00
1.4271764901429972e-02 1.9231817633624269e-02 0.0000000000000000e+00
8.1589530703833173e-03 2.3203702947568249e-02 0.0000000000000000e+00
5.3251798437369087e-03 1.0319974225455881e-02 0.0000000000000000e+00
9.4710710778483486e-03 2.2636134644086519e-02 0.0000000000000000e+00
2.9881418404230707e-03 1.1440170048101330e-02 0.0000000000000000e+00
1.4266437489114082e-02 1.9885875368504152e-02 0.0000000000000000e+00
3.5000162860927392e-03 1.8000431233000509e-02 0.0000000000000000e+00
7.7783694036619800e-03 1.2020988423825089e-02 0.0000000000000000e+00
1.1313990442087902e-02 1.6263764377545321e-02 0.0000000000000000e+00
3.0087355651572888e-03 1.2474333409613490e-02 0.0000000000000000e+00
1.3084058434023712e-02 1.7323547180125180e-02 0.0000000000000000e+00
3.5000178176777478e-03 1.6000321556606280e-02 0.0000000000000000e+00
1.3791931854004392e-02 1.8016928654393589e-02 0.0000000000000000e+00
1.4461201412737861e-02 1.8775125450109620e-02 0.0000000000000000e+00
2.9793756327566564e-03 2.3943329845193279e-02 0.0000000000000000e+00
3.0000508745735288e-03 1.4500201920875300e-02 0.0000000000000000e+00
9.1925798205412489e-03 1.3435243667805571e-02 0.0000000000000000e+00
8.4854470653037695e-03 1.2728109091457980e-02 0.0000000000000000e+00
6.3683619949070867e-03 1.0617776305587610e-02 0.0000000000000000e+00
3.0010596854712157e-03 1.3498119720019649e-02 0.0000000000000000e+00
2.9998058908872922e-03 2.1000790475739651e-02 0.0000000000000000e+00
2.9986583944096642e-03 2.2000146464295569e-02 0.0000000000000000e+00
7.0720250046426847e-03 1.1314674483429101e-02 0.0000000000000000e+00
3.5000166104592651e-03 1.7000364717514840e-02 0.0000000000000000e+00
1.0253290908962872e-02 1.5203060722102301e-02 0.0000000000000000e+00
2.9999982107904053e-03 2.0000561237826849e-02 0.0000000000000000e+00
3.4605080789519879e-03 1.0890570920892070e-02 0.0000000000000000e+00
1.3108400930435771e-02 2.0705466698323838e-02 0.0000000000000000e+00
1.1877646934523032e-02 2.1557756215471690e-02 0.0000000000000000e+00
4.3564882815622799e-03 9.9618755282614123e-03 0.0000000000000000e+00
5.9757407421068319e-03 2.3760521924859428e-02 0.0000000000000000e+00
7.7471439130369054e-03 2.3279894155157389e-02 0.0000000000000000e+00
9.9644444972115023e-03 2.2407484559764979e-02 0.0000000000000000e+00
8.5671665678861801e-03 2.3063351155816671e-02 0.0000000000000000e+00
4.0000176175521420e-03 1.6500351477324909e-02 0.0000000000000000e+00
8.4854589067054811e-03 1.3435226242387200e-02 0.0000000000000000e+00
9.7334418732479989e-03 2.1953755987893901e-02 0.0000000000000000e+00
1.0606876161327532e-02 1.6263753204995301e-02 0.0000000000000000e+00
3.5006374743540920e-03 1.3999716910076161e-02 0.0000000000000000e+00
7.0726244794452079e-03 1.2020895324249360e-02 0.0000000000000000e+00
3.4998476681657492e-03 2.0501651586209691e-02 0.0000000000000000e+00
1.2002767540424132e-02 2.0813775895511730e-02 0.0000000000000000e+00
1.3100500911132601e-02 1.8027279132534269e-02 0.0000000000000000e+00
3.5567764827681490e-03 1.1872443650672020e-02 0.0000000000000000e+00
8.7451354494325045e-03 2.2398157856824599e-02 0.0000000000000000e+00
3.4969496217107064e-03 2.1503908146168430e-02 0.0000000000000000e+00
3.4889153989508493e-03 2.2501664724722901e-02 0.0000000000000000e+00
6.3719255626855176e-03 1.1318781829351639e-02 0.0000000000000000e+00
3.4578156099213373e-03 2.3470801368668921e-02 0.0000000000000000e+00
8.2057891178846480e-03 2.2680711769315239e-02 0.0000000000000000e+00
3.4266030628802699e-03 1.1363125571021000e-02 0.0000000000000000e+00
4.1085255898084616e-03 1.0870307532039559e-02 0.0000000000000000e+00
3.5000162501314823e-03 1.8500462428729651e-02 0.0000000000000000e+00
7.7784826714448075e-03 1.2728129174414770e-02 0.0000000000000000e+00
4.0000858582210893e-03 1.5500306939032231e-02 0.0000000000000000e+00
1.3805448260652362e-02 1.8639834788738461e-02 0.0000000000000000e+00
3.5000767490056600e-03 1.5000281292687019e-02 0.0000000000000000e+00
9.1925876968814556e-03 1.4142358561079840e-02 0.0000000000000000e+00
5.6718161710647532e-03 1.0645845270226720e-02 0.0000000000000000e+00
3.5077302714206600e-03 1.2989096326834169e-02 0.0000000000000000e+00
1.2376240751810822e-02 1.7325055654686471e-02 0.0000000000000000e+00
3.5000165325801630e-03 1.7500395822292361e-02 0.0000000000000000e+00
1.1667560670166562e-02 1.6617343815330698e-02 0.0000000000000000e+00
1.0606858904114431e-02 1.5556628915873390e-02 0.0000000000000000e+00
9.8997254151567682e-03 1.4849495460329711e-02 0.0000000000000000e+00
3.5000356418352944e-03 1.9500566845525331e-02 0.0000000000000000e+00
1.0434540522663712e-02 2.2179364148906471e-02 0.0000000000000000e+00
1.2715405348772921e-02 2.0960292505892660e-02 0.0000000000000000e+00
7.2988149278378645e-03 2.3398394963709261e-02 0.0000000000000000e+00
1.1348507315889711e-02 2.1754394831893530e-02 0.0000000000000000e+00
5.5401001706720096e-03 2.3869970242267970e-02 0.0000000000000000e+00
1.3560233292745881e-02 1.9784741094141609e-02 0.0000000000000000e+00
1.3936643090745741e-02 1.9502915012630930e-02 0.0000000000000000e+00
6.4140619723663909e-03 2.3643748465927549e-02 0.0000000000000000e+00
1.3493015431316892e-02 2.0446998323583689e-02 0.0000000000000000e+00
3.8392436777994541e-03 2.4335727623374648e-02 0.0000000000000000e+00
4.7061581332009973e-03 2.4104244257125800e-02 0.0000000000000000e+00
1.4034549708555923e-02 1.8933671578534920e-02 0.0000000000000000e+00
3.4355267252431801e-03 2.3926619667250900e-02 0.0000000000000000e+00
5.0032149862863804e-03 9.9881206719554042e-03 0.0000000000000000e+00
1.2315632705519242e-02 2.1867906056699960e-02 0.0000000000000000e+00
9.1926159730763863e-03 1.4849493272764250e-02 0.0000000000000000e+00
4.0000293341455250e-03 1.9000505190585860e-02 0.0000000000000000e+00
6.7127333515640672e-03 2.3044149524463271e-02 0.0000000000000000e+00
1.1667028644615492e-02 1.7324466911658509e-02 0.0000000000000000e+00
4.9776895535137301e-03 2.3486734341886549e-02 0.0000000000000000e+00
1.0657292710139592e-02 2.1518506629967359e-02 0.0000000000000000e+00
1.1566629790724472e-02 2.1066692440632261e-02 0.0000000000000000e+00
4.0004030551963644e-03 1.5000237691747629e-02 0.0000000000000000e+00
7.6345550687248187e-03 2.2794894698718610e-02 0.0000000000000000e+00
3.9599484536304713e-03 2.3014568111156389e-02 0.0000000000000000e+00
4.1599952197846277e-03 1.1494310601556959e-02 0.0000000000000000e+00
1.2412034711613961e-02 2.0560408038231032e-02 0.0000000000000000e+00
1.0201719258991682e-02 2.1736587859753260e-02 0.0000000000000000e+00
4.6202958289881220e-03 1.0359369221482940e-02 0.0000000000000000e+00
9.2464125428286977e-03 2.2172772502743871e-02 0.0000000000000000e+00
4.0000163627039289e-03 1.8000439702268209e-02 0.0000000000000000e+00
8.1319533079258176e-03 1.3081688886213860e-02 0.0000000000000000e+00
1.0253318608620651e-02 1.5910195151930529e-02 0.0000000000000000e+00
1.2735886137258672e-02 1.7678512857243030e-02 0.0000000000000000e+00
3.4929433201548901e-03 2.2004257498909361e-02 0.0000000000000000e+00
3.5002813168211739e-03 1.4500154519031741e-02 0.0000000000000000e+00
3.5026889948810429e-03 1.3497016768386331e-02 0.0000000000000000e+00
6.0235939745506327e-03 1.0978404579735869e-02 0.0000000000000000e+00
8.8390200463631802e-03 1.3788790286284660e-02 0.0000000000000000e+00
1.3470287203417712e-02 1.8361232085800809e-02 0.0000000000000000e+00
3.4987253030719645e-03 2.1003275649843282e-02 0.0000000000000000e+00
3.5000566026173793e-03 2.0000947626897671e-02 0.0000000000000000e+00
4.0000331478154240e-03 1.6000330434821190e-02 0.0000000000000000e+00
3.5230424993357217e-03 1.2462336618045409e-02 0.0000000000000000e+00
1.0960366115596712e-02 1.6617270581551380e-02 0.0000000000000000e+00
7.4253805735303271e-03 1.2374520099640920e-02 0.0000000000000000e+00
9.8997542113097407e-03 1.5556630794467950e-02 0.0000000000000000e+00
6.7220787624564194e-03 1.1668236805836851e-02 0.0000000000000000e+00
4.0000168085383711e-03 1.7000374186128101e-02 0.0000000000000000e+00
5.8455469010501374e-03 2.3282512670073269e-02 0.0000000000000000e+00
4.9687291475157590e-03 1.0703367580769001e-02 0.0000000000000000e+00
1.2803955998593622e-02 2.0310829374075610e-02 0.0000000000000000e+00
1.3183867108375382e-02 2.0054684469456911e-02 0.0000000000000000e+00
3.8424203456779143e-03 2.3932878161819330e-02 0.0000000000000000e+00
1.3232263914445121e-02 1.9400384736151619e-02 0.0000000000000000e+00
3.8018813221393890e-03 1.1405294868477770e-02 0.0000000000000000e+00
9.5462183855331076e-03 1.5910200781701338e-02 0.0000000000000000e+00
8.5309122867333175e-03 2.1927364894461180e-02 0.0000000000000000e+00
4.5002282216951408e-03 1.6500230227718401e-02 0.0000000000000000e+00
8.1321444503092127e-03 1.3788901443743560e-02 0.0000000000000000e+00
6.7239172261089252e-03 1.2373059385569270e-02 0.0000000000000000e+00
4.0118077340161821e-03 1.2992301324816109e-02 0.0000000000000000e+00
3.9997639801740495e-03 2.0505952508569458e-02 0.0000000000000000e+00
1.1707440279987913e-02 2.0396465554481470e-02 0.0000000000000000e+00
1.2385497561183251e-02 1.8040934872352730e-02 0.0000000000000000e+00
3.9868886647905265e-03 2.1516472281736049e-02 0.0000000000000000e+00
9.9723039535475604e-03 2.1293732002305620e-02 0.0000000000000000e+00
6.0390789858331346e-03 1.1669932232898080e-02 0.0000000000000000e+00
3.9675531209663936e-03 2.2513779430061321e-02 0.0000000000000000e+00
4.5003042417441352e-03 1.5500046583836580e-02 0.0000000000000000e+00
1.0253275272124062e-02 1.6617244721970070e-02 0.0000000000000000e+00
4.0797487824116600e-03 1.1962213529105030e-02 0.0000000000000000e+00
8.0115224887218547e-03 2.2128616210861832e-02 0.0000000000000000e+00
4.6656062963972593e-03 1.1079259873100071e-02 0.0000000000000000e+00
5.3398869581140406e-03 1.1020017375426700e-02 0.0000000000000000e+00
4.4561459625490733e-03 2.3604616879719320e-02 0.0000000000000000e+00
1.1111623871093722e-02 2.1300065053974481e-02 0.0000000000000000e+00
4.0000166051190307e-03 1.7500403009146411e-02 0.0000000000000000e+00
1.2022255956327502e-02 1.7680295324416551e-02 0.0000000000000000e+00
4.0021504098575441e-03 1.3999824357128319e-02 0.0000000000000000e+00
4.0012882506216757e-03 1.4500044812355350e-02 0.0000000000000000e+00
8.8390512221157898e-03 1.4495921773704901e-02 0.0000000000000000e+00
9.5461872806227414e-03 1.5203064085056299e-02 0.0000000000000000e+00
1.2770910262242042e-02 1.8393438337959391e-02 0.0000000000000000e+00
7.4261239458831528e-03 1.3082297425296490e-02 0.0000000000000000e+00
1.1313655319177982e-02 1.6970732693897251e-02 0.0000000000000000e+00
4.0000179705999700e-03 1.8500469427874311e-02 0.0000000000000000e+00
4.0001577999820553e-03 1.9500788293205309e-02 0.0000000000000000e+00
9.0328231070431423e-03 2.1713586685437200e-02 0.0000000000000000e+00
5.4211735549513128e-03 2.3388770406610599e-02 0.0000000000000000e+00
1.2504968863386152e-02 1.9919176484916441e-02 0.0000000000000000e+00
7.1624812689385850e-03 2.2920479640006031e-02 0.0000000000000000e+00
3.9212248830237020e-03 2.3511050351806308e-02 0.0000000000000000e+00
1.3610417255081242e-02 1.9062759778436980e-02 0.0000000000000000e+00
6.2754973790528617e-03 2.3161664221742730e-02 0.0000000000000000e+00
1.2877264677379692e-02 1.9673428871547129e-02 0.0000000000000000e+00
4.5000273031663603e-03 1.9000572424243911e-02 0.0000000000000000e+00
8.3416811566749335e-03 2.1449126906717401e-02 0.0000000000000000e+00
6.5992120398800569e-03 2.2571193916048851e-02 0.0000000000000000e+00
1.1309939549566711e-02 1.7676434673488031e-02 0.0000000000000000e+00
8.8391331932685148e-03 1.5203060610915210e-02 0.0000000000000000e+00
4.5000224027732351e-03 1.8000424191388090e-02 0.0000000000000000e+00
1.2019542229915341e-02 1.8400290373132261e-02 0.0000000000000000e+00
1.2224511812434842e-02 1.9520951573814439e-02 0.0000000000000000e+00
5.0152393848746889e-03 1.1428118394667491e-02 0.0000000000000000e+00
7.4976043802228338e-03 2.2290342451211319e-02 0.0000000000000000e+00
5.7240695269883063e-03 2.2840819124873790e-02 0.0000000000000000e+00
4.4339599381288518e-03 2.3025789722099690e-02 0.0000000000000000e+00
1.2914658685839612e-02 1.9061175901552371e-02 0.0000000000000000e+00
9.5108264789011115e-03 2.1504145284929929e-02 0.0000000000000000e+00
4.5000660130823872e-03 1.7500374427603670e-02 0.0000000000000000e+00
8.4855545950290271e-03 1.4142379823139499e-02 0.0000000000000000e+00
9.1926644748948159e-03 1.5556634426641919e-02 0.0000000000000000e+00
3.9742643760026126e-03 2.2017350415311700e-02 0.0000000000000000e+00
4.0048421454817046e-03 1.3498381781048530e-02 0.0000000000000000e+00
5.6988112526336334e-03 1.1339502394976730e-02 0.0000000000000000e+00
3.9950180176805475e-03 2.1012931408321070e-02 0.0000000000000000e+00
1.0606415418398681e-02 1.6970452133484269e-02 0.0000000000000000e+00
7.0744311764890412e-03 1.2728255163393419e-02 0.0000000000000000e+00
4.0003728653805939e-03 2.0002478615486739e-02 0.0000000000000000e+00
4.5010381259283283e-03 1.4999739592819420e-02 0.0000000000000000e+00
4.5049910726130699e-03 1.3998833905697340e-02 0.0000000000000000e+00
4.5002875574845893e-03 1.6000110140118370e-02 0.0000000000000000e+00
9.8997664610985751e-03 1.6263745823820161e-02 0.0000000000000000e+00
6.3798111382563048e-03 1.2018223056828160e-02 0.0000000000000000e+00
7.7791282979973167e-03 1.3435679483559310e-02 0.0000000000000000e+00
4.5001804652332082e-03 1.7000291783754139e-02 0.0000000000000000e+00
1.1284800425420051e-02 2.0631558557826030e-02 0.0000000000000000e+00
4.0325801093230662e-03 1.2474436864423680e-02 0.0000000000000000e+00
1.2113472918890521e-02 2.0158156507152188e-02 0.0000000000000000e+00
4.5446032642055970e-03 1.1525229858257879e-02 0.0000000000000000e+00
1.0415275460727492e-02 2.1079363913352401e-02 0.0000000000000000e+00
4.8937308313459355e-03 2.2979773802221441e-02 0.0000000000000000e+00
1.3172045230139581e-02 1.8721540745152091e-02 0.0000000000000000e+00
9.1926756354618125e-03 1.6263700190606890e-02 0.0000000000000000e+00
4.9999078376429832e-03 1.8000406544684131e-02 0.0000000000000000e+00
5.0013518961404572e-03 1.6499455811653539e-02 0.0000000000000000e+00
7.0769499318847117e-03 1.3439330020623421e-02 0.0000000000000000e+00
6.3781114916290028e-03 1.2722120285453329e-02 0.0000000000000000e+00
4.4972170472330009e-03 2.0517231040866491e-02 0.0000000000000000e+00
4.5073521809349702e-03 1.3007560130347720e-02 0.0000000000000000e+00
9.7371273488842461e-03 2.0855835893332279e-02 0.0000000000000000e+00
4.4598722075306864e-03 2.1546803418957629e-02 0.0000000000000000e+00
4.8271428710312241e-03 2.2527571727551519e-02 0.0000000000000000e+00
4.5525323575784250e-03 1.1991281568107800e-02 0.0000000000000000e+00
8.8265046220369001e-03 2.1253892875559500e-02 0.0000000000000000e+00
5.0000327968247492e-03 1.5498603326349940e-02 0.0000000000000000e+00
9.8994174671860630e-03 1.6970337266023101e-02 0.0000000000000000e+00
7.7804892615070563e-03 1.4143041207211040e-02 0.0000000000000000e+00
8.4857520928264905e-03 1.4849488531069811e-02 0.0000000000000000e+00
1.1423150968603251e-02 1.9987459524309178e-02 0.0000000000000000e+00
7.8420177179516128e-03 2.1631459837121451e-02 0.0000000000000000e+00
1.2420843274120831e-02 1.8827521510719401e-02 0.0000000000000000e+00
8.4858908197130191e-03 1.5556963936674981e-02 0.0000000000000000e+00
1.1661491775096062e-02 1.8032118749745678e-02 0.0000000000000000e+00
4.5030123528293333e-03 1.3502049389848780e-02 0.0000000000000000e+00
5.7221170637402037e-03 1.2006488599453890e-02 0.0000000000000000e+00
4.5030331136591455e-03 1.4499084243990819e-02 0.0000000000000000e+00
1.0958447195583221e-02 1.7323295548041351e-02 0.0000000000000000e+00
4.5000069202881408e-03 1.8500471624952351e-02 0.0000000000000000e+00
4.5001075269317991e-03 1.9501631059908701e-02 0.0000000000000000e+00
4.9999802456266841e-03 1.7500334218617321e-02 0.0000000000000000e+00
5.3298597822189191e-03 2.2895700270119751e-02 0.0000000000000000e+00
1.0851629721171121e-02 2.0859769907824819e-02 0.0000000000000000e+00
1.2595462721398151e-02 1.9326827883008518e-02 0.0000000000000000e+00
5.4316210078535210e-03 1.1683495710589300e-02 0.0000000000000000e+00
7.0150770641182079e-03 2.2422429878514359e-02 0.0000000000000000e+00
4.4207159110341877e-03 2.2525380117193711e-02 0.0000000000000000e+00
6.1262080540571990e-03 2.2623199669740249e-02 0.0000000000000000e+00
1.1827727092172093e-02 1.9756635265283928e-02 0.0000000000000000e+00
8.1609580267038347e-03 2.0978414587725810e-02 0.0000000000000000e+00
5.4984645878935331e-03 1.8000268357396109e-02 0.0000000000000000e+00
6.3356814878663126e-03 2.1998542155127639e-02 0.0000000000000000e+00
5.0065996200000223e-03 1.3992782482691819e-02 0.0000000000000000e+00
1.0947305607132772e-02 1.8026096173662340e-02 0.0000000000000000e+00
1.1162291114652032e-02 1.9585759529317289e-02 0.0000000000000000e+00
8.1336112560388973e-03 1.5203462974432719e-02 0.0000000000000000e+00
4.9997148969838827e-03 1.9001024432012230e-02 0.0000000000000000e+00
7.3403401120787073e-03 2.1783868793086442e-02 0.0000000000000000e+00
1.1951248971277202e-02 1.9114898324373849e-02 0.0000000000000000e+00
4.8359066398988943e-03 2.2073642043192100e-02 0.0000000000000000e+00
4.5292527578462815e-03 1.2503282751517301e-02 0.0000000000000000e+00
9.2896456716266857e-03 2.1056620223628569e-02 0.0000000000000000e+00
4.9998018786755602e-03 1.8500550014015921e-02 0.0000000000000000e+00
8.1329649624142294e-03 1.4496119373642339e-02 0.0000000000000000e+00
4.9513467963270431e-03 1.3039406425604730e-02 0.0000000000000000e+00
4.4828770857579742e-03 2.1036430804531471e-02 0.0000000000000000e+00
4.9998810760265465e-03 1.4997712733422940e-02 0.0000000000000000e+00
1.0251732382718383e-02 1.7322560705041141e-02 0.0000000000000000e+00
4.4995742803316486e-03 2.0006768169952661e-02 0.0000000000000000e+00
6.0468108767635035e-03 1.2357717991214689e-02 0.0000000000000000e+00
5.0005839472489046e-03 1.7000019607455268e-02 0.0000000000000000e+00
8.8392188440666649e-03 1.5910382027710598e-02 0.0000000000000000e+00
5.0012624995175543e-03 1.5998655077611289e-02 0.0000000000000000e+00
6.7252073397594528e-03 1.3084192074510680e-02 0.0000000000000000e+00
9.5461029200267448e-03 1.6617029892807091e-02 0.0000000000000000e+00
7.4295687226557678e-03 1.3791271500857259e-02 0.0000000000000000e+00
1.1640840483486951e-02 1.8731900723376160e-02 0.0000000000000000e+00
1.0165503303953691e-02 2.0648189744113359e-02 0.0000000000000000e+00
1.1009581773024591e-02 2.0211972888190679e-02 0.0000000000000000e+00
4.4274962998166294e-03 2.2040896856986451e-02 0.0000000000000000e+00
5.7169853056429683e-03 2.2353775796774920e-02 0.0000000000000000e+00
5.2533769412883161e-03 2.2316913679912970e-02 0.0000000000000000e+00
5.0545953639344445e-03 1.1997316966178700e-02 0.0000000000000000e+00
9.5445124734774740e-03 1.7321744587257409e-02 0.0000000000000000e+00
8.1333177701432054e-03 1.5913717559427699e-02 0.0000000000000000e+00
9.4996153359283471e-03 2.0422804787408190e-02 0.0000000000000000e+00
5.5019917529281646e-03 1.6498352801537709e-02 0.0000000000000000e+00
5.4947822909853705e-03 1.5494178268507479e-02 0.0000000000000000e+00
6.7372500007147245e-03 1.3804628049856471e-02 0.0000000000000000e+00
4.9859412151926985e-03 2.0539328643464978e-02 0.0000000000000000e+00
5.3604516346363153e-03 2.1710677913031998e-02 0.0000000000000000e+00
8.6236709740809027e-03 2.0796989199685461e-02 0.0000000000000000e+00
1.0748714939015322e-02 1.9793427344292309e-02 0.0000000000000000e+00
7.6838359321472491e-03 2.1150421332149991e-02 0.0000000000000000e+00
6.0165912222879874e-03 1.3068964367920819e-02 0.0000000000000000e+00
5.4418059737719703e-03 1.2315053113077200e-02 0.0000000000000000e+00
7.7831957819033551e-03 1.4850199956950980e-02 0.0000000000000000e+00
5.4990675656657016e-03 1.8500627220529121e-02 0.0000000000000000e+00
5.0005887507935465e-03 1.4496760672241590e-02 0.0000000000000000e+00
4.9986133714220371e-03 1.9504326151292290e-02 0.0000000000000000e+00
5.4967237608524160e-03 1.7500522879884631e-02 0.0000000000000000e+00
1.1294765747639032e-02 1.8377917818189801e-02 0.0000000000000000e+00
1.0601197039337902e-02 1.7673121339908979e-02 0.0000000000000000e+00
8.8395370159871211e-03 1.6616512109814789e-02 0.0000000000000000e+00
4.9957794245376998e-03 1.3490219375612570e-02 0.0000000000000000e+00
7.4347704886489948e-03 1.4498426870030940e-02 0.0000000000000000e+00
1.0588889995266691e-02 2.0432911387324500e-02 0.0000000000000000e+00
6.8557800100749354e-03 2.1894705183363821e-02 0.0000000000000000e+00
1.1560422299727131e-02 1.9366607952939489e-02 0.0000000000000000e+00
4.9095354456140227e-03 2.1611022391176470e-02 0.0000000000000000e+00
5.0356131957445685e-03 1.2558861579770529e-02 0.0000000000000000e+00
5.9925809186868705e-03 1.7998329333318890e-02 0.0000000000000000e+00
7.5319084307506725e-03 2.0691397151143001e-02 0.0000000000000000e+00
7.1001971152318362e-03 1.4855421111638980e-02 0.0000000000000000e+00
5.4727536786050137e-03 1.4004883883061420e-02 0.0000000000000000e+00
1.0583548438074263e-02 1.8360700496091169e-02 0.0000000000000000e+00
7.7822293306869777e-03 1.5561164717274320e-02 0.0000000000000000e+00
1.0958871622328562e-02 1.9218648922368319e-02 0.0000000000000000e+00
5.4262204104929207e-03 2.1140980089811370e-02 0.0000000000000000e+00
9.9161364408309818e-03 2.0224654771406489e-02 0.0000000000000000e+00
5.3630447787263160e-03 1.2935856639381810e-02 0.0000000000000000e+00
5.4981613764204310e-03 1.9002315061920981e-02 0.0000000000000000e+00
5.4902554687582027e-03 1.4995756968281910e-02 0.0000000000000000e+00
4.9941742355503463e-03 2.0016618403012838e-02 0.0000000000000000e+00
9.8957609071648554e-03 1.7672627425791301e-02 0.0000000000000000e+00
7.0903260459249462e-03 1.4149796362543481e-02 0.0000000000000000e+00
5.4970918100039571e-03 1.7000591370123191e-02 0.0000000000000000e+00
8.4867380203061463e-03 1.6265080871081021e-02 0.0000000000000000e+00
5.5023377707544589e-03 1.5994220010755341e-02 0.0000000000000000e+00
6.3695603979635690e-03 1.3451865956184261e-02 0.0000000000000000e+00
9.1921276119044503e-03 1.6968765623728441e-02 0.0000000000000000e+00
7.2055244319625053e-03 2.1297344174449149e-02 0.0000000000000000e+00
7.9803430343350530e-03 2.0520701350850830e-02 0.0000000000000000e+00
9.0684260477878441e-03 2.0612542793923432e-02 0.0000000000000000e+00
4.9551079021299743e-03 2.1080173018324159e-02 0.0000000000000000e+00
1.1319552110034131e-02 1.9018856432209949e-02 0.0000000000000000e+00
5.8142464228308011e-03 2.1832369593452739e-02 0.0000000000000000e+00
5.7031018437164313e-03 1.2673611061825111e-02 0.0000000000000000e+00
1.0331388540280873e-02 2.0011695142715110e-02 0.0000000000000000e+00
9.1868683919429442e-03 1.7669609802189519e-02 0.0000000000000000e+00
7.3828625808279478e-03 2.0267893514715359e-02 0.0000000000000000e+00
8.4904922094535904e-03 1.6966183086373259e-02 0.0000000000000000e+00
9.2691988816870838e-03 1.9993824510934670e-02 0.0000000000000000e+00
7.7880577028075545e-03 1.6280061460153889e-02 0.0000000000000000e+00
5.4636890829213693e-03 2.0576927529432951e-02 0.0000000000000000e+00
5.9935952344740123e-03 1.6503083984222081e-02 0.0000000000000000e+00
5.9830832804071655e-03 1.5474652749274670e-02 0.0000000000000000e+00
8.4219909102364789e-03 2.0346539266258561e-02 0.0000000000000000e+00
5.8939455149512703e-03 2.1228364497275699e-02 0.0000000000000000e+00
5.5556424558500205e-03 1.3423361393430660e-02 0.0000000000000000e+00
6.4451138966108096e-03 1.4168756682401071e-02 0.0000000000000000e+00
6.7570683865118527e-03 1.4511053835186589e-02 0.0000000000000000e+00
5.9944294084921185e-03 1.9004092118962850e-02 0.0000000000000000e+00
5.4946466949619228e-03 1.4488246305272821e-02 0.0000000000000000e+00
5.4940870439976657e-03 1.9510120736275699e-02 0.0000000000000000e+00
1.0244515851584961e-02 1.8019070664560499e-02 0.0000000000000000e+00
5.9809297795021367e-03 1.7498943059990339e-02 0.0000000000000000e+00
5.9956709581543127e-03 1.8500975577694340e-02 0.0000000000000000e+00
7.4403137599728629e-03 1.5206185829031179e-02 0.0000000000000000e+00
1.0503042400994242e-02 1.9312792838436340e-02 0.0000000000000000e+00
6.6677545659146534e-03 2.1392053269354911e-02 0.0000000000000000e+00
7.0943524390963512e-03 2.0853001059824169e-02 0.0000000000000000e+00
1.0906061666935581e-02 1.8752786770971971e-02 0.0000000000000000e+00
9.6821606315469540e-03 1.9799242941101580e-02 0.0000000000000000e+00
6.4819146958830223e-03 1.7991775600633381e-02 0.0000000000000000e+00
9.0577867024006515e-03 1.9577794323140010e-02 0.0000000000000000e+00
5.9867243377840088e-03 1.9515376810925539e-02 0.0000000000000000e+00
6.9816727428726934e-03 2.0433245781516080e-02 0.0000000000000000e+00
6.7779557668585190e-03 2.0985375776118840e-02 0.0000000000000000e+00
5.9327595328634349e-03 1.5012142542337851e-02 0.0000000000000000e+00
6.8062681483212822e-03 1.5197100927416730e-02 0.0000000000000000e+00
7.4270553673351130e-03 1.5935132554590819e-02 0.0000000000000000e+00
1.0250082481019792e-02 1.8693078170550860e-02 0.0000000000000000e+00
5.4836097925138562e-03 2.0034577738698000e-02 0.0000000000000000e+00
9.5377368103587747e-03 1.8020279570863870e-02 0.0000000000000000e+00
8.1424482089420963e-03 1.6621392423948500e-02 0.0000000000000000e+00
5.9730041644064057e-03 1.7004951366478099e-02 0.0000000000000000e+00
6.0068017037301306e-03 1.5986789625184451e-02 0.0000000000000000e+00
6.4870507234676298e-03 1.9007623095354170e-02 0.0000000000000000e+00
8.8383029709416441e-03 1.7316165727656249e-02 0.0000000000000000e+00
7.7892973355122947e-03 2.0080574846051830e-02 0.0000000000000000e+00
1.0085403152677972e-02 1.9625326431613861e-02 0.0000000000000000e+00
6.0000476849134841e-03 1.3879771308854179e-02 0.0000000000000000e+00
8.8527559108394511e-03 2.0172986116066431e-02 0.0000000000000000e+00
6.0232452179351048e-03 1.4492951197253870e-02 0.0000000000000000e+00
1.0528838484846221e-02 1.8912246753819591e-02 0.0000000000000000e+00
6.3464000133506204e-03 2.1324732316293931e-02 0.0000000000000000e+00
8.8215512770091192e-03 1.8016153403381571e-02 0.0000000000000000e+00
8.1558704771729079e-03 1.7305458037681579e-02 0.0000000000000000e+00
7.4765198004088287e-03 1.6661584750957189e-02 0.0000000000000000e+00
9.9234578203041043e-03 1.9111036758699022e-02 0.0000000000000000e+00
7.2611243674550246e-03 1.9970042933797300e-02 0.0000000000000000e+00
6.4335987878762083e-03 1.6543782628358789e-02 0.0000000000000000e+00
5.9495141353366659e-03 2.0626599170168781e-02 0.0000000000000000e+00
8.2228210389858787e-03 1.9898167238930280e-02 0.0000000000000000e+00
6.4736091615664963e-03 1.9516338012617939e-02 0.0000000000000000e+00
9.4579048431054358e-03 1.9378962227097760e-02 0.0000000000000000e+00
5.9755931108173852e-03 2.0055013732995789e-02 0.0000000000000000e+00
6.4528735380719199e-03 1.7477967148320391e-02 0.0000000000000000e+00
9.8924668476345554e-03 1.8367903677961039e-02 0.0000000000000000e+00
6.4891020984486512e-03 1.8501208171133370e-02 0.0000000000000000e+00
7.0816994641838809e-03 1.5565961206202870e-02 0.0000000000000000e+00
6.5041358690383893e-03 2.0685522789236459e-02 0.0000000000000000e+00
6.4174970517815837e-03 1.4904805989367040e-02 0.0000000000000000e+00
6.4255491893382760e-03 1.5423566650961380e-02 0.0000000000000000e+00
8.6544908515629685e-03 1.9740012379293289e-02 0.0000000000000000e+00
6.9680474412076258e-03 1.7988320600907340e-02 0.0000000000000000e+00
8.8798948212510838e-03 1.9208301636198539e-02 0.0000000000000000e+00
9.5411663668973773e-03 1.8713702546625220e-02 0.0000000000000000e+00
6.6090073207446089e-03 1.5977109712561308e-02 0.0000000000000000e+00
6.4685328181576605e-03 2.0046617149822310e-02 0.0000000000000000e+00
7.8263187809751548e-03 1.6975407256823768e-02 0.0000000000000000e+00
6.3938597720950216e-03 1.7015226289995321e-02 0.0000000000000000e+00
6.9814498283712985e-03 1.9015026726317490e-02 0.0000000000000000e+00
8.4846679055141372e-03 1.7653382716700070e-02 0.0000000000000000e+00
7.0990844436667278e-03 1.6351151923676501e-02 0.0000000000000000e+00
7.5044775788428260e-03 1.9607271566078568e-02 0.0000000000000000e+00
9.1811086009785173e-03 1.8368854924345580e-02 0.0000000000000000e+00
8.4998766868939393e-03 1.9309173254613950e-02 0.0000000000000000e+00
6.9655714540030281e-03 1.7435399852901250e-02 0.0000000000000000e+00
7.8454506952323668e-03 1.7620896044818118e-02 0.0000000000000000e+00
8.8443028146574041e-03 1.8750638067462300e-02 0.0000000000000000e+00
6.9817399008861815e-03 1.8499158632519191e-02 0.0000000000000000e+00
8.0565393118506683e-03 1.9436176647710499e-02 0.0000000000000000e+00
7.2541171459901506e-03 1.7033945008619610e-02 0.0000000000000000e+00
8.4059575802505945e-03 1.8380354339208520e-02 0.0000000000000000e+00
9.2337161714786450e-03 1.9014374276454919e-02 0.0000000000000000e+00
6.9559092468062392e-03 1.9522931812741170e-02 0.0000000000000000e+00
6.8315938898209552e-03 1.6836070081449411e-02 0.0000000000000000e+00
7.4785522162208393e-03 1.9006988420445091e-02 0.0000000000000000e+00
8.1335458055682291e-03 1.7949837127957290e-02 0.0000000000000000e+00
7.5478721188847065e-03 1.7314029726024079e-02 0.0000000000000000e+00
8.3866592785050084e-03 1.8899591653563749e-02 0.0000000000000000e+00
7.5008067926123148e-03 1.7957966487821421e-02 0.0000000000000000e+00
6.9316696738287885e-03 1.9999453060687761e-02 0.0000000000000000e+00
7.8682869838531955e-03 1.8144484547558799e-02 0.0000000000000000e+00
7.4616174130461531e-03 1.8500032876140288e-02 0.0000000000000000e+00
7.9614148699672475e-03 1.8953212110197858e-02 0.0000000000000000e+00
7.9085955108340027e-03 1.8481348627259069e-02 0.0000000000000000e+00
7.3419082906433872e-03 1.7563240088507039e-02 0.0000000000000000e+00
2.4631103699247286e-03 7.1060511754439254e-03 0.0000000000000000e+00
3.9879939496716369e-03 6.4268241476022484e-03 0.0000000000000000e+00
1.6838041343389474e-03 7.3395115168654592e-03 0.0000000000000000e+00
6.4789595414860030e-04 7.4286044713338540e-03 0.0000000000000000e+00
7.8747602902424867e-04 6.0842427640989023e-03 0.0000000000000000e+00
4.0703554495029803e-03 5.0956280762850152e-03 0.0000000000000000e+00
3.4756135146880723e-03 5.4407917672883504e-03 0.0000000000000000e+00
4.7012031866876230e-03 5.9220902498249477e-03 0.0000000000000000e+00
3.6302831345808983e-03 6.6049809339895739e-03 0.0000000000000000e+00
3.2555168456475762e-03 6.7987696990778274e-03 0.0000000000000000e+00
3.6234458243568934e-03 4.9801807926927394e-03 0.0000000000000000e+00
1.2752229727015954e-03 6.2375568323000423e-03 0.0000000000000000e+00
4.9364895955373717e-03 5.5898003708809716e-03 0.0000000000000000e+00
6.8079503357809917e-04 6.7360455685898709e-03 0.0000000000000000e+00
4.1282369353097060e-03 4.6463640393846310e-03 0.0000000000000000e+00
3.3935585537004417e-04 6.0160568423063302e-03 0.0000000000000000e+00
2.6701378139805643e-03 5.4857594991597229e-03 0.0000000000000000e+00
3.0633769364489635e-03 6.4343889572262081e-03 0.0000000000000000e+00
3.7723558404001273e-03 5.9760547250559473e-03 0.0000000000000000e+00
1.2312610773257124e-03 6.7791563886074740e-03 0.0000000000000000e+00
1.2438706446556984e-03 7.3461489651973130e-03 0.0000000000000000e+00
2.0307994799136945e-03 5.6770807898749642e-03 0.0000000000000000e+00
4.3151629331632090e-03 6.1276563269856959e-03 0.0000000000000000e+00
2.8699271320205932e-03 6.9651136669869450e-03 0.0000000000000000e+00
2.0908874465833654e-03 7.2586680628988730e-03 0.0000000000000000e+00
4.3467510124925012e-03 5.6790366579203251e-03 0.0000000000000000e+00
3.9413994651521546e-03 5.5441536101156043e-03 0.0000000000000000e+00
1.5570560934121925e-03 5.8193202570952221e-03 0.0000000000000000e+00
3.6787762621590704e-03 4.5441487041553300e-03 0.0000000000000000e+00
2.3064306887133276e-03 6.6605194547169153e-03 0.0000000000000000e+00
1.8008835094331464e-03 6.8175454564764508e-03 0.0000000000000000e+00
2.7102799112589944e-03 6.1174028625649397e-03 0.0000000000000000e+00
3.3862949838899814e-03 6.2264669063260749e-03 0.0000000000000000e+00
1.7438967429537105e-03 6.2901765101395909e-03 0.0000000000000000e+00
4.5132942500220961e-03 5.2896323498055594e-03 0.0000000000000000e+00
3.1243872156517406e-03 5.0855292497970894e-03 0.0000000000000000e+00
2.7083193391097262e-03 6.5839382579002534e-03 0.0000000000000000e+00
3.4603210632108005e-03 5.7441975847308804e-03 0.0000000000000000e+00
2.1926438233427254e-03 6.1827549890370436e-03 0.0000000000000000e+00
3.1760810127849865e-03 5.8091376882081387e-03 0.0000000000000000e+00
1.6991974338169530e-18 2.7750000000000000e-02 0.0000000000000000e+00
2.7666666666666669e-02 0.0000000000000000e+00 0.0000000000000000e+00
1.6940947388205049e-18 2.7666666666666669e-02 0.0000000000000000e+00
2.7583333333333331e-02 0.0000000000000000e+00 0.0000000000000000e+00
1.6889920438240579e-18 2.7583333333333331e-02 0.0000000000000000e+00
4.8430427863460689e-04 2.7745773540589859e-02 0.0000000000000000e+00
9.6846103349438597e-04 2.7733095449779911e-02 0.0000000000000000e+00
1.4523227857416950e-03 2.7711969589439420e-02 0.0000000000000000e+00
1.9357421463994751e-03 2.7682402394710121e-02 0.0000000000000000e+00
2.4185718612475060e-03 2.7644402872045941e-02 0.0000000000000000e+00
2.9006648556773700e-03 2.7597982596469589e-02 0.0000000000000000e+00
3.3818742794928238e-03 2.7543155708046690e-02 0.0000000000000000e+00
3.8620535516418171e-03 2.7479938907578581e-02 0.0000000000000000e+00
4.3410564048664011e-03 2.7408351451515069e-02 0.0000000000000000e+00
4.8187369302573066e-03 2.7328415146088771e-02 0.0000000000000000e+00
5.2949496216991030e-03 2.7240154340672680e-02 0.0000000000000000e+00
5.7695494201928004e-03 2.7143595920363112e-02 0.0000000000000000e+00
6.2423917580422270e-03 2.7038769297790290e-02 0.0000000000000000e+00
6.7133326028907718e-03 2.6925706404158901e-02 0.0000000000000000e+00
7.1822285015949380e-03 2.6804441679521649e-02 0.0000000000000000e+00
7.6489366239217080e-03 2.6675012062288350e-02 0.0000000000000000e+00
8.1133148060559216e-03 2.6537456977974241e-02 0.0000000000000000e+00
8.5752215939047631e-03 2.6391818327190519e-02 0.0000000000000000e+00
9.0345162861860881e-03 2.6238140472881050e-02 0.0000000000000000e+00
9.4910589772872912e-03 2.6076470226808961e-02 0.0000000000000000e+00
9.9447105998820631e-03 2.5906856835297361e-02 0.0000000000000000e+00
1.0395332967291530e-02 2.5729351964228361e-02 0.0000000000000000e+00
1.0842788815577320e-02 2.5544009683305231e-02 0.0000000000000000e+00
1.1286941845353440e-02 2.5350886449582180e-02 0.0000000000000000e+00
1.1727656763304390e-02 2.5150041090267049e-02 0.0000000000000000e+00
1.2164799323396879e-02 2.4941534784801891e-02 0.0000000000000000e+00
1.2598236367772400e-02 2.4725431046227219e-02 0.0000000000000000e+00
1.3027835867308440e-02 2.4501795701835239e-02 0.0000000000000000e+00
1.3453466961835839e-02 2.4270696873118239e-02 0.0000000000000000e+00
1.3874999999999979e-02 2.4032204955018181e-02 0.0000000000000000e+00
1.4292306578753980e-02 2.3786392594483629e-02 0.0000000000000000e+00
1.4705259582471410e-02 2.3533334668340841e-02 0.0000000000000000e+00
1.5113733221666970e-02 2.3273108260485540e-02 0.0000000000000000e+00
1.5517603071313210e-02 2.3005792638402418e-02 0.0000000000000000e+00
1.5916746108741511e-02 2.2731469229019540e-02 0.0000000000000000e+00
1.6311040751116109e-02 2.2450221593904810e-02 0.0000000000000000e+00
1.6700366892469311e-02 2.2162135403812400e-02 0.0000000000000000e+00
1.7084605940286979e-02 2.1867298412586559e-02 0.0000000000000000e+00
1.7463640851632951e-02 2.1565800430430972e-02 0.0000000000000000e+00
1.7837356168801451e-02 2.1257733296551659e-02 0.0000000000000000e+00
1.8205638054486550e-02 2.0943190851181941e-02 0.0000000000000000e+00
1.8568374326458290e-02 2.0622268906997719e-02 0.0000000000000000e+00
1.8925454491734300e-02 2.0295065219932011e-02 0.0000000000000000e+00
1.9276769780237141e-02 1.9961679459397610e-02 0.0000000000000000e+00
1.9622213177926659e-02 1.9622213177926728e-02 0.0000000000000000e+00
1.9961679459397540e-02 1.9276769780237200e-02 0.0000000000000000e+00
2.0295065219931949e-02 1.8925454491734359e-02 0.0000000000000000e+00
2.0622268906997660e-02 1.8568374326458349e-02 0.0000000000000000e+00
2.0943190851181889e-02 1.8205638054486620e-02 0.0000000000000000e+00
2.1257733296551621e-02 1.7837356168801489e-02 0.0000000000000000e+00
2.1565800430430920e-02 1.7463640851633020e-02 0.0000000000000000e+00
2.1867298412586510e-02 1.7084605940287049e-02 0.0000000000000000e+00
2.2162135403812341e-02 1.6700366892469381e-02 0.0000000000000000e+00
2.2450221593904768e-02 1.6311040751116151e-02 0.0000000000000000e+00
2.2731469229019498e-02 1.5916746108741560e-02 0.0000000000000000e+00
2.3005792638402380e-02 1.5517603071313260e-02 0.0000000000000000e+00
2.3273108260485509e-02 1.5113733221667021e-02 0.0000000000000000e+00
2.3533334668340809e-02 1.4705259582471460e-02 0.0000000000000000e+00
2.3786392594483601e-02 1.4292306578754030e-02 0.0000000000000000e+00
2.4032204955018149e-02 1.3875000000000030e-02 0.0000000000000000e+00
2.4270696873118211e-02 1.3453466961835889e-02 0.0000000000000000e+00
2.4501795701835211e-02 1.3027835867308490e-02 0.0000000000000000e+00
2.4725431046227191e-02 1.2598236367772450e-02 0.0000000000000000e+00
2.4941534784801871e-02 1.2164799323396929e-02 0.0000000000000000e+00
2.5150041090267031e-02 1.1727656763304419e-02 0.0000000000000000e+00
2.5350886449582170e-02 1.1286941845353480e-02 0.0000000000000000e+00
2.5544009683305210e-02 1.0842788815577370e-02 0.0000000000000000e+00
2.5729351964228341e-02 1.0395332967291591e-02 0.0000000000000000e+00
2.5906856835297341e-02 9.9447105998820961e-03 0.0000000000000000e+00
2.6076470226808951e-02 9.4910589772873276e-03 0.0000000000000000e+00
2.6238140472881030e-02 9.0345162861861211e-03 0.0000000000000000e+00
2.6391818327190501e-02 8.5752215939048203e-03 0.0000000000000000e+00
2.6537456977974230e-02 8.1133148060559563e-03 0.0000000000000000e+00
2.6675012062288339e-02 7.6489366239217444e-03 0.0000000000000000e+00
2.6804441679521639e-02 7.1822285015949736e-03 0.0000000000000000e+00
2.6925706404158901e-02 6.7133326028908074e-03 0.0000000000000000e+00
2.7038769297790279e-02 6.2423917580422634e-03 0.0000000000000000e+00
2.7143595920363101e-02 5.7695494201928368e-03 0.0000000000000000e+00
2.7240154340672670e-02 5.2949496216991394e-03 0.0000000000000000e+00
2.7328415146088771e-02 4.8187369302573179e-03 0.0000000000000000e+00
2.7408351451515069e-02 4.3410564048664132e-03 0.0000000000000000e+00
2.7479938907578570e-02 3.8620535516418280e-03 0.0000000000000000e+00
2.7543155708046690e-02 3.3818742794928598e-03 0.0000000000000000e+00
2.7597982596469589e-02 2.9006648556774068e-03 0.0000000000000000e+00
2.7644402872045941e-02 2.4185718612475182e-03 0.0000000000000000e+00
2.7682402394710121e-02 1.9357421463994859e-03 0.0000000000000000e+00
2.7711969589439420e-02 1.4523227857417061e-03 0.0000000000000000e+00
2.7733095449779911e-02 9.6846103349439790e-04 0.0000000000000000e+00
2.7745773540589859e-02 4.8430427863461881e-04 0.0000000000000000e+00
2.7662452899326829e-02 4.8284991143150171e-04 0.0000000000000000e+00
2.7649812880861650e-02 9.6555274210252489e-04 0.0000000000000000e+00
2.7628750461543210e-02 1.4479614560547721e-03 0.0000000000000000e+00
2.7599272057188470e-02 1.9299291069207990e-03 0.0000000000000000e+00
2.7561386647204960e-02 2.4113088826852032e-03 0.0000000000000000e+00
2.7515105771855560e-02 2.8919541504050681e-03 0.0000000000000000e+00
2.7460443528743241e-02 3.3717185008757420e-03 0.0000000000000000e+00
2.7397416568516780e-02 3.8504557932284669e-03 0.0000000000000000e+00
2.7326044089798811e-02 4.3280201994463719e-03 0.0000000000000000e+00
2.7246347833337761e-02 4.8042662487850626e-03 0.0000000000000000e+00
2.7158352075385368e-02 5.2790488720843923e-03 0.0000000000000000e+00
2.7062083620301960e-02 5.7522234459579883e-03 0.0000000000000000e+00
2.6957571792391510e-02 6.2236458368469189e-03 0.0000000000000000e+00
2.6844848426969239e-02 6.6931724449241217e-03 0.0000000000000000e+00
2.6723947860664229e-02 7.1606602478363826e-03 0.0000000000000000e+00
2.6594906920960160e-02 7.6259668442702948e-03 0.0000000000000000e+00
2.6457764914977321e-02 8.0889504973290279e-03 0.0000000000000000e+00
2.6312563617499250e-02 8.5494701777068631e-03 0.0000000000000000e+00
2.6159347258247770e-02 9.0073856066479798e-03 0.0000000000000000e+00
2.5998162508410139e-02 9.4625572986768089e-03 0.0000000000000000e+00
2.5829058466422590e-02 9.9148466040866225e-03 0.0000000000000000e+00
2.5652086643014459e-02 1.0364115751173540e-02 0.0000000000000000e+00
2.5467300945517531e-02 1.0810227888203209e-02 0.0000000000000000e+00
2.5274757661445300e-02 1.1253047125097121e-02 0.0000000000000000e+00
2.5074515441347329e-02 1.1692438574825990e-02 0.0000000000000000e+00
2.4866635280943631e-02 1.2128268394497790e-02 0.0000000000000000e+00
2.4651180502544862e-02 1.2560403826127440e-02 0.0000000000000000e+00
2.4428216735763651e-02 1.2988713237076290e-02 0.0000000000000000e+00
2.4197811897523298e-02 1.3413066160148630e-02 0.0000000000000000e+00
2.3960036171369482e-02 1.3833333333333321e-02 0.0000000000000000e+00
2.3714961986091791e-02 1.4249386739178140e-02 0.0000000000000000e+00
2.3462663993661131e-02 1.4661099643785321e-02 0.0000000000000000e+00
2.3203219046490080e-02 1.5068346635415730e-02 0.0000000000000000e+00
2.2936706174022839e-02 1.5471003662690641e-02 0.0000000000000000e+00
2.2663206558662118e-02 1.5868948072378920e-02 0.0000000000000000e+00
2.2382803511040220e-02 1.6262058646758410e-02 0.0000000000000000e+00
2.2095582444641781e-02 1.6650215640539982e-02 0.0000000000000000e+00
2.1801630849785991e-02 1.7033300817343191e-02 0.0000000000000000e+00
2.1501038266976209e-02 1.7411197485712151e-02 0.0000000000000000e+00
2.1193896259625079e-02 1.7783790534660900e-02 0.0000000000000000e+00
2.0880298386163371e-02 1.8150966468737349e-02 0.0000000000000000e+00
2.0560340171541260e-02 1.8512613442595059e-02 0.0000000000000000e+00
2.0234119078130389e-02 1.8868621295062449e-02 0.0000000000000000e+00
1.9901734476036031e-02 1.9218881582698910e-02 0.0000000000000000e+00
1.9563287612827829e-02 1.9563287612827801e-02 0.0000000000000000e+00
1.9218881582698941e-02 1.9901734476036000e-02 0.0000000000000000e+00
1.8868621295062470e-02 2.0234119078130369e-02 0.0000000000000000e+00
1.8512613442595090e-02 2.0560340171541229e-02 0.0000000000000000e+00
1.8150966468737390e-02 2.0880298386163339e-02 0.0000000000000000e+00
1.7783790534660941e-02 2.1193896259625040e-02 0.0000000000000000e+00
1.7411197485712179e-02 2.1501038266976181e-02 0.0000000000000000e+00
1.7033300817343229e-02 2.1801630849785959e-02 0.0000000000000000e+00
1.6650215640540020e-02 2.2095582444641760e-02 0.0000000000000000e+00
1.6262058646758452e-02 2.2382803511040189e-02 0.0000000000000000e+00
1.5868948072378972e-02 2.2663206558662080e-02 0.0000000000000000e+00
1.5471003662690670e-02 2.2936706174022811e-02 0.0000000000000000e+00
1.5068346635415770e-02 2.3203219046490049e-02 0.0000000000000000e+00
1.4661099643785360e-02 2.3462663993661110e-02 0.0000000000000000e+00
1.4249386739178169e-02 2.3714961986091770e-02 0.0000000000000000e+00
1.3833333333333350e-02 2.3960036171369461e-02 0.0000000000000000e+00
1.3413066160148670e-02 2.4197811897523271e-02 0.0000000000000000e+00
1.2988713237076330e-02 2.4428216735763630e-02 0.0000000000000000e+00
1.2560403826127491e-02 2.4651180502544830e-02 0.0000000000000000e+00
1.2128268394497819e-02 2.4866635280943610e-02 0.0000000000000000e+00
1.1692438574826030e-02 2.5074515441347311e-02 0.0000000000000000e+00
1.1253047125097160e-02 2.5274757661445279e-02 0.0000000000000000e+00
1.0810227888203260e-02 2.5467300945517499e-02 0.0000000000000000e+00
1.0364115751173570e-02 2.5652086643014448e-02 0.0000000000000000e+00
9.9148466040866520e-03 2.5829058466422580e-02 0.0000000000000000e+00
9.4625572986768523e-03 2.5998162508410121e-02 0.0000000000000000e+00
9.0073856066480232e-03 2.6159347258247759e-02 0.0000000000000000e+00
8.5494701777068822e-03 2.6312563617499250e-02 0.0000000000000000e+00
8.0889504973290591e-03 2.6457764914977311e-02 0.0000000000000000e+00
7.6259668442703252e-03 2.6594906920960150e-02 0.0000000000000000e+00
7.1606602478364286e-03 2.6723947860664211e-02 0.0000000000000000e+00
6.6931724449241416e-03 2.6844848426969239e-02 0.0000000000000000e+00
6.2236458368469388e-03 2.6957571792391510e-02 0.0000000000000000e+00
5.7522234459580204e-03 2.7062083620301949e-02 0.0000000000000000e+00
5.2790488720844244e-03 2.7158352075385361e-02 0.0000000000000000e+00
4.8042662487850721e-03 2.7246347833337750e-02 0.0000000000000000e+00
4.3280201994463918e-03 2.7326044089798811e-02 0.0000000000000000e+00
3.8504557932284881e-03 2.7397416568516780e-02 0.0000000000000000e+00
3.3717185008757620e-03 2.7460443528743241e-02 0.0000000000000000e+00
2.8919541504050759e-03 2.7515105771855560e-02 0.0000000000000000e+00
2.4113088826852110e-03 2.7561386647204960e-02 0.0000000000000000e+00
1.9299291069208081e-03 2.7599272057188470e-02 0.0000000000000000e+00
1.4479614560547920e-03 2.7628750461543210e-02 0.0000000000000000e+00
9.6555274210252098e-04 2.7649812880861650e-02 0.0000000000000000e+00
4.8284991143151011e-04 2.7662452899326829e-02 0.0000000000000000e+00
2.7579132258063799e-02 4.8139554422839468e-04 0.0000000000000000e+00
2.7566530311943390e-02 9.6264445071064992e-04 0.0000000000000000e+00
2.7545531333647000e-02 1.4436001263678599e-03 0.0000000000000000e+00
2.7516141719666820e-02 1.9241160674421101e-03 0.0000000000000000e+00
2.7478370422363979e-02 2.4040459041228990e-03 0.0000000000000000e+00
2.7432228947241542e-02 2.8832434451327642e-03 0.0000000000000000e+00
2.7377731349439799e-02 3.3615627222586468e-03 0.0000000000000000e+00
2.7314894229454989e-02 3.8388580348151292e-03 0.0000000000000000e+00
2.7243736728082550e-02 4.3149839940263531e-03 0.0000000000000000e+00
2.7164280520586739e-02 4.7897955673128203e-03 0.0000000000000000e+00
2.7076549810098070e-02 5.2631481224696807e-03 0.0000000000000000e+00
2.6980571320240811e-02 5.7348974717231754e-03 0.0000000000000000e+00
2.6876374286992740e-02 6.2048999156515969e-03 0.0000000000000000e+00
2.6763990449779569e-02 6.6730122869574837e-03 0.0000000000000000e+00
2.6643454041806802e-02 7.1390919940778532e-03 0.0000000000000000e+00
2.6514801779631971e-02 7.6029970646188791e-03 0.0000000000000000e+00
2.6378072851980398e-02 8.0645861886021464e-03 0.0000000000000000e+00
2.6233308907807989e-02 8.5237187615089527e-03 0.0000000000000000e+00
2.6080554043614500e-02 8.9802549271098854e-03 0.0000000000000000e+00
2.5919854790011309e-02 9.4340556200663492e-03 0.0000000000000000e+00
2.5751260097547819e-02 9.8849826082911818e-03 0.0000000000000000e+00
2.5574821321800559e-02 1.0332898535055561e-02 0.0000000000000000e+00
2.5390592207729819e-02 1.0777666960829119e-02 0.0000000000000000e+00
2.5198628873308419e-02 1.1219152404840799e-02 0.0000000000000000e+00
2.4998989792427609e-02 1.1657220386347599e-02 0.0000000000000000e+00
2.4791735777085371e-02 1.2091737465598700e-02 0.0000000000000000e+00
2.4576929958862490e-02 1.2522571284482470e-02 0.0000000000000000e+00
2.4354637769692090e-02 1.2949590606844120e-02 0.0000000000000000e+00
2.4124926921928351e-02 1.3372665358461440e-02 0.0000000000000000e+00
2.3887867387720779e-02 1.3791666666666640e-02 0.0000000000000000e+00
2.3643531377699950e-02 1.4206466899602300e-02 0.0000000000000000e+00
2.3391993318981438e-02 1.4616939705099200e-02 0.0000000000000000e+00
2.3133329832494630e-02 1.5022960049164470e-02 0.0000000000000000e+00
2.2867619709643260e-02 1.5424404254068070e-02 0.0000000000000000e+00
2.2594943888304721e-02 1.5821150036016321e-02 0.0000000000000000e+00
2.2315385428175662e-02 1.6213076542400680e-02 0.0000000000000000e+00
2.2029029485471190e-02 1.6600064388610631e-02 0.0000000000000000e+00
2.1735963286985450e-02 1.6981995694399371e-02 0.0000000000000000e+00
2.1436276103521480e-02 1.7358754119791309e-02 0.0000000000000000e+00
2.1130059222698509e-02 1.7730224900520342e-02 0.0000000000000000e+00
2.0817405921144831e-02 1.8096294882988119e-02 0.0000000000000000e+00
2.0498411436084829e-02 1.8456852558731800e-02 0.0000000000000000e+00
2.0173172936328820e-02 1.8811788098390549e-02 0.0000000000000000e+00
1.9841789492674500e-02 1.9160993385160630e-02 0.0000000000000000e+00
1.9504362047728981e-02 1.9504362047728891e-02 0.0000000000000000e+00
1.9160993385160731e-02 1.9841789492674410e-02 0.0000000000000000e+00
1.8811788098390628e-02 2.0173172936328740e-02 0.0000000000000000e+00
1.8456852558731890e-02 2.0498411436084749e-02 0.0000000000000000e+00
1.8096294882988209e-02 2.0817405921144751e-02 0.0000000000000000e+00
1.7730224900520421e-02 2.1130059222698439e-02 0.0000000000000000e+00
1.7358754119791400e-02 2.1436276103521411e-02 0.0000000000000000e+00
1.6981995694399461e-02 2.1735963286985370e-02 0.0000000000000000e+00
1.6600064388610721e-02 2.2029029485471120e-02 0.0000000000000000e+00
1.6213076542400760e-02 2.2315385428175599e-02 0.0000000000000000e+00
1.5821150036016401e-02 2.2594943888304658e-02 0.0000000000000000e+00
1.5424404254068149e-02 2.2867619709643201e-02 0.0000000000000000e+00
1.5022960049164541e-02 2.3133329832494592e-02 0.0000000000000000e+00
1.4616939705099280e-02 2.3391993318981390e-02 0.0000000000000000e+00
1.4206466899602380e-02 2.3643531377699901e-02 0.0000000000000000e+00
1.3791666666666719e-02 2.3887867387720731e-02 0.0000000000000000e+00
1.3372665358461501e-02 2.4124926921928320e-02 0.0000000000000000e+00
1.2949590606844200e-02 2.4354637769692041e-02 0.0000000000000000e+00
1.2522571284482550e-02 2.4576929958862459e-02 0.0000000000000000e+00
1.2091737465598750e-02 2.4791735777085339e-02 0.0000000000000000e+00
1.1657220386347660e-02 2.4998989792427581e-02 0.0000000000000000e+00
1.1219152404840860e-02 2.5198628873308392e-02 0.0000000000000000e+00
1.0777666960829180e-02 2.5390592207729799e-02 0.0000000000000000e+00
1.0332898535055601e-02 2.5574821321800539e-02 0.0000000000000000e+00
9.8849826082912356e-03 2.5751260097547801e-02 0.0000000000000000e+00
9.4340556200664030e-03 2.5919854790011299e-02 0.0000000000000000e+00
8.9802549271099513e-03 2.6080554043614479e-02 0.0000000000000000e+00
8.5237187615089943e-03 2.6233308907807978e-02 0.0000000000000000e+00
8.0645861886021880e-03 2.6378072851980391e-02 0.0000000000000000e+00
7.6029970646189337e-03 2.6514801779631950e-02 0.0000000000000000e+00
7.1390919940778853e-03 2.6643454041806791e-02 0.0000000000000000e+00
6.6730122869575271e-03 2.6763990449779569e-02 0.0000000000000000e+00
6.2048999156516411e-03 2.6876374286992730e-02 0.0000000000000000e+00
5.7348974717232326e-03 2.6980571320240801e-02 0.0000000000000000e+00
5.2631481224697128e-03 2.7076549810098060e-02 0.0000000000000000e+00
4.7897955673128524e-03 2.7164280520586739e-02 0.0000000000000000e+00
4.3149839940263973e-03 2.7243736728082550e-02 0.0000000000000000e+00
3.8388580348151491e-03 2.7314894229454979e-02 0.0000000000000000e+00
3.3615627222586672e-03 2.7377731349439799e-02 0.0000000000000000e+00
2.8832434451327958e-03 2.7432228947241542e-02 0.0000000000000000e+00
2.4040459041229320e-03 2.7478370422363979e-02 0.0000000000000000e+00
1.9241160674421309e-03 2.7516141719666820e-02 0.0000000000000000e+00
1.4436001263678810e-03 2.7545531333647000e-02 0.0000000000000000e+00
9.6264445071067052e-04 2.7566530311943390e-02 0.0000000000000000e+00
4.8139554422840320e-04 2.7579132258063799e-02 0.0000000000000000e+00
$EndNodes
$Elements
12 2745 1 2745
2 20 2 34
1 822 892 862
2 814 892 821
3 989 1001 945
4 1182 1186 1177
5 551 606 453
6 454 550 449
7 1161 1162 1128
8 703 851 799
9 1040 1068 1053
10 1072 1140 1107
11 567 654 452
12 607 656 518
13 1117 1148 1139
14 910 967 941
15 847 912 768
16 1140 1142 1108
17 1170 1186 1150
18 935 1009 1005
19 1022 1078 1068
20 768 890 846
21 1127 1161 1142
22 1005 1038 943
23 657 709 604
24 710 755 722
25 784 848 771
26 451 549 534
27 804 820 772
28 826 930 848
29 980 1039 1017
30 380 495 490
31 941 1040 1002
32 1165 1184 1179
33 1183 1190 1179
34 1093 1120 1075
2 20 3 1100
35 157 208 73 72
36 167 209 95 94
37 180 196 88 87
38 182 203 70 69
39 176 205 122 123
40 179 201 83 82
41 181 206 78 77
42 207 170 105 106
43 202 163 131 132
44 210 202 132 133
45 178 194 65 64
46 195 153 115 116
47 158 204 110 111
48 1024 1056 994 957
49 1056 1024 1080 1111
50 482 406 529 581
51 330 224 406 482
52 786 737 827 872
53 332 230 405 483
54 588 515 633 690
55 329 226 398 480
56 792 728 817 871
57 480 398 515 588
58 690 633 737 786
59 950 905 1004 1037
60 871 817 905 950
61 813 876 783 718
62 578 501 612 688
63 328 231 407 481
64 693 613 738 789
65 829 874 789 738
66 365 228 344 474
67 828 739 787 875
68 497 365 474 582
69 479 369 501 578
70 688 612 718 783
71 583 530 613 693
72 697 637 728 792
73 481 407 530 583
74 331 229 369 479
75 876 813 920 970
76 397 235 343 475
77 911 952 874 829
78 397 475 584 512
79 237 335 477 411
80 232 334 476 410
81 225 333 478 408
82 408 478 580 532
83 410 476 585 513
84 829 773 887 911
85 586 530 407 484
86 530 586 694 613
87 738 719 773 829
88 738 613 694 719
89 513 585 689 635
90 231 336 484 407
91 532 580 695 621
92 621 695 787 739
93 743 832 794 687
94 483 405 533 591
95 591 533 637 697
96 497 582 699 638
97 917 859 957 994
98 736 632 698 785
99 918 948 1021 986
100 1060 1025 1082 1113
101 1132 1157 1113 1082
102 995 954 1025 1060
103 954 995 922 881
104 924 836 878 956
105 796 878 836 733
106 997 924 956 1026
107 1081 1131 1112 1057
108 1057 997 1026 1081
109 833 779 881 922
110 1134 1114 1156 1170
111 998 1028 963 947
112 1028 998 1058 1084
113 1084 1058 1114 1134
114 1159 1129 1074 1116
115 1167 1173 1129 1159
116 1116 1074 1013 1054
117 1020 1014 1079 1055
118 720 630 685 780
119 662 553 641 740
120 882 955 921 824
121 1031 1087 1046 974
122 974 921 955 1031
123 791 877 811 727
124 622 516 591 697
125 634 498 571 701
126 614 499 589 696
127 503 373 463 590
128 1104 1045 1086 1135
129 1045 983 1030 1086
130 983 906 959 1030
131 555 435 522 639
132 553 433 520 641
133 664 555 639 742
134 1191 1164 1180 1194
135 1164 1122 1158 1180
136 1069 1008 1055 1115
137 1122 1069 1115 1158
138 1171 1136 1153 1185
139 167 247 306 334
140 176 240 304 333
141 182 257 310 335
142 755 636 691 784
143 590 691 636 503
144 531 404 464 593
145 907 808 869 960
146 984 907 960 1032
147 1041 984 1032 1088
148 1137 1172 1145 1097
149 1097 1041 1088 1137
150 1079 1014 1057 1112
151 997 1057 1014 933
152 933 853 924 997
153 457 378 523 522
154 96 264 173 97
155 134 266 210 133
156 76 254 181 77
157 74 258 177 75
158 71 253 157 72
159 98 265 187 99
160 68 257 182 69
161 79 249 148 80
162 109 259 166 108
163 107 262 207 106
164 91 246 197 92
165 86 244 180 87
166 114 260 193 113
167 136 256 168 135
168 89 245 154 90
169 93 247 167 94
170 84 251 150 85
171 66 250 164 67
172 81 243 179 82
173 112 252 158 111
174 121 263 149 120
175 104 261 184 103
176 124 240 176 123
177 117 255 195 116
178 119 239 198 118
179 130 242 200 129
180 126 241 199 125
181 128 248 151 127
182 725 615 692 788
183 505 367 472 595
184 514 409 473 587
185 587 692 615 514
186 1033 1083 1063 985
187 471 337 390 527
188 494 380 397 512
189 235 397 380 311
190 1033 974 1046 1083
191 962 921 974 1033
192 642 565 676 744
193 835 759 852 919
194 696 622 717 791
195 1027 993 1053 1095
196 682 614 727 796
197 1081 1047 1102 1131
198 1026 976 1047 1081
199 716 793 683 627
200 956 899 976 1026
201 979 1023 953 902
202 700 623 726 790
203 877 816 902 953
204 790 726 809 873
205 594 500 627 683
206 793 716 818 884
207 961 904 993 1027
208 884 818 904 961
209 873 809 916 951
210 506 573 461 399
211 474 404 531 582
212 446 527 390 293
213 954 907 984 1025
214 907 954 881 808
215 1097 1132 1082 1041
216 1041 1082 1025 984
217 404 474 344 341
218 373 475 343 342
219 586 508 660 694
220 484 374 508 586
221 516 368 483 591
222 587 498 634 692
223 692 634 713 788
224 1182 1189 1169 1147
225 1133 1101 1147 1169
226 1101 1133 1085 1042
227 666 724 686 611
228 855 915 831 762
229 991 936 1011 1059
230 915 855 936 991
231 724 666 762 831
232 611 686 640 592
233 668 560 632 736
234 1116 1071 1128 1159
235 985 1021 948 896
236 689 630 720 775
237 585 505 630 689
238 477 412 504 577
239 577 504 617 698
240 698 617 745 785
241 695 615 725 787
242 787 725 806 875
243 478 409 514 580
244 957 906 983 1024
245 1024 983 1045 1080
246 1104 1127 1080 1045
247 906 957 859 825
248 861 765 819 929
249 515 435 555 633
250 529 433 553 631
251 737 664 769 827
252 406 361 433 529
253 633 555 664 737
254 398 363 435 515
255 361 406 224 322
256 363 398 226 308
257 1114 1069 1122 1156
258 1156 1122 1164 1177
259 1058 1008 1069 1114
260 1008 1058 998 972
261 565 642 519 434
262 503 584 475 373
263 1103 1044 1084 1134
264 976 899 953 1023
265 1047 976 1023 1092
266 1044 973 1028 1084
267 1134 1170 1150 1103
268 963 1028 973 895
269 818 716 789 874
270 716 627 693 789
271 627 500 583 693
272 874 952 904 818
273 902 816 871 950
274 979 902 950 1037
275 726 623 690 786
276 809 726 786 872
277 500 366 481 583
278 523 378 482 581
279 727 614 696 791
280 899 811 877 953
281 623 506 588 690
282 717 622 697 792
283 792 871 816 717
284 433 361 468 520
285 435 363 457 522
286 408 532 434 362
287 1056 1111 1072 1010
288 994 1056 1010 958
289 476 367 505 585
290 1147 1101 1129 1173
291 1074 1129 1101 1042
292 1013 1074 1042 990
293 759 835 744 676
294 573 506 623 700
295 470 368 516 589
296 500 594 460 366
297 480 588 506 399
298 852 759 828 918
299 918 986 937 852
300 532 621 565 434
301 568 442 513 635
302 676 565 621 739
303 739 828 759 676
304 442 376 410 513
305 497 638 611 592
306 666 611 638 735
307 1130 1073 1113 1157
308 365 497 592 466
309 762 666 735 833
310 922 995 936 855
311 1060 1113 1073 1011
312 1011 936 995 1060
313 855 762 833 922
314 580 514 615 695
315 1061 971 1029 1085
316 949 1029 971 893
317 1146 1172 1137 1099
318 795 834 741 663
319 663 741 629 554
320 614 682 564 499
321 691 620 729 784
322 590 524 620 691
323 589 516 622 696
324 796 727 811 878
325 878 811 899 956
326 816 877 791 717
327 729 620 688 783
328 620 524 578 688
329 592 640 526 466
330 434 519 465 362
331 879 805 895 959
332 959 895 973 1030
333 1030 973 1044 1086
334 1086 1044 1103 1135
335 805 879 782 712
336 582 531 628 699
337 879 959 906 825
338 805 712 794 885
339 728 668 765 817
340 637 560 668 728
341 817 765 861 905
342 905 861 944 1004
343 1158 1136 1171 1180
344 1180 1171 1187 1194
345 1136 1158 1115 1110
346 923 853 933 996
347 853 923 823 760
348 631 553 662 743
349 743 662 777 832
350 639 576 675 742
351 741 834 758 684
352 965 898 977 1018
353 880 830 898 965
354 830 880 780 715
355 1029 990 1042 1085
356 533 439 560 637
357 1178 1146 1169 1189
358 1133 1169 1146 1099
359 1085 1133 1099 1061
360 835 919 883 795
361 795 663 744 835
362 962 1033 985 896
363 897 955 882 810
364 1052 1087 1031 975
365 810 882 778 734
366 971 1032 960 893
367 1032 971 1061 1088
368 1088 1061 1099 1137
369 641 575 674 740
370 992 958 1010 1062
371 790 873 830 715
372 898 830 873 951
373 700 790 715 610
374 724 831 870 781
375 923 996 938 867
376 836 924 853 760
377 1059 1011 1073 1120
378 642 744 663 554
379 718 781 870 813
380 685 610 715 780
381 868 824 921 962
382 920 901 939 989
383 1052 975 1027 1095
384 897 810 884 961
385 961 1027 975 897
386 895 805 885 963
387 939 901 915 991
388 955 897 975 1031
389 1136 1110 1124 1153
390 793 884 810 734
391 1128 1071 1109 1161
392 1132 1097 1145 1175
393 1008 972 1020 1055
394 95 209 264 96
395 110 204 259 109
396 135 168 266 134
397 78 206 249 79
398 70 203 253 71
399 67 164 257 68
400 97 173 265 98
401 75 177 254 76
402 73 208 258 74
403 137 188 256 136
404 115 153 260 114
405 108 166 262 107
406 103 184 267 102
407 105 170 261 104
408 90 154 246 91
409 65 194 250 66
410 85 150 244 86
411 113 193 252 112
412 80 148 243 81
413 88 196 245 89
414 83 201 251 84
415 92 197 247 93
416 125 199 240 124
417 120 149 239 119
418 122 205 263 121
419 118 198 255 117
420 131 163 242 130
421 127 151 241 126
422 129 200 248 128
423 315 265 173 401
424 310 257 164 400
425 304 240 199 403
426 306 247 197 402
427 208 157 230 332
428 232 209 167 334
429 204 158 229 331
430 237 203 182 335
431 194 178 292 340
432 196 180 226 329
433 201 179 224 330
434 163 202 231 328
435 228 153 195 344
436 235 170 207 343
437 225 205 176 333
438 396 321 266 168
439 394 299 254 177
440 332 320 258 208
441 393 293 248 200
442 395 342 262 166
443 391 338 246 154
444 330 307 251 201
445 392 341 255 198
446 329 305 245 196
447 340 339 250 194
448 331 309 259 204
449 390 337 241 151
450 389 300 239 149
451 328 319 242 163
452 209 232 327 264
453 153 228 325 260
454 205 225 324 263
455 342 395 463 373
456 341 392 464 404
457 304 403 473 409
458 472 367 306 402
459 528 387 299 462
460 320 368 470 394
461 459 400 339 424
462 461 391 305 399
463 319 366 460 393
464 462 499 564 528
465 249 206 379 323
466 311 261 170 235
467 173 264 327 401
468 177 258 320 394
469 181 254 299 387
470 166 259 309 395
471 168 256 303 396
472 193 260 325 386
473 149 263 324 389
474 164 250 339 400
475 151 248 293 390
476 148 249 323 384
477 197 246 338 402
478 150 251 307 385
479 200 242 319 393
480 199 241 337 403
481 154 245 305 391
482 198 239 300 392
483 195 255 341 344
484 207 262 342 343
485 387 379 206 181
486 237 318 253 203
487 386 326 252 193
488 385 308 244 150
489 384 322 243 148
490 202 210 336 231
491 528 564 579 443
492 388 463 395 309
493 458 464 392 300
494 321 336 210 266
495 471 473 403 337
496 335 310 412 477
497 334 306 367 476
498 333 304 409 478
499 469 574 501 369
500 326 469 369 229
501 336 321 374 484
502 400 459 412 310
503 308 385 457 363
504 322 384 468 361
505 394 470 462 299
506 393 460 446 293
507 473 471 498 587
508 368 320 332 483
509 388 309 331 479
510 378 307 330 482
511 366 319 328 481
512 399 305 329 480
513 499 462 470 589
514 418 184 261 311
515 327 376 454 401
516 526 386 325 466
517 324 362 465 389
518 467 510 520 468
519 157 253 318 230
520 158 252 326 229
521 180 244 308 226
522 179 243 322 224
523 443 379 387 528
524 467 468 384 323
525 378 457 385 307
526 379 443 467 323
527 370 411 511 439
528 578 524 388 479
529 510 467 443 579
530 318 370 405 230
531 376 327 232 410
532 466 325 228 365
533 362 324 225 408
534 389 465 458 300
535 338 521 472 402
536 519 509 458 465
537 386 526 469 326
538 321 396 453 374
539 471 527 571 498
540 574 469 526 640
541 668 736 819 765
542 577 511 411 477
543 632 511 577 698
544 525 571 527 446
545 464 458 509 593
546 521 338 391 461
547 525 446 460 594
548 463 388 524 590
549 619 576 523 581
550 370 318 237 411
551 511 632 560 439
552 405 370 439 533
553 826 729 783 876
554 675 712 782 742
555 769 825 859 827
556 992 951 916 958
557 1068 1018 977 1022
558 631 619 581 529
559 687 619 631 743
560 917 872 827 859
561 915 901 870 831
562 673 781 718 612
563 685 595 572 610
564 522 523 576 639
565 686 673 574 640
566 573 572 521 461
567 619 687 675 576
568 618 575 510 579
569 825 769 782 879
570 712 675 687 794
571 742 782 769 664
572 872 917 916 809
573 958 916 917 994
574 951 992 977 898
575 1022 977 992 1062
576 412 459 596 504
577 682 618 579 564
578 814 720 780 880
579 595 685 630 505
580 520 510 575 641
581 509 554 629 593
582 472 521 572 595
583 501 574 673 612
584 781 673 686 724
585 813 870 901 920
586 949 893 883 919
587 610 572 573 700
588 1034 939 991 1059
589 628 684 723 699
590 869 808 758 834
591 937 986 1013 990
592 699 723 735 638
593 735 723 779 833
594 683 608 525 594
595 593 629 628 531
596 554 509 519 642
597 778 701 608 734
598 684 628 629 741
599 869 883 893 960
600 937 949 919 852
601 758 779 723 684
602 883 869 834 795
603 868 788 713 824
604 949 937 990 1029
605 779 758 808 881
606 948 875 806 896
607 875 948 918 828
608 571 525 608 701
609 824 713 778 882
610 701 778 713 634
611 788 868 806 725
612 734 608 683 793
613 896 806 868 962
614 1124 1110 1079 1112
615 823 740 674 760
616 914 832 777 867
617 1020 972 938 996
618 1155 1124 1112 1131
619 733 618 682 796
620 832 914 885 794
621 885 914 947 963
622 1055 1079 1110 1115
623 618 733 674 575
624 1151 1155 1131 1102
625 760 674 733 836
626 740 823 777 662
627 867 777 823 923
628 938 947 914 867
629 1014 1020 996 933
630 947 938 972 998
631 1109 1071 1063 1083
632 986 1021 1054 1013
633 1054 1063 1071 1116
634 1063 1054 1021 985
635 1108 1109 1083 1046
636 1109 1108 1142 1161
637 1105 1152 1138 1090
638 1090 1007 1049 1105
639 982 1049 1007 934
640 487 372 507 566
641 372 487 347 233
642 186 101 102 267
643 353 172 223 234
644 459 424 534 596
645 496 364 448 604
646 609 496 604 709
647 313 448 364 227
648 822 731 672 797
649 441 537 644 562
650 880 965 908 814
651 600 643 746 667
652 489 535 643 600
653 645 747 665 556
654 298 417 537 441
655 354 415 535 489
656 302 414 536 444
657 650 559 704 748
658 540 438 559 650
659 643 557 702 746
660 535 437 557 643
661 671 753 652 602
662 542 492 602 652
663 802 839 753 671
664 703 747 645 598
665 541 436 598 645
666 747 703 799 840
667 438 540 420 297
668 437 535 415 295
669 421 294 436 541
670 414 345 485 536
671 422 356 492 542
672 423 358 493 543
673 413 314 450 549
674 345 414 270 183
675 297 420 274 161
676 294 421 277 156
677 356 422 278 217
678 295 415 275 155
679 358 423 283 218
680 314 413 273 212
681 597 644 537 486
682 486 537 417 346
683 301 416 280 185
684 346 417 284 216
685 1089 1118 1065 1015
686 1036 1064 1000 964
687 1000 1064 1035 968
688 714 804 680 609
689 841 801 886 926
690 926 886 943 999
691 801 841 756 667
692 913 840 799 858
693 220 27 28 152
694 9 10 169 191
695 24 25 219 217
696 732 647 566 679
697 42 43 221 165
698 161 274 17 18
699 162 281 13 14
700 183 270 31 32
701 213 271 39 40
702 155 275 21 22
703 156 277 33 34
704 191 276 8 9
705 217 278 23 24
706 220 272 26 27
707 218 283 35 36
708 212 273 11 12
709 561 649 539 447
710 714 609 709 774
711 894 925 982 934
712 894 815 866 925
713 751 669 798 838
714 669 751 646 601
715 601 646 548 440
716 886 801 844 931
717 766 845 754 678
718 943 886 931 1005
719 49 2 101 186
720 761 837 749 665
721 20 21 275 215
722 16 17 274 216
723 30 31 270 214
724 38 39 271 160
725 7 8 276 192
726 10 11 273 169
727 25 26 272 219
728 419 347 487 538
729 538 487 566 647
730 1090 1138 1098 1070
731 23 278 155 22
732 13 281 212 12
733 33 277 183 32
734 35 283 156 34
735 928 860 942 1003
736 1138 1174 1149 1098
737 1003 942 1015 1065
738 420 540 486 346
739 964 1000 913 858
740 422 542 437 295
741 421 541 485 345
742 423 543 436 294
743 540 650 597 486
744 679 722 776 732
745 932 891 945 1001
746 557 437 542 652
747 359 267 184 418
748 431 357 488 547
749 768 846 752 670
750 652 753 702 557
751 1127 1142 1111 1080
752 547 488 599 659
753 357 227 364 488
754 488 364 496 599
755 599 496 609 680
756 659 599 680 757
757 968 857 913 1000
758 1148 1130 1157 1166
759 840 913 857 761
760 256 188 348 303
761 561 447 538 647
762 215 275 415 354
763 214 270 414 302
764 169 273 413 349
765 347 165 221 233
766 1166 1157 1132 1175
767 312 419 538 447
768 192 63 1 7
769 968 1035 978 903
770 185 280 46 47
771 160 287 37 38
772 165 286 41 42
773 214 282 29 30
774 216 284 15 16
775 215 285 19 20
776 171 279 44 45
777 274 420 346 216
778 900 964 858 812
779 277 421 345 183
780 278 422 295 155
781 283 423 294 156
782 347 419 286 165
783 964 900 987 1036
784 839 802 860 928
785 233 360 491 372
786 267 359 288 186
787 539 649 601 440
788 842 889 845 766
789 798 669 754 845
790 931 854 935 1005
791 854 931 844 763
792 732 776 766 678
793 1065 1118 1144 1009
794 774 866 815 714
795 679 566 507 626
796 64 63 192 178
797 747 840 761 665
798 45 46 280 171
799 40 41 286 213
800 36 37 287 218
801 28 29 282 152
802 14 15 284 162
803 18 19 285 161
804 43 44 279 221
805 1117 1139 1096 1050
806 438 545 658 559
807 559 658 756 704
808 448 544 657 604
809 185 288 359 301
810 863 888 927 966
811 297 429 545 438
812 425 451 534 424
813 313 427 544 448
814 800 711 624 731
815 317 175 190 290
816 863 966 900 812
817 544 444 603 657
818 545 489 600 658
819 269 172 353 383
820 658 600 667 756
821 427 302 444 544
822 429 354 489 545
823 314 430 546 450
824 375 456 351 236
825 171 280 416 355
826 220 152 313 227
827 268 211 236 351
828 546 441 562 648
829 837 803 708 749
830 339 340 425 424
831 722 679 626 710
832 175 317 236 211
833 48 49 186 288
834 1091 1043 1100 1141
835 51 190 175 52
836 52 175 211 53
837 57 223 172 58
838 430 298 441 546
839 547 492 356 431
840 311 380 490 418
841 159 55 54 268
842 174 60 59 269
843 659 602 492 547
844 56 291 223 57
845 452 353 234 371
846 349 238 191 169
847 757 671 602 659
848 854 763 839 928
849 935 854 928 1003
850 350 352 291 159
851 1155 1168 1153 1124
852 162 284 417 298
853 213 286 419 312
854 455 352 350 382
855 694 660 750 719
856 751 838 764 677
857 561 647 732 678
858 47 48 288 185
859 1141 1105 1049 1091
860 651 556 665 749
861 661 558 677 851
862 218 287 428 358
863 161 285 429 297
864 570 455 382 517
865 152 282 427 313
866 296 428 287 160
867 302 427 282 214
868 354 429 285 215
869 969 856 926 999
870 856 767 841 926
871 1155 1151 1160 1168
872 50 222 190 51
873 426 312 447 539
874 187 222 100 99
875 3 100 222 50
876 227 357 272 220
877 569 655 710 626
878 1126 1119 1125 1160
879 1043 978 1035 1077
880 706 745 617 653
881 234 223 291 352
882 624 563 672 731
883 601 649 754 669
884 1119 1070 1098 1125
885 296 426 539 440
886 1193 1188 1178 1191
887 865 800 731 822
888 211 268 54 53
889 172 269 59 58
890 159 291 56 55
891 935 1003 1065 1009
892 1016 1066 1006 940
893 646 751 677 558
894 909 820 815 894
895 382 350 351 456
896 160 271 426 296
897 212 281 430 314
898 721 797 672 707
899 988 909 894 934
900 268 351 350 159
901 1075 1117 1050 1012
902 269 383 316 174
903 942 909 988 1015
904 909 942 860 820
905 1070 1051 1007 1090
906 312 426 271 213
907 298 430 281 162
908 485 541 645 556
909 752 846 770 705
910 360 279 171 355
911 279 360 233 221
912 820 860 802 772
913 178 192 276 292
914 649 561 678 754
915 219 272 357 431
916 803 774 709 708
917 189 138 4 62
918 138 189 188 137
919 597 650 748 670
920 1166 1184 1154 1148
921 1138 1152 1181 1174
922 1075 1012 1066 1093
923 358 428 548 493
924 603 651 749 708
925 1140 1108 1046 1087
926 1179 1175 1145 1183
927 766 776 843 842
928 1043 1091 1019 978
929 317 381 375 236
930 428 296 440 548
931 444 536 651 603
932 191 238 292 276
933 431 356 217 219
934 1034 1016 989 939
935 562 644 752 705
936 222 187 290 190
937 1087 1052 1107 1140
938 1002 993 904 952
939 982 1019 1091 1049
940 1001 940 927 932
941 1190 1195 1181 1176
942 536 485 556 651
943 1172 1188 1183 1145
944 702 753 839 763
945 491 360 355 432
946 927 888 889 932
947 771 843 776 722
948 1123 1154 1184 1165
949 1066 1016 1034 1093
950 911 941 1002 952
951 644 597 670 752
952 988 1051 1089 1015
953 653 617 504 596
954 981 1040 941 967
955 352 455 371 234
956 625 660 508 606
957 636 755 710 655
958 607 568 707 656
959 864 903 946 807
960 851 703 598 661
961 707 672 563 656
962 856 912 847 767
963 667 746 844 801
964 889 842 891 932
965 930 891 842 843
966 315 290 187 265
967 569 512 584 655
968 980 1004 944 969
969 418 490 301 359
970 635 721 707 568
971 1119 1089 1051 1070
972 442 568 607 550
973 188 189 289 348
974 1017 1037 1004 980
975 863 812 764 838
976 911 887 910 941
977 929 912 944 861
978 450 546 648 605
979 775 721 635 689
980 889 888 798 845
981 978 1019 946 903
982 746 702 763 844
983 925 946 1019 982
984 843 771 848 930
985 929 819 849 890
986 534 605 653 596
987 979 1067 1092 1023
988 814 821 775 720
989 1067 979 1037 1017
990 416 301 490 495
991 416 495 432 355
992 562 705 706 648
993 1126 1118 1089 1119
994 316 383 445 377
995 375 449 518 456
996 857 864 837 761
997 1195 1187 1174 1181
998 655 584 503 636
999 174 289 61 60
1000 340 292 238 425
1001 1018 981 908 965
1002 567 452 371 502
1003 517 563 624 570
1004 890 768 912 929
1005 807 946 925 866
1006 1176 1181 1152 1163
1007 774 803 807 866
1008 900 966 1006 987
1009 1184 1166 1175 1179
1010 502 371 455 570
1011 290 315 381 317
1012 711 800 730 616
1013 908 981 967 862
1014 660 625 681 750
1015 507 552 569 626
1016 493 548 646 558
1017 61 289 189 62
1018 1154 1123 1100 1121
1019 1139 1121 1077 1096
1020 987 1006 1066 1012
1021 1177 1186 1170 1156
1022 661 598 436 543
1023 454 381 315 401
1024 670 748 847 768
1025 1047 1092 1076 1102
1026 303 377 453 396
1027 799 764 812 858
1028 1096 1077 1035 1064
1029 704 756 841 767
1030 1192 1185 1153 1168
1031 864 807 803 837
1032 1051 988 934 1007
1033 800 865 850 730
1034 838 798 888 863
1035 316 348 289 174
1036 1038 1005 1009 1094
1037 903 864 857 968
1038 1188 1172 1146 1178
1039 970 930 826 876
1040 1187 1171 1185 1174
1041 1072 1111 1142 1140
1042 1098 1149 1192 1125
1043 1165 1179 1190 1176
1044 349 451 425 238
1045 1094 1106 1076 1048
1046 1121 1100 1043 1077
1047 802 671 757 772
1048 910 822 862 967
1049 512 569 552 494
1050 383 353 452 445
1051 1139 1148 1154 1121
1052 1064 1036 1050 1096
1053 456 518 517 382
1054 517 518 656 563
1055 348 316 377 303
1056 1144 1160 1151 1106
1057 1039 999 943 1038
1058 1078 1095 1053 1068
1059 1127 1104 1162 1161
1060 543 493 558 661
1061 607 518 449 550
1062 681 567 616 730
1063 681 625 654 567
1064 552 491 432 494
1065 966 927 940 1006
1066 1059 1120 1093 1034
1067 1062 1010 1072 1107
1068 1068 1040 981 1018
1069 1078 1022 1062 1107
1070 1176 1163 1123 1165
1071 1195 1196 1194 1187
1072 491 552 507 372
1073 1148 1117 1143 1130
1074 1001 989 1016 940
1075 848 784 729 826
1076 551 453 377 445
1077 1040 1053 993 1002
1078 706 653 605 648
1079 1197 1177 1164 1191
1080 1159 1128 1162 1167
1081 711 502 570 624
1082 748 704 767 847
1083 1163 1152 1105 1141
1084 551 654 625 606
1085 969 944 912 856
1086 1012 1050 1036 987
1087 785 745 770 849
1088 1141 1100 1123 1163
1089 1168 1160 1125 1192
1090 764 799 851 677
1091 989 945 970 920
1092 1135 1103 1150 1167
1093 1196 1183 1188 1193
1094 1162 1104 1135 1167
1095 376 442 550 454
1096 721 775 821 797
1097 606 508 374 453
1098 804 714 815 820
1099 381 454 449 375
1100 755 784 771 722
1101 1017 1039 1048 1067
1102 1173 1186 1182 1147
1103 1143 1117 1075 1120
1104 1196 1195 1190 1183
1105 495 380 494 432
1106 980 969 999 1039
1107 745 706 705 770
1108 605 534 549 450
1109 1150 1186 1173 1167
1110 772 757 680 804
1111 654 551 445 452
1112 736 785 849 819
1113 849 770 846 890
1114 657 603 708 709
1115 413 549 451 349
1116 750 850 773 719
1117 1052 1095 1078 1107
1118 1076 1092 1067 1048
1119 1048 1039 1038 1094
1120 750 681 730 850
1121 1151 1102 1076 1106
1122 862 892 814 908
1123 930 970 945 891
1124 1189 1182 1177 1197
1125 1073 1130 1143 1120
1126 892 822 797 821
1127 850 865 887 773
1128 865 822 910 887
1129 502 711 616 567
1130 1126 1160 1144 1118
1131 1178 1189 1197 1191
1132 1194 1196 1193 1191
1133 1149 1174 1185 1192
1134 1094 1009 1144 1106
2 30 2 14
1135 51 1201 50
1136 1204 1237 1235
1137 1222 1228 1200
1138 140 1219 1214
1139 147 1212 146
1140 1229 1234 1215
1141 1209 1231 1225
1142 1208 1233 1204
1143 1199 1220 1216
1144 1205 1223 1220
1145 1229 1237 1214
1146 141 1226 6
1147 1213 142 143
1148 142 1213 5
2 30 3 45
1149 1201 1211 143 144
1150 1207 57 58 1206
1151 58 59 1199 1206
1152 1224 1203 1208 1204
1153 1207 1221 56 57
1154 1200 1218 52 53
1155 1205 1220 60 61
1156 1198 1222 54 55
1157 60 1220 1199 59
1158 54 1222 1200 53
1159 56 1221 1198 55
1160 1230 1206 1199 1216
1161 1217 1218 1200 1228
1162 1227 1198 1221 1234
1163 1221 1207 1215 1234
1164 1206 1230 1215 1207
1165 1217 1211 1201 1218
1166 4 145 1210 62
1167 1217 1209 1202 1211
1168 141 140 1214 1233
1169 1228 1227 1236 1231
1170 1237 1204 1233 1214
1171 62 1210 1205 61
1172 144 3 50 1201
1173 1228 1231 1209 1217
1174 1213 1202 139 5
1175 1237 1229 1215 1230
1176 1216 1220 1223 1224
1177 1232 1223 1205 1210
1178 1227 1228 1222 1198
1179 1224 1204 1235 1216
1180 1218 1201 51 52
1181 1213 143 1211 1202
1182 1229 1214 1219 1236
1183 1234 1229 1236 1227
1184 141 1233 1208 1226
1185 146 1212 1203 1232
1186 1230 1216 1235 1237
1187 1225 1219 140 139
1188 1219 1225 1231 1236
1189 147 6 1226 1212
1190 1225 139 1202 1209
1191 1208 1203 1212 1226
1192 145 146 1232 1210
1193 1203 1224 1223 1232
2 20 2 34
1194 2015 2085 2055
1195 2007 2085 2014
1196 2182 2194 2138
1197 2375 2379 2370
1198 1744 1799 1646
1199 1647 1743 1642
1200 2354 2355 2321
1201 1896 2044 1992
1202 2233 2261 2246
1203 2265 2333 2300
1204 1760 1847 1645
1205 1800 1849 1711
1206 2310 2341 2332
1207 2103 2160 2134
1208 2040 2105 1961
1209 2333 2335 2301
1210 2363 2379 2343
1211 2128 2202 2198
1212 2215 2271 2261
1213 1961 2083 2039
1214 2320 2354 2335
1215 2198 2231 2136
1216 1850 1902 1797
1217 1903 1948 1915
1218 1977 2041 1964
1219 1644 1742 1727
1220 1997 2013 1965
1221 2019 2123 2041
1222 2173 2232 2210
1223 1573 1688 1683
1224 2134 2233 2195
1225 2358 2377 2372
1226 2376 2383 2372
1227 2286 2313 2268
2 20 3 1100
1228 1350 1401 1307 1306
1229 1360 1402 1329 1328
1230 1373 1389 1322 1321
1231 1375 1396 1304 1303
1232 1369 1398 122 123
1233 1372 1394 1317 1316
1234 1374 1399 1312 1311
1235 1400 1363 105 106
1236 1395 1356 131 132
1237 1403 1395 132 133
1238 1371 1387 1299 1298
1239 1388 1346 115 116
1240 1351 1397 110 111
1241 2217 2249 2187 2150
1242 2249 2217 2273 2304
1243 1675 1599 1722 1774
1244 1523 1417 1599 1675
1245 1979 1930 2020 2065
1246 1525 1423 1598 1676
1247 1781 1708 1826 1883
1248 1522 1419 1591 1673
1249 1985 1921 2010 2064
1250 1673 1591 1708 1781
1251 1883 1826 1930 1979
1252 2143 2098 2197 2230
1253 2064 2010 2098 2143
1254 2006 2069 1976 1911
1255 1771 1694 1805 1881
1256 1521 1424 1600 1674
1257 1886 1806 1931 1982
1258 2022 2067 1982 1931
1259 1558 1421 1537 1667
1260 2021 1932 1980 2068
1261 1690 1558 1667 1775
1262 1672 1562 1694 1771
1263 1881 1805 1911 1976
1264 1776 1723 1806 1886
1265 1890 1830 1921 1985
1266 1674 1600 1723 1776
1267 1524 1422 1562 1672
1268 2069 2006 2113 2163
1269 1590 1428 1536 1668
1270 2104 2145 2067 2022
1271 1590 1668 1777 1705
1272 1430 1528 1670 1604
1273 1425 1527 1669 1603
1274 1418 1526 1671 1601
1275 1601 1671 1773 1725
1276 1603 1669 1778 1706
1277 2022 1966 2080 2104
1278 1779 1723 1600 1677
1279 1723 1779 1887 1806
1280 1931 1912 1966 2022
1281 1931 1806 1887 1912
1282 1706 1778 1882 1828
1283 1424 1529 1677 1600
1284 1725 1773 1888 1814
1285 1814 1888 1980 1932
1286 1936 2025 1987 1880
1287 1676 1598 1726 1784
1288 1784 1726 1830 1890
1289 1690 1775 1892 1831
1290 2110 2052 2150 2187
1291 1929 1825 1891 1978
1292 2111 2141 2214 2179
1293 2253 2218 2275 2306
1294 2325 2350 2306 2275
1295 2188 2147 2218 2253
1296 2147 2188 2115 2074
1297 2117 2029 2071 2149
1298 1989 2071 2029 1926
1299 2190 2117 2149 2219
1300 2274 2324 2305 2250
1301 2250 2190 2219 2274
1302 2026 1972 2074 2115
1303 2327 2307 2349 2363
1304 2191 2221 2156 2140
1305 2221 2191 2251 2277
1306 2277 2251 2307 2327
1307 2352 2322 2267 2309
1308 2360 2366 2322 2352
1309 2309 2267 2206 2247
1310 2213 2207 2272 2248
1311 1913 1823 1878 1973
1312 1855 1746 1834 1933
1313 2075 2148 2114 2017
1314 2224 2280 2239 2167
1315 2167 2114 2148 2224
1316 1984 2070 2004 1920
1317 1815 1709 1784 1890
1318 1827 1691 1764 1894
1319 1807 1692 1782 1889
1320 1696 1566 1656 1783
1321 2297 2238 2279 2328
1322 2238 2176 2223 2279
1323 2176 2099 2152 2223
1324 1748 1628 1715 1832
1325 1746 1626 1713 1834
1326 1857 1748 1832 1935
1327 2384 2357 2373 2387
1328 2357 2315 2351 2373
1329 2262 2201 2248 2308
1330 2315 2262 2308 2351
1331 2364 2329 2346 2378
1332 1360 1440 1499 1527
1333 1369 1433 1497 1526
1334 1375 1450 1503 1528
1335 1948 1829 1884 1977
1336 1783 1884 1829 1696
1337 1724 1597 1657 1786
1338 2100 2001 2062 2153
1339 2177 2100 2153 2225
1340 2234 2177 2225 2281
1341 2330 2365 2338 2290
1342 2290 2234 2281 2330
1343 2272 2207 2250 2305
1344 2190 2250 2207 2126
1345 2126 2046 2117 2190
1346 1650 1571 1716 1715
1347 1330 1457 1366 1331
1348 134 1459 1403 133
1349 1310 1447 1374 1311
1350 1308 1451 1370 1309
1351 1305 1446 1350 1306
1352 1332 1458 1380 1333
1353 1302 1450 1375 1303
1354 1313 1442 1341 1314
1355 109 1452 1359 108
1356 107 1455 1400 106
1357 1325 1439 1390 1326
1358 1320 1437 1373 1321
1359 114 1453 1386 113
1360 136 1449 1361 135
1361 1323 1438 1347 1324
1362 1327 1440 1360 1328
1363 1318 1444 1343 1319
1364 1300 1443 1357 1301
1365 1315 1436 1372 1316
1366 112 1445 1351 111
1367 121 1456 1342 120
1368 104 1454 1377 103
1369 124 1433 1369 123
1370 117 1448 1388 116
1371 119 1432 1391 118
1372 130 1435 1393 129
1373 126 1434 1392 125
1374 128 1441 1344 127
1375 1918 1808 1885 1981
1376 1698 1560 1665 1788
1377 1707 1602 1666 1780
1378 1780 1885 1808 1707
1379 2226 2276 2256 2178
1380 1664 1530 1583 1720
1381 1687 1573 1590 1705
1382 1428 1590 1573 1504
1383 2226 2167 2239 2276
1384 2155 2114 2167 2226
1385 1835 1758 1869 1937
1386 2028 1952 2045 2112
1387 1889 1815 1910 1984
1388 2220 2186 2246 2288
1389 1875 1807 1920 1989
1390 2274 2240 2295 2324
1391 2219 2169 2240 2274
1392 1909 1986 1876 1820
1393 2149 2092 2169 2219
1394 2172 2216 2146 2095
1395 1893 1816 1919 1983
1396 2070 2009 2095 2146
1397 1983 1919 2002 2066
1398 1787 1693 1820 1876
1399 1986 1909 2011 2077
1400 2154 2097 2186 2220
1401 2077 2011 2097 2154
1402 2066 2002 2109 2144
1403 1699 1766 1654 1592
1404 1667 1597 1724 1775
1405 1639 1720 1583 1486
1406 2147 2100 2177 2218
1407 2100 2147 2074 2001
1408 2290 2325 2275 2234
1409 2234 2275 2218 2177
1410 1597 1667 1537 1534
1411 1566 1668 1536 1535
1412 1779 1701 1853 1887
1413 1677 1567 1701 1779
1414 1709 1561 1676 1784
1415 1780 1691 1827 1885
1416 1885 1827 1906 1981
1417 2375 2382 2362 2340
1418 2326 2294 2340 2362
1419 2294 2326 2278 2235
1420 1859 1917 1879 1804
1421 2048 2108 2024 1955
1422 2184 2129 2204 2252
1423 2108 2048 2129 2184
1424 1917 1859 1955 2024
1425 1804 1879 1833 1785
1426 1861 1753 1825 1929
1427 2309 2264 2321 2352
1428 2178 2214 2141 2089
1429 1882 1823 1913 1968
1430 1778 1698 1823 1882
1431 1670 1605 1697 1770
1432 1770 1697 1810 1891
1433 1891 1810 1938 1978
1434 1888 1808 1918 1980
1435 1980 1918 1999 2068
1436 1671 1602 1707 1773
1437 2150 2099 2176 2217
1438 2217 2176 2238 2273
1439 2297 2320 2273 2238
1440 2099 2150 2052 2018
1441 2054 1958 2012 2122
1442 1708 1628 1748 1826
1443 1722 1626 1746 1824
1444 1930 1857 1962 2020
1445 1599 1554 1626 1722
1446 1826 1748 1857 1930
1447 1591 1556 1628 1708
1448 1554 1599 1417 1515
1449 1556 1591 1419 1501
1450 2307 2262 2315 2349
1451 2349 2315 2357 2370
1452 2251 2201 2262 2307
1453 2201 2251 2191 2165
1454 1758 1835 1712 1627
1455 1696 1777 1668 1566
1456 2296 2237 2277 2327
1457 2169 2092 2146 2216
1458 2240 2169 2216 2285
1459 2237 2166 2221 2277
1460 2327 2363 2343 2296
1461 2156 2221 2166 2088
1462 2011 1909 1982 2067
1463 1909 1820 1886 1982
1464 1820 1693 1776 1886
1465 2067 2145 2097 2011
1466 2095 2009 2064 2143
1467 2172 2095 2143 2230
1468 1919 1816 1883 1979
1469 2002 1919 1979 2065
1470 1693 1559 1674 1776
1471 1716 1571 1675 1774
1472 1920 1807 1889 1984
1473 2092 2004 2070 2146
1474 1816 1699 1781 1883
1475 1910 1815 1890 1985
1476 1985 2064 2009 1910
1477 1626 1554 1661 1713
1478 1628 1556 1650 1715
1479 1601 1725 1627 1555
1480 2249 2304 2265 2203
1481 2187 2249 2203 2151
1482 1669 1560 1698 1778
1483 2340 2294 2322 2366
1484 2267 2322 2294 2235
1485 2206 2267 2235 2183
1486 1952 2028 1937 1869
1487 1766 1699 1816 1893
1488 1663 1561 1709 1782
1489 1693 1787 1653 1559
1490 1673 1781 1699 1592
1491 2045 1952 2021 2111
1492 2111 2179 2130 2045
1493 1725 1814 1758 1627
1494 1761 1635 1706 1828
1495 1869 1758 1814 1932
1496 1932 2021 1952 1869
1497 1635 1569 1603 1706
1498 1690 1831 1804 1785
1499 1859 1804 1831 1928
1500 2323 2266 2306 2350
1501 1558 1690 1785 1659
1502 1955 1859 1928 2026
1503 2115 2188 2129 2048
1504 2253 2306 2266 2204
1505 2204 2129 2188 2253
1506 2048 1955 2026 2115
1507 1773 1707 1808 1888
1508 2254 2164 2222 2278
1509 2142 2222 2164 2086
1510 2339 2365 2330 2292
1511 1988 2027 1934 1856
1512 1856 1934 1822 1747
1513 1807 1875 1757 1692
1514 1884 1813 1922 1977
1515 1783 1717 1813 1884
1516 1782 1709 1815 1889
1517 1989 1920 2004 2071
1518 2071 2004 2092 2149
1519 2009 2070 1984 1910
1520 1922 1813 1881 1976
1521 1813 1717 1771 1881
1522 1785 1833 1719 1659
1523 1627 1712 1658 1555
1524 2072 1998 2088 2152
1525 2152 2088 2166 2223
1526 2223 2166 2237 2279
1527 2279 2237 2296 2328
1528 1998 2072 1975 1905
1529 1775 1724 1821 1892
1530 2072 2152 2099 2018
1531 1998 1905 1987 2078
1532 1921 1861 1958 2010
1533 1830 1753 1861 1921
1534 2010 1958 2054 2098
1535 2098 2054 2137 2197
1536 2351 2329 2364 2373
1537 2373 2364 2380 2387
1538 2329 2351 2308 2303
1539 2116 2046 2126 2189
1540 2046 2116 2016 1953
1541 1824 1746 1855 1936
1542 1936 1855 1970 2025
1543 1832 1769 1868 1935
1544 1934 2027 1951 1877
1545 2158 2091 2170 2211
1546 2073 2023 2091 2158
1547 2023 2073 1973 1908
1548 2222 2183 2235 2278
1549 1726 1632 1753 1830
1550 2371 2339 2362 2382
1551 2326 2362 2339 2292
1552 2278 2326 2292 2254
1553 2028 2112 2076 1988
1554 1988 1856 1937 2028
1555 2155 2226 2178 2089
1556 2090 2148 2075 2003
1557 2245 2280 2224 2168
1558 2003 2075 1971 1927
1559 2164 2225 2153 2086
1560 2225 2164 2254 2281
1561 2281 2254 2292 2330
1562 1834 1768 1867 1933
1563 2185 2151 2203 2255
1564 1983 2066 2023 1908
1565 2091 2023 2066 2144
1566 1893 1983 1908 1803
1567 1917 2024 2063 1974
1568 2116 2189 2131 2060
1569 2029 2117 2046 1953
1570 2252 2204 2266 2313
1571 1835 1937 1856 1747
1572 1911 1974 2063 2006
1573 1878 1803 1908 1973
1574 2061 2017 2114 2155
1575 2113 2094 2132 2182
1576 2245 2168 2220 2288
1577 2090 2003 2077 2154
1578 2154 2220 2168 2090
1579 2088 1998 2078 2156
1580 2132 2094 2108 2184
1581 2148 2090 2168 2224
1582 2329 2303 2317 2346
1583 1986 2077 2003 1927
1584 2321 2264 2302 2354
1585 2325 2290 2338 2368
1586 2201 2165 2213 2248
1587 1329 1402 1457 1330
1588 110 1397 1452 109
1589 135 1361 1459 134
1590 1312 1399 1442 1313
1591 1304 1396 1446 1305
1592 1301 1357 1450 1302
1593 1331 1366 1458 1332
1594 1309 1370 1447 1310
1595 1307 1401 1451 1308
1596 137 1381 1449 136
1597 115 1346 1453 114
1598 108 1359 1455 107
1599 103 1377 1460 102
1600 105 1363 1454 104
1601 1324 1347 1439 1325
1602 1299 1387 1443 1300
1603 1319 1343 1437 1320
1604 113 1386 1445 112
1605 1314 1341 1436 1315
1606 1322 1389 1438 1323
1607 1317 1394 1444 1318
1608 1326 1390 1440 1327
1609 125 1392 1433 124
1610 120 1342 1432 119
1611 122 1398 1456 121
1612 118 1391 1448 117
1613 131 1356 1435 130
1614 127 1344 1434 126
1615 129 1393 1441 128
1616 1508 1458 1366 1594
1617 1503 1450 1357 1593
1618 1497 1433 1392 1596
1619 1499 1440 1390 1595
1620 1401 1350 1423 1525
1621 1425 1402 1360 1527
1622 1397 1351 1422 1524
1623 1430 1396 1375 1528
1624 1387 1371 1485 1533
1625 1389 1373 1419 1522
1626 1394 1372 1417 1523
1627 1356 1395 1424 1521
1628 1421 1346 1388 1537
1629 1428 1363 1400 1536
1630 1418 1398 1369 1526
1631 1589 1514 1459 1361
1632 1587 1492 1447 1370
1633 1525 1513 1451 1401
1634 1586 1486 1441 1393
1635 1588 1535 1455 1359
1636 1584 1531 1439 1347
1637 1523 1500 1444 1394
1638 1585 1534 1448 1391
1639 1522 1498 1438 1389
1640 1533 1532 1443 1387
1641 1524 1502 1452 1397
1642 1583 1530 1434 1344
1643 1582 1493 1432 1342
1644 1521 1512 1435 1356
1645 1402 1425 1520 1457
1646 1346 1421 1518 1453
1647 1398 1418 1517 1456
1648 1535 1588 1656 1566
1649 1534 1585 1657 1597
1650 1497 1596 1666 1602
1651 1665 1560 1499 1595
1652 1721 1580 1492 1655
1653 1513 1561 1663 1587
1654 1652 1593 1532 1617
1655 1654 1584 1498 1592
1656 1512 1559 1653 1586
1657 1655 1692 1757 1721
1658 1442 1399 1572 1516
1659 1504 1454 1363 1428
1660 1366 1457 1520 1594
1661 1370 1451 1513 1587
1662 1374 1447 1492 1580
1663 1359 1452 1502 1588
1664 1361 1449 1496 1589
1665 1386 1453 1518 1579
1666 1342 1456 1517 1582
1667 1357 1443 1532 1593
1668 1344 1441 1486 1583
1669 1341 1442 1516 1577
1670 1390 1439 1531 1595
1671 1343 1444 1500 1578
1672 1393 1435 1512 1586
1673 1392 1434 1530 1596
1674 1347 1438 1498 1584
1675 1391 1432 1493 1585
1676 1388 1448 1534 1537
1677 1400 1455 1535 1536
1678 1580 1572 1399 1374
1679 1430 1511 1446 1396
1680 1579 1519 1445 1386
1681 1578 1501 1437 1343
1682 1577 1515 1436 1341
1683 1395 1403 1529 1424
1684 1721 1757 1772 1636
1685 1581 1656 1588 1502
1686 1651 1657 1585 1493
1687 1514 1529 1403 1459
1688 1664 1666 1596 1530
1689 1528 1503 1605 1670
1690 1527 1499 1560 1669
1691 1526 1497 1602 1671
1692 1662 1767 1694 1562
1693 1519 1662 1562 1422
1694 1529 1514 1567 1677
1695 1593 1652 1605 1503
1696 1501 1578 1650 1556
1697 1515 1577 1661 1554
1698 1587 1663 1655 1492
1699 1586 1653 1639 1486
1700 1666 1664 1691 1780
1701 1561 1513 1525 1676
1702 1581 1502 1524 1672
1703 1571 1500 1523 1675
1704 1559 1512 1521 1674
1705 1592 1498 1522 1673
1706 1692 1655 1663 1782
1707 1611 1377 1454 1504
1708 1520 1569 1647 1594
1709 1719 1579 1518 1659
1710 1517 1555 1658 1582
1711 1660 1703 1713 1661
1712 1350 1446 1511 1423
1713 1351 1445 1519 1422
1714 1373 1437 1501 1419
1715 1372 1436 1515 1417
1716 1636 1572 1580 1721
1717 1660 1661 1577 1516
1718 1571 1650 1578 1500
1719 1572 1636 1660 1516
1720 1563 1604 1704 1632
1721 1771 1717 1581 1672
1722 1703 1660 1636 1772
1723 1511 1563 1598 1423
1724 1569 1520 1425 1603
1725 1659 1518 1421 1558
1726 1555 1517 1418 1601
1727 1582 1658 1651 1493
1728 1531 1714 1665 1595
1729 1712 1702 1651 1658
1730 1579 1719 1662 1519
1731 1514 1589 1646 1567
1732 1664 1720 1764 1691
1733 1767 1662 1719 1833
1734 1861 1929 2012 1958
1735 1770 1704 1604 1670
1736 1825 1704 1770 1891
1737 1718 1764 1720 1639
1738 1657 1651 1702 1786
1739 1714 1531 1584 1654
1740 1718 1639 1653 1787
1741 1656 1581 1717 1783
1742 1812 1769 1716 1774
1743 1563 1511 1430 1604
1744 1704 1825 1753 1632
1745 1598 1563 1632 1726
1746 2019 1922 1976 2069
1747 1868 1905 1975 1935
1748 1962 2018 2052 2020
1749 2185 2144 2109 2151
1750 2261 2211 2170 2215
1751 1824 1812 1774 1722
1752 1880 1812 1824 1936
1753 2110 2065 2020 2052
1754 2108 2094 2063 2024
1755 1866 1974 1911 1805
1756 1878 1788 1765 1803
1757 1715 1716 1769 1832
1758 1879 1866 1767 1833
1759 1766 1765 1714 1654
1760 1812 1880 1868 1769
1761 1811 1768 1703 1772
1762 2018 1962 1975 2072
1763 1905 1868 1880 1987
1764 1935 1975 1962 1857
1765 2065 2110 2109 2002
1766 2151 2109 2110 2187
1767 2144 2185 2170 2091
1768 2215 2170 2185 2255
1769 1605 1652 1789 1697
1770 1875 1811 1772 1757
1771 2007 1913 1973 2073
1772 1788 1878 1823 1698
1773 1713 1703 1768 1834
1774 1702 1747 1822 1786
1775 1665 1714 1765 1788
1776 1694 1767 1866 1805
1777 1974 1866 1879 1917
1778 2006 2063 2094 2113
1779 2142 2086 2076 2112
1780 1803 1765 1766 1893
1781 2227 2132 2184 2252
1782 1821 1877 1916 1892
1783 2062 2001 1951 2027
1784 2130 2179 2206 2183
1785 1892 1916 1928 1831
1786 1928 1916 1972 2026
1787 1876 1801 1718 1787
1788 1786 1822 1821 1724
1789 1747 1702 1712 1835
1790 1971 1894 1801 1927
1791 1877 1821 1822 1934
1792 2062 2076 2086 2153
1793 2130 2142 2112 2045
1794 1951 1972 1916 1877
1795 2076 2062 2027 1988
1796 2061 1981 1906 2017
1797 2142 2130 2183 2222
1798 1972 1951 2001 2074
1799 2141 2068 1999 2089
1800 2068 2141 2111 2021
1801 1764 1718 1801 1894
1802 2017 1906 1971 2075
1803 1894 1971 1906 1827
1804 1981 2061 1999 1918
1805 1927 1801 1876 1986
1806 2089 1999 2061 2155
1807 2317 2303 2272 2305
1808 2016 1933 1867 1953
1809 2107 2025 1970 2060
1810 2213 2165 2131 2189
1811 2348 2317 2305 2324
1812 1926 1811 1875 1989
1813 2025 2107 2078 1987
1814 2078 2107 2140 2156
1815 2248 2272 2303 2308
1816 1811 1926 1867 1768
1817 2344 2348 2324 2295
1818 1953 1867 1926 2029
1819 1933 2016 1970 1855
1820 2060 1970 2016 2116
1821 2131 2140 2107 2060
1822 2207 2213 2189 2126
1823 2140 2131 2165 2191
1824 2302 2264 2256 2276
1825 2179 2214 2247 2206
1826 2247 2256 2264 2309
1827 2256 2247 2214 2178
1828 2301 2302 2276 2239
1829 2302 2301 2335 2354
1830 2298 2345 2331 2283
1831 2283 2200 2242 2298
1832 2175 2242 2200 2127
1833 1680 1565 1700 1759
1834 1565 1680 1540 1426
1835 1379 101 102 1460
1836 1546 1365 1416 1427
1837 1652 1617 1727 1789
1838 1689 1557 1641 1797
1839 1802 1689 1797 1902
1840 1506 1641 1557 1420
1841 2015 1924 1865 1990
1842 1634 1730 1837 1755
1843 2073 2158 2101 2007
1844 1793 1836 1939 1860
1845 1682 1728 1836 1793
1846 1838 1940 1858 1749
1847 1491 1610 1730 1634
1848 1547 1608 1728 1682
1849 1495 1607 1729 1637
1850 1843 1752 1897 1941
1851 1733 1631 1752 1843
1852 1836 1750 1895 1939
1853 1728 1630 1750 1836
1854 1864 1946 1845 1795
1855 1735 1685 1795 1845
1856 1995 2032 1946 1864
1857 1896 1940 1838 1791
1858 1734 1629 1791 1838
1859 1940 1896 1992 2033
1860 1631 1733 1613 1490
1861 1630 1728 1608 1488
1862 1614 1487 1629 1734
1863 1607 1538 1678 1729
1864 1615 1549 1685 1735
1865 1616 1551 1686 1736
1866 1606 1507 1643 1742
1867 1538 1607 1463 1376
1868 1490 1613 1467 1354
1869 1487 1614 1470 1349
1870 1549 1615 1471 1410
1871 1488 1608 1468 1348
1872 1551 1616 1476 1411
1873 1507 1606 1466 1405
1874 1790 1837 1730 1679
1875 1679 1730 1610 1539
1876 1494 1609 1473 1378
1877 1539 1610 1477 1409
1878 2282 2311 2258 2208
1879 2229 2257 2193 2157
1880 2193 2257 2228 2161
1881 1907 1997 1873 1802
1882 2034 1994 2079 2119
1883 2119 2079 2136 2192
1884 1994 2034 1949 1860
1885 2106 2033 1992 2051
1886 1413 1261 1262 1345
1887 1243 1244 1362 1384
1888 1258 1259 1412 1410
1889 1925 1840 1759 1872
1890 1276 1277 1414 1358
1891 1354 1467 1251 1252
1892 1355 1474 1247 1248
1893 1376 1463 1265 1266
1894 1406 1464 1273 1274
1895 1348 1468 1255 1256
1896 1349 1470 1267 1268
1897 1384 1469 1242 1243
1898 1410 1471 1257 1258
1899 1413 1465 1260 1261
1900 1411 1476 1269 1270
1901 1405 1466 1245 1246
1902 1754 1842 1732 1640
1903 1907 1802 1902 1967
1904 2087 2118 2175 2127
1905 2087 2008 2059 2118
1906 1944 1862 1991 2031
1907 1862 1944 1839 1794
1908 1794 1839 1741 1633
1909 2079 1994 2037 2124
1910 1959 2038 1947 1871
1911 2136 2079 2124 2198
1912 1283 2 101 1379
1913 1954 2030 1942 1858
1914 1254 1255 1468 1408
1915 1250 1251 1467 1409
1916 1264 1265 1463 1407
1917 1272 1273 1464 1353
1918 1241 1242 1469 1385
1919 1244 1245 1466 1362
1920 1259 1260 1465 1412
1921 1612 1540 1680 1731
1922 1731 1680 1759 1840
1923 2283 2331 2291 2263
1924 1257 1471 1348 1256
1925 1247 1474 1405 1246
1926 1267 1470 1376 1266
1927 1269 1476 1349 1268
1928 2121 2053 2135 2196
1929 2331 2367 2342 2291
1930 2196 2135 2208 2258
1931 1613 1733 1679 1539
1932 2157 2193 2106 2051
1933 1615 1735 1630 1488
1934 1614 1734 1678 1538
1935 1616 1736 1629 1487
1936 1733 1843 1790 1679
1937 1872 1915 1969 1925
1938 2125 2084 2138 2194
1939 1750 1630 1735 1845
1940 1552 1460 1377 1611
1941 1624 1550 1681 1740
1942 1961 2039 1945 1863
1943 1845 1946 1895 1750
1944 2320 2335 2304 2273
1945 1740 1681 1792 1852
1946 1550 1420 1557 1681
1947 1681 1557 1689 1792
1948 1792 1689 1802 1873
1949 1852 1792 1873 1950
1950 2161 2050 2106 2193
1951 2341 2323 2350 2359
1952 2033 2106 2050 1954
1953 1449 1381 1541 1496
1954 1754 1640 1731 1840
1955 1408 1468 1608 1547
1956 1407 1463 1607 1495
1957 1362 1466 1606 1542
1958 1540 1358 1414 1426
1959 2359 2350 2325 2368
1960 1505 1612 1731 1640
1961 1385 1297 1238 1241
1962 2161 2228 2171 2096
1963 1378 1473 1280 1281
1964 1353 1480 1271 1272
1965 1358 1479 1275 1276
1966 1407 1475 1263 1264
1967 1409 1477 1249 1250
1968 1408 1478 1253 1254
1969 1364 1472 1278 1279
1970 1467 1613 1539 1409
1971 2093 2157 2051 2005
1972 1470 1614 1538 1376
1973 1471 1615 1488 1348
1974 1476 1616 1487 1349
1975 1540 1612 1479 1358
1976 2157 2093 2180 2229
1977 2032 1995 2053 2121
1978 1426 1553 1684 1565
1979 1460 1552 1481 1379
1980 1732 1842 1794 1633
1981 2035 2082 2038 1959
1982 1991 1862 1947 2038
1983 2124 2047 2128 2198
1984 2047 2124 2037 1956
1985 1925 1969 1959 1871
1986 2258 2311 2337 2202
1987 1967 2059 2008 1907
1988 1872 1759 1700 1819
1989 1298 1297 1385 1371
1990 1940 2033 1954 1858
1991 1279 1280 1473 1364
1992 1274 1275 1479 1406
1993 1270 1271 1480 1411
1994 1262 1263 1475 1345
1995 1248 1249 1477 1355
1996 1252 1253 1478 1354
1997 1277 1278 1472 1414
1998 2310 2332 2289 2243
1999 1631 1738 1851 1752
2000 1752 1851 1949 1897
2001 1641 1737 1850 1797
2002 1378 1481 1552 1494
2003 2056 2081 2120 2159
2004 1490 1622 1738 1631
2005 1618 1644 1727 1617
2006 1506 1620 1737 1641
2007 1993 1904 1817 1924
2008 1510 1368 1383 1483
2009 2056 2159 2093 2005
2010 1737 1637 1796 1850
2011 1738 1682 1793 1851
2012 1462 1365 1546 1576
2013 1851 1793 1860 1949
2014 1620 1495 1637 1737
2015 1622 1547 1682 1738
2016 1507 1623 1739 1643
2017 1568 1649 1544 1429
2018 1364 1473 1609 1548
2019 1413 1345 1506 1420
2020 1461 1404 1429 1544
2021 1739 1634 1755 1841
2022 2030 1996 1901 1942
2023 1532 1533 1618 1617
2024 1915 1872 1819 1903
2025 1368 1510 1429 1404
2026 1282 1283 1379 1481
2027 2284 2236 2293 2334
2028 1285 1383 1368 1286
2029 1286 1368 1404 1287
2030 1291 1416 1365 1292
2031 1623 1491 1634 1739
2032 1740 1685 1549 1624
2033 1504 1573 1683 1611
2034 1352 1289 1288 1461
2035 1367 1294 1293 1462
2036 1852 1795 1685 1740
2037 1290 1484 1416 1291
2038 1645 1546 1427 1564
2039 1542 1431 1384 1362
2040 1950 1864 1795 1852
2041 2047 1956 2032 2121
2042 2128 2047 2121 2196
2043 1543 1545 1484 1352
2044 2348 2361 2346 2317
2045 1355 1477 1610 1491
2046 1406 1479 1612 1505
2047 1648 1545 1543 1575
2048 1887 1853 1943 1912
2049 1944 2031 1957 1870
2050 1754 1840 1925 1871
2051 1281 1282 1481 1378
2052 2334 2298 2242 2284
2053 1844 1749 1858 1942
2054 1854 1751 1870 2044
2055 1411 1480 1621 1551
2056 1354 1478 1622 1490
2057 1763 1648 1575 1710
2058 1345 1475 1620 1506
2059 1489 1621 1480 1353
2060 1495 1620 1475 1407
2061 1547 1622 1478 1408
2062 2162 2049 2119 2192
2063 2049 1960 2034 2119
2064 2348 2344 2353 2361
2065 1284 1415 1383 1285
2066 1619 1505 1640 1732
2067 1380 1415 1334 1333
2068 1239 1334 1415 1284
2069 1420 1550 1465 1413
2070 1762 1848 1903 1819
2071 2319 2312 2318 2353
2072 2236 2171 2228 2270
2073 1899 1938 1810 1846
2074 1427 1416 1484 1545
2075 1817 1756 1865 1924
2076 1794 1842 1947 1862
2077 2312 2263 2291 2318
2078 1489 1619 1732 1633
2079 2386 2381 2371 2384
2080 2058 1993 1924 2015
2081 1404 1461 1288 1287
2082 1365 1462 1293 1292
2083 1352 1484 1290 1289
2084 2128 2196 2258 2202
2085 2209 2259 2199 2133
2086 1839 1944 1870 1751
2087 2102 2013 2008 2087
2088 1575 1543 1544 1649
2089 1353 1464 1619 1489
2090 1405 1474 1623 1507
2091 1914 1990 1865 1900
2092 2181 2102 2087 2127
2093 1461 1544 1543 1352
2094 2268 2310 2243 2205
2095 1462 1576 1509 1367
2096 2135 2102 2181 2208
2097 2102 2135 2053 2013
2098 2263 2244 2200 2283
2099 1505 1619 1464 1406
2100 1491 1623 1474 1355
2101 1678 1734 1838 1749
2102 1945 2039 1963 1898
2103 1553 1472 1364 1548
2104 1472 1553 1426 1414
2105 2013 2053 1995 1965
2106 1371 1385 1469 1485
2107 1842 1754 1871 1947
2108 1412 1465 1550 1624
2109 1996 1967 1902 1901
2110 1382 138 4 1296
2111 138 1382 1381 137
2112 1790 1843 1941 1863
2113 2359 2377 2347 2341
2114 2331 2345 2374 2367
2115 2268 2205 2259 2286
2116 1551 1621 1741 1686
2117 1796 1844 1942 1901
2118 2333 2301 2239 2280
2119 2372 2368 2338 2376
2120 1959 1969 2036 2035
2121 2236 2284 2212 2171
2122 1510 1574 1568 1429
2123 1621 1489 1633 1741
2124 1637 1729 1844 1796
2125 1384 1431 1485 1469
2126 1624 1549 1410 1412
2127 2227 2209 2182 2132
2128 1755 1837 1945 1898
2129 1415 1380 1483 1383
2130 2280 2245 2300 2333
2131 2195 2186 2097 2145
2132 2175 2212 2284 2242
2133 2194 2133 2120 2125
2134 2383 2388 2374 2369
2135 1729 1678 1749 1844
2136 2365 2381 2376 2338
2137 1895 1946 2032 1956
2138 1684 1553 1548 1625
2139 2120 2081 2082 2125
2140 1964 2036 1969 1915
2141 2316 2347 2377 2358
2142 2259 2209 2227 2286
2143 2104 2134 2195 2145
2144 1837 1790 1863 1945
2145 2181 2244 2282 2208
2146 1846 1810 1697 1789
2147 2174 2233 2134 2160
2148 1545 1648 1564 1427
2149 1818 1853 1701 1799
2150 1829 1948 1903 1848
2151 1800 1761 1900 1849
2152 2057 2096 2139 2000
2153 2044 1896 1791 1854
2154 1900 1865 1756 1849
2155 2049 2105 2040 1960
2156 1860 1939 2037 1994
2157 2082 2035 2084 2125
2158 2123 2084 2035 2036
2159 1508 1483 1380 1458
2160 1762 1705 1777 1848
2161 2173 2197 2137 2162
2162 1611 1683 1494 1552
2163 1828 1914 1900 1761
2164 2312 2282 2244 2263
2165 1635 1761 1800 1743
2166 1381 1382 1482 1541
2167 2210 2230 2197 2173
2168 2056 2005 1957 2031
2169 2104 2080 2103 2134
2170 2122 2105 2137 2054
2171 1643 1739 1841 1798
2172 1968 1914 1828 1882
2173 2082 2081 1991 2038
2174 2171 2212 2139 2096
2175 1939 1895 1956 2037
2176 2118 2139 2212 2175
2177 2036 1964 2041 2123
2178 2122 2012 2042 2083
2179 1727 1798 1846 1789
2180 2172 2260 2285 2216
2181 2007 2014 1968 1913
2182 2260 2172 2230 2210
2183 1609 1494 1683 1688
2184 1609 1688 1625 1548
2185 1755 1898 1899 1841
2186 2319 2311 2282 2312
2187 1509 1576 1638 1570
2188 1568 1642 1711 1649
2189 2050 2057 2030 1954
2190 2388 2380 2367 2374
2191 1848 1777 1696 1829
2192 1367 1482 1295 1294
2193 1533 1485 1431 1618
2194 2211 2174 2101 2158
2195 1760 1645 1564 1695
2196 1710 1756 1817 1763
2197 2083 1961 2105 2122
2198 2000 2139 2118 2059
2199 2369 2374 2345 2356
2200 1967 1996 2000 2059
2201 2093 2159 2199 2180
2202 2377 2359 2368 2372
2203 1695 1564 1648 1763
2204 1483 1508 1574 1510
2205 1904 1993 1923 1809
2206 2101 2174 2160 2055
2207 1853 1818 1874 1943
2208 1700 1745 1762 1819
2209 1686 1741 1839 1751
2210 1295 1482 1382 1296
2211 2347 2316 2293 2314
2212 2332 2314 2270 2289
2213 2180 2199 2259 2205
2214 2370 2379 2363 2349
2215 1854 1791 1629 1736
2216 1647 1574 1508 1594
2217 1863 1941 2040 1961
2218 2240 2285 2269 2295
2219 1496 1570 1646 1589
2220 1992 1957 2005 2051
2221 2289 2270 2228 2257
2222 1897 1949 2034 1960
2223 2385 2378 2346 2361
2224 2057 2000 1996 2030
2225 2244 2181 2127 2200
2226 1993 2058 2043 1923
2227 2031 1991 2081 2056
2228 1509 1541 1482 1367
2229 2231 2198 2202 2287
2230 2096 2057 2050 2161
2231 2381 2365 2339 2371
2232 2163 2123 2019 2069
2233 2380 2364 2378 2367
2234 2265 2304 2335 2333
2235 2291 2342 2385 2318
2236 2358 2372 2383 2369
2237 1542 1644 1618 1431
2238 2287 2299 2269 2241
2239 2314 2293 2236 2270
2240 1995 1864 1950 1965
2241 2103 2015 2055 2160
2242 1705 1762 1745 1687
2243 1576 1546 1645 1638
2244 2332 2341 2347 2314
2245 2257 2229 2243 2289
2246 1649 1711 1710 1575
2247 1710 1711 1849 1756
2248 1541 1509 1570 1496
2249 2337 2353 2344 2299
2250 2232 2192 2136 2231
2251 2271 2288 2246 2261
2252 2320 2297 2355 2354
2253 1736 1686 1751 1854
2254 1800 1711 1642 1743
2255 1874 1760 1809 1923
2256 1874 1818 1847 1760
2257 1745 1684 1625 1687
2258 2159 2120 2133 2199
2259 2252 2313 2286 2227
2260 2255 2203 2265 2300
2261 2261 2233 2174 2211
2262 2271 2215 2255 2300
2263 2369 2356 2316 2358
2264 2388 2389 2387 2380
2265 1684 1745 1700 1565
2266 2341 2310 2336 2323
2267 2194 2182 2209 2133
2268 2041 1977 1922 2019
2269 1744 1646 1570 1638
2270 2233 2246 2186 2195
2271 1899 1846 1798 1841
2272 2390 2370 2357 2384
2273 2352 2321 2355 2360
2274 1904 1695 1763 1817
2275 1941 1897 1960 2040
2276 2356 2345 2298 2334
2277 1744 1847 1818 1799
2278 2162 2137 2105 2049
2279 2205 2243 2229 2180
2280 1978 1938 1963 2042
2281 2334 2293 2316 2356
2282 2361 2353 2318 2385
2283 1957 1992 2044 1870
2284 2182 2138 2163 2113
2285 2328 2296 2343 2360
2286 2389 2376 2381 2386
2287 2355 2297 2328 2360
2288 1569 1635 1743 1647
2289 1914 1968 2014 1990
2290 1799 1701 1567 1646
2291 1997 1907 2008 2013
2292 1574 1647 1642 1568
2293 1948 1977 1964 1915
2294 2210 2232 2241 2260
2295 2366 2379 2375 2340
2296 2336 2310 2268 2313
2297 2389 2388 2383 2376
2298 1688 1573 1687 1625
2299 2173 2162 2192 2232
2300 1938 1899 1898 1963
2301 1798 1727 1742 1643
2302 2343 2379 2366 2360
2303 1965 1950 1873 1997
2304 1847 1744 1638 1645
2305 1929 1978 2042 2012
2306 2042 1963 2039 2083
2307 1850 1796 1901 1902
2308 1606 1742 1644 1542
2309 1943 2043 1966 1912
2310 2245 2288 2271 2300
2311 2269 2285 2260 2241
2312 2241 2232 2231 2287
2313 1943 1874 1923 2043
2314 2344 2295 2269 2299
2315 2055 2085 2007 2101
2316 2123 2163 2138 2084
2317 2382 2375 2370 2390
2318 2266 2323 2336 2313
2319 2085 2015 1990 2014
2320 2043 2058 2080 1966
2321 2058 2015 2103 2080
2322 1695 1904 1809 1760
2323 2319 2353 2337 2311
2324 2371 2382 2390 2384
2325 2387 2389 2386 2384
2326 2342 2367 2378 2385
2327 2287 2202 2337 2299
2 30 2 14
2328 1285 2394 1284
2329 2397 2430 2428
2330 2415 2421 2393
2331 1336 2412 2407
2332 147 2405 146
2333 2422 2427 2408
2334 2402 2424 2418
2335 2401 2426 2397
2336 2392 2413 2409
2337 2398 2416 2413
2338 2422 2430 2407
2339 1337 2419 6
2340 2406 1338 1339
2341 1338 2406 1240
2 30 3 45
2342 2394 2404 1339 1340
2343 2400 1291 1292 2399
2344 1292 1293 2392 2399
2345 2417 2396 2401 2397
2346 2400 2414 1290 1291
2347 2393 2411 1286 1287
2348 2398 2413 1294 1295
2349 2391 2415 1288 1289
2350 1294 2413 2392 1293
2351 1288 2415 2393 1287
2352 1290 2414 2391 1289
2353 2423 2399 2392 2409
2354 2410 2411 2393 2421
2355 2420 2391 2414 2427
2356 2414 2400 2408 2427
2357 2399 2423 2408 2400
2358 2410 2404 2394 2411
2359 4 145 2403 1296
2360 2410 2402 2395 2404
2361 1337 1336 2407 2426
2362 2421 2420 2429 2424
2363 2430 2397 2426 2407
2364 1296 2403 2398 1295
2365 1340 1239 1284 2394
2366 2421 2424 2402 2410
2367 2406 2395 1335 1240
2368 2430 2422 2408 2423
2369 2409 2413 2416 2417
2370 2425 2416 2398 2403
2371 2420 2421 2415 2391
2372 2417 2397 2428 2409
2373 2411 2394 1285 1286
2374 2406 1339 2404 2395
2375 2422 2407 2412 2429
2376 2427 2422 2429 2420
2377 1337 2426 2401 2419
2378 146 2405 2396 2425
2379 2423 2409 2428 2430
2380 2418 2412 1336 1335
2381 2412 2418 2424 2429
2382 147 6 2419 2405
2383 2418 1335 2395 2402
2384 2401 2396 2405 2419
2385 145 146 2425 2403
2386 2396 2417 2416 2425
2 40 3 90
2387 2527 2524 2525 2526
2388 2434 2432 2437 2614
2389 2612 2439 2440 2611
2390 2601 2450 2451 2600
2391 2611 2440 2441 2610
2392 2605 2446 2447 2604
2393 2607 2444 2445 2606
2394 2613 2438 2439 2612
2395 2610 2441 2442 2609
2396 2609 2442 2443 2608
2397 2431 2433 2526 2525
2398 2606 2445 2446 2605
2399 2530 2521 2522 2529
2400 2614 2437 2438 2613
2401 2529 2522 2523 2528
2402 2535 2516 2517 2534
2403 2528 2523 2524 2527
2404 2534 2517 2518 2533
2405 2538 2513 2514 2537
2406 2533 2518 2519 2532
2407 2532 2519 2520 2531
2408 2541 2510 2511 2540
2409 2597 2454 2455 2596
2410 2546 2505 2506 2545
2411 2591 2460 2461 2590
2412 2594 2457 2458 2593
2413 2603 2448 2449 2602
2414 2581 2470 2471 2580
2415 2608 2443 2444 2607
2416 2590 2461 2462 2589
2417 2531 2520 2521 2530
2418 2604 2447 2448 2603
2419 2536 2515 2516 2535
2420 2596 2455 2456 2595
2421 2599 2452 2453 2598
2422 2595 2456 2457 2594
2423 2598 2453 2454 2597
2424 2602 2449 2450 2601
2425 2593 2458 2459 2592
2426 2537 2514 2515 2536
2427 2542 2509 2510 2541
2428 2589 2462 2463 2588
2429 2584 2467 2468 2583
2430 2586 2465 2466 2585
2431 2600 2451 2452 2599
2432 2585 2466 2467 2584
2433 2550 2501 2502 2549
2434 2557 2494 2495 2556
2435 2549 2502 2503 2548
2436 2544 2507 2508 2543
2437 2561 2490 2491 2560
2438 2553 2498 2499 2552
2439 2539 2512 2513 2538
2440 2558 2493 2494 2557
2441 2543 2508 2509 2542
2442 2540 2511 2512 2539
2443 2545 2506 2507 2544
2444 2578 2473 2474 2577
2445 2575 2476 2477 2574
2446 2568 2483 2484 2567
2447 2587 2464 2465 2586
2448 2572 2479 2480 2571
2449 2576 2475 2476 2575
2450 2564 2487 2488 2563
2451 2560 2491 2492 2559
2452 2555 2496 2497 2554
2453 2588 2463 2464 2587
2454 2547 2504 2505 2546
2455 2569 2482 2483 2568
2456 2573 2478 2479 2572
2457 2551 2500 2501 2550
2458 2548 2503 2504 2547
2459 2552 2499 2500 2551
2460 2574 2477 2478 2573
2461 2592 2459 2460 2591
2462 2582 2469 2470 2581
2463 2565 2486 2487 2564
2464 2556 2495 2496 2555
2465 2583 2468 2469 2582
2466 2579 2472 2473 2578
2467 2580 2471 2472 2579
2468 2577 2474 2475 2576
2469 2570 2481 2482 2569
2470 2567 2484 2485 2566
2471 2571 2480 2481 2570
2472 2566 2485 2486 2565
2473 2563 2488 2489 2562
2474 2554 2497 2498 2553
2475 2559 2492 2493 2558
2476 2562 2489 2490 2561
2 40 3 90
2477 2553 2554 2643 2642
2478 2599 2600 2689 2688
2479 2630 2541 2542 2631
2480 2627 2538 2539 2628
2481 2606 2607 2696 2695
2482 2529 2530 2619 2618
2483 2619 2530 2531 2620
2484 2536 2537 2626 2625
2485 2620 2531 2532 2621
2486 2640 2551 2552 2641
2487 2623 2534 2535 2624
2488 2610 2611 2700 2699
2489 2616 2527 2528 2617
2490 2603 2604 2693 2692
2491 2435 2433 2526 2615
2492 2434 2436 2703 2614
2493 2550 2551 2640 2639
2494 2615 2526 2527 2616
2495 2700 2611 2612 2701
2496 2635 2546 2547 2636
2497 2621 2532 2533 2622
2498 2607 2608 2697 2696
2499 2624 2535 2536 2625
2500 2628 2539 2540 2629
2501 2613 2614 2703 2702
2502 2633 2544 2545 2634
2503 2537 2538 2627 2626
2504 2622 2533 2534 2623
2505 2549 2550 2639 2638
2506 2632 2543 2544 2633
2507 2558 2559 2648 2647
2508 2555 2556 2645 2644
2509 2557 2558 2647 2646
2510 2554 2555 2644 2643
2511 2528 2529 2618 2617
2512 2637 2548 2549 2638
2513 2629 2540 2541 2630
2514 2631 2542 2543 2632
2515 2636 2547 2548 2637
2516 2552 2553 2642 2641
2517 2634 2545 2546 2635
2518 2578 2579 2668 2667
2519 2579 2580 2669 2668
2520 2581 2582 2671 2670
2521 2594 2595 2684 2683
2522 2591 2592 2681 2680
2523 2587 2588 2677 2676
2524 2561 2562 2651 2650
2525 2588 2589 2678 2677
2526 2597 2598 2687 2686
2527 2604 2605 2694 2693
2528 2589 2590 2679 2678
2529 2585 2586 2675 2674
2530 2590 2591 2680 2679
2531 2595 2596 2685 2684
2532 2608 2609 2698 2697
2533 2605 2606 2695 2694
2534 2612 2613 2702 2701
2535 2564 2565 2654 2653
2536 2562 2563 2652 2651
2537 2592 2593 2682 2681
2538 2600 2601 2690 2689
2539 2609 2610 2699 2698
2540 2596 2597 2686 2685
2541 2601 2602 2691 2690
2542 2586 2587 2676 2675
2543 2593 2594 2683 2682
2544 2598 2599 2688 2687
2545 2602 2603 2692 2691
2546 2559 2560 2649 2648
2547 2560 2561 2650 2649
2548 2582 2583 2672 2671
2549 2556 2557 2646 2645
2550 2574 2575 2664 2663
2551 2566 2567 2656 2655
2552 2568 2569 2658 2657
2553 2563 2564 2653 2652
2554 2573 2574 2663 2662
2555 2565 2566 2655 2654
2556 2567 2568 2657 2656
2557 2583 2584 2673 2672
2558 2584 2585 2674 2673
2559 2576 2577 2666 2665
2560 2571 2572 2661 2660
2561 2572 2573 2662 2661
2562 2580 2581 2670 2669
2563 2575 2576 2665 2664
2564 2577 2578 2667 2666
2565 2570 2571 2660 2659
2566 2569 2570 2659 2658
2 40 2 178
2567 22 21 2630
2568 9 8 2617
2569 10 9 2618
2570 11 10 2619
2571 12 11 2620
2572 13 12 2621
2573 14 13 2622
2574 15 14 2623
2575 16 15 2624
2576 17 16 2625
2577 18 17 2626
2578 19 18 2627
2579 20 19 2628
2580 21 20 2629
2581 23 22 2631
2582 24 23 2632
2583 25 24 2633
2584 26 25 2634
2585 27 26 2635
2586 28 27 2636
2587 29 28 2637
2588 30 29 2638
2589 31 30 2639
2590 32 31 2640
2591 33 32 2641
2592 34 33 2642
2593 35 34 2643
2594 36 35 2644
2595 37 36 2645
2596 38 37 2646
2597 39 38 2647
2598 40 39 2648
2599 41 40 2649
2600 42 41 2650
2601 43 42 2651
2602 44 43 2652
2603 45 44 2653
2604 46 45 2654
2605 47 46 2655
2606 48 47 2656
2607 49 48 2657
2608 2 49 2658
2609 1283 2 2660
2610 1282 1283 2661
2611 1281 1282 2662
2612 2658 2659 2
2613 1280 1281 2663
2614 1279 1280 2664
2615 1278 1279 2665
2616 1277 1278 2666
2617 1276 1277 2667
2618 1275 1276 2668
2619 1274 1275 2669
2620 1273 1274 2670
2621 1272 1273 2671
2622 1271 1272 2672
2623 1270 1271 2673
2624 1269 1270 2674
2625 1268 1269 2675
2626 1267 1268 2676
2627 1266 1267 2677
2628 1265 1266 2678
2629 1264 1265 2679
2630 1263 1264 2680
2631 1262 1263 2681
2632 1261 1262 2682
2633 1260 1261 2683
2634 1259 1260 2684
2635 1258 1259 2685
2636 1257 1258 2686
2637 1256 1257 2687
2638 1255 1256 2688
2639 1254 1255 2689
2640 1253 1254 2690
2641 1252 1253 2691
2642 1251 1252 2692
2643 1250 1251 2693
2644 1249 1250 2694
2645 1248 1249 2695
2646 1247 1248 2696
2647 1246 1247 2697
2648 1245 1246 2698
2649 1244 1245 2699
2650 1243 1244 2700
2651 1242 1243 2701
2652 1241 1242 2702
2653 1238 1241 2703
2654 1238 2703 2436
2655 8 7 2616
2656 7 1 2615
2657 2435 2615 1
2658 2615 2616 7
2659 2616 2617 8
2660 2617 2618 9
2661 2618 2619 10
2662 2619 2620 11
2663 2620 2621 12
2664 2621 2622 13
2665 2622 2623 14
2666 2623 2624 15
2667 2624 2625 16
2668 2625 2626 17
2669 2626 2627 18
2670 2627 2628 19
2671 2628 2629 20
2672 2629 2630 21
2673 2630 2631 22
2674 2631 2632 23
2675 2632 2633 24
2676 2633 2634 25
2677 2634 2635 26
2678 2635 2636 27
2679 2636 2637 28
2680 2637 2638 29
2681 2638 2639 30
2682 2639 2640 31
2683 2640 2641 32
2684 2641 2642 33
2685 2642 2643 34
2686 2643 2644 35
2687 2644 2645 36
2688 2645 2646 37
2689 2646 2647 38
2690 2647 2648 39
2691 2648 2649 40
2692 2649 2650 41
2693 2650 2651 42
2694 2651 2652 43
2695 2652 2653 44
2696 2653 2654 45
2697 2654 2655 46
2698 2655 2656 47
2699 2656 2657 48
2700 2657 2658 49
2701 2659 2660 2
2702 2660 2661 1283
2703 2661 2662 1282
2704 2662 2663 1281
2705 2663 2664 1280
2706 2664 2665 1279
2707 2665 2666 1278
2708 2666 2667 1277
2709 2667 2668 1276
2710 2668 2669 1275
2711 2669 2670 1274
2712 2670 2671 1273
2713 2671 2672 1272
2714 2672 2673 1271
2715 2673 2674 1270
2716 2674 2675 1269
2717 2675 2676 1268
2718 2676 2677 1267
2719 2677 2678 1266
2720 2678 2679 1265
2721 2679 2680 1264
2722 2680 2681 1263
2723 2681 2682 1262
2724 2682 2683 1261
2725 2683 2684 1260
2726 2684 2685 1259
2727 2685 2686 1258
2728 2686 2687 1257
2729 2687 2688 1256
2730 2688 2689 1255
2731 2689 2690 1254
2732 2690 2691 1253
2733 2691 2692 1252
2734 2692 2693 1251
2735 2693 2694 1250
2736 2694 2695 1249
2737 2695 2696 1248
2738 2696 2697 1247
2739 2697 2698 1246
2740 2698 2699 1245
2741 2699 2700 1244
2742 2700 2701 1243
2743 2701 2702 1242
2744 2702 2703 1241
0 99 15 1
2745 2431
$EndElements
