$MeshFormat
4.1 0 8
$EndMeshFormat
$PhysicalNames
10
2 10 "stator"
2 41 "air"
2 30 "shaft"
2 50 "outair"
2 10000 "single_winding_0"
2 10001 "single_winding_1"
2 10002 "single_winding_2"
2 10003 "single_winding_3"
2 10004 "single_winding_4"
2 10005 "single_winding_5"
$EndPhysicalNames
$Entities
0 0 10 0
10 0 0 0 1 1 1 1 10 0
30 0 0 0 1 1 1 1 30 0
41 0 0 0 1 1 1 1 41 0
50 0 0 0 1 1 1 1 50 0
10000 0 0 0 1 1 1 1 10000 0
10001 0 0 0 1 1 1 1 10001 0
10002 0 0 0 1 1 1 1 10002 0
10003 0 0 0 1 1 1 1 10003 0
10004 0 0 0 1 1 1 1 10004 0
10005 0 0 0 1 1 1 1 10005 0
$EndEntities
$Nodes
1 2713 1 2713
2 1 0 2713
1
2
3
4
5
6
7
8
9
10
11
12
13
14
15
16
17
18
19
20
21
22
23
24
25
26
27
28
29
30
31
32
33
34
35
36
37
38
39
40
41
42
43
44
45
46
47
48
49
50
51
52
53
54
55
56
57
58
59
60
61
62
63
64
65
66
67
68
69
70
71
72
73
74
75
76
77
78
79
80
81
82
83
84
85
86
87
88
89
90
91
92
93
94
95
96
97
98
99
100
101
102
103
104
105
106
107
108
109
110
111
112
113
114
115
116
117
118
119
120
121
122
123
124
125
126
127
128
129
130
131
132
133
134
135
136
137
138
139
140
141
142
143
144
145
146
147
148
149
150
151
152
153
154
155
156
157
158
159
160
161
162
163
164
165
166
167
168
169
170
171
172
173
174
175
176
177
178
179
180
181
182
183
184
185
186
187
188
189
190
191
192
193
194
195
196
197
198
199
200
201
202
203
204
205
206
207
208
209
210
211
212
213
214
215
216
217
218
219
220
221
222
223
224
225
226
227
228
229
230
231
232
233
234
235
236
237
238
239
240
241
242
243
244
245
246
247
248
249
250
251
252
253
254
255
256
257
258
259
260
261
262
263
264
265
266
267
268
269
270
271
272
273
274
275
276
277
278
279
280
281
282
283
284
285
286
287
288
289
290
291
292
293
294
295
296
297
298
299
300
301
302
303
304
305
306
307
308
309
310
311
312
313
314
315
316
317
318
319
320
321
322
323
324
325
326
327
328
329
330
331
332
333
334
335
336
337
338
339
340
341
342
343
344
345
346
347
348
349
350
351
352
353
354
355
356
357
358
359
360
361
362
363
364
365
366
367
368
369
370
371
372
373
374
375
376
377
378
379
380
381
382
383
384
385
386
387
388
389
390
391
392
393
394
395
396
397
398
399
400
401
402
403
404
405
406
407
408
409
410
411
412
413
414
415
416
417
418
419
420
421
422
423
424
425
426
427
428
429
430
431
432
433
434
435
436
437
438
439
440
441
442
443
444
445
446
447
448
449
450
451
452
453
454
455
456
457
458
459
460
461
462
463
464
465
466
467
468
469
470
471
472
473
474
475
476
477
478
479
480
481
482
483
484
485
486
487
488
489
490
491
492
493
494
495
496
497
498
499
500
501
502
503
504
505
506
507
508
509
510
511
512
513
514
515
516
517
518
519
520
521
522
523
524
525
526
527
528
529
530
531
532
533
534
535
536
537
538
539
540
541
542
543
544
545
546
547
548
549
550
551
552
553
554
555
556
557
558
559
560
561
562
563
564
565
566
567
568
569
570
571
572
573
574
575
576
577
578
579
580
581
582
583
584
585
586
587
588
589
590
591
592
593
594
595
596
597
598
599
600
601
602
603
604
605
606
607
608
609
610
611
612
613
614
615
616
617
618
619
620
621
622
623
624
625
626
627
628
629
630
631
632
633
634
635
636
637
638
639
640
641
642
643
644
645
646
647
648
649
650
651
652
653
654
655
656
657
658
659
660
661
662
663
664
665
666
667
668
669
670
671
672
673
674
675
676
677
678
679
680
681
682
683
684
685
686
687
688
689
690
691
692
693
694
695
696
697
698
699
700
701
702
703
704
705
706
707
708
709
710
711
712
713
714
715
716
717
718
719
720
721
722
723
724
725
726
727
728
729
730
731
732
733
734
735
736
737
738
739
740
741
742
743
744
745
746
747
748
749
750
751
752
753
754
755
756
757
758
759
760
761
762
763
764
765
766
767
768
769
770
771
772
773
774
775
776
777
778
779
780
781
782
783
784
785
786
787
788
789
790
791
792
793
794
795
796
797
798
799
800
801
802
803
804
805
806
807
808
809
810
811
812
813
814
815
816
817
818
819
820
821
822
823
824
825
826
827
828
829
830
831
832
833
834
835
836
837
838
839
840
841
842
843
844
845
846
847
848
849
850
851
852
853
854
855
856
857
858
859
860
861
862
863
864
865
866
867
868
869
870
871
872
873
874
875
876
877
878
879
880
881
882
883
884
885
886
887
888
889
890
891
892
893
894
895
896
897
898
899
900
901
902
903
904
905
906
907
908
909
910
911
912
913
914
915
916
917
918
919
920
921
922
923
924
925
926
927
928
929
930
931
932
933
934
935
936
937
938
939
940
941
942
943
944
945
946
947
948
949
950
951
952
953
954
955
956
957
958
959
960
961
962
963
964
965
966
967
968
969
970
971
972
973
974
975
976
977
978
979
980
981
982
983
984
985
986
987
988
989
990
991
992
993
994
995
996
997
998
999
1000
1001
1002
1003
1004
1005
1006
1007
1008
1009
1010
1011
1012
1013
1014
1015
1016
1017
1018
1019
1020
1021
1022
1023
1024
1025
1026
1027
1028
1029
1030
1031
1032
1033
1034
1035
1036
1037
1038
1039
1040
1041
1042
1043
1044
1045
1046
1047
1048
1049
1050
1051
1052
1053
1054
1055
1056
1057
1058
1059
1060
1061
1062
1063
1064
1065
1066
1067
1068
1069
1070
1071
1072
1073
1074
1075
1076
1077
1078
1079
1080
1081
1082
1083
1084
1085
1086
1087
1088
1089
1090
1091
1092
1093
1094
1095
1096
1097
1098
1099
1100
1101
1102
1103
1104
1105
1106
1107
1108
1109
1110
1111
1112
1113
1114
1115
1116
1117
1118
1119
1120
1121
1122
1123
1124
1125
1126
1127
1128
1129
1130
1131
1132
1133
1134
1135
1136
1137
1138
1139
1140
1141
1142
1143
1144
1145
1146
1147
1148
1149
1150
1151
1152
1153
1154
1155
1156
1157
1158
1159
1160
1161
1162
1163
1164
1165
1166
1167
1168
1169
1170
1171
1172
1173
1174
1175
1176
1177
1178
1179
1180
1181
1182
1183
1184
1185
1186
1187
1188
1189
1190
1191
1192
1193
1194
1195
1196
1197
1198
1199
1200
1201
1202
1203
1204
1205
1206
1207
1208
1209
1210
1211
1212
1213
1214
1215
1216
1217
1218
1219
1220
1221
1222
1223
1224
1225
1226
1227
1228
1229
1230
1231
1232
1233
1234
1235
1236
1237
1238
1239
1240
1241
1242
1243
1244
1245
1246
1247
1248
1249
1250
1251
1252
1253
1254
1255
1256
1257
1258
1259
1260
1261
1262
1263
1264
1265
1266
1267
1268
1269
1270
1271
1272
1273
1274
1275
1276
1277
1278
1279
1280
1281
1282
1283
1284
1285
1286
1287
1288
1289
1290
1291
1292
1293
1294
1295
1296
1297
1298
1299
1300
1301
1302
1303
1304
1305
1306
1307
1308
1309
1310
1311
1312
1313
1314
1315
1316
1317
1318
1319
1320
1321
1322
1323
1324
1325
1326
1327
1328
1329
1330
1331
1332
1333
1334
1335
1336
1337
1338
1339
1340
1341
1342
1343
1344
1345
1346
1347
1348
1349
1350
1351
1352
1353
1354
1355
1356
1357
1358
1359
1360
1361
1362
1363
1364
1365
1366
1367
1368
1369
1370
1371
1372
1373
1374
1375
1376
1377
1378
1379
1380
1381
1382
1383
1384
1385
1386
1387
1388
1389
1390
1391
1392
1393
1394
1395
1396
1397
1398
1399
1400
1401
1402
1403
1404
1405
1406
1407
1408
1409
1410
1411
1412
1413
1414
1415
1416
1417
1418
1419
1420
1421
1422
1423
1424
1425
1426
1427
1428
1429
1430
1431
1432
1433
1434
1435
1436
1437
1438
1439
1440
1441
1442
1443
1444
1445
1446
1447
1448
1449
1450
1451
1452
1453
1454
1455
1456
1457
1458
1459
1460
1461
1462
1463
1464
1465
1466
1467
1468
1469
1470
1471
1472
1473
1474
1475
1476
1477
1478
1479
1480
1481
1482
1483
1484
1485
1486
1487
1488
1489
1490
1491
1492
1493
1494
1495
1496
1497
1498
1499
1500
1501
1502
1503
1504
1505
1506
1507
1508
1509
1510
1511
1512
1513
1514
1515
1516
1517
1518
1519
1520
1521
1522
1523
1524
1525
1526
1527
1528
1529
1530
1531
1532
1533
1534
1535
1536
1537
1538
1539
1540
1541
1542
1543
1544
1545
1546
1547
1548
1549
1550
1551
1552
1553
1554
1555
1556
1557
1558
1559
1560
1561
1562
1563
1564
1565
1566
1567
1568
1569
1570
1571
1572
1573
1574
1575
1576
1577
1578
1579
1580
1581
1582
1583
1584
1585
1586
1587
1588
1589
1590
1591
1592
1593
1594
1595
1596
1597
1598
1599
1600
1601
1602
1603
1604
1605
1606
1607
1608
1609
1610
1611
1612
1613
1614
1615
1616
1617
1618
1619
1620
1621
1622
1623
1624
1625
1626
1627
1628
1629
1630
1631
1632
1633
1634
1635
1636
1637
1638
1639
1640
1641
1642
1643
1644
1645
1646
1647
1648
1649
1650
1651
1652
1653
1654
1655
1656
1657
1658
1659
1660
1661
1662
1663
1664
1665
1666
1667
1668
1669
1670
1671
1672
1673
1674
1675
1676
1677
1678
1679
1680
1681
1682
1683
1684
1685
1686
1687
1688
1689
1690
1691
1692
1693
1694
1695
1696
1697
1698
1699
1700
1701
1702
1703
1704
1705
1706
1707
1708
1709
1710
1711
1712
1713
1714
1715
1716
1717
1718
1719
1720
1721
1722
1723
1724
1725
1726
1727
1728
1729
1730
1731
1732
1733
1734
1735
1736
1737
1738
1739
1740
1741
1742
1743
1744
1745
1746
1747
1748
1749
1750
1751
1752
1753
1754
1755
1756
1757
1758
1759
1760
1761
1762
1763
1764
1765
1766
1767
1768
1769
1770
1771
1772
1773
1774
1775
1776
1777
1778
1779
1780
1781
1782
1783
1784
1785
1786
1787
1788
1789
1790
1791
1792
1793
1794
1795
1796
1797
1798
1799
1800
1801
1802
1803
1804
1805
1806
1807
1808
1809
1810
1811
1812
1813
1814
1815
1816
1817
1818
1819
1820
1821
1822
1823
1824
1825
1826
1827
1828
1829
1830
1831
1832
1833
1834
1835
1836
1837
1838
1839
1840
1841
1842
1843
1844
1845
1846
1847
1848
1849
1850
1851
1852
1853
1854
1855
1856
1857
1858
1859
1860
1861
1862
1863
1864
1865
1866
1867
1868
1869
1870
1871
1872
1873
1874
1875
1876
1877
1878
1879
1880
1881
1882
1883
1884
1885
1886
1887
1888
1889
1890
1891
1892
1893
1894
1895
1896
1897
1898
1899
1900
1901
1902
1903
1904
1905
1906
1907
1908
1909
1910
1911
1912
1913
1914
1915
1916
1917
1918
1919
1920
1921
1922
1923
1924
1925
1926
1927
1928
1929
1930
1931
1932
1933
1934
1935
1936
1937
1938
1939
1940
1941
1942
1943
1944
1945
1946
1947
1948
1949
1950
1951
1952
1953
1954
1955
1956
1957
1958
1959
1960
1961
1962
1963
1964
1965
1966
1967
1968
1969
1970
1971
1972
1973
1974
1975
1976
1977
1978
1979
1980
1981
1982
1983
1984
1985
1986
1987
1988
1989
1990
1991
1992
1993
1994
1995
1996
1997
1998
1999
2000
2001
2002
2003
2004
2005
2006
2007
2008
2009
2010
2011
2012
2013
2014
2015
2016
2017
2018
2019
2020
2021
2022
2023
2024
2025
2026
2027
2028
2029
2030
2031
2032
2033
2034
2035
2036
2037
2038
2039
2040
2041
2042
2043
2044
2045
2046
2047
2048
2049
2050
2051
2052
2053
2054
2055
2056
2057
2058
2059
2060
2061
2062
2063
2064
2065
2066
2067
2068
2069
2070
2071
2072
2073
2074
2075
2076
2077
2078
2079
2080
2081
2082
2083
2084
2085
2086
2087
2088
2089
2090
2091
2092
2093
2094
2095
2096
2097
2098
2099
2100
2101
2102
2103
2104
2105
2106
2107
2108
2109
2110
2111
2112
2113
2114
2115
2116
2117
2118
2119
2120
2121
2122
2123
2124
2125
2126
2127
2128
2129
2130
2131
2132
2133
2134
2135
2136
2137
2138
2139
2140
2141
2142
2143
2144
2145
2146
2147
2148
2149
2150
2151
2152
2153
2154
2155
2156
2157
2158
2159
2160
2161
2162
2163
2164
2165
2166
2167
2168
2169
2170
2171
2172
2173
2174
2175
2176
2177
2178
2179
2180
2181
2182
2183
2184
2185
2186
2187
2188
2189
2190
2191
2192
2193
2194
2195
2196
2197
2198
2199
2200
2201
2202
2203
2204
2205
2206
2207
2208
2209
2210
2211
2212
2213
2214
2215
2216
2217
2218
2219
2220
2221
2222
2223
2224
2225
2226
2227
2228
2229
2230
2231
2232
2233
2234
2235
2236
2237
2238
2239
2240
2241
2242
2243
2244
2245
2246
2247
2248
2249
2250
2251
2252
2253
2254
2255
2256
2257
2258
2259
2260
2261
2262
2263
2264
2265
2266
2267
2268
2269
2270
2271
2272
2273
2274
2275
2276
2277
2278
2279
2280
2281
2282
2283
2284
2285
2286
2287
2288
2289
2290
2291
2292
2293
2294
2295
2296
2297
2298
2299
2300
2301
2302
2303
2304
2305
2306
2307
2308
2309
2310
2311
2312
2313
2314
2315
2316
2317
2318
2319
2320
2321
2322
2323
2324
2325
2326
2327
2328
2329
2330
2331
2332
2333
2334
2335
2336
2337
2338
2339
2340
2341
2342
2343
2344
2345
2346
2347
2348
2349
2350
2351
2352
2353
2354
2355
2356
2357
2358
2359
2360
2361
2362
2363
2364
2365
2366
2367
2368
2369
2370
2371
2372
2373
2374
2375
2376
2377
2378
2379
2380
2381
2382
2383
2384
2385
2386
2387
2388
2389
2390
2391
2392
2393
2394
2395
2396
2397
2398
2399
2400
2401
2402
2403
2404
2405
2406
2407
2408
2409
2410
2411
2412
2413
2414
2415
2416
2417
2418
2419
2420
2421
2422
2423
2424
2425
2426
2427
2428
2429
2430
2431
2432
2433
2434
2435
2436
2437
2438
2439
2440
2441
2442
2443
2444
2445
2446
2447
2448
2449
2450
2451
2452
2453
2454
2455
2456
2457
2458
2459
2460
2461
2462
2463
2464
2465
2466
2467
2468
2469
2470
2471
2472
2473
2474
2475
2476
2477
2478
2479
2480
2481
2482
2483
2484
2485
2486
2487
2488
2489
2490
2491
2492
2493
2494
2495
2496
2497
2498
2499
2500
2501
2502
2503
2504
2505
2506
2507
2508
2509
2510
2511
2512
2513
2514
2515
2516
2517
2518
2519
2520
2521
2522
2523
2524
2525
2526
2527
2528
2529
2530
2531
2532
2533
2534
2535
2536
2537
2538
2539
2540
2541
2542
2543
2544
2545
2546
2547
2548
2549
2550
2551
2552
2553
2554
2555
2556
2557
2558
2559
2560
2561
2562
2563
2564
2565
2566
2567
2568
2569
2570
2571
2572
2573
2574
2575
2576
2577
2578
2579
2580
2581
2582
2583
2584
2585
2586
2587
2588
2589
2590
2591
2592
2593
2594
2595
2596
2597
2598
2599
2600
2601
2602
2603
2604
2605
2606
2607
2608
2609
2610
2611
2612
2613
2614
2615
2616
2617
2618
2619
2620
2621
2622
2623
2624
2625
2626
2627
2628
2629
2630
2631
2632
2633
2634
2635
2636
2637
2638
2639
2640
2641
2642
2643
2644
2645
2646
2647
2648
2649
2650
2651
2652
2653
2654
2655
2656
2657
2658
2659
2660
2661
2662
2663
2664
2665
2666
2667
2668
2669
2670
2671
2672
2673
2674
2675
2676
2677
2678
2679
2680
2681
2682
2683
2684
2685
2686
2687
2688
2689
2690
2691
2692
2693
2694
2695
2696
2697
2698
2699
2700
2701
2702
2703
2704
2705
2706
2707
2708
2709
2710
2711
2712
2713
2.8000000000000001e-02 0.0000000000000000e+00 0.0000000000000000e+00
5.6000000000000001e-02 0.0000000000000000e+00 0.0000000000000000e+00
5.5520912236933381e-02 7.3094667643228894e-03 0.0000000000000000e+00
6.5333333333333340e-02 0.0000000000000000e+00 0.0000000000000000e+00
6.4774397609755618e-02 8.5277112250433697e-03 0.0000000000000000e+00
2.7873272289031921e-02 2.6609569522044502e-03 0.0000000000000000e+00
2.8765572664268348e-02 2.7784305252024962e-03 0.0000000000000000e+00
2.8914133361265120e-02 1.6500000000000000e-03 0.0000000000000000e+00
3.5652788167694668e-02 1.6500000000000000e-03 0.0000000000000000e+00
3.8494133361265108e-02 1.6500000000000000e-03 0.0000000000000000e+00
4.1882741990455108e-02 5.5139675888519150e-03 0.0000000000000000e+00
2.8635046472048301e-02 3.7698753865763059e-03 0.0000000000000000e+00
2.7760456118466691e-02 3.6547333821614438e-03 0.0000000000000000e+00
3.5258894231251711e-02 4.6419214877141107e-03 0.0000000000000000e+00
5.5970016898676478e-02 1.8322686380194679e-03 0.0000000000000000e+00
5.5880099701361798e-02 3.6625752368880261e-03 0.0000000000000000e+00
5.5730344693643033e-02 5.4889598584554177e-03 0.0000000000000000e+00
6.5324587676758042e-02 1.0689664662638010e-03 0.0000000000000000e+00
6.5298353048455895e-02 2.1376467443560460e-03 0.0000000000000000e+00
6.5254636472071276e-02 3.2057547227246539e-03 0.0000000000000000e+00
6.5193449651588770e-02 4.2730044430360301e-03 0.0000000000000000e+00
6.5114808968199794e-02 5.3391101767330130e-03 0.0000000000000000e+00
6.5018735475916870e-02 6.4037865015313224e-03 0.0000000000000000e+00
6.4905254895937042e-02 7.4667483778339989e-03 0.0000000000000000e+00
6.1689902485481528e-02 8.1216297381365415e-03 0.0000000000000000e+00
5.8605407361207451e-02 7.7155482512297141e-03 0.0000000000000000e+00
5.9111111111111121e-02 0.0000000000000000e+00 0.0000000000000000e+00
6.2222222222222227e-02 0.0000000000000000e+00 0.0000000000000000e+00
2.8095234112071370e-02 2.6901787805766451e-03 0.0000000000000000e+00
2.8387296776304780e-02 2.7286295597750022e-03 0.0000000000000000e+00
2.8815088400306541e-02 2.4023211695458429e-03 0.0000000000000000e+00
2.8864608239998361e-02 2.0261806435451619e-03 0.0000000000000000e+00
2.9403942201673389e-02 1.6500000000000000e-03 0.0000000000000000e+00
2.9895179954174941e-02 1.6500000000000000e-03 0.0000000000000000e+00
3.0388236798907890e-02 1.6500000000000000e-03 0.0000000000000000e+00
3.0883612171546750e-02 1.6500000000000000e-03 0.0000000000000000e+00
3.1381946963172050e-02 1.6500000000000000e-03 0.0000000000000000e+00
3.1884066528028387e-02 1.6500000000000000e-03 0.0000000000000000e+00
3.2391037820708547e-02 1.6500000000000000e-03 0.0000000000000000e+00
3.2904247505327520e-02 1.6500000000000000e-03 0.0000000000000000e+00
3.3425509101985523e-02 1.6500000000000000e-03 0.0000000000000000e+00
3.3957213425766762e-02 1.6500000000000000e-03 0.0000000000000000e+00
3.4502542721912943e-02 1.6500000000000000e-03 0.0000000000000000e+00
3.5065783077517780e-02 1.6500000000000000e-03 0.0000000000000000e+00
3.6277711030192353e-02 1.6500000000000000e-03 0.0000000000000000e+00
3.6946954437629929e-02 1.6500000000000000e-03 0.0000000000000000e+00
3.7677534483208319e-02 1.6500000000000000e-03 0.0000000000000000e+00
3.9369269869439678e-02 1.7639380094971221e-03 0.0000000000000000e+00
4.0308671097971913e-02 2.1714470286328660e-03 0.0000000000000000e+00
4.1186919598179307e-02 2.9629514864564972e-03 0.0000000000000000e+00
4.1783044687293817e-02 4.1379279933941252e-03 0.0000000000000000e+00
2.8281990776503400e-02 0.0000000000000000e+00 0.0000000000000000e+00
2.8675768883402730e-02 0.0000000000000000e+00 0.0000000000000000e+00
2.9167534897417680e-02 0.0000000000000000e+00 0.0000000000000000e+00
2.9663541358219591e-02 0.0000000000000000e+00 0.0000000000000000e+00
3.0161174216402329e-02 0.0000000000000000e+00 0.0000000000000000e+00
3.0660885083185849e-02 0.0000000000000000e+00 0.0000000000000000e+00
3.1163254361247360e-02 0.0000000000000000e+00 0.0000000000000000e+00
3.1669030399641973e-02 0.0000000000000000e+00 0.0000000000000000e+00
3.2179181639179509e-02 0.0000000000000000e+00 0.0000000000000000e+00
3.2694967258158403e-02 0.0000000000000000e+00 0.0000000000000000e+00
3.3218034023851838e-02 0.0000000000000000e+00 0.0000000000000000e+00
3.3750551449024349e-02 0.0000000000000000e+00 0.0000000000000000e+00
3.4295403533739922e-02 0.0000000000000000e+00 0.0000000000000000e+00
3.4856466779521207e-02 0.0000000000000000e+00 0.0000000000000000e+00
3.5439021362404052e-02 0.0000000000000000e+00 0.0000000000000000e+00
3.6050371286730387e-02 0.0000000000000000e+00 0.0000000000000000e+00
3.6700797325277541e-02 0.0000000000000000e+00 0.0000000000000000e+00
3.7405021028617570e-02 0.0000000000000000e+00 0.0000000000000000e+00
3.8184388413657587e-02 0.0000000000000000e+00 0.0000000000000000e+00
3.9069725776221732e-02 0.0000000000000000e+00 0.0000000000000000e+00
4.0103402515247910e-02 0.0000000000000000e+00 0.0000000000000000e+00
4.1334647853809428e-02 0.0000000000000000e+00 0.0000000000000000e+00
4.2796883102175658e-02 0.0000000000000000e+00 0.0000000000000000e+00
4.4473064467980952e-02 0.0000000000000000e+00 0.0000000000000000e+00
4.6296879232814940e-02 0.0000000000000000e+00 0.0000000000000000e+00
4.8198933014239873e-02 0.0000000000000000e+00 0.0000000000000000e+00
5.0135873426109513e-02 0.0000000000000000e+00 0.0000000000000000e+00
5.2087055843269607e-02 0.0000000000000000e+00 0.0000000000000000e+00
5.4043348268818167e-02 0.0000000000000000e+00 0.0000000000000000e+00
4.3338160648767492e-02 5.7055770902540350e-03 0.0000000000000000e+00
4.4946382673736698e-02 5.9173035365162911e-03 0.0000000000000000e+00
4.6648333174669217e-02 6.1413695707341768e-03 0.0000000000000000e+00
4.8398244437370792e-02 6.3717497590251512e-03 0.0000000000000000e+00
5.0170081485170451e-02 6.6050165316858551e-03 0.0000000000000000e+00
5.1951392688453897e-02 6.8395306005785321e-03 0.0000000000000000e+00
5.3736086921695639e-02 7.0744900538146282e-03 0.0000000000000000e+00
2.7998951879090909e-02 2.4226776994006429e-04 0.0000000000000000e+00
2.7995807594832021e-02 4.8451740231476783e-04 0.0000000000000000e+00
2.7990567382622629e-02 7.2673076091658850e-04 0.0000000000000000e+00
2.7983231634775299e-02 9.6888971225370937e-04 0.0000000000000000e+00
2.7973800900486519e-02 1.2109761269075560e-03 0.0000000000000000e+00
2.7962275885795539e-02 1.4529718808900310e-03 0.0000000000000000e+00
2.7948657453531599e-02 1.6948588570004570e-03 0.0000000000000000e+00
2.7932946623249209e-02 1.9366189461818969e-03 0.0000000000000000e+00
2.7915144571151941e-02 2.1782340488768642e-03 0.0000000000000000e+00
2.7895252630004280e-02 2.4196860763824502e-03 0.0000000000000000e+00
2.8700308292543560e-02 3.2741626451455431e-03 0.0000000000000000e+00
2.8264710820276810e-02 3.7211197730749341e-03 0.0000000000000000e+00
2.7978696300000359e-02 3.6834652471342791e-03 0.0000000000000000e+00
2.7785858214369800e-02 3.4563106473432898e-03 0.0000000000000000e+00
2.7809842067327221e-02 3.2577114958690120e-03 0.0000000000000000e+00
2.7832406453157599e-02 3.0589460646162779e-03 0.0000000000000000e+00
2.7853550220131831e-02 2.8600244989499929e-03 0.0000000000000000e+00
4.0557972438614427e-02 5.3395583686243536e-03 0.0000000000000000e+00
3.9233202886773753e-02 5.1651491483967939e-03 0.0000000000000000e+00
3.7908433334933080e-02 4.9907399281692334e-03 0.0000000000000000e+00
3.6583663783092392e-02 4.8163307079416712e-03 0.0000000000000000e+00
3.3845948609499923e-02 4.4559036676553110e-03 0.0000000000000000e+00
3.2433002987748129e-02 4.2698858475965122e-03 0.0000000000000000e+00
3.1048217359905619e-02 4.0875753610679164e-03 0.0000000000000000e+00
2.9973450183431241e-02 3.9460795779601102e-03 0.0000000000000000e+00
2.9196642193288859e-02 3.8438108659120209e-03 0.0000000000000000e+00
2.8702643961582189e-02 4.4712946616876732e-04 0.0000000000000000e+00
5.0544256123503391e-02 4.3762062887047204e-03 0.0000000000000000e+00
4.5070347721922137e-02 4.3456567592489786e-03 0.0000000000000000e+00
2.9797541184398441e-02 1.1322781598361051e-03 0.0000000000000000e+00
2.8143138113387960e-02 1.0709082376000011e-03 0.0000000000000000e+00
2.8268854217382039e-02 1.3532257610472059e-03 0.0000000000000000e+00
3.1310070925335109e-02 1.1038405363730970e-03 0.0000000000000000e+00
2.8172414526657610e-02 1.9030874412043280e-03 0.0000000000000000e+00
3.2253611833845258e-02 5.5032914254870028e-04 0.0000000000000000e+00
3.3363669938027238e-02 1.1000998586244610e-03 0.0000000000000000e+00
3.4446117707952653e-02 1.1006976404810210e-03 0.0000000000000000e+00
3.5588969981640357e-02 1.0999141498317299e-03 0.0000000000000000e+00
2.9297582847914470e-02 1.2709789416232499e-03 0.0000000000000000e+00
4.2837789976686372e-02 1.2620715340358210e-03 0.0000000000000000e+00
3.6143021062778211e-02 1.0980536169261489e-03 0.0000000000000000e+00
4.8312039055201331e-02 2.1560131259278489e-03 0.0000000000000000e+00
2.9161029037959720e-02 4.6755581740348309e-04 0.0000000000000000e+00
5.0274168802182571e-02 2.0816418718797199e-03 0.0000000000000000e+00
4.8426360464990881e-02 4.2926787028966249e-03 0.0000000000000000e+00
4.4264949896949679e-02 1.5514601056034550e-03 0.0000000000000000e+00
3.7574879770325517e-02 8.2517792404473381e-04 0.0000000000000000e+00
2.9616692416277311e-02 4.9509596685114957e-04 0.0000000000000000e+00
3.0143311510136720e-02 6.1790095959850548e-04 0.0000000000000000e+00
3.0806546316483819e-02 1.1182123145219191e-03 0.0000000000000000e+00
3.0721200428181501e-02 5.6787178244658730e-04 0.0000000000000000e+00
2.8163780587309190e-02 2.3784425797174929e-03 0.0000000000000000e+00
3.1234270174623359e-02 5.5392260790653770e-04 0.0000000000000000e+00
3.2327084288490161e-02 1.1016643887309619e-03 0.0000000000000000e+00
4.3523847740573128e-02 4.2852122789382562e-03 0.0000000000000000e+00
3.2769121556640191e-02 5.4975129656763657e-04 0.0000000000000000e+00
3.3292881030963388e-02 5.4964750078535362e-04 0.0000000000000000e+00
3.3827401689797122e-02 5.5008970970401531e-04 0.0000000000000000e+00
5.2177692639591967e-02 1.9396045094472729e-03 0.0000000000000000e+00
5.3924659788367267e-02 5.3612609346136526e-03 0.0000000000000000e+00
5.4035577581777149e-02 3.6339006914681980e-03 0.0000000000000000e+00
3.8386151628920673e-02 8.4187006255943093e-04 0.0000000000000000e+00
3.4375631181210911e-02 5.5107795150197928e-04 0.0000000000000000e+00
4.0165356639459387e-02 9.5769950529693277e-04 0.0000000000000000e+00
2.8270544390814022e-02 3.9742389841811171e-04 0.0000000000000000e+00
5.4059002330507477e-02 1.8476403919155640e-03 0.0000000000000000e+00
3.4939431343845501e-02 5.5207903970061999e-04 0.0000000000000000e+00
2.8528587187101519e-02 1.6445637564126050e-03 0.0000000000000000e+00
3.5512781216112121e-02 5.5165720101513346e-04 0.0000000000000000e+00
2.8488833711178121e-02 2.4259600655339619e-03 0.0000000000000000e+00
4.1378343051696159e-02 1.3025861482894600e-03 0.0000000000000000e+00
4.2321447219662231e-02 2.5552152546753169e-03 0.0000000000000000e+00
3.6063205155125642e-02 5.4927791431645754e-04 0.0000000000000000e+00
2.8256573579187070e-02 7.9673986133391725e-04 0.0000000000000000e+00
2.8878500495607900e-02 1.3621225968452511e-03 0.0000000000000000e+00
3.1743753550998677e-02 5.5130126101802851e-04 0.0000000000000000e+00
4.6090198576742167e-02 2.2604392567288430e-03 0.0000000000000000e+00
3.3899018971146930e-02 1.1001972865167990e-03 0.0000000000000000e+00
3.2841531296584472e-02 1.1006293325006109e-03 0.0000000000000000e+00
3.1816849728572773e-02 1.1019901470432391e-03 0.0000000000000000e+00
3.0344909731433799e-02 1.1720687094805970e-03 0.0000000000000000e+00
3.6738832509237110e-02 8.2330906639530022e-04 0.0000000000000000e+00
3.5011208077392011e-02 1.1005832057422360e-03 0.0000000000000000e+00
4.6610150036467082e-02 4.3090495223512123e-03 0.0000000000000000e+00
5.2301079120749848e-02 5.2519351837844661e-03 0.0000000000000000e+00
3.9257869124873272e-02 9.0752355412099727e-04 0.0000000000000000e+00
4.3844841434609892e-02 2.9345484152202908e-03 0.0000000000000000e+00
2.8665320263428069e-02 9.7440073461893301e-04 0.0000000000000000e+00
5.2382798465676637e-02 3.6185892663759180e-03 0.0000000000000000e+00
2.8467116528521151e-02 2.0777564717273378e-03 0.0000000000000000e+00
2.9194137105460441e-02 8.8889892845560488e-04 0.0000000000000000e+00
4.4955112249181417e-02 3.2421963937192808e-03 0.0000000000000000e+00
2.9538999692446780e-02 8.2711808144873703e-04 0.0000000000000000e+00
6.1205507696425750e-02 4.1590388804991166e-03 0.0000000000000000e+00
6.3955067706902929e-02 3.4952368913597860e-03 0.0000000000000000e+00
6.3194585269168865e-02 6.3798283275284320e-03 0.0000000000000000e+00
5.7936135494543857e-02 2.9270834017507221e-03 0.0000000000000000e+00
6.4127710741147370e-02 1.8784925928254229e-03 0.0000000000000000e+00
2.7996221562389571e-02 3.2266584593562170e-03 0.0000000000000000e+00
2.8032189033404469e-02 2.9095335480692000e-03 0.0000000000000000e+00
2.8282188573900319e-02 3.4293013108044760e-03 0.0000000000000000e+00
2.8252229898907029e-02 3.0801910427521719e-03 0.0000000000000000e+00
2.8014664429562960e-02 3.4428216052568459e-03 0.0000000000000000e+00
3.0469705048226801e-02 2.1767421503491638e-03 0.0000000000000000e+00
3.4901526784900758e-02 2.2442066185140060e-03 0.0000000000000000e+00
3.7012071916909091e-02 2.5318739405253031e-03 0.0000000000000000e+00
3.1645564327870607e-02 2.2068605052890330e-03 0.0000000000000000e+00
3.4063923607658461e-02 2.2053395373003398e-03 0.0000000000000000e+00
3.9159567255611517e-02 2.7183901081806500e-03 0.0000000000000000e+00
2.9458491870190170e-02 2.6895609247871250e-03 0.0000000000000000e+00
3.7958388900859473e-02 3.7683034678758420e-03 0.0000000000000000e+00
3.1105875931417750e-02 3.0062604004062448e-03 0.0000000000000000e+00
4.0427218874620877e-02 3.9449667983561826e-03 0.0000000000000000e+00
3.6654084964360817e-02 3.6432493674076112e-03 0.0000000000000000e+00
3.5019002556165593e-02 3.1104292432570391e-03 0.0000000000000000e+00
3.3885246812098521e-02 3.1950375292755869e-03 0.0000000000000000e+00
3.3271253628801331e-02 2.0975560581555121e-03 0.0000000000000000e+00
3.8058320211579018e-02 2.5342683351773959e-03 0.0000000000000000e+00
3.9196882266676253e-02 3.8500327253675770e-03 0.0000000000000000e+00
3.6021311098001482e-02 2.5935993516776391e-03 0.0000000000000000e+00
3.2532132192880779e-02 2.7616545975708302e-03 0.0000000000000000e+00
2.7045923136093913e-02 7.2469332628705809e-03 0.0000000000000000e+00
5.4091846272187827e-02 1.4493866525741162e-02 0.0000000000000000e+00
6.3107153984219136e-02 1.6909510946698025e-02 0.0000000000000000e+00
2.7612219904591818e-02 4.6438466749520700e-03 0.0000000000000000e+00
2.8504520279828246e-02 4.7613202479501165e-03 0.0000000000000000e+00
2.8355959582831488e-02 5.8897507731526140e-03 0.0000000000000000e+00
3.4865000294808747e-02 7.6338429754282218e-03 0.0000000000000000e+00
3.7609528998680745e-02 8.3692372252347595e-03 0.0000000000000000e+00
5.4537110839530688e-02 1.2716270729924897e-02 0.0000000000000000e+00
5.4923975702580910e-02 1.0925058032903168e-02 0.0000000000000000e+00
5.5252026596753240e-02 9.1221465100969467e-03 0.0000000000000000e+00
6.3375375208710213e-02 1.5874705087013240e-02 0.0000000000000000e+00
6.3626629312785801e-02 1.4835649184912380e-02 0.0000000000000000e+00
6.3860849029646713e-02 1.3792621420785715e-02 0.0000000000000000e+00
6.4077971653011073e-02 1.2745901038387030e-02 0.0000000000000000e+00
6.4277939053902403e-02 1.1695768270073315e-02 0.0000000000000000e+00
6.4460697696212099e-02 1.0642504261779769e-02 0.0000000000000000e+00
6.4626198651032377e-02 9.5863909977502680e-03 0.0000000000000000e+00
5.7096948842864939e-02 1.5299081332726784e-02 0.0000000000000000e+00
6.0102051413542031e-02 1.6104296139712402e-02 0.0000000000000000e+00
2.7834181727631267e-02 4.6730685033242649e-03 0.0000000000000000e+00
2.8126244391864678e-02 4.7115192825226224e-03 0.0000000000000000e+00
2.8455004543790068e-02 5.1374296036067711e-03 0.0000000000000000e+00
2.8405484704098236e-02 5.5135701296074504e-03 0.0000000000000000e+00
2.8829078591726537e-02 6.0165226295098555e-03 0.0000000000000000e+00
2.9303577823715982e-02 6.1436643155306156e-03 0.0000000000000000e+00
2.9779834163872136e-02 6.2712768172656598e-03 0.0000000000000000e+00
3.0258330030011583e-02 6.3994893981793545e-03 0.0000000000000000e+00
3.0739684475380842e-02 6.5284679330891776e-03 0.0000000000000000e+00
3.1224694730960605e-02 6.6584260393925893e-03 0.0000000000000000e+00
3.1714391395747527e-02 6.7896398652584579e-03 0.0000000000000000e+00
3.2210113884422659e-02 6.9224683057689069e-03 0.0000000000000000e+00
3.2713613922887297e-02 7.0573807344645459e-03 0.0000000000000000e+00
3.3227200861177163e-02 7.1949959398224890e-03 0.0000000000000000e+00
3.3753948512156795e-02 7.3361375475174727e-03 0.0000000000000000e+00
3.4297996918043749e-02 7.4819148785183207e-03 0.0000000000000000e+00
3.5468629427133753e-02 7.7955849139626056e-03 0.0000000000000000e+00
3.6115068918451405e-02 7.9687978536167568e-03 0.0000000000000000e+00
3.6820755052647015e-02 8.1578858833843120e-03 0.0000000000000000e+00
3.8484335280273924e-02 8.4856835546456167e-03 0.0000000000000000e+00
3.9497198283364274e-02 8.3351949975535231e-03 0.0000000000000000e+00
4.0550377619582530e-02 7.7979678383051504e-03 0.0000000000000000e+00
4.1430296536400603e-02 6.8173162112974521e-03 0.0000000000000000e+00
2.7318305309893855e-02 7.3199178463729088e-03 0.0000000000000000e+00
2.7698665753175138e-02 7.4218351199828716e-03 0.0000000000000000e+00
2.8173675246603407e-02 7.5491135301440941e-03 0.0000000000000000e+00
2.8652780697098212e-02 7.6774894486935259e-03 0.0000000000000000e+00
2.9133457126826964e-02 7.8062863098600204e-03 0.0000000000000000e+00
2.9616140758730460e-02 7.9356209992282843e-03 0.0000000000000000e+00
3.0101392218744267e-02 8.0656437360650066e-03 0.0000000000000000e+00
3.0589934356547797e-02 8.1965482073580367e-03 0.0000000000000000e+00
3.1082702614130483e-02 8.3285850640330093e-03 0.0000000000000000e+00
3.1580913264330691e-02 8.4620802054147393e-03 0.0000000000000000e+00
3.2086156962187473e-02 8.5974598462363779e-03 0.0000000000000000e+00
3.2600529296110556e-02 8.7352854977199804e-03 0.0000000000000000e+00
3.3126815996244771e-02 8.8763035940081815e-03 0.0000000000000000e+00
3.3668761475526485e-02 9.0215174475234156e-03 0.0000000000000000e+00
3.4231465992356075e-02 9.1722936683852497e-03 0.0000000000000000e+00
3.4821984673162755e-02 9.3305226720228913e-03 0.0000000000000000e+00
3.5450247981886340e-02 9.4988653182294797e-03 0.0000000000000000e+00
3.6130475844427405e-02 9.6811318246665078e-03 0.0000000000000000e+00
3.6883286929804929e-02 9.8828469470466137e-03 0.0000000000000000e+00
3.7738457153284291e-02 1.0111989117819050e-02 0.0000000000000000e+00
3.8736912211543940e-02 1.0379524344358492e-02 0.0000000000000000e+00
3.9926203882558534e-02 1.0698194087171915e-02 0.0000000000000000e+00
4.1338614673065689e-02 1.1076648417869310e-02 0.0000000000000000e+00
4.2957681543841504e-02 1.1510476078385675e-02 0.0000000000000000e+00
4.4719351327561975e-02 1.1982514074263886e-02 0.0000000000000000e+00
4.6556594198031105e-02 1.2474801817705926e-02 0.0000000000000000e+00
4.8427534965838973e-02 1.2976118885526510e-02 0.0000000000000000e+00
5.0312232454375036e-02 1.3481122055556714e-02 0.0000000000000000e+00
5.2201865831986077e-02 1.3987447793078485e-02 0.0000000000000000e+00
2.7107614241913752e-02 7.0126492933551710e-03 0.0000000000000000e+00
2.7167275915070555e-02 6.7778403163859966e-03 0.0000000000000000e+00
2.7224903688946665e-02 6.5425239111201131e-03 0.0000000000000000e+00
2.7280493249193887e-02 6.3067176947035515e-03 0.0000000000000000e+00
2.7334040434056486e-02 6.0704393209524386e-03 0.0000000000000000e+00
2.7385541234682717e-02 5.8337064790313590e-03 0.0000000000000000e+00
2.7434991795425044e-02 5.5965368921289853e-03 0.0000000000000000e+00
2.7482388414128679e-02 5.3589483161312285e-03 0.0000000000000000e+00
2.7527727542408845e-02 5.1209585382919936e-03 0.0000000000000000e+00
2.7571005785916362e-02 4.8825853759014159e-03 0.0000000000000000e+00
2.8569784651553048e-02 4.2655881280070718e-03 0.0000000000000000e+00
2.7733637076189109e-02 3.8529695724504515e-03 0.0000000000000000e+00
2.7705402456431862e-02 4.0510090998588707e-03 0.0000000000000000e+00
2.7675753700343548e-02 4.2488418560733135e-03 0.0000000000000000e+00
2.7644692321252950e-02 4.4464577433343758e-03 0.0000000000000000e+00
2.7840350706743212e-02 6.9968970029870787e-03 0.0000000000000000e+00
4.9954647893075514e-02 8.8547254298738595e-03 0.0000000000000000e+00
4.4659351597205403e-02 7.4674822638802138e-03 0.0000000000000000e+00
2.9075269742041828e-02 6.6184744386202842e-03 0.0000000000000000e+00
2.7461355383989691e-02 6.2495622084118782e-03 0.0000000000000000e+00
2.7655856967452330e-02 6.0094021432900097e-03 0.0000000000000000e+00
3.0528901083293189e-02 7.0374145767998801e-03 0.0000000000000000e+00
2.7705018054499007e-02 5.4533161168762671e-03 0.0000000000000000e+00
3.1297032324580400e-02 7.8162718841958845e-03 0.0000000000000000e+00
3.2511557247851312e-02 7.5725383295335664e-03 0.0000000000000000e+00
3.3557276221760572e-02 7.8521190147852783e-03 0.0000000000000000e+00
3.4660983966247005e-02 8.1486677428071804e-03 0.0000000000000000e+00
2.8628245476660562e-02 6.3551010321257701e-03 0.0000000000000000e+00
4.1704775828918579e-02 9.8681684067188375e-03 0.0000000000000000e+00
3.5195674673251437e-02 8.2938638513494600e-03 0.0000000000000000e+00
4.7223863502586234e-02 1.0421527055070962e-02 0.0000000000000000e+00
2.8288403419123254e-02 7.0958054505498936e-03 0.0000000000000000e+00
4.9099886602769635e-02 1.1001200717570492e-02 0.0000000000000000e+00
4.7887299249134214e-02 8.3872551502504940e-03 0.0000000000000000e+00
4.3158205727902271e-02 9.9580166793798979e-03 0.0000000000000000e+00
3.6508118552205010e-02 8.9280338338792661e-03 0.0000000000000000e+00
2.8735668359516367e-02 7.1871380694028793e-03 0.0000000000000000e+00
2.9276127613848811e-02 7.2048166063164130e-03 0.0000000000000000e+00
3.0046253349328530e-02 6.8932107466677236e-03 0.0000000000000000e+00
2.9821376940656789e-02 7.4027097385391209e-03 0.0000000000000000e+00
2.7819709272534306e-02 4.9919236839895530e-03 0.0000000000000000e+00
3.0313353947398140e-02 7.5489758283278441e-03 0.0000000000000000e+00
3.1510697327991020e-02 7.3027390015175291e-03 0.0000000000000000e+00
4.3149903142189097e-02 7.1256035000451454e-03 0.0000000000000000e+00
3.1794826921986104e-02 7.9502537747474615e-03 0.0000000000000000e+00
3.2300712860673209e-02 8.0859129607819564e-03 0.0000000000000000e+00
3.2817134621815826e-02 8.2238299462737228e-03 0.0000000000000000e+00
5.0901787463766598e-02 1.1631066496170158e-02 0.0000000000000000e+00
5.3474817999077703e-02 8.7781485556855179e-03 0.0000000000000000e+00
5.3134882631648339e-02 1.0475358063219902e-02 0.0000000000000000e+00
3.7296067235914700e-02 9.1218830739520709e-03 0.0000000000000000e+00
3.3346939422104205e-02 8.3647676114632086e-03 0.0000000000000000e+00
3.9044626171621029e-02 9.4704925656364982e-03 0.0000000000000000e+00
2.7410109824228316e-02 6.9330732962923714e-03 0.0000000000000000e+00
5.2695191016386540e-02 1.2206815790130788e-02 0.0000000000000000e+00
3.3891787660750572e-02 8.5097228542394786e-03 0.0000000000000000e+00
2.7982143572605686e-02 5.7952150885917245e-03 0.0000000000000000e+00
3.4445491929986673e-02 8.6585241855700167e-03 0.0000000000000000e+00
2.8145984910099939e-02 5.0301552563664486e-03 0.0000000000000000e+00
4.0305544305746184e-02 9.4513016349653325e-03 0.0000000000000000e+00
4.1540717247647893e-02 8.4854481505310230e-03 0.0000000000000000e+00
3.4976544823376213e-02 8.8032825983374620e-03 0.0000000000000000e+00
2.7499965632679684e-02 6.5437477827379117e-03 0.0000000000000000e+00
2.8247032723037382e-02 6.1585965274011476e-03 0.0000000000000000e+00
3.0804798644205444e-02 7.6833718559561849e-03 0.0000000000000000e+00
4.5104757874005731e-02 9.7456045273859142e-03 0.0000000000000000e+00
3.3028689921214563e-02 7.7110027469647529e-03 0.0000000000000000e+00
3.2007347087101283e-02 7.4368874724529037e-03 0.0000000000000000e+00
3.1017932901556893e-02 7.1703659215744484e-03 0.0000000000000000e+00
2.9614285710184693e-02 6.7217091237392768e-03 0.0000000000000000e+00
3.5700075214769221e-02 8.7134540579730316e-03 0.0000000000000000e+00
3.4103081985899460e-02 7.9984857000698212e-03 0.0000000000000000e+00
4.6137211770106330e-02 7.9013723041260232e-03 0.0000000000000000e+00
5.1878263914727663e-02 8.4635355238502196e-03 0.0000000000000000e+00
3.8155074052476957e-02 9.2840837607683149e-03 0.0000000000000000e+00
4.3110381709873170e-02 8.5133238900202326e-03 0.0000000000000000e+00
2.7940766628973795e-02 6.4779319834149226e-03 0.0000000000000000e+00
5.1534457709834093e-02 1.0062377051559303e-02 0.0000000000000000e+00
2.8034886000847036e-02 5.3608732799533413e-03 0.0000000000000000e+00
2.8429434978243757e-02 6.6973882562713924e-03 0.0000000000000000e+00
4.4262446119865635e-02 8.5035179942150353e-03 0.0000000000000000e+00
2.8746556597706783e-02 6.8463209774207289e-03 0.0000000000000000e+00
6.0196419066707009e-02 1.1823827989789424e-02 0.0000000000000000e+00
6.2680485494792368e-02 1.3176649971004940e-02 0.0000000000000000e+00
6.2692503068765837e-02 1.0193521266165805e-02 0.0000000000000000e+00
5.6719594480539252e-02 1.2167629812175017e-02 0.0000000000000000e+00
6.2428801644776370e-02 1.4782988348731634e-02 0.0000000000000000e+00
2.7877394106945525e-02 4.1292425927500036e-03 0.0000000000000000e+00
2.7830058049387589e-02 4.4448708012245920e-03 0.0000000000000000e+00
2.8206064858139153e-02 4.0075183378733056e-03 0.0000000000000000e+00
2.8086770614028946e-02 4.3369790863534248e-03 0.0000000000000000e+00
2.7951155687667477e-02 3.9252183927034638e-03 0.0000000000000000e+00
2.9994857350280447e-02 5.7835685049432558e-03 0.0000000000000000e+00
3.4293129512471869e-02 6.8654427027365281e-03 0.0000000000000000e+00
3.6406213344617550e-02 7.1338266827385734e-03 0.0000000000000000e+00
3.1138445400435654e-02 6.0588111839938435e-03 0.0000000000000000e+00
3.3474007430546106e-02 6.6861977657645929e-03 0.0000000000000000e+00
3.8528808490514349e-02 7.5094785923048874e-03 0.0000000000000000e+00
2.9150827691241697e-02 5.0265023773731956e-03 0.0000000000000000e+00
3.7640296868876627e-02 6.1844523280346359e-03 0.0000000000000000e+00
3.0824046357662598e-02 5.1469685443445174e-03 0.0000000000000000e+00
4.0070727335748887e-02 6.6527888708948421e-03 0.0000000000000000e+00
3.6348069628412735e-02 5.9676666139922068e-03 0.0000000000000000e+00
3.4630797306481990e-02 6.0591408651227748e-03 0.0000000000000000e+00
3.3557571588379111e-02 5.6839779574804706e-03 0.0000000000000000e+00
3.2680450609093907e-02 6.5851505249086345e-03 0.0000000000000000e+00
3.7417431308087577e-02 7.4023028596723996e-03 0.0000000000000000e+00
3.8857742684987678e-02 6.4260535977664467e-03 0.0000000000000000e+00
3.5465187593932392e-02 6.8177767448935602e-03 0.0000000000000000e+00
3.2138395475199838e-02 5.7523818902267690e-03 0.0000000000000000e+00
5.1737253820632059e-02 2.1430272212445027e-02 0.0000000000000000e+00
6.0360129457404071e-02 2.5001984247852532e-02 0.0000000000000000e+00
2.6234807229734876e-02 9.7844207605075183e-03 0.0000000000000000e+00
2.7066298808995037e-02 1.0128835849636099e-02 0.0000000000000000e+00
2.7501856733993166e-02 9.0773059999065386e-03 0.0000000000000000e+00
3.4010897445970432e-02 1.0821398202182147e-02 0.0000000000000000e+00
3.6755426149842431e-02 1.1556792451988686e-02 0.0000000000000000e+00
3.9028502338309304e-02 1.6166134987637765e-02 0.0000000000000000e+00
2.6683615376629950e-02 1.1052715382147386e-02 0.0000000000000000e+00
2.5868626910316030e-02 1.0715136106222512e-02 0.0000000000000000e+00
3.2856058857469631e-02 1.3609425184892578e-02 0.0000000000000000e+00
5.3588658801003698e-02 1.6255941926249896e-02 0.0000000000000000e+00
5.3028087251725919e-02 1.8000610056977062e-02 0.0000000000000000e+00
5.2410731898410237e-02 1.9726002683589101e-02 0.0000000000000000e+00
6.2822037448620180e-02 1.7939789721415578e-02 0.0000000000000000e+00
6.2520101934504316e-02 1.8965265580624880e-02 0.0000000000000000e+00
6.2201428277309727e-02 1.9985663979641504e-02 0.0000000000000000e+00
6.1866101793680239e-02 2.1000711733139905e-02 0.0000000000000000e+00
6.1514212258624031e-02 2.2010137088291734e-02 0.0000000000000000e+00
6.1145853881478605e-02 2.3013669797520619e-02 0.0000000000000000e+00
6.0761125280688791e-02 2.4011041190854000e-02 0.0000000000000000e+00
5.7485837578480060e-02 2.3811413569383356e-02 0.0000000000000000e+00
5.4611545699556056e-02 2.2620842890914192e-02 0.0000000000000000e+00
2.6441642721343445e-02 9.8700948263118933e-03 0.0000000000000000e+00
2.6713801797665724e-02 9.9828268068475143e-03 0.0000000000000000e+00
2.7211471601527218e-02 9.7783577250173496e-03 0.0000000000000000e+00
2.7356656425363095e-02 9.4278505542620041e-03 0.0000000000000000e+00
2.7974975742888215e-02 9.2040778562637801e-03 0.0000000000000000e+00
2.8449474974877660e-02 9.3312195422845402e-03 0.0000000000000000e+00
2.8925731315033815e-02 9.4588320440195852e-03 0.0000000000000000e+00
2.9404227181173262e-02 9.5870446249332799e-03 0.0000000000000000e+00
2.9885581626542521e-02 9.7160231598431030e-03 0.0000000000000000e+00
3.0370591882122284e-02 9.8459812661465147e-03 0.0000000000000000e+00
3.0860288546909209e-02 9.9771950920123833e-03 0.0000000000000000e+00
3.1356011035584344e-02 1.0110023532522832e-02 0.0000000000000000e+00
3.1859511074048982e-02 1.0244935961218471e-02 0.0000000000000000e+00
3.2373098012338848e-02 1.0382551166576414e-02 0.0000000000000000e+00
3.2899845663318480e-02 1.0523692774271398e-02 0.0000000000000000e+00
3.3443894069205435e-02 1.0669470105272246e-02 0.0000000000000000e+00
3.4614526578295439e-02 1.0983140140716531e-02 0.0000000000000000e+00
3.5260966069613091e-02 1.1156353080370683e-02 0.0000000000000000e+00
3.5966652203808701e-02 1.1345441110138238e-02 0.0000000000000000e+00
3.7571253777797756e-02 1.1893350113338022e-02 0.0000000000000000e+00
3.8373174590481340e-02 1.2530108528303809e-02 0.0000000000000000e+00
3.9016641070763004e-02 1.3521950563924981e-02 0.0000000000000000e+00
3.9288347392494087e-02 1.4811179243585226e-02 0.0000000000000000e+00
4.0384736620250751e-02 1.6727905620973250e-02 0.0000000000000000e+00
4.1883360971930864e-02 1.7348656152341740e-02 0.0000000000000000e+00
4.3469326358831023e-02 1.8005584525050078e-02 0.0000000000000000e+00
4.5099984060844582e-02 1.8681025060812234e-02 0.0000000000000000e+00
4.6751073341935859e-02 1.9364928633729087e-02 0.0000000000000000e+00
4.8410991130471488e-02 2.0052489094164901e-02 0.0000000000000000e+00
5.0074061401064476e-02 2.0741355355424009e-02 0.0000000000000000e+00
2.6982207216163744e-02 7.4806746850803046e-03 0.0000000000000000e+00
2.6916471252265230e-02 7.7138560607506465e-03 0.0000000000000000e+00
2.6848720165772548e-02 7.9464599325761911e-03 0.0000000000000000e+00
2.6778959028923566e-02 8.1784688864868348e-03 0.0000000000000000e+00
2.6707193064440162e-02 8.4098655529514718e-03 0.0000000000000000e+00
2.6633427645137174e-02 8.6406326082783293e-03 0.0000000000000000e+00
2.6557668293520229e-02 8.8707527759120091e-03 0.0000000000000000e+00
2.6479920681372185e-02 9.1002088277268561e-03 0.0000000000000000e+00
2.6400190629328631e-02 9.3289835853167299e-03 0.0000000000000000e+00
2.6318484106442018e-02 9.5570599212811604e-03 0.0000000000000000e+00
2.6874953352899224e-02 1.0590784644841093e-02 0.0000000000000000e+00
2.6338517487518087e-02 1.0909771156130925e-02 0.0000000000000000e+00
2.6071994384137129e-02 1.0799373672024768e-02 0.0000000000000000e+00
2.5944519033542980e-02 1.0530049008343995e-02 0.0000000000000000e+00
2.6019086899271217e-02 1.0344424436776216e-02 0.0000000000000000e+00
2.6092326701415352e-02 1.0158271866149657e-02 0.0000000000000000e+00
2.6164234701676847e-02 9.9716007980448773e-03 0.0000000000000000e+00
3.7794013642141376e-02 1.5654793027088731e-02 0.0000000000000000e+00
3.6559524945973441e-02 1.5143451066539693e-02 0.0000000000000000e+00
3.5325036249805507e-02 1.4632109105990658e-02 0.0000000000000000e+00
3.4090547553637572e-02 1.4120767145441616e-02 0.0000000000000000e+00
3.1539403144837191e-02 1.3064048531744206e-02 0.0000000000000000e+00
3.0222747432204735e-02 1.2518671878595832e-02 0.0000000000000000e+00
2.8932332656433243e-02 1.1984164577384644e-02 0.0000000000000000e+00
2.7930809086898854e-02 1.1569319931847186e-02 0.0000000000000000e+00
2.7206939277548775e-02 1.1269483239421956e-02 0.0000000000000000e+00
2.7608899463801212e-02 7.8606848011215924e-03 0.0000000000000000e+00
4.7689356827447106e-02 1.7308906780730909e-02 0.0000000000000000e+00
4.2409874131661134e-02 1.5862646455772702e-02 0.0000000000000000e+00
2.8489159437803387e-02 8.8058678728777946e-03 0.0000000000000000e+00
2.6907012489093583e-02 8.3183980569789800e-03 0.0000000000000000e+00
2.6955375768887593e-02 8.6236335660803617e-03 0.0000000000000000e+00
2.9957511176154111e-02 9.1698707411749843e-03 0.0000000000000000e+00
2.6719907505940797e-02 9.1297987351675464e-03 0.0000000000000000e+00
3.1012160998247312e-02 8.8794261476904997e-03 0.0000000000000000e+00
3.1942103657998107e-02 9.6977680594182054e-03 0.0000000000000000e+00
3.2987513197248776e-02 9.9785035705373948e-03 0.0000000000000000e+00
3.4091626506338610e-02 1.0273538710853685e-02 0.0000000000000000e+00
2.7970338364627881e-02 8.8104438008926571e-03 0.0000000000000000e+00
4.1051479530338129e-02 1.2306303385417763e-02 0.0000000000000000e+00
3.4627280296043048e-02 1.0415140545827642e-02 0.0000000000000000e+00
4.6107828985623940e-02 1.4586624575374831e-02 0.0000000000000000e+00
2.8046378718738260e-02 7.9990539290733347e-03 0.0000000000000000e+00
4.8022349479718965e-02 1.5022624007837174e-02 0.0000000000000000e+00
4.5665245243502954e-02 1.6680073596428310e-02 0.0000000000000000e+00
4.2355110881808392e-02 1.2955207448298983e-02 0.0000000000000000e+00
3.6080975027523138e-02 1.0522155170116083e-02 0.0000000000000000e+00
2.8479387828767321e-02 8.1435900311490426e-03 0.0000000000000000e+00
2.8956278541186375e-02 8.3985095962464031e-03 0.0000000000000000e+00
2.9467424062395647e-02 9.0534310544101160e-03 0.0000000000000000e+00
2.9527424875709803e-02 8.4997537799110529e-03 0.0000000000000000e+00
2.6588536797906993e-02 9.5867219121789984e-03 0.0000000000000000e+00
3.0026622506520002e-02 8.6190721338124804e-03 0.0000000000000000e+00
3.0940433877761419e-02 9.4309911714739198e-03 0.0000000000000000e+00
4.0931714041996303e-02 1.5403997922760138e-02 0.0000000000000000e+00
3.1510254710743084e-02 9.0122917255286220e-03 0.0000000000000000e+00
3.2016194378080703e-02 9.1477503935095839e-03 0.0000000000000000e+00
3.2532387235043196e-02 9.2865216610316537e-03 0.0000000000000000e+00
4.9897774289743221e-02 1.5378094673093879e-02 0.0000000000000000e+00
5.0699625127793399e-02 1.9135309352121509e-02 0.0000000000000000e+00
5.1253837217721962e-02 1.7495515119337574e-02 0.0000000000000000e+00
3.6860283224530631e-02 1.0748251145563568e-02 0.0000000000000000e+00
3.3061680483734618e-02 9.4293684627716826e-03 0.0000000000000000e+00
3.8548884428708817e-02 1.1320625937617642e-02 0.0000000000000000e+00
2.7204388076449326e-02 7.7008373112254459e-03 0.0000000000000000e+00
5.1738781972529672e-02 1.5776182934622986e-02 0.0000000000000000e+00
3.3606010520997709e-02 9.5762576594388728e-03 0.0000000000000000e+00
2.7130854730515838e-02 8.9722682991875240e-03 0.0000000000000000e+00
3.4159933150005338e-02 9.7242440610077318e-03 0.0000000000000000e+00
2.6890215574863242e-02 9.7167502180567980e-03 0.0000000000000000e+00
3.9631276099618092e-02 1.1967704838163715e-02 0.0000000000000000e+00
4.0218040503154973e-02 1.3421744962968397e-02 0.0000000000000000e+00
3.4692217652817631e-02 9.8644060448343819e-03 0.0000000000000000e+00
2.7087542732468568e-02 8.0829310005307159e-03 0.0000000000000000e+00
2.7541946183381277e-02 8.7900153171306689e-03 0.0000000000000000e+00
3.0519424112324441e-02 8.7484041081222746e-03 0.0000000000000000e+00
4.3934668414128110e-02 1.4112437841050023e-02 0.0000000000000000e+00
3.2459185898973245e-02 9.8364206930842135e-03 0.0000000000000000e+00
3.1437619421402017e-02 9.5631400673201802e-03 0.0000000000000000e+00
3.0447500826416656e-02 9.2992474082647537e-03 0.0000000000000000e+00
2.9007578301820068e-02 8.9859719970844919e-03 0.0000000000000000e+00
3.5273899081991862e-02 1.0303965038471356e-02 0.0000000000000000e+00
3.3533378197167306e-02 1.0124649184882702e-02 0.0000000000000000e+00
4.3906683604757503e-02 1.6225816744921243e-02 0.0000000000000000e+00
4.9159662216312808e-02 1.8609495187877498e-02 0.0000000000000000e+00
3.7685305293105674e-02 1.1037284638550547e-02 0.0000000000000000e+00
4.1591347672604313e-02 1.4182436095534103e-02 0.0000000000000000e+00
2.7436379693611262e-02 8.3603296528618580e-03 0.0000000000000000e+00
4.9661338072750798e-02 1.7052954705809129e-02 0.0000000000000000e+00
2.6959360108910934e-02 9.3747905535147176e-03 0.0000000000000000e+00
2.7969307034532691e-02 8.4146091201832869e-03 0.0000000000000000e+00
4.2584161770551111e-02 1.4766960455404501e-02 0.0000000000000000e+00
2.8318408773651601e-02 8.4441904099447299e-03 0.0000000000000000e+00
5.8043542123516929e-02 1.9858474124218366e-02 0.0000000000000000e+00
6.0871217745534681e-02 1.9928929135730411e-02 0.0000000000000000e+00
5.9390060917467999e-02 2.2518403163866416e-02 0.0000000000000000e+00
5.5204424618586136e-02 1.7822320719081183e-02 0.0000000000000000e+00
6.1456422326561906e-02 1.8411957368537218e-02 0.0000000000000000e+00
2.6207152784300431e-02 1.0362668069762536e-02 0.0000000000000000e+00
2.6323972660177553e-02 1.0065657994293604e-02 0.0000000000000000e+00
2.6430927876876675e-02 1.0632419742339302e-02 0.0000000000000000e+00
2.6492346405192036e-02 1.0287451242550582e-02 0.0000000000000000e+00
2.6169020087005668e-02 1.0576239000350615e-02 0.0000000000000000e+00
2.8868092700704891e-02 9.9887114253317741e-03 0.0000000000000000e+00
3.3131442684438760e-02 1.1200916967439602e-02 0.0000000000000000e+00
3.5095618953404115e-02 1.2025031538861898e-02 0.0000000000000000e+00
2.9996090343128907e-02 1.0322138298145883e-02 0.0000000000000000e+00
3.2332439684204288e-02 1.0946586595394157e-02 0.0000000000000000e+00
3.7121666226483441e-02 1.2761005015145736e-02 0.0000000000000000e+00
2.7758608510644784e-02 1.0222335094632785e-02 0.0000000000000000e+00
3.5689679458452347e-02 1.3464255609866504e-02 0.0000000000000000e+00
2.9267891465337269e-02 1.0954617666949532e-02 0.0000000000000000e+00
3.8028662256325493e-02 1.4273879499665115e-02 0.0000000000000000e+00
3.4462184983727134e-02 1.3005883925172851e-02 0.0000000000000000e+00
3.3020720653284506e-02 1.2068028738936249e-02 0.0000000000000000e+00
3.1903698463591458e-02 1.1856316488460680e-02 0.0000000000000000e+00
3.1594675697052273e-02 1.0637317662231643e-02 0.0000000000000000e+00
3.6105597486999243e-02 1.2298133331061296e-02 0.0000000000000000e+00
3.6864819097801496e-02 1.3863745680747707e-02 0.0000000000000000e+00
3.4122641778772951e-02 1.1828225938557591e-02 0.0000000000000000e+00
3.0708857863507300e-02 1.1087488888393986e-02 0.0000000000000000e+00
2.4248711305964284e-02 1.4000000000000000e-02 0.0000000000000000e+00
4.8497422611928569e-02 2.8000000000000001e-02 0.0000000000000000e+00
5.6580326380583336e-02 3.2666666666666670e-02 0.0000000000000000e+00
2.5469440365004700e-02 1.1632179825530092e-02 0.0000000000000000e+00
2.6300931944264857e-02 1.1976594914658672e-02 0.0000000000000000e+00
2.5865374019266738e-02 1.3028124764388235e-02 0.0000000000000000e+00
3.1701220268968835e-02 1.6397452167603008e-02 0.0000000000000000e+00
3.4161897387521643e-02 1.7818124764388227e-02 0.0000000000000000e+00
4.9387590803507887e-02 2.6398217262255864e-02 0.0000000000000000e+00
5.0224873525830556e-02 2.4768166652264056e-02 0.0000000000000000e+00
5.1008374195585869e-02 2.3111593669046086e-02 0.0000000000000000e+00
5.7107235652948257e-02 3.1736541722800882e-02 0.0000000000000000e+00
5.7618855937425870e-02 3.0797920139298510e-02 0.0000000000000000e+00
5.8115050260894613e-02 2.9851053207854146e-02 0.0000000000000000e+00
5.8595685780135659e-02 2.8896194427641405e-02 0.0000000000000000e+00
5.9060633817398310e-02 2.7933599437445077e-02 0.0000000000000000e+00
5.9509769894850163e-02 2.6963525947220429e-02 0.0000000000000000e+00
5.9942973767902794e-02 2.5986233669098028e-02 0.0000000000000000e+00
5.1191723868146834e-02 2.9555555555555561e-02 0.0000000000000000e+00
5.3886025124365071e-02 3.1111111111111110e-02 0.0000000000000000e+00
2.5676275856613265e-02 1.1717853891334467e-02 0.0000000000000000e+00
2.5948434932935544e-02 1.1830585871870088e-02 0.0000000000000000e+00
2.6155759151732690e-02 1.2327073039277424e-02 0.0000000000000000e+00
2.6010574327896798e-02 1.2677580210032766e-02 0.0000000000000000e+00
2.6289560918058497e-02 1.3273029184592371e-02 0.0000000000000000e+00
2.6714985291022810e-02 1.3518648060843146e-02 0.0000000000000000e+00
2.7141985044071344e-02 1.3765176483209622e-02 0.0000000000000000e+00
2.7570992701185786e-02 1.4012864169529052e-02 0.0000000000000000e+00
2.8002563290322916e-02 1.4262031565341700e-02 0.0000000000000000e+00
2.8437411589225692e-02 1.4513091347769871e-02 0.0000000000000000e+00
2.8876461607676148e-02 1.4766576994109949e-02 0.0000000000000000e+00
2.9320914232024375e-02 1.5023181836419435e-02 0.0000000000000000e+00
2.9772340016747445e-02 1.5283812634748435e-02 0.0000000000000000e+00
3.0232809468444023e-02 1.5549664796639058e-02 0.0000000000000000e+00
3.0705078492334503e-02 1.5822329444712145e-02 0.0000000000000000e+00
3.1192858948724873e-02 1.6103949622514567e-02 0.0000000000000000e+00
3.2242419343297517e-02 1.6709913598851850e-02 0.0000000000000000e+00
3.2822001135453714e-02 1.7044535302570638e-02 0.0000000000000000e+00
3.3454702014422591e-02 1.7409825325359833e-02 0.0000000000000000e+00
3.4976756840128589e-02 1.8157019807794373e-02 0.0000000000000000e+00
3.5994056677951698e-02 1.8273807259217657e-02 0.0000000000000000e+00
3.7150394418878692e-02 1.8027468541637462e-02 0.0000000000000000e+00
3.8254142143353938e-02 1.7307971582336830e-02 0.0000000000000000e+00
2.4492922482049127e-02 1.4140995388251698e-02 0.0000000000000000e+00
2.4833944326078095e-02 1.4337884441701365e-02 0.0000000000000000e+00
2.5259826186932854e-02 1.4583767448708838e-02 0.0000000000000000e+00
2.5689380382428521e-02 1.4831770679109796e-02 0.0000000000000000e+00
2.6120343079372631e-02 1.5080587108201165e-02 0.0000000000000000e+00
2.6553105384554295e-02 1.5330442541592925e-02 0.0000000000000000e+00
2.6988169941436414e-02 1.5581627180623678e-02 0.0000000000000000e+00
2.7426184839311606e-02 1.5834515199820987e-02 0.0000000000000000e+00
2.7867988772523229e-02 1.6089590819589755e-02 0.0000000000000000e+00
2.8314672221465633e-02 1.6347483629079201e-02 0.0000000000000000e+00
2.8767661328431515e-02 1.6609017011925919e-02 0.0000000000000000e+00
2.9228834946588785e-02 1.6875275724512175e-02 0.0000000000000000e+00
2.9700690693257387e-02 1.7147701766869961e-02 0.0000000000000000e+00
3.0186585717233733e-02 1.7428233389760604e-02 0.0000000000000000e+00
3.0691092785101320e-02 1.7719510681202023e-02 0.0000000000000000e+00
3.1220537350169619e-02 1.8025185643365194e-02 0.0000000000000000e+00
3.1783822822834332e-02 1.8350398662638771e-02 0.0000000000000000e+00
3.2393698439873955e-02 1.8702510514308785e-02 0.0000000000000000e+00
3.3068650394199657e-02 1.9092194206828790e-02 0.0000000000000000e+00
3.3835375041099722e-02 1.9534862888110866e-02 0.0000000000000000e+00
3.4730565356397451e-02 2.0051701257623955e-02 0.0000000000000000e+00
3.5796855097882885e-02 2.0667323926904711e-02 0.0000000000000000e+00
3.7063187969277100e-02 2.1398441551087829e-02 0.0000000000000000e+00
3.8514803613414576e-02 2.2236532233990473e-02 0.0000000000000000e+00
4.0094273531557950e-02 2.3148439616407467e-02 0.0000000000000000e+00
4.1741500425636201e-02 2.4099466507119936e-02 0.0000000000000000e+00
4.3418940027932000e-02 2.5067936713054753e-02 0.0000000000000000e+00
4.5108713568610161e-02 2.6043527921634800e-02 0.0000000000000000e+00
4.6802912506366298e-02 2.7021674134409080e-02 0.0000000000000000e+00
2.4368937491600805e-02 1.3789665896259153e-02 0.0000000000000000e+00
2.4487339277743242e-02 1.3578299418435776e-02 0.0000000000000000e+00
2.4603907800149594e-02 1.3365916390645952e-02 0.0000000000000000e+00
2.4718634331826611e-02 1.3152532713110541e-02 0.0000000000000000e+00
2.4831510283683113e-02 1.2938164360964826e-02 0.0000000000000000e+00
2.4942527205172971e-02 1.2722827383062544e-02 0.0000000000000000e+00
2.5051676784927892e-02 1.2506537900774346e-02 0.0000000000000000e+00
2.5158950851379515e-02 1.2289312106780833e-02 0.0000000000000000e+00
2.5264341373371274e-02 1.2071166263860371e-02 0.0000000000000000e+00
2.5367840460759610e-02 1.1852116703671443e-02 0.0000000000000000e+00
2.6492277400360684e-02 1.1514646119453685e-02 0.0000000000000000e+00
2.5791414403268414e-02 1.0899676283214971e-02 0.0000000000000000e+00
2.5712885453473035e-02 1.1083660120040442e-02 0.0000000000000000e+00
2.5633044069196566e-02 1.1267078225814667e-02 0.0000000000000000e+00
2.5551894325694807e-02 1.1449921238529358e-02 0.0000000000000000e+00
2.5080783559594581e-02 1.3964096504308366e-02 0.0000000000000000e+00
4.5960712962693474e-02 2.1482222243532186e-02 0.0000000000000000e+00
4.1204894464207165e-02 1.8771724711323896e-02 0.0000000000000000e+00
2.6371566715920156e-02 1.3918188941630856e-02 0.0000000000000000e+00
2.4908126667208031e-02 1.3144135317810356e-02 0.0000000000000000e+00
2.5158158768655316e-02 1.2962499222568608e-02 0.0000000000000000e+00
2.7667237083819299e-02 1.4699081516441411e-02 0.0000000000000000e+00
2.5349570386633408e-02 1.2438085193622732e-02 0.0000000000000000e+00
2.8207611783186742e-02 1.5650206899032546e-02 0.0000000000000000e+00
2.9443835659123015e-02 1.5729120544745165e-02 0.0000000000000000e+00
3.0381561817076515e-02 1.6269826735434173e-02 0.0000000000000000e+00
3.1370909173538221e-02 1.6841931395083935e-02 0.0000000000000000e+00
2.6007940486584800e-02 1.3548091372836440e-02 0.0000000000000000e+00
3.7729650128810709e-02 2.0325908978474968e-02 0.0000000000000000e+00
3.1849801218345047e-02 1.7120568204413673e-02 0.0000000000000000e+00
4.2917459693394229e-02 2.2288857389654450e-02 0.0000000000000000e+00
2.5487969856070550e-02 1.4175599303421244e-02 0.0000000000000000e+00
4.4579528272777058e-02 2.3334329658462057e-02 0.0000000000000000e+00
4.4084797726952812e-02 2.0495611425502526e-02 0.0000000000000000e+00
3.9110301160805522e-02 2.0788871084064159e-02 0.0000000000000000e+00
3.2953389387270257e-02 1.8072814840297911e-02 0.0000000000000000e+00
2.5896355991991655e-02 1.4379580523534340e-02 0.0000000000000000e+00
2.6413824001765524e-02 1.4536537827033270e-02 0.0000000000000000e+00
2.7238357870197873e-02 1.4434872887041332e-02 0.0000000000000000e+00
2.6889275896781851e-02 1.4868808824399655e-02 0.0000000000000000e+00
2.5579770745079521e-02 1.2022098598176649e-02 0.0000000000000000e+00
2.7326632743843716e-02 1.5137424037134093e-02 0.0000000000000000e+00
2.8546908418478761e-02 1.5209472797159413e-02 0.0000000000000000e+00
3.9835363953251407e-02 1.8050821176117025e-02 0.0000000000000000e+00
2.8653767376034492e-02 1.5908462189729088e-02 0.0000000000000000e+00
2.9107304488380021e-02 1.6170431816674949e-02 0.0000000000000000e+00
2.9570434062236965e-02 1.6437309181934475e-02 0.0000000000000000e+00
4.6157009591466611e-02 2.4409099541319791e-02 0.0000000000000000e+00
4.9380755734466077e-02 2.2319341728491107e-02 0.0000000000000000e+00
4.8613133239718019e-02 2.3870738477247275e-02 0.0000000000000000e+00
3.3664317495446433e-02 1.8463994953598274e-02 0.0000000000000000e+00
3.0045708849804106e-02 1.6710568085139252e-02 0.0000000000000000e+00
3.5263068954482266e-02 1.9253286218950758e-02 0.0000000000000000e+00
2.4681721570469668e-02 1.3791093003305879e-02 0.0000000000000000e+00
4.7740289517419439e-02 2.5429397648796620e-02 0.0000000000000000e+00
3.0534474657402787e-02 1.6991601198645095e-02 0.0000000000000000e+00
2.5528763116315457e-02 1.2840059602354280e-02 0.0000000000000000e+00
3.1030799292699498e-02 1.7278641457796336e-02 0.0000000000000000e+00
2.5885033750837741e-02 1.2143473810270087e-02 0.0000000000000000e+00
3.6485989323420912e-02 1.9561098830811682e-02 0.0000000000000000e+00
3.7929056044487451e-02 1.8947842287144766e-02 0.0000000000000000e+00
3.1506290763386964e-02 1.7555913950027036e-02 0.0000000000000000e+00
2.4869280474147142e-02 1.3438289829470670e-02 0.0000000000000000e+00
2.5690576350820570e-02 1.3259617475867132e-02 0.0000000000000000e+00
2.7766547617146350e-02 1.5394435878319328e-02 0.0000000000000000e+00
4.1045502461292523e-02 2.1087501468332291e-02 0.0000000000000000e+00
2.9907510235642268e-02 1.5996710686275208e-02 0.0000000000000000e+00
2.8991915068274150e-02 1.5467592686196395e-02 0.0000000000000000e+00
2.8105195206857666e-02 1.4954073402226792e-02 0.0000000000000000e+00
2.6865497057707598e-02 1.4157413588325857e-02 0.0000000000000000e+00
3.2228416791578583e-02 1.7656409687954174e-02 0.0000000000000000e+00
3.0870887215075537e-02 1.6552471023544714e-02 0.0000000000000000e+00
4.2520098766960286e-02 1.9573328665712188e-02 0.0000000000000000e+00
4.7920030755801500e-02 2.1602230272188279e-02 0.0000000000000000e+00
3.4452073737645521e-02 1.8842996110035110e-02 0.0000000000000000e+00
3.9438020714882865e-02 1.9381027241088807e-02 0.0000000000000000e+00
2.5312095923055011e-02 1.3488804342067817e-02 0.0000000000000000e+00
4.7174128825784443e-02 2.3057609002295077e-02 0.0000000000000000e+00
2.5692124322054866e-02 1.2434168376867175e-02 0.0000000000000000e+00
2.5727313839122443e-02 1.3827259499290898e-02 0.0000000000000000e+00
4.0553367434631740e-02 1.9669731683571518e-02 0.0000000000000000e+00
2.5995083176764001e-02 1.4053194575759336e-02 0.0000000000000000e+00
5.5085043956878237e-02 2.7000920522373444e-02 0.0000000000000000e+00
5.7134331780611620e-02 2.8950569913289339e-02 0.0000000000000000e+00
5.7918030388486322e-02 2.6072199231161219e-02 0.0000000000000000e+00
5.1637706836247653e-02 2.6433139162360030e-02 0.0000000000000000e+00
5.6475472884786548e-02 3.0437033064365970e-02 0.0000000000000000e+00
2.5858768312685146e-02 1.1203742586056342e-02 0.0000000000000000e+00
2.5731354600650420e-02 1.1496364550911234e-02 0.0000000000000000e+00
2.6207744435021905e-02 1.1171232234562208e-02 0.0000000000000000e+00
2.6007244327387838e-02 1.1458591257920852e-02 0.0000000000000000e+00
2.5982821877126239e-02 1.1025761243931129e-02 0.0000000000000000e+00
2.7475909692757948e-02 1.3349738524422656e-02 0.0000000000000000e+00
3.1347712135844086e-02 1.5507223449476077e-02 0.0000000000000000e+00
3.3319331497002530e-02 1.6313368806779822e-02 0.0000000000000000e+00
2.8509292877675087e-02 1.3911584903746436e-02 0.0000000000000000e+00
3.0602892965454861e-02 1.5122081740556913e-02 0.0000000000000000e+00
3.5272375098655169e-02 1.7225588736724987e-02 0.0000000000000000e+00
2.6856582779155608e-02 1.2400017849203466e-02 0.0000000000000000e+00
3.4757080808811507e-02 1.5715747918080256e-02 0.0000000000000000e+00
2.8441608963777832e-02 1.2949440088565889e-02 0.0000000000000000e+00
3.6983481948953519e-02 1.6797167972847818e-02 0.0000000000000000e+00
3.3564993415313507e-02 1.5171895977683829e-02 0.0000000000000000e+00
3.1882560450460118e-02 1.4815790536748192e-02 0.0000000000000000e+00
3.0943003317420788e-02 1.4175639739651935e-02 0.0000000000000000e+00
2.9862528887374905e-02 1.4819089982176042e-02 0.0000000000000000e+00
3.4226606296178880e-02 1.6834419347519385e-02 0.0000000000000000e+00
3.5870512154773188e-02 1.6264214987768366e-02 0.0000000000000000e+00
3.2492170164330439e-02 1.5764532623209052e-02 0.0000000000000000e+00
2.9554480217093729e-02 1.3874403058465960e-02 0.0000000000000000e+00
4.4427787056309176e-02 3.4090640024488354e-02 0.0000000000000000e+00
5.1832418232360705e-02 3.9772413361903076e-02 0.0000000000000000e+00
2.2808483412800250e-02 1.6241092463501826e-02 0.0000000000000000e+00
2.3522501419062359e-02 1.6788977749609673e-02 0.0000000000000000e+00
2.4215374019266735e-02 1.5886008596876881e-02 0.0000000000000000e+00
3.0051220268968833e-02 1.9255336000091654e-02 0.0000000000000000e+00
3.2511897387521652e-02 2.0676008596876874e-02 0.0000000000000000e+00
3.3514534749457391e-02 2.5716607002817339e-02 0.0000000000000000e+00
2.2913739990053646e-02 1.7582331089900909e-02 0.0000000000000000e+00
2.2213893528154588e-02 1.7045320012244174e-02 0.0000000000000000e+00
2.8214137369755525e-02 2.1649469046359126e-02 0.0000000000000000e+00
4.7555322165488419e-02 2.9571799636420610e-02 0.0000000000000000e+00
4.6562298288942532e-02 3.1111933049097734e-02 0.0000000000000000e+00
4.5519414337130450e-02 3.2618751024596944e-02 0.0000000000000000e+00
5.6038269186684454e-02 3.3588045953957146e-02 0.0000000000000000e+00
5.5481209193069828e-02 3.4500432909157379e-02 0.0000000000000000e+00
5.4909295538169964e-02 3.5403583264217123e-02 0.0000000000000000e+00
5.4322681337099624e-02 3.6297255223947354e-02 0.0000000000000000e+00
5.3721523640665313e-02 3.7181209530754704e-02 0.0000000000000000e+00
5.3105983393318852e-02 3.8055209528696426e-02 0.0000000000000000e+00
5.2476225390068798e-02 3.8919021226839004e-02 0.0000000000000000e+00
4.9364207840343517e-02 3.7878488916098164e-02 0.0000000000000000e+00
4.6895997448326336e-02 3.5984564470293252e-02 0.0000000000000000e+00
2.2986097076036622e-02 1.6377380220736901e-02 0.0000000000000000e+00
2.3219805373160544e-02 1.6556710904434689e-02 0.0000000000000000e+00
2.3753437982186848e-02 1.6488015361029111e-02 0.0000000000000000e+00
2.3984393684351634e-02 1.6187028029965592e-02 0.0000000000000000e+00
2.4639560918058495e-02 1.6130913017081017e-02 0.0000000000000000e+00
2.5064985291022811e-02 1.6376531893331794e-02 0.0000000000000000e+00
2.5491985044071346e-02 1.6623060315698268e-02 0.0000000000000000e+00
2.5920992701185780e-02 1.6870748002017696e-02 0.0000000000000000e+00
2.6352563290322914e-02 1.7119915397830344e-02 0.0000000000000000e+00
2.6787411589225693e-02 1.7370975180258513e-02 0.0000000000000000e+00
2.7226461607676146e-02 1.7624460826598593e-02 0.0000000000000000e+00
2.7670914232024377e-02 1.7881065668908080e-02 0.0000000000000000e+00
2.8122340016747446e-02 1.8141696467237081e-02 0.0000000000000000e+00
2.8582809468444024e-02 1.8407548629127701e-02 0.0000000000000000e+00
2.9055078492334505e-02 1.8680213277200791e-02 0.0000000000000000e+00
2.9542858948724875e-02 1.8961833455003210e-02 0.0000000000000000e+00
3.0592419343297518e-02 1.9567797431340496e-02 0.0000000000000000e+00
3.1172001135453722e-02 1.9902419135059284e-02 0.0000000000000000e+00
3.1804702014422599e-02 2.0267709157848479e-02 0.0000000000000000e+00
3.3212818830631478e-02 2.1212250061645298e-02 0.0000000000000000e+00
3.3822609649318824e-02 2.2034863838754252e-02 0.0000000000000000e+00
3.4187442932422200e-02 2.3159451056541842e-02 0.0000000000000000e+00
3.4116214149959807e-02 2.4475073104956984e-02 0.0000000000000000e+00
3.4679159529996721e-02 2.6610255027794235e-02 0.0000000000000000e+00
3.5966057435414582e-02 2.7597726521394954e-02 0.0000000000000000e+00
3.7327956788096847e-02 2.8642748649619135e-02 0.0000000000000000e+00
3.8728234301819431e-02 2.9717219376558548e-02 0.0000000000000000e+00
4.0146056810250005e-02 3.0805152851441357e-02 0.0000000000000000e+00
4.1571460529892960e-02 3.1898903594288992e-02 0.0000000000000000e+00
4.2999571347249847e-02 3.2994731566271626e-02 0.0000000000000000e+00
2.4126669721660738e-02 1.4209285982831752e-02 0.0000000000000000e+00
2.4002821875428473e-02 1.4417508176396244e-02 0.0000000000000000e+00
2.3877177039233009e-02 1.4624650991976674e-02 0.0000000000000000e+00
2.3749744619572903e-02 1.4830698921664755e-02 0.0000000000000000e+00
2.3620534156775553e-02 1.5035636539521689e-02 0.0000000000000000e+00
2.3489555324282940e-02 1.5239448502732992e-02 0.0000000000000000e+00
2.3356817927927438e-02 1.5442119552757250e-02 0.0000000000000000e+00
2.3222331905197621e-02 1.5643634516468375e-02 0.0000000000000000e+00
2.3086107324494412e-02 1.5843978307291569e-02 0.0000000000000000e+00
2.2948154384377157e-02 1.6043135926332833e-02 0.0000000000000000e+00
2.3218114755215138e-02 1.7185662173089873e-02 0.0000000000000000e+00
2.2617397714443151e-02 1.7354939664145880e-02 0.0000000000000000e+00
2.2388529137002851e-02 1.7179322627975589e-02 0.0000000000000000e+00
2.2335103755925127e-02 1.6886181931154827e-02 0.0000000000000000e+00
2.2455173957604022e-02 1.6726181947286776e-02 0.0000000000000000e+00
2.2574098004580288e-02 1.6565328227342930e-02 0.0000000000000000e+00
2.2691869826744811e-02 1.6403628981602469e-02 0.0000000000000000e+00
3.2454455273517022e-02 2.4903179411525696e-02 0.0000000000000000e+00
3.1394375797576653e-02 2.4089751820234057e-02 0.0000000000000000e+00
3.0334296321636284e-02 2.3276324228942418e-02 0.0000000000000000e+00
2.9274216845695901e-02 2.2462896637650769e-02 0.0000000000000000e+00
2.7083499477181878e-02 2.0781900077755711e-02 0.0000000000000000e+00
2.5952861584608224e-02 1.9914331109152292e-02 0.0000000000000000e+00
2.4844757295365325e-02 1.9064052782520973e-02 0.0000000000000000e+00
2.3984729508938745e-02 1.8404130251584050e-02 0.0000000000000000e+00
2.3363128411636756e-02 1.7927158953866897e-02 0.0000000000000000e+00
2.4633654093425814e-02 1.4738547457273821e-02 0.0000000000000000e+00
4.1584506673988754e-02 2.9062033879971198e-02 0.0000000000000000e+00
3.6859237704958192e-02 2.6298623010598238e-02 0.0000000000000000e+00
2.5239288556084049e-02 1.5879352242767583e-02 0.0000000000000000e+00
2.3837218429608037e-02 1.4999002795577601e-02 0.0000000000000000e+00
2.3804933007608112e-02 1.5306354994813429e-02 0.0000000000000000e+00
2.6563396547446206e-02 1.6610989408893693e-02 0.0000000000000000e+00
2.3446482945429080e-02 1.5734329333034876e-02 0.0000000000000000e+00
2.7657282640638041e-02 1.6603404934812709e-02 0.0000000000000000e+00
2.8343735800498548e-02 1.7634549393282069e-02 0.0000000000000000e+00
2.9280864176595492e-02 1.8176290972518477e-02 0.0000000000000000e+00
3.0270995023706494e-02 1.8747038586556415e-02 0.0000000000000000e+00
2.4736961544961550e-02 1.5749491475078026e-02 0.0000000000000000e+00
3.6467578594774890e-02 2.2511880998211400e-02 0.0000000000000000e+00
3.0751747601418897e-02 1.9022452858364534e-02 0.0000000000000000e+00
4.0761446567466379e-02 2.6023181665546877e-02 0.0000000000000000e+00
2.5020414038667071e-02 1.4985429734538473e-02 0.0000000000000000e+00
4.2497886400897335e-02 2.6939839143720511e-02 0.0000000000000000e+00
3.9792119024056195e-02 2.7930749039488348e-02 0.0000000000000000e+00
3.7558841055202061e-02 2.3476078812885517e-02 0.0000000000000000e+00
3.2128211463225524e-02 1.9502064930027600e-02 0.0000000000000000e+00
2.5401260025140506e-02 1.5237111892742967e-02 0.0000000000000000e+00
2.5795923042167022e-02 1.5606773683103446e-02 0.0000000000000000e+00
2.6120145555675954e-02 1.6371673429442485e-02 0.0000000000000000e+00
2.6321404114335263e-02 1.5852391603781844e-02 0.0000000000000000e+00
2.3201328165362033e-02 1.6141681989132538e-02 0.0000000000000000e+00
2.6772710135937176e-02 1.6096846137489268e-02 0.0000000000000000e+00
2.7445244029747795e-02 1.7117611491330745e-02 0.0000000000000000e+00
3.5550151674313142e-02 2.5473026564456099e-02 0.0000000000000000e+00
2.8104016079466856e-02 1.6860659366911099e-02 0.0000000000000000e+00
2.8557656987594673e-02 1.7122449214288436e-02 0.0000000000000000e+00
2.9020344352532951e-02 1.7390092507862644e-02 0.0000000000000000e+00
4.4217405082019330e-02 2.7768593098272173e-02 0.0000000000000000e+00
4.4019494799852420e-02 3.1605318059876153e-02 0.0000000000000000e+00
4.4979232548249821e-02 3.0164839104529870e-02 0.0000000000000000e+00
3.2822447432887002e-02 1.9922156675322395e-02 0.0000000000000000e+00
2.9494630898302131e-02 1.7665063096071656e-02 0.0000000000000000e+00
3.4305369449185337e-02 2.0912070420508622e-02 0.0000000000000000e+00
2.4284297672051557e-02 1.4479451387508139e-02 0.0000000000000000e+00
4.5892649125503865e-02 2.8629604681710850e-02 0.0000000000000000e+00
2.9982395617702162e-02 1.7947830145200402e-02 0.0000000000000000e+00
2.3884199359902852e-02 1.5688527584747237e-02 0.0000000000000000e+00
3.0479142091684366e-02 1.8234139758315782e-02 0.0000000000000000e+00
2.3459073685303779e-02 1.6345359900908032e-02 0.0000000000000000e+00
3.5183403175131460e-02 2.1817244220884473e-02 0.0000000000000000e+00
3.5373840789812136e-02 2.3373604932517462e-02 0.0000000000000000e+00
3.0957012849070507e-02 1.8507291205098603e-02 0.0000000000000000e+00
2.4072540612813227e-02 1.4818283749716396e-02 0.0000000000000000e+00
2.4328453753975316e-02 1.5618883019740765e-02 0.0000000000000000e+00
2.7215246356128323e-02 1.6349317672679345e-02 0.0000000000000000e+00
3.8785063204563673e-02 2.5002697108409872e-02 0.0000000000000000e+00
2.8807312949125467e-02 1.7902308284871715e-02 0.0000000000000000e+00
2.7891285735773545e-02 1.7373938610388072e-02 0.0000000000000000e+00
2.7003205059814427e-02 1.6862776326345977e-02 0.0000000000000000e+00
2.5693428348227000e-02 1.6187496143107938e-02 0.0000000000000000e+00
3.1405107725183283e-02 1.9082422821282932e-02 0.0000000000000000e+00
2.9770304009333299e-02 1.8458737053847294e-02 0.0000000000000000e+00
3.8211049244609066e-02 2.7036821370754888e-02 0.0000000000000000e+00
4.2668095572017034e-02 3.0698848848561562e-02 0.0000000000000000e+00
3.3544550183524528e-02 2.0414873014838159e-02 0.0000000000000000e+00
3.6503472299662582e-02 2.4463814193521078e-02 0.0000000000000000e+00
2.4337695188436079e-02 1.5176515921360248e-02 0.0000000000000000e+00
4.3555539559408531e-02 2.9325189463381557e-02 0.0000000000000000e+00
2.3614367850327531e-02 1.6032948151653972e-02 0.0000000000000000e+00
2.4838414910666840e-02 1.5366877606169539e-02 0.0000000000000000e+00
3.7311171040912465e-02 2.5285380565609895e-02 0.0000000000000000e+00
2.5167965095315263e-02 1.5485805116687441e-02 0.0000000000000000e+00
5.0926005076379122e-02 3.4204587174052302e-02 0.0000000000000000e+00
5.3639094889251830e-02 3.5004497793613580e-02 0.0000000000000000e+00
5.1538202060957897e-02 3.7122386038007639e-02 0.0000000000000000e+00
4.8710623434496933e-02 3.1502996332183821e-02 0.0000000000000000e+00
5.4596980291961125e-02 3.3690677676781390e-02 0.0000000000000000e+00
2.2632109853328926e-02 1.6792478976333226e-02 0.0000000000000000e+00
2.2821821052581220e-02 1.6535824482493234e-02 0.0000000000000000e+00
2.2778443124217427e-02 1.7110956339338110e-02 0.0000000000000000e+00
2.2927053284635665e-02 1.6793638640986173e-02 0.0000000000000000e+00
2.2540000271869393e-02 1.6988903185631829e-02 0.0000000000000000e+00
2.5299167542408782e-02 1.7119966523804139e-02 0.0000000000000000e+00
2.9103505517330080e-02 1.9394303335424676e-02 0.0000000000000000e+00
3.0787457556477230e-02 2.0698703110129266e-02 0.0000000000000000e+00
2.6302432372386057e-02 1.7733979424124167e-02 0.0000000000000000e+00
2.8397553428154525e-02 1.8941841867101541e-02 0.0000000000000000e+00
3.2553984990474523e-02 2.1933978518886527e-02 0.0000000000000000e+00
2.4167021854368486e-02 1.7058474020986703e-02 0.0000000000000000e+00
3.0988777340935660e-02 2.2242640982779210e-02 0.0000000000000000e+00
2.5435348563371585e-02 1.8156435842851860e-02 0.0000000000000000e+00
3.3038515150597338e-02 2.3630050901773052e-02 0.0000000000000000e+00
2.9921744047905891e-02 2.1482188986676982e-02 0.0000000000000000e+00
2.8772131207203080e-02 2.0203212019417396e-02 0.0000000000000000e+00
2.7747965788145194e-02 1.9709607072446584e-02 0.0000000000000000e+00
2.7764972829219390e-02 1.8452163646625285e-02 0.0000000000000000e+00
3.1692337961001488e-02 2.1223900864059626e-02 0.0000000000000000e+00
3.2020479429405620e-02 2.2932667278907883e-02 0.0000000000000000e+00
2.9898570812652795e-02 2.0256778474792424e-02 0.0000000000000000e+00
2.6792825619522901e-02 1.8657729134414817e-02 0.0000000000000000e+00
1.9798989873223333e-02 1.9798989873223330e-02 0.0000000000000000e+00
3.9597979746446667e-02 3.9597979746446660e-02 0.0000000000000000e+00
4.6197643037521115e-02 4.6197643037521101e-02 0.0000000000000000e+00
2.1590960554782813e-02 1.7827799144084298e-02 0.0000000000000000e+00
2.2304978561044918e-02 1.8375684430192146e-02 0.0000000000000000e+00
2.1612105960840559e-02 1.9278653582924944e-02 0.0000000000000000e+00
2.6377054470542210e-02 2.4043602092626598e-02 0.0000000000000000e+00
2.8386188924607671e-02 2.6052736546692056e-02 0.0000000000000000e+00
4.0872388071078805e-02 3.8281168913280789e-02 0.0000000000000000e+00
4.2103029218822752e-02 3.6923365645603841e-02 0.0000000000000000e+00
4.3288585388313296e-02 3.5526023913164131e-02 0.0000000000000000e+00
4.6947332361606954e-02 4.5435585487294622e-02 0.0000000000000000e+00
4.7684452749591932e-02 4.4661363732160918e-02 0.0000000000000000e+00
4.8408806856524017e-02 4.3875185050005198e-02 0.0000000000000000e+00
4.9120200755293213e-02 4.3077259919871151e-02 0.0000000000000000e+00
4.9818443988550710e-02 4.2267801965610662e-02 0.0000000000000000e+00
5.0503349619698844e-02 4.1447027898691480e-02 0.0000000000000000e+00
5.1174734282938526e-02 4.0615157460178367e-02 0.0000000000000000e+00
4.1797867510138156e-02 4.1797867510138149e-02 0.0000000000000000e+00
4.3997755273829632e-02 4.3997755273829625e-02 0.0000000000000000e+00
2.1768574218019181e-02 1.7964086901319370e-02 0.0000000000000000e+00
2.2002282515143103e-02 1.8143417585017162e-02 0.0000000000000000e+00
2.2074041997920447e-02 1.8676646818772714e-02 0.0000000000000000e+00
2.1843086295755647e-02 1.8977634149836230e-02 0.0000000000000000e+00
2.1958453113378362e-02 1.9625000735462753e-02 0.0000000000000000e+00
2.2305810659347048e-02 1.9972358281431436e-02 0.0000000000000000e+00
2.2654454497768161e-02 2.0321002119852549e-02 0.0000000000000000e+00
2.3004737782993914e-02 2.0671285405078302e-02 0.0000000000000000e+00
2.3357113693453346e-02 2.1023661315537734e-02 0.0000000000000000e+00
2.3712165842729699e-02 2.1378713464814091e-02 0.0000000000000000e+00
2.4070648681650753e-02 2.1737196303735138e-02 0.0000000000000000e+00
2.4433542729815436e-02 2.2100090351899821e-02 0.0000000000000000e+00
2.4802130339584436e-02 2.2468677961668820e-02 0.0000000000000000e+00
2.5178102072516358e-02 2.2844649694600747e-02 0.0000000000000000e+00
2.5563708115801005e-02 2.3230255737885397e-02 0.0000000000000000e+00
2.5961979190687112e-02 2.3628526812771500e-02 0.0000000000000000e+00
2.6818941664332831e-02 2.4485489286417219e-02 0.0000000000000000e+00
2.7292168215996334e-02 2.4958715838080719e-02 0.0000000000000000e+00
2.7808766320424387e-02 2.5475313942508775e-02 0.0000000000000000e+00
2.9085570223152141e-02 2.6590985166935900e-02 0.0000000000000000e+00
3.0037979592927821e-02 2.6967089755060458e-02 0.0000000000000000e+00
3.1218673232457854e-02 2.7028427055657545e-02 0.0000000000000000e+00
3.2471031181196638e-02 2.6619117292815374e-02 0.0000000000000000e+00
1.9998387463520947e-02 1.9998387463520943e-02 0.0000000000000000e+00
2.0276830633192265e-02 2.0276830633192262e-02 0.0000000000000000e+00
2.0624561716459315e-02 2.0624561716459312e-02 0.0000000000000000e+00
2.0975291248404689e-02 2.0975291248404682e-02 0.0000000000000000e+00
2.1327170816966945e-02 2.1327170816966941e-02 0.0000000000000000e+00
2.1680519759502179e-02 2.1680519759502175e-02 0.0000000000000000e+00
2.2035748482679262e-02 2.2035748482679259e-02 0.0000000000000000e+00
2.2393386149189762e-02 2.2393386149189759e-02 0.0000000000000000e+00
2.2754117550097475e-02 2.2754117550097472e-02 0.0000000000000000e+00
2.3118833058915954e-02 2.3118833058915947e-02 0.0000000000000000e+00
2.3488697115951099e-02 2.3488697115951092e-02 0.0000000000000000e+00
2.3865243798390577e-02 2.3865243798390574e-02 0.0000000000000000e+00
2.4250512402236593e-02 2.4250512402236583e-02 0.0000000000000000e+00
2.4647244028003071e-02 2.4647244028003064e-02 0.0000000000000000e+00
2.5059172323970827e-02 2.5059172323970820e-02 0.0000000000000000e+00
2.5491462001139865e-02 2.5491462001139858e-02 0.0000000000000000e+00
2.5951382663656861e-02 2.5951382663656854e-02 0.0000000000000000e+00
2.6449344019760897e-02 2.6449344019760890e-02 0.0000000000000000e+00
2.7000439982758317e-02 2.7000439982758313e-02 0.0000000000000000e+00
2.7626468035465243e-02 2.7626468035465236e-02 0.0000000000000000e+00
2.8357387867185450e-02 2.8357387867185443e-02 0.0000000000000000e+00
2.9228009795386617e-02 2.9228009795386617e-02 0.0000000000000000e+00
3.0261966255196383e-02 3.0261966255196376e-02 0.0000000000000000e+00
3.1447205465455833e-02 3.1447205465455826e-02 0.0000000000000000e+00
3.2736837253298089e-02 3.2736837253298089e-02 0.0000000000000000e+00
3.4081792380325181e-02 3.4081792380325174e-02 0.0000000000000000e+00
3.5451416080312464e-02 3.5451416080312458e-02 0.0000000000000000e+00
3.6831110398818326e-02 3.6831110398818319e-02 0.0000000000000000e+00
3.8214418038907599e-02 3.8214418038907585e-02 0.0000000000000000e+00
1.9969557922808575e-02 1.9626939556833443e-02 0.0000000000000000e+00
2.0138630935879236e-02 1.9453419854319906e-02 0.0000000000000000e+00
2.0306196254652437e-02 1.9278443756370472e-02 0.0000000000000000e+00
2.0472241334220015e-02 1.9102024362707051e-02 0.0000000000000000e+00
2.0636753743487724e-02 1.8924174881105010e-02 0.0000000000000000e+00
2.0799721166105817e-02 1.8744908626404384e-02 0.0000000000000000e+00
2.0961131401391244e-02 1.8564239019513033e-02 0.0000000000000000e+00
2.1120972365240957e-02 1.8382179586401821e-02 0.0000000000000000e+00
2.1279232091036635e-02 1.8198743957092114e-02 0.0000000000000000e+00
2.1435898730540606e-02 1.8013945864635200e-02 0.0000000000000000e+00
2.2609365224892153e-02 1.7979000006711956e-02 0.0000000000000000e+00
2.2091549461092527e-02 1.7203588067845110e-02 0.0000000000000000e+00
2.1968077799412348e-02 1.7360978019655644e-02 0.0000000000000000e+00
2.1843484845342039e-02 1.7517481834193889e-02 0.0000000000000000e+00
2.1717776958342472e-02 1.7673091523208069e-02 0.0000000000000000e+00
2.0612002460814134e-02 1.9979665905621620e-02 0.0000000000000000e+00
3.8834631397573253e-02 3.2645741112344598e-02 0.0000000000000000e+00
3.4942391867780927e-02 2.8796705141432694e-02 0.0000000000000000e+00
2.1870684999183106e-02 2.0269401869164032e-02 0.0000000000000000e+00
2.0657450280681701e-02 1.9142957327010709e-02 0.0000000000000000e+00
2.0945973625597580e-02 1.9032223401371964e-02 0.0000000000000000e+00
2.2920096599354234e-02 2.1359030342118203e-02 0.0000000000000000e+00
2.1266591389064535e-02 1.8575219319331458e-02 0.0000000000000000e+00
2.3195889114051429e-02 2.2417606176889891e-02 0.0000000000000000e+00
2.4369565328464547e-02 2.2813789188433100e-02 0.0000000000000000e+00
2.5135394182463505e-02 2.3578772651223174e-02 0.0000000000000000e+00
2.5942958763531428e-02 2.4387445255393318e-02 0.0000000000000000e+00
2.1615237332502108e-02 1.9817801675767903e-02 0.0000000000000000e+00
3.1183311123619294e-02 2.9398472443500807e-02 0.0000000000000000e+00
2.6333416444693589e-02 2.4780534127423790e-02 0.0000000000000000e+00
3.5686301930552979e-02 3.2637238927211397e-02 0.0000000000000000e+00
2.0950573268188367e-02 2.0289349490049919e-02 0.0000000000000000e+00
3.7021148762148480e-02 3.4077262594932455e-02 0.0000000000000000e+00
3.7277990093252465e-02 3.1207225652705901e-02 0.0000000000000000e+00
3.2397094202428492e-02 3.0202998279603283e-02 0.0000000000000000e+00
2.7152941193643868e-02 2.5985963382088924e-02 0.0000000000000000e+00
2.1292249759364439e-02 2.0592078328367323e-02 0.0000000000000000e+00
2.1751461934869969e-02 2.0877618017602406e-02 0.0000000000000000e+00
2.2574213315727922e-02 2.0992822294918410e-02 0.0000000000000000e+00
2.2124715137170684e-02 2.1321623160745731e-02 0.0000000000000000e+00
2.1596613113917439e-02 1.8232987360355307e-02 0.0000000000000000e+00
2.2477646678192163e-02 2.1694281813585656e-02 0.0000000000000000e+00
2.3637694876243891e-02 2.2079706156517092e-02 0.0000000000000000e+00
3.3806110541951165e-02 2.7745905219428952e-02 0.0000000000000000e+00
2.3560000935995629e-02 2.2782535196457478e-02 0.0000000000000000e+00
2.3930281417298749e-02 2.3152962467163619e-02 0.0000000000000000e+00
2.4308557288769472e-02 2.3530612960784170e-02 0.0000000000000000e+00
3.8266707793573072e-02 3.5523692790672710e-02 0.0000000000000000e+00
4.1921476572107881e-02 3.4339508646956188e-02 0.0000000000000000e+00
4.0778479154502056e-02 3.5639367512310755e-02 0.0000000000000000e+00
2.7738400150578570e-02 2.6547816090351124e-02 0.0000000000000000e+00
2.4696912872271406e-02 2.3917570959332519e-02 0.0000000000000000e+00
2.9078391863072314e-02 2.7724000234003385e-02 0.0000000000000000e+00
2.0271314780156952e-02 1.9709272513002866e-02 0.0000000000000000e+00
3.9531966182398882e-02 3.6919008081763544e-02 0.0000000000000000e+00
2.5096287666758234e-02 2.4315530001311692e-02 0.0000000000000000e+00
2.1335639641924115e-02 1.9009875273418162e-02 0.0000000000000000e+00
2.5501408964435323e-02 2.4721247868978936e-02 0.0000000000000000e+00
2.1860060318496792e-02 1.8429234692043137e-02 0.0000000000000000e+00
3.0179974464652756e-02 2.8337839467582466e-02 0.0000000000000000e+00
3.1732592352623955e-02 2.8118972284679491e-02 0.0000000000000000e+00
2.5888935054480176e-02 2.5112138778541827e-02 0.0000000000000000e+00
2.0543794949730656e-02 1.9417034632148965e-02 0.0000000000000000e+00
2.1383349655980127e-02 1.9457017405906711e-02 0.0000000000000000e+00
2.2836052256368259e-02 2.2056394536083167e-02 0.0000000000000000e+00
3.4189063886742192e-02 3.0992320032955701e-02 0.0000000000000000e+00
2.4748183152008486e-02 2.3192269228130342e-02 0.0000000000000000e+00
2.4000731948949115e-02 2.2444207019781098e-02 0.0000000000000000e+00
2.3277134904842213e-02 2.1718685493292134e-02 0.0000000000000000e+00
2.2285869178080793e-02 2.0628313713100199e-02 0.0000000000000000e+00
2.6560445024018831e-02 2.5396110176297858e-02 0.0000000000000000e+00
2.5534892497097488e-02 2.3978432801016754e-02 0.0000000000000000e+00
3.6005311300631483e-02 2.9911395025185080e-02 0.0000000000000000e+00
4.0696126692462586e-02 3.3268768726850154e-02 0.0000000000000000e+00
2.8401221532337362e-02 2.7117789413926407e-02 0.0000000000000000e+00
3.3078023782584079e-02 2.8927945614339062e-02 0.0000000000000000e+00
2.0958447710196337e-02 1.9580436976111934e-02 0.0000000000000000e+00
3.9598961021191502e-02 3.4481503004024958e-02 0.0000000000000000e+00
2.1598486828957594e-02 1.8660095447332319e-02 0.0000000000000000e+00
2.1271918778261300e-02 2.0014825858060466e-02 0.0000000000000000e+00
3.4080643776336086e-02 2.9495485664461130e-02 0.0000000000000000e+00
2.1472087796230870e-02 2.0302366187762051e-02 0.0000000000000000e+00
4.6219714133727510e-02 4.0337944942488636e-02 0.0000000000000000e+00
4.7694567774529746e-02 4.2751556359061943e-02 0.0000000000000000e+00
4.9196539651302190e-02 4.0174099904899417e-02 0.0000000000000000e+00
4.3036794806411115e-02 3.8897273761458066e-02 0.0000000000000000e+00
4.6673433977830268e-02 4.4016844276239149e-02 0.0000000000000000e+00
2.2077910191550431e-02 1.7514726037182984e-02 0.0000000000000000e+00
2.1879101858952959e-02 1.7764400055093981e-02 0.0000000000000000e+00
2.2423409539003371e-02 1.7573645115799848e-02 0.0000000000000000e+00
2.2155367318838614e-02 1.7799319371478363e-02 0.0000000000000000e+00
2.2243801694302207e-02 1.7374916687316860e-02 0.0000000000000000e+00
2.3084524195761635e-02 2.0006145924948666e-02 0.0000000000000000e+00
2.6265999981702239e-02 2.3092212545032260e-02 0.0000000000000000e+00
2.7961792270665552e-02 2.4381181805755648e-02 0.0000000000000000e+00
2.3937279159135062e-02 2.0816307102289766e-02 0.0000000000000000e+00
2.5646241918439696e-02 2.2527420835151944e-02 0.0000000000000000e+00
2.9612187634178555e-02 2.5767803475368608e-02 0.0000000000000000e+00
2.2732106133271590e-02 1.8928492596608910e-02 0.0000000000000000e+00
2.9505227130417706e-02 2.4176041259010118e-02 0.0000000000000000e+00
2.4120922920992750e-02 1.9869428690713061e-02 0.0000000000000000e+00
3.1375873385430658e-02 2.5796847836083766e-02 0.0000000000000000e+00
2.8494518369734930e-02 2.3342185703239881e-02 0.0000000000000000e+00
2.6961579788161730e-02 2.2562768567545737e-02 0.0000000000000000e+00
2.6219720506110992e-02 2.1701255099918427e-02 0.0000000000000000e+00
2.5009525172143637e-02 2.2043132946862259e-02 0.0000000000000000e+00
2.8703294627326841e-02 2.5119297977026282e-02 0.0000000000000000e+00
3.0438765500035048e-02 2.4993997004239966e-02 0.0000000000000000e+00
2.7304865033879386e-02 2.3636961655374794e-02 0.0000000000000000e+00
2.4956475973280535e-02 2.1050906586805845e-02 0.0000000000000000e+00
3.4090640024488354e-02 4.4427787056309169e-02 0.0000000000000000e+00
3.9772413361903083e-02 5.1832418232360705e-02 0.0000000000000000e+00
1.7827799144084298e-02 2.1590960554782809e-02 0.0000000000000000e+00
1.8375684430192146e-02 2.2304978561044918e-02 0.0000000000000000e+00
1.9278653582924948e-02 2.1612105960840556e-02 0.0000000000000000e+00
2.4043602092626602e-02 2.6377054470542210e-02 0.0000000000000000e+00
2.6052736546692063e-02 2.8386188924607671e-02 0.0000000000000000e+00
2.5716607002817343e-02 3.3514534749457398e-02 0.0000000000000000e+00
1.7582331089900916e-02 2.2913739990053642e-02 0.0000000000000000e+00
1.7045320012244177e-02 2.2213893528154584e-02 0.0000000000000000e+00
2.1649469046359133e-02 2.8214137369755522e-02 0.0000000000000000e+00
3.8281168913280789e-02 4.0872388071078805e-02 0.0000000000000000e+00
3.6923365645603848e-02 4.2103029218822752e-02 0.0000000000000000e+00
3.5526023913164138e-02 4.3288585388313296e-02 0.0000000000000000e+00
4.5435585487294636e-02 4.6947332361606947e-02 0.0000000000000000e+00
4.4661363732160932e-02 4.7684452749591939e-02 0.0000000000000000e+00
4.3875185050005205e-02 4.8408806856524017e-02 0.0000000000000000e+00
4.3077259919871165e-02 4.9120200755293213e-02 0.0000000000000000e+00
4.2267801965610682e-02 4.9818443988550717e-02 0.0000000000000000e+00
4.1447027898691487e-02 5.0503349619698844e-02 0.0000000000000000e+00
4.0615157460178374e-02 5.1174734282938526e-02 0.0000000000000000e+00
3.7878488916098164e-02 4.9364207840343517e-02 0.0000000000000000e+00
3.5984564470293259e-02 4.6895997448326343e-02 0.0000000000000000e+00
1.7964086901319374e-02 2.1768574218019181e-02 0.0000000000000000e+00
1.8143417585017162e-02 2.2002282515143100e-02 0.0000000000000000e+00
1.8676646818772718e-02 2.2074041997920447e-02 0.0000000000000000e+00
1.8977634149836234e-02 2.1843086295755647e-02 0.0000000000000000e+00
1.9625000735462753e-02 2.1958453113378362e-02 0.0000000000000000e+00
1.9972358281431440e-02 2.2305810659347048e-02 0.0000000000000000e+00
2.0321002119852549e-02 2.2654454497768158e-02 0.0000000000000000e+00
2.0671285405078302e-02 2.3004737782993910e-02 0.0000000000000000e+00
2.1023661315537737e-02 2.3357113693453346e-02 0.0000000000000000e+00
2.1378713464814091e-02 2.3712165842729699e-02 0.0000000000000000e+00
2.1737196303735142e-02 2.4070648681650750e-02 0.0000000000000000e+00
2.2100090351899828e-02 2.4433542729815436e-02 0.0000000000000000e+00
2.2468677961668827e-02 2.4802130339584436e-02 0.0000000000000000e+00
2.2844649694600750e-02 2.5178102072516358e-02 0.0000000000000000e+00
2.3230255737885400e-02 2.5563708115801009e-02 0.0000000000000000e+00
2.3628526812771503e-02 2.5961979190687112e-02 0.0000000000000000e+00
2.4485489286417222e-02 2.6818941664332831e-02 0.0000000000000000e+00
2.4958715838080726e-02 2.7292168215996334e-02 0.0000000000000000e+00
2.5475313942508782e-02 2.7808766320424391e-02 0.0000000000000000e+00
2.6590985166935907e-02 2.9085570223152141e-02 0.0000000000000000e+00
2.6967089755060458e-02 3.0037979592927817e-02 0.0000000000000000e+00
2.7028427055657556e-02 3.1218673232457854e-02 0.0000000000000000e+00
2.6619117292815381e-02 3.2471031181196638e-02 0.0000000000000000e+00
2.6610255027794242e-02 3.4679159529996721e-02 0.0000000000000000e+00
2.7597726521394958e-02 3.5966057435414575e-02 0.0000000000000000e+00
2.8642748649619142e-02 3.7327956788096847e-02 0.0000000000000000e+00
2.9717219376558555e-02 3.8728234301819424e-02 0.0000000000000000e+00
3.0805152851441364e-02 4.0146056810250005e-02 0.0000000000000000e+00
3.1898903594288999e-02 4.1571460529892953e-02 0.0000000000000000e+00
3.2994731566271633e-02 4.2999571347249847e-02 0.0000000000000000e+00
1.9626939556833450e-02 1.9969557922808572e-02 0.0000000000000000e+00
1.9453419854319910e-02 2.0138630935879236e-02 0.0000000000000000e+00
1.9278443756370476e-02 2.0306196254652433e-02 0.0000000000000000e+00
1.9102024362707054e-02 2.0472241334220015e-02 0.0000000000000000e+00
1.8924174881105014e-02 2.0636753743487720e-02 0.0000000000000000e+00
1.8744908626404388e-02 2.0799721166105813e-02 0.0000000000000000e+00
1.8564239019513037e-02 2.0961131401391244e-02 0.0000000000000000e+00
1.8382179586401828e-02 2.1120972365240957e-02 0.0000000000000000e+00
1.8198743957092117e-02 2.1279232091036639e-02 0.0000000000000000e+00
1.8013945864635200e-02 2.1435898730540602e-02 0.0000000000000000e+00
1.7979000006711959e-02 2.2609365224892153e-02 0.0000000000000000e+00
1.7354939664145887e-02 2.2617397714443151e-02 0.0000000000000000e+00
1.7179322627975592e-02 2.2388529137002851e-02 0.0000000000000000e+00
1.7203588067845117e-02 2.2091549461092527e-02 0.0000000000000000e+00
1.7360978019655644e-02 2.1968077799412344e-02 0.0000000000000000e+00
1.7517481834193892e-02 2.1843484845342039e-02 0.0000000000000000e+00
1.7673091523208076e-02 2.1717776958342469e-02 0.0000000000000000e+00
2.4903179411525696e-02 3.2454455273517015e-02 0.0000000000000000e+00
2.4089751820234061e-02 3.1394375797576653e-02 0.0000000000000000e+00
2.3276324228942425e-02 3.0334296321636280e-02 0.0000000000000000e+00
2.2462896637650775e-02 2.9274216845695901e-02 0.0000000000000000e+00
2.0781900077755718e-02 2.7083499477181874e-02 0.0000000000000000e+00
1.9914331109152299e-02 2.5952861584608224e-02 0.0000000000000000e+00
1.9064052782520977e-02 2.4844757295365325e-02 0.0000000000000000e+00
1.8404130251584057e-02 2.3984729508938742e-02 0.0000000000000000e+00
1.7927158953866904e-02 2.3363128411636753e-02 0.0000000000000000e+00
1.9979665905621620e-02 2.0612002460814134e-02 0.0000000000000000e+00
3.2645741112344605e-02 3.8834631397573253e-02 0.0000000000000000e+00
2.8796705141432705e-02 3.4942391867780920e-02 0.0000000000000000e+00
2.0269401869164032e-02 2.1870684999183106e-02 0.0000000000000000e+00
1.9142957327010712e-02 2.0657450280681701e-02 0.0000000000000000e+00
1.9032223401371968e-02 2.0945973625597577e-02 0.0000000000000000e+00
2.1359030342118206e-02 2.2920096599354230e-02 0.0000000000000000e+00
1.8575219319331461e-02 2.1266591389064532e-02 0.0000000000000000e+00
2.2417606176889898e-02 2.3195889114051425e-02 0.0000000000000000e+00
2.2813789188433100e-02 2.4369565328464540e-02 0.0000000000000000e+00
2.3578772651223177e-02 2.5135394182463501e-02 0.0000000000000000e+00
2.4387445255393325e-02 2.5942958763531428e-02 0.0000000000000000e+00
1.9817801675767906e-02 2.1615237332502108e-02 0.0000000000000000e+00
2.9398472443500814e-02 3.1183311123619287e-02 0.0000000000000000e+00
2.4780534127423797e-02 2.6333416444693589e-02 0.0000000000000000e+00
3.2637238927211397e-02 3.5686301930552979e-02 0.0000000000000000e+00
2.0289349490049922e-02 2.0950573268188367e-02 0.0000000000000000e+00
3.4077262594932461e-02 3.7021148762148473e-02 0.0000000000000000e+00
3.1207225652705908e-02 3.7277990093252458e-02 0.0000000000000000e+00
3.0202998279603287e-02 3.2397094202428485e-02 0.0000000000000000e+00
2.5985963382088927e-02 2.7152941193643868e-02 0.0000000000000000e+00
2.0592078328367323e-02 2.1292249759364442e-02 0.0000000000000000e+00
2.0877618017602406e-02 2.1751461934869966e-02 0.0000000000000000e+00
2.0992822294918414e-02 2.2574213315727922e-02 0.0000000000000000e+00
2.1321623160745734e-02 2.2124715137170681e-02 0.0000000000000000e+00
1.8232987360355311e-02 2.1596613113917442e-02 0.0000000000000000e+00
2.1694281813585660e-02 2.2477646678192159e-02 0.0000000000000000e+00
2.2079706156517095e-02 2.3637694876243891e-02 0.0000000000000000e+00
2.7745905219428955e-02 3.3806110541951158e-02 0.0000000000000000e+00
2.2782535196457482e-02 2.3560000935995626e-02 0.0000000000000000e+00
2.3152962467163626e-02 2.3930281417298749e-02 0.0000000000000000e+00
2.3530612960784177e-02 2.4308557288769472e-02 0.0000000000000000e+00
3.5523692790672717e-02 3.8266707793573065e-02 0.0000000000000000e+00
3.4339508646956188e-02 4.1921476572107874e-02 0.0000000000000000e+00
3.5639367512310768e-02 4.0778479154502056e-02 0.0000000000000000e+00
2.6547816090351128e-02 2.7738400150578563e-02 0.0000000000000000e+00
2.3917570959332526e-02 2.4696912872271406e-02 0.0000000000000000e+00
2.7724000234003392e-02 2.9078391863072317e-02 0.0000000000000000e+00
1.9709272513002869e-02 2.0271314780156952e-02 0.0000000000000000e+00
3.6919008081763550e-02 3.9531966182398882e-02 0.0000000000000000e+00
2.4315530001311696e-02 2.5096287666758227e-02 0.0000000000000000e+00
1.9009875273418166e-02 2.1335639641924115e-02 0.0000000000000000e+00
2.4721247868978939e-02 2.5501408964435320e-02 0.0000000000000000e+00
1.8429234692043141e-02 2.1860060318496792e-02 0.0000000000000000e+00
2.8337839467582476e-02 3.0179974464652759e-02 0.0000000000000000e+00
2.8118972284679498e-02 3.1732592352623955e-02 0.0000000000000000e+00
2.5112138778541834e-02 2.5888935054480172e-02 0.0000000000000000e+00
1.9417034632148968e-02 2.0543794949730656e-02 0.0000000000000000e+00
1.9457017405906711e-02 2.1383349655980127e-02 0.0000000000000000e+00
2.2056394536083171e-02 2.2836052256368256e-02 0.0000000000000000e+00
3.0992320032955704e-02 3.4189063886742192e-02 0.0000000000000000e+00
2.3192269228130349e-02 2.4748183152008482e-02 0.0000000000000000e+00
2.2444207019781105e-02 2.4000731948949115e-02 0.0000000000000000e+00
2.1718685493292138e-02 2.3277134904842206e-02 0.0000000000000000e+00
2.0628313713100199e-02 2.2285869178080793e-02 0.0000000000000000e+00
2.5396110176297861e-02 2.6560445024018827e-02 0.0000000000000000e+00
2.3978432801016754e-02 2.5534892497097485e-02 0.0000000000000000e+00
2.9911395025185084e-02 3.6005311300631476e-02 0.0000000000000000e+00
3.3268768726850161e-02 4.0696126692462593e-02 0.0000000000000000e+00
2.7117789413926414e-02 2.8401221532337362e-02 0.0000000000000000e+00
2.8927945614339066e-02 3.3078023782584072e-02 0.0000000000000000e+00
1.9580436976111937e-02 2.0958447710196341e-02 0.0000000000000000e+00
3.4481503004024965e-02 3.9598961021191502e-02 0.0000000000000000e+00
1.8660095447332322e-02 2.1598486828957594e-02 0.0000000000000000e+00
2.0014825858060473e-02 2.1271918778261300e-02 0.0000000000000000e+00
2.9495485664461134e-02 3.4080643776336079e-02 0.0000000000000000e+00
2.0302366187762055e-02 2.1472087796230870e-02 0.0000000000000000e+00
4.0337944942488643e-02 4.6219714133727510e-02 0.0000000000000000e+00
4.2751556359061957e-02 4.7694567774529739e-02 0.0000000000000000e+00
4.0174099904899431e-02 4.9196539651302197e-02 0.0000000000000000e+00
3.8897273761458073e-02 4.3036794806411122e-02 0.0000000000000000e+00
4.4016844276239149e-02 4.6673433977830268e-02 0.0000000000000000e+00
1.7514726037182987e-02 2.2077910191550427e-02 0.0000000000000000e+00
1.7764400055093985e-02 2.1879101858952962e-02 0.0000000000000000e+00
1.7573645115799848e-02 2.2423409539003368e-02 0.0000000000000000e+00
1.7799319371478366e-02 2.2155367318838614e-02 0.0000000000000000e+00
1.7374916687316864e-02 2.2243801694302203e-02 0.0000000000000000e+00
2.0006145924948673e-02 2.3084524195761635e-02 0.0000000000000000e+00
2.3092212545032267e-02 2.6265999981702235e-02 0.0000000000000000e+00
2.4381181805755651e-02 2.7961792270665545e-02 0.0000000000000000e+00
2.0816307102289770e-02 2.3937279159135062e-02 0.0000000000000000e+00
2.2527420835151950e-02 2.5646241918439696e-02 0.0000000000000000e+00
2.5767803475368615e-02 2.9612187634178559e-02 0.0000000000000000e+00
1.8928492596608913e-02 2.2732106133271590e-02 0.0000000000000000e+00
2.4176041259010121e-02 2.9505227130417706e-02 0.0000000000000000e+00
1.9869428690713065e-02 2.4120922920992750e-02 0.0000000000000000e+00
2.5796847836083769e-02 3.1375873385430651e-02 0.0000000000000000e+00
2.3342185703239888e-02 2.8494518369734930e-02 0.0000000000000000e+00
2.2562768567545740e-02 2.6961579788161726e-02 0.0000000000000000e+00
2.1701255099918430e-02 2.6219720506110988e-02 0.0000000000000000e+00
2.2043132946862262e-02 2.5009525172143637e-02 0.0000000000000000e+00
2.5119297977026288e-02 2.8703294627326844e-02 0.0000000000000000e+00
2.4993997004239973e-02 3.0438765500035048e-02 0.0000000000000000e+00
2.3636961655374801e-02 2.7304865033879383e-02 0.0000000000000000e+00
2.1050906586805848e-02 2.4956475973280531e-02 0.0000000000000000e+00
1.4000000000000002e-02 2.4248711305964284e-02 0.0000000000000000e+00
2.8000000000000004e-02 4.8497422611928569e-02 0.0000000000000000e+00
3.2666666666666670e-02 5.6580326380583336e-02 0.0000000000000000e+00
1.6241092463501833e-02 2.2808483412800250e-02 0.0000000000000000e+00
1.6788977749609676e-02 2.3522501419062362e-02 0.0000000000000000e+00
1.5886008596876885e-02 2.4215374019266735e-02 0.0000000000000000e+00
1.9255336000091657e-02 3.0051220268968833e-02 0.0000000000000000e+00
2.0676008596876877e-02 3.2511897387521645e-02 0.0000000000000000e+00
2.9571799636420613e-02 4.7555322165488419e-02 0.0000000000000000e+00
3.1111933049097741e-02 4.6562298288942532e-02 0.0000000000000000e+00
3.2618751024596944e-02 4.5519414337130450e-02 0.0000000000000000e+00
3.3588045953957160e-02 5.6038269186684447e-02 0.0000000000000000e+00
3.4500432909157386e-02 5.5481209193069828e-02 0.0000000000000000e+00
3.5403583264217137e-02 5.4909295538169964e-02 0.0000000000000000e+00
3.6297255223947375e-02 5.4322681337099624e-02 0.0000000000000000e+00
3.7181209530754711e-02 5.3721523640665306e-02 0.0000000000000000e+00
3.8055209528696433e-02 5.3105983393318852e-02 0.0000000000000000e+00
3.8919021226839018e-02 5.2476225390068798e-02 0.0000000000000000e+00
2.9555555555555568e-02 5.1191723868146834e-02 0.0000000000000000e+00
3.1111111111111117e-02 5.3886025124365078e-02 0.0000000000000000e+00
1.6377380220736905e-02 2.2986097076036618e-02 0.0000000000000000e+00
1.6556710904434696e-02 2.3219805373160540e-02 0.0000000000000000e+00
1.6488015361029115e-02 2.3753437982186845e-02 0.0000000000000000e+00
1.6187028029965595e-02 2.3984393684351634e-02 0.0000000000000000e+00
1.6130913017081021e-02 2.4639560918058495e-02 0.0000000000000000e+00
1.6376531893331797e-02 2.5064985291022815e-02 0.0000000000000000e+00
1.6623060315698268e-02 2.5491985044071346e-02 0.0000000000000000e+00
1.6870748002017703e-02 2.5920992701185780e-02 0.0000000000000000e+00
1.7119915397830355e-02 2.6352563290322917e-02 0.0000000000000000e+00
1.7370975180258520e-02 2.6787411589225693e-02 0.0000000000000000e+00
1.7624460826598604e-02 2.7226461607676146e-02 0.0000000000000000e+00
1.7881065668908083e-02 2.7670914232024377e-02 0.0000000000000000e+00
1.8141696467237085e-02 2.8122340016747443e-02 0.0000000000000000e+00
1.8407548629127708e-02 2.8582809468444024e-02 0.0000000000000000e+00
1.8680213277200795e-02 2.9055078492334501e-02 0.0000000000000000e+00
1.8961833455003217e-02 2.9542858948724871e-02 0.0000000000000000e+00
1.9567797431340503e-02 3.0592419343297518e-02 0.0000000000000000e+00
1.9902419135059288e-02 3.1172001135453715e-02 0.0000000000000000e+00
2.0267709157848483e-02 3.1804702014422592e-02 0.0000000000000000e+00
2.1212250061645302e-02 3.3212818830631471e-02 0.0000000000000000e+00
2.2034863838754259e-02 3.3822609649318831e-02 0.0000000000000000e+00
2.3159451056541845e-02 3.4187442932422193e-02 0.0000000000000000e+00
2.4475073104956991e-02 3.4116214149959814e-02 0.0000000000000000e+00
1.4140995388251702e-02 2.4492922482049127e-02 0.0000000000000000e+00
1.4337884441701370e-02 2.4833944326078095e-02 0.0000000000000000e+00
1.4583767448708842e-02 2.5259826186932854e-02 0.0000000000000000e+00
1.4831770679109801e-02 2.5689380382428521e-02 0.0000000000000000e+00
1.5080587108201170e-02 2.6120343079372631e-02 0.0000000000000000e+00
1.5330442541592925e-02 2.6553105384554299e-02 0.0000000000000000e+00
1.5581627180623682e-02 2.6988169941436414e-02 0.0000000000000000e+00
1.5834515199820987e-02 2.7426184839311606e-02 0.0000000000000000e+00
1.6089590819589755e-02 2.7867988772523233e-02 0.0000000000000000e+00
1.6347483629079205e-02 2.8314672221465633e-02 0.0000000000000000e+00
1.6609017011925922e-02 2.8767661328431511e-02 0.0000000000000000e+00
1.6875275724512178e-02 2.9228834946588785e-02 0.0000000000000000e+00
1.7147701766869965e-02 2.9700690693257384e-02 0.0000000000000000e+00
1.7428233389760611e-02 3.0186585717233729e-02 0.0000000000000000e+00
1.7719510681202030e-02 3.0691092785101317e-02 0.0000000000000000e+00
1.8025185643365197e-02 3.1220537350169619e-02 0.0000000000000000e+00
1.8350398662638774e-02 3.1783822822834332e-02 0.0000000000000000e+00
1.8702510514308789e-02 3.2393698439873955e-02 0.0000000000000000e+00
1.9092194206828794e-02 3.3068650394199650e-02 0.0000000000000000e+00
1.9534862888110870e-02 3.3835375041099722e-02 0.0000000000000000e+00
2.0051701257623959e-02 3.4730565356397444e-02 0.0000000000000000e+00
2.0667323926904714e-02 3.5796855097882892e-02 0.0000000000000000e+00
2.1398441551087832e-02 3.7063187969277100e-02 0.0000000000000000e+00
2.2236532233990476e-02 3.8514803613414576e-02 0.0000000000000000e+00
2.3148439616407470e-02 4.0094273531557950e-02 0.0000000000000000e+00
2.4099466507119940e-02 4.1741500425636201e-02 0.0000000000000000e+00
2.5067936713054760e-02 4.3418940027932000e-02 0.0000000000000000e+00
2.6043527921634807e-02 4.5108713568610168e-02 0.0000000000000000e+00
2.7021674134409087e-02 4.6802912506366298e-02 0.0000000000000000e+00
1.4209285982831756e-02 2.4126669721660741e-02 0.0000000000000000e+00
1.4417508176396247e-02 2.4002821875428473e-02 0.0000000000000000e+00
1.4624650991976676e-02 2.3877177039233005e-02 0.0000000000000000e+00
1.4830698921664756e-02 2.3749744619572900e-02 0.0000000000000000e+00
1.5035636539521693e-02 2.3620534156775553e-02 0.0000000000000000e+00
1.5239448502732995e-02 2.3489555324282940e-02 0.0000000000000000e+00
1.5442119552757254e-02 2.3356817927927438e-02 0.0000000000000000e+00
1.5643634516468375e-02 2.3222331905197621e-02 0.0000000000000000e+00
1.5843978307291572e-02 2.3086107324494409e-02 0.0000000000000000e+00
1.6043135926332840e-02 2.2948154384377157e-02 0.0000000000000000e+00
1.7185662173089873e-02 2.3218114755215138e-02 0.0000000000000000e+00
1.6886181931154827e-02 2.2335103755925123e-02 0.0000000000000000e+00
1.6726181947286780e-02 2.2455173957604022e-02 0.0000000000000000e+00
1.6565328227342933e-02 2.2574098004580288e-02 0.0000000000000000e+00
1.6403628981602473e-02 2.2691869826744811e-02 0.0000000000000000e+00
1.4738547457273822e-02 2.4633654093425810e-02 0.0000000000000000e+00
2.9062033879971205e-02 4.1584506673988754e-02 0.0000000000000000e+00
2.6298623010598245e-02 3.6859237704958185e-02 0.0000000000000000e+00
1.5879352242767587e-02 2.5239288556084049e-02 0.0000000000000000e+00
1.4999002795577605e-02 2.3837218429608033e-02 0.0000000000000000e+00
1.5306354994813432e-02 2.3804933007608109e-02 0.0000000000000000e+00
1.6610989408893700e-02 2.6563396547446206e-02 0.0000000000000000e+00
1.5734329333034883e-02 2.3446482945429080e-02 0.0000000000000000e+00
1.6603404934812716e-02 2.7657282640638041e-02 0.0000000000000000e+00
1.7634549393282076e-02 2.8343735800498548e-02 0.0000000000000000e+00
1.8176290972518487e-02 2.9280864176595492e-02 0.0000000000000000e+00
1.8747038586556422e-02 3.0270995023706490e-02 0.0000000000000000e+00
1.5749491475078030e-02 2.4736961544961550e-02 0.0000000000000000e+00
2.2511880998211411e-02 3.6467578594774890e-02 0.0000000000000000e+00
1.9022452858364541e-02 3.0751747601418897e-02 0.0000000000000000e+00
2.6023181665546888e-02 4.0761446567466386e-02 0.0000000000000000e+00
1.4985429734538475e-02 2.5020414038667064e-02 0.0000000000000000e+00
2.6939839143720522e-02 4.2497886400897335e-02 0.0000000000000000e+00
2.7930749039488348e-02 3.9792119024056188e-02 0.0000000000000000e+00
2.3476078812885520e-02 3.7558841055202068e-02 0.0000000000000000e+00
1.9502064930027607e-02 3.2128211463225524e-02 0.0000000000000000e+00
1.5237111892742971e-02 2.5401260025140506e-02 0.0000000000000000e+00
1.5606773683103451e-02 2.5795923042167018e-02 0.0000000000000000e+00
1.6371673429442488e-02 2.6120145555675951e-02 0.0000000000000000e+00
1.5852391603781848e-02 2.6321404114335260e-02 0.0000000000000000e+00
1.6141681989132538e-02 2.3201328165362030e-02 0.0000000000000000e+00
1.6096846137489271e-02 2.6772710135937180e-02 0.0000000000000000e+00
1.7117611491330755e-02 2.7445244029747799e-02 0.0000000000000000e+00
2.5473026564456106e-02 3.5550151674313149e-02 0.0000000000000000e+00
1.6860659366911102e-02 2.8104016079466856e-02 0.0000000000000000e+00
1.7122449214288436e-02 2.8557656987594670e-02 0.0000000000000000e+00
1.7390092507862647e-02 2.9020344352532947e-02 0.0000000000000000e+00
2.7768593098272180e-02 4.4217405082019330e-02 0.0000000000000000e+00
3.1605318059876167e-02 4.4019494799852427e-02 0.0000000000000000e+00
3.0164839104529877e-02 4.4979232548249821e-02 0.0000000000000000e+00
1.9922156675322402e-02 3.2822447432887002e-02 0.0000000000000000e+00
1.7665063096071659e-02 2.9494630898302128e-02 0.0000000000000000e+00
2.0912070420508626e-02 3.4305369449185330e-02 0.0000000000000000e+00
1.4479451387508143e-02 2.4284297672051553e-02 0.0000000000000000e+00
2.8629604681710864e-02 4.5892649125503872e-02 0.0000000000000000e+00
1.7947830145200409e-02 2.9982395617702166e-02 0.0000000000000000e+00
1.5688527584747241e-02 2.3884199359902856e-02 0.0000000000000000e+00
1.8234139758315789e-02 3.0479142091684362e-02 0.0000000000000000e+00
1.6345359900908036e-02 2.3459073685303779e-02 0.0000000000000000e+00
2.1817244220884473e-02 3.5183403175131453e-02 0.0000000000000000e+00
2.3373604932517465e-02 3.5373840789812136e-02 0.0000000000000000e+00
1.8507291205098607e-02 3.0957012849070507e-02 0.0000000000000000e+00
1.4818283749716398e-02 2.4072540612813224e-02 0.0000000000000000e+00
1.5618883019740766e-02 2.4328453753975316e-02 0.0000000000000000e+00
1.6349317672679348e-02 2.7215246356128323e-02 0.0000000000000000e+00
2.5002697108409883e-02 3.8785063204563680e-02 0.0000000000000000e+00
1.7902308284871722e-02 2.8807312949125467e-02 0.0000000000000000e+00
1.7373938610388075e-02 2.7891285735773538e-02 0.0000000000000000e+00
1.6862776326345984e-02 2.7003205059814423e-02 0.0000000000000000e+00
1.6187496143107941e-02 2.5693428348226997e-02 0.0000000000000000e+00
1.9082422821282939e-02 3.1405107725183283e-02 0.0000000000000000e+00
1.8458737053847298e-02 2.9770304009333302e-02 0.0000000000000000e+00
2.7036821370754898e-02 3.8211049244609073e-02 0.0000000000000000e+00
3.0698848848561573e-02 4.2668095572017034e-02 0.0000000000000000e+00
2.0414873014838162e-02 3.3544550183524521e-02 0.0000000000000000e+00
2.4463814193521088e-02 3.6503472299662575e-02 0.0000000000000000e+00
1.5176515921360248e-02 2.4337695188436075e-02 0.0000000000000000e+00
2.9325189463381567e-02 4.3555539559408531e-02 0.0000000000000000e+00
1.6032948151653972e-02 2.3614367850327528e-02 0.0000000000000000e+00
1.5366877606169543e-02 2.4838414910666840e-02 0.0000000000000000e+00
2.5285380565609899e-02 3.7311171040912458e-02 0.0000000000000000e+00
1.5485805116687446e-02 2.5167965095315267e-02 0.0000000000000000e+00
3.4204587174052309e-02 5.0926005076379122e-02 0.0000000000000000e+00
3.5004497793613601e-02 5.3639094889251837e-02 0.0000000000000000e+00
3.7122386038007639e-02 5.1538202060957890e-02 0.0000000000000000e+00
3.1502996332183827e-02 4.8710623434496933e-02 0.0000000000000000e+00
3.3690677676781404e-02 5.4596980291961132e-02 0.0000000000000000e+00
1.6792478976333233e-02 2.2632109853328929e-02 0.0000000000000000e+00
1.6535824482493234e-02 2.2821821052581220e-02 0.0000000000000000e+00
1.7110956339338113e-02 2.2778443124217427e-02 0.0000000000000000e+00
1.6793638640986173e-02 2.2927053284635665e-02 0.0000000000000000e+00
1.6988903185631829e-02 2.2540000271869393e-02 0.0000000000000000e+00
1.7119966523804146e-02 2.5299167542408782e-02 0.0000000000000000e+00
1.9394303335424686e-02 2.9103505517330080e-02 0.0000000000000000e+00
2.0698703110129273e-02 3.0787457556477230e-02 0.0000000000000000e+00
1.7733979424124170e-02 2.6302432372386053e-02 0.0000000000000000e+00
1.8941841867101548e-02 2.8397553428154521e-02 0.0000000000000000e+00
2.1933978518886531e-02 3.2553984990474523e-02 0.0000000000000000e+00
1.7058474020986703e-02 2.4167021854368483e-02 0.0000000000000000e+00
2.2242640982779217e-02 3.0988777340935660e-02 0.0000000000000000e+00
1.8156435842851863e-02 2.5435348563371589e-02 0.0000000000000000e+00
2.3630050901773059e-02 3.3038515150597338e-02 0.0000000000000000e+00
2.1482188986676986e-02 2.9921744047905891e-02 0.0000000000000000e+00
2.0203212019417403e-02 2.8772131207203080e-02 0.0000000000000000e+00
1.9709607072446591e-02 2.7747965788145198e-02 0.0000000000000000e+00
1.8452163646625292e-02 2.7764972829219390e-02 0.0000000000000000e+00
2.1223900864059630e-02 3.1692337961001481e-02 0.0000000000000000e+00
2.2932667278907887e-02 3.2020479429405620e-02 0.0000000000000000e+00
2.0256778474792431e-02 2.9898570812652799e-02 0.0000000000000000e+00
1.8657729134414821e-02 2.6792825619522901e-02 0.0000000000000000e+00
2.1430272212445034e-02 5.1737253820632059e-02 0.0000000000000000e+00
2.5001984247852542e-02 6.0360129457404064e-02 0.0000000000000000e+00
1.1632179825530095e-02 2.5469440365004700e-02 0.0000000000000000e+00
1.1976594914658675e-02 2.6300931944264853e-02 0.0000000000000000e+00
1.3028124764388241e-02 2.5865374019266731e-02 0.0000000000000000e+00
1.6397452167603015e-02 3.1701220268968829e-02 0.0000000000000000e+00
1.7818124764388234e-02 3.4161897387521643e-02 0.0000000000000000e+00
1.6166134987637769e-02 3.9028502338309304e-02 0.0000000000000000e+00
1.1052715382147391e-02 2.6683615376629947e-02 0.0000000000000000e+00
1.0715136106222517e-02 2.5868626910316026e-02 0.0000000000000000e+00
1.3609425184892585e-02 3.2856058857469631e-02 0.0000000000000000e+00
2.6398217262255871e-02 4.9387590803507880e-02 0.0000000000000000e+00
2.4768166652264067e-02 5.0224873525830549e-02 0.0000000000000000e+00
2.3111593669046096e-02 5.1008374195585862e-02 0.0000000000000000e+00
3.1736541722800896e-02 5.7107235652948243e-02 0.0000000000000000e+00
3.0797920139298520e-02 5.7618855937425863e-02 0.0000000000000000e+00
2.9851053207854156e-02 5.8115050260894606e-02 0.0000000000000000e+00
2.8896194427641412e-02 5.8595685780135652e-02 0.0000000000000000e+00
2.7933599437445090e-02 5.9060633817398317e-02 0.0000000000000000e+00
2.6963525947220440e-02 5.9509769894850170e-02 0.0000000000000000e+00
2.5986233669098038e-02 5.9942973767902787e-02 0.0000000000000000e+00
2.3811413569383367e-02 5.7485837578480053e-02 0.0000000000000000e+00
2.2620842890914199e-02 5.4611545699556056e-02 0.0000000000000000e+00
1.1717853891334470e-02 2.5676275856613265e-02 0.0000000000000000e+00
1.1830585871870093e-02 2.5948434932935541e-02 0.0000000000000000e+00
1.2327073039277431e-02 2.6155759151732686e-02 0.0000000000000000e+00
1.2677580210032771e-02 2.6010574327896798e-02 0.0000000000000000e+00
1.3273029184592375e-02 2.6289560918058490e-02 0.0000000000000000e+00
1.3518648060843151e-02 2.6714985291022807e-02 0.0000000000000000e+00
1.3765176483209626e-02 2.7141985044071341e-02 0.0000000000000000e+00
1.4012864169529056e-02 2.7570992701185775e-02 0.0000000000000000e+00
1.4262031565341705e-02 2.8002563290322909e-02 0.0000000000000000e+00
1.4513091347769874e-02 2.8437411589225688e-02 0.0000000000000000e+00
1.4766576994109954e-02 2.8876461607676141e-02 0.0000000000000000e+00
1.5023181836419441e-02 2.9320914232024372e-02 0.0000000000000000e+00
1.5283812634748442e-02 2.9772340016747438e-02 0.0000000000000000e+00
1.5549664796639062e-02 3.0232809468444019e-02 0.0000000000000000e+00
1.5822329444712152e-02 3.0705078492334500e-02 0.0000000000000000e+00
1.6103949622514570e-02 3.1192858948724870e-02 0.0000000000000000e+00
1.6709913598851857e-02 3.2242419343297517e-02 0.0000000000000000e+00
1.7044535302570645e-02 3.2822001135453714e-02 0.0000000000000000e+00
1.7409825325359840e-02 3.3454702014422591e-02 0.0000000000000000e+00
1.8157019807794380e-02 3.4976756840128589e-02 0.0000000000000000e+00
1.8273807259217664e-02 3.5994056677951691e-02 0.0000000000000000e+00
1.8027468541637465e-02 3.7150394418878685e-02 0.0000000000000000e+00
1.7307971582336833e-02 3.8254142143353938e-02 0.0000000000000000e+00
1.6727905620973257e-02 4.0384736620250751e-02 0.0000000000000000e+00
1.7348656152341744e-02 4.1883360971930864e-02 0.0000000000000000e+00
1.8005584525050081e-02 4.3469326358831016e-02 0.0000000000000000e+00
1.8681025060812248e-02 4.5099984060844582e-02 0.0000000000000000e+00
1.9364928633729097e-02 4.6751073341935852e-02 0.0000000000000000e+00
2.0052489094164908e-02 4.8410991130471481e-02 0.0000000000000000e+00
2.0741355355424020e-02 5.0074061401064476e-02 0.0000000000000000e+00
1.3789665896259158e-02 2.4368937491600805e-02 0.0000000000000000e+00
1.3578299418435779e-02 2.4487339277743238e-02 0.0000000000000000e+00
1.3365916390645957e-02 2.4603907800149594e-02 0.0000000000000000e+00
1.3152532713110546e-02 2.4718634331826608e-02 0.0000000000000000e+00
1.2938164360964831e-02 2.4831510283683109e-02 0.0000000000000000e+00
1.2722827383062549e-02 2.4942527205172968e-02 0.0000000000000000e+00
1.2506537900774351e-02 2.5051676784927892e-02 0.0000000000000000e+00
1.2289312106780836e-02 2.5158950851379515e-02 0.0000000000000000e+00
1.2071166263860376e-02 2.5264341373371271e-02 0.0000000000000000e+00
1.1852116703671449e-02 2.5367840460759607e-02 0.0000000000000000e+00
1.1514646119453688e-02 2.6492277400360680e-02 0.0000000000000000e+00
1.0909771156130930e-02 2.6338517487518080e-02 0.0000000000000000e+00
1.0799373672024772e-02 2.6071994384137129e-02 0.0000000000000000e+00
1.0899676283214976e-02 2.5791414403268410e-02 0.0000000000000000e+00
1.1083660120040445e-02 2.5712885453473031e-02 0.0000000000000000e+00
1.1267078225814671e-02 2.5633044069196562e-02 0.0000000000000000e+00
1.1449921238529365e-02 2.5551894325694803e-02 0.0000000000000000e+00
1.5654793027088734e-02 3.7794013642141369e-02 0.0000000000000000e+00
1.5143451066539698e-02 3.6559524945973434e-02 0.0000000000000000e+00
1.4632109105990663e-02 3.5325036249805507e-02 0.0000000000000000e+00
1.4120767145441623e-02 3.4090547553637565e-02 0.0000000000000000e+00
1.3064048531744213e-02 3.1539403144837184e-02 0.0000000000000000e+00
1.2518671878595839e-02 3.0222747432204735e-02 0.0000000000000000e+00
1.1984164577384647e-02 2.8932332656433236e-02 0.0000000000000000e+00
1.1569319931847193e-02 2.7930809086898850e-02 0.0000000000000000e+00
1.1269483239421962e-02 2.7206939277548772e-02 0.0000000000000000e+00
1.3964096504308370e-02 2.5080783559594578e-02 0.0000000000000000e+00
2.1482222243532197e-02 4.5960712962693467e-02 0.0000000000000000e+00
1.8771724711323899e-02 4.1204894464207165e-02 0.0000000000000000e+00
1.3918188941630860e-02 2.6371566715920152e-02 0.0000000000000000e+00
1.3144135317810361e-02 2.4908126667208035e-02 0.0000000000000000e+00
1.2962499222568612e-02 2.5158158768655313e-02 0.0000000000000000e+00
1.4699081516441415e-02 2.7667237083819299e-02 0.0000000000000000e+00
1.2438085193622736e-02 2.5349570386633404e-02 0.0000000000000000e+00
1.5650206899032550e-02 2.8207611783186735e-02 0.0000000000000000e+00
1.5729120544745168e-02 2.9443835659123004e-02 0.0000000000000000e+00
1.6269826735434176e-02 3.0381561817076509e-02 0.0000000000000000e+00
1.6841931395083942e-02 3.1370909173538221e-02 0.0000000000000000e+00
1.3548091372836446e-02 2.6007940486584797e-02 0.0000000000000000e+00
2.0325908978474971e-02 3.7729650128810702e-02 0.0000000000000000e+00
1.7120568204413676e-02 3.1849801218345047e-02 0.0000000000000000e+00
2.2288857389654457e-02 4.2917459693394222e-02 0.0000000000000000e+00
1.4175599303421249e-02 2.5487969856070550e-02 0.0000000000000000e+00
2.3334329658462064e-02 4.4579528272777044e-02 0.0000000000000000e+00
2.0495611425502536e-02 4.4084797726952812e-02 0.0000000000000000e+00
2.0788871084064162e-02 3.9110301160805522e-02 0.0000000000000000e+00
1.8072814840297918e-02 3.2953389387270257e-02 0.0000000000000000e+00
1.4379580523534346e-02 2.5896355991991655e-02 0.0000000000000000e+00
1.4536537827033276e-02 2.6413824001765521e-02 0.0000000000000000e+00
1.4434872887041336e-02 2.7238357870197870e-02 0.0000000000000000e+00
1.4868808824399659e-02 2.6889275896781844e-02 0.0000000000000000e+00
1.2022098598176654e-02 2.5579770745079521e-02 0.0000000000000000e+00
1.5137424037134094e-02 2.7326632743843709e-02 0.0000000000000000e+00
1.5209472797159417e-02 2.8546908418478751e-02 0.0000000000000000e+00
1.8050821176117029e-02 3.9835363953251400e-02 0.0000000000000000e+00
1.5908462189729092e-02 2.8653767376034492e-02 0.0000000000000000e+00
1.6170431816674952e-02 2.9107304488380021e-02 0.0000000000000000e+00
1.6437309181934479e-02 2.9570434062236962e-02 0.0000000000000000e+00
2.4409099541319798e-02 4.6157009591466597e-02 0.0000000000000000e+00
2.2319341728491114e-02 4.9380755734466070e-02 0.0000000000000000e+00
2.3870738477247286e-02 4.8613133239718012e-02 0.0000000000000000e+00
1.8463994953598278e-02 3.3664317495446426e-02 0.0000000000000000e+00
1.6710568085139255e-02 3.0045708849804106e-02 0.0000000000000000e+00
1.9253286218950765e-02 3.5263068954482266e-02 0.0000000000000000e+00
1.3791093003305884e-02 2.4681721570469665e-02 0.0000000000000000e+00
2.5429397648796630e-02 4.7740289517419432e-02 0.0000000000000000e+00
1.6991601198645099e-02 3.0534474657402780e-02 0.0000000000000000e+00
1.2840059602354284e-02 2.5528763116315460e-02 0.0000000000000000e+00
1.7278641457796340e-02 3.1030799292699491e-02 0.0000000000000000e+00
1.2143473810270092e-02 2.5885033750837741e-02 0.0000000000000000e+00
1.9561098830811686e-02 3.6485989323420912e-02 0.0000000000000000e+00
1.8947842287144769e-02 3.7929056044487451e-02 0.0000000000000000e+00
1.7555913950027039e-02 3.1506290763386964e-02 0.0000000000000000e+00
1.3438289829470675e-02 2.4869280474147142e-02 0.0000000000000000e+00
1.3259617475867137e-02 2.5690576350820570e-02 0.0000000000000000e+00
1.5394435878319334e-02 2.7766547617146350e-02 0.0000000000000000e+00
2.1087501468332295e-02 4.1045502461292516e-02 0.0000000000000000e+00
1.5996710686275215e-02 2.9907510235642264e-02 0.0000000000000000e+00
1.5467592686196401e-02 2.8991915068274150e-02 0.0000000000000000e+00
1.4954073402226795e-02 2.8105195206857662e-02 0.0000000000000000e+00
1.4157413588325863e-02 2.6865497057707594e-02 0.0000000000000000e+00
1.7656409687954178e-02 3.2228416791578576e-02 0.0000000000000000e+00
1.6552471023544717e-02 3.0870887215075533e-02 0.0000000000000000e+00
1.9573328665712195e-02 4.2520098766960279e-02 0.0000000000000000e+00
2.1602230272188289e-02 4.7920030755801493e-02 0.0000000000000000e+00
1.8842996110035114e-02 3.4452073737645514e-02 0.0000000000000000e+00
1.9381027241088814e-02 3.9438020714882865e-02 0.0000000000000000e+00
1.3488804342067822e-02 2.5312095923055011e-02 0.0000000000000000e+00
2.3057609002295087e-02 4.7174128825784437e-02 0.0000000000000000e+00
1.2434168376867180e-02 2.5692124322054866e-02 0.0000000000000000e+00
1.3827259499290903e-02 2.5727313839122440e-02 0.0000000000000000e+00
1.9669731683571522e-02 4.0553367434631740e-02 0.0000000000000000e+00
1.4053194575759341e-02 2.5995083176763998e-02 0.0000000000000000e+00
2.7000920522373455e-02 5.5085043956878237e-02 0.0000000000000000e+00
2.8950569913289346e-02 5.7134331780611614e-02 0.0000000000000000e+00
2.6072199231161230e-02 5.7918030388486322e-02 0.0000000000000000e+00
2.6433139162360036e-02 5.1637706836247653e-02 0.0000000000000000e+00
3.0437033064365977e-02 5.6475472884786541e-02 0.0000000000000000e+00
1.1203742586056347e-02 2.5858768312685146e-02 0.0000000000000000e+00
1.1496364550911239e-02 2.5731354600650416e-02 0.0000000000000000e+00
1.1171232234562213e-02 2.6207744435021899e-02 0.0000000000000000e+00
1.1458591257920857e-02 2.6007244327387834e-02 0.0000000000000000e+00
1.1025761243931134e-02 2.5982821877126232e-02 0.0000000000000000e+00
1.3349738524422661e-02 2.7475909692757945e-02 0.0000000000000000e+00
1.5507223449476080e-02 3.1347712135844079e-02 0.0000000000000000e+00
1.6313368806779825e-02 3.3319331497002523e-02 0.0000000000000000e+00
1.3911584903746442e-02 2.8509292877675084e-02 0.0000000000000000e+00
1.5122081740556920e-02 3.0602892965454861e-02 0.0000000000000000e+00
1.7225588736724990e-02 3.5272375098655169e-02 0.0000000000000000e+00
1.2400017849203471e-02 2.6856582779155605e-02 0.0000000000000000e+00
1.5715747918080263e-02 3.4757080808811493e-02 0.0000000000000000e+00
1.2949440088565892e-02 2.8441608963777832e-02 0.0000000000000000e+00
1.6797167972847825e-02 3.6983481948953512e-02 0.0000000000000000e+00
1.5171895977683834e-02 3.3564993415313500e-02 0.0000000000000000e+00
1.4815790536748197e-02 3.1882560450460118e-02 0.0000000000000000e+00
1.4175639739651939e-02 3.0943003317420777e-02 0.0000000000000000e+00
1.4819089982176046e-02 2.9862528887374899e-02 0.0000000000000000e+00
1.6834419347519392e-02 3.4226606296178873e-02 0.0000000000000000e+00
1.6264214987768373e-02 3.5870512154773188e-02 0.0000000000000000e+00
1.5764532623209059e-02 3.2492170164330432e-02 0.0000000000000000e+00
1.3874403058465963e-02 2.9554480217093726e-02 0.0000000000000000e+00
7.2469332628705861e-03 2.7045923136093913e-02 0.0000000000000000e+00
1.4493866525741172e-02 5.4091846272187827e-02 0.0000000000000000e+00
1.6909510946698035e-02 6.3107153984219136e-02 0.0000000000000000e+00
9.7844207605075235e-03 2.6234807229734879e-02 0.0000000000000000e+00
1.0128835849636104e-02 2.7066298808995033e-02 0.0000000000000000e+00
9.0773059999065455e-03 2.7501856733993170e-02 0.0000000000000000e+00
1.0821398202182151e-02 3.4010897445970426e-02 0.0000000000000000e+00
1.1556792451988689e-02 3.6755426149842424e-02 0.0000000000000000e+00
1.6255941926249906e-02 5.3588658801003698e-02 0.0000000000000000e+00
1.8000610056977073e-02 5.3028087251725912e-02 0.0000000000000000e+00
1.9726002683589112e-02 5.2410731898410237e-02 0.0000000000000000e+00
1.7939789721415592e-02 6.2822037448620180e-02 0.0000000000000000e+00
1.8965265580624887e-02 6.2520101934504302e-02 0.0000000000000000e+00
1.9985663979641518e-02 6.2201428277309727e-02 0.0000000000000000e+00
2.1000711733139922e-02 6.1866101793680239e-02 0.0000000000000000e+00
2.2010137088291741e-02 6.1514212258624024e-02 0.0000000000000000e+00
2.3013669797520623e-02 6.1145853881478598e-02 0.0000000000000000e+00
2.4011041190854013e-02 6.0761125280688791e-02 0.0000000000000000e+00
1.5299081332726797e-02 5.7096948842864932e-02 0.0000000000000000e+00
1.6104296139712412e-02 6.0102051413542031e-02 0.0000000000000000e+00
9.8700948263118985e-03 2.6441642721343445e-02 0.0000000000000000e+00
9.9828268068475196e-03 2.6713801797665720e-02 0.0000000000000000e+00
9.7783577250173549e-03 2.7211471601527214e-02 0.0000000000000000e+00
9.4278505542620093e-03 2.7356656425363095e-02 0.0000000000000000e+00
9.2040778562637870e-03 2.7974975742888219e-02 0.0000000000000000e+00
9.3312195422845471e-03 2.8449474974877660e-02 0.0000000000000000e+00
9.4588320440195904e-03 2.8925731315033818e-02 0.0000000000000000e+00
9.5870446249332851e-03 2.9404227181173265e-02 0.0000000000000000e+00
9.7160231598431099e-03 2.9885581626542521e-02 0.0000000000000000e+00
9.8459812661465182e-03 3.0370591882122284e-02 0.0000000000000000e+00
9.9771950920123902e-03 3.0860288546909209e-02 0.0000000000000000e+00
1.0110023532522836e-02 3.1356011035584337e-02 0.0000000000000000e+00
1.0244935961218476e-02 3.1859511074048975e-02 0.0000000000000000e+00
1.0382551166576418e-02 3.2373098012338841e-02 0.0000000000000000e+00
1.0523692774271400e-02 3.2899845663318474e-02 0.0000000000000000e+00
1.0669470105272251e-02 3.3443894069205428e-02 0.0000000000000000e+00
1.0983140140716536e-02 3.4614526578295432e-02 0.0000000000000000e+00
1.1156353080370687e-02 3.5260966069613084e-02 0.0000000000000000e+00
1.1345441110138240e-02 3.5966652203808694e-02 0.0000000000000000e+00
1.1893350113338025e-02 3.7571253777797749e-02 0.0000000000000000e+00
1.2530108528303817e-02 3.8373174590481347e-02 0.0000000000000000e+00
1.3521950563924984e-02 3.9016641070762997e-02 0.0000000000000000e+00
1.4811179243585229e-02 3.9288347392494087e-02 0.0000000000000000e+00
7.3199178463729140e-03 2.7318305309893855e-02 0.0000000000000000e+00
7.4218351199828786e-03 2.7698665753175134e-02 0.0000000000000000e+00
7.5491135301440993e-03 2.8173675246603407e-02 0.0000000000000000e+00
7.6774894486935320e-03 2.8652780697098212e-02 0.0000000000000000e+00
7.8062863098600256e-03 2.9133457126826964e-02 0.0000000000000000e+00
7.9356209992282878e-03 2.9616140758730460e-02 0.0000000000000000e+00
8.0656437360650118e-03 3.0101392218744267e-02 0.0000000000000000e+00
8.1965482073580419e-03 3.0589934356547797e-02 0.0000000000000000e+00
8.3285850640330145e-03 3.1082702614130483e-02 0.0000000000000000e+00
8.4620802054147445e-03 3.1580913264330691e-02 0.0000000000000000e+00
8.5974598462363831e-03 3.2086156962187473e-02 0.0000000000000000e+00
8.7352854977199839e-03 3.2600529296110556e-02 0.0000000000000000e+00
8.8763035940081902e-03 3.3126815996244771e-02 0.0000000000000000e+00
9.0215174475234226e-03 3.3668761475526485e-02 0.0000000000000000e+00
9.1722936683852549e-03 3.4231465992356075e-02 0.0000000000000000e+00
9.3305226720228982e-03 3.4821984673162755e-02 0.0000000000000000e+00
9.4988653182294883e-03 3.5450247981886340e-02 0.0000000000000000e+00
9.6811318246665147e-03 3.6130475844427405e-02 0.0000000000000000e+00
9.8828469470466172e-03 3.6883286929804929e-02 0.0000000000000000e+00
1.0111989117819057e-02 3.7738457153284284e-02 0.0000000000000000e+00
1.0379524344358499e-02 3.8736912211543940e-02 0.0000000000000000e+00
1.0698194087171918e-02 3.9926203882558534e-02 0.0000000000000000e+00
1.1076648417869315e-02 4.1338614673065689e-02 0.0000000000000000e+00
1.1510476078385680e-02 4.2957681543841504e-02 0.0000000000000000e+00
1.1982514074263890e-02 4.4719351327561975e-02 0.0000000000000000e+00
1.2474801817705933e-02 4.6556594198031098e-02 0.0000000000000000e+00
1.2976118885526518e-02 4.8427534965838966e-02 0.0000000000000000e+00
1.3481122055556721e-02 5.0312232454375029e-02 0.0000000000000000e+00
1.3987447793078497e-02 5.2201865831986077e-02 0.0000000000000000e+00
7.4806746850803090e-03 2.6982207216163741e-02 0.0000000000000000e+00
7.7138560607506509e-03 2.6916471252265230e-02 0.0000000000000000e+00
7.9464599325761963e-03 2.6848720165772545e-02 0.0000000000000000e+00
8.1784688864868400e-03 2.6778959028923566e-02 0.0000000000000000e+00
8.4098655529514770e-03 2.6707193064440159e-02 0.0000000000000000e+00
8.6406326082783345e-03 2.6633427645137171e-02 0.0000000000000000e+00
8.8707527759120143e-03 2.6557668293520229e-02 0.0000000000000000e+00
9.1002088277268578e-03 2.6479920681372181e-02 0.0000000000000000e+00
9.3289835853167333e-03 2.6400190629328631e-02 0.0000000000000000e+00
9.5570599212811656e-03 2.6318484106442018e-02 0.0000000000000000e+00
1.0590784644841096e-02 2.6874953352899220e-02 0.0000000000000000e+00
1.0530049008344000e-02 2.5944519033542977e-02 0.0000000000000000e+00
1.0344424436776221e-02 2.6019086899271217e-02 0.0000000000000000e+00
1.0158271866149662e-02 2.6092326701415348e-02 0.0000000000000000e+00
9.9716007980448825e-03 2.6164234701676843e-02 0.0000000000000000e+00
7.8606848011215959e-03 2.7608899463801208e-02 0.0000000000000000e+00
1.7308906780730920e-02 4.7689356827447113e-02 0.0000000000000000e+00
1.5862646455772709e-02 4.2409874131661134e-02 0.0000000000000000e+00
8.8058678728777998e-03 2.8489159437803387e-02 0.0000000000000000e+00
8.3183980569789834e-03 2.6907012489093579e-02 0.0000000000000000e+00
8.6236335660803669e-03 2.6955375768887589e-02 0.0000000000000000e+00
9.1698707411749878e-03 2.9957511176154111e-02 0.0000000000000000e+00
9.1297987351675516e-03 2.6719907505940797e-02 0.0000000000000000e+00
8.8794261476905084e-03 3.1012160998247312e-02 0.0000000000000000e+00
9.6977680594182141e-03 3.1942103657998107e-02 0.0000000000000000e+00
9.9785035705374000e-03 3.2987513197248776e-02 0.0000000000000000e+00
1.0273538710853687e-02 3.4091626506338610e-02 0.0000000000000000e+00
8.8104438008926624e-03 2.7970338364627874e-02 0.0000000000000000e+00
1.2306303385417772e-02 4.1051479530338122e-02 0.0000000000000000e+00
1.0415140545827647e-02 3.4627280296043048e-02 0.0000000000000000e+00
1.4586624575374843e-02 4.6107828985623940e-02 0.0000000000000000e+00
7.9990539290733381e-03 2.8046378718738257e-02 0.0000000000000000e+00
1.5022624007837184e-02 4.8022349479718965e-02 0.0000000000000000e+00
1.6680073596428317e-02 4.5665245243502954e-02 0.0000000000000000e+00
1.2955207448298988e-02 4.2355110881808385e-02 0.0000000000000000e+00
1.0522155170116088e-02 3.6080975027523131e-02 0.0000000000000000e+00
8.1435900311490478e-03 2.8479387828767321e-02 0.0000000000000000e+00
8.3985095962464083e-03 2.8956278541186379e-02 0.0000000000000000e+00
9.0534310544101212e-03 2.9467424062395643e-02 0.0000000000000000e+00
8.4997537799110599e-03 2.9527424875709800e-02 0.0000000000000000e+00
9.5867219121790019e-03 2.6588536797906990e-02 0.0000000000000000e+00
8.6190721338124856e-03 3.0026622506520002e-02 0.0000000000000000e+00
9.4309911714739285e-03 3.0940433877761419e-02 0.0000000000000000e+00
1.5403997922760147e-02 4.0931714041996303e-02 0.0000000000000000e+00
9.0122917255286272e-03 3.1510254710743084e-02 0.0000000000000000e+00
9.1477503935095891e-03 3.2016194378080703e-02 0.0000000000000000e+00
9.2865216610316572e-03 3.2532387235043189e-02 0.0000000000000000e+00
1.5378094673093890e-02 4.9897774289743221e-02 0.0000000000000000e+00
1.9135309352121523e-02 5.0699625127793392e-02 0.0000000000000000e+00
1.7495515119337585e-02 5.1253837217721962e-02 0.0000000000000000e+00
1.0748251145563575e-02 3.6860283224530638e-02 0.0000000000000000e+00
9.4293684627716860e-03 3.3061680483734611e-02 0.0000000000000000e+00
1.1320625937617646e-02 3.8548884428708817e-02 0.0000000000000000e+00
7.7008373112254520e-03 2.7204388076449319e-02 0.0000000000000000e+00
1.5776182934623000e-02 5.1738781972529672e-02 0.0000000000000000e+00
9.5762576594388797e-03 3.3606010520997709e-02 0.0000000000000000e+00
8.9722682991875274e-03 2.7130854730515835e-02 0.0000000000000000e+00
9.7242440610077387e-03 3.4159933150005338e-02 0.0000000000000000e+00
9.7167502180568032e-03 2.6890215574863239e-02 0.0000000000000000e+00
1.1967704838163718e-02 3.9631276099618092e-02 0.0000000000000000e+00
1.3421744962968402e-02 4.0218040503154973e-02 0.0000000000000000e+00
9.8644060448343871e-03 3.4692217652817631e-02 0.0000000000000000e+00
8.0829310005307211e-03 2.7087542732468564e-02 0.0000000000000000e+00
8.7900153171306741e-03 2.7541946183381273e-02 0.0000000000000000e+00
8.7484041081222798e-03 3.0519424112324441e-02 0.0000000000000000e+00
1.4112437841050030e-02 4.3934668414128110e-02 0.0000000000000000e+00
9.8364206930842205e-03 3.2459185898973238e-02 0.0000000000000000e+00
9.5631400673201854e-03 3.1437619421402017e-02 0.0000000000000000e+00
9.2992474082647606e-03 3.0447500826416656e-02 0.0000000000000000e+00
8.9859719970844971e-03 2.9007578301820065e-02 0.0000000000000000e+00
1.0303965038471365e-02 3.5273899081991862e-02 0.0000000000000000e+00
1.0124649184882708e-02 3.3533378197167306e-02 0.0000000000000000e+00
1.6225816744921250e-02 4.3906683604757496e-02 0.0000000000000000e+00
1.8609495187877512e-02 4.9159662216312808e-02 0.0000000000000000e+00
1.1037284638550552e-02 3.7685305293105674e-02 0.0000000000000000e+00
1.4182436095534110e-02 4.1591347672604306e-02 0.0000000000000000e+00
8.3603296528618632e-03 2.7436379693611262e-02 0.0000000000000000e+00
1.7052954705809139e-02 4.9661338072750798e-02 0.0000000000000000e+00
9.3747905535147211e-03 2.6959360108910931e-02 0.0000000000000000e+00
8.4146091201832921e-03 2.7969307034532688e-02 0.0000000000000000e+00
1.4766960455404505e-02 4.2584161770551111e-02 0.0000000000000000e+00
8.4441904099447351e-03 2.8318408773651601e-02 0.0000000000000000e+00
1.9858474124218380e-02 5.8043542123516929e-02 0.0000000000000000e+00
1.9928929135730425e-02 6.0871217745534681e-02 0.0000000000000000e+00
2.2518403163866423e-02 5.9390060917467992e-02 0.0000000000000000e+00
1.7822320719081190e-02 5.5204424618586129e-02 0.0000000000000000e+00
1.8411957368537228e-02 6.1456422326561899e-02 0.0000000000000000e+00
1.0362668069762541e-02 2.6207152784300431e-02 0.0000000000000000e+00
1.0065657994293610e-02 2.6323972660177549e-02 0.0000000000000000e+00
1.0632419742339309e-02 2.6430927876876679e-02 0.0000000000000000e+00
1.0287451242550587e-02 2.6492346405192036e-02 0.0000000000000000e+00
1.0576239000350620e-02 2.6169020087005668e-02 0.0000000000000000e+00
9.9887114253317810e-03 2.8868092700704888e-02 0.0000000000000000e+00
1.1200916967439609e-02 3.3131442684438767e-02 0.0000000000000000e+00
1.2025031538861903e-02 3.5095618953404115e-02 0.0000000000000000e+00
1.0322138298145890e-02 2.9996090343128903e-02 0.0000000000000000e+00
1.0946586595394164e-02 3.2332439684204288e-02 0.0000000000000000e+00
1.2761005015145741e-02 3.7121666226483441e-02 0.0000000000000000e+00
1.0222335094632790e-02 2.7758608510644784e-02 0.0000000000000000e+00
1.3464255609866509e-02 3.5689679458452341e-02 0.0000000000000000e+00
1.0954617666949537e-02 2.9267891465337263e-02 0.0000000000000000e+00
1.4273879499665122e-02 3.8028662256325493e-02 0.0000000000000000e+00
1.3005883925172856e-02 3.4462184983727134e-02 0.0000000000000000e+00
1.2068028738936256e-02 3.3020720653284499e-02 0.0000000000000000e+00
1.1856316488460686e-02 3.1903698463591458e-02 0.0000000000000000e+00
1.0637317662231648e-02 3.1594675697052273e-02 0.0000000000000000e+00
1.2298133331061297e-02 3.6105597486999243e-02 0.0000000000000000e+00
1.3863745680747712e-02 3.6864819097801496e-02 0.0000000000000000e+00
1.1828225938557597e-02 3.4122641778772944e-02 0.0000000000000000e+00
1.1087488888393993e-02 3.0708857863507300e-02 0.0000000000000000e+00
7.3094667643229007e-03 5.5520912236933374e-02 0.0000000000000000e+00
8.5277112250433853e-03 6.4774397609755618e-02 0.0000000000000000e+00
4.6438466749520761e-03 2.7612219904591818e-02 0.0000000000000000e+00
4.7613202479501225e-03 2.8504520279828242e-02 0.0000000000000000e+00
5.8897507731526209e-03 2.8355959582831484e-02 0.0000000000000000e+00
7.6338429754282304e-03 3.4865000294808747e-02 0.0000000000000000e+00
8.3692372252347682e-03 3.7609528998680745e-02 0.0000000000000000e+00
5.5139675888519228e-03 4.1882741990455108e-02 0.0000000000000000e+00
3.7698753865763146e-03 2.8635046472048297e-02 0.0000000000000000e+00
3.6547333821614512e-03 2.7760456118466687e-02 0.0000000000000000e+00
4.6419214877141193e-03 3.5258894231251711e-02 0.0000000000000000e+00
1.2716270729924909e-02 5.4537110839530681e-02 0.0000000000000000e+00
1.0925058032903182e-02 5.4923975702580903e-02 0.0000000000000000e+00
9.1221465100969588e-03 5.5252026596753233e-02 0.0000000000000000e+00
1.5874705087013257e-02 6.3375375208710213e-02 0.0000000000000000e+00
1.4835649184912394e-02 6.3626629312785801e-02 0.0000000000000000e+00
1.3792621420785732e-02 6.3860849029646713e-02 0.0000000000000000e+00
1.2745901038387047e-02 6.4077971653011059e-02 0.0000000000000000e+00
1.1695768270073329e-02 6.4277939053902416e-02 0.0000000000000000e+00
1.0642504261779784e-02 6.4460697696212099e-02 0.0000000000000000e+00
9.5863909977502819e-03 6.4626198651032377e-02 0.0000000000000000e+00
8.1216297381365571e-03 6.1689902485481521e-02 0.0000000000000000e+00
7.7155482512297280e-03 5.8605407361207451e-02 0.0000000000000000e+00
4.6730685033242710e-03 2.7834181727631264e-02 0.0000000000000000e+00
4.7115192825226294e-03 2.8126244391864674e-02 0.0000000000000000e+00
5.1374296036067781e-03 2.8455004543790064e-02 0.0000000000000000e+00
5.5135701296074573e-03 2.8405484704098233e-02 0.0000000000000000e+00
6.0165226295098616e-03 2.8829078591726533e-02 0.0000000000000000e+00
6.1436643155306225e-03 2.9303577823715978e-02 0.0000000000000000e+00
6.2712768172656667e-03 2.9779834163872133e-02 0.0000000000000000e+00
6.3994893981793614e-03 3.0258330030011580e-02 0.0000000000000000e+00
6.5284679330891845e-03 3.0739684475380839e-02 0.0000000000000000e+00
6.6584260393925962e-03 3.1224694730960602e-02 0.0000000000000000e+00
6.7896398652584648e-03 3.1714391395747520e-02 0.0000000000000000e+00
6.9224683057689139e-03 3.2210113884422652e-02 0.0000000000000000e+00
7.0573807344645545e-03 3.2713613922887297e-02 0.0000000000000000e+00
7.1949959398224959e-03 3.3227200861177156e-02 0.0000000000000000e+00
7.3361375475174797e-03 3.3753948512156795e-02 0.0000000000000000e+00
7.4819148785183276e-03 3.4297996918043742e-02 0.0000000000000000e+00
7.7955849139626143e-03 3.5468629427133747e-02 0.0000000000000000e+00
7.9687978536167638e-03 3.6115068918451405e-02 0.0000000000000000e+00
8.1578858833843190e-03 3.6820755052647015e-02 0.0000000000000000e+00
8.4856835546456254e-03 3.8484335280273924e-02 0.0000000000000000e+00
8.3351949975535335e-03 3.9497198283364267e-02 0.0000000000000000e+00
7.7979678383051591e-03 4.0550377619582530e-02 0.0000000000000000e+00
6.8173162112974608e-03 4.1430296536400603e-02 0.0000000000000000e+00
5.7055770902540454e-03 4.3338160648767492e-02 0.0000000000000000e+00
5.9173035365163006e-03 4.4946382673736698e-02 0.0000000000000000e+00
6.1413695707341872e-03 4.6648333174669217e-02 0.0000000000000000e+00
6.3717497590251642e-03 4.8398244437370785e-02 0.0000000000000000e+00
6.6050165316858672e-03 5.0170081485170444e-02 0.0000000000000000e+00
6.8395306005785408e-03 5.1951392688453890e-02 0.0000000000000000e+00
7.0744900538146404e-03 5.3736086921695632e-02 0.0000000000000000e+00
7.0126492933551771e-03 2.7107614241913748e-02 0.0000000000000000e+00
6.7778403163860027e-03 2.7167275915070555e-02 0.0000000000000000e+00
6.5425239111201192e-03 2.7224903688946662e-02 0.0000000000000000e+00
6.3067176947035576e-03 2.7280493249193884e-02 0.0000000000000000e+00
6.0704393209524456e-03 2.7334040434056482e-02 0.0000000000000000e+00
5.8337064790313651e-03 2.7385541234682714e-02 0.0000000000000000e+00
5.5965368921289914e-03 2.7434991795425044e-02 0.0000000000000000e+00
5.3589483161312346e-03 2.7482388414128679e-02 0.0000000000000000e+00
5.1209585382919996e-03 2.7527727542408842e-02 0.0000000000000000e+00
4.8825853759014229e-03 2.7571005785916359e-02 0.0000000000000000e+00
4.2655881280070779e-03 2.8569784651553045e-02 0.0000000000000000e+00
3.7211197730749406e-03 2.8264710820276810e-02 0.0000000000000000e+00
3.6834652471342834e-03 2.7978696300000355e-02 0.0000000000000000e+00
3.8529695724504585e-03 2.7733637076189109e-02 0.0000000000000000e+00
4.0510090998588776e-03 2.7705402456431858e-02 0.0000000000000000e+00
4.2488418560733205e-03 2.7675753700343544e-02 0.0000000000000000e+00
4.4464577433343828e-03 2.7644692321252946e-02 0.0000000000000000e+00
5.3395583686243614e-03 4.0557972438614427e-02 0.0000000000000000e+00
5.1651491483968009e-03 3.9233202886773746e-02 0.0000000000000000e+00
4.9907399281692430e-03 3.7908433334933080e-02 0.0000000000000000e+00
4.8163307079416807e-03 3.6583663783092385e-02 0.0000000000000000e+00
4.4559036676553206e-03 3.3845948609499917e-02 0.0000000000000000e+00
4.2698858475965201e-03 3.2433002987748129e-02 0.0000000000000000e+00
4.0875753610679234e-03 3.1048217359905619e-02 0.0000000000000000e+00
3.9460795779601189e-03 2.9973450183431241e-02 0.0000000000000000e+00
3.8438108659120279e-03 2.9196642193288855e-02 0.0000000000000000e+00
6.9968970029870847e-03 2.7840350706743209e-02 0.0000000000000000e+00
8.8547254298738717e-03 4.9954647893075514e-02 0.0000000000000000e+00
7.4674822638802242e-03 4.4659351597205396e-02 0.0000000000000000e+00
6.6184744386202903e-03 2.9075269742041825e-02 0.0000000000000000e+00
6.2495622084118843e-03 2.7461355383989691e-02 0.0000000000000000e+00
6.0094021432900166e-03 2.7655856967452326e-02 0.0000000000000000e+00
7.0374145767998870e-03 3.0528901083293185e-02 0.0000000000000000e+00
5.4533161168762740e-03 2.7705018054499004e-02 0.0000000000000000e+00
7.8162718841958915e-03 3.1297032324580393e-02 0.0000000000000000e+00
7.5725383295335751e-03 3.2511557247851305e-02 0.0000000000000000e+00
7.8521190147852853e-03 3.3557276221760565e-02 0.0000000000000000e+00
8.1486677428071874e-03 3.4660983966247005e-02 0.0000000000000000e+00
6.3551010321257770e-03 2.8628245476660562e-02 0.0000000000000000e+00
9.8681684067188479e-03 4.1704775828918572e-02 0.0000000000000000e+00
8.2938638513494686e-03 3.5195674673251437e-02 0.0000000000000000e+00
1.0421527055070974e-02 4.7223863502586227e-02 0.0000000000000000e+00
7.0958054505499005e-03 2.8288403419123250e-02 0.0000000000000000e+00
1.1001200717570502e-02 4.9099886602769628e-02 0.0000000000000000e+00
8.3872551502505045e-03 4.7887299249134214e-02 0.0000000000000000e+00
9.9580166793799066e-03 4.3158205727902264e-02 0.0000000000000000e+00
8.9280338338792748e-03 3.6508118552205003e-02 0.0000000000000000e+00
7.1871380694028862e-03 2.8735668359516364e-02 0.0000000000000000e+00
7.2048166063164209e-03 2.9276127613848811e-02 0.0000000000000000e+00
6.8932107466677314e-03 3.0046253349328526e-02 0.0000000000000000e+00
7.4027097385391278e-03 2.9821376940656785e-02 0.0000000000000000e+00
4.9919236839895591e-03 2.7819709272534309e-02 0.0000000000000000e+00
7.5489758283278511e-03 3.0313353947398137e-02 0.0000000000000000e+00
7.3027390015175360e-03 3.1510697327991014e-02 0.0000000000000000e+00
7.1256035000451558e-03 4.3149903142189090e-02 0.0000000000000000e+00
7.9502537747474684e-03 3.1794826921986104e-02 0.0000000000000000e+00
8.0859129607819633e-03 3.2300712860673209e-02 0.0000000000000000e+00
8.2238299462737297e-03 3.2817134621815819e-02 0.0000000000000000e+00
1.1631066496170170e-02 5.0901787463766592e-02 0.0000000000000000e+00
8.7781485556855318e-03 5.3474817999077696e-02 0.0000000000000000e+00
1.0475358063219914e-02 5.3134882631648332e-02 0.0000000000000000e+00
9.1218830739520813e-03 3.7296067235914700e-02 0.0000000000000000e+00
8.3647676114632155e-03 3.3346939422104198e-02 0.0000000000000000e+00
9.4704925656365069e-03 3.9044626171621029e-02 0.0000000000000000e+00
6.9330732962923783e-03 2.7410109824228313e-02 0.0000000000000000e+00
1.2206815790130802e-02 5.2695191016386533e-02 0.0000000000000000e+00
8.5097228542394855e-03 3.3891787660750565e-02 0.0000000000000000e+00
5.7952150885917306e-03 2.7982143572605683e-02 0.0000000000000000e+00
8.6585241855700254e-03 3.4445491929986666e-02 0.0000000000000000e+00
5.0301552563664564e-03 2.8145984910099935e-02 0.0000000000000000e+00
9.4513016349653412e-03 4.0305544305746184e-02 0.0000000000000000e+00
8.4854481505310317e-03 4.1540717247647886e-02 0.0000000000000000e+00
8.8032825983374707e-03 3.4976544823376213e-02 0.0000000000000000e+00
6.5437477827379187e-03 2.7499965632679681e-02 0.0000000000000000e+00
6.1585965274011546e-03 2.8247032723037378e-02 0.0000000000000000e+00
7.6833718559561918e-03 3.0804798644205440e-02 0.0000000000000000e+00
9.7456045273859246e-03 4.5104757874005724e-02 0.0000000000000000e+00
7.7110027469647615e-03 3.3028689921214556e-02 0.0000000000000000e+00
7.4368874724529133e-03 3.2007347087101283e-02 0.0000000000000000e+00
7.1703659215744554e-03 3.1017932901556890e-02 0.0000000000000000e+00
6.7217091237392838e-03 2.9614285710184689e-02 0.0000000000000000e+00
8.7134540579730402e-03 3.5700075214769214e-02 0.0000000000000000e+00
7.9984857000698281e-03 3.4103081985899453e-02 0.0000000000000000e+00
7.9013723041260336e-03 4.6137211770106323e-02 0.0000000000000000e+00
8.4635355238502318e-03 5.1878263914727656e-02 0.0000000000000000e+00
9.2840837607683236e-03 3.8155074052476957e-02 0.0000000000000000e+00
8.5133238900202430e-03 4.3110381709873163e-02 0.0000000000000000e+00
6.4779319834149295e-03 2.7940766628973795e-02 0.0000000000000000e+00
1.0062377051559317e-02 5.1534457709834086e-02 0.0000000000000000e+00
5.3608732799533482e-03 2.8034886000847036e-02 0.0000000000000000e+00
6.6973882562713994e-03 2.8429434978243753e-02 0.0000000000000000e+00
8.5035179942150440e-03 4.4262446119865635e-02 0.0000000000000000e+00
6.8463209774207359e-03 2.8746556597706779e-02 0.0000000000000000e+00
1.1823827989789440e-02 6.0196419066707002e-02 0.0000000000000000e+00
1.3176649971004956e-02 6.2680485494792368e-02 0.0000000000000000e+00
1.0193521266165819e-02 6.2692503068765837e-02 0.0000000000000000e+00
1.2167629812175030e-02 5.6719594480539245e-02 0.0000000000000000e+00
1.4782988348731650e-02 6.2428801644776356e-02 0.0000000000000000e+00
4.1292425927500105e-03 2.7877394106945522e-02 0.0000000000000000e+00
4.4448708012245989e-03 2.7830058049387589e-02 0.0000000000000000e+00
4.0075183378733116e-03 2.8206064858139149e-02 0.0000000000000000e+00
4.3369790863534317e-03 2.8086770614028946e-02 0.0000000000000000e+00
3.9252183927034699e-03 2.7951155687667473e-02 0.0000000000000000e+00
5.7835685049432628e-03 2.9994857350280443e-02 0.0000000000000000e+00
6.8654427027365350e-03 3.4293129512471862e-02 0.0000000000000000e+00
7.1338266827385803e-03 3.6406213344617550e-02 0.0000000000000000e+00
6.0588111839938522e-03 3.1138445400435651e-02 0.0000000000000000e+00
6.6861977657646024e-03 3.3474007430546106e-02 0.0000000000000000e+00
7.5094785923048970e-03 3.8528808490514349e-02 0.0000000000000000e+00
5.0265023773732025e-03 2.9150827691241693e-02 0.0000000000000000e+00
6.1844523280346446e-03 3.7640296868876627e-02 0.0000000000000000e+00
5.1469685443445243e-03 3.0824046357662598e-02 0.0000000000000000e+00
6.6527888708948517e-03 4.0070727335748881e-02 0.0000000000000000e+00
5.9676666139922164e-03 3.6348069628412735e-02 0.0000000000000000e+00
6.0591408651227818e-03 3.4630797306481984e-02 0.0000000000000000e+00
5.6839779574804775e-03 3.3557571588379104e-02 0.0000000000000000e+00
6.5851505249086414e-03 3.2680450609093900e-02 0.0000000000000000e+00
7.4023028596724065e-03 3.7417431308087577e-02 0.0000000000000000e+00
6.4260535977664554e-03 3.8857742684987678e-02 0.0000000000000000e+00
6.8177767448935698e-03 3.5465187593932392e-02 0.0000000000000000e+00
5.7523818902267760e-03 3.2138395475199831e-02 0.0000000000000000e+00
6.4209690351719964e-18 2.8000000000000001e-02 0.0000000000000000e+00
1.2841938070343993e-17 5.6000000000000001e-02 0.0000000000000000e+00
1.5649166144318223e-17 6.5333333333333340e-02 0.0000000000000000e+00
2.6609569522044567e-03 2.7873272289031921e-02 0.0000000000000000e+00
2.7784305252025027e-03 2.8765572664268348e-02 0.0000000000000000e+00
1.6500000000000069e-03 2.8914133361265120e-02 0.0000000000000000e+00
1.6500000000000078e-03 3.5652788167694661e-02 0.0000000000000000e+00
1.6500000000000082e-03 3.8494133361265101e-02 0.0000000000000000e+00
1.8322686380194805e-03 5.5970016898676478e-02 0.0000000000000000e+00
3.6625752368880399e-03 5.5880099701361791e-02 0.0000000000000000e+00
5.4889598584554316e-03 5.5730344693643033e-02 0.0000000000000000e+00
1.0689664662638183e-03 6.5324587676758042e-02 0.0000000000000000e+00
2.1376467443560581e-03 6.5298353048455895e-02 0.0000000000000000e+00
3.2057547227246712e-03 6.5254636472071276e-02 0.0000000000000000e+00
4.2730044430360475e-03 6.5193449651588770e-02 0.0000000000000000e+00
5.3391101767330251e-03 6.5114808968199780e-02 0.0000000000000000e+00
6.4037865015313345e-03 6.5018735475916856e-02 0.0000000000000000e+00
7.4667483778340146e-03 6.4905254895937042e-02 0.0000000000000000e+00
1.4415031189388538e-17 5.9111111111111121e-02 0.0000000000000000e+00
1.5810796501250488e-17 6.2222222222222220e-02 0.0000000000000000e+00
2.6901787805766520e-03 2.8095234112071370e-02 0.0000000000000000e+00
2.7286295597750091e-03 2.8387296776304780e-02 0.0000000000000000e+00
2.4023211695458502e-03 2.8815088400306541e-02 0.0000000000000000e+00
2.0261806435451688e-03 2.8864608239998361e-02 0.0000000000000000e+00
1.6500000000000074e-03 2.9403942201673392e-02 0.0000000000000000e+00
1.6500000000000076e-03 2.9895179954174941e-02 0.0000000000000000e+00
1.6500000000000071e-03 3.0388236798907894e-02 0.0000000000000000e+00
1.6500000000000084e-03 3.0883612171546754e-02 0.0000000000000000e+00
1.6500000000000082e-03 3.1381946963172050e-02 0.0000000000000000e+00
1.6500000000000071e-03 3.1884066528028387e-02 0.0000000000000000e+00
1.6500000000000080e-03 3.2391037820708547e-02 0.0000000000000000e+00
1.6500000000000074e-03 3.2904247505327520e-02 0.0000000000000000e+00
1.6500000000000080e-03 3.3425509101985516e-02 0.0000000000000000e+00
1.6500000000000069e-03 3.3957213425766762e-02 0.0000000000000000e+00
1.6500000000000074e-03 3.4502542721912936e-02 0.0000000000000000e+00
1.6500000000000076e-03 3.5065783077517773e-02 0.0000000000000000e+00
1.6500000000000084e-03 3.6277711030192353e-02 0.0000000000000000e+00
1.6500000000000082e-03 3.6946954437629929e-02 0.0000000000000000e+00
1.6500000000000080e-03 3.7677534483208312e-02 0.0000000000000000e+00
1.7639380094971312e-03 3.9369269869439671e-02 0.0000000000000000e+00
2.1714470286328764e-03 4.0308671097971913e-02 0.0000000000000000e+00
2.9629514864565058e-03 4.1186919598179300e-02 0.0000000000000000e+00
4.1379279933941339e-03 4.1783044687293810e-02 0.0000000000000000e+00
6.5765367926944146e-18 2.8281990776503396e-02 0.0000000000000000e+00
7.7257818453765115e-18 2.8675768883402730e-02 0.0000000000000000e+00
6.6296055956167674e-18 2.9167534897417680e-02 0.0000000000000000e+00
7.1092008258434323e-18 2.9663541358219591e-02 0.0000000000000000e+00
7.0254226659703458e-18 3.0161174216402329e-02 0.0000000000000000e+00
6.8434922431892894e-18 3.0660885083185846e-02 0.0000000000000000e+00
7.3630369833914724e-18 3.1163254361247360e-02 0.0000000000000000e+00
7.9130867146285908e-18 3.1669030399641973e-02 0.0000000000000000e+00
7.7465189077039392e-18 3.2179181639179509e-02 0.0000000000000000e+00
7.5637294516786637e-18 3.2694967258158403e-02 0.0000000000000000e+00
7.8251567248765933e-18 3.3218034023851838e-02 0.0000000000000000e+00
7.7359718417729706e-18 3.3750551449024349e-02 0.0000000000000000e+00
9.0566560445666017e-18 3.4295403533739922e-02 0.0000000000000000e+00
8.0121243170146091e-18 3.4856466779521207e-02 0.0000000000000000e+00
9.1934817211982420e-18 3.5439021362404045e-02 0.0000000000000000e+00
9.7109627962049047e-18 3.6050371286730394e-02 0.0000000000000000e+00
1.1088594542764977e-17 3.6700797325277541e-02 0.0000000000000000e+00
1.0182142413288056e-17 3.7405021028617570e-02 0.0000000000000000e+00
8.3116979686263544e-18 3.8184388413657587e-02 0.0000000000000000e+00
1.0345799121089525e-17 3.9069725776221732e-02 0.0000000000000000e+00
1.0502394215123864e-17 4.0103402515247910e-02 0.0000000000000000e+00
8.3025901084941044e-18 4.1334647853809428e-02 0.0000000000000000e+00
9.7988386312115343e-18 4.2796883102175658e-02 0.0000000000000000e+00
1.0178497643058058e-17 4.4473064467980952e-02 0.0000000000000000e+00
1.0111550319789535e-17 4.6296879232814940e-02 0.0000000000000000e+00
1.1848990541763660e-17 4.8198933014239873e-02 0.0000000000000000e+00
1.1952835838424876e-17 5.0135873426109506e-02 0.0000000000000000e+00
1.1962956163046393e-17 5.2087055843269607e-02 0.0000000000000000e+00
1.3200626281078277e-17 5.4043348268818160e-02 0.0000000000000000e+00
2.4226776994007088e-04 2.7998951879090909e-02 0.0000000000000000e+00
4.8451740231477417e-04 2.7995807594832021e-02 0.0000000000000000e+00
7.2673076091659468e-04 2.7990567382622625e-02 0.0000000000000000e+00
9.6888971225371598e-04 2.7983231634775296e-02 0.0000000000000000e+00
1.2109761269075629e-03 2.7973800900486519e-02 0.0000000000000000e+00
1.4529718808900379e-03 2.7962275885795539e-02 0.0000000000000000e+00
1.6948588570004626e-03 2.7948657453531596e-02 0.0000000000000000e+00
1.9366189461819028e-03 2.7932946623249206e-02 0.0000000000000000e+00
2.1782340488768702e-03 2.7915144571151941e-02 0.0000000000000000e+00
2.4196860763824575e-03 2.7895252630004280e-02 0.0000000000000000e+00
3.2741626451455487e-03 2.8700308292543560e-02 0.0000000000000000e+00
3.4563106473432968e-03 2.7785858214369796e-02 0.0000000000000000e+00
3.2577114958690190e-03 2.7809842067327221e-02 0.0000000000000000e+00
3.0589460646162849e-03 2.7832406453157595e-02 0.0000000000000000e+00
2.8600244989499999e-03 2.7853550220131827e-02 0.0000000000000000e+00
4.4712946616877431e-04 2.8702643961582189e-02 0.0000000000000000e+00
4.3762062887047334e-03 5.0544256123503391e-02 0.0000000000000000e+00
4.3456567592489890e-03 4.5070347721922137e-02 0.0000000000000000e+00
1.1322781598361118e-03 2.9797541184398441e-02 0.0000000000000000e+00
1.0709082376000071e-03 2.8143138113387957e-02 0.0000000000000000e+00
1.3532257610472131e-03 2.8268854217382039e-02 0.0000000000000000e+00
1.1038405363731029e-03 3.1310070925335109e-02 0.0000000000000000e+00
1.9030874412043349e-03 2.8172414526657610e-02 0.0000000000000000e+00
5.5032914254870863e-04 3.2253611833845258e-02 0.0000000000000000e+00
1.1000998586244708e-03 3.3363669938027238e-02 0.0000000000000000e+00
1.1006976404810294e-03 3.4446117707952653e-02 0.0000000000000000e+00
1.0999141498317380e-03 3.5588969981640350e-02 0.0000000000000000e+00
1.2709789416232571e-03 2.9297582847914470e-02 0.0000000000000000e+00
1.2620715340358332e-03 4.2837789976686372e-02 0.0000000000000000e+00
1.0980536169261580e-03 3.6143021062778204e-02 0.0000000000000000e+00
2.1560131259278619e-03 4.8312039055201331e-02 0.0000000000000000e+00
4.6755581740348960e-04 2.9161029037959720e-02 0.0000000000000000e+00
2.0816418718797311e-03 5.0274168802182571e-02 0.0000000000000000e+00
4.2926787028966362e-03 4.8426360464990874e-02 0.0000000000000000e+00
1.5514601056034658e-03 4.4264949896949679e-02 0.0000000000000000e+00
8.2517792404474292e-04 3.7574879770325517e-02 0.0000000000000000e+00
4.9509596685115684e-04 2.9616692416277311e-02 0.0000000000000000e+00
6.1790095959851361e-04 3.0143311510136720e-02 0.0000000000000000e+00
1.1182123145219262e-03 3.0806546316483819e-02 0.0000000000000000e+00
5.6787178244659608e-04 3.0721200428181501e-02 0.0000000000000000e+00
2.3784425797174985e-03 2.8163780587309183e-02 0.0000000000000000e+00
5.5392260790654453e-04 3.1234270174623359e-02 0.0000000000000000e+00
1.1016643887309706e-03 3.2327084288490168e-02 0.0000000000000000e+00
4.2852122789382666e-03 4.3523847740573128e-02 0.0000000000000000e+00
5.4975129656764394e-04 3.2769121556640191e-02 0.0000000000000000e+00
5.4964750078536153e-04 3.3292881030963381e-02 0.0000000000000000e+00
5.5008970970402268e-04 3.3827401689797115e-02 0.0000000000000000e+00
1.9396045094472859e-03 5.2177692639591967e-02 0.0000000000000000e+00
5.3612609346136682e-03 5.3924659788367267e-02 0.0000000000000000e+00
3.6339006914682115e-03 5.4035577581777156e-02 0.0000000000000000e+00
8.4187006255944188e-04 3.8386151628920680e-02 0.0000000000000000e+00
5.5107795150198698e-04 3.4375631181210911e-02 0.0000000000000000e+00
9.5769950529694188e-04 4.0165356639459381e-02 0.0000000000000000e+00
3.9742389841811876e-04 2.8270544390814022e-02 0.0000000000000000e+00
1.8476403919155792e-03 5.4059002330507477e-02 0.0000000000000000e+00
5.5207903970062931e-04 3.4939431343845501e-02 0.0000000000000000e+00
1.6445637564126113e-03 2.8528587187101516e-02 0.0000000000000000e+00
5.5165720101514322e-04 3.5512781216112121e-02 0.0000000000000000e+00
2.4259600655339689e-03 2.8488833711178118e-02 0.0000000000000000e+00
1.3025861482894689e-03 4.1378343051696152e-02 0.0000000000000000e+00
2.5552152546753268e-03 4.2321447219662231e-02 0.0000000000000000e+00
5.4927791431646654e-04 3.6063205155125636e-02 0.0000000000000000e+00
7.9673986133392419e-04 2.8256573579187066e-02 0.0000000000000000e+00
1.3621225968452578e-03 2.8878500495607900e-02 0.0000000000000000e+00
5.5130126101803534e-04 3.1743753550998677e-02 0.0000000000000000e+00
2.2604392567288543e-03 4.6090198576742167e-02 0.0000000000000000e+00
1.1001972865168075e-03 3.3899018971146930e-02 0.0000000000000000e+00
1.1006293325006192e-03 3.2841531296584472e-02 0.0000000000000000e+00
1.1019901470432473e-03 3.1816849728572773e-02 0.0000000000000000e+00
1.1720687094806050e-03 3.0344909731433799e-02 0.0000000000000000e+00
8.2330906639531095e-04 3.6738832509237110e-02 0.0000000000000000e+00
1.1005832057422447e-03 3.5011208077392018e-02 0.0000000000000000e+00
4.3090495223512236e-03 4.6610150036467082e-02 0.0000000000000000e+00
5.2519351837844799e-03 5.2301079120749848e-02 0.0000000000000000e+00
9.0752355412100562e-04 3.9257869124873265e-02 0.0000000000000000e+00
2.9345484152203021e-03 4.3844841434609892e-02 0.0000000000000000e+00
9.7440073461893984e-04 2.8665320263428065e-02 0.0000000000000000e+00
3.6185892663759315e-03 5.2382798465676637e-02 0.0000000000000000e+00
2.0777564717273443e-03 2.8467116528521148e-02 0.0000000000000000e+00
8.8889892845561127e-04 2.9194137105460437e-02 0.0000000000000000e+00
3.2421963937192891e-03 4.4955112249181410e-02 0.0000000000000000e+00
8.2711808144874451e-04 2.9538999692446780e-02 0.0000000000000000e+00
4.1590388804991314e-03 6.1205507696425743e-02 0.0000000000000000e+00
3.4952368913598033e-03 6.3955067706902929e-02 0.0000000000000000e+00
6.3798283275284459e-03 6.3194585269168865e-02 0.0000000000000000e+00
2.9270834017507351e-03 5.7936135494543850e-02 0.0000000000000000e+00
1.8784925928254368e-03 6.4127710741147370e-02 0.0000000000000000e+00
3.2266584593562244e-03 2.7996221562389571e-02 0.0000000000000000e+00
2.9095335480692061e-03 2.8032189033404466e-02 0.0000000000000000e+00
3.4293013108044833e-03 2.8282188573900323e-02 0.0000000000000000e+00
3.0801910427521785e-03 2.8252229898907025e-02 0.0000000000000000e+00
3.4428216052568524e-03 2.8014664429562960e-02 0.0000000000000000e+00
2.1767421503491721e-03 3.0469705048226801e-02 0.0000000000000000e+00
2.2442066185140146e-03 3.4901526784900758e-02 0.0000000000000000e+00
2.5318739405253109e-03 3.7012071916909091e-02 0.0000000000000000e+00
2.2068605052890412e-03 3.1645564327870607e-02 0.0000000000000000e+00
2.2053395373003476e-03 3.4063923607658454e-02 0.0000000000000000e+00
2.7183901081806595e-03 3.9159567255611510e-02 0.0000000000000000e+00
2.6895609247871320e-03 2.9458491870190166e-02 0.0000000000000000e+00
3.7683034678758511e-03 3.7958388900859473e-02 0.0000000000000000e+00
3.0062604004062530e-03 3.1105875931417747e-02 0.0000000000000000e+00
3.9449667983561939e-03 4.0427218874620877e-02 0.0000000000000000e+00
3.6432493674076203e-03 3.6654084964360810e-02 0.0000000000000000e+00
3.1104292432570482e-03 3.5019002556165593e-02 0.0000000000000000e+00
3.1950375292755951e-03 3.3885246812098521e-02 0.0000000000000000e+00
2.0975560581555203e-03 3.3271253628801331e-02 0.0000000000000000e+00
2.5342683351774037e-03 3.8058320211579018e-02 0.0000000000000000e+00
3.8500327253675848e-03 3.9196882266676253e-02 0.0000000000000000e+00
2.5935993516776486e-03 3.6021311098001475e-02 0.0000000000000000e+00
2.7616545975708380e-03 3.2532132192880779e-02 0.0000000000000000e+00
2.7750000000000000e-02 0.0000000000000000e+00 0.0000000000000000e+00
1.6991974338169530e-18 2.7750000000000000e-02 0.0000000000000000e+00
2.7833333333333331e-02 0.0000000000000000e+00 0.0000000000000000e+00
1.7043001288134000e-18 2.7833333333333331e-02 0.0000000000000000e+00
2.7916666666666669e-02 0.0000000000000000e+00 0.0000000000000000e+00
1.7094028238098470e-18 2.7916666666666669e-02 0.0000000000000000e+00
2.4216136007988121e-04 2.7748943365030750e-02 0.0000000000000000e+00
4.8430427863460689e-04 2.7745773540589859e-02 0.0000000000000000e+00
7.2641031554347897e-04 2.7740490768071710e-02 0.0000000000000000e+00
9.6846103349438597e-04 2.7733095449779911e-02 0.0000000000000000e+00
1.2104379993880671e-03 2.7723588148896559e-02 0.0000000000000000e+00
1.4523227857416950e-03 2.7711969589439420e-02 0.0000000000000000e+00
1.6940969720922660e-03 2.7698240656206810e-02 0.0000000000000000e+00
1.9357421463994751e-03 2.7682402394710121e-02 0.0000000000000000e+00
2.1772399064476800e-03 2.7664456011094300e-02 0.0000000000000000e+00
2.4185718612475060e-03 2.7644402872045941e-02 0.0000000000000000e+00
2.6597196324362180e-03 2.7622244504689211e-02 0.0000000000000000e+00
2.9006648556773700e-03 2.7597982596469589e-02 0.0000000000000000e+00
3.1413891820594080e-03 2.7571618995025301e-02 0.0000000000000000e+00
3.3818742794928238e-03 2.7543155708046690e-02 0.0000000000000000e+00
3.6221018341064228e-03 2.7512594903123241e-02 0.0000000000000000e+00
3.8620535516418171e-03 2.7479938907578581e-02 0.0000000000000000e+00
4.1017111588466807e-03 2.7445190208293200e-02 0.0000000000000000e+00
4.3410564048664011e-03 2.7408351451515069e-02 0.0000000000000000e+00
4.5800710626337851e-03 2.7369425442658180e-02 0.0000000000000000e+00
4.8187369302573066e-03 2.7328415146088771e-02 0.0000000000000000e+00
5.0570358324070674e-03 2.7285323684899741e-02 0.0000000000000000e+00
5.2949496216991030e-03 2.7240154340672680e-02 0.0000000000000000e+00
5.5324601800772148e-03 2.7192910553228020e-02 0.0000000000000000e+00
5.7695494201928004e-03 2.7143595920363112e-02 0.0000000000000000e+00
6.0061992867823429e-03 2.7092214197578159e-02 0.0000000000000000e+00
6.2423917580422270e-03 2.7038769297790290e-02 0.0000000000000000e+00
6.4781088470013577e-03 2.6983265291035528e-02 0.0000000000000000e+00
6.7133326028907718e-03 2.6925706404158901e-02 0.0000000000000000e+00
6.9480451125107272e-03 2.6866097020492499e-02 0.0000000000000000e+00
7.1822285015949380e-03 2.6804441679521649e-02 0.0000000000000000e+00
7.4158649361716006e-03 2.6740745076539299e-02 0.0000000000000000e+00
7.6489366239217080e-03 2.6675012062288350e-02 0.0000000000000000e+00
7.8814258155338445e-03 2.6607247642592358e-02 0.0000000000000000e+00
8.1133148060559216e-03 2.6537456977974241e-02 0.0000000000000000e+00
8.3445859362435652e-03 2.6465645383263299e-02 0.0000000000000000e+00
8.5752215939047631e-03 2.6391818327190519e-02 0.0000000000000000e+00
8.8052042152412871e-03 2.6315981431972040e-02 0.0000000000000000e+00
9.0345162861860881e-03 2.6238140472881050e-02 0.0000000000000000e+00
9.2631403437371199e-03 2.6158301377807960e-02 0.0000000000000000e+00
9.4910589772872912e-03 2.6076470226808961e-02 0.0000000000000000e+00
9.7182548299501927e-03 2.5992653251643041e-02 0.0000000000000000e+00
9.9447105998820631e-03 2.5906856835297361e-02 0.0000000000000000e+00
1.0170409041599240e-02 2.5819087511501190e-02 0.0000000000000000e+00
1.0395332967291530e-02 2.5729351964228361e-02 0.0000000000000000e+00
1.0619465248131231e-02 2.5637657027188211e-02 0.0000000000000000e+00
1.0842788815577320e-02 2.5544009683305231e-02 0.0000000000000000e+00
1.1065286662675561e-02 2.5448417064187202e-02 0.0000000000000000e+00
1.1286941845353440e-02 2.5350886449582180e-02 0.0000000000000000e+00
1.1507737483710610e-02 2.5251425266824092e-02 0.0000000000000000e+00
1.1727656763304390e-02 2.5150041090267049e-02 0.0000000000000000e+00
1.1946682936430159e-02 2.5046741640708650e-02 0.0000000000000000e+00
1.2164799323396879e-02 2.4941534784801891e-02 0.0000000000000000e+00
1.2381989313797180e-02 2.4834428534456200e-02 0.0000000000000000e+00
1.2598236367772400e-02 2.4725431046227219e-02 0.0000000000000000e+00
1.2813524017272170e-02 2.4614550620695660e-02 0.0000000000000000e+00
1.3027835867308440e-02 2.4501795701835239e-02 0.0000000000000000e+00
1.3241155597204110e-02 2.4387174876369551e-02 0.0000000000000000e+00
1.3453466961835839e-02 2.4270696873118239e-02 0.0000000000000000e+00
1.3664753792871191e-02 2.4152370562332229e-02 0.0000000000000000e+00
1.3874999999999979e-02 2.4032204955018181e-02 0.0000000000000000e+00
1.4084189572159509e-02 2.3910209202252359e-02 0.0000000000000000e+00
1.4292306578753980e-02 2.3786392594483629e-02 0.0000000000000000e+00
1.4499335170867570e-02 2.3660764560826070e-02 0.0000000000000000e+00
1.4705259582471410e-02 2.3533334668340841e-02 0.0000000000000000e+00
1.4910064131624341e-02 2.3404112621307590e-02 0.0000000000000000e+00
1.5113733221666970e-02 2.3273108260485540e-02 0.0000000000000000e+00
1.5316251342409590e-02 2.3140331562363930e-02 0.0000000000000000e+00
1.5517603071313210e-02 2.3005792638402418e-02 0.0000000000000000e+00
1.5717773074664081e-02 2.2869501734260951e-02 0.0000000000000000e+00
1.5916746108741511e-02 2.2731469229019540e-02 0.0000000000000000e+00
1.6114507020978549e-02 2.2591705634387879e-02 0.0000000000000000e+00
1.6311040751116109e-02 2.2450221593904810e-02 0.0000000000000000e+00
1.6506332332349681e-02 2.2307027882127808e-02 0.0000000000000000e+00
1.6700366892469311e-02 2.2162135403812400e-02 0.0000000000000000e+00
1.6893129654991981e-02 2.2015555193081789e-02 0.0000000000000000e+00
1.7084605940286979e-02 2.1867298412586559e-02 0.0000000000000000e+00
1.7274781166693919e-02 2.1717376352654510e-02 0.0000000000000000e+00
1.7463640851632951e-02 2.1565800430430972e-02 0.0000000000000000e+00
1.7651170612707920e-02 2.1412582189009249e-02 0.0000000000000000e+00
1.7837356168801451e-02 2.1257733296551659e-02 0.0000000000000000e+00
1.8022183341162561e-02 2.1101265545400889e-02 0.0000000000000000e+00
1.8205638054486550e-02 2.0943190851181941e-02 0.0000000000000000e+00
1.8387706337986680e-02 2.0783521251894841e-02 0.0000000000000000e+00
1.8568374326458290e-02 2.0622268906997719e-02 0.0000000000000000e+00
1.8747628261334550e-02 2.0459446096480961e-02 0.0000000000000000e+00
1.8925454491734300e-02 2.0295065219932011e-02 0.0000000000000000e+00
1.9101839475501651e-02 2.0129138795591011e-02 0.0000000000000000e+00
1.9276769780237141e-02 1.9961679459397610e-02 0.0000000000000000e+00
1.9450232084320840e-02 1.9792699964028569e-02 0.0000000000000000e+00
1.9622213177926659e-02 1.9622213177926728e-02 0.0000000000000000e+00
1.9792699964028510e-02 1.9450232084320899e-02 0.0000000000000000e+00
1.9961679459397540e-02 1.9276769780237200e-02 0.0000000000000000e+00
2.0129138795590949e-02 1.9101839475501710e-02 0.0000000000000000e+00
2.0295065219931949e-02 1.8925454491734359e-02 0.0000000000000000e+00
2.0459446096480920e-02 1.8747628261334599e-02 0.0000000000000000e+00
2.0622268906997660e-02 1.8568374326458349e-02 0.0000000000000000e+00
2.0783521251894789e-02 1.8387706337986739e-02 0.0000000000000000e+00
2.0943190851181889e-02 1.8205638054486620e-02 0.0000000000000000e+00
2.1101265545400830e-02 1.8022183341162630e-02 0.0000000000000000e+00
2.1257733296551621e-02 1.7837356168801489e-02 0.0000000000000000e+00
2.1412582189009200e-02 1.7651170612707989e-02 0.0000000000000000e+00
2.1565800430430920e-02 1.7463640851633020e-02 0.0000000000000000e+00
2.1717376352654472e-02 1.7274781166693971e-02 0.0000000000000000e+00
2.1867298412586510e-02 1.7084605940287049e-02 0.0000000000000000e+00
2.2015555193081751e-02 1.6893129654992029e-02 0.0000000000000000e+00
2.2162135403812341e-02 1.6700366892469381e-02 0.0000000000000000e+00
2.2307027882127760e-02 1.6506332332349750e-02 0.0000000000000000e+00
2.2450221593904768e-02 1.6311040751116151e-02 0.0000000000000000e+00
2.2591705634387831e-02 1.6114507020978611e-02 0.0000000000000000e+00
2.2731469229019498e-02 1.5916746108741560e-02 0.0000000000000000e+00
2.2869501734260920e-02 1.5717773074664130e-02 0.0000000000000000e+00
2.3005792638402380e-02 1.5517603071313260e-02 0.0000000000000000e+00
2.3140331562363899e-02 1.5316251342409640e-02 0.0000000000000000e+00
2.3273108260485509e-02 1.5113733221667021e-02 0.0000000000000000e+00
2.3404112621307559e-02 1.4910064131624391e-02 0.0000000000000000e+00
2.3533334668340809e-02 1.4705259582471460e-02 0.0000000000000000e+00
2.3660764560826039e-02 1.4499335170867621e-02 0.0000000000000000e+00
2.3786392594483601e-02 1.4292306578754030e-02 0.0000000000000000e+00
2.3910209202252331e-02 1.4084189572159560e-02 0.0000000000000000e+00
2.4032204955018149e-02 1.3875000000000030e-02 0.0000000000000000e+00
2.4152370562332201e-02 1.3664753792871241e-02 0.0000000000000000e+00
2.4270696873118211e-02 1.3453466961835889e-02 0.0000000000000000e+00
2.4387174876369520e-02 1.3241155597204160e-02 0.0000000000000000e+00
2.4501795701835211e-02 1.3027835867308490e-02 0.0000000000000000e+00
2.4614550620695629e-02 1.2813524017272230e-02 0.0000000000000000e+00
2.4725431046227191e-02 1.2598236367772450e-02 0.0000000000000000e+00
2.4834428534456190e-02 1.2381989313797210e-02 0.0000000000000000e+00
2.4941534784801871e-02 1.2164799323396929e-02 0.0000000000000000e+00
2.5046741640708619e-02 1.1946682936430210e-02 0.0000000000000000e+00
2.5150041090267031e-02 1.1727656763304419e-02 0.0000000000000000e+00
2.5251425266824060e-02 1.1507737483710661e-02 0.0000000000000000e+00
2.5350886449582170e-02 1.1286941845353480e-02 0.0000000000000000e+00
2.5448417064187181e-02 1.1065286662675620e-02 0.0000000000000000e+00
2.5544009683305210e-02 1.0842788815577370e-02 0.0000000000000000e+00
2.5637657027188201e-02 1.0619465248131260e-02 0.0000000000000000e+00
2.5729351964228341e-02 1.0395332967291591e-02 0.0000000000000000e+00
2.5819087511501169e-02 1.0170409041599269e-02 0.0000000000000000e+00
2.5906856835297341e-02 9.9447105998820961e-03 0.0000000000000000e+00
2.5992653251643020e-02 9.7182548299502500e-03 0.0000000000000000e+00
2.6076470226808951e-02 9.4910589772873276e-03 0.0000000000000000e+00
2.6158301377807940e-02 9.2631403437371772e-03 0.0000000000000000e+00
2.6238140472881030e-02 9.0345162861861211e-03 0.0000000000000000e+00
2.6315981431972030e-02 8.8052042152413218e-03 0.0000000000000000e+00
2.6391818327190501e-02 8.5752215939048203e-03 0.0000000000000000e+00
2.6465645383263289e-02 8.3445859362435999e-03 0.0000000000000000e+00
2.6537456977974230e-02 8.1133148060559563e-03 0.0000000000000000e+00
2.6607247642592351e-02 7.8814258155338775e-03 0.0000000000000000e+00
2.6675012062288339e-02 7.6489366239217444e-03 0.0000000000000000e+00
2.6740745076539289e-02 7.4158649361716353e-03 0.0000000000000000e+00
2.6804441679521639e-02 7.1822285015949736e-03 0.0000000000000000e+00
2.6866097020492492e-02 6.9480451125107628e-03 0.0000000000000000e+00
2.6925706404158901e-02 6.7133326028908074e-03 0.0000000000000000e+00
2.6983265291035521e-02 6.4781088470013942e-03 0.0000000000000000e+00
2.7038769297790279e-02 6.2423917580422634e-03 0.0000000000000000e+00
2.7092214197578141e-02 6.0061992867823776e-03 0.0000000000000000e+00
2.7143595920363101e-02 5.7695494201928368e-03 0.0000000000000000e+00
2.7192910553228020e-02 5.5324601800772512e-03 0.0000000000000000e+00
2.7240154340672670e-02 5.2949496216991394e-03 0.0000000000000000e+00
2.7285323684899741e-02 5.0570358324071021e-03 0.0000000000000000e+00
2.7328415146088771e-02 4.8187369302573179e-03 0.0000000000000000e+00
2.7369425442658170e-02 4.5800710626338224e-03 0.0000000000000000e+00
2.7408351451515069e-02 4.3410564048664132e-03 0.0000000000000000e+00
2.7445190208293190e-02 4.1017111588467162e-03 0.0000000000000000e+00
2.7479938907578570e-02 3.8620535516418280e-03 0.0000000000000000e+00
2.7512594903123241e-02 3.6221018341064341e-03 0.0000000000000000e+00
2.7543155708046690e-02 3.3818742794928598e-03 0.0000000000000000e+00
2.7571618995025301e-02 3.1413891820594201e-03 0.0000000000000000e+00
2.7597982596469589e-02 2.9006648556774068e-03 0.0000000000000000e+00
2.7622244504689211e-02 2.6597196324362289e-03 0.0000000000000000e+00
2.7644402872045941e-02 2.4185718612475182e-03 0.0000000000000000e+00
2.7664456011094300e-02 2.1772399064477160e-03 0.0000000000000000e+00
2.7682402394710121e-02 1.9357421463994859e-03 0.0000000000000000e+00
2.7698240656206810e-02 1.6940969720922780e-03 0.0000000000000000e+00
2.7711969589439420e-02 1.4523227857417061e-03 0.0000000000000000e+00
2.7723588148896559e-02 1.2104379993880790e-03 0.0000000000000000e+00
2.7733095449779911e-02 9.6846103349439790e-04 0.0000000000000000e+00
2.7740490768071710e-02 7.2641031554349089e-04 0.0000000000000000e+00
2.7745773540589859e-02 4.8430427863461881e-04 0.0000000000000000e+00
2.7748943365030750e-02 2.4216136007989311e-04 0.0000000000000000e+00
2.7832273525286100e-02 2.4288857137140171e-04 0.0000000000000000e+00
2.7829094181852889e-02 4.8575864583771548e-04 0.0000000000000000e+00
2.7823795545153011e-02 7.2859172790247018e-04 0.0000000000000000e+00
2.7816378018698171e-02 9.7136932488627514e-04 0.0000000000000000e+00
2.7806842167361710e-02 1.2140729483351811e-03 0.0000000000000000e+00
2.7795188717335641e-02 1.4566841154285959e-03 0.0000000000000000e+00
2.7781418556075299e-02 1.6991843503868390e-03 0.0000000000000000e+00
2.7765532732231781e-02 1.9415551858781410e-03 0.0000000000000000e+00
2.7747532455572061e-02 2.1837781644250139e-03 0.0000000000000000e+00
2.7727419096886918e-02 2.4258348398098128e-03 0.0000000000000000e+00
2.7705194187886480e-02 2.6677067784795592e-03 0.0000000000000000e+00
2.7680859421083611e-02 2.9093755609496770e-03 0.0000000000000000e+00
2.7654416649665021e-02 3.1508227832067232e-03 0.0000000000000000e+00
2.7625867887350129e-02 3.3920300581099338e-03 0.0000000000000000e+00
2.7595215308237730e-02 3.6329790167914291e-03 0.0000000000000000e+00
2.7562461246640382e-02 3.8736513100551448e-03 0.0000000000000000e+00
2.7527608196906691e-02 4.1140286097741501e-03 0.0000000000000000e+00
2.7490658813231341e-02 4.3540926102864103e-03 0.0000000000000000e+00
2.7451615909452949e-02 4.5938250297888434e-03 0.0000000000000000e+00
2.7410482458839799e-02 4.8332076117295524e-03 0.0000000000000000e+00
2.7367261593863410e-02 5.0722221261980923e-03 0.0000000000000000e+00
2.7321956605959982e-02 5.3108503713138171e-03 0.0000000000000000e+00
2.7274570945279759e-02 5.5490741746119718e-03 0.0000000000000000e+00
2.7225108220424260e-02 5.7868753944276151e-03 0.0000000000000000e+00
2.7173572198171479e-02 6.0242359212771867e-03 0.0000000000000000e+00
2.7119966803189049e-02 6.2611376792375628e-03 0.0000000000000000e+00
2.7064296117735340e-02 6.4975626273226861e-03 0.0000000000000000e+00
2.7006564381348571e-02 6.7334927608574003e-03 0.0000000000000000e+00
2.6946775990524009e-02 6.9689101128485994e-03 0.0000000000000000e+00
2.6884935498379080e-02 7.2037967553534709e-03 0.0000000000000000e+00
2.6821047614306679e-02 7.4381348008448018e-03 0.0000000000000000e+00
2.6755117203616549e-02 7.6719064035731281e-03 0.0000000000000000e+00
2.6687149287164719e-02 7.9050937609258277e-03 0.0000000000000000e+00
2.6617149040971160e-02 8.1376791147828170e-03 0.0000000000000000e+00
2.6545121795825660e-02 8.3696447528689103e-03 0.0000000000000000e+00
2.6471073036881780e-02 8.6009730101026770e-03 0.0000000000000000e+00
2.6395008403239221e-02 8.8316462699417134e-03 0.0000000000000000e+00
2.6316933687514331e-02 9.0616469657241738e-03 0.0000000000000000e+00
2.6236854835398969e-02 9.2909575820066016e-03 0.0000000000000000e+00
2.6154777945207791e-02 9.5195606558977543e-03 0.0000000000000000e+00
2.6070709267413741e-02 9.7474387783884828e-03 0.0000000000000000e+00
2.5984655204172129e-02 9.9745745956774934e-03 0.0000000000000000e+00
2.5896622308833030e-02 1.0200950810492920e-02 0.0000000000000000e+00
2.5806617285442261e-02 1.0426550183409530e-02 0.0000000000000000e+00
2.5714646988230831e-02 1.0651355534161640e-02 0.0000000000000000e+00
2.5620718421092939e-02 1.0875349742951420e-02 0.0000000000000000e+00
2.5524838737052628e-02 1.1098515751752660e-02 0.0000000000000000e+00
2.5427015237719071e-02 1.1320836565609740e-02 0.0000000000000000e+00
2.5327255372730471e-02 1.1542295253931960e-02 0.0000000000000000e+00
2.5225566739186769e-02 1.1762874951782770e-02 0.0000000000000000e+00
2.5121957081071140e-02 1.1982558861164189e-02 0.0000000000000000e+00
2.5016434288660169e-02 1.2201330252295960e-02 0.0000000000000000e+00
2.4909006397923039e-02 1.2419172464889661e-02 0.0000000000000000e+00
2.4799681589909590e-02 1.2636068909417359e-02 0.0000000000000000e+00
2.4688468190127190e-02 1.2852003068375081e-02 0.0000000000000000e+00
2.4575374667906821e-02 1.3066958497540601e-02 0.0000000000000000e+00
2.4460409635758049e-02 1.3280918827225751e-02 0.0000000000000000e+00
2.4343581848713200e-02 1.3493867763523021e-02 0.0000000000000000e+00
2.4224900203660561e-02 1.3705789089546481e-02 0.0000000000000000e+00
2.4104373738666890e-02 1.3916666666666640e-02 0.0000000000000000e+00
2.3982011632289149e-02 1.4126484435739580e-02 0.0000000000000000e+00
2.3857823202875470e-02 1.4335226418329820e-02 0.0000000000000000e+00
2.3731817907855581e-02 1.4542876717927221e-02 0.0000000000000000e+00
2.3604005343020540e-02 1.4749419521157509e-02 0.0000000000000000e+00
2.3474395241792002e-02 1.4954839098986580e-02 0.0000000000000000e+00
2.3342997474480980e-02 1.5159119807918229e-02 0.0000000000000000e+00
2.3209822047536199e-02 1.5362246091185600e-02 0.0000000000000000e+00
2.3074879102782012e-02 1.5564202479935760e-02 0.0000000000000000e+00
2.2938178916646120e-02 1.5764973594407820e-02 0.0000000000000000e+00
2.2799731899376952e-02 1.5964544145104100e-02 0.0000000000000000e+00
2.2659548594250900e-02 1.6162898933954471e-02 0.0000000000000000e+00
2.2517639676769390e-02 1.6360022855473812e-02 0.0000000000000000e+00
2.2374015953845899e-02 1.6555900897912319e-02 0.0000000000000000e+00
2.2228688362983001e-02 1.6750518144398659e-02 0.0000000000000000e+00
2.2081667971439400e-02 1.6943859774076041e-02 0.0000000000000000e+00
2.1932965975387110e-02 1.7135911063230799e-02 0.0000000000000000e+00
2.1782593699058869e-02 1.7326657386413719e-02 0.0000000000000000e+00
2.1630562593885700e-02 1.7516084217553789e-02 0.0000000000000000e+00
2.1476884237624890e-02 1.7704177131064411e-02 0.0000000000000000e+00
2.1321570333478240e-02 1.7890921802941991e-02 0.0000000000000000e+00
2.1164632709200881e-02 1.8076304011856760e-02 0.0000000000000000e+00
2.1006083316200509e-02 1.8260309640235759e-02 0.0000000000000000e+00
2.0845934228627239e-02 1.8442924675338011e-02 0.0000000000000000e+00
2.0684197642454161e-02 1.8624135210321541e-02 0.0000000000000000e+00
2.0520885874548471e-02 1.8803927445302519e-02 0.0000000000000000e+00
2.0356011361733602e-02 1.8982287688406190e-02 0.0000000000000000e+00
2.0189586659842020e-02 1.9159202356809471e-02 0.0000000000000000e+00
2.0021624442759140e-02 1.9334657977775411e-02 0.0000000000000000e+00
1.9852137501458068e-02 1.9508641189679161e-02 0.0000000000000000e+00
1.9681138743025590e-02 1.9681138743025559e-02 0.0000000000000000e+00
1.9508641189679210e-02 1.9852137501458030e-02 0.0000000000000000e+00
1.9334657977775439e-02 2.0021624442759109e-02 0.0000000000000000e+00
1.9159202356809499e-02 2.0189586659841989e-02 0.0000000000000000e+00
1.8982287688406228e-02 2.0356011361733560e-02 0.0000000000000000e+00
1.8803927445302571e-02 2.0520885874548429e-02 0.0000000000000000e+00
1.8624135210321580e-02 2.0684197642454119e-02 0.0000000000000000e+00
1.8442924675338049e-02 2.0845934228627211e-02 0.0000000000000000e+00
1.8260309640235811e-02 2.1006083316200470e-02 0.0000000000000000e+00
1.8076304011856791e-02 2.1164632709200850e-02 0.0000000000000000e+00
1.7890921802942040e-02 2.1321570333478201e-02 0.0000000000000000e+00
1.7704177131064449e-02 2.1476884237624859e-02 0.0000000000000000e+00
1.7516084217553841e-02 2.1630562593885669e-02 0.0000000000000000e+00
1.7326657386413761e-02 2.1782593699058841e-02 0.0000000000000000e+00
1.7135911063230841e-02 2.1932965975387089e-02 0.0000000000000000e+00
1.6943859774076080e-02 2.2081667971439359e-02 0.0000000000000000e+00
1.6750518144398700e-02 2.2228688362982970e-02 0.0000000000000000e+00
1.6555900897912361e-02 2.2374015953845861e-02 0.0000000000000000e+00
1.6360022855473860e-02 2.2517639676769351e-02 0.0000000000000000e+00
1.6162898933954509e-02 2.2659548594250879e-02 0.0000000000000000e+00
1.5964544145104152e-02 2.2799731899376920e-02 0.0000000000000000e+00
1.5764973594407872e-02 2.2938178916646089e-02 0.0000000000000000e+00
1.5564202479935800e-02 2.3074879102781991e-02 0.0000000000000000e+00
1.5362246091185640e-02 2.3209822047536161e-02 0.0000000000000000e+00
1.5159119807918269e-02 2.3342997474480959e-02 0.0000000000000000e+00
1.4954839098986631e-02 2.3474395241791970e-02 0.0000000000000000e+00
1.4749419521157560e-02 2.3604005343020509e-02 0.0000000000000000e+00
1.4542876717927261e-02 2.3731817907855560e-02 0.0000000000000000e+00
1.4335226418329870e-02 2.3857823202875439e-02 0.0000000000000000e+00
1.4126484435739620e-02 2.3982011632289121e-02 0.0000000000000000e+00
1.3916666666666680e-02 2.4104373738666869e-02 0.0000000000000000e+00
1.3705789089546529e-02 2.4224900203660530e-02 0.0000000000000000e+00
1.3493867763523060e-02 2.4343581848713179e-02 0.0000000000000000e+00
1.3280918827225799e-02 2.4460409635758022e-02 0.0000000000000000e+00
1.3066958497540649e-02 2.4575374667906789e-02 0.0000000000000000e+00
1.2852003068375129e-02 2.4688468190127169e-02 0.0000000000000000e+00
1.2636068909417410e-02 2.4799681589909559e-02 0.0000000000000000e+00
1.2419172464889701e-02 2.4909006397923029e-02 0.0000000000000000e+00
1.2201330252296000e-02 2.5016434288660142e-02 0.0000000000000000e+00
1.1982558861164240e-02 2.5121957081071108e-02 0.0000000000000000e+00
1.1762874951782821e-02 2.5225566739186751e-02 0.0000000000000000e+00
1.1542295253932021e-02 2.5327255372730440e-02 0.0000000000000000e+00
1.1320836565609791e-02 2.5427015237719050e-02 0.0000000000000000e+00
1.1098515751752700e-02 2.5524838737052621e-02 0.0000000000000000e+00
1.0875349742951479e-02 2.5620718421092911e-02 0.0000000000000000e+00
1.0651355534161680e-02 2.5714646988230810e-02 0.0000000000000000e+00
1.0426550183409581e-02 2.5806617285442240e-02 0.0000000000000000e+00
1.0200950810492960e-02 2.5896622308833009e-02 0.0000000000000000e+00
9.9745745956775368e-03 2.5984655204172109e-02 0.0000000000000000e+00
9.7474387783885383e-03 2.6070709267413721e-02 0.0000000000000000e+00
9.5195606558977977e-03 2.6154777945207781e-02 0.0000000000000000e+00
9.2909575820066329e-03 2.6236854835398969e-02 0.0000000000000000e+00
9.0616469657242172e-03 2.6316933687514310e-02 0.0000000000000000e+00
8.8316462699417463e-03 2.6395008403239210e-02 0.0000000000000000e+00
8.6009730101027082e-03 2.6471073036881770e-02 0.0000000000000000e+00
8.3696447528689537e-03 2.6545121795825650e-02 0.0000000000000000e+00
8.1376791147828500e-03 2.6617149040971150e-02 0.0000000000000000e+00
7.9050937609258711e-03 2.6687149287164699e-02 0.0000000000000000e+00
7.6719064035731593e-03 2.6755117203616539e-02 0.0000000000000000e+00
7.4381348008448218e-03 2.6821047614306669e-02 0.0000000000000000e+00
7.2037967553535160e-03 2.6884935498379059e-02 0.0000000000000000e+00
6.9689101128486324e-03 2.6946775990523999e-02 0.0000000000000000e+00
6.7334927608574454e-03 2.7006564381348561e-02 0.0000000000000000e+00
6.4975626273227173e-03 2.7064296117735330e-02 0.0000000000000000e+00
6.2611376792375837e-03 2.7119966803189049e-02 0.0000000000000000e+00
6.0242359212772196e-03 2.7173572198171469e-02 0.0000000000000000e+00
5.7868753944276480e-03 2.7225108220424260e-02 0.0000000000000000e+00
5.5490741746120160e-03 2.7274570945279748e-02 0.0000000000000000e+00
5.3108503713138492e-03 2.7321956605959982e-02 0.0000000000000000e+00
5.0722221261981131e-03 2.7367261593863400e-02 0.0000000000000000e+00
4.8332076117295611e-03 2.7410482458839789e-02 0.0000000000000000e+00
4.5938250297888764e-03 2.7451615909452939e-02 0.0000000000000000e+00
4.3540926102864311e-03 2.7490658813231331e-02 0.0000000000000000e+00
4.1140286097741821e-03 2.7527608196906680e-02 0.0000000000000000e+00
3.8736513100551661e-03 2.7562461246640371e-02 0.0000000000000000e+00
3.6329790167914369e-03 2.7595215308237719e-02 0.0000000000000000e+00
3.3920300581099538e-03 2.7625867887350129e-02 0.0000000000000000e+00
3.1508227832067440e-03 2.7654416649665021e-02 0.0000000000000000e+00
2.9093755609497091e-03 2.7680859421083611e-02 0.0000000000000000e+00
2.6677067784795800e-03 2.7705194187886480e-02 0.0000000000000000e+00
2.4258348398098211e-03 2.7727419096886918e-02 0.0000000000000000e+00
2.1837781644250352e-03 2.7747532455572061e-02 0.0000000000000000e+00
1.9415551858781620e-03 2.7765532732231771e-02 0.0000000000000000e+00
1.6991843503868481e-03 2.7781418556075299e-02 0.0000000000000000e+00
1.4566841154286169e-03 2.7795188717335641e-02 0.0000000000000000e+00
1.2140729483351891e-03 2.7806842167361710e-02 0.0000000000000000e+00
9.7136932488629596e-04 2.7816378018698160e-02 0.0000000000000000e+00
7.2859172790247864e-04 2.7823795545153011e-02 0.0000000000000000e+00
4.8575864583772399e-04 2.7829094181852889e-02 0.0000000000000000e+00
2.4288857137142261e-04 2.7832273525286100e-02 0.0000000000000000e+00
2.7915603685541451e-02 2.4361578266293281e-04 0.0000000000000000e+00
2.7912414823115919e-02 4.8721301304082239e-04 0.0000000000000000e+00
2.7907100322234309e-02 7.3077314026145956e-04 0.0000000000000000e+00
2.7899660587616421e-02 9.7427761627815010e-04 0.0000000000000000e+00
2.7890096185826860e-02 1.2177078972822920e-03 0.0000000000000000e+00
2.7878407845231851e-02 1.4610454451155080e-03 0.0000000000000000e+00
2.7864596455943792e-02 1.7042717286814110e-03 0.0000000000000000e+00
2.7848663069753421e-02 1.9473682253568310e-03 0.0000000000000000e+00
2.7830608900049819e-02 2.1903164224023339e-03 0.0000000000000000e+00
2.7810435321727899e-02 2.4330978183721170e-03 0.0000000000000000e+00
2.7788143871083741e-02 2.6756939245229099e-03 0.0000000000000000e+00
2.7763736245697630e-02 2.9180862662219809e-03 0.0000000000000000e+00
2.7737214304304741e-02 3.1602563843540479e-03 0.0000000000000000e+00
2.7708580066653579e-02 3.4021858367270291e-03 0.0000000000000000e+00
2.7677835713352208e-02 3.6438561994764332e-03 0.0000000000000000e+00
2.7644983585702169e-02 3.8852490684684830e-03 0.0000000000000000e+00
2.7610026185520178e-02 4.1263460607016168e-03 0.0000000000000000e+00
2.7572966174947599e-02 4.3671288157064291e-03 0.0000000000000000e+00
2.7533806376247711e-02 4.6075789969439113e-03 0.0000000000000000e+00
2.7492549771590810e-02 4.8476782932017964e-03 0.0000000000000000e+00
2.7449199502827069e-02 5.0874084199891041e-03 0.0000000000000000e+00
2.7403758871247290e-02 5.3267511209285287e-03 0.0000000000000000e+00
2.7356231337331491e-02 5.5656881691467366e-03 0.0000000000000000e+00
2.7306620520485408e-02 5.8042013686624401e-03 0.0000000000000000e+00
2.7254930198764810e-02 6.0422725557720287e-03 0.0000000000000000e+00
2.7201164308587818e-02 6.2798836004328848e-03 0.0000000000000000e+00
2.7145326944435139e-02 6.5170164076440110e-03 0.0000000000000000e+00
2.7087422358538241e-02 6.7536529188240383e-03 0.0000000000000000e+00
2.7027454960555509e-02 6.9897751131864812e-03 0.0000000000000000e+00
2.6965429317236490e-02 7.2253650091120263e-03 0.0000000000000000e+00
2.6901350152074059e-02 7.4604046655179891e-03 0.0000000000000000e+00
2.6835222344944738e-02 7.6948761832245447e-03 0.0000000000000000e+00
2.6767050931737060e-02 7.9287617063178197e-03 0.0000000000000000e+00
2.6696841103968080e-02 8.1620434235097246e-03 0.0000000000000000e+00
2.6624598208388001e-02 8.3947035694942780e-03 0.0000000000000000e+00
2.6550327746573042e-02 8.6267244263006013e-03 0.0000000000000000e+00
2.6474035374506402e-02 8.8580883246421362e-03 0.0000000000000000e+00
2.6395726902147601e-02 9.0887776452622700e-03 0.0000000000000000e+00
2.6315408292989981e-02 9.3187748202760937e-03 0.0000000000000000e+00
2.6233085663606610e-02 9.5480623345082366e-03 0.0000000000000000e+00
2.6148765283184439e-02 9.7766227268267832e-03 0.0000000000000000e+00
2.6062453573046891e-02 1.0004438591472950e-02 0.0000000000000000e+00
2.5974157106164859e-02 1.0231492579386610e-02 0.0000000000000000e+00
2.5883882606656149e-02 1.0457767399527531e-02 0.0000000000000000e+00
2.5791636949273430e-02 1.0683245820192070e-02 0.0000000000000000e+00
2.5697427158880629e-02 1.0907910670325540e-02 0.0000000000000000e+00
2.5601260409918059e-02 1.1131744840829769e-02 0.0000000000000000e+00
2.5503144025855951e-02 1.1354731285866070e-02 0.0000000000000000e+00
2.5403085478636841e-02 1.1576853024153309e-02 0.0000000000000000e+00
2.5301092388106489e-02 1.1798093140261159e-02 0.0000000000000000e+00
2.5197172521433619e-02 1.2018434785898219e-02 0.0000000000000000e+00
2.5091333792518419e-02 1.2237861181195060e-02 0.0000000000000000e+00
2.4983584261389871e-02 1.2456355615982141e-02 0.0000000000000000e+00
2.4873932133591951e-02 1.2673901451062321e-02 0.0000000000000000e+00
2.4762385759558709e-02 1.2890482119478000e-02 0.0000000000000000e+00
2.4648953633978388e-02 1.3106081127772749e-02 0.0000000000000000e+00
2.4533644395146551e-02 1.3320682057247370e-02 0.0000000000000000e+00
2.4416466824308151e-02 1.3534268565210219e-02 0.0000000000000000e+00
2.4297429844988880e-02 1.3746824386221761e-02 0.0000000000000000e+00
2.4176542522315599e-02 1.3958333333333310e-02 0.0000000000000000e+00
2.4053814062325939e-02 1.4168779299319629e-02 0.0000000000000000e+00
2.3929253811267322e-02 1.4378146257905650e-02 0.0000000000000000e+00
2.3802871254885099e-02 1.4586418264986870e-02 0.0000000000000000e+00
2.3674676017700250e-02 1.4793579459843600e-02 0.0000000000000000e+00
2.3544677862276410e-02 1.4999614066348799e-02 0.0000000000000000e+00
2.3412886688476440e-02 1.5204506394169469e-02 0.0000000000000000e+00
2.3279312532708471e-02 1.5408240839961590e-02 0.0000000000000000e+00
2.3143965567161601e-02 1.5610801888558311e-02 0.0000000000000000e+00
2.3006856099031300e-02 1.5812174114151541e-02 0.0000000000000000e+00
2.2867994569734380e-02 1.6012342181466660e-02 0.0000000000000000e+00
2.2727391554113938e-02 1.6211290846930359e-02 0.0000000000000000e+00
2.2585057759633969e-02 1.6409004959831511e-02 0.0000000000000000e+00
2.2441004025564010e-02 1.6605469463474909e-02 0.0000000000000000e+00
2.2295241322153620e-02 1.6800669396327982e-02 0.0000000000000000e+00
2.2147780749797012e-02 1.6994589893160082e-02 0.0000000000000000e+00
2.1998633538187689e-02 1.7187216186174591e-02 0.0000000000000000e+00
2.1847811045463260e-02 1.7378533606133499e-02 0.0000000000000000e+00
2.1695324757340470e-02 1.7568527583474589e-02 0.0000000000000000e+00
2.1541186286240549e-02 1.7757183649420871e-02 0.0000000000000000e+00
2.1385407370404841e-02 1.7944487437082522e-02 0.0000000000000000e+00
2.1227999873000902e-02 1.8130424682550921e-02 0.0000000000000000e+00
2.1068975781219090e-02 1.8314981225984951e-02 0.0000000000000000e+00
2.0908347205359681e-02 1.8498143012689289e-02 0.0000000000000000e+00
2.0746126377910630e-02 1.8679896094184741e-02 0.0000000000000000e+00
2.0582325652616008e-02 1.8860226629270470e-02 0.0000000000000000e+00
2.0416957503535210e-02 1.9039120885078038e-02 0.0000000000000000e+00
2.0250034524093071e-02 1.9216565238117260e-02 0.0000000000000000e+00
2.0081569426120719e-02 1.9392546175313628e-02 0.0000000000000000e+00
1.9911575038887609e-02 1.9567050295037459e-02 0.0000000000000000e+00
1.9740064308124500e-02 1.9740064308124399e-02 0.0000000000000000e+00
1.9567050295037549e-02 1.9911575038887519e-02 0.0000000000000000e+00
1.9392546175313729e-02 2.0081569426120629e-02 0.0000000000000000e+00
1.9216565238117340e-02 2.0250034524092981e-02 0.0000000000000000e+00
1.9039120885078128e-02 2.0416957503535130e-02 0.0000000000000000e+00
1.8860226629270560e-02 2.0582325652615922e-02 0.0000000000000000e+00
1.8679896094184849e-02 2.0746126377910540e-02 0.0000000000000000e+00
1.8498143012689389e-02 2.0908347205359591e-02 0.0000000000000000e+00
1.8314981225985041e-02 2.1068975781219010e-02 0.0000000000000000e+00
1.8130424682551011e-02 2.1227999873000818e-02 0.0000000000000000e+00
1.7944487437082601e-02 2.1385407370404761e-02 0.0000000000000000e+00
1.7757183649420961e-02 2.1541186286240469e-02 0.0000000000000000e+00
1.7568527583474679e-02 2.1695324757340401e-02 0.0000000000000000e+00
1.7378533606133610e-02 2.1847811045463170e-02 0.0000000000000000e+00
1.7187216186174682e-02 2.1998633538187609e-02 0.0000000000000000e+00
1.6994589893160161e-02 2.2147780749796949e-02 0.0000000000000000e+00
1.6800669396328068e-02 2.2295241322153551e-02 0.0000000000000000e+00
1.6605469463474999e-02 2.2441004025563940e-02 0.0000000000000000e+00
1.6409004959831580e-02 2.2585057759633920e-02 0.0000000000000000e+00
1.6211290846930460e-02 2.2727391554113869e-02 0.0000000000000000e+00
1.6012342181466750e-02 2.2867994569734321e-02 0.0000000000000000e+00
1.5812174114151620e-02 2.3006856099031241e-02 0.0000000000000000e+00
1.5610801888558399e-02 2.3143965567161539e-02 0.0000000000000000e+00
1.5408240839961670e-02 2.3279312532708419e-02 0.0000000000000000e+00
1.5204506394169540e-02 2.3412886688476391e-02 0.0000000000000000e+00
1.4999614066348879e-02 2.3544677862276361e-02 0.0000000000000000e+00
1.4793579459843680e-02 2.3674676017700201e-02 0.0000000000000000e+00
1.4586418264986960e-02 2.3802871254885040e-02 0.0000000000000000e+00
1.4378146257905729e-02 2.3929253811267270e-02 0.0000000000000000e+00
1.4168779299319700e-02 2.4053814062325901e-02 0.0000000000000000e+00
1.3958333333333390e-02 2.4176542522315551e-02 0.0000000000000000e+00
1.3746824386221840e-02 2.4297429844988842e-02 0.0000000000000000e+00
1.3534268565210280e-02 2.4416466824308109e-02 0.0000000000000000e+00
1.3320682057247450e-02 2.4533644395146510e-02 0.0000000000000000e+00
1.3106081127772831e-02 2.4648953633978350e-02 0.0000000000000000e+00
1.2890482119478059e-02 2.4762385759558671e-02 0.0000000000000000e+00
1.2673901451062401e-02 2.4873932133591910e-02 0.0000000000000000e+00
1.2456355615982200e-02 2.4983584261389850e-02 0.0000000000000000e+00
1.2237861181195110e-02 2.5091333792518399e-02 0.0000000000000000e+00
1.2018434785898280e-02 2.5197172521433591e-02 0.0000000000000000e+00
1.1798093140261231e-02 2.5301092388106461e-02 0.0000000000000000e+00
1.1576853024153389e-02 2.5403085478636810e-02 0.0000000000000000e+00
1.1354731285866129e-02 2.5503144025855920e-02 0.0000000000000000e+00
1.1131744840829820e-02 2.5601260409918031e-02 0.0000000000000000e+00
1.0907910670325611e-02 2.5697427158880601e-02 0.0000000000000000e+00
1.0683245820192130e-02 2.5791636949273410e-02 0.0000000000000000e+00
1.0457767399527571e-02 2.5883882606656139e-02 0.0000000000000000e+00
1.0231492579386679e-02 2.5974157106164839e-02 0.0000000000000000e+00
1.0004438591473000e-02 2.6062453573046870e-02 0.0000000000000000e+00
9.7766227268268266e-03 2.6148765283184421e-02 0.0000000000000000e+00
9.5480623345082938e-03 2.6233085663606590e-02 0.0000000000000000e+00
9.3187748202761371e-03 2.6315408292989971e-02 0.0000000000000000e+00
9.0887776452623359e-03 2.6395726902147580e-02 0.0000000000000000e+00
8.8580883246421934e-03 2.6474035374506381e-02 0.0000000000000000e+00
8.6267244263006446e-03 2.6550327746573031e-02 0.0000000000000000e+00
8.3947035694943353e-03 2.6624598208387990e-02 0.0000000000000000e+00
8.1620434235097680e-03 2.6696841103968059e-02 0.0000000000000000e+00
7.9287617063178630e-03 2.6767050931737049e-02 0.0000000000000000e+00
7.6948761832246002e-03 2.6835222344944721e-02 0.0000000000000000e+00
7.4604046655180343e-03 2.6901350152074049e-02 0.0000000000000000e+00
7.2253650091120584e-03 2.6965429317236479e-02 0.0000000000000000e+00
6.9897751131865254e-03 2.7027454960555499e-02 0.0000000000000000e+00
6.7536529188240834e-03 2.7087422358538230e-02 0.0000000000000000e+00
6.5170164076440423e-03 2.7145326944435139e-02 0.0000000000000000e+00
6.2798836004329299e-03 2.7201164308587811e-02 0.0000000000000000e+00
6.0422725557720608e-03 2.7254930198764800e-02 0.0000000000000000e+00
5.8042013686624852e-03 2.7306620520485402e-02 0.0000000000000000e+00
5.5656881691467817e-03 2.7356231337331491e-02 0.0000000000000000e+00
5.3267511209285608e-03 2.7403758871247279e-02 0.0000000000000000e+00
5.0874084199891492e-03 2.7449199502827058e-02 0.0000000000000000e+00
4.8476782932018294e-03 2.7492549771590800e-02 0.0000000000000000e+00
4.6075789969439321e-03 2.7533806376247711e-02 0.0000000000000000e+00
4.3671288157064742e-03 2.7572966174947589e-02 0.0000000000000000e+00
4.1263460607016489e-03 2.7610026185520171e-02 0.0000000000000000e+00
3.8852490684685042e-03 2.7644983585702169e-02 0.0000000000000000e+00
3.6438561994764649e-03 2.7677835713352202e-02 0.0000000000000000e+00
3.4021858367270490e-03 2.7708580066653572e-02 0.0000000000000000e+00
3.1602563843540930e-03 2.7737214304304730e-02 0.0000000000000000e+00
2.9180862662220139e-03 2.7763736245697630e-02 0.0000000000000000e+00
2.6756939245229320e-03 2.7788143871083741e-02 0.0000000000000000e+00
2.4330978183721508e-03 2.7810435321727889e-02 0.0000000000000000e+00
2.1903164224023560e-03 2.7830608900049819e-02 0.0000000000000000e+00
1.9473682253568390e-03 2.7848663069753421e-02 0.0000000000000000e+00
1.7042717286814440e-03 2.7864596455943781e-02 0.0000000000000000e+00
1.4610454451155280e-03 2.7878407845231851e-02 0.0000000000000000e+00
1.2177078972823001e-03 2.7890096185826860e-02 0.0000000000000000e+00
9.7427761627817103e-04 2.7899660587616421e-02 0.0000000000000000e+00
7.3077314026146801e-04 2.7907100322234309e-02 0.0000000000000000e+00
4.8721301304083101e-04 2.7912414823115919e-02 0.0000000000000000e+00
2.4361578266295379e-04 2.7915603685541451e-02 0.0000000000000000e+00
$EndNodes
$Elements
99 2964 1 2964
2 10 2 15
1 117 168 136
2 128 169 160
3 158 159 127
4 51 159 50
5 8 162 155
6 121 177 155
7 49 158 151
8 172 176 115
9 97 139 96
10 157 177 139
11 89 152 88
12 92 118 91
13 94 119 93
14 121 95 96
15 95 121 94
2 10 3 99
16 36 37 120 137
17 56 55 135 136
18 57 56 136 138
19 161 90 91 118
20 79 78 131 146
21 58 57 138 140
22 55 54 130 135
23 130 178 180 135
24 60 59 163 122
25 61 60 122 143
26 44 9 125 170
27 78 77 129 131
28 59 58 140 163
29 35 168 117 34
30 62 61 143 144
31 87 3 17 147
32 153 80 79 146
33 132 84 85 115
34 38 167 120 37
35 63 62 144 145
36 137 168 35 36
37 141 167 38 39
38 123 166 40 41
39 40 166 141 39
40 64 63 145 150
41 124 43 44 170
42 124 165 42 43
43 15 2 80 153
44 147 17 16 148
45 65 64 150 154
46 42 165 123 41
47 66 65 154 156
48 85 86 172 115
49 16 15 153 148
50 76 75 133 164
51 139 97 6 29
52 67 66 156 160
53 77 76 164 129
54 132 171 83 84
55 147 172 86 87
56 175 178 130 114
57 83 171 116 82
58 125 9 45 128
59 73 158 127 74
60 152 52 1 88
61 75 74 127 133
62 117 126 33 34
63 146 176 148 153
64 157 30 7 31
65 8 33 126 162
66 131 129 132 115
67 176 172 147 148
68 54 53 114 130
69 159 51 142 174
70 121 96 139 177
71 162 175 119 155
72 116 142 81 82
73 134 169 46 47
74 143 122 141 166
75 10 149 134 47
76 140 138 137 120
77 163 140 120 167
78 167 141 122 163
79 144 143 166 123
80 168 137 138 136
81 145 144 123 165
82 11 81 142 51
83 119 94 121 155
84 171 132 129 164
85 150 145 165 124
86 31 32 177 157
87 154 150 124 170
88 160 169 68 67
89 161 175 114 152
90 156 154 170 125
91 151 158 73 72
92 174 142 116 179
93 46 169 128 45
94 155 177 32 8
95 139 29 30 157
96 48 173 149 10
97 53 52 152 114
98 176 146 131 115
99 169 134 69 68
100 50 159 158 49
101 70 69 134 149
102 71 70 149 173
103 174 133 127 159
104 48 49 151 173
105 180 117 136 135
106 125 128 160 156
107 179 164 133 174
108 178 175 162 126
109 161 152 89 90
110 119 118 92 93
111 72 71 173 151
112 126 117 180 178
113 171 164 179 116
114 118 119 175 161
2 50 2 4
115 26 3 17
116 19 185 18
117 184 16 15
118 16 184 17
2 50 3 11
119 27 28 181 184
120 26 17 184 181
121 22 183 181 182
122 182 185 19 20
123 182 181 28 185
124 15 2 27 184
125 185 28 4 18
126 25 26 181 183
127 5 25 183 24
128 183 22 23 24
129 21 22 182 20
2 41 2 3
130 104 187 103
131 188 189 98
132 103 186 102
2 41 3 9
133 104 6 29 187
134 13 101 190 100
135 190 101 102 186
136 7 98 189 30
137 12 99 188 98
138 188 190 186 189
139 186 103 187 189
140 30 189 187 29
141 190 188 99 100
2 10000 2 18
142 32 8 33
143 37 191 36
144 113 12 98
145 45 207 9
146 201 207 193
147 194 208 199
148 112 199 111
149 14 201 108
150 49 196 48
151 10 205 47
152 9 192 44
153 43 195 42
154 41 204 40
155 38 194 37
156 197 7 31
157 7 197 98
158 35 191 34
159 191 35 36
2 10000 3 27
160 41 42 195 204
161 205 10 48 196
162 51 11 105 200
163 202 203 195 192
164 106 206 200 105
165 202 14 109 203
166 110 208 203 109
167 206 106 107 198
168 199 112 197 191
169 191 37 194 199
170 208 110 111 199
171 108 201 198 107
172 196 49 200 206
173 198 201 193 205
174 206 198 205 196
175 201 14 202 207
176 193 207 45 46
177 192 9 207 202
178 197 33 34 191
179 40 204 208 39
180 192 195 43 44
181 32 33 197 31
182 197 112 113 98
183 47 205 193 46
184 203 208 204 195
185 39 208 194 38
186 200 49 50 51
2 10 2 15
187 299 350 318
188 310 351 342
189 340 341 309
190 251 341 250
191 214 344 337
192 303 359 337
193 249 340 333
194 354 358 297
195 290 321 289
196 339 359 321
197 282 334 281
198 285 300 284
199 287 301 286
200 303 288 289
201 288 303 287
2 10 3 99
202 236 237 302 319
203 256 255 317 318
204 257 256 318 320
205 343 283 284 300
206 279 278 313 328
207 258 257 320 322
208 255 254 312 317
209 312 360 362 317
210 260 259 345 304
211 261 260 304 325
212 244 215 307 352
213 278 277 311 313
214 259 258 322 345
215 235 350 299 234
216 262 261 325 326
217 87 3 219 329
218 335 280 279 328
219 314 84 85 297
220 238 349 302 237
221 263 262 326 327
222 319 350 235 236
223 323 349 238 239
224 305 348 240 241
225 240 348 323 239
226 264 263 327 332
227 306 243 244 352
228 306 347 242 243
229 217 210 280 335
230 329 219 218 330
231 265 264 332 336
232 242 347 305 241
233 266 265 336 338
234 85 86 354 297
235 218 217 335 330
236 276 275 315 346
237 321 290 212 229
238 267 266 338 342
239 277 276 346 311
240 314 353 83 84
241 329 354 86 87
242 357 360 312 296
243 83 353 298 82
244 307 215 245 310
245 273 340 309 274
246 334 252 209 281
247 275 274 309 315
248 299 308 233 234
249 328 358 330 335
250 339 230 213 231
251 214 233 308 344
252 313 311 314 297
253 358 354 329 330
254 254 253 296 312
255 341 251 324 356
256 303 289 321 359
257 344 357 301 337
258 298 324 81 82
259 316 351 246 247
260 325 304 323 348
261 216 331 316 247
262 322 320 319 302
263 345 322 302 349
264 349 323 304 345
265 326 325 348 305
266 350 319 320 318
267 327 326 305 347
268 11 81 324 251
269 301 287 303 337
270 353 314 311 346
271 332 327 347 306
272 231 232 359 339
273 336 332 306 352
274 342 351 268 267
275 343 357 296 334
276 338 336 352 307
277 333 340 273 272
278 356 324 298 361
279 246 351 310 245
280 337 359 232 214
281 321 229 230 339
282 248 355 331 216
283 253 252 334 296
284 358 328 313 297
285 351 316 269 268
286 250 341 340 249
287 270 269 316 331
288 271 270 331 355
289 356 315 309 341
290 248 249 333 355
291 362 299 318 317
292 307 310 342 338
293 361 346 315 356
294 360 357 344 308
295 343 334 282 283
296 301 300 285 286
297 272 271 355 333
298 308 299 362 360
299 353 346 361 298
300 300 301 357 343
2 50 2 4
301 26 3 219
302 221 367 220
303 366 218 217
304 218 366 219
2 50 3 11
305 227 228 363 366
306 26 219 366 363
307 224 365 363 364
308 364 367 221 222
309 364 363 228 367
310 217 210 227 366
311 367 228 211 220
312 25 26 363 365
313 5 25 365 226
314 365 224 225 226
315 223 224 364 222
2 41 2 3
316 295 369 294
317 370 371 291
318 294 368 293
2 41 3 9
319 295 212 229 369
320 13 292 372 100
321 372 292 293 368
322 213 291 371 230
323 12 99 370 291
324 370 372 368 371
325 368 294 369 371
326 230 371 369 229
327 372 370 99 100
2 10000 2 18
328 232 214 233
329 237 373 236
330 113 12 291
331 245 389 215
332 383 389 375
333 376 390 381
334 112 381 111
335 14 383 108
336 249 378 248
337 216 387 247
338 215 374 244
339 243 377 242
340 241 386 240
341 238 376 237
342 379 213 231
343 213 379 291
344 235 373 234
345 373 235 236
2 10000 3 27
346 241 242 377 386
347 387 216 248 378
348 251 11 105 382
349 384 385 377 374
350 106 388 382 105
351 384 14 109 385
352 110 390 385 109
353 388 106 107 380
354 381 112 379 373
355 373 237 376 381
356 390 110 111 381
357 108 383 380 107
358 378 249 382 388
359 380 383 375 387
360 388 380 387 378
361 383 14 384 389
362 375 389 245 246
363 374 215 389 384
364 379 233 234 373
365 240 386 390 239
366 374 377 243 244
367 232 233 379 231
368 379 112 113 291
369 247 387 375 246
370 385 390 386 377
371 239 390 376 238
372 382 249 250 251
2 10 2 15
373 473 524 492
374 484 525 516
375 514 515 483
376 436 515 435
377 395 518 511
378 477 533 511
379 434 514 507
380 528 532 471
381 453 495 452
382 513 533 495
383 445 508 444
384 448 474 447
385 450 475 449
386 477 451 452
387 451 477 450
2 10 3 99
388 421 422 476 493
389 256 255 491 492
390 257 256 492 494
391 517 446 447 474
392 279 278 487 502
393 258 257 494 496
394 255 254 486 491
395 486 534 536 491
396 260 259 519 478
397 261 260 478 499
398 429 396 481 526
399 278 277 485 487
400 259 258 496 519
401 420 524 473 419
402 262 261 499 500
403 443 391 404 503
404 509 280 279 502
405 488 440 441 471
406 423 523 476 422
407 263 262 500 501
408 493 524 420 421
409 497 523 423 424
410 479 522 425 426
411 425 522 497 424
412 264 263 501 506
413 480 428 429 526
414 480 521 427 428
415 402 210 280 509
416 503 404 403 504
417 265 264 506 510
418 427 521 479 426
419 266 265 510 512
420 441 442 528 471
421 403 402 509 504
422 276 275 489 520
423 495 453 393 414
424 267 266 512 516
425 277 276 520 485
426 488 527 439 440
427 503 528 442 443
428 531 534 486 470
429 439 527 472 438
430 481 396 430 484
431 273 514 483 274
432 508 252 209 444
433 275 274 483 489
434 473 482 418 419
435 502 532 504 509
436 513 415 394 416
437 395 418 482 518
438 487 485 488 471
439 532 528 503 504
440 254 253 470 486
441 515 436 498 530
442 477 452 495 533
443 518 531 475 511
444 472 498 437 438
445 490 525 431 432
446 499 478 497 522
447 397 505 490 432
448 496 494 493 476
449 519 496 476 523
450 523 497 478 519
451 500 499 522 479
452 524 493 494 492
453 501 500 479 521
454 398 437 498 436
455 475 450 477 511
456 527 488 485 520
457 506 501 521 480
458 416 417 533 513
459 510 506 480 526
460 516 525 268 267
461 517 531 470 508
462 512 510 526 481
463 507 514 273 272
464 530 498 472 535
465 431 525 484 430
466 511 533 417 395
467 495 414 415 513
468 433 529 505 397
469 253 252 508 470
470 532 502 487 471
471 525 490 269 268
472 435 515 514 434
473 270 269 490 505
474 271 270 505 529
475 530 489 483 515
476 433 434 507 529
477 536 473 492 491
478 481 484 516 512
479 535 520 489 530
480 534 531 518 482
481 517 508 445 446
482 475 474 448 449
483 272 271 529 507
484 482 473 536 534
485 527 520 535 472
486 474 475 531 517
2 50 2 4
487 413 391 404
488 406 541 405
489 540 403 402
490 403 540 404
2 50 3 11
491 227 228 537 540
492 413 404 540 537
493 409 539 537 538
494 538 541 406 407
495 538 537 228 541
496 402 210 227 540
497 541 228 211 405
498 412 413 537 539
499 392 412 539 411
500 539 409 410 411
501 408 409 538 407
2 41 2 3
502 460 543 459
503 544 545 454
504 459 542 458
2 41 3 9
505 460 393 414 543
506 400 457 546 456
507 546 457 458 542
508 394 454 545 415
509 399 455 544 454
510 544 546 542 545
511 542 459 543 545
512 415 545 543 414
513 546 544 455 456
2 10001 2 18
514 417 395 418
515 422 547 421
516 469 399 454
517 430 563 396
518 557 563 549
519 550 564 555
520 468 555 467
521 401 557 464
522 434 552 433
523 397 561 432
524 396 548 429
525 428 551 427
526 426 560 425
527 423 550 422
528 553 394 416
529 394 553 454
530 420 547 419
531 547 420 421
2 10001 3 27
532 426 427 551 560
533 561 397 433 552
534 436 398 461 556
535 558 559 551 548
536 462 562 556 461
537 558 401 465 559
538 466 564 559 465
539 562 462 463 554
540 555 468 553 547
541 547 422 550 555
542 564 466 467 555
543 464 557 554 463
544 552 434 556 562
545 554 557 549 561
546 562 554 561 552
547 557 401 558 563
548 549 563 430 431
549 548 396 563 558
550 553 418 419 547
551 425 560 564 424
552 548 551 428 429
553 417 418 553 416
554 553 468 469 454
555 432 561 549 431
556 559 564 560 551
557 424 564 550 423
558 556 434 435 436
2 10 2 15
559 655 706 674
560 666 707 698
561 696 697 665
562 607 697 606
563 570 700 693
564 659 715 693
565 605 696 689
566 710 714 653
567 646 677 645
568 695 715 677
569 638 690 637
570 641 656 640
571 643 657 642
572 659 644 645
573 644 659 643
2 10 3 99
574 592 593 658 675
575 612 611 673 674
576 613 612 674 676
577 699 639 640 656
578 635 634 669 684
579 614 613 676 678
580 611 610 668 673
581 668 716 718 673
582 616 615 701 660
583 617 616 660 681
584 600 571 663 708
585 634 633 667 669
586 615 614 678 701
587 591 706 655 590
588 618 617 681 682
589 443 391 575 685
590 691 636 635 684
591 670 440 441 653
592 594 705 658 593
593 619 618 682 683
594 675 706 591 592
595 679 705 594 595
596 661 704 596 597
597 596 704 679 595
598 620 619 683 688
599 662 599 600 708
600 662 703 598 599
601 573 566 636 691
602 685 575 574 686
603 621 620 688 692
604 598 703 661 597
605 622 621 692 694
606 441 442 710 653
607 574 573 691 686
608 632 631 671 702
609 677 646 568 585
610 623 622 694 698
611 633 632 702 667
612 670 709 439 440
613 685 710 442 443
614 713 716 668 652
615 439 709 654 438
616 663 571 601 666
617 629 696 665 630
618 690 608 565 637
619 631 630 665 671
620 655 664 589 590
621 684 714 686 691
622 695 586 569 587
623 570 589 664 700
624 669 667 670 653
625 714 710 685 686
626 610 609 652 668
627 697 607 680 712
628 659 645 677 715
629 700 713 657 693
630 654 680 437 438
631 672 707 602 603
632 681 660 679 704
633 572 687 672 603
634 678 676 675 658
635 701 678 658 705
636 705 679 660 701
637 682 681 704 661
638 706 675 676 674
639 683 682 661 703
640 398 437 680 607
641 657 643 659 693
642 709 670 667 702
643 688 683 703 662
644 587 588 715 695
645 692 688 662 708
646 698 707 624 623
647 699 713 652 690
648 694 692 708 663
649 689 696 629 628
650 712 680 654 717
651 602 707 666 601
652 693 715 588 570
653 677 585 586 695
654 604 711 687 572
655 609 608 690 652
656 714 684 669 653
657 707 672 625 624
658 606 697 696 605
659 626 625 672 687
660 627 626 687 711
661 712 671 665 697
662 604 605 689 711
663 718 655 674 673
664 663 666 698 694
665 717 702 671 712
666 716 713 700 664
667 699 690 638 639
668 657 656 641 642
669 628 627 711 689
670 664 655 718 716
671 709 702 717 654
672 656 657 713 699
2 50 2 4
673 413 391 575
674 577 723 576
675 722 574 573
676 574 722 575
2 50 3 11
677 583 584 719 722
678 413 575 722 719
679 580 721 719 720
680 720 723 577 578
681 720 719 584 723
682 573 566 583 722
683 723 584 567 576
684 412 413 719 721
685 392 412 721 582
686 721 580 581 582
687 579 580 720 578
2 41 2 3
688 651 725 650
689 726 727 647
690 650 724 649
2 41 3 9
691 651 568 585 725
692 400 648 728 456
693 728 648 649 724
694 569 647 727 586
695 399 455 726 647
696 726 728 724 727
697 724 650 725 727
698 586 727 725 585
699 728 726 455 456
2 10001 2 18
700 588 570 589
701 593 729 592
702 469 399 647
703 601 745 571
704 739 745 731
705 732 746 737
706 468 737 467
707 401 739 464
708 605 734 604
709 572 743 603
710 571 730 600
711 599 733 598
712 597 742 596
713 594 732 593
714 735 569 587
715 569 735 647
716 591 729 590
717 729 591 592
2 10001 3 27
718 597 598 733 742
719 743 572 604 734
720 607 398 461 738
721 740 741 733 730
722 462 744 738 461
723 740 401 465 741
724 466 746 741 465
725 744 462 463 736
726 737 468 735 729
727 729 593 732 737
728 746 466 467 737
729 464 739 736 463
730 734 605 738 744
731 736 739 731 743
732 744 736 743 734
733 739 401 740 745
734 731 745 601 602
735 730 571 745 740
736 735 589 590 729
737 596 742 746 595
738 730 733 599 600
739 588 589 735 587
740 735 468 469 647
741 603 743 731 602
742 741 746 742 733
743 595 746 732 594
744 738 605 606 607
2 10 2 15
745 829 880 848
746 840 881 872
747 870 871 839
748 792 871 791
749 751 874 867
750 833 889 867
751 790 870 863
752 884 888 827
753 809 851 808
754 869 889 851
755 801 864 800
756 804 830 803
757 806 831 805
758 833 807 808
759 807 833 806
2 10 3 99
760 777 778 832 849
761 612 611 847 848
762 613 612 848 850
763 873 802 803 830
764 635 634 843 858
765 614 613 850 852
766 611 610 842 847
767 842 890 892 847
768 616 615 875 834
769 617 616 834 855
770 785 752 837 882
771 634 633 841 843
772 615 614 852 875
773 776 880 829 775
774 618 617 855 856
775 799 747 760 859
776 865 636 635 858
777 844 796 797 827
778 779 879 832 778
779 619 618 856 857
780 849 880 776 777
781 853 879 779 780
782 835 878 781 782
783 781 878 853 780
784 620 619 857 862
785 836 784 785 882
786 836 877 783 784
787 758 566 636 865
788 859 760 759 860
789 621 620 862 866
790 783 877 835 782
791 622 621 866 868
792 797 798 884 827
793 759 758 865 860
794 632 631 845 876
795 851 809 749 770
796 623 622 868 872
797 633 632 876 841
798 844 883 795 796
799 859 884 798 799
800 887 890 842 826
801 795 883 828 794
802 837 752 786 840
803 629 870 839 630
804 864 608 565 800
805 631 630 839 845
806 829 838 774 775
807 858 888 860 865
808 869 771 750 772
809 751 774 838 874
810 843 841 844 827
811 888 884 859 860
812 610 609 826 842
813 871 792 854 886
814 833 808 851 889
815 874 887 831 867
816 828 854 793 794
817 846 881 787 788
818 855 834 853 878
819 753 861 846 788
820 852 850 849 832
821 875 852 832 879
822 879 853 834 875
823 856 855 878 835
824 880 849 850 848
825 857 856 835 877
826 754 793 854 792
827 831 806 833 867
828 883 844 841 876
829 862 857 877 836
830 772 773 889 869
831 866 862 836 882
832 872 881 624 623
833 873 887 826 864
834 868 866 882 837
835 863 870 629 628
836 886 854 828 891
837 787 881 840 786
838 867 889 773 751
839 851 770 771 869
840 789 885 861 753
841 609 608 864 826
842 888 858 843 827
843 881 846 625 624
844 791 871 870 790
845 626 625 846 861
846 627 626 861 885
847 886 845 839 871
848 789 790 863 885
849 892 829 848 847
850 837 840 872 868
851 891 876 845 886
852 890 887 874 838
853 873 864 801 802
854 831 830 804 805
855 628 627 885 863
856 838 829 892 890
857 883 876 891 828
858 830 831 887 873
2 50 2 4
859 769 747 760
860 762 897 761
861 896 759 758
862 759 896 760
2 50 3 11
863 583 584 893 896
864 769 760 896 893
865 765 895 893 894
866 894 897 762 763
867 894 893 584 897
868 758 566 583 896
869 897 584 567 761
870 768 769 893 895
871 748 768 895 767
872 895 765 766 767
873 764 765 894 763
2 41 2 3
874 816 899 815
875 900 901 810
876 815 898 814
2 41 3 9
877 816 749 770 899
878 756 813 902 812
879 902 813 814 898
880 750 810 901 771
881 755 811 900 810
882 900 902 898 901
883 898 815 899 901
884 771 901 899 770
885 902 900 811 812
2 10002 2 18
886 773 751 774
887 778 903 777
888 825 755 810
889 786 919 752
890 913 919 905
891 906 920 911
892 824 911 823
893 757 913 820
894 790 908 789
895 753 917 788
896 752 904 785
897 784 907 783
898 782 916 781
899 779 906 778
900 909 750 772
901 750 909 810
902 776 903 775
903 903 776 777
2 10002 3 27
904 782 783 907 916
905 917 753 789 908
906 792 754 817 912
907 914 915 907 904
908 818 918 912 817
909 914 757 821 915
910 822 920 915 821
911 918 818 819 910
912 911 824 909 903
913 903 778 906 911
914 920 822 823 911
915 820 913 910 819
916 908 790 912 918
917 910 913 905 917
918 918 910 917 908
919 913 757 914 919
920 905 919 786 787
921 904 752 919 914
922 909 774 775 903
923 781 916 920 780
924 904 907 784 785
925 773 774 909 772
926 909 824 825 810
927 788 917 905 787
928 915 920 916 907
929 780 920 906 779
930 912 790 791 792
2 10 2 15
931 1011 1062 1030
932 1022 1063 1054
933 1052 1053 1021
934 963 1053 962
935 926 1056 1049
936 1015 1071 1049
937 961 1052 1045
938 1066 1070 1009
939 1002 1033 1001
940 1051 1071 1033
941 994 1046 993
942 997 1012 996
943 999 1013 998
944 1015 1000 1001
945 1000 1015 999
2 10 3 99
946 948 949 1014 1031
947 968 967 1029 1030
948 969 968 1030 1032
949 1055 995 996 1012
950 991 990 1025 1040
951 970 969 1032 1034
952 967 966 1024 1029
953 1024 1072 1074 1029
954 972 971 1057 1016
955 973 972 1016 1037
956 956 927 1019 1064
957 990 989 1023 1025
958 971 970 1034 1057
959 947 1062 1011 946
960 974 973 1037 1038
961 799 747 931 1041
962 1047 992 991 1040
963 1026 796 797 1009
964 950 1061 1014 949
965 975 974 1038 1039
966 1031 1062 947 948
967 1035 1061 950 951
968 1017 1060 952 953
969 952 1060 1035 951
970 976 975 1039 1044
971 1018 955 956 1064
972 1018 1059 954 955
973 929 922 992 1047
974 1041 931 930 1042
975 977 976 1044 1048
976 954 1059 1017 953
977 978 977 1048 1050
978 797 798 1066 1009
979 930 929 1047 1042
980 988 987 1027 1058
981 1033 1002 924 941
982 979 978 1050 1054
983 989 988 1058 1023
984 1026 1065 795 796
985 1041 1066 798 799
986 1069 1072 1024 1008
987 795 1065 1010 794
988 1019 927 957 1022
989 985 1052 1021 986
990 1046 964 921 993
991 987 986 1021 1027
992 1011 1020 945 946
993 1040 1070 1042 1047
994 1051 942 925 943
995 926 945 1020 1056
996 1025 1023 1026 1009
997 1070 1066 1041 1042
998 966 965 1008 1024
999 1053 963 1036 1068
1000 1015 1001 1033 1071
1001 1056 1069 1013 1049
1002 1010 1036 793 794
1003 1028 1063 958 959
1004 1037 1016 1035 1060
1005 928 1043 1028 959
1006 1034 1032 1031 1014
1007 1057 1034 1014 1061
1008 1061 1035 1016 1057
1009 1038 1037 1060 1017
1010 1062 1031 1032 1030
1011 1039 1038 1017 1059
1012 754 793 1036 963
1013 1013 999 1015 1049
1014 1065 1026 1023 1058
1015 1044 1039 1059 1018
1016 943 944 1071 1051
1017 1048 1044 1018 1064
1018 1054 1063 980 979
1019 1055 1069 1008 1046
1020 1050 1048 1064 1019
1021 1045 1052 985 984
1022 1068 1036 1010 1073
1023 958 1063 1022 957
1024 1049 1071 944 926
1025 1033 941 942 1051
1026 960 1067 1043 928
1027 965 964 1046 1008
1028 1070 1040 1025 1009
1029 1063 1028 981 980
1030 962 1053 1052 961
1031 982 981 1028 1043
1032 983 982 1043 1067
1033 1068 1027 1021 1053
1034 960 961 1045 1067
1035 1074 1011 1030 1029
1036 1019 1022 1054 1050
1037 1073 1058 1027 1068
1038 1072 1069 1056 1020
1039 1055 1046 994 995
1040 1013 1012 997 998
1041 984 983 1067 1045
1042 1020 1011 1074 1072
1043 1065 1058 1073 1010
1044 1012 1013 1069 1055
2 50 2 4
1045 769 747 931
1046 933 1079 932
1047 1078 930 929
1048 930 1078 931
2 50 3 11
1049 939 940 1075 1078
1050 769 931 1078 1075
1051 936 1077 1075 1076
1052 1076 1079 933 934
1053 1076 1075 940 1079
1054 929 922 939 1078
1055 1079 940 923 932
1056 768 769 1075 1077
1057 748 768 1077 938
1058 1077 936 937 938
1059 935 936 1076 934
2 41 2 3
1060 1007 1081 1006
1061 1082 1083 1003
1062 1006 1080 1005
2 41 3 9
1063 1007 924 941 1081
1064 756 1004 1084 812
1065 1084 1004 1005 1080
1066 925 1003 1083 942
1067 755 811 1082 1003
1068 1082 1084 1080 1083
1069 1080 1006 1081 1083
1070 942 1083 1081 941
1071 1084 1082 811 812
2 10002 2 18
1072 944 926 945
1073 949 1085 948
1074 825 755 1003
1075 957 1101 927
1076 1095 1101 1087
1077 1088 1102 1093
1078 824 1093 823
1079 757 1095 820
1080 961 1090 960
1081 928 1099 959
1082 927 1086 956
1083 955 1089 954
1084 953 1098 952
1085 950 1088 949
1086 1091 925 943
1087 925 1091 1003
1088 947 1085 946
1089 1085 947 948
2 10002 3 27
1090 953 954 1089 1098
1091 1099 928 960 1090
1092 963 754 817 1094
1093 1096 1097 1089 1086
1094 818 1100 1094 817
1095 1096 757 821 1097
1096 822 1102 1097 821
1097 1100 818 819 1092
1098 1093 824 1091 1085
1099 1085 949 1088 1093
1100 1102 822 823 1093
1101 820 1095 1092 819
1102 1090 961 1094 1100
1103 1092 1095 1087 1099
1104 1100 1092 1099 1090
1105 1095 757 1096 1101
1106 1087 1101 957 958
1107 1086 927 1101 1096
1108 1091 945 946 1085
1109 952 1098 1102 951
1110 1086 1089 955 956
1111 944 945 1091 943
1112 1091 824 825 1003
1113 959 1099 1087 958
1114 1097 1102 1098 1089
1115 951 1102 1088 950
1116 1094 961 962 963
2 10 2 15
1117 1185 1236 1204
1118 1196 1237 1228
1119 1226 1227 1195
1120 1148 1227 1147
1121 1107 1230 1223
1122 1189 1245 1223
1123 1146 1226 1219
1124 1240 1244 1183
1125 1165 1207 1164
1126 1225 1245 1207
1127 1157 1220 1156
1128 1160 1186 1159
1129 1162 1187 1161
1130 1189 1163 1164
1131 1163 1189 1162
2 10 3 99
1132 1133 1134 1188 1205
1133 968 967 1203 1204
1134 969 968 1204 1206
1135 1229 1158 1159 1186
1136 991 990 1199 1214
1137 970 969 1206 1208
1138 967 966 1198 1203
1139 1198 1246 1248 1203
1140 972 971 1231 1190
1141 973 972 1190 1211
1142 1141 1108 1193 1238
1143 990 989 1197 1199
1144 971 970 1208 1231
1145 1132 1236 1185 1131
1146 974 973 1211 1212
1147 1155 1103 1116 1215
1148 1221 992 991 1214
1149 1200 1152 1153 1183
1150 1135 1235 1188 1134
1151 975 974 1212 1213
1152 1205 1236 1132 1133
1153 1209 1235 1135 1136
1154 1191 1234 1137 1138
1155 1137 1234 1209 1136
1156 976 975 1213 1218
1157 1192 1140 1141 1238
1158 1192 1233 1139 1140
1159 1114 922 992 1221
1160 1215 1116 1115 1216
1161 977 976 1218 1222
1162 1139 1233 1191 1138
1163 978 977 1222 1224
1164 1153 1154 1240 1183
1165 1115 1114 1221 1216
1166 988 987 1201 1232
1167 1207 1165 1105 1126
1168 979 978 1224 1228
1169 989 988 1232 1197
1170 1200 1239 1151 1152
1171 1215 1240 1154 1155
1172 1243 1246 1198 1182
1173 1151 1239 1184 1150
1174 1193 1108 1142 1196
1175 985 1226 1195 986
1176 1220 964 921 1156
1177 987 986 1195 1201
1178 1185 1194 1130 1131
1179 1214 1244 1216 1221
1180 1225 1127 1106 1128
1181 1107 1130 1194 1230
1182 1199 1197 1200 1183
1183 1244 1240 1215 1216
1184 966 965 1182 1198
1185 1227 1148 1210 1242
1186 1189 1164 1207 1245
1187 1230 1243 1187 1223
1188 1184 1210 1149 1150
1189 1202 1237 1143 1144
1190 1211 1190 1209 1234
1191 1109 1217 1202 1144
1192 1208 1206 1205 1188
1193 1231 1208 1188 1235
1194 1235 1209 1190 1231
1195 1212 1211 1234 1191
1196 1236 1205 1206 1204
1197 1213 1212 1191 1233
1198 1110 1149 1210 1148
1199 1187 1162 1189 1223
1200 1239 1200 1197 1232
1201 1218 1213 1233 1192
1202 1128 1129 1245 1225
1203 1222 1218 1192 1238
1204 1228 1237 980 979
1205 1229 1243 1182 1220
1206 1224 1222 1238 1193
1207 1219 1226 985 984
1208 1242 1210 1184 1247
1209 1143 1237 1196 1142
1210 1223 1245 1129 1107
1211 1207 1126 1127 1225
1212 1145 1241 1217 1109
1213 965 964 1220 1182
1214 1244 1214 1199 1183
1215 1237 1202 981 980
1216 1147 1227 1226 1146
1217 982 981 1202 1217
1218 983 982 1217 1241
1219 1242 1201 1195 1227
1220 1145 1146 1219 1241
1221 1248 1185 1204 1203
1222 1193 1196 1228 1224
1223 1247 1232 1201 1242
1224 1246 1243 1230 1194
1225 1229 1220 1157 1158
1226 1187 1186 1160 1161
1227 984 983 1241 1219
1228 1194 1185 1248 1246
1229 1239 1232 1247 1184
1230 1186 1187 1243 1229
2 50 2 4
1231 1125 1103 1116
1232 1118 1253 1117
1233 1252 1115 1114
1234 1115 1252 1116
2 50 3 11
1235 939 940 1249 1252
1236 1125 1116 1252 1249
1237 1121 1251 1249 1250
1238 1250 1253 1118 1119
1239 1250 1249 940 1253
1240 1114 922 939 1252
1241 1253 940 923 1117
1242 1124 1125 1249 1251
1243 1104 1124 1251 1123
1244 1251 1121 1122 1123
1245 1120 1121 1250 1119
2 41 2 3
1246 1172 1255 1171
1247 1256 1257 1166
1248 1171 1254 1170
2 41 3 9
1249 1172 1105 1126 1255
1250 1112 1169 1258 1168
1251 1258 1169 1170 1254
1252 1106 1166 1257 1127
1253 1111 1167 1256 1166
1254 1256 1258 1254 1257
1255 1254 1171 1255 1257
1256 1127 1257 1255 1126
1257 1258 1256 1167 1168
2 10003 2 18
1258 1129 1107 1130
1259 1134 1259 1133
1260 1181 1111 1166
1261 1142 1275 1108
1262 1269 1275 1261
1263 1262 1276 1267
1264 1180 1267 1179
1265 1113 1269 1176
1266 1146 1264 1145
1267 1109 1273 1144
1268 1108 1260 1141
1269 1140 1263 1139
1270 1138 1272 1137
1271 1135 1262 1134
1272 1265 1106 1128
1273 1106 1265 1166
1274 1132 1259 1131
1275 1259 1132 1133
2 10003 3 27
1276 1138 1139 1263 1272
1277 1273 1109 1145 1264
1278 1148 1110 1173 1268
1279 1270 1271 1263 1260
1280 1174 1274 1268 1173
1281 1270 1113 1177 1271
1282 1178 1276 1271 1177
1283 1274 1174 1175 1266
1284 1267 1180 1265 1259
1285 1259 1134 1262 1267
1286 1276 1178 1179 1267
1287 1176 1269 1266 1175
1288 1264 1146 1268 1274
1289 1266 1269 1261 1273
1290 1274 1266 1273 1264
1291 1269 1113 1270 1275
1292 1261 1275 1142 1143
1293 1260 1108 1275 1270
1294 1265 1130 1131 1259
1295 1137 1272 1276 1136
1296 1260 1263 1140 1141
1297 1129 1130 1265 1128
1298 1265 1180 1181 1166
1299 1144 1273 1261 1143
1300 1271 1276 1272 1263
1301 1136 1276 1262 1135
1302 1268 1146 1147 1148
2 10 2 15
1303 1367 1418 1386
1304 1378 1419 1410
1305 1408 1409 1377
1306 1319 1409 1318
1307 1282 1412 1405
1308 1371 1427 1405
1309 1317 1408 1401
1310 1422 1426 1365
1311 1358 1389 1357
1312 1407 1427 1389
1313 1350 1402 1349
1314 1353 1368 1352
1315 1355 1369 1354
1316 1371 1356 1357
1317 1356 1371 1355
2 10 3 99
1318 1304 1305 1370 1387
1319 1324 1323 1385 1386
1320 1325 1324 1386 1388
1321 1411 1351 1352 1368
1322 1347 1346 1381 1396
1323 1326 1325 1388 1390
1324 1323 1322 1380 1385
1325 1380 1428 1430 1385
1326 1328 1327 1413 1372
1327 1329 1328 1372 1393
1328 1312 1283 1375 1420
1329 1346 1345 1379 1381
1330 1327 1326 1390 1413
1331 1303 1418 1367 1302
1332 1330 1329 1393 1394
1333 1155 1103 1287 1397
1334 1403 1348 1347 1396
1335 1382 1152 1153 1365
1336 1306 1417 1370 1305
1337 1331 1330 1394 1395
1338 1387 1418 1303 1304
1339 1391 1417 1306 1307
1340 1373 1416 1308 1309
1341 1308 1416 1391 1307
1342 1332 1331 1395 1400
1343 1374 1311 1312 1420
1344 1374 1415 1310 1311
1345 1285 1278 1348 1403
1346 1397 1287 1286 1398
1347 1333 1332 1400 1404
1348 1310 1415 1373 1309
1349 1334 1333 1404 1406
1350 1153 1154 1422 1365
1351 1286 1285 1403 1398
1352 1344 1343 1383 1414
1353 1389 1358 1280 1297
1354 1335 1334 1406 1410
1355 1345 1344 1414 1379
1356 1382 1421 1151 1152
1357 1397 1422 1154 1155
1358 1425 1428 1380 1364
1359 1151 1421 1366 1150
1360 1375 1283 1313 1378
1361 1341 1408 1377 1342
1362 1402 1320 1277 1349
1363 1343 1342 1377 1383
1364 1367 1376 1301 1302
1365 1396 1426 1398 1403
1366 1407 1298 1281 1299
1367 1282 1301 1376 1412
1368 1381 1379 1382 1365
1369 1426 1422 1397 1398
1370 1322 1321 1364 1380
1371 1409 1319 1392 1424
1372 1371 1357 1389 1427
1373 1412 1425 1369 1405
1374 1366 1392 1149 1150
1375 1384 1419 1314 1315
1376 1393 1372 1391 1416
1377 1284 1399 1384 1315
1378 1390 1388 1387 1370
1379 1413 1390 1370 1417
1380 1417 1391 1372 1413
1381 1394 1393 1416 1373
1382 1418 1387 1388 1386
1383 1395 1394 1373 1415
1384 1110 1149 1392 1319
1385 1369 1355 1371 1405
1386 1421 1382 1379 1414
1387 1400 1395 1415 1374
1388 1299 1300 1427 1407
1389 1404 1400 1374 1420
1390 1410 1419 1336 1335
1391 1411 1425 1364 1402
1392 1406 1404 1420 1375
1393 1401 1408 1341 1340
1394 1424 1392 1366 1429
1395 1314 1419 1378 1313
1396 1405 1427 1300 1282
1397 1389 1297 1298 1407
1398 1316 1423 1399 1284
1399 1321 1320 1402 1364
1400 1426 1396 1381 1365
1401 1419 1384 1337 1336
1402 1318 1409 1408 1317
1403 1338 1337 1384 1399
1404 1339 1338 1399 1423
1405 1424 1383 1377 1409
1406 1316 1317 1401 1423
1407 1430 1367 1386 1385
1408 1375 1378 1410 1406
1409 1429 1414 1383 1424
1410 1428 1425 1412 1376
1411 1411 1402 1350 1351
1412 1369 1368 1353 1354
1413 1340 1339 1423 1401
1414 1376 1367 1430 1428
1415 1421 1414 1429 1366
1416 1368 1369 1425 1411
2 50 2 4
1417 1125 1103 1287
1418 1289 1435 1288
1419 1434 1286 1285
1420 1286 1434 1287
2 50 3 11
1421 1295 1296 1431 1434
1422 1125 1287 1434 1431
1423 1292 1433 1431 1432
1424 1432 1435 1289 1290
1425 1432 1431 1296 1435
1426 1285 1278 1295 1434
1427 1435 1296 1279 1288
1428 1124 1125 1431 1433
1429 1104 1124 1433 1294
1430 1433 1292 1293 1294
1431 1291 1292 1432 1290
2 41 2 3
1432 1363 1437 1362
1433 1438 1439 1359
1434 1362 1436 1361
2 41 3 9
1435 1363 1280 1297 1437
1436 1112 1360 1440 1168
1437 1440 1360 1361 1436
1438 1281 1359 1439 1298
1439 1111 1167 1438 1359
1440 1438 1440 1436 1439
1441 1436 1362 1437 1439
1442 1298 1439 1437 1297
1443 1440 1438 1167 1168
2 10003 2 18
1444 1300 1282 1301
1445 1305 1441 1304
1446 1181 1111 1359
1447 1313 1457 1283
1448 1451 1457 1443
1449 1444 1458 1449
1450 1180 1449 1179
1451 1113 1451 1176
1452 1317 1446 1316
1453 1284 1455 1315
1454 1283 1442 1312
1455 1311 1445 1310
1456 1309 1454 1308
1457 1306 1444 1305
1458 1447 1281 1299
1459 1281 1447 1359
1460 1303 1441 1302
1461 1441 1303 1304
2 10003 3 27
1462 1309 1310 1445 1454
1463 1455 1284 1316 1446
1464 1319 1110 1173 1450
1465 1452 1453 1445 1442
1466 1174 1456 1450 1173
1467 1452 1113 1177 1453
1468 1178 1458 1453 1177
1469 1456 1174 1175 1448
1470 1449 1180 1447 1441
1471 1441 1305 1444 1449
1472 1458 1178 1179 1449
1473 1176 1451 1448 1175
1474 1446 1317 1450 1456
1475 1448 1451 1443 1455
1476 1456 1448 1455 1446
1477 1451 1113 1452 1457
1478 1443 1457 1313 1314
1479 1442 1283 1457 1452
1480 1447 1301 1302 1441
1481 1308 1454 1458 1307
1482 1442 1445 1311 1312
1483 1300 1301 1447 1299
1484 1447 1180 1181 1359
1485 1315 1455 1443 1314
1486 1453 1458 1454 1445
1487 1307 1458 1444 1306
1488 1450 1317 1318 1319
2 10 2 15
1489 1541 1592 1560
1490 1552 1593 1584
1491 1582 1583 1551
1492 1504 1583 1503
1493 1463 1586 1579
1494 1545 1601 1579
1495 1502 1582 1575
1496 1596 1600 1539
1497 1521 1563 1520
1498 1581 1601 1563
1499 1513 1576 1512
1500 1516 1542 1515
1501 1518 1543 1517
1502 1545 1519 1520
1503 1519 1545 1518
2 10 3 99
1504 1489 1490 1544 1561
1505 1324 1323 1559 1560
1506 1325 1324 1560 1562
1507 1585 1514 1515 1542
1508 1347 1346 1555 1570
1509 1326 1325 1562 1564
1510 1323 1322 1554 1559
1511 1554 1602 1604 1559
1512 1328 1327 1587 1546
1513 1329 1328 1546 1567
1514 1497 1464 1549 1594
1515 1346 1345 1553 1555
1516 1327 1326 1564 1587
1517 1488 1592 1541 1487
1518 1330 1329 1567 1568
1519 1511 1459 1472 1571
1520 1577 1348 1347 1570
1521 1556 1508 1509 1539
1522 1491 1591 1544 1490
1523 1331 1330 1568 1569
1524 1561 1592 1488 1489
1525 1565 1591 1491 1492
1526 1547 1590 1493 1494
1527 1493 1590 1565 1492
1528 1332 1331 1569 1574
1529 1548 1496 1497 1594
1530 1548 1589 1495 1496
1531 1470 1278 1348 1577
1532 1571 1472 1471 1572
1533 1333 1332 1574 1578
1534 1495 1589 1547 1494
1535 1334 1333 1578 1580
1536 1509 1510 1596 1539
1537 1471 1470 1577 1572
1538 1344 1343 1557 1588
1539 1563 1521 1461 1482
1540 1335 1334 1580 1584
1541 1345 1344 1588 1553
1542 1556 1595 1507 1508
1543 1571 1596 1510 1511
1544 1599 1602 1554 1538
1545 1507 1595 1540 1506
1546 1549 1464 1498 1552
1547 1341 1582 1551 1342
1548 1576 1320 1277 1512
1549 1343 1342 1551 1557
1550 1541 1550 1486 1487
1551 1570 1600 1572 1577
1552 1581 1483 1462 1484
1553 1463 1486 1550 1586
1554 1555 1553 1556 1539
1555 1600 1596 1571 1572
1556 1322 1321 1538 1554
1557 1583 1504 1566 1598
1558 1545 1520 1563 1601
1559 1586 1599 1543 1579
1560 1540 1566 1505 1506
1561 1558 1593 1499 1500
1562 1567 1546 1565 1590
1563 1465 1573 1558 1500
1564 1564 1562 1561 1544
1565 1587 1564 1544 1591
1566 1591 1565 1546 1587
1567 1568 1567 1590 1547
1568 1592 1561 1562 1560
1569 1569 1568 1547 1589
1570 1466 1505 1566 1504
1571 1543 1518 1545 1579
1572 1595 1556 1553 1588
1573 1574 1569 1589 1548
1574 1484 1485 1601 1581
1575 1578 1574 1548 1594
1576 1584 1593 1336 1335
1577 1585 1599 1538 1576
1578 1580 1578 1594 1549
1579 1575 1582 1341 1340
1580 1598 1566 1540 1603
1581 1499 1593 1552 1498
1582 1579 1601 1485 1463
1583 1563 1482 1483 1581
1584 1501 1597 1573 1465
1585 1321 1320 1576 1538
1586 1600 1570 1555 1539
1587 1593 1558 1337 1336
1588 1503 1583 1582 1502
1589 1338 1337 1558 1573
1590 1339 1338 1573 1597
1591 1598 1557 1551 1583
1592 1501 1502 1575 1597
1593 1604 1541 1560 1559
1594 1549 1552 1584 1580
1595 1603 1588 1557 1598
1596 1602 1599 1586 1550
1597 1585 1576 1513 1514
1598 1543 1542 1516 1517
1599 1340 1339 1597 1575
1600 1550 1541 1604 1602
1601 1595 1588 1603 1540
1602 1542 1543 1599 1585
2 50 2 4
1603 1481 1459 1472
1604 1474 1609 1473
1605 1608 1471 1470
1606 1471 1608 1472
2 50 3 11
1607 1295 1296 1605 1608
1608 1481 1472 1608 1605
1609 1477 1607 1605 1606
1610 1606 1609 1474 1475
1611 1606 1605 1296 1609
1612 1470 1278 1295 1608
1613 1609 1296 1279 1473
1614 1480 1481 1605 1607
1615 1460 1480 1607 1479
1616 1607 1477 1478 1479
1617 1476 1477 1606 1475
2 41 2 3
1618 1528 1611 1527
1619 1612 1613 1522
1620 1527 1610 1526
2 41 3 9
1621 1528 1461 1482 1611
1622 1468 1525 1614 1524
1623 1614 1525 1526 1610
1624 1462 1522 1613 1483
1625 1467 1523 1612 1522
1626 1612 1614 1610 1613
1627 1610 1527 1611 1613
1628 1483 1613 1611 1482
1629 1614 1612 1523 1524
2 10004 2 18
1630 1485 1463 1486
1631 1490 1615 1489
1632 1537 1467 1522
1633 1498 1631 1464
1634 1625 1631 1617
1635 1618 1632 1623
1636 1536 1623 1535
1637 1469 1625 1532
1638 1502 1620 1501
1639 1465 1629 1500
1640 1464 1616 1497
1641 1496 1619 1495
1642 1494 1628 1493
1643 1491 1618 1490
1644 1621 1462 1484
1645 1462 1621 1522
1646 1488 1615 1487
1647 1615 1488 1489
2 10004 3 27
1648 1494 1495 1619 1628
1649 1629 1465 1501 1620
1650 1504 1466 1529 1624
1651 1626 1627 1619 1616
1652 1530 1630 1624 1529
1653 1626 1469 1533 1627
1654 1534 1632 1627 1533
1655 1630 1530 1531 1622
1656 1623 1536 1621 1615
1657 1615 1490 1618 1623
1658 1632 1534 1535 1623
1659 1532 1625 1622 1531
1660 1620 1502 1624 1630
1661 1622 1625 1617 1629
1662 1630 1622 1629 1620
1663 1625 1469 1626 1631
1664 1617 1631 1498 1499
1665 1616 1464 1631 1626
1666 1621 1486 1487 1615
1667 1493 1628 1632 1492
1668 1616 1619 1496 1497
1669 1485 1486 1621 1484
1670 1621 1536 1537 1522
1671 1500 1629 1617 1499
1672 1627 1632 1628 1619
1673 1492 1632 1618 1491
1674 1624 1502 1503 1504
2 10 2 15
1675 1723 1774 1742
1676 1734 1775 1766
1677 1764 1765 1733
1678 1675 1765 1674
1679 1638 1768 1761
1680 1727 1783 1761
1681 1673 1764 1757
1682 1778 1782 1721
1683 1714 1745 1713
1684 1763 1783 1745
1685 1706 1758 1705
1686 1709 1724 1708
1687 1711 1725 1710
1688 1727 1712 1713
1689 1712 1727 1711
2 10 3 99
1690 1660 1661 1726 1743
1691 1680 1679 1741 1742
1692 1681 1680 1742 1744
1693 1767 1707 1708 1724
1694 1703 1702 1737 1752
1695 1682 1681 1744 1746
1696 1679 1678 1736 1741
1697 1736 1784 1786 1741
1698 1684 1683 1769 1728
1699 1685 1684 1728 1749
1700 1668 1639 1731 1776
1701 1702 1701 1735 1737
1702 1683 1682 1746 1769
1703 1659 1774 1723 1658
1704 1686 1685 1749 1750
1705 1511 1459 1643 1753
1706 1759 1704 1703 1752
1707 1738 1508 1509 1721
1708 1662 1773 1726 1661
1709 1687 1686 1750 1751
1710 1743 1774 1659 1660
1711 1747 1773 1662 1663
1712 1729 1772 1664 1665
1713 1664 1772 1747 1663
1714 1688 1687 1751 1756
1715 1730 1667 1668 1776
1716 1730 1771 1666 1667
1717 1641 1634 1704 1759
1718 1753 1643 1642 1754
1719 1689 1688 1756 1760
1720 1666 1771 1729 1665
1721 1690 1689 1760 1762
1722 1509 1510 1778 1721
1723 1642 1641 1759 1754
1724 1700 1699 1739 1770
1725 1745 1714 1636 1653
1726 1691 1690 1762 1766
1727 1701 1700 1770 1735
1728 1738 1777 1507 1508
1729 1753 1778 1510 1511
1730 1781 1784 1736 1720
1731 1507 1777 1722 1506
1732 1731 1639 1669 1734
1733 1697 1764 1733 1698
1734 1758 1676 1633 1705
1735 1699 1698 1733 1739
1736 1723 1732 1657 1658
1737 1752 1782 1754 1759
1738 1763 1654 1637 1655
1739 1638 1657 1732 1768
1740 1737 1735 1738 1721
1741 1782 1778 1753 1754
1742 1678 1677 1720 1736
1743 1765 1675 1748 1780
1744 1727 1713 1745 1783
1745 1768 1781 1725 1761
1746 1722 1748 1505 1506
1747 1740 1775 1670 1671
1748 1749 1728 1747 1772
1749 1640 1755 1740 1671
1750 1746 1744 1743 1726
1751 1769 1746 1726 1773
1752 1773 1747 1728 1769
1753 1750 1749 1772 1729
1754 1774 1743 1744 1742
1755 1751 1750 1729 1771
1756 1466 1505 1748 1675
1757 1725 1711 1727 1761
1758 1777 1738 1735 1770
1759 1756 1751 1771 1730
1760 1655 1656 1783 1763
1761 1760 1756 1730 1776
1762 1766 1775 1692 1691
1763 1767 1781 1720 1758
1764 1762 1760 1776 1731
1765 1757 1764 1697 1696
1766 1780 1748 1722 1785
1767 1670 1775 1734 1669
1768 1761 1783 1656 1638
1769 1745 1653 1654 1763
1770 1672 1779 1755 1640
1771 1677 1676 1758 1720
1772 1782 1752 1737 1721
1773 1775 1740 1693 1692
1774 1674 1765 1764 1673
1775 1694 1693 1740 1755
1776 1695 1694 1755 1779
1777 1780 1739 1733 1765
1778 1672 1673 1757 1779
1779 1786 1723 1742 1741
1780 1731 1734 1766 1762
1781 1785 1770 1739 1780
1782 1784 1781 1768 1732
1783 1767 1758 1706 1707
1784 1725 1724 1709 1710
1785 1696 1695 1779 1757
1786 1732 1723 1786 1784
1787 1777 1770 1785 1722
1788 1724 1725 1781 1767
2 50 2 4
1789 1481 1459 1643
1790 1645 1791 1644
1791 1790 1642 1641
1792 1642 1790 1643
2 50 3 11
1793 1651 1652 1787 1790
1794 1481 1643 1790 1787
1795 1648 1789 1787 1788
1796 1788 1791 1645 1646
1797 1788 1787 1652 1791
1798 1641 1634 1651 1790
1799 1791 1652 1635 1644
1800 1480 1481 1787 1789
1801 1460 1480 1789 1650
1802 1789 1648 1649 1650
1803 1647 1648 1788 1646
2 41 2 3
1804 1719 1793 1718
1805 1794 1795 1715
1806 1718 1792 1717
2 41 3 9
1807 1719 1636 1653 1793
1808 1468 1716 1796 1524
1809 1796 1716 1717 1792
1810 1637 1715 1795 1654
1811 1467 1523 1794 1715
1812 1794 1796 1792 1795
1813 1792 1718 1793 1795
1814 1654 1795 1793 1653
1815 1796 1794 1523 1524
2 10004 2 18
1816 1656 1638 1657
1817 1661 1797 1660
1818 1537 1467 1715
1819 1669 1813 1639
1820 1807 1813 1799
1821 1800 1814 1805
1822 1536 1805 1535
1823 1469 1807 1532
1824 1673 1802 1672
1825 1640 1811 1671
1826 1639 1798 1668
1827 1667 1801 1666
1828 1665 1810 1664
1829 1662 1800 1661
1830 1803 1637 1655
1831 1637 1803 1715
1832 1659 1797 1658
1833 1797 1659 1660
2 10004 3 27
1834 1665 1666 1801 1810
1835 1811 1640 1672 1802
1836 1675 1466 1529 1806
1837 1808 1809 1801 1798
1838 1530 1812 1806 1529
1839 1808 1469 1533 1809
1840 1534 1814 1809 1533
1841 1812 1530 1531 1804
1842 1805 1536 1803 1797
1843 1797 1661 1800 1805
1844 1814 1534 1535 1805
1845 1532 1807 1804 1531
1846 1802 1673 1806 1812
1847 1804 1807 1799 1811
1848 1812 1804 1811 1802
1849 1807 1469 1808 1813
1850 1799 1813 1669 1670
1851 1798 1639 1813 1808
1852 1803 1657 1658 1797
1853 1664 1810 1814 1663
1854 1798 1801 1667 1668
1855 1656 1657 1803 1655
1856 1803 1536 1537 1715
1857 1671 1811 1799 1670
1858 1809 1814 1810 1801
1859 1663 1814 1800 1662
1860 1806 1673 1674 1675
2 10 2 15
1861 1897 1948 1916
1862 1908 1949 1940
1863 1938 1939 1907
1864 1860 1939 1859
1865 1819 1942 1935
1866 1901 1957 1935
1867 1858 1938 1931
1868 1952 1956 1895
1869 1877 1919 1876
1870 1937 1957 1919
1871 1869 1932 1868
1872 1872 1898 1871
1873 1874 1899 1873
1874 1901 1875 1876
1875 1875 1901 1874
2 10 3 99
1876 1845 1846 1900 1917
1877 1680 1679 1915 1916
1878 1681 1680 1916 1918
1879 1941 1870 1871 1898
1880 1703 1702 1911 1926
1881 1682 1681 1918 1920
1882 1679 1678 1910 1915
1883 1910 1958 1960 1915
1884 1684 1683 1943 1902
1885 1685 1684 1902 1923
1886 1853 1820 1905 1950
1887 1702 1701 1909 1911
1888 1683 1682 1920 1943
1889 1844 1948 1897 1843
1890 1686 1685 1923 1924
1891 1867 1815 1828 1927
1892 1933 1704 1703 1926
1893 1912 1864 1865 1895
1894 1847 1947 1900 1846
1895 1687 1686 1924 1925
1896 1917 1948 1844 1845
1897 1921 1947 1847 1848
1898 1903 1946 1849 1850
1899 1849 1946 1921 1848
1900 1688 1687 1925 1930
1901 1904 1852 1853 1950
1902 1904 1945 1851 1852
1903 1826 1634 1704 1933
1904 1927 1828 1827 1928
1905 1689 1688 1930 1934
1906 1851 1945 1903 1850
1907 1690 1689 1934 1936
1908 1865 1866 1952 1895
1909 1827 1826 1933 1928
1910 1700 1699 1913 1944
1911 1919 1877 1817 1838
1912 1691 1690 1936 1940
1913 1701 1700 1944 1909
1914 1912 1951 1863 1864
1915 1927 1952 1866 1867
1916 1955 1958 1910 1894
1917 1863 1951 1896 1862
1918 1905 1820 1854 1908
1919 1697 1938 1907 1698
1920 1932 1676 1633 1868
1921 1699 1698 1907 1913
1922 1897 1906 1842 1843
1923 1926 1956 1928 1933
1924 1937 1839 1818 1840
1925 1819 1842 1906 1942
1926 1911 1909 1912 1895
1927 1956 1952 1927 1928
1928 1678 1677 1894 1910
1929 1939 1860 1922 1954
1930 1901 1876 1919 1957
1931 1942 1955 1899 1935
1932 1896 1922 1861 1862
1933 1914 1949 1855 1856
1934 1923 1902 1921 1946
1935 1821 1929 1914 1856
1936 1920 1918 1917 1900
1937 1943 1920 1900 1947
1938 1947 1921 1902 1943
1939 1924 1923 1946 1903
1940 1948 1917 1918 1916
1941 1925 1924 1903 1945
1942 1822 1861 1922 1860
1943 1899 1874 1901 1935
1944 1951 1912 1909 1944
1945 1930 1925 1945 1904
1946 1840 1841 1957 1937
1947 1934 1930 1904 1950
1948 1940 1949 1692 1691
1949 1941 1955 1894 1932
1950 1936 1934 1950 1905
1951 1931 1938 1697 1696
1952 1954 1922 1896 1959
1953 1855 1949 1908 1854
1954 1935 1957 1841 1819
1955 1919 1838 1839 1937
1956 1857 1953 1929 1821
1957 1677 1676 1932 1894
1958 1956 1926 1911 1895
1959 1949 1914 1693 1692
1960 1859 1939 1938 1858
1961 1694 1693 1914 1929
1962 1695 1694 1929 1953
1963 1954 1913 1907 1939
1964 1857 1858 1931 1953
1965 1960 1897 1916 1915
1966 1905 1908 1940 1936
1967 1959 1944 1913 1954
1968 1958 1955 1942 1906
1969 1941 1932 1869 1870
1970 1899 1898 1872 1873
1971 1696 1695 1953 1931
1972 1906 1897 1960 1958
1973 1951 1944 1959 1896
1974 1898 1899 1955 1941
2 50 2 4
1975 1837 1815 1828
1976 1830 1965 1829
1977 1964 1827 1826
1978 1827 1964 1828
2 50 3 11
1979 1651 1652 1961 1964
1980 1837 1828 1964 1961
1981 1833 1963 1961 1962
1982 1962 1965 1830 1831
1983 1962 1961 1652 1965
1984 1826 1634 1651 1964
1985 1965 1652 1635 1829
1986 1836 1837 1961 1963
1987 1816 1836 1963 1835
1988 1963 1833 1834 1835
1989 1832 1833 1962 1831
2 41 2 3
1990 1884 1967 1883
1991 1968 1969 1878
1992 1883 1966 1882
2 41 3 9
1993 1884 1817 1838 1967
1994 1824 1881 1970 1880
1995 1970 1881 1882 1966
1996 1818 1878 1969 1839
1997 1823 1879 1968 1878
1998 1968 1970 1966 1969
1999 1966 1883 1967 1969
2000 1839 1969 1967 1838
2001 1970 1968 1879 1880
2 10005 2 18
2002 1841 1819 1842
2003 1846 1971 1845
2004 1893 1823 1878
2005 1854 1987 1820
2006 1981 1987 1973
2007 1974 1988 1979
2008 1892 1979 1891
2009 1825 1981 1888
2010 1858 1976 1857
2011 1821 1985 1856
2012 1820 1972 1853
2013 1852 1975 1851
2014 1850 1984 1849
2015 1847 1974 1846
2016 1977 1818 1840
2017 1818 1977 1878
2018 1844 1971 1843
2019 1971 1844 1845
2 10005 3 27
2020 1850 1851 1975 1984
2021 1985 1821 1857 1976
2022 1860 1822 1885 1980
2023 1982 1983 1975 1972
2024 1886 1986 1980 1885
2025 1982 1825 1889 1983
2026 1890 1988 1983 1889
2027 1986 1886 1887 1978
2028 1979 1892 1977 1971
2029 1971 1846 1974 1979
2030 1988 1890 1891 1979
2031 1888 1981 1978 1887
2032 1976 1858 1980 1986
2033 1978 1981 1973 1985
2034 1986 1978 1985 1976
2035 1981 1825 1982 1987
2036 1973 1987 1854 1855
2037 1972 1820 1987 1982
2038 1977 1842 1843 1971
2039 1849 1984 1988 1848
2040 1972 1975 1852 1853
2041 1841 1842 1977 1840
2042 1977 1892 1893 1878
2043 1856 1985 1973 1855
2044 1983 1988 1984 1975
2045 1848 1988 1974 1847
2046 1980 1858 1859 1860
2 10 2 15
2047 2079 2130 2098
2048 2090 2131 2122
2049 2120 2121 2089
2050 2031 2121 2030
2051 1994 2124 2117
2052 2083 2139 2117
2053 2029 2120 2113
2054 2134 2138 2077
2055 2070 2101 2069
2056 2119 2139 2101
2057 2062 2114 2061
2058 2065 2080 2064
2059 2067 2081 2066
2060 2083 2068 2069
2061 2068 2083 2067
2 10 3 99
2062 2016 2017 2082 2099
2063 2036 2035 2097 2098
2064 2037 2036 2098 2100
2065 2123 2063 2064 2080
2066 2059 2058 2093 2108
2067 2038 2037 2100 2102
2068 2035 2034 2092 2097
2069 2092 2140 2142 2097
2070 2040 2039 2125 2084
2071 2041 2040 2084 2105
2072 2024 1995 2087 2132
2073 2058 2057 2091 2093
2074 2039 2038 2102 2125
2075 2015 2130 2079 2014
2076 2042 2041 2105 2106
2077 1867 1815 1999 2109
2078 2115 2060 2059 2108
2079 2094 1864 1865 2077
2080 2018 2129 2082 2017
2081 2043 2042 2106 2107
2082 2099 2130 2015 2016
2083 2103 2129 2018 2019
2084 2085 2128 2020 2021
2085 2020 2128 2103 2019
2086 2044 2043 2107 2112
2087 2086 2023 2024 2132
2088 2086 2127 2022 2023
2089 1997 1990 2060 2115
2090 2109 1999 1998 2110
2091 2045 2044 2112 2116
2092 2022 2127 2085 2021
2093 2046 2045 2116 2118
2094 1865 1866 2134 2077
2095 1998 1997 2115 2110
2096 2056 2055 2095 2126
2097 2101 2070 1992 2009
2098 2047 2046 2118 2122
2099 2057 2056 2126 2091
2100 2094 2133 1863 1864
2101 2109 2134 1866 1867
2102 2137 2140 2092 2076
2103 1863 2133 2078 1862
2104 2087 1995 2025 2090
2105 2053 2120 2089 2054
2106 2114 2032 1989 2061
2107 2055 2054 2089 2095
2108 2079 2088 2013 2014
2109 2108 2138 2110 2115
2110 2119 2010 1993 2011
2111 1994 2013 2088 2124
2112 2093 2091 2094 2077
2113 2138 2134 2109 2110
2114 2034 2033 2076 2092
2115 2121 2031 2104 2136
2116 2083 2069 2101 2139
2117 2124 2137 2081 2117
2118 2078 2104 1861 1862
2119 2096 2131 2026 2027
2120 2105 2084 2103 2128
2121 1996 2111 2096 2027
2122 2102 2100 2099 2082
2123 2125 2102 2082 2129
2124 2129 2103 2084 2125
2125 2106 2105 2128 2085
2126 2130 2099 2100 2098
2127 2107 2106 2085 2127
2128 1822 1861 2104 2031
2129 2081 2067 2083 2117
2130 2133 2094 2091 2126
2131 2112 2107 2127 2086
2132 2011 2012 2139 2119
2133 2116 2112 2086 2132
2134 2122 2131 2048 2047
2135 2123 2137 2076 2114
2136 2118 2116 2132 2087
2137 2113 2120 2053 2052
2138 2136 2104 2078 2141
2139 2026 2131 2090 2025
2140 2117 2139 2012 1994
2141 2101 2009 2010 2119
2142 2028 2135 2111 1996
2143 2033 2032 2114 2076
2144 2138 2108 2093 2077
2145 2131 2096 2049 2048
2146 2030 2121 2120 2029
2147 2050 2049 2096 2111
2148 2051 2050 2111 2135
2149 2136 2095 2089 2121
2150 2028 2029 2113 2135
2151 2142 2079 2098 2097
2152 2087 2090 2122 2118
2153 2141 2126 2095 2136
2154 2140 2137 2124 2088
2155 2123 2114 2062 2063
2156 2081 2080 2065 2066
2157 2052 2051 2135 2113
2158 2088 2079 2142 2140
2159 2133 2126 2141 2078
2160 2080 2081 2137 2123
2 50 2 4
2161 1837 1815 1999
2162 2001 2147 2000
2163 2146 1998 1997
2164 1998 2146 1999
2 50 3 11
2165 2007 2008 2143 2146
2166 1837 1999 2146 2143
2167 2004 2145 2143 2144
2168 2144 2147 2001 2002
2169 2144 2143 2008 2147
2170 1997 1990 2007 2146
2171 2147 2008 1991 2000
2172 1836 1837 2143 2145
2173 1816 1836 2145 2006
2174 2145 2004 2005 2006
2175 2003 2004 2144 2002
2 41 2 3
2176 2075 2149 2074
2177 2150 2151 2071
2178 2074 2148 2073
2 41 3 9
2179 2075 1992 2009 2149
2180 1824 2072 2152 1880
2181 2152 2072 2073 2148
2182 1993 2071 2151 2010
2183 1823 1879 2150 2071
2184 2150 2152 2148 2151
2185 2148 2074 2149 2151
2186 2010 2151 2149 2009
2187 2152 2150 1879 1880
2 10005 2 18
2188 2012 1994 2013
2189 2017 2153 2016
2190 1893 1823 2071
2191 2025 2169 1995
2192 2163 2169 2155
2193 2156 2170 2161
2194 1892 2161 1891
2195 1825 2163 1888
2196 2029 2158 2028
2197 1996 2167 2027
2198 1995 2154 2024
2199 2023 2157 2022
2200 2021 2166 2020
2201 2018 2156 2017
2202 2159 1993 2011
2203 1993 2159 2071
2204 2015 2153 2014
2205 2153 2015 2016
2 10005 3 27
2206 2021 2022 2157 2166
2207 2167 1996 2028 2158
2208 2031 1822 1885 2162
2209 2164 2165 2157 2154
2210 1886 2168 2162 1885
2211 2164 1825 1889 2165
2212 1890 2170 2165 1889
2213 2168 1886 1887 2160
2214 2161 1892 2159 2153
2215 2153 2017 2156 2161
2216 2170 1890 1891 2161
2217 1888 2163 2160 1887
2218 2158 2029 2162 2168
2219 2160 2163 2155 2167
2220 2168 2160 2167 2158
2221 2163 1825 2164 2169
2222 2155 2169 2025 2026
2223 2154 1995 2169 2164
2224 2159 2013 2014 2153
2225 2020 2166 2170 2019
2226 2154 2157 2023 2024
2227 2012 2013 2159 2011
2228 2159 1892 1893 2071
2229 2027 2167 2155 2026
2230 2165 2170 2166 2157
2231 2019 2170 2156 2018
2232 2162 2029 2030 2031
2 41 3 180
2233 2360 2351 2352 2359
2234 2171 2173 2356 2355
2235 2533 2178 2179 2532
2236 2530 2181 2182 2529
2237 2359 2352 2353 2358
2238 2363 2348 2349 2362
2239 2528 2183 2184 2527
2240 2516 2195 2196 2515
2241 2371 2340 2341 2370
2242 2518 2193 2194 2517
2243 2534 2177 2178 2533
2244 2525 2186 2187 2524
2245 2526 2185 2186 2525
2246 2174 2172 2177 2534
2247 2366 2345 2346 2365
2248 2529 2182 2183 2528
2249 2520 2191 2192 2519
2250 2523 2188 2189 2522
2251 2531 2180 2181 2530
2252 2361 2350 2351 2360
2253 2358 2353 2354 2357
2254 2376 2335 2336 2375
2255 2521 2190 2191 2520
2256 2369 2342 2343 2368
2257 2364 2347 2348 2363
2258 2357 2354 2355 2356
2259 2377 2334 2335 2376
2260 2365 2346 2347 2364
2261 2372 2339 2340 2371
2262 2367 2344 2345 2366
2263 2374 2337 2338 2373
2264 2362 2349 2350 2361
2265 2387 2324 2325 2386
2266 2370 2341 2342 2369
2267 2382 2329 2330 2381
2268 2473 2238 2239 2472
2269 2500 2211 2212 2499
2270 2505 2206 2207 2504
2271 2486 2225 2226 2485
2272 2388 2323 2324 2387
2273 2468 2243 2244 2467
2274 2221 2490 2491 2220
2275 2522 2189 2190 2521
2276 2497 2214 2215 2496
2277 2507 2204 2205 2506
2278 2496 2215 2216 2495
2279 2508 2203 2204 2507
2280 2383 2328 2329 2382
2281 2501 2210 2211 2500
2282 2378 2333 2334 2377
2283 2519 2192 2193 2518
2284 2393 2318 2319 2392
2285 2513 2198 2199 2512
2286 2515 2196 2197 2514
2287 2224 2487 2488 2223
2288 2524 2187 2188 2523
2289 2381 2330 2331 2380
2290 2218 2493 2494 2217
2291 2532 2179 2180 2531
2292 2517 2194 2195 2516
2293 2373 2338 2339 2372
2294 2503 2208 2209 2502
2295 2512 2199 2200 2511
2296 2219 2492 2493 2218
2297 2509 2202 2203 2508
2298 2514 2197 2198 2513
2299 2504 2207 2208 2503
2300 2385 2326 2327 2384
2301 2368 2343 2344 2367
2302 2483 2228 2229 2482
2303 2527 2184 2185 2526
2304 2481 2230 2231 2480
2305 2223 2488 2489 2222
2306 2478 2233 2234 2477
2307 2484 2227 2228 2483
2308 2499 2212 2213 2498
2309 2375 2336 2337 2374
2310 2498 2213 2214 2497
2311 2506 2205 2206 2505
2312 2510 2201 2202 2509
2313 2502 2209 2210 2501
2314 2511 2200 2201 2510
2315 2380 2331 2332 2379
2316 2476 2235 2236 2475
2317 2390 2321 2322 2389
2318 2417 2294 2295 2416
2319 2406 2305 2306 2405
2320 2379 2332 2333 2378
2321 2313 2398 2399 2312
2322 2409 2302 2303 2408
2323 2389 2322 2323 2388
2324 2311 2400 2401 2310
2325 2384 2327 2328 2383
2326 2422 2289 2290 2421
2327 2394 2317 2318 2393
2328 2391 2320 2321 2390
2329 2314 2397 2398 2313
2330 2386 2325 2326 2385
2331 2396 2315 2316 2395
2332 2455 2256 2257 2454
2333 2474 2237 2238 2473
2334 2459 2252 2253 2458
2335 2462 2249 2250 2461
2336 2456 2255 2256 2455
2337 2465 2246 2247 2464
2338 2471 2240 2241 2470
2339 2444 2267 2268 2443
2340 2457 2254 2255 2456
2341 2467 2244 2245 2466
2342 2480 2231 2232 2479
2343 2469 2242 2243 2468
2344 2392 2319 2320 2391
2345 2308 2403 2404 2307
2346 2433 2278 2279 2432
2347 2413 2298 2299 2412
2348 2439 2272 2273 2438
2349 2421 2290 2291 2420
2350 2449 2262 2263 2448
2351 2431 2280 2281 2430
2352 2428 2283 2284 2427
2353 2395 2316 2317 2394
2354 2312 2399 2400 2311
2355 2479 2232 2233 2478
2356 2461 2250 2251 2460
2357 2420 2291 2292 2419
2358 2451 2260 2261 2450
2359 2485 2226 2227 2484
2360 2315 2396 2397 2314
2361 2454 2257 2258 2453
2362 2220 2491 2492 2219
2363 2477 2234 2235 2476
2364 2410 2301 2302 2409
2365 2434 2277 2278 2433
2366 2495 2216 2217 2494
2367 2423 2288 2289 2422
2368 2407 2304 2305 2406
2369 2464 2247 2248 2463
2370 2475 2236 2237 2474
2371 2225 2486 2487 2224
2372 2482 2229 2230 2481
2373 2412 2299 2300 2411
2374 2436 2275 2276 2435
2375 2415 2296 2297 2414
2376 2405 2306 2307 2404
2377 2418 2293 2294 2417
2378 2441 2270 2271 2440
2379 2429 2282 2283 2428
2380 2472 2239 2240 2471
2381 2425 2286 2287 2424
2382 2426 2285 2286 2425
2383 2470 2241 2242 2469
2384 2460 2251 2252 2459
2385 2222 2489 2490 2221
2386 2466 2245 2246 2465
2387 2310 2401 2402 2309
2388 2440 2271 2272 2439
2389 2447 2264 2265 2446
2390 2453 2258 2259 2452
2391 2448 2263 2264 2447
2392 2309 2402 2403 2308
2393 2452 2259 2260 2451
2394 2419 2292 2293 2418
2395 2445 2266 2267 2444
2396 2432 2279 2280 2431
2397 2408 2303 2304 2407
2398 2442 2269 2270 2441
2399 2416 2295 2296 2415
2400 2411 2300 2301 2410
2401 2450 2261 2262 2449
2402 2435 2276 2277 2434
2403 2443 2268 2269 2442
2404 2424 2287 2288 2423
2405 2427 2284 2285 2426
2406 2437 2274 2275 2436
2407 2414 2297 2298 2413
2408 2430 2281 2282 2429
2409 2446 2265 2266 2445
2410 2463 2248 2249 2462
2411 2458 2253 2254 2457
2412 2438 2273 2274 2437
2 41 3 180
2413 2570 2391 2392 2571
2414 2586 2407 2408 2587
2415 2411 2412 2591 2590
2416 2510 2511 2690 2689
2417 2505 2506 2685 2684
2418 2527 2528 2707 2706
2419 2502 2503 2682 2681
2420 2409 2410 2589 2588
2421 2564 2385 2386 2565
2422 2494 2495 2674 2673
2423 2521 2522 2701 2700
2424 2697 2518 2519 2698
2425 2593 2414 2415 2594
2426 2524 2525 2704 2703
2427 2513 2514 2693 2692
2428 2560 2381 2382 2561
2429 2531 2532 2711 2710
2430 2550 2371 2372 2551
2431 2359 2360 2539 2538
2432 2508 2509 2688 2687
2433 2369 2370 2549 2548
2434 2365 2366 2545 2544
2435 2175 2173 2356 2535
2436 2366 2367 2546 2545
2437 2542 2363 2364 2543
2438 2554 2375 2376 2555
2439 2370 2371 2550 2549
2440 2533 2534 2713 2712
2441 2576 2397 2398 2577
2442 2547 2368 2369 2548
2443 2566 2387 2388 2567
2444 2491 2492 2671 2670
2445 2174 2176 2713 2534
2446 2592 2413 2414 2593
2447 2535 2356 2357 2536
2448 2516 2517 2696 2695
2449 2530 2531 2710 2709
2450 2532 2533 2712 2711
2451 2357 2358 2537 2536
2452 2404 2405 2584 2583
2453 2364 2365 2544 2543
2454 2559 2380 2381 2560
2455 2367 2368 2547 2546
2456 2558 2379 2380 2559
2457 2553 2374 2375 2554
2458 2537 2358 2359 2538
2459 2561 2382 2383 2562
2460 2386 2387 2566 2565
2461 2686 2507 2508 2687
2462 2691 2512 2513 2692
2463 2555 2376 2377 2556
2464 2519 2520 2699 2698
2465 2415 2416 2595 2594
2466 2523 2524 2703 2702
2467 2361 2362 2541 2540
2468 2587 2408 2409 2588
2469 2708 2529 2530 2709
2470 2526 2527 2706 2705
2471 2372 2373 2552 2551
2472 2582 2403 2404 2583
2473 2360 2361 2540 2539
2474 2377 2378 2557 2556
2475 2392 2393 2572 2571
2476 2410 2411 2590 2589
2477 2423 2424 2603 2602
2478 2580 2401 2402 2581
2479 2421 2422 2601 2600
2480 2416 2417 2596 2595
2481 2585 2406 2407 2586
2482 2577 2398 2399 2578
2483 2584 2405 2406 2585
2484 2572 2393 2394 2573
2485 2578 2399 2400 2579
2486 2417 2418 2597 2596
2487 2568 2389 2390 2569
2488 2573 2394 2395 2574
2489 2427 2428 2607 2606
2490 2552 2373 2374 2553
2491 2574 2395 2396 2575
2492 2541 2362 2363 2542
2493 2412 2413 2592 2591
2494 2424 2425 2604 2603
2495 2422 2423 2602 2601
2496 2557 2378 2379 2558
2497 2569 2390 2391 2570
2498 2581 2402 2403 2582
2499 2563 2384 2385 2564
2500 2420 2421 2600 2599
2501 2562 2383 2384 2563
2502 2419 2420 2599 2598
2503 2567 2388 2389 2568
2504 2575 2396 2397 2576
2505 2418 2419 2598 2597
2506 2579 2400 2401 2580
2507 2465 2466 2645 2644
2508 2434 2435 2614 2613
2509 2457 2458 2637 2636
2510 2489 2490 2669 2668
2511 2481 2482 2661 2660
2512 2436 2437 2616 2615
2513 2428 2429 2608 2607
2514 2484 2485 2664 2663
2515 2426 2427 2606 2605
2516 2492 2493 2672 2671
2517 2425 2426 2605 2604
2518 2431 2432 2611 2610
2519 2429 2430 2609 2608
2520 2441 2442 2621 2620
2521 2480 2481 2660 2659
2522 2520 2521 2700 2699
2523 2501 2502 2681 2680
2524 2497 2498 2677 2676
2525 2525 2526 2705 2704
2526 2463 2464 2643 2642
2527 2478 2479 2658 2657
2528 2466 2467 2646 2645
2529 2435 2436 2615 2614
2530 2517 2518 2697 2696
2531 2506 2507 2686 2685
2532 2499 2500 2679 2678
2533 2487 2488 2667 2666
2534 2469 2470 2649 2648
2535 2470 2471 2650 2649
2536 2473 2474 2653 2652
2537 2485 2486 2665 2664
2538 2477 2478 2657 2656
2539 2482 2483 2662 2661
2540 2476 2477 2656 2655
2541 2468 2469 2648 2647
2542 2522 2523 2702 2701
2543 2437 2438 2617 2616
2544 2514 2515 2694 2693
2545 2515 2516 2695 2694
2546 2483 2484 2663 2662
2547 2528 2529 2708 2707
2548 2474 2475 2654 2653
2549 2509 2510 2689 2688
2550 2479 2480 2659 2658
2551 2503 2504 2683 2682
2552 2504 2505 2684 2683
2553 2493 2494 2673 2672
2554 2490 2491 2670 2669
2555 2430 2431 2610 2609
2556 2511 2512 2691 2690
2557 2462 2463 2642 2641
2558 2488 2489 2668 2667
2559 2495 2496 2675 2674
2560 2498 2499 2678 2677
2561 2460 2461 2640 2639
2562 2432 2433 2612 2611
2563 2496 2497 2676 2675
2564 2471 2472 2651 2650
2565 2486 2487 2666 2665
2566 2500 2501 2680 2679
2567 2455 2456 2635 2634
2568 2450 2451 2630 2629
2569 2440 2441 2620 2619
2570 2433 2434 2613 2612
2571 2449 2450 2629 2628
2572 2442 2443 2622 2621
2573 2438 2439 2618 2617
2574 2444 2445 2624 2623
2575 2453 2454 2633 2632
2576 2451 2452 2631 2630
2577 2448 2449 2628 2627
2578 2439 2440 2619 2618
2579 2446 2447 2626 2625
2580 2443 2444 2623 2622
2581 2445 2446 2625 2624
2582 2475 2476 2655 2654
2583 2456 2457 2636 2635
2584 2464 2465 2644 2643
2585 2452 2453 2632 2631
2586 2459 2460 2639 2638
2587 2454 2455 2634 2633
2588 2461 2462 2641 2640
2589 2458 2459 2638 2637
2590 2472 2473 2652 2651
2591 2447 2448 2627 2626
2592 2467 2468 2647 2646
2 41 2 372
2593 2565 2564 444
2594 2537 2536 90
2595 2538 2537 91
2596 2539 2538 92
2597 2540 2539 93
2598 2541 2540 94
2599 2542 2541 95
2600 2543 2542 96
2601 2544 2543 97
2602 2545 2544 6
2603 2546 2545 104
2604 2547 2546 103
2605 2548 2547 102
2606 2549 2548 101
2607 2550 2549 292
2608 2551 2550 293
2609 2552 2551 294
2610 2553 2552 295
2611 2554 2553 212
2612 2555 2554 290
2613 2556 2555 289
2614 2557 2556 288
2615 2558 2557 287
2616 2559 2558 286
2617 2560 2559 285
2618 2561 2560 284
2619 2562 2561 283
2620 2563 2562 282
2621 2564 2563 281
2622 2566 2565 445
2623 2567 2566 446
2624 2568 2567 447
2625 2569 2568 448
2626 2570 2569 449
2627 2571 2570 450
2628 2572 2571 451
2629 2573 2572 452
2630 2574 2573 453
2631 2575 2574 393
2632 2576 2575 460
2633 2577 2576 459
2634 2578 2577 458
2635 2579 2578 457
2636 2580 2579 648
2637 2581 2580 649
2638 2582 2581 650
2639 2583 2582 651
2640 2584 2583 568
2641 2585 2584 646
2642 2586 2585 645
2643 2587 2586 644
2644 2588 2587 643
2645 2589 2588 642
2646 2590 2589 641
2647 2591 2590 640
2648 2592 2591 639
2649 2593 2592 638
2650 2594 2593 637
2651 2595 2594 800
2652 2596 2595 801
2653 2597 2596 802
2654 2598 2597 803
2655 2599 2598 804
2656 2600 2599 805
2657 2601 2600 806
2658 2602 2601 807
2659 2603 2602 808
2660 2604 2603 809
2661 2605 2604 749
2662 2606 2605 816
2663 2607 2606 815
2664 2608 2607 814
2665 2609 2608 813
2666 2610 2609 1004
2667 2611 2610 1005
2668 2612 2611 1006
2669 2613 2612 1007
2670 2614 2613 924
2671 2615 2614 1002
2672 2616 2615 1001
2673 2617 2616 1000
2674 2618 2617 999
2675 2619 2618 998
2676 2620 2619 997
2677 2621 2620 996
2678 2622 2621 995
2679 2623 2622 994
2680 2624 2623 993
2681 2625 2624 1156
2682 2626 2625 1157
2683 2627 2626 1158
2684 2628 2627 1159
2685 2629 2628 1160
2686 2630 2629 1161
2687 2631 2630 1162
2688 2632 2631 1163
2689 993 921 2624
2690 2634 2633 1165
2691 2635 2634 1105
2692 2636 2635 1172
2693 2637 2636 1171
2694 2638 2637 1170
2695 2639 2638 1169
2696 2640 2639 1360
2697 2641 2640 1361
2698 2642 2641 1362
2699 2643 2642 1363
2700 2644 2643 1280
2701 2645 2644 1358
2702 2646 2645 1357
2703 2647 2646 1356
2704 2648 2647 1355
2705 2649 2648 1354
2706 2650 2649 1353
2707 2651 2650 1352
2708 2652 2651 1351
2709 2653 2652 1350
2710 2654 2653 1349
2711 2655 2654 1512
2712 2656 2655 1513
2713 2657 2656 1514
2714 2658 2657 1515
2715 2659 2658 1516
2716 2660 2659 1517
2717 2661 2660 1518
2718 2662 2661 1519
2719 2663 2662 1520
2720 2664 2663 1521
2721 2665 2664 1461
2722 2666 2665 1528
2723 2667 2666 1527
2724 2668 2667 1526
2725 2669 2668 1525
2726 2670 2669 1716
2727 2671 2670 1717
2728 2672 2671 1718
2729 2673 2672 1719
2730 2674 2673 1636
2731 2675 2674 1714
2732 2676 2675 1713
2733 2677 2676 1712
2734 2678 2677 1711
2735 2679 2678 1710
2736 2680 2679 1709
2737 2681 2680 1708
2738 2682 2681 1707
2739 2683 2682 1706
2740 2684 2683 1705
2741 2685 2684 1868
2742 2686 2685 1869
2743 2687 2686 1870
2744 2688 2687 1871
2745 2689 2688 1872
2746 2690 2689 1873
2747 2691 2690 1874
2748 2692 2691 1875
2749 2693 2692 1876
2750 2694 2693 1877
2751 2695 2694 1817
2752 2696 2695 1884
2753 2697 2696 1883
2754 2698 2697 1882
2755 2699 2698 1881
2756 2700 2699 2072
2757 2701 2700 2073
2758 2702 2701 2074
2759 2703 2702 2075
2760 2704 2703 1992
2761 2705 2704 2070
2762 2706 2705 2069
2763 2707 2706 2068
2764 2708 2707 2067
2765 2709 2708 2066
2766 2710 2709 2065
2767 2711 2710 2064
2768 2712 2711 2063
2769 2713 2712 2062
2770 2176 2713 2061
2771 2176 2061 1989
2772 2536 2535 89
2773 2535 2175 88
2774 1 88 2175
2775 88 89 2535
2776 89 90 2536
2777 90 91 2537
2778 91 92 2538
2779 92 93 2539
2780 93 94 2540
2781 94 95 2541
2782 95 96 2542
2783 96 97 2543
2784 97 6 2544
2785 6 104 2545
2786 104 103 2546
2787 103 102 2547
2788 102 101 2548
2789 101 13 2549
2790 13 292 2549
2791 292 293 2550
2792 293 294 2551
2793 294 295 2552
2794 295 212 2553
2795 212 290 2554
2796 290 289 2555
2797 289 288 2556
2798 288 287 2557
2799 287 286 2558
2800 286 285 2559
2801 285 284 2560
2802 284 283 2561
2803 283 282 2562
2804 282 281 2563
2805 281 209 2564
2806 209 444 2564
2807 444 445 2565
2808 445 446 2566
2809 446 447 2567
2810 447 448 2568
2811 448 449 2569
2812 449 450 2570
2813 450 451 2571
2814 451 452 2572
2815 452 453 2573
2816 453 393 2574
2817 393 460 2575
2818 460 459 2576
2819 459 458 2577
2820 458 457 2578
2821 457 400 2579
2822 400 648 2579
2823 648 649 2580
2824 649 650 2581
2825 650 651 2582
2826 651 568 2583
2827 568 646 2584
2828 646 645 2585
2829 645 644 2586
2830 644 643 2587
2831 643 642 2588
2832 642 641 2589
2833 641 640 2590
2834 640 639 2591
2835 639 638 2592
2836 638 637 2593
2837 637 565 2594
2838 565 800 2594
2839 800 801 2595
2840 801 802 2596
2841 802 803 2597
2842 803 804 2598
2843 804 805 2599
2844 805 806 2600
2845 806 807 2601
2846 807 808 2602
2847 808 809 2603
2848 809 749 2604
2849 749 816 2605
2850 816 815 2606
2851 815 814 2607
2852 814 813 2608
2853 813 756 2609
2854 756 1004 2609
2855 1004 1005 2610
2856 1005 1006 2611
2857 1006 1007 2612
2858 1007 924 2613
2859 924 1002 2614
2860 1002 1001 2615
2861 1001 1000 2616
2862 1000 999 2617
2863 999 998 2618
2864 998 997 2619
2865 997 996 2620
2866 996 995 2621
2867 995 994 2622
2868 994 993 2623
2869 2633 2632 1164
2870 921 1156 2624
2871 1156 1157 2625
2872 1157 1158 2626
2873 1158 1159 2627
2874 1159 1160 2628
2875 1160 1161 2629
2876 1161 1162 2630
2877 1162 1163 2631
2878 1163 1164 2632
2879 1164 1165 2633
2880 1165 1105 2634
2881 1105 1172 2635
2882 1172 1171 2636
2883 1171 1170 2637
2884 1170 1169 2638
2885 1169 1112 2639
2886 1112 1360 2639
2887 1360 1361 2640
2888 1361 1362 2641
2889 1362 1363 2642
2890 1363 1280 2643
2891 1280 1358 2644
2892 1358 1357 2645
2893 1357 1356 2646
2894 1356 1355 2647
2895 1355 1354 2648
2896 1354 1353 2649
2897 1353 1352 2650
2898 1352 1351 2651
2899 1351 1350 2652
2900 1350 1349 2653
2901 1349 1277 2654
2902 1277 1512 2654
2903 1512 1513 2655
2904 1513 1514 2656
2905 1514 1515 2657
2906 1515 1516 2658
2907 1516 1517 2659
2908 1517 1518 2660
2909 1518 1519 2661
2910 1519 1520 2662
2911 1520 1521 2663
2912 1521 1461 2664
2913 1461 1528 2665
2914 1528 1527 2666
2915 1527 1526 2667
2916 1526 1525 2668
2917 1525 1468 2669
2918 1468 1716 2669
2919 1716 1717 2670
2920 1717 1718 2671
2921 1718 1719 2672
2922 1719 1636 2673
2923 1636 1714 2674
2924 1714 1713 2675
2925 1713 1712 2676
2926 1712 1711 2677
2927 1711 1710 2678
2928 1710 1709 2679
2929 1709 1708 2680
2930 1708 1707 2681
2931 1707 1706 2682
2932 1706 1705 2683
2933 1705 1633 2684
2934 1633 1868 2684
2935 1868 1869 2685
2936 1869 1870 2686
2937 1870 1871 2687
2938 1871 1872 2688
2939 1872 1873 2689
2940 1873 1874 2690
2941 1874 1875 2691
2942 1875 1876 2692
2943 1876 1877 2693
2944 1877 1817 2694
2945 1817 1884 2695
2946 1884 1883 2696
2947 1883 1882 2697
2948 1882 1881 2698
2949 1881 1824 2699
2950 1824 2072 2699
2951 2072 2073 2700
2952 2073 2074 2701
2953 2074 2075 2702
2954 2075 1992 2703
2955 1992 2070 2704
2956 2070 2069 2705
2957 2069 2068 2706
2958 2068 2067 2707
2959 2067 2066 2708
2960 2066 2065 2709
2961 2065 2064 2710
2962 2064 2063 2711
2963 2063 2062 2712
2964 2062 2061 2713
$EndElements
