$MeshFormat
4.1 0 8
$EndMeshFormat
$PhysicalNames
10
2 10 "stator"
2 41 "air"
2 30 "shaft"
2 50 "outair"
2 10000 "single_winding_0"
2 10001 "single_winding_1"
2 10002 "single_winding_2"
2 10003 "single_winding_3"
2 10004 "single_winding_4"
2 10005 "single_winding_5"
$EndPhysicalNames
$Entities
0 0 10 0
10 0 0 0 1 1 1 1 10 0
30 0 0 0 1 1 1 1 30 0
41 0 0 0 1 1 1 1 41 0
50 0 0 0 1 1 1 1 50 0
10000 0 0 0 1 1 1 1 10000 0
10001 0 0 0 1 1 1 1 10001 0
10002 0 0 0 1 1 1 1 10002 0
10003 0 0 0 1 1 1 1 10003 0
10004 0 0 0 1 1 1 1 10004 0
10005 0 0 0 1 1 1 1 10005 0
$EndEntities
$Nodes
1 2117 1 2117
2 1 0 2117
1
2
3
4
5
6
7
8
9
10
11
12
13
14
15
16
17
18
19
20
21
22
23
24
25
26
27
28
29
30
31
32
33
34
35
36
37
38
39
40
41
42
43
44
45
46
47
48
49
50
51
52
53
54
55
56
57
58
59
60
61
62
63
64
65
66
67
68
69
70
71
72
73
74
75
76
77
78
79
80
81
82
83
84
85
86
87
88
89
90
91
92
93
94
95
96
97
98
99
100
101
102
103
104
105
106
107
108
109
110
111
112
113
114
115
116
117
118
119
120
121
122
123
124
125
126
127
128
129
130
131
132
133
134
135
136
137
138
139
140
141
142
143
144
145
146
147
148
149
150
151
152
153
154
155
156
157
158
159
160
161
162
163
164
165
166
167
168
169
170
171
172
173
174
175
176
177
178
179
180
181
182
183
184
185
186
187
188
189
190
191
192
193
194
195
196
197
198
199
200
201
202
203
204
205
206
207
208
209
210
211
212
213
214
215
216
217
218
219
220
221
222
223
224
225
226
227
228
229
230
231
232
233
234
235
236
237
238
239
240
241
242
243
244
245
246
247
248
249
250
251
252
253
254
255
256
257
258
259
260
261
262
263
264
265
266
267
268
269
270
271
272
273
274
275
276
277
278
279
280
281
282
283
284
285
286
287
288
289
290
291
292
293
294
295
296
297
298
299
300
301
302
303
304
305
306
307
308
309
310
311
312
313
314
315
316
317
318
319
320
321
322
323
324
325
326
327
328
329
330
331
332
333
334
335
336
337
338
339
340
341
342
343
344
345
346
347
348
349
350
351
352
353
354
355
356
357
358
359
360
361
362
363
364
365
366
367
368
369
370
371
372
373
374
375
376
377
378
379
380
381
382
383
384
385
386
387
388
389
390
391
392
393
394
395
396
397
398
399
400
401
402
403
404
405
406
407
408
409
410
411
412
413
414
415
416
417
418
419
420
421
422
423
424
425
426
427
428
429
430
431
432
433
434
435
436
437
438
439
440
441
442
443
444
445
446
447
448
449
450
451
452
453
454
455
456
457
458
459
460
461
462
463
464
465
466
467
468
469
470
471
472
473
474
475
476
477
478
479
480
481
482
483
484
485
486
487
488
489
490
491
492
493
494
495
496
497
498
499
500
501
502
503
504
505
506
507
508
509
510
511
512
513
514
515
516
517
518
519
520
521
522
523
524
525
526
527
528
529
530
531
532
533
534
535
536
537
538
539
540
541
542
543
544
545
546
547
548
549
550
551
552
553
554
555
556
557
558
559
560
561
562
563
564
565
566
567
568
569
570
571
572
573
574
575
576
577
578
579
580
581
582
583
584
585
586
587
588
589
590
591
592
593
594
595
596
597
598
599
600
601
602
603
604
605
606
607
608
609
610
611
612
613
614
615
616
617
618
619
620
621
622
623
624
625
626
627
628
629
630
631
632
633
634
635
636
637
638
639
640
641
642
643
644
645
646
647
648
649
650
651
652
653
654
655
656
657
658
659
660
661
662
663
664
665
666
667
668
669
670
671
672
673
674
675
676
677
678
679
680
681
682
683
684
685
686
687
688
689
690
691
692
693
694
695
696
697
698
699
700
701
702
703
704
705
706
707
708
709
710
711
712
713
714
715
716
717
718
719
720
721
722
723
724
725
726
727
728
729
730
731
732
733
734
735
736
737
738
739
740
741
742
743
744
745
746
747
748
749
750
751
752
753
754
755
756
757
758
759
760
761
762
763
764
765
766
767
768
769
770
771
772
773
774
775
776
777
778
779
780
781
782
783
784
785
786
787
788
789
790
791
792
793
794
795
796
797
798
799
800
801
802
803
804
805
806
807
808
809
810
811
812
813
814
815
816
817
818
819
820
821
822
823
824
825
826
827
828
829
830
831
832
833
834
835
836
837
838
839
840
841
842
843
844
845
846
847
848
849
850
851
852
853
854
855
856
857
858
859
860
861
862
863
864
865
866
867
868
869
870
871
872
873
874
875
876
877
878
879
880
881
882
883
884
885
886
887
888
889
890
891
892
893
894
895
896
897
898
899
900
901
902
903
904
905
906
907
908
909
910
911
912
913
914
915
916
917
918
919
920
921
922
923
924
925
926
927
928
929
930
931
932
933
934
935
936
937
938
939
940
941
942
943
944
945
946
947
948
949
950
951
952
953
954
955
956
957
958
959
960
961
962
963
964
965
966
967
968
969
970
971
972
973
974
975
976
977
978
979
980
981
982
983
984
985
986
987
988
989
990
991
992
993
994
995
996
997
998
999
1000
1001
1002
1003
1004
1005
1006
1007
1008
1009
1010
1011
1012
1013
1014
1015
1016
1017
1018
1019
1020
1021
1022
1023
1024
1025
1026
1027
1028
1029
1030
1031
1032
1033
1034
1035
1036
1037
1038
1039
1040
1041
1042
1043
1044
1045
1046
1047
1048
1049
1050
1051
1052
1053
1054
1055
1056
1057
1058
1059
1060
1061
1062
1063
1064
1065
1066
1067
1068
1069
1070
1071
1072
1073
1074
1075
1076
1077
1078
1079
1080
1081
1082
1083
1084
1085
1086
1087
1088
1089
1090
1091
1092
1093
1094
1095
1096
1097
1098
1099
1100
1101
1102
1103
1104
1105
1106
1107
1108
1109
1110
1111
1112
1113
1114
1115
1116
1117
1118
1119
1120
1121
1122
1123
1124
1125
1126
1127
1128
1129
1130
1131
1132
1133
1134
1135
1136
1137
1138
1139
1140
1141
1142
1143
1144
1145
1146
1147
1148
1149
1150
1151
1152
1153
1154
1155
1156
1157
1158
1159
1160
1161
1162
1163
1164
1165
1166
1167
1168
1169
1170
1171
1172
1173
1174
1175
1176
1177
1178
1179
1180
1181
1182
1183
1184
1185
1186
1187
1188
1189
1190
1191
1192
1193
1194
1195
1196
1197
1198
1199
1200
1201
1202
1203
1204
1205
1206
1207
1208
1209
1210
1211
1212
1213
1214
1215
1216
1217
1218
1219
1220
1221
1222
1223
1224
1225
1226
1227
1228
1229
1230
1231
1232
1233
1234
1235
1236
1237
1238
1239
1240
1241
1242
1243
1244
1245
1246
1247
1248
1249
1250
1251
1252
1253
1254
1255
1256
1257
1258
1259
1260
1261
1262
1263
1264
1265
1266
1267
1268
1269
1270
1271
1272
1273
1274
1275
1276
1277
1278
1279
1280
1281
1282
1283
1284
1285
1286
1287
1288
1289
1290
1291
1292
1293
1294
1295
1296
1297
1298
1299
1300
1301
1302
1303
1304
1305
1306
1307
1308
1309
1310
1311
1312
1313
1314
1315
1316
1317
1318
1319
1320
1321
1322
1323
1324
1325
1326
1327
1328
1329
1330
1331
1332
1333
1334
1335
1336
1337
1338
1339
1340
1341
1342
1343
1344
1345
1346
1347
1348
1349
1350
1351
1352
1353
1354
1355
1356
1357
1358
1359
1360
1361
1362
1363
1364
1365
1366
1367
1368
1369
1370
1371
1372
1373
1374
1375
1376
1377
1378
1379
1380
1381
1382
1383
1384
1385
1386
1387
1388
1389
1390
1391
1392
1393
1394
1395
1396
1397
1398
1399
1400
1401
1402
1403
1404
1405
1406
1407
1408
1409
1410
1411
1412
1413
1414
1415
1416
1417
1418
1419
1420
1421
1422
1423
1424
1425
1426
1427
1428
1429
1430
1431
1432
1433
1434
1435
1436
1437
1438
1439
1440
1441
1442
1443
1444
1445
1446
1447
1448
1449
1450
1451
1452
1453
1454
1455
1456
1457
1458
1459
1460
1461
1462
1463
1464
1465
1466
1467
1468
1469
1470
1471
1472
1473
1474
1475
1476
1477
1478
1479
1480
1481
1482
1483
1484
1485
1486
1487
1488
1489
1490
1491
1492
1493
1494
1495
1496
1497
1498
1499
1500
1501
1502
1503
1504
1505
1506
1507
1508
1509
1510
1511
1512
1513
1514
1515
1516
1517
1518
1519
1520
1521
1522
1523
1524
1525
1526
1527
1528
1529
1530
1531
1532
1533
1534
1535
1536
1537
1538
1539
1540
1541
1542
1543
1544
1545
1546
1547
1548
1549
1550
1551
1552
1553
1554
1555
1556
1557
1558
1559
1560
1561
1562
1563
1564
1565
1566
1567
1568
1569
1570
1571
1572
1573
1574
1575
1576
1577
1578
1579
1580
1581
1582
1583
1584
1585
1586
1587
1588
1589
1590
1591
1592
1593
1594
1595
1596
1597
1598
1599
1600
1601
1602
1603
1604
1605
1606
1607
1608
1609
1610
1611
1612
1613
1614
1615
1616
1617
1618
1619
1620
1621
1622
1623
1624
1625
1626
1627
1628
1629
1630
1631
1632
1633
1634
1635
1636
1637
1638
1639
1640
1641
1642
1643
1644
1645
1646
1647
1648
1649
1650
1651
1652
1653
1654
1655
1656
1657
1658
1659
1660
1661
1662
1663
1664
1665
1666
1667
1668
1669
1670
1671
1672
1673
1674
1675
1676
1677
1678
1679
1680
1681
1682
1683
1684
1685
1686
1687
1688
1689
1690
1691
1692
1693
1694
1695
1696
1697
1698
1699
1700
1701
1702
1703
1704
1705
1706
1707
1708
1709
1710
1711
1712
1713
1714
1715
1716
1717
1718
1719
1720
1721
1722
1723
1724
1725
1726
1727
1728
1729
1730
1731
1732
1733
1734
1735
1736
1737
1738
1739
1740
1741
1742
1743
1744
1745
1746
1747
1748
1749
1750
1751
1752
1753
1754
1755
1756
1757
1758
1759
1760
1761
1762
1763
1764
1765
1766
1767
1768
1769
1770
1771
1772
1773
1774
1775
1776
1777
1778
1779
1780
1781
1782
1783
1784
1785
1786
1787
1788
1789
1790
1791
1792
1793
1794
1795
1796
1797
1798
1799
1800
1801
1802
1803
1804
1805
1806
1807
1808
1809
1810
1811
1812
1813
1814
1815
1816
1817
1818
1819
1820
1821
1822
1823
1824
1825
1826
1827
1828
1829
1830
1831
1832
1833
1834
1835
1836
1837
1838
1839
1840
1841
1842
1843
1844
1845
1846
1847
1848
1849
1850
1851
1852
1853
1854
1855
1856
1857
1858
1859
1860
1861
1862
1863
1864
1865
1866
1867
1868
1869
1870
1871
1872
1873
1874
1875
1876
1877
1878
1879
1880
1881
1882
1883
1884
1885
1886
1887
1888
1889
1890
1891
1892
1893
1894
1895
1896
1897
1898
1899
1900
1901
1902
1903
1904
1905
1906
1907
1908
1909
1910
1911
1912
1913
1914
1915
1916
1917
1918
1919
1920
1921
1922
1923
1924
1925
1926
1927
1928
1929
1930
1931
1932
1933
1934
1935
1936
1937
1938
1939
1940
1941
1942
1943
1944
1945
1946
1947
1948
1949
1950
1951
1952
1953
1954
1955
1956
1957
1958
1959
1960
1961
1962
1963
1964
1965
1966
1967
1968
1969
1970
1971
1972
1973
1974
1975
1976
1977
1978
1979
1980
1981
1982
1983
1984
1985
1986
1987
1988
1989
1990
1991
1992
1993
1994
1995
1996
1997
1998
1999
2000
2001
2002
2003
2004
2005
2006
2007
2008
2009
2010
2011
2012
2013
2014
2015
2016
2017
2018
2019
2020
2021
2022
2023
2024
2025
2026
2027
2028
2029
2030
2031
2032
2033
2034
2035
2036
2037
2038
2039
2040
2041
2042
2043
2044
2045
2046
2047
2048
2049
2050
2051
2052
2053
2054
2055
2056
2057
2058
2059
2060
2061
2062
2063
2064
2065
2066
2067
2068
2069
2070
2071
2072
2073
2074
2075
2076
2077
2078
2079
2080
2081
2082
2083
2084
2085
2086
2087
2088
2089
2090
2091
2092
2093
2094
2095
2096
2097
2098
2099
2100
2101
2102
2103
2104
2105
2106
2107
2108
2109
2110
2111
2112
2113
2114
2115
2116
2117
2.8000000000000001e-02 0.0000000000000000e+00 0.0000000000000000e+00
5.6000000000000001e-02 0.0000000000000000e+00 0.0000000000000000e+00
5.5520912236933381e-02 7.3094667643228894e-03 0.0000000000000000e+00
6.5333333333333340e-02 0.0000000000000000e+00 0.0000000000000000e+00
6.4774397609755618e-02 8.5277112250433697e-03 0.0000000000000000e+00
2.7873272289031921e-02 2.6609569522044502e-03 0.0000000000000000e+00
2.8765572664268348e-02 2.7784305252024962e-03 0.0000000000000000e+00
2.8914133361265120e-02 1.6500000000000000e-03 0.0000000000000000e+00
3.5652788167694668e-02 1.6500000000000000e-03 0.0000000000000000e+00
3.8494133361265108e-02 1.6500000000000000e-03 0.0000000000000000e+00
4.1882741990455108e-02 5.5139675888519150e-03 0.0000000000000000e+00
2.8635046472048301e-02 3.7698753865763059e-03 0.0000000000000000e+00
2.7760456118466691e-02 3.6547333821614438e-03 0.0000000000000000e+00
3.5258894231251711e-02 4.6419214877141107e-03 0.0000000000000000e+00
5.5980810198631208e-02 1.4659091052408981e-03 0.0000000000000000e+00
5.5923253946256142e-02 2.9308135496048638e-03 0.0000000000000000e+00
5.5827370689055168e-02 4.3937093607593347e-03 0.0000000000000000e+00
5.5693226140623303e-02 5.8535939429886202e-03 0.0000000000000000e+00
6.5324587676758042e-02 1.0689664662638010e-03 0.0000000000000000e+00
6.5298353048455895e-02 2.1376467443560460e-03 0.0000000000000000e+00
6.5254636472071276e-02 3.2057547227246539e-03 0.0000000000000000e+00
6.5193449651588770e-02 4.2730044430360301e-03 0.0000000000000000e+00
6.5114808968199794e-02 5.3391101767330130e-03 0.0000000000000000e+00
6.5018735475916870e-02 6.4037865015313224e-03 0.0000000000000000e+00
6.4905254895937042e-02 7.4667483778339989e-03 0.0000000000000000e+00
6.1689902485481528e-02 8.1216297381365415e-03 0.0000000000000000e+00
5.8605407361207451e-02 7.7155482512297141e-03 0.0000000000000000e+00
5.9111111111111121e-02 0.0000000000000000e+00 0.0000000000000000e+00
6.2222222222222227e-02 0.0000000000000000e+00 0.0000000000000000e+00
2.8094073875624889e-02 2.6900260325506738e-03 0.0000000000000000e+00
2.8384236090030469e-02 2.7282266127826582e-03 0.0000000000000000e+00
2.8836571436827559e-02 2.2391413065374968e-03 0.0000000000000000e+00
3.0135269703863141e-02 1.6500000000000000e-03 0.0000000000000000e+00
3.1514649319821023e-02 1.6500000000000000e-03 0.0000000000000000e+00
3.2894028935778898e-02 1.6500000000000000e-03 0.0000000000000000e+00
3.4273408551736793e-02 1.6500000000000000e-03 0.0000000000000000e+00
3.7073460764479892e-02 1.6500000000000000e-03 0.0000000000000000e+00
3.9904703587616067e-02 1.9546539689827601e-03 0.0000000000000000e+00
4.1063808144653040e-02 2.8143044968956320e-03 0.0000000000000000e+00
4.1764810738914589e-02 4.0756996638133224e-03 0.0000000000000000e+00
2.8282242530133669e-02 0.0000000000000000e+00 0.0000000000000000e+00
2.8676459394140871e-02 0.0000000000000000e+00 0.0000000000000000e+00
2.9227927357237692e-02 0.0000000000000000e+00 0.0000000000000000e+00
2.9999542067850840e-02 0.0000000000000000e+00 0.0000000000000000e+00
3.1075614496911291e-02 0.0000000000000000e+00 0.0000000000000000e+00
3.2497831036576351e-02 0.0000000000000000e+00 0.0000000000000000e+00
3.3966716596790333e-02 0.0000000000000000e+00 0.0000000000000000e+00
3.5435602157004302e-02 0.0000000000000000e+00 0.0000000000000000e+00
3.6904487717218271e-02 0.0000000000000000e+00 0.0000000000000000e+00
3.8373373277432253e-02 0.0000000000000000e+00 0.0000000000000000e+00
3.9842258837646208e-02 0.0000000000000000e+00 0.0000000000000000e+00
4.1311144397860183e-02 0.0000000000000000e+00 0.0000000000000000e+00
4.2780029958074159e-02 0.0000000000000000e+00 0.0000000000000000e+00
4.4248915518288127e-02 0.0000000000000000e+00 0.0000000000000000e+00
4.5717801078502110e-02 0.0000000000000000e+00 0.0000000000000000e+00
4.7186686638716079e-02 0.0000000000000000e+00 0.0000000000000000e+00
4.8655572198930061e-02 0.0000000000000000e+00 0.0000000000000000e+00
5.0124457759144037e-02 0.0000000000000000e+00 0.0000000000000000e+00
5.1593343319358040e-02 0.0000000000000000e+00 0.0000000000000000e+00
5.3062228879572029e-02 0.0000000000000000e+00 0.0000000000000000e+00
5.4531114439786012e-02 0.0000000000000000e+00 0.0000000000000000e+00
4.3246559015102937e-02 5.6935175063990116e-03 0.0000000000000000e+00
4.4610376039750772e-02 5.8730674239461092e-03 0.0000000000000000e+00
4.5974193064398587e-02 6.0526173414932067e-03 0.0000000000000000e+00
4.7338010089046423e-02 6.2321672590403034e-03 0.0000000000000000e+00
4.8701827113694238e-02 6.4117171765874018e-03 0.0000000000000000e+00
5.0065644138342080e-02 6.5912670941344984e-03 0.0000000000000000e+00
5.1429461162989909e-02 6.7708170116815968e-03 0.0000000000000000e+00
5.2793278187637731e-02 6.9503669292286926e-03 0.0000000000000000e+00
5.4157095212285560e-02 7.1299168467757919e-03 0.0000000000000000e+00
2.7998951879090909e-02 2.4226776994006429e-04 0.0000000000000000e+00
2.7995807594832021e-02 4.8451740231476783e-04 0.0000000000000000e+00
2.7990567382622629e-02 7.2673076091658850e-04 0.0000000000000000e+00
2.7983231634775299e-02 9.6888971225370937e-04 0.0000000000000000e+00
2.7973800900486519e-02 1.2109761269075560e-03 0.0000000000000000e+00
2.7962275885795539e-02 1.4529718808900310e-03 0.0000000000000000e+00
2.7948657453531599e-02 1.6948588570004570e-03 0.0000000000000000e+00
2.7932946623249209e-02 1.9366189461818969e-03 0.0000000000000000e+00
2.7915144571151941e-02 2.1782340488768642e-03 0.0000000000000000e+00
2.7895252630004280e-02 2.4196860763824502e-03 0.0000000000000000e+00
2.8699417927574900e-02 3.2809256385180588e-03 0.0000000000000000e+00
2.8262419254957601e-02 3.7208180827772741e-03 0.0000000000000000e+00
2.7977825050881529e-02 3.6833505450117642e-03 0.0000000000000000e+00
2.7785858214369800e-02 3.4563106473432898e-03 0.0000000000000000e+00
2.7809842067327221e-02 3.2577114958690120e-03 0.0000000000000000e+00
2.7832406453157599e-02 3.0589460646162779e-03 0.0000000000000000e+00
2.7853550220131831e-02 2.8600244989499929e-03 0.0000000000000000e+00
4.0113741208203893e-02 5.2810742176344827e-03 0.0000000000000000e+00
3.7736483184561638e-02 4.9681022614123053e-03 0.0000000000000000e+00
3.2918265249882832e-02 4.3337718363914554e-03 0.0000000000000000e+00
3.1011598842593711e-02 4.0827544418058559e-03 0.0000000000000000e+00
2.9632588288221191e-02 3.9012042581233340e-03 0.0000000000000000e+00
5.1562598150673593e-02 5.3815821463847977e-03 0.0000000000000000e+00
4.8794993467537622e-02 4.9392859124373772e-03 0.0000000000000000e+00
4.6046839685979828e-02 4.7667398226896819e-03 0.0000000000000000e+00
5.0198597126657328e-02 1.4449373932107540e-03 0.0000000000000000e+00
2.8792998150859912e-02 4.3492925991191938e-04 0.0000000000000000e+00
4.5651840890490930e-02 1.5227805945389041e-03 0.0000000000000000e+00
4.3322134462327730e-02 4.1406145165026886e-03 0.0000000000000000e+00
4.2810714139375268e-02 1.2052183193149470e-03 0.0000000000000000e+00
5.4406135497903102e-02 4.2844059942685024e-03 0.0000000000000000e+00
5.3049841870988608e-02 1.4079955315348159e-03 0.0000000000000000e+00
2.8275739043159231e-02 2.0348834621531542e-03 0.0000000000000000e+00
2.8241556829259721e-02 1.1325712252746390e-03 0.0000000000000000e+00
2.8360323328741392e-02 2.4130932926967942e-03 0.0000000000000000e+00
5.2923315460127629e-02 5.5478201421399146e-03 0.0000000000000000e+00
4.7213959134900459e-02 1.5866556649445729e-03 0.0000000000000000e+00
5.4505168124932168e-02 1.4389024172504919e-03 0.0000000000000000e+00
2.8284344471482589e-02 3.9162206581747771e-04 0.0000000000000000e+00
5.4296687075770747e-02 5.7036567323280607e-03 0.0000000000000000e+00
2.9301970608680589e-02 7.1421783762430201e-04 0.0000000000000000e+00
4.1492250833784543e-02 1.2896324873536359e-03 0.0000000000000000e+00
2.8096873011352930e-02 2.4391661788397321e-03 0.0000000000000000e+00
2.8287169707139351e-02 1.5886158786119610e-03 0.0000000000000000e+00
2.8275899274312701e-02 7.5533787507475660e-04 0.0000000000000000e+00
4.2325959359028158e-02 2.4611035682897248e-03 0.0000000000000000e+00
4.4739458913053920e-02 4.5822570294659238e-03 0.0000000000000000e+00
4.3861763426947802e-02 2.7574581381069950e-03 0.0000000000000000e+00
4.5519044133773917e-02 3.2462391103992550e-03 0.0000000000000000e+00
2.8580700066937088e-02 9.6678751710111343e-04 0.0000000000000000e+00
5.1622461706018558e-02 1.3854053119791169e-03 0.0000000000000000e+00
4.8746736928392327e-02 1.5477606856732389e-03 0.0000000000000000e+00
5.4467767422254183e-02 2.8635079976531671e-03 0.0000000000000000e+00
5.0197408182458922e-02 5.1764164653178750e-03 0.0000000000000000e+00
4.7344029645210881e-02 4.7737273171635317e-03 0.0000000000000000e+00
4.4126931210500542e-02 1.3914440088922521e-03 0.0000000000000000e+00
5.3003612897169240e-02 4.1590988296022870e-03 0.0000000000000000e+00
4.2472658952354428e-02 3.3666357241317899e-03 0.0000000000000000e+00
3.0109074337772580e-02 8.8245141206416276e-04 0.0000000000000000e+00
5.1641509716925361e-02 4.0379675222928426e-03 0.0000000000000000e+00
4.8998763077329630e-02 3.2624011931006729e-03 0.0000000000000000e+00
4.7282717663789373e-02 3.2080556072392871e-03 0.0000000000000000e+00
5.3039417833143511e-02 2.7858503960856871e-03 0.0000000000000000e+00
5.0393414670398373e-02 2.6940322272364708e-03 0.0000000000000000e+00
5.1663308413536772e-02 2.7229315973560379e-03 0.0000000000000000e+00
5.0402430900830568e-02 3.9382188664567556e-03 0.0000000000000000e+00
6.1283435859023502e-02 4.1433721806765607e-03 0.0000000000000000e+00
6.3968779291028233e-02 3.4918995006781271e-03 0.0000000000000000e+00
6.3207699996504246e-02 6.3769059923355466e-03 0.0000000000000000e+00
6.4136481778159782e-02 1.8764139624896431e-03 0.0000000000000000e+00
5.7161992473144588e-02 5.1606910448296029e-03 0.0000000000000000e+00
5.7959302164204800e-02 2.8398345121335359e-03 0.0000000000000000e+00
2.7995592619199511e-02 3.2272302926513890e-03 0.0000000000000000e+00
2.8031315222381580e-02 2.9098420064423420e-03 0.0000000000000000e+00
2.8281060710661481e-02 3.4309072101676190e-03 0.0000000000000000e+00
2.8251060285476630e-02 3.0815393411236670e-03 0.0000000000000000e+00
2.8013941827942181e-02 3.4432484759863709e-03 0.0000000000000000e+00
3.1098698433157771e-02 2.9002022458796020e-03 0.0000000000000000e+00
3.9617773303914187e-02 3.3566459964660968e-03 0.0000000000000000e+00
3.7712323188453717e-02 3.0678511159724121e-03 0.0000000000000000e+00
3.5486978113836359e-02 3.0825225419456779e-03 0.0000000000000000e+00
3.3330622179905137e-02 2.8087251909415332e-03 0.0000000000000000e+00
2.9783348731765660e-02 2.4763855642530651e-03 0.0000000000000000e+00
2.9296896984369540e-02 3.0753370492000061e-03 0.0000000000000000e+00
2.7045923136093913e-02 7.2469332628705809e-03 0.0000000000000000e+00
5.4091846272187827e-02 1.4493866525741162e-02 0.0000000000000000e+00
6.3107153984219136e-02 1.6909510946698025e-02 0.0000000000000000e+00
2.7612219904591818e-02 4.6438466749520700e-03 0.0000000000000000e+00
2.8504520279828246e-02 4.7613202479501165e-03 0.0000000000000000e+00
2.8355959582831488e-02 5.8897507731526140e-03 0.0000000000000000e+00
3.4865000294808747e-02 7.6338429754282218e-03 0.0000000000000000e+00
3.7609528998680745e-02 8.3692372252347595e-03 0.0000000000000000e+00
5.4452715542269887e-02 1.3072940375930700e-02 0.0000000000000000e+00
5.4776265641093128e-02 1.1643054685794515e-02 0.0000000000000000e+00
5.5062274823581461e-02 1.0205189427560239e-02 0.0000000000000000e+00
5.5310547073327714e-02 8.7603300422529010e-03 0.0000000000000000e+00
6.3375375208710213e-02 1.5874705087013240e-02 0.0000000000000000e+00
6.3626629312785801e-02 1.4835649184912380e-02 0.0000000000000000e+00
6.3860849029646713e-02 1.3792621420785715e-02 0.0000000000000000e+00
6.4077971653011073e-02 1.2745901038387030e-02 0.0000000000000000e+00
6.4277939053902403e-02 1.1695768270073315e-02 0.0000000000000000e+00
6.4460697696212099e-02 1.0642504261779769e-02 0.0000000000000000e+00
6.4626198651032377e-02 9.5863909977502680e-03 0.0000000000000000e+00
5.7096948842864939e-02 1.5299081332726784e-02 0.0000000000000000e+00
6.0102051413542031e-02 1.6104296139712402e-02 0.0000000000000000e+00
2.7833021491184787e-02 4.6729157552982941e-03 0.0000000000000000e+00
2.8123183705590367e-02 4.7111163355302776e-03 0.0000000000000000e+00
2.8433521507269053e-02 5.3006094666151176e-03 0.0000000000000000e+00
2.9535486713567091e-02 6.2058041152838186e-03 0.0000000000000000e+00
3.0867865108877506e-02 6.5628138303199203e-03 0.0000000000000000e+00
3.2200243504187910e-02 6.9198235453560185e-03 0.0000000000000000e+00
3.3532621899498342e-02 7.2768332603921236e-03 0.0000000000000000e+00
3.6237264646744753e-02 8.0015401003314911e-03 0.0000000000000000e+00
3.9050885459446370e-02 8.4400465275470439e-03 0.0000000000000000e+00
4.0392988415214021e-02 7.9096862156792600e-03 0.0000000000000000e+00
4.1396578017905458e-02 6.8727048688584161e-03 0.0000000000000000e+00
2.7318548485227193e-02 7.3199830050070967e-03 0.0000000000000000e+00
2.7699332735330436e-02 7.4220138373127503e-03 0.0000000000000000e+00
2.8232009883256682e-02 7.5647442489261019e-03 0.0000000000000000e+00
2.8977332460182487e-02 7.7644528315140545e-03 0.0000000000000000e+00
3.0016738610369589e-02 8.0429608700646315e-03 0.0000000000000000e+00
3.1390494296607542e-02 8.4110575967897526e-03 0.0000000000000000e+00
3.2809328795081312e-02 8.7912331548492175e-03 0.0000000000000000e+00
3.4228163293555075e-02 9.1714087129086772e-03 0.0000000000000000e+00
3.5646997792028831e-02 9.5515842709681387e-03 0.0000000000000000e+00
3.7065832290502601e-02 9.9317598290276018e-03 0.0000000000000000e+00
3.8484666788976350e-02 1.0311935387087060e-02 0.0000000000000000e+00
3.9903501287450113e-02 1.0692110945146521e-02 0.0000000000000000e+00
4.1322335785923876e-02 1.1072286503205984e-02 0.0000000000000000e+00
4.2741170284397639e-02 1.1452462061265444e-02 0.0000000000000000e+00
4.4160004782871409e-02 1.1832637619324909e-02 0.0000000000000000e+00
4.5578839281345165e-02 1.2212813177384369e-02 0.0000000000000000e+00
4.6997673779818942e-02 1.2592988735443834e-02 0.0000000000000000e+00
4.8416508278292705e-02 1.2973164293503297e-02 0.0000000000000000e+00
4.9835342776766496e-02 1.3353339851562765e-02 0.0000000000000000e+00
5.1254177275240273e-02 1.3733515409622232e-02 0.0000000000000000e+00
5.2673011773714050e-02 1.4113690967681695e-02 0.0000000000000000e+00
2.7107614241913752e-02 7.0126492933551710e-03 0.0000000000000000e+00
2.7167275915070555e-02 6.7778403163859966e-03 0.0000000000000000e+00
2.7224903688946665e-02 6.5425239111201131e-03 0.0000000000000000e+00
2.7280493249193887e-02 6.3067176947035515e-03 0.0000000000000000e+00
2.7334040434056486e-02 6.0704393209524386e-03 0.0000000000000000e+00
2.7385541234682717e-02 5.8337064790313590e-03 0.0000000000000000e+00
2.7434991795425044e-02 5.5965368921289853e-03 0.0000000000000000e+00
2.7482388414128679e-02 5.3589483161312285e-03 0.0000000000000000e+00
2.7527727542408845e-02 5.1209585382919936e-03 0.0000000000000000e+00
2.7571005785916362e-02 4.8825853759014159e-03 0.0000000000000000e+00
2.8570675016521708e-02 4.2588251346345560e-03 0.0000000000000000e+00
2.7733637076189109e-02 3.8529695724504515e-03 0.0000000000000000e+00
2.7705402456431862e-02 4.0510090998588707e-03 0.0000000000000000e+00
2.7675753700343548e-02 4.2488418560733135e-03 0.0000000000000000e+00
2.7644692321252950e-02 4.4464577433343758e-03 0.0000000000000000e+00
5.1198501176568663e-02 8.1471732348731077e-03 0.0000000000000000e+00
4.8410725647246342e-02 7.8580897888027960e-03 0.0000000000000000e+00
4.5711554720841027e-02 7.3134819755776162e-03 0.0000000000000000e+00
4.8862098724462261e-02 1.1596650628334520e-02 0.0000000000000000e+00
2.7924468505946525e-02 7.0320668822864939e-03 0.0000000000000000e+00
4.4490416753143740e-02 1.0344672762412122e-02 0.0000000000000000e+00
4.2917638422428891e-02 7.2130669751452985e-03 0.0000000000000000e+00
4.1663907883646316e-02 9.9160766527670759e-03 0.0000000000000000e+00
5.3661177254275154e-02 9.9429256371139970e-03 0.0000000000000000e+00
5.1606628402719547e-02 1.2370290168679909e-02 0.0000000000000000e+00
2.7838933193767044e-02 5.3527532891362896e-03 0.0000000000000000e+00
2.7572380119028551e-02 6.2154729741529463e-03 0.0000000000000000e+00
2.8018523246898751e-02 5.0093226700828304e-03 0.0000000000000000e+00
5.2555878727369984e-02 8.3387792161500728e-03 0.0000000000000000e+00
4.6015839193864490e-02 1.0687280134606555e-02 0.0000000000000000e+00
5.3020364907728171e-02 1.2717102560915275e-02 0.0000000000000000e+00
2.7421938053777416e-02 6.9422491599421066e-03 0.0000000000000000e+00
5.3922787317476545e-02 8.5437073591381751e-03 0.0000000000000000e+00
2.8488383350816902e-02 6.8940265976031928e-03 0.0000000000000000e+00
4.0412218120126679e-02 9.4932954139980985e-03 0.0000000000000000e+00
2.7770797940883767e-02 4.9159522364130345e-03 0.0000000000000000e+00
2.7734471817484729e-02 5.7867731470505656e-03 0.0000000000000000e+00
2.7507917198163576e-02 6.5887408884836591e-03 0.0000000000000000e+00
4.1520717742789953e-02 8.5775208865685407e-03 0.0000000000000000e+00
4.4400974207098119e-02 7.1533036268243127e-03 0.0000000000000000e+00
4.3080892762885223e-02 8.6887596961667830e-03 0.0000000000000000e+00
4.4808208823532134e-02 8.6455693416385739e-03 0.0000000000000000e+00
2.7857059350069383e-02 6.4633844683843582e-03 0.0000000000000000e+00
5.0222038258388162e-02 1.2022677473874475e-02 0.0000000000000000e+00
4.7486322089166366e-02 1.1121561884463629e-02 0.0000000000000000e+00
5.3352953659057692e-02 1.1331359224375526e-02 0.0000000000000000e+00
4.9826728142817814e-02 7.9920109009269727e-03 0.0000000000000000e+00
4.6966352500712551e-02 7.6424700407690324e-03 0.0000000000000000e+00
4.2983474700798725e-02 1.0076858495182148e-02 0.0000000000000000e+00
5.2274012571568787e-02 9.7009635034275080e-03 0.0000000000000000e+00
4.1896787636574569e-02 7.7408126393671067e-03 0.0000000000000000e+00
2.9311527740331779e-02 6.9404192596650800e-03 0.0000000000000000e+00
5.0926970842410900e-02 9.4654291170880311e-03 0.0000000000000000e+00
4.8173542274151548e-02 9.5305755027468957e-03 0.0000000000000000e+00
4.6501904017489937e-02 9.1389240723901699e-03 0.0000000000000000e+00
5.1953174635683670e-02 1.1036686630611019e-02 0.0000000000000000e+00
4.9373567553560968e-02 1.0440540159305100e-02 0.0000000000000000e+00
5.0607670424079654e-02 1.0741298197323869e-02 0.0000000000000000e+00
4.9704295761283504e-02 9.2410817239093109e-03 0.0000000000000000e+00
6.0267637051267454e-02 1.1859130152390896e-02 0.0000000000000000e+00
6.2692866087748961e-02 1.3183422461966925e-02 0.0000000000000000e+00
6.2704414566599739e-02 1.0199738366407408e-02 0.0000000000000000e+00
6.2436735826831367e-02 1.4787266262880384e-02 0.0000000000000000e+00
5.6549929940243618e-02 9.8097675463571302e-03 0.0000000000000000e+00
5.6719390090776894e-02 1.2257901743291151e-02 0.0000000000000000e+00
2.7876934595822390e-02 4.1285274617259907e-03 0.0000000000000000e+00
2.7829293847654875e-02 4.4443466943810944e-03 0.0000000000000000e+00
2.8205391063247934e-02 4.0056752457175420e-03 0.0000000000000000e+00
2.8085989819506774e-02 4.3353740119036590e-03 0.0000000000000000e+00
2.7950568190374444e-02 3.9246190441798489e-03 0.0000000000000000e+00
3.0789663556445218e-02 5.2475551816444851e-03 0.0000000000000000e+00
3.9136594325868863e-02 7.0115631979108016e-03 0.0000000000000000e+00
3.7221325233440225e-02 6.7973508521057486e-03 0.0000000000000000e+00
3.5075604197922841e-02 6.2072176556136217e-03 0.0000000000000000e+00
3.2921860341728504e-02 5.9135796043968238e-03 0.0000000000000000e+00
2.9409441480431866e-02 5.3164931063494972e-03 0.0000000000000000e+00
2.9094585225775210e-02 4.6120474215955425e-03 0.0000000000000000e+00
5.1737253820632059e-02 2.1430272212445027e-02 0.0000000000000000e+00
6.0360129457404071e-02 2.5001984247852532e-02 0.0000000000000000e+00
2.6234807229734876e-02 9.7844207605075183e-03 0.0000000000000000e+00
2.7066298808995037e-02 1.0128835849636099e-02 0.0000000000000000e+00
2.7501856733993166e-02 9.0773059999065386e-03 0.0000000000000000e+00
3.4010897445970432e-02 1.0821398202182147e-02 0.0000000000000000e+00
3.6755426149842431e-02 1.1556792451988686e-02 0.0000000000000000e+00
3.9028502338309304e-02 1.6166134987637765e-02 0.0000000000000000e+00
2.6683615376629950e-02 1.1052715382147386e-02 0.0000000000000000e+00
2.5868626910316030e-02 1.0715136106222512e-02 0.0000000000000000e+00
3.2856058857469631e-02 1.3609425184892578e-02 0.0000000000000000e+00
5.3693905152618814e-02 1.5904859303419665e-02 0.0000000000000000e+00
5.3259164912528606e-02 1.7304951684997065e-02 0.0000000000000000e+00
5.2787923501161987e-02 1.8693184117091189e-02 0.0000000000000000e+00
5.2280503883843289e-02 2.0068605174536836e-02 0.0000000000000000e+00
6.2822037448620180e-02 1.7939789721415578e-02 0.0000000000000000e+00
6.2520101934504316e-02 1.8965265580624880e-02 0.0000000000000000e+00
6.2201428277309727e-02 1.9985663979641504e-02 0.0000000000000000e+00
6.1866101793680239e-02 2.1000711733139905e-02 0.0000000000000000e+00
6.1514212258624031e-02 2.2010137088291734e-02 0.0000000000000000e+00
6.1145853881478605e-02 2.3013669797520619e-02 0.0000000000000000e+00
6.0761125280688791e-02 2.4011041190854000e-02 0.0000000000000000e+00
5.7485837578480060e-02 2.3811413569383356e-02 0.0000000000000000e+00
5.4611545699556056e-02 2.2620842890914192e-02 0.0000000000000000e+00
2.6440561553093413e-02 9.8696469917595210e-03 0.0000000000000000e+00
2.6710949692102984e-02 9.9816454260421086e-03 0.0000000000000000e+00
2.7274456677653759e-02 9.6262983000055483e-03 0.0000000000000000e+00
2.8681383864728769e-02 9.3933593420377440e-03 0.0000000000000000e+00
3.0013762260039184e-02 9.7503690570738457e-03 0.0000000000000000e+00
3.1346140655349596e-02 1.0107378772109944e-02 0.0000000000000000e+00
3.2678519050660028e-02 1.0464388487146049e-02 0.0000000000000000e+00
3.5383161797906439e-02 1.1189095327085417e-02 0.0000000000000000e+00
3.8039082111930432e-02 1.2216148027744803e-02 0.0000000000000000e+00
3.8936197210185500e-02 1.3346505008865169e-02 0.0000000000000000e+00
3.9286840627679800e-02 1.4746351999808338e-02 0.0000000000000000e+00
4.0299377486541582e-02 1.6692548710118493e-02 0.0000000000000000e+00
4.1570252634773867e-02 1.7218962432599221e-02 0.0000000000000000e+00
4.2841127783006132e-02 1.7745376155079942e-02 0.0000000000000000e+00
4.4112002931238417e-02 1.8271789877560670e-02 0.0000000000000000e+00
4.5382878079470675e-02 1.8798203600041394e-02 0.0000000000000000e+00
4.6653753227702960e-02 1.9324617322522122e-02 0.0000000000000000e+00
4.7924628375935238e-02 1.9851031045002850e-02 0.0000000000000000e+00
4.9195503524167510e-02 2.0377444767483575e-02 0.0000000000000000e+00
5.0466378672399788e-02 2.0903858489964299e-02 0.0000000000000000e+00
2.6982207216163744e-02 7.4806746850803046e-03 0.0000000000000000e+00
2.6916471252265230e-02 7.7138560607506465e-03 0.0000000000000000e+00
2.6848720165772548e-02 7.9464599325761911e-03 0.0000000000000000e+00
2.6778959028923566e-02 8.1784688864868348e-03 0.0000000000000000e+00
2.6707193064440162e-02 8.4098655529514718e-03 0.0000000000000000e+00
2.6633427645137174e-02 8.6406326082783293e-03 0.0000000000000000e+00
2.6557668293520229e-02 8.8707527759120091e-03 0.0000000000000000e+00
2.6479920681372185e-02 9.1002088277268561e-03 0.0000000000000000e+00
2.6400190629328631e-02 9.3289835853167299e-03 0.0000000000000000e+00
2.6318484106442018e-02 9.5570599212811604e-03 0.0000000000000000e+00
2.6872342934894464e-02 1.0597086751391645e-02 0.0000000000000000e+00
2.6336382088588389e-02 1.0908886644933167e-02 0.0000000000000000e+00
2.6071182509205943e-02 1.0799037382417319e-02 0.0000000000000000e+00
2.5944519033542980e-02 1.0530049008343995e-02 0.0000000000000000e+00
2.6019086899271217e-02 1.0344424436776216e-02 0.0000000000000000e+00
2.6092326701415352e-02 1.0158271866149657e-02 0.0000000000000000e+00
2.6164234701676847e-02 9.9716007980448773e-03 0.0000000000000000e+00
3.7380056035956497e-02 1.5483326172359450e-02 0.0000000000000000e+00
3.5164804218020825e-02 1.4565738825298845e-02 0.0000000000000000e+00
3.0674939873108768e-02 1.2705976120420875e-02 0.0000000000000000e+00
2.8898209630561181e-02 1.1970030357279227e-02 0.0000000000000000e+00
2.7613176366546456e-02 1.1437752151223762e-02 0.0000000000000000e+00
4.8412789272032485e-02 1.8543591597851575e-02 0.0000000000000000e+00
4.5853963120555591e-02 1.7400057441300854e-02 0.0000000000000000e+00
4.3244108622519623e-02 1.6522116179450694e-02 0.0000000000000000e+00
4.8114144091774794e-02 1.4388055319280661e-02 0.0000000000000000e+00
2.7699332554471424e-02 7.8722856918019210e-03 0.0000000000000000e+00
4.3702167514385319e-02 1.3286458970486022e-02 0.0000000000000000e+00
4.0774298631831171e-02 1.5212119971540039e-02 0.0000000000000000e+00
4.1040040974555998e-02 1.2244379654653102e-02 0.0000000000000000e+00
5.1443405517738981e-02 1.8219762437457279e-02 0.0000000000000000e+00
5.0877796284758629e-02 1.5090328663098077e-02 0.0000000000000000e+00
2.6785600004628259e-02 9.2838462683007810e-03 0.0000000000000000e+00
2.6986118112956203e-02 8.4034325673622030e-03 0.0000000000000000e+00
2.6769414243380588e-02 9.6710609354043499e-03 0.0000000000000000e+00
4.9684115704191623e-02 1.9056344725949338e-02 0.0000000000000000e+00
4.5194525785649566e-02 1.3752463503002191e-02 0.0000000000000000e+00
5.2275534208471211e-02 1.5496848573579315e-02 0.0000000000000000e+00
2.7219219555545505e-02 7.6988048949776641e-03 0.0000000000000000e+00
5.0970357339369124e-02 1.9562326043224554e-02 0.0000000000000000e+00
2.8118676993358682e-02 8.2737895075184840e-03 0.0000000000000000e+00
3.9744655222306559e-02 1.1984674065910673e-02 0.0000000000000000e+00
2.6508192618376440e-02 9.6280594499172697e-03 0.0000000000000000e+00
2.6912143728010630e-02 8.8557433574589506e-03 0.0000000000000000e+00
2.7116925543050348e-02 8.0479416107016866e-03 0.0000000000000000e+00
4.0246756791903648e-02 1.3332007882134995e-02 0.0000000000000000e+00
4.2029023429536745e-02 1.6005544441735842e-02 0.0000000000000000e+00
4.1653527398455167e-02 1.4015759757183813e-02 0.0000000000000000e+00
4.3127831810076150e-02 1.4916821731727155e-02 0.0000000000000000e+00
2.7356613306083088e-02 8.3310745309880582e-03 0.0000000000000000e+00
4.9504899698535366e-02 1.4699075015311860e-02 0.0000000000000000e+00
4.6685142203740024e-02 1.4111605922876944e-02 0.0000000000000000e+00
5.1870692847865649e-02 1.6863231881812508e-02 0.0000000000000000e+00
4.7147217809604736e-02 1.7992079603883986e-02 0.0000000000000000e+00
4.4495289409096382e-02 1.6864603047388797e-02 0.0000000000000000e+00
4.2263210281408496e-02 1.2764921903230591e-02 0.0000000000000000e+00
5.0121104596439439e-02 1.7735725450630482e-02 0.0000000000000000e+00
4.0154088749918916e-02 1.4244653426659697e-02 0.0000000000000000e+00
2.8854737276692147e-02 8.6451844783811422e-03 0.0000000000000000e+00
4.8836765045861256e-02 1.7266183348086304e-02 0.0000000000000000e+00
4.6484799151072273e-02 1.5833050639011314e-02 0.0000000000000000e+00
4.4841292239687011e-02 1.5336411598797943e-02 0.0000000000000000e+00
5.0511112357056916e-02 1.6418536322124609e-02 0.0000000000000000e+00
4.7979033856503442e-02 1.5645010769590635e-02 0.0000000000000000e+00
4.9198177312265307e-02 1.6001598103533358e-02 0.0000000000000000e+00
4.7665723668441365e-02 1.6849136349288189e-02 0.0000000000000000e+00
5.8122869788653338e-02 1.9863510546877187e-02 0.0000000000000000e+00
6.0885325899030000e-02 1.9929254282988734e-02 0.0000000000000000e+00
5.9403485127310078e-02 2.2518974746036254e-02 0.0000000000000000e+00
6.1465432486854148e-02 1.8412219677236691e-02 0.0000000000000000e+00
5.3878559683659760e-02 1.9779457069756388e-02 0.0000000000000000e+00
5.5249383577417724e-02 1.7744040738604749e-02 0.0000000000000000e+00
2.6206397270482469e-02 1.0363057635834800e-02 0.0000000000000000e+00
2.6323048788641654e-02 1.0065729783268014e-02 0.0000000000000000e+00
2.6429422807306060e-02 1.0633679009522100e-02 0.0000000000000000e+00
2.6490867680075816e-02 1.0288450880537958e-02 0.0000000000000000e+00
2.6168211625163442e-02 1.0576464302751269e-02 0.0000000000000000e+00
2.9288408404679729e-02 1.0850315683157818e-02 0.0000000000000000e+00
3.7399066502763749e-02 1.3496105313303617e-02 0.0000000000000000e+00
3.5633288640734867e-02 1.2723984100360734e-02 0.0000000000000000e+00
3.3479973116296094e-02 1.2162193922380738e-02 0.0000000000000000e+00
3.1467957197978735e-02 1.1339620006155068e-02 0.0000000000000000e+00
2.8127569986340573e-02 1.0100502651072422e-02 0.0000000000000000e+00
2.7502673628890514e-02 1.0553142382327345e-02 0.0000000000000000e+00
2.4248711305964284e-02 1.4000000000000000e-02 0.0000000000000000e+00
4.8497422611928569e-02 2.8000000000000001e-02 0.0000000000000000e+00
5.6580326380583336e-02 3.2666666666666670e-02 0.0000000000000000e+00
2.5469440365004700e-02 1.1632179825530092e-02 0.0000000000000000e+00
2.6300931944264857e-02 1.1976594914658672e-02 0.0000000000000000e+00
2.5865374019266738e-02 1.3028124764388235e-02 0.0000000000000000e+00
3.1701220268968835e-02 1.6397452167603008e-02 0.0000000000000000e+00
3.4161897387521643e-02 1.7818124764388227e-02 0.0000000000000000e+00
4.9213758309070064e-02 2.6720890574538067e-02 0.0000000000000000e+00
4.9896365354548611e-02 2.5423467985414616e-02 0.0000000000000000e+00
5.0544775923592210e-02 2.4108621421264510e-02 0.0000000000000000e+00
5.1158545627985663e-02 2.2777252012244783e-02 0.0000000000000000e+00
5.7107235652948257e-02 3.1736541722800882e-02 0.0000000000000000e+00
5.7618855937425870e-02 3.0797920139298510e-02 0.0000000000000000e+00
5.8115050260894613e-02 2.9851053207854146e-02 0.0000000000000000e+00
5.8595685780135659e-02 2.8896194427641405e-02 0.0000000000000000e+00
5.9060633817398310e-02 2.7933599437445077e-02 0.0000000000000000e+00
5.9509769894850163e-02 2.6963525947220429e-02 0.0000000000000000e+00
5.9942973767902794e-02 2.5986233669098028e-02 0.0000000000000000e+00
5.1191723868146834e-02 2.9555555555555561e-02 0.0000000000000000e+00
5.3886025124365071e-02 3.1111111111111110e-02 0.0000000000000000e+00
2.5675194688363233e-02 1.1717406056782094e-02 0.0000000000000000e+00
2.5945582827372804e-02 1.1829404491064680e-02 0.0000000000000000e+00
2.6092774075606149e-02 1.2479132464289227e-02 0.0000000000000000e+00
2.6922909113441040e-02 1.3638692935687246e-02 0.0000000000000000e+00
2.8117486902322988e-02 1.4328382743666188e-02 0.0000000000000000e+00
2.9312064691204929e-02 1.5018072551645122e-02 0.0000000000000000e+00
3.0506642480086891e-02 1.5707762359624074e-02 0.0000000000000000e+00
3.2931558828245243e-02 1.7107788465995619e-02 0.0000000000000000e+00
3.5535814021854926e-02 1.8259571801060880e-02 0.0000000000000000e+00
3.6969453277847689e-02 1.8094644884030120e-02 0.0000000000000000e+00
3.8207236916055834e-02 1.7352745922399260e-02 0.0000000000000000e+00
2.4493140507088434e-02 1.4141121265066833e-02 0.0000000000000000e+00
2.4834542325918908e-02 1.4338229697070434e-02 0.0000000000000000e+00
2.5312127591334013e-02 1.4613963678618844e-02 0.0000000000000000e+00
2.5980365532658777e-02 1.4999771033925418e-02 0.0000000000000000e+00
2.6912271592537160e-02 1.5537807248455646e-02 0.0000000000000000e+00
2.8143947245569501e-02 1.6248915518288175e-02 0.0000000000000000e+00
2.9416039455966946e-02 1.6983358298395167e-02 0.0000000000000000e+00
3.0688131666364377e-02 1.7717801078502151e-02 0.0000000000000000e+00
3.1960223876761812e-02 1.8452243858609135e-02 0.0000000000000000e+00
3.3232316087159257e-02 1.9186686638716123e-02 0.0000000000000000e+00
3.4504408297556681e-02 1.9921129418823104e-02 0.0000000000000000e+00
3.5776500507954119e-02 2.0655572198930092e-02 0.0000000000000000e+00
3.7048592718351550e-02 2.1390014979037076e-02 0.0000000000000000e+00
3.8320684928748995e-02 2.2124457759144064e-02 0.0000000000000000e+00
3.9592777139146440e-02 2.2858900539251055e-02 0.0000000000000000e+00
4.0864869349543871e-02 2.3593343319358036e-02 0.0000000000000000e+00
4.2136961559941323e-02 2.4327786099465031e-02 0.0000000000000000e+00
4.3409053770338754e-02 2.5062228879572018e-02 0.0000000000000000e+00
4.4681145980736220e-02 2.5796671659679016e-02 0.0000000000000000e+00
4.5953238191133672e-02 2.6531114439786011e-02 0.0000000000000000e+00
4.7225330401531117e-02 2.7265557219893006e-02 0.0000000000000000e+00
2.4368937491600805e-02 1.3789665896259153e-02 0.0000000000000000e+00
2.4487339277743242e-02 1.3578299418435776e-02 0.0000000000000000e+00
2.4603907800149594e-02 1.3365916390645952e-02 0.0000000000000000e+00
2.4718634331826611e-02 1.3152532713110541e-02 0.0000000000000000e+00
2.4831510283683113e-02 1.2938164360964826e-02 0.0000000000000000e+00
2.4942527205172971e-02 1.2722827383062544e-02 0.0000000000000000e+00
2.5051676784927892e-02 1.2506537900774346e-02 0.0000000000000000e+00
2.5158950851379515e-02 1.2289312106780833e-02 0.0000000000000000e+00
2.5264341373371274e-02 1.2071166263860371e-02 0.0000000000000000e+00
2.5367840460759610e-02 1.1852116703671443e-02 0.0000000000000000e+00
2.6494887818365443e-02 1.1508344012903130e-02 0.0000000000000000e+00
2.5791414403268414e-02 1.0899676283214971e-02 0.0000000000000000e+00
2.5712885453473035e-02 1.1083660120040442e-02 0.0000000000000000e+00
2.5633044069196566e-02 1.1267078225814667e-02 0.0000000000000000e+00
2.5551894325694807e-02 1.1449921238529358e-02 0.0000000000000000e+00
4.7345310956804249e-02 2.1120712224014775e-02 0.0000000000000000e+00
4.4727346876602007e-02 2.0119949657043439e-02 0.0000000000000000e+00
4.2261102843392837e-02 1.8895302063309714e-02 0.0000000000000000e+00
4.4195729042631159e-02 2.3847946073930083e-02 0.0000000000000000e+00
2.5152932479719014e-02 1.4019839287497069e-02 0.0000000000000000e+00
4.0297044237959816e-02 2.1507153765984801e-02 0.0000000000000000e+00
3.9588376248792460e-02 1.8075189872593912e-02 0.0000000000000000e+00
3.7677775158510125e-02 2.0361607388054502e-02 0.0000000000000000e+00
4.9259298460056666e-02 2.3492663317788699e-02 0.0000000000000000e+00
4.6646508492790950e-02 2.5305561036770178e-02 0.0000000000000000e+00
2.5504950053231973e-02 1.2375608749614153e-02 0.0000000000000000e+00
2.5024191269198144e-02 1.3139942961946755e-02 0.0000000000000000e+00
2.5767307108578899e-02 1.2090361571193434e-02 0.0000000000000000e+00
4.8606845712038216e-02 2.1657104551343651e-02 0.0000000000000000e+00
4.1681815856536443e-02 2.2232895454549737e-02 0.0000000000000000e+00
4.7922311442358340e-02 2.6006458015560320e-02 0.0000000000000000e+00
2.4690771874602602e-02 1.3803017578060817e-02 0.0000000000000000e+00
4.9874138715115701e-02 2.2208831913223131e-02 0.0000000000000000e+00
2.5733359846874516e-02 1.4032454513121660e-02 0.0000000000000000e+00
3.6578159525930298e-02 1.9629270921298309e-02 0.0000000000000000e+00
2.5552188884156887e-02 1.1936056630749439e-02 0.0000000000000000e+00
2.5291715506850280e-02 1.2767803145836381e-02 0.0000000000000000e+00
2.4865316023942149e-02 1.3483807848901052e-02 0.0000000000000000e+00
3.7885907828610968e-02 1.9031601468030644e-02 0.0000000000000000e+00
4.1036636485007792e-02 1.8401378462339652e-02 0.0000000000000000e+00
3.9364130451573498e-02 1.9542852916001104e-02 0.0000000000000000e+00
4.1043768131032873e-02 1.9948196530522606e-02 0.0000000000000000e+00
2.5235006074461684e-02 1.3453087483597297e-02 0.0000000000000000e+00
4.5399065899291012e-02 2.4611434658297460e-02 0.0000000000000000e+00
4.2989792874421388e-02 2.3032968391424314e-02 0.0000000000000000e+00
4.8602224273921156e-02 2.4754013041219537e-02 0.0000000000000000e+00
4.6060438922805216e-02 2.0615795931696129e-02 0.0000000000000000e+00
4.3387996048857957e-02 1.9537845695202085e-02 0.0000000000000000e+00
3.8910765423788005e-02 2.0858439745605920e-02 0.0000000000000000e+00
4.7982024676106211e-02 2.2899921205298910e-02 0.0000000000000000e+00
3.8465719481077396e-02 1.8320737413790863e-02 0.0000000000000000e+00
2.6516448966977260e-02 1.4290311828433275e-02 0.0000000000000000e+00
4.6741843065784716e-02 2.2323772404500567e-02 0.0000000000000000e+00
4.4065374175532766e-02 2.1674059228102966e-02 0.0000000000000000e+00
4.2552062460428447e-02 2.0863101179272349e-02 0.0000000000000000e+00
4.7326408443482515e-02 2.4107091702418610e-02 0.0000000000000000e+00
4.4988993401626647e-02 2.2863606987798431e-02 0.0000000000000000e+00
4.6103203328351196e-02 2.3473526270690714e-02 0.0000000000000000e+00
4.5618895005837441e-02 2.1790617866400575e-02 0.0000000000000000e+00
5.5144698375446860e-02 2.7053452363712122e-02 0.0000000000000000e+00
5.7144537665449420e-02 2.8960315970464657e-02 0.0000000000000000e+00
5.7927926907926038e-02 2.6081287411344321e-02 0.0000000000000000e+00
5.6482029510488939e-02 3.0443218729548038e-02 0.0000000000000000e+00
5.2084083135092892e-02 2.4111706690666999e-02 0.0000000000000000e+00
5.1614145315886525e-02 2.6520282252050970e-02 0.0000000000000000e+00
2.5858509548552601e-02 1.1202932892300963e-02 0.0000000000000000e+00
2.5730752087293061e-02 1.1495660512612638e-02 0.0000000000000000e+00
2.6207570626486647e-02 1.1169277553298386e-02 0.0000000000000000e+00
2.6006905561630253e-02 1.1456838790564057e-02 0.0000000000000000e+00
2.5982409521130588e-02 1.1025030262224839e-02 0.0000000000000000e+00
2.8382363990685753e-02 1.3037700395534466e-02 0.0000000000000000e+00
3.5988321120795697e-02 1.6901945947506124e-02 0.0000000000000000e+00
3.4193755474916085e-02 1.6199324592766306e-02 0.0000000000000000e+00
3.2273885821097512e-02 1.5073946227855038e-02 0.0000000000000000e+00
3.0269528127209684e-02 1.4232883722347902e-02 0.0000000000000000e+00
2.7031329393606640e-02 1.2747061557674614e-02 0.0000000000000000e+00
2.6909525565119739e-02 1.1985128482378090e-02 0.0000000000000000e+00
4.4427787056309176e-02 3.4090640024488354e-02 0.0000000000000000e+00
5.1832418232360705e-02 3.9772413361903076e-02 0.0000000000000000e+00
2.2808483412800250e-02 1.6241092463501826e-02 0.0000000000000000e+00
2.3522501419062359e-02 1.6788977749609673e-02 0.0000000000000000e+00
2.4215374019266735e-02 1.5886008596876881e-02 0.0000000000000000e+00
3.0051220268968833e-02 1.9255336000091654e-02 0.0000000000000000e+00
3.2511897387521652e-02 2.0676008596876874e-02 0.0000000000000000e+00
3.3514534749457391e-02 2.5716607002817339e-02 0.0000000000000000e+00
2.2913739990053646e-02 1.7582331089900909e-02 0.0000000000000000e+00
2.2213893528154588e-02 1.7045320012244174e-02 0.0000000000000000e+00
2.8214137369755525e-02 2.1649469046359126e-02 0.0000000000000000e+00
4.7747849203829164e-02 2.9259919624093134e-02 0.0000000000000000e+00
4.6965551804943745e-02 3.0499785960841522e-02 0.0000000000000000e+00
4.6151066562832875e-02 3.1718749267790648e-02 0.0000000000000000e+00
4.5304951684997041e-02 3.2915974128378510e-02 0.0000000000000000e+00
5.6038269186684454e-02 3.3588045953957146e-02 0.0000000000000000e+00
5.5481209193069828e-02 3.4500432909157379e-02 0.0000000000000000e+00
5.4909295538169964e-02 3.5403583264217123e-02 0.0000000000000000e+00
5.4322681337099624e-02 3.6297255223947354e-02 0.0000000000000000e+00
5.3721523640665313e-02 3.7181209530754704e-02 0.0000000000000000e+00
5.3105983393318852e-02 3.8055209528696426e-02 0.0000000000000000e+00
5.2476225390068798e-02 3.8919021226839004e-02 0.0000000000000000e+00
4.9364207840343517e-02 3.7878488916098164e-02 0.0000000000000000e+00
4.6895997448326336e-02 3.5984564470293252e-02 0.0000000000000000e+00
2.2985168655812557e-02 1.6376667818842793e-02 0.0000000000000000e+00
2.3217356214590146e-02 1.6554831598965786e-02 0.0000000000000000e+00
2.3853632769068649e-02 1.6357438972538330e-02 0.0000000000000000e+00
2.5272909113441041e-02 1.6496576768175893e-02 0.0000000000000000e+00
2.6467486902322989e-02 1.7186266576154831e-02 0.0000000000000000e+00
2.7662064691204930e-02 1.7875956384133768e-02 0.0000000000000000e+00
2.8856642480086892e-02 1.8565646192112716e-02 0.0000000000000000e+00
3.1281558828245244e-02 1.9965672298484265e-02 0.0000000000000000e+00
3.3581160052872164e-02 2.1645131786555180e-02 0.0000000000000000e+00
3.4155148780952056e-02 2.2969163260622916e-02 0.0000000000000000e+00
3.4131537252242508e-02 2.4412064816515325e-02 0.0000000000000000e+00
3.4605859980142574e-02 2.6554010304984440e-02 0.0000000000000000e+00
3.5697185210827757e-02 2.7391413607151544e-02 0.0000000000000000e+00
3.6788510441512927e-02 2.8228816909318642e-02 0.0000000000000000e+00
3.7879835672198110e-02 2.9066220211485746e-02 0.0000000000000000e+00
3.8971160902883280e-02 2.9903623513652840e-02 0.0000000000000000e+00
4.0062486133568463e-02 3.0741026815819951e-02 0.0000000000000000e+00
4.1153811364253647e-02 3.1578430117987055e-02 0.0000000000000000e+00
4.2245136594938823e-02 3.2415833420154153e-02 0.0000000000000000e+00
4.3336461825623999e-02 3.3253236722321257e-02 0.0000000000000000e+00
2.4126669721660738e-02 1.4209285982831752e-02 0.0000000000000000e+00
2.4002821875428473e-02 1.4417508176396244e-02 0.0000000000000000e+00
2.3877177039233009e-02 1.4624650991976674e-02 0.0000000000000000e+00
2.3749744619572903e-02 1.4830698921664755e-02 0.0000000000000000e+00
2.3620534156775553e-02 1.5035636539521689e-02 0.0000000000000000e+00
2.3489555324282940e-02 1.5239448502732992e-02 0.0000000000000000e+00
2.3356817927927438e-02 1.5442119552757250e-02 0.0000000000000000e+00
2.3222331905197621e-02 1.5643634516468375e-02 0.0000000000000000e+00
2.3086107324494412e-02 1.5843978307291569e-02 0.0000000000000000e+00
2.2948154384377157e-02 1.6043135926332833e-02 0.0000000000000000e+00
2.3213962179847381e-02 1.7191073914671767e-02 0.0000000000000000e+00
2.2615564005811117e-02 1.7353532610024428e-02 0.0000000000000000e+00
2.2387831964194176e-02 1.7178787668464209e-02 0.0000000000000000e+00
2.2335103755925127e-02 1.6886181931154827e-02 0.0000000000000000e+00
2.2455173957604022e-02 1.6726181947286776e-02 0.0000000000000000e+00
2.2574098004580288e-02 1.6565328227342930e-02 0.0000000000000000e+00
2.2691869826744811e-02 1.6403628981602469e-02 0.0000000000000000e+00
3.2098981818322013e-02 2.4630415035844434e-02 0.0000000000000000e+00
3.0196701956608524e-02 2.3170744359262790e-02 0.0000000000000000e+00
2.6341168036717308e-02 2.0212289129461949e-02 0.0000000000000000e+00
2.4815455188755324e-02 1.9041568485314481e-02 0.0000000000000000e+00
2.3711972108423119e-02 1.8194836136997426e-02 0.0000000000000000e+00
4.1963728810419453e-02 3.0441885926658814e-02 0.0000000000000000e+00
3.9788060964164630e-02 2.8675043810494176e-02 0.0000000000000000e+00
3.7494363020703157e-02 2.7151537622670106e-02 0.0000000000000000e+00
4.2750791649420403e-02 2.6350651052727238e-02 0.0000000000000000e+00
2.4718003219807091e-02 1.4773158863362841e-02 0.0000000000000000e+00
3.8774263643420903e-02 2.4144687124506122e-02 0.0000000000000000e+00
3.5447761732289779e-02 2.5246944589733811e-02 0.0000000000000000e+00
3.6472556839195175e-02 2.2449106751320759e-02 0.0000000000000000e+00
4.4974892465788167e-02 3.0913472180114396e-02 0.0000000000000000e+00
4.5238512961256125e-02 2.7744280834218427e-02 0.0000000000000000e+00
2.3470066591078812e-02 1.5900130293545076e-02 0.0000000000000000e+00
2.3891620043923503e-02 1.5101613867312964e-02 0.0000000000000000e+00
2.3354213815882104e-02 1.6269961757547954e-02 0.0000000000000000e+00
4.3059025569898296e-02 3.1266210908783974e-02 0.0000000000000000e+00
4.0095160191591872e-02 2.4981063680350718e-02 0.0000000000000000e+00
4.6483409025107857e-02 2.8498710109371841e-02 0.0000000000000000e+00
2.4299149808785128e-02 1.4481326893421770e-02 0.0000000000000000e+00
4.4170481982787647e-02 3.2087855162547613e-02 0.0000000000000000e+00
2.5019142009250213e-02 1.5269516095558927e-02 0.0000000000000000e+00
3.5288527038576649e-02 2.1862979912486230e-02 0.0000000000000000e+00
2.3113022705317152e-02 1.6160816380603488e-02 0.0000000000000000e+00
2.3703099628238317e-02 1.5519366561302969e-02 0.0000000000000000e+00
2.4109978148867395e-02 1.4792091425411645e-02 0.0000000000000000e+00
3.5424804260321241e-02 2.3294357890997507e-02 0.0000000000000000e+00
3.6454379455541863e-02 2.6338080450714264e-02 0.0000000000000000e+00
3.6606672313466503e-02 2.4318910510946694e-02 0.0000000000000000e+00
3.7797529020633616e-02 2.5570847603251307e-02 0.0000000000000000e+00
2.4268218557360569e-02 1.5127612583339790e-02 0.0000000000000000e+00
4.4013660587311890e-02 2.7011027047721098e-02 0.0000000000000000e+00
4.1442032188748160e-02 2.5713768536968006e-02 0.0000000000000000e+00
4.5738716276267993e-02 2.9713754381034643e-02 0.0000000000000000e+00
4.0884022457487339e-02 2.9581612250762786e-02 0.0000000000000000e+00
3.8614268731694421e-02 2.7806183950008789e-02 0.0000000000000000e+00
3.7519321414895758e-02 2.3268491464894618e-02 0.0000000000000000e+00
4.3822925846503928e-02 3.0103691691870323e-02 0.0000000000000000e+00
3.5099083756945607e-02 2.4151921538563562e-02 0.0000000000000000e+00
2.5633997554913100e-02 1.5818762509339303e-02 0.0000000000000000e+00
4.2703875543491886e-02 2.9317737312424787e-02 0.0000000000000000e+00
4.0802972982432101e-02 2.7324703849226657e-02 0.0000000000000000e+00
3.9344006853189159e-02 2.6419616484517020e-02 0.0000000000000000e+00
4.4540558047396824e-02 2.8932326130724897e-02 0.0000000000000000e+00
4.2294961174390175e-02 2.7529807682599938e-02 0.0000000000000000e+00
4.3380271730995151e-02 2.8189782142846051e-02 0.0000000000000000e+00
4.1680676139380680e-02 2.8611813034429986e-02 0.0000000000000000e+00
5.1001326194770297e-02 3.4229983495311374e-02 0.0000000000000000e+00
5.3652638164771303e-02 3.5008463320563565e-02 0.0000000000000000e+00
5.1551020915590481e-02 3.7126412585159918e-02 0.0000000000000000e+00
5.4605615547999302e-02 3.3693263048611734e-02 0.0000000000000000e+00
4.6923392090263284e-02 3.3050285782477581e-02 0.0000000000000000e+00
4.8774310803752989e-02 3.1439019912153823e-02 0.0000000000000000e+00
2.2631279255901214e-02 1.6792659726898546e-02 0.0000000000000000e+00
2.2820910080850718e-02 1.6535654709768938e-02 0.0000000000000000e+00
2.2776663416319027e-02 1.7111783157363093e-02 0.0000000000000000e+00
2.2925366220506588e-02 1.6794221494912571e-02 0.0000000000000000e+00
2.2539161045144217e-02 1.6988911565717340e-02 0.0000000000000000e+00
2.5482161744806150e-02 1.8060998037623302e-02 0.0000000000000000e+00
3.2631675124329594e-02 2.2715827356408060e-02 0.0000000000000000e+00
3.1125904358943676e-02 2.1512998595687404e-02 0.0000000000000000e+00
2.9191363279151832e-02 2.0413031885981318e-02 0.0000000000000000e+00
2.7460802936268149e-02 1.9097738457557231e-02 0.0000000000000000e+00
2.4554943829353575e-02 1.7036287174091044e-02 0.0000000000000000e+00
2.3834188515919733e-02 1.7311768501991447e-02 0.0000000000000000e+00
1.9798989873223333e-02 1.9798989873223330e-02 0.0000000000000000e+00
3.9597979746446667e-02 3.9597979746446660e-02 0.0000000000000000e+00
4.6197643037521115e-02 4.6197643037521101e-02 0.0000000000000000e+00
2.1590960554782813e-02 1.7827799144084298e-02 0.0000000000000000e+00
2.2304978561044918e-02 1.8375684430192146e-02 0.0000000000000000e+00
2.1612105960840559e-02 1.9278653582924944e-02 0.0000000000000000e+00
2.6377054470542210e-02 2.4043602092626598e-02 0.0000000000000000e+00
2.8386188924607671e-02 2.6052736546692056e-02 0.0000000000000000e+00
4.0620964776688112e-02 3.8547856238850216e-02 0.0000000000000000e+00
4.1616110226734095e-02 3.7471313956096056e-02 0.0000000000000000e+00
4.2582734073601747e-02 3.6369090706490269e-02 0.0000000000000000e+00
4.3520173841590383e-02 3.5241941898790874e-02 0.0000000000000000e+00
4.6947332361606954e-02 4.5435585487294622e-02 0.0000000000000000e+00
4.7684452749591932e-02 4.4661363732160918e-02 0.0000000000000000e+00
4.8408806856524017e-02 4.3875185050005198e-02 0.0000000000000000e+00
4.9120200755293213e-02 4.3077259919871151e-02 0.0000000000000000e+00
4.9818443988550710e-02 4.2267801965610662e-02 0.0000000000000000e+00
5.0503349619698844e-02 4.1447027898691480e-02 0.0000000000000000e+00
5.1174734282938526e-02 4.0615157460178367e-02 0.0000000000000000e+00
4.1797867510138156e-02 4.1797867510138149e-02 0.0000000000000000e+00
4.3997755273829632e-02 4.3997755273829625e-02 0.0000000000000000e+00
2.1767645797795117e-02 1.7963374499425262e-02 0.0000000000000000e+00
2.1999833356572705e-02 1.8141538279548255e-02 0.0000000000000000e+00
2.1973847211038643e-02 1.8807223207263499e-02 0.0000000000000000e+00
2.2475579749444953e-02 2.0142127371529345e-02 0.0000000000000000e+00
2.3450948429719270e-02 2.1117496051803658e-02 0.0000000000000000e+00
2.4426317109993576e-02 2.2092864732077964e-02 0.0000000000000000e+00
2.5401685790267903e-02 2.3068233412352292e-02 0.0000000000000000e+00
2.7381621697574948e-02 2.5048169319659332e-02 0.0000000000000000e+00
2.9599035584383392e-02 2.6834737431701561e-02 0.0000000000000000e+00
3.1026510994506245e-02 2.7046483406348847e-02 0.0000000000000000e+00
3.2414135758821391e-02 2.6650226018097113e-02 0.0000000000000000e+00
1.9998565480220099e-02 1.9998565480220096e-02 0.0000000000000000e+00
2.0277318898017687e-02 2.0277318898017684e-02 0.0000000000000000e+00
2.0667265634330582e-02 2.0667265634330578e-02 0.0000000000000000e+00
2.1212879628668434e-02 2.1212879628668430e-02 0.0000000000000000e+00
2.1973777740304960e-02 2.1973777740304956e-02 0.0000000000000000e+00
2.2979436699817793e-02 2.2979436699817783e-02 0.0000000000000000e+00
2.4018095640232096e-02 2.4018095640232093e-02 0.0000000000000000e+00
2.5056754580646400e-02 2.5056754580646389e-02 0.0000000000000000e+00
2.6095413521060696e-02 2.6095413521060689e-02 0.0000000000000000e+00
2.7134072461475003e-02 2.7134072461474992e-02 0.0000000000000000e+00
2.8172731401889296e-02 2.8172731401889285e-02 0.0000000000000000e+00
2.9211390342303592e-02 2.9211390342303585e-02 0.0000000000000000e+00
3.0250049282717895e-02 3.0250049282717888e-02 0.0000000000000000e+00
3.1288708223132192e-02 3.1288708223132185e-02 0.0000000000000000e+00
3.2327367163546505e-02 3.2327367163546498e-02 0.0000000000000000e+00
3.3366026103960798e-02 3.3366026103960791e-02 0.0000000000000000e+00
3.4404685044375112e-02 3.4404685044375105e-02 0.0000000000000000e+00
3.5443343984789412e-02 3.5443343984789405e-02 0.0000000000000000e+00
3.6482002925203733e-02 3.6482002925203726e-02 0.0000000000000000e+00
3.7520661865618046e-02 3.7520661865618039e-02 0.0000000000000000e+00
3.8559320806032353e-02 3.8559320806032346e-02 0.0000000000000000e+00
1.9969557922808575e-02 1.9626939556833443e-02 0.0000000000000000e+00
2.0138630935879236e-02 1.9453419854319906e-02 0.0000000000000000e+00
2.0306196254652437e-02 1.9278443756370472e-02 0.0000000000000000e+00
2.0472241334220015e-02 1.9102024362707051e-02 0.0000000000000000e+00
2.0636753743487724e-02 1.8924174881105010e-02 0.0000000000000000e+00
2.0799721166105817e-02 1.8744908626404384e-02 0.0000000000000000e+00
2.0961131401391244e-02 1.8564239019513033e-02 0.0000000000000000e+00
2.1120972365240957e-02 1.8382179586401821e-02 0.0000000000000000e+00
2.1279232091036635e-02 1.8198743957092114e-02 0.0000000000000000e+00
2.1435898730540606e-02 1.8013945864635200e-02 0.0000000000000000e+00
2.2613517800259910e-02 1.7973588265130059e-02 0.0000000000000000e+00
2.2091549461092527e-02 1.7203588067845110e-02 0.0000000000000000e+00
2.1968077799412348e-02 1.7360978019655644e-02 0.0000000000000000e+00
2.1843484845342039e-02 1.7517481834193889e-02 0.0000000000000000e+00
2.1717776958342472e-02 1.7673091523208069e-02 0.0000000000000000e+00
4.0265616037159384e-02 3.2654909578717084e-02 0.0000000000000000e+00
3.7995873331752798e-02 3.1010668205945485e-02 0.0000000000000000e+00
3.5930626646942007e-02 2.9189438541390330e-02 0.0000000000000000e+00
3.6517493463440277e-02 3.4474043405181592e-02 0.0000000000000000e+00
2.0667265672184937e-02 2.0052182814144601e-02 0.0000000000000000e+00
3.3357494751973207e-02 3.1203957782657710e-02 0.0000000000000000e+00
3.3561231656685869e-02 2.7705518450888849e-02 0.0000000000000000e+00
3.1123964321788926e-02 2.9419528228993207e-02 0.0000000000000000e+00
4.1500479880624982e-02 3.5441414816817868e-02 0.0000000000000000e+00
3.8507506116078727e-02 3.6516299739621463e-02 0.0000000000000000e+00
2.1432846715491977e-02 1.8555086925466258e-02 0.0000000000000000e+00
2.0770645138803258e-02 1.9168947551666347e-02 0.0000000000000000e+00
2.1760091573297759e-02 1.8347462311494402e-02 0.0000000000000000e+00
4.1345336488041548e-02 3.3499534001420639e-02 0.0000000000000000e+00
3.4507245651043017e-02 3.2263375690862295e-02 0.0000000000000000e+00
3.9558431647555931e-02 3.7523516334148854e-02 0.0000000000000000e+00
2.0276970395603399e-02 1.9723133158799751e-02 0.0000000000000000e+00
4.2426649980230949e-02 3.4360461274251991e-02 0.0000000000000000e+00
2.1224650395755492e-02 2.0214593843298413e-02 0.0000000000000000e+00
3.0251359808308467e-02 2.8427544054215999e-02 0.0000000000000000e+00
2.1592240381963404e-02 1.8142738490966495e-02 0.0000000000000000e+00
2.1125370580960066e-02 1.8878728460025775e-02 0.0000000000000000e+00
2.0528184654566687e-02 1.9459975587461889e-02 0.0000000000000000e+00
3.1669235905335102e-02 2.8188709860654949e-02 0.0000000000000000e+00
3.4875719802712438e-02 2.8395429765362270e-02 0.0000000000000000e+00
3.2964767702288386e-02 2.9065133005701405e-02 0.0000000000000000e+00
3.4482262468437580e-02 2.9891387091804972e-02 0.0000000000000000e+00
2.0893228837698733e-02 1.9525984819081323e-02 0.0000000000000000e+00
3.7482222224660897e-02 3.5522963243076293e-02 0.0000000000000000e+00
3.5563580319276401e-02 3.3374716166289418e-02 0.0000000000000000e+00
4.0539333623490117e-02 3.6489721777245181e-02 0.0000000000000000e+00
3.9155206908677770e-02 3.1834648538933821e-02 0.0000000000000000e+00
3.6852819368327357e-02 3.0101749453323751e-02 0.0000000000000000e+00
3.2186351786226343e-02 3.0218552797568129e-02 0.0000000000000000e+00
4.0420141093011931e-02 3.4538287120938302e-02 0.0000000000000000e+00
3.2413276110551822e-02 2.7652134209914865e-02 0.0000000000000000e+00
2.1914318017027066e-02 2.0666343261950635e-02 0.0000000000000000e+00
3.9371335928773218e-02 3.3660787494324593e-02 0.0000000000000000e+00
3.6954223648325374e-02 3.2340491635140231e-02 0.0000000000000000e+00
3.5702368167296848e-02 3.1165492418691990e-02 0.0000000000000000e+00
3.9474425726445904e-02 3.5534638313559054e-02 0.0000000000000000e+00
3.7538493697198354e-02 3.3728556783970326e-02 0.0000000000000000e+00
3.8456879114941445e-02 3.4606072320546293e-02 0.0000000000000000e+00
3.8424641944532059e-02 3.2855159411995308e-02 0.0000000000000000e+00
4.6263739636262444e-02 4.0404126504390264e-02 0.0000000000000000e+00
4.7701903437063077e-02 4.2763611804760217e-02 0.0000000000000000e+00
4.9203746760902681e-02 4.0185439820563468e-02 0.0000000000000000e+00
4.6678166223973777e-02 4.4024516149594677e-02 0.0000000000000000e+00
4.4068792137302637e-02 3.6770472870487222e-02 0.0000000000000000e+00
4.2991481834126578e-02 3.8975349352172138e-02 0.0000000000000000e+00
2.2077869808756478e-02 1.7513876959987587e-02 0.0000000000000000e+00
2.1878702094260561e-02 1.7763564064386859e-02 0.0000000000000000e+00
2.2423747561588520e-02 1.7571712053725829e-02 0.0000000000000000e+00
2.2155493668172158e-02 1.7797538938968814e-02 0.0000000000000000e+00
2.2243592580983591e-02 1.7374103887623171e-02 0.0000000000000000e+00
2.4040853223035244e-02 1.9939347873287397e-02 0.0000000000000000e+00
3.0387503304852955e-02 2.5640489012565239e-02 0.0000000000000000e+00
2.8835937788629116e-02 2.4497341133079487e-02 0.0000000000000000e+00
2.7272755460682471e-02 2.2913410275542102e-02 0.0000000000000000e+00
2.5554377593581912e-02 2.1582240335573429e-02 0.0000000000000000e+00
2.2811076879991080e-02 1.9308938829359440e-02 0.0000000000000000e+00
2.2890626207294970e-02 1.8541442843447862e-02 0.0000000000000000e+00
3.4090640024488354e-02 4.4427787056309169e-02 0.0000000000000000e+00
3.9772413361903083e-02 5.1832418232360705e-02 0.0000000000000000e+00
1.7827799144084298e-02 2.1590960554782809e-02 0.0000000000000000e+00
1.8375684430192146e-02 2.2304978561044918e-02 0.0000000000000000e+00
1.9278653582924948e-02 2.1612105960840556e-02 0.0000000000000000e+00
2.4043602092626602e-02 2.6377054470542210e-02 0.0000000000000000e+00
2.6052736546692063e-02 2.8386188924607671e-02 0.0000000000000000e+00
2.5716607002817343e-02 3.3514534749457398e-02 0.0000000000000000e+00
1.7582331089900916e-02 2.2913739990053642e-02 0.0000000000000000e+00
1.7045320012244177e-02 2.2213893528154584e-02 0.0000000000000000e+00
2.1649469046359133e-02 2.8214137369755522e-02 0.0000000000000000e+00
3.8547856238850223e-02 4.0620964776688112e-02 0.0000000000000000e+00
3.7471313956096056e-02 4.1616110226734088e-02 0.0000000000000000e+00
3.6369090706490276e-02 4.2582734073601747e-02 0.0000000000000000e+00
3.5241941898790881e-02 4.3520173841590383e-02 0.0000000000000000e+00
4.5435585487294636e-02 4.6947332361606947e-02 0.0000000000000000e+00
4.4661363732160932e-02 4.7684452749591939e-02 0.0000000000000000e+00
4.3875185050005205e-02 4.8408806856524017e-02 0.0000000000000000e+00
4.3077259919871165e-02 4.9120200755293213e-02 0.0000000000000000e+00
4.2267801965610682e-02 4.9818443988550717e-02 0.0000000000000000e+00
4.1447027898691487e-02 5.0503349619698844e-02 0.0000000000000000e+00
4.0615157460178374e-02 5.1174734282938526e-02 0.0000000000000000e+00
3.7878488916098164e-02 4.9364207840343517e-02 0.0000000000000000e+00
3.5984564470293259e-02 4.6895997448326343e-02 0.0000000000000000e+00
1.7963374499425262e-02 2.1767645797795117e-02 0.0000000000000000e+00
1.8141538279548258e-02 2.1999833356572705e-02 0.0000000000000000e+00
1.8807223207263503e-02 2.1973847211038643e-02 0.0000000000000000e+00
2.0142127371529345e-02 2.2475579749444953e-02 0.0000000000000000e+00
2.1117496051803662e-02 2.3450948429719270e-02 0.0000000000000000e+00
2.2092864732077968e-02 2.4426317109993576e-02 0.0000000000000000e+00
2.3068233412352292e-02 2.5401685790267900e-02 0.0000000000000000e+00
2.5048169319659336e-02 2.7381621697574944e-02 0.0000000000000000e+00
2.6834737431701564e-02 2.9599035584383381e-02 0.0000000000000000e+00
2.7046483406348850e-02 3.1026510994506245e-02 0.0000000000000000e+00
2.6650226018097117e-02 3.2414135758821384e-02 0.0000000000000000e+00
2.6554010304984443e-02 3.4605859980142574e-02 0.0000000000000000e+00
2.7391413607151551e-02 3.5697185210827757e-02 0.0000000000000000e+00
2.8228816909318645e-02 3.6788510441512927e-02 0.0000000000000000e+00
2.9066220211485756e-02 3.7879835672198110e-02 0.0000000000000000e+00
2.9903623513652843e-02 3.8971160902883273e-02 0.0000000000000000e+00
3.0741026815819961e-02 4.0062486133568470e-02 0.0000000000000000e+00
3.1578430117987062e-02 4.1153811364253647e-02 0.0000000000000000e+00
3.2415833420154160e-02 4.2245136594938816e-02 0.0000000000000000e+00
3.3253236722321257e-02 4.3336461825623999e-02 0.0000000000000000e+00
1.9626939556833450e-02 1.9969557922808572e-02 0.0000000000000000e+00
1.9453419854319910e-02 2.0138630935879236e-02 0.0000000000000000e+00
1.9278443756370476e-02 2.0306196254652433e-02 0.0000000000000000e+00
1.9102024362707054e-02 2.0472241334220015e-02 0.0000000000000000e+00
1.8924174881105014e-02 2.0636753743487720e-02 0.0000000000000000e+00
1.8744908626404388e-02 2.0799721166105813e-02 0.0000000000000000e+00
1.8564239019513037e-02 2.0961131401391244e-02 0.0000000000000000e+00
1.8382179586401828e-02 2.1120972365240957e-02 0.0000000000000000e+00
1.8198743957092117e-02 2.1279232091036639e-02 0.0000000000000000e+00
1.8013945864635200e-02 2.1435898730540602e-02 0.0000000000000000e+00
1.7973588265130062e-02 2.2613517800259907e-02 0.0000000000000000e+00
1.7353532610024432e-02 2.2615564005811113e-02 0.0000000000000000e+00
1.7178787668464209e-02 2.2387831964194180e-02 0.0000000000000000e+00
1.7203588067845117e-02 2.2091549461092527e-02 0.0000000000000000e+00
1.7360978019655644e-02 2.1968077799412344e-02 0.0000000000000000e+00
1.7517481834193892e-02 2.1843484845342039e-02 0.0000000000000000e+00
1.7673091523208076e-02 2.1717776958342469e-02 0.0000000000000000e+00
2.4630415035844445e-02 3.2098981818322013e-02 0.0000000000000000e+00
2.3170744359262793e-02 3.0196701956608521e-02 0.0000000000000000e+00
2.0212289129461956e-02 2.6341168036717308e-02 0.0000000000000000e+00
1.9041568485314485e-02 2.4815455188755324e-02 0.0000000000000000e+00
1.8194836136997430e-02 2.3711972108423119e-02 0.0000000000000000e+00
3.2654909578717091e-02 4.0265616037159384e-02 0.0000000000000000e+00
3.1010668205945485e-02 3.7995873331752791e-02 0.0000000000000000e+00
2.9189438541390333e-02 3.5930626646942007e-02 0.0000000000000000e+00
3.4474043405181599e-02 3.6517493463440277e-02 0.0000000000000000e+00
2.0052182814144604e-02 2.0667265672184933e-02 0.0000000000000000e+00
3.1203957782657714e-02 3.3357494751973200e-02 0.0000000000000000e+00
2.7705518450888856e-02 3.3561231656685876e-02 0.0000000000000000e+00
2.9419528228993214e-02 3.1123964321788919e-02 0.0000000000000000e+00
3.5441414816817875e-02 4.1500479880624976e-02 0.0000000000000000e+00
3.6516299739621463e-02 3.8507506116078713e-02 0.0000000000000000e+00
1.8555086925466258e-02 2.1432846715491970e-02 0.0000000000000000e+00
1.9168947551666347e-02 2.0770645138803254e-02 0.0000000000000000e+00
1.8347462311494402e-02 2.1760091573297759e-02 0.0000000000000000e+00
3.3499534001420653e-02 4.1345336488041548e-02 0.0000000000000000e+00
3.2263375690862295e-02 3.4507245651043017e-02 0.0000000000000000e+00
3.7523516334148861e-02 3.9558431647555937e-02 0.0000000000000000e+00
1.9723133158799751e-02 2.0276970395603399e-02 0.0000000000000000e+00
3.4360461274251991e-02 4.2426649980230949e-02 0.0000000000000000e+00
2.0214593843298417e-02 2.1224650395755492e-02 0.0000000000000000e+00
2.8427544054216002e-02 3.0251359808308464e-02 0.0000000000000000e+00
1.8142738490966495e-02 2.1592240381963404e-02 0.0000000000000000e+00
1.8878728460025782e-02 2.1125370580960066e-02 0.0000000000000000e+00
1.9459975587461893e-02 2.0528184654566687e-02 0.0000000000000000e+00
2.8188709860654956e-02 3.1669235905335102e-02 0.0000000000000000e+00
2.8395429765362273e-02 3.4875719802712438e-02 0.0000000000000000e+00
2.9065133005701408e-02 3.2964767702288386e-02 0.0000000000000000e+00
2.9891387091804979e-02 3.4482262468437573e-02 0.0000000000000000e+00
1.9525984819081327e-02 2.0893228837698730e-02 0.0000000000000000e+00
3.5522963243076300e-02 3.7482222224660897e-02 0.0000000000000000e+00
3.3374716166289425e-02 3.5563580319276394e-02 0.0000000000000000e+00
3.6489721777245188e-02 4.0539333623490117e-02 0.0000000000000000e+00
3.1834648538933828e-02 3.9155206908677763e-02 0.0000000000000000e+00
3.0101749453323751e-02 3.6852819368327350e-02 0.0000000000000000e+00
3.0218552797568139e-02 3.2186351786226350e-02 0.0000000000000000e+00
3.4538287120938309e-02 4.0420141093011931e-02 0.0000000000000000e+00
2.7652134209914872e-02 3.2413276110551816e-02 0.0000000000000000e+00
2.0666343261950635e-02 2.1914318017027066e-02 0.0000000000000000e+00
3.3660787494324600e-02 3.9371335928773225e-02 0.0000000000000000e+00
3.2340491635140238e-02 3.6954223648325381e-02 0.0000000000000000e+00
3.1165492418691994e-02 3.5702368167296848e-02 0.0000000000000000e+00
3.5534638313559061e-02 3.9474425726445897e-02 0.0000000000000000e+00
3.3728556783970333e-02 3.7538493697198340e-02 0.0000000000000000e+00
3.4606072320546299e-02 3.8456879114941445e-02 0.0000000000000000e+00
3.2855159411995315e-02 3.8424641944532052e-02 0.0000000000000000e+00
4.0404126504390264e-02 4.6263739636262444e-02 0.0000000000000000e+00
4.2763611804760231e-02 4.7701903437063077e-02 0.0000000000000000e+00
4.0185439820563482e-02 4.9203746760902667e-02 0.0000000000000000e+00
4.4024516149594677e-02 4.6678166223973770e-02 0.0000000000000000e+00
3.6770472870487229e-02 4.4068792137302630e-02 0.0000000000000000e+00
3.8975349352172145e-02 4.2991481834126571e-02 0.0000000000000000e+00
1.7513876959987594e-02 2.2077869808756478e-02 0.0000000000000000e+00
1.7763564064386863e-02 2.1878702094260561e-02 0.0000000000000000e+00
1.7571712053725833e-02 2.2423747561588520e-02 0.0000000000000000e+00
1.7797538938968818e-02 2.2155493668172158e-02 0.0000000000000000e+00
1.7374103887623175e-02 2.2243592580983591e-02 0.0000000000000000e+00
1.9939347873287400e-02 2.4040853223035240e-02 0.0000000000000000e+00
2.5640489012565239e-02 3.0387503304852948e-02 0.0000000000000000e+00
2.4497341133079494e-02 2.8835937788629116e-02 0.0000000000000000e+00
2.2913410275542105e-02 2.7272755460682474e-02 0.0000000000000000e+00
2.1582240335573433e-02 2.5554377593581909e-02 0.0000000000000000e+00
1.9308938829359443e-02 2.2811076879991076e-02 0.0000000000000000e+00
1.8541442843447865e-02 2.2890626207294970e-02 0.0000000000000000e+00
1.4000000000000002e-02 2.4248711305964284e-02 0.0000000000000000e+00
2.8000000000000004e-02 4.8497422611928569e-02 0.0000000000000000e+00
3.2666666666666670e-02 5.6580326380583336e-02 0.0000000000000000e+00
1.6241092463501833e-02 2.2808483412800250e-02 0.0000000000000000e+00
1.6788977749609676e-02 2.3522501419062362e-02 0.0000000000000000e+00
1.5886008596876885e-02 2.4215374019266735e-02 0.0000000000000000e+00
1.9255336000091657e-02 3.0051220268968833e-02 0.0000000000000000e+00
2.0676008596876877e-02 3.2511897387521645e-02 0.0000000000000000e+00
2.9259919624093141e-02 4.7747849203829164e-02 0.0000000000000000e+00
3.0499785960841529e-02 4.6965551804943745e-02 0.0000000000000000e+00
3.1718749267790655e-02 4.6151066562832868e-02 0.0000000000000000e+00
3.2915974128378517e-02 4.5304951684997041e-02 0.0000000000000000e+00
3.3588045953957160e-02 5.6038269186684447e-02 0.0000000000000000e+00
3.4500432909157386e-02 5.5481209193069828e-02 0.0000000000000000e+00
3.5403583264217137e-02 5.4909295538169964e-02 0.0000000000000000e+00
3.6297255223947375e-02 5.4322681337099624e-02 0.0000000000000000e+00
3.7181209530754711e-02 5.3721523640665306e-02 0.0000000000000000e+00
3.8055209528696433e-02 5.3105983393318852e-02 0.0000000000000000e+00
3.8919021226839018e-02 5.2476225390068798e-02 0.0000000000000000e+00
2.9555555555555568e-02 5.1191723868146834e-02 0.0000000000000000e+00
3.1111111111111117e-02 5.3886025124365078e-02 0.0000000000000000e+00
1.6376667818842797e-02 2.2985168655812557e-02 0.0000000000000000e+00
1.6554831598965793e-02 2.3217356214590146e-02 0.0000000000000000e+00
1.6357438972538333e-02 2.3853632769068652e-02 0.0000000000000000e+00
1.6496576768175897e-02 2.5272909113441037e-02 0.0000000000000000e+00
1.7186266576154834e-02 2.6467486902322989e-02 0.0000000000000000e+00
1.7875956384133772e-02 2.7662064691204927e-02 0.0000000000000000e+00
1.8565646192112723e-02 2.8856642480086892e-02 0.0000000000000000e+00
1.9965672298484276e-02 3.1281558828245244e-02 0.0000000000000000e+00
2.1645131786555187e-02 3.3581160052872164e-02 0.0000000000000000e+00
2.2969163260622927e-02 3.4155148780952056e-02 0.0000000000000000e+00
2.4412064816515332e-02 3.4131537252242508e-02 0.0000000000000000e+00
1.4141121265066836e-02 2.4493140507088437e-02 0.0000000000000000e+00
1.4338229697070439e-02 2.4834542325918908e-02 0.0000000000000000e+00
1.4613963678618848e-02 2.5312127591334013e-02 0.0000000000000000e+00
1.4999771033925424e-02 2.5980365532658780e-02 0.0000000000000000e+00
1.5537807248455647e-02 2.6912271592537160e-02 0.0000000000000000e+00
1.6248915518288179e-02 2.8143947245569498e-02 0.0000000000000000e+00
1.6983358298395167e-02 2.9416039455966943e-02 0.0000000000000000e+00
1.7717801078502154e-02 3.0688131666364381e-02 0.0000000000000000e+00
1.8452243858609135e-02 3.1960223876761812e-02 0.0000000000000000e+00
1.9186686638716130e-02 3.3232316087159257e-02 0.0000000000000000e+00
1.9921129418823111e-02 3.4504408297556681e-02 0.0000000000000000e+00
2.0655572198930095e-02 3.5776500507954119e-02 0.0000000000000000e+00
2.1390014979037079e-02 3.7048592718351557e-02 0.0000000000000000e+00
2.2124457759144071e-02 3.8320684928748995e-02 0.0000000000000000e+00
2.2858900539251058e-02 3.9592777139146440e-02 0.0000000000000000e+00
2.3593343319358039e-02 4.0864869349543864e-02 0.0000000000000000e+00
2.4327786099465034e-02 4.2136961559941316e-02 0.0000000000000000e+00
2.5062228879572018e-02 4.3409053770338754e-02 0.0000000000000000e+00
2.5796671659679027e-02 4.4681145980736220e-02 0.0000000000000000e+00
2.6531114439786015e-02 4.5953238191133665e-02 0.0000000000000000e+00
2.7265557219893009e-02 4.7225330401531117e-02 0.0000000000000000e+00
1.4209285982831756e-02 2.4126669721660741e-02 0.0000000000000000e+00
1.4417508176396247e-02 2.4002821875428473e-02 0.0000000000000000e+00
1.4624650991976676e-02 2.3877177039233005e-02 0.0000000000000000e+00
1.4830698921664756e-02 2.3749744619572900e-02 0.0000000000000000e+00
1.5035636539521693e-02 2.3620534156775553e-02 0.0000000000000000e+00
1.5239448502732995e-02 2.3489555324282940e-02 0.0000000000000000e+00
1.5442119552757254e-02 2.3356817927927438e-02 0.0000000000000000e+00
1.5643634516468375e-02 2.3222331905197621e-02 0.0000000000000000e+00
1.5843978307291572e-02 2.3086107324494409e-02 0.0000000000000000e+00
1.6043135926332840e-02 2.2948154384377157e-02 0.0000000000000000e+00
1.7191073914671770e-02 2.3213962179847385e-02 0.0000000000000000e+00
1.6886181931154827e-02 2.2335103755925123e-02 0.0000000000000000e+00
1.6726181947286780e-02 2.2455173957604022e-02 0.0000000000000000e+00
1.6565328227342933e-02 2.2574098004580288e-02 0.0000000000000000e+00
1.6403628981602473e-02 2.2691869826744811e-02 0.0000000000000000e+00
3.0441885926658818e-02 4.1963728810419446e-02 0.0000000000000000e+00
2.8675043810494179e-02 3.9788060964164623e-02 0.0000000000000000e+00
2.7151537622670110e-02 3.7494363020703150e-02 0.0000000000000000e+00
2.6350651052727245e-02 4.2750791649420396e-02 0.0000000000000000e+00
1.4773158863362846e-02 2.4718003219807095e-02 0.0000000000000000e+00
2.4144687124506133e-02 3.8774263643420910e-02 0.0000000000000000e+00
2.5246944589733811e-02 3.5447761732289772e-02 0.0000000000000000e+00
2.2449106751320769e-02 3.6472556839195175e-02 0.0000000000000000e+00
3.0913472180114403e-02 4.4974892465788167e-02 0.0000000000000000e+00
2.7744280834218437e-02 4.5238512961256125e-02 0.0000000000000000e+00
1.5900130293545083e-02 2.3470066591078816e-02 0.0000000000000000e+00
1.5101613867312968e-02 2.3891620043923503e-02 0.0000000000000000e+00
1.6269961757547961e-02 2.3354213815882104e-02 0.0000000000000000e+00
3.1266210908783981e-02 4.3059025569898296e-02 0.0000000000000000e+00
2.4981063680350721e-02 4.0095160191591872e-02 0.0000000000000000e+00
2.8498710109371852e-02 4.6483409025107857e-02 0.0000000000000000e+00
1.4481326893421772e-02 2.4299149808785125e-02 0.0000000000000000e+00
3.2087855162547613e-02 4.4170481982787640e-02 0.0000000000000000e+00
1.5269516095558933e-02 2.5019142009250213e-02 0.0000000000000000e+00
2.1862979912486240e-02 3.5288527038576656e-02 0.0000000000000000e+00
1.6160816380603491e-02 2.3113022705317152e-02 0.0000000000000000e+00
1.5519366561302971e-02 2.3703099628238317e-02 0.0000000000000000e+00
1.4792091425411645e-02 2.4109978148867391e-02 0.0000000000000000e+00
2.3294357890997514e-02 3.5424804260321241e-02 0.0000000000000000e+00
2.6338080450714278e-02 3.6454379455541870e-02 0.0000000000000000e+00
2.4318910510946704e-02 3.6606672313466503e-02 0.0000000000000000e+00
2.5570847603251314e-02 3.7797529020633616e-02 0.0000000000000000e+00
1.5127612583339792e-02 2.4268218557360569e-02 0.0000000000000000e+00
2.7011027047721108e-02 4.4013660587311897e-02 0.0000000000000000e+00
2.5713768536968013e-02 4.1442032188748153e-02 0.0000000000000000e+00
2.9713754381034647e-02 4.5738716276267993e-02 0.0000000000000000e+00
2.9581612250762796e-02 4.0884022457487339e-02 0.0000000000000000e+00
2.7806183950008799e-02 3.8614268731694427e-02 0.0000000000000000e+00
2.3268491464894622e-02 3.7519321414895751e-02 0.0000000000000000e+00
3.0103691691870327e-02 4.3822925846503921e-02 0.0000000000000000e+00
2.4151921538563565e-02 3.5099083756945600e-02 0.0000000000000000e+00
1.5818762509339307e-02 2.5633997554913100e-02 0.0000000000000000e+00
2.9317737312424791e-02 4.2703875543491879e-02 0.0000000000000000e+00
2.7324703849226657e-02 4.0802972982432094e-02 0.0000000000000000e+00
2.6419616484517027e-02 3.9344006853189166e-02 0.0000000000000000e+00
2.8932326130724904e-02 4.4540558047396824e-02 0.0000000000000000e+00
2.7529807682599949e-02 4.2294961174390175e-02 0.0000000000000000e+00
2.8189782142846061e-02 4.3380271730995158e-02 0.0000000000000000e+00
2.8611813034429993e-02 4.1680676139380680e-02 0.0000000000000000e+00
3.4229983495311388e-02 5.1001326194770304e-02 0.0000000000000000e+00
3.5008463320563565e-02 5.3652638164771296e-02 0.0000000000000000e+00
3.7126412585159932e-02 5.1551020915590481e-02 0.0000000000000000e+00
3.3693263048611748e-02 5.4605615547999302e-02 0.0000000000000000e+00
3.3050285782477588e-02 4.6923392090263284e-02 0.0000000000000000e+00
3.1439019912153837e-02 4.8774310803752982e-02 0.0000000000000000e+00
1.6792659726898550e-02 2.2631279255901214e-02 0.0000000000000000e+00
1.6535654709768942e-02 2.2820910080850722e-02 0.0000000000000000e+00
1.7111783157363097e-02 2.2776663416319027e-02 0.0000000000000000e+00
1.6794221494912571e-02 2.2925366220506584e-02 0.0000000000000000e+00
1.6988911565717343e-02 2.2539161045144217e-02 0.0000000000000000e+00
1.8060998037623305e-02 2.5482161744806147e-02 0.0000000000000000e+00
2.2715827356408071e-02 3.2631675124329594e-02 0.0000000000000000e+00
2.1512998595687408e-02 3.1125904358943669e-02 0.0000000000000000e+00
2.0413031885981321e-02 2.9191363279151832e-02 0.0000000000000000e+00
1.9097738457557242e-02 2.7460802936268149e-02 0.0000000000000000e+00
1.7036287174091048e-02 2.4554943829353571e-02 0.0000000000000000e+00
1.7311768501991450e-02 2.3834188515919733e-02 0.0000000000000000e+00
2.1430272212445034e-02 5.1737253820632059e-02 0.0000000000000000e+00
2.5001984247852542e-02 6.0360129457404064e-02 0.0000000000000000e+00
1.1632179825530095e-02 2.5469440365004700e-02 0.0000000000000000e+00
1.1976594914658675e-02 2.6300931944264853e-02 0.0000000000000000e+00
1.3028124764388241e-02 2.5865374019266731e-02 0.0000000000000000e+00
1.6397452167603015e-02 3.1701220268968829e-02 0.0000000000000000e+00
1.7818124764388234e-02 3.4161897387521643e-02 0.0000000000000000e+00
1.6166134987637769e-02 3.9028502338309304e-02 0.0000000000000000e+00
1.1052715382147391e-02 2.6683615376629947e-02 0.0000000000000000e+00
1.0715136106222517e-02 2.5868626910316026e-02 0.0000000000000000e+00
1.3609425184892585e-02 3.2856058857469631e-02 0.0000000000000000e+00
2.6720890574538077e-02 4.9213758309070058e-02 0.0000000000000000e+00
2.5423467985414623e-02 4.9896365354548611e-02 0.0000000000000000e+00
2.4108621421264520e-02 5.0544775923592203e-02 0.0000000000000000e+00
2.2777252012244793e-02 5.1158545627985656e-02 0.0000000000000000e+00
3.1736541722800896e-02 5.7107235652948243e-02 0.0000000000000000e+00
3.0797920139298520e-02 5.7618855937425863e-02 0.0000000000000000e+00
2.9851053207854156e-02 5.8115050260894606e-02 0.0000000000000000e+00
2.8896194427641412e-02 5.8595685780135652e-02 0.0000000000000000e+00
2.7933599437445090e-02 5.9060633817398317e-02 0.0000000000000000e+00
2.6963525947220440e-02 5.9509769894850170e-02 0.0000000000000000e+00
2.5986233669098038e-02 5.9942973767902787e-02 0.0000000000000000e+00
2.3811413569383367e-02 5.7485837578480053e-02 0.0000000000000000e+00
2.2620842890914199e-02 5.4611545699556056e-02 0.0000000000000000e+00
1.1717406056782100e-02 2.5675194688363229e-02 0.0000000000000000e+00
1.1829404491064685e-02 2.5945582827372800e-02 0.0000000000000000e+00
1.2479132464289232e-02 2.6092774075606142e-02 0.0000000000000000e+00
1.3638692935687251e-02 2.6922909113441036e-02 0.0000000000000000e+00
1.4328382743666192e-02 2.8117486902322984e-02 0.0000000000000000e+00
1.5018072551645129e-02 2.9312064691204925e-02 0.0000000000000000e+00
1.5707762359624077e-02 3.0506642480086887e-02 0.0000000000000000e+00
1.7107788465995626e-02 3.2931558828245236e-02 0.0000000000000000e+00
1.8259571801060887e-02 3.5535814021854920e-02 0.0000000000000000e+00
1.8094644884030123e-02 3.6969453277847689e-02 0.0000000000000000e+00
1.7352745922399264e-02 3.8207236916055827e-02 0.0000000000000000e+00
1.6692548710118497e-02 4.0299377486541582e-02 0.0000000000000000e+00
1.7218962432599228e-02 4.1570252634773860e-02 0.0000000000000000e+00
1.7745376155079949e-02 4.2841127783006125e-02 0.0000000000000000e+00
1.8271789877560680e-02 4.4112002931238403e-02 0.0000000000000000e+00
1.8798203600041401e-02 4.5382878079470675e-02 0.0000000000000000e+00
1.9324617322522136e-02 4.6653753227702960e-02 0.0000000000000000e+00
1.9851031045002861e-02 4.7924628375935238e-02 0.0000000000000000e+00
2.0377444767483585e-02 4.9195503524167510e-02 0.0000000000000000e+00
2.0903858489964310e-02 5.0466378672399781e-02 0.0000000000000000e+00
1.3789665896259158e-02 2.4368937491600805e-02 0.0000000000000000e+00
1.3578299418435779e-02 2.4487339277743238e-02 0.0000000000000000e+00
1.3365916390645957e-02 2.4603907800149594e-02 0.0000000000000000e+00
1.3152532713110546e-02 2.4718634331826608e-02 0.0000000000000000e+00
1.2938164360964831e-02 2.4831510283683109e-02 0.0000000000000000e+00
1.2722827383062549e-02 2.4942527205172968e-02 0.0000000000000000e+00
1.2506537900774351e-02 2.5051676784927892e-02 0.0000000000000000e+00
1.2289312106780836e-02 2.5158950851379515e-02 0.0000000000000000e+00
1.2071166263860376e-02 2.5264341373371271e-02 0.0000000000000000e+00
1.1852116703671449e-02 2.5367840460759607e-02 0.0000000000000000e+00
1.1508344012903135e-02 2.6494887818365440e-02 0.0000000000000000e+00
1.0908886644933174e-02 2.6336382088588385e-02 0.0000000000000000e+00
1.0799037382417323e-02 2.6071182509205940e-02 0.0000000000000000e+00
1.0899676283214976e-02 2.5791414403268410e-02 0.0000000000000000e+00
1.1083660120040445e-02 2.5712885453473031e-02 0.0000000000000000e+00
1.1267078225814671e-02 2.5633044069196562e-02 0.0000000000000000e+00
1.1449921238529365e-02 2.5551894325694803e-02 0.0000000000000000e+00
1.5483326172359459e-02 3.7380056035956497e-02 0.0000000000000000e+00
1.4565738825298848e-02 3.5164804218020825e-02 0.0000000000000000e+00
1.2705976120420881e-02 3.0674939873108761e-02 0.0000000000000000e+00
1.1970030357279232e-02 2.8898209630561177e-02 0.0000000000000000e+00
1.1437752151223767e-02 2.7613176366546449e-02 0.0000000000000000e+00
2.1120712224014782e-02 4.7345310956804249e-02 0.0000000000000000e+00
2.0119949657043449e-02 4.4727346876602000e-02 0.0000000000000000e+00
1.8895302063309721e-02 4.2261102843392837e-02 0.0000000000000000e+00
2.3847946073930093e-02 4.4195729042631145e-02 0.0000000000000000e+00
1.4019839287497072e-02 2.5152932479719007e-02 0.0000000000000000e+00
2.1507153765984808e-02 4.0297044237959809e-02 0.0000000000000000e+00
1.8075189872593919e-02 3.9588376248792460e-02 0.0000000000000000e+00
2.0361607388054509e-02 3.7677775158510111e-02 0.0000000000000000e+00
2.3492663317788709e-02 4.9259298460056666e-02 0.0000000000000000e+00
2.5305561036770188e-02 4.6646508492790929e-02 0.0000000000000000e+00
1.2375608749614157e-02 2.5504950053231966e-02 0.0000000000000000e+00
1.3139942961946758e-02 2.5024191269198137e-02 0.0000000000000000e+00
1.2090361571193437e-02 2.5767307108578896e-02 0.0000000000000000e+00
2.1657104551343662e-02 4.8606845712038209e-02 0.0000000000000000e+00
2.2232895454549744e-02 4.1681815856536443e-02 0.0000000000000000e+00
2.6006458015560330e-02 4.7922311442358340e-02 0.0000000000000000e+00
1.3803017578060820e-02 2.4690771874602602e-02 0.0000000000000000e+00
2.2208831913223141e-02 4.9874138715115701e-02 0.0000000000000000e+00
1.4032454513121663e-02 2.5733359846874509e-02 0.0000000000000000e+00
1.9629270921298313e-02 3.6578159525930291e-02 0.0000000000000000e+00
1.1936056630749443e-02 2.5552188884156883e-02 0.0000000000000000e+00
1.2767803145836386e-02 2.5291715506850276e-02 0.0000000000000000e+00
1.3483807848901058e-02 2.4865316023942149e-02 0.0000000000000000e+00
1.9031601468030651e-02 3.7885907828610961e-02 0.0000000000000000e+00
1.8401378462339656e-02 4.1036636485007785e-02 0.0000000000000000e+00
1.9542852916001108e-02 3.9364130451573491e-02 0.0000000000000000e+00
1.9948196530522610e-02 4.1043768131032866e-02 0.0000000000000000e+00
1.3453087483597302e-02 2.5235006074461681e-02 0.0000000000000000e+00
2.4611434658297463e-02 4.5399065899290998e-02 0.0000000000000000e+00
2.3032968391424324e-02 4.2989792874421388e-02 0.0000000000000000e+00
2.4754013041219547e-02 4.8602224273921156e-02 0.0000000000000000e+00
2.0615795931696140e-02 4.6060438922805202e-02 0.0000000000000000e+00
1.9537845695202095e-02 4.3387996048857951e-02 0.0000000000000000e+00
2.0858439745605924e-02 3.8910765423788005e-02 0.0000000000000000e+00
2.2899921205298920e-02 4.7982024676106211e-02 0.0000000000000000e+00
1.8320737413790870e-02 3.8465719481077389e-02 0.0000000000000000e+00
1.4290311828433279e-02 2.6516448966977257e-02 0.0000000000000000e+00
2.2323772404500581e-02 4.6741843065784716e-02 0.0000000000000000e+00
2.1674059228102976e-02 4.4065374175532766e-02 0.0000000000000000e+00
2.0863101179272356e-02 4.2552062460428440e-02 0.0000000000000000e+00
2.4107091702418617e-02 4.7326408443482508e-02 0.0000000000000000e+00
2.2863606987798438e-02 4.4988993401626633e-02 0.0000000000000000e+00
2.3473526270690725e-02 4.6103203328351189e-02 0.0000000000000000e+00
2.1790617866400585e-02 4.5618895005837441e-02 0.0000000000000000e+00
2.7053452363712129e-02 5.5144698375446853e-02 0.0000000000000000e+00
2.8960315970464667e-02 5.7144537665449427e-02 0.0000000000000000e+00
2.6081287411344332e-02 5.7927926907926024e-02 0.0000000000000000e+00
3.0443218729548045e-02 5.6482029510488932e-02 0.0000000000000000e+00
2.4111706690667006e-02 5.2084083135092885e-02 0.0000000000000000e+00
2.6520282252050977e-02 5.1614145315886518e-02 0.0000000000000000e+00
1.1202932892300968e-02 2.5858509548552597e-02 0.0000000000000000e+00
1.1495660512612643e-02 2.5730752087293057e-02 0.0000000000000000e+00
1.1169277553298390e-02 2.6207570626486640e-02 0.0000000000000000e+00
1.1456838790564063e-02 2.6006905561630250e-02 0.0000000000000000e+00
1.1025030262224844e-02 2.5982409521130588e-02 0.0000000000000000e+00
1.3037700395534471e-02 2.8382363990685749e-02 0.0000000000000000e+00
1.6901945947506127e-02 3.5988321120795683e-02 0.0000000000000000e+00
1.6199324592766313e-02 3.4193755474916078e-02 0.0000000000000000e+00
1.5073946227855043e-02 3.2273885821097505e-02 0.0000000000000000e+00
1.4232883722347905e-02 3.0269528127209677e-02 0.0000000000000000e+00
1.2747061557674617e-02 2.7031329393606637e-02 0.0000000000000000e+00
1.1985128482378095e-02 2.6909525565119736e-02 0.0000000000000000e+00
7.2469332628705861e-03 2.7045923136093913e-02 0.0000000000000000e+00
1.4493866525741172e-02 5.4091846272187827e-02 0.0000000000000000e+00
1.6909510946698035e-02 6.3107153984219136e-02 0.0000000000000000e+00
9.7844207605075235e-03 2.6234807229734879e-02 0.0000000000000000e+00
1.0128835849636104e-02 2.7066298808995033e-02 0.0000000000000000e+00
9.0773059999065455e-03 2.7501856733993170e-02 0.0000000000000000e+00
1.0821398202182151e-02 3.4010897445970426e-02 0.0000000000000000e+00
1.1556792451988689e-02 3.6755426149842424e-02 0.0000000000000000e+00
1.5904859303419675e-02 5.3693905152618807e-02 0.0000000000000000e+00
1.7304951684997075e-02 5.3259164912528606e-02 0.0000000000000000e+00
1.8693184117091199e-02 5.2787923501161980e-02 0.0000000000000000e+00
2.0068605174536847e-02 5.2280503883843282e-02 0.0000000000000000e+00
1.7939789721415592e-02 6.2822037448620180e-02 0.0000000000000000e+00
1.8965265580624887e-02 6.2520101934504302e-02 0.0000000000000000e+00
1.9985663979641518e-02 6.2201428277309727e-02 0.0000000000000000e+00
2.1000711733139922e-02 6.1866101793680239e-02 0.0000000000000000e+00
2.2010137088291741e-02 6.1514212258624024e-02 0.0000000000000000e+00
2.3013669797520623e-02 6.1145853881478598e-02 0.0000000000000000e+00
2.4011041190854013e-02 6.0761125280688791e-02 0.0000000000000000e+00
1.5299081332726797e-02 5.7096948842864932e-02 0.0000000000000000e+00
1.6104296139712412e-02 6.0102051413542031e-02 0.0000000000000000e+00
9.8696469917595262e-03 2.6440561553093409e-02 0.0000000000000000e+00
9.9816454260421138e-03 2.6710949692102980e-02 0.0000000000000000e+00
9.6262983000055553e-03 2.7274456677653762e-02 0.0000000000000000e+00
9.3933593420377492e-03 2.8681383864728769e-02 0.0000000000000000e+00
9.7503690570738492e-03 3.0013762260039187e-02 0.0000000000000000e+00
1.0107378772109947e-02 3.1346140655349589e-02 0.0000000000000000e+00
1.0464388487146052e-02 3.2678519050660021e-02 0.0000000000000000e+00
1.1189095327085423e-02 3.5383161797906432e-02 0.0000000000000000e+00
1.2216148027744811e-02 3.8039082111930425e-02 0.0000000000000000e+00
1.3346505008865174e-02 3.8936197210185507e-02 0.0000000000000000e+00
1.4746351999808345e-02 3.9286840627679800e-02 0.0000000000000000e+00
7.3199830050071010e-03 2.7318548485227193e-02 0.0000000000000000e+00
7.4220138373127563e-03 2.7699332735330436e-02 0.0000000000000000e+00
7.5647442489261071e-03 2.8232009883256678e-02 0.0000000000000000e+00
7.7644528315140605e-03 2.8977332460182487e-02 0.0000000000000000e+00
8.0429608700646367e-03 3.0016738610369589e-02 0.0000000000000000e+00
8.4110575967897595e-03 3.1390494296607542e-02 0.0000000000000000e+00
8.7912331548492227e-03 3.2809328795081312e-02 0.0000000000000000e+00
9.1714087129086859e-03 3.4228163293555075e-02 0.0000000000000000e+00
9.5515842709681439e-03 3.5646997792028831e-02 0.0000000000000000e+00
9.9317598290276088e-03 3.7065832290502601e-02 0.0000000000000000e+00
1.0311935387087067e-02 3.8484666788976350e-02 0.0000000000000000e+00
1.0692110945146528e-02 3.9903501287450113e-02 0.0000000000000000e+00
1.1072286503205990e-02 4.1322335785923876e-02 0.0000000000000000e+00
1.1452462061265453e-02 4.2741170284397639e-02 0.0000000000000000e+00
1.1832637619324916e-02 4.4160004782871409e-02 0.0000000000000000e+00
1.2212813177384376e-02 4.5578839281345165e-02 0.0000000000000000e+00
1.2592988735443846e-02 4.6997673779818935e-02 0.0000000000000000e+00
1.2973164293503306e-02 4.8416508278292705e-02 0.0000000000000000e+00
1.3353339851562776e-02 4.9835342776766496e-02 0.0000000000000000e+00
1.3733515409622241e-02 5.1254177275240273e-02 0.0000000000000000e+00
1.4113690967681707e-02 5.2673011773714050e-02 0.0000000000000000e+00
7.4806746850803090e-03 2.6982207216163741e-02 0.0000000000000000e+00
7.7138560607506509e-03 2.6916471252265230e-02 0.0000000000000000e+00
7.9464599325761963e-03 2.6848720165772545e-02 0.0000000000000000e+00
8.1784688864868400e-03 2.6778959028923566e-02 0.0000000000000000e+00
8.4098655529514770e-03 2.6707193064440159e-02 0.0000000000000000e+00
8.6406326082783345e-03 2.6633427645137171e-02 0.0000000000000000e+00
8.8707527759120143e-03 2.6557668293520229e-02 0.0000000000000000e+00
9.1002088277268578e-03 2.6479920681372181e-02 0.0000000000000000e+00
9.3289835853167333e-03 2.6400190629328631e-02 0.0000000000000000e+00
9.5570599212811656e-03 2.6318484106442018e-02 0.0000000000000000e+00
1.0597086751391651e-02 2.6872342934894461e-02 0.0000000000000000e+00
1.0530049008344000e-02 2.5944519033542977e-02 0.0000000000000000e+00
1.0344424436776221e-02 2.6019086899271217e-02 0.0000000000000000e+00
1.0158271866149662e-02 2.6092326701415348e-02 0.0000000000000000e+00
9.9716007980448825e-03 2.6164234701676843e-02 0.0000000000000000e+00
1.8543591597851586e-02 4.8412789272032491e-02 0.0000000000000000e+00
1.7400057441300864e-02 4.5853963120555591e-02 0.0000000000000000e+00
1.6522116179450697e-02 4.3244108622519616e-02 0.0000000000000000e+00
1.4388055319280672e-02 4.8114144091774794e-02 0.0000000000000000e+00
7.8722856918019262e-03 2.7699332554471427e-02 0.0000000000000000e+00
1.3286458970486031e-02 4.3702167514385319e-02 0.0000000000000000e+00
1.5212119971540043e-02 4.0774298631831171e-02 0.0000000000000000e+00
1.2244379654653111e-02 4.1040040974555991e-02 0.0000000000000000e+00
1.8219762437457290e-02 5.1443405517738974e-02 0.0000000000000000e+00
1.5090328663098090e-02 5.0877796284758629e-02 0.0000000000000000e+00
9.2838462683007879e-03 2.6785600004628263e-02 0.0000000000000000e+00
8.4034325673622082e-03 2.6986118112956200e-02 0.0000000000000000e+00
9.6710609354043534e-03 2.6769414243380588e-02 0.0000000000000000e+00
1.9056344725949349e-02 4.9684115704191616e-02 0.0000000000000000e+00
1.3752463503002197e-02 4.5194525785649566e-02 0.0000000000000000e+00
1.5496848573579323e-02 5.2275534208471211e-02 0.0000000000000000e+00
7.6988048949776693e-03 2.7219219555545501e-02 0.0000000000000000e+00
1.9562326043224561e-02 5.0970357339369117e-02 0.0000000000000000e+00
8.2737895075184909e-03 2.8118676993358682e-02 0.0000000000000000e+00
1.1984674065910680e-02 3.9744655222306566e-02 0.0000000000000000e+00
9.6280594499172749e-03 2.6508192618376437e-02 0.0000000000000000e+00
8.8557433574589558e-03 2.6912143728010630e-02 0.0000000000000000e+00
8.0479416107016900e-03 2.7116925543050341e-02 0.0000000000000000e+00
1.3332007882135004e-02 4.0246756791903648e-02 0.0000000000000000e+00
1.6005544441735849e-02 4.2029023429536752e-02 0.0000000000000000e+00
1.4015759757183820e-02 4.1653527398455167e-02 0.0000000000000000e+00
1.4916821731727162e-02 4.3127831810076143e-02 0.0000000000000000e+00
8.3310745309880616e-03 2.7356613306083088e-02 0.0000000000000000e+00
1.4699075015311871e-02 4.9504899698535366e-02 0.0000000000000000e+00
1.4111605922876953e-02 4.6685142203740024e-02 0.0000000000000000e+00
1.6863231881812515e-02 5.1870692847865642e-02 0.0000000000000000e+00
1.7992079603883996e-02 4.7147217809604736e-02 0.0000000000000000e+00
1.6864603047388807e-02 4.4495289409096382e-02 0.0000000000000000e+00
1.2764921903230596e-02 4.2263210281408496e-02 0.0000000000000000e+00
1.7735725450630492e-02 5.0121104596439432e-02 0.0000000000000000e+00
1.4244653426659704e-02 4.0154088749918923e-02 0.0000000000000000e+00
8.6451844783811474e-03 2.8854737276692143e-02 0.0000000000000000e+00
1.7266183348086314e-02 4.8836765045861250e-02 0.0000000000000000e+00
1.5833050639011321e-02 4.6484799151072266e-02 0.0000000000000000e+00
1.5336411598797948e-02 4.4841292239687018e-02 0.0000000000000000e+00
1.6418536322124620e-02 5.0511112357056916e-02 0.0000000000000000e+00
1.5645010769590646e-02 4.7979033856503449e-02 0.0000000000000000e+00
1.6001598103533368e-02 4.9198177312265313e-02 0.0000000000000000e+00
1.6849136349288203e-02 4.7665723668441365e-02 0.0000000000000000e+00
1.9863510546877197e-02 5.8122869788653338e-02 0.0000000000000000e+00
1.9929254282988744e-02 6.0885325899029993e-02 0.0000000000000000e+00
2.2518974746036272e-02 5.9403485127310078e-02 0.0000000000000000e+00
1.8412219677236698e-02 6.1465432486854155e-02 0.0000000000000000e+00
1.9779457069756402e-02 5.3878559683659760e-02 0.0000000000000000e+00
1.7744040738604763e-02 5.5249383577417724e-02 0.0000000000000000e+00
1.0363057635834805e-02 2.6206397270482466e-02 0.0000000000000000e+00
1.0065729783268019e-02 2.6323048788641654e-02 0.0000000000000000e+00
1.0633679009522105e-02 2.6429422807306060e-02 0.0000000000000000e+00
1.0288450880537963e-02 2.6490867680075816e-02 0.0000000000000000e+00
1.0576464302751274e-02 2.6168211625163439e-02 0.0000000000000000e+00
1.0850315683157825e-02 2.9288408404679726e-02 0.0000000000000000e+00
1.3496105313303624e-02 3.7399066502763749e-02 0.0000000000000000e+00
1.2723984100360738e-02 3.5633288640734860e-02 0.0000000000000000e+00
1.2162193922380741e-02 3.3479973116296087e-02 0.0000000000000000e+00
1.1339620006155075e-02 3.1467957197978735e-02 0.0000000000000000e+00
1.0100502651072429e-02 2.8127569986340573e-02 0.0000000000000000e+00
1.0553142382327350e-02 2.7502673628890511e-02 0.0000000000000000e+00
7.3094667643229007e-03 5.5520912236933374e-02 0.0000000000000000e+00
8.5277112250433853e-03 6.4774397609755618e-02 0.0000000000000000e+00
4.6438466749520761e-03 2.7612219904591818e-02 0.0000000000000000e+00
4.7613202479501225e-03 2.8504520279828242e-02 0.0000000000000000e+00
5.8897507731526209e-03 2.8355959582831484e-02 0.0000000000000000e+00
7.6338429754282304e-03 3.4865000294808747e-02 0.0000000000000000e+00
8.3692372252347682e-03 3.7609528998680745e-02 0.0000000000000000e+00
5.5139675888519228e-03 4.1882741990455108e-02 0.0000000000000000e+00
3.7698753865763146e-03 2.8635046472048297e-02 0.0000000000000000e+00
3.6547333821614512e-03 2.7760456118466687e-02 0.0000000000000000e+00
4.6419214877141193e-03 3.5258894231251711e-02 0.0000000000000000e+00
1.3072940375930712e-02 5.4452715542269881e-02 0.0000000000000000e+00
1.1643054685794527e-02 5.4776265641093121e-02 0.0000000000000000e+00
1.0205189427560253e-02 5.5062274823581454e-02 0.0000000000000000e+00
8.7603300422529132e-03 5.5310547073327707e-02 0.0000000000000000e+00
1.5874705087013257e-02 6.3375375208710213e-02 0.0000000000000000e+00
1.4835649184912394e-02 6.3626629312785801e-02 0.0000000000000000e+00
1.3792621420785732e-02 6.3860849029646713e-02 0.0000000000000000e+00
1.2745901038387047e-02 6.4077971653011059e-02 0.0000000000000000e+00
1.1695768270073329e-02 6.4277939053902416e-02 0.0000000000000000e+00
1.0642504261779784e-02 6.4460697696212099e-02 0.0000000000000000e+00
9.5863909977502819e-03 6.4626198651032377e-02 0.0000000000000000e+00
8.1216297381365571e-03 6.1689902485481521e-02 0.0000000000000000e+00
7.7155482512297280e-03 5.8605407361207451e-02 0.0000000000000000e+00
4.6729157552983010e-03 2.7833021491184783e-02 0.0000000000000000e+00
4.7111163355302845e-03 2.8123183705590363e-02 0.0000000000000000e+00
5.3006094666151245e-03 2.8433521507269049e-02 0.0000000000000000e+00
6.2058041152838255e-03 2.9535486713567087e-02 0.0000000000000000e+00
6.5628138303199272e-03 3.0867865108877502e-02 0.0000000000000000e+00
6.9198235453560254e-03 3.2200243504187910e-02 0.0000000000000000e+00
7.2768332603921305e-03 3.3532621899498335e-02 0.0000000000000000e+00
8.0015401003314997e-03 3.6237264646744746e-02 0.0000000000000000e+00
8.4400465275470526e-03 3.9050885459446363e-02 0.0000000000000000e+00
7.9096862156792687e-03 4.0392988415214014e-02 0.0000000000000000e+00
6.8727048688584265e-03 4.1396578017905451e-02 0.0000000000000000e+00
5.6935175063990203e-03 4.3246559015102930e-02 0.0000000000000000e+00
5.8730674239461213e-03 4.4610376039750765e-02 0.0000000000000000e+00
6.0526173414932154e-03 4.5974193064398580e-02 0.0000000000000000e+00
6.2321672590403164e-03 4.7338010089046423e-02 0.0000000000000000e+00
6.4117171765874096e-03 4.8701827113694238e-02 0.0000000000000000e+00
6.5912670941345123e-03 5.0065644138342080e-02 0.0000000000000000e+00
6.7708170116816090e-03 5.1429461162989909e-02 0.0000000000000000e+00
6.9503669292287074e-03 5.2793278187637724e-02 0.0000000000000000e+00
7.1299168467758032e-03 5.4157095212285553e-02 0.0000000000000000e+00
7.0126492933551771e-03 2.7107614241913748e-02 0.0000000000000000e+00
6.7778403163860027e-03 2.7167275915070555e-02 0.0000000000000000e+00
6.5425239111201192e-03 2.7224903688946662e-02 0.0000000000000000e+00
6.3067176947035576e-03 2.7280493249193884e-02 0.0000000000000000e+00
6.0704393209524456e-03 2.7334040434056482e-02 0.0000000000000000e+00
5.8337064790313651e-03 2.7385541234682714e-02 0.0000000000000000e+00
5.5965368921289914e-03 2.7434991795425044e-02 0.0000000000000000e+00
5.3589483161312346e-03 2.7482388414128679e-02 0.0000000000000000e+00
5.1209585382919996e-03 2.7527727542408842e-02 0.0000000000000000e+00
4.8825853759014229e-03 2.7571005785916359e-02 0.0000000000000000e+00
4.2588251346345621e-03 2.8570675016521704e-02 0.0000000000000000e+00
3.7208180827772832e-03 2.8262419254957601e-02 0.0000000000000000e+00
3.6833505450117694e-03 2.7977825050881529e-02 0.0000000000000000e+00
3.8529695724504585e-03 2.7733637076189109e-02 0.0000000000000000e+00
4.0510090998588776e-03 2.7705402456431858e-02 0.0000000000000000e+00
4.2488418560733205e-03 2.7675753700343544e-02 0.0000000000000000e+00
4.4464577433343828e-03 2.7644692321252946e-02 0.0000000000000000e+00
5.2810742176344939e-03 4.0113741208203886e-02 0.0000000000000000e+00
4.9681022614123140e-03 3.7736483184561638e-02 0.0000000000000000e+00
4.3337718363914641e-03 3.2918265249882832e-02 0.0000000000000000e+00
4.0827544418058637e-03 3.1011598842593711e-02 0.0000000000000000e+00
3.9012042581233418e-03 2.9632588288221191e-02 0.0000000000000000e+00
8.1471732348731198e-03 5.1198501176568656e-02 0.0000000000000000e+00
7.8580897888028082e-03 4.8410725647246335e-02 0.0000000000000000e+00
7.3134819755776275e-03 4.5711554720841027e-02 0.0000000000000000e+00
1.1596650628334534e-02 4.8862098724462261e-02 0.0000000000000000e+00
7.0320668822865008e-03 2.7924468505946525e-02 0.0000000000000000e+00
1.0344672762412133e-02 4.4490416753143733e-02 0.0000000000000000e+00
7.2130669751453089e-03 4.2917638422428891e-02 0.0000000000000000e+00
9.9160766527670880e-03 4.1663907883646309e-02 0.0000000000000000e+00
9.9429256371140091e-03 5.3661177254275154e-02 0.0000000000000000e+00
1.2370290168679922e-02 5.1606628402719540e-02 0.0000000000000000e+00
5.3527532891362965e-03 2.7838933193767040e-02 0.0000000000000000e+00
6.2154729741529524e-03 2.7572380119028548e-02 0.0000000000000000e+00
5.0093226700828365e-03 2.8018523246898748e-02 0.0000000000000000e+00
8.3387792161500850e-03 5.2555878727369984e-02 0.0000000000000000e+00
1.0687280134606566e-02 4.6015839193864490e-02 0.0000000000000000e+00
1.2717102560915287e-02 5.3020364907728164e-02 0.0000000000000000e+00
6.9422491599421127e-03 2.7421938053777413e-02 0.0000000000000000e+00
8.5437073591381873e-03 5.3922787317476538e-02 0.0000000000000000e+00
6.8940265976031997e-03 2.8488383350816899e-02 0.0000000000000000e+00
9.4932954139981072e-03 4.0412218120126672e-02 0.0000000000000000e+00
4.9159522364130405e-03 2.7770797940883763e-02 0.0000000000000000e+00
5.7867731470505725e-03 2.7734471817484726e-02 0.0000000000000000e+00
6.5887408884836660e-03 2.7507917198163576e-02 0.0000000000000000e+00
8.5775208865685511e-03 4.1520717742789946e-02 0.0000000000000000e+00
7.1533036268243214e-03 4.4400974207098112e-02 0.0000000000000000e+00
8.6887596961667916e-03 4.3080892762885216e-02 0.0000000000000000e+00
8.6455693416385825e-03 4.4808208823532127e-02 0.0000000000000000e+00
6.4633844683843642e-03 2.7857059350069383e-02 0.0000000000000000e+00
1.2022677473874486e-02 5.0222038258388155e-02 0.0000000000000000e+00
1.1121561884463640e-02 4.7486322089166366e-02 0.0000000000000000e+00
1.1331359224375538e-02 5.3352953659057685e-02 0.0000000000000000e+00
7.9920109009269848e-03 4.9826728142817807e-02 0.0000000000000000e+00
7.6424700407690437e-03 4.6966352500712544e-02 0.0000000000000000e+00
1.0076858495182158e-02 4.2983474700798725e-02 0.0000000000000000e+00
9.7009635034275218e-03 5.2274012571568787e-02 0.0000000000000000e+00
7.7408126393671162e-03 4.1896787636574569e-02 0.0000000000000000e+00
6.9404192596650861e-03 2.9311527740331779e-02 0.0000000000000000e+00
9.4654291170880450e-03 5.0926970842410900e-02 0.0000000000000000e+00
9.5305755027469078e-03 4.8173542274151555e-02 0.0000000000000000e+00
9.1389240723901803e-03 4.6501904017489930e-02 0.0000000000000000e+00
1.1036686630611029e-02 5.1953174635683663e-02 0.0000000000000000e+00
1.0440540159305111e-02 4.9373567553560961e-02 0.0000000000000000e+00
1.0741298197323881e-02 5.0607670424079647e-02 0.0000000000000000e+00
9.2410817239093248e-03 4.9704295761283497e-02 0.0000000000000000e+00
1.1859130152390908e-02 6.0267637051267448e-02 0.0000000000000000e+00
1.3183422461966939e-02 6.2692866087748961e-02 0.0000000000000000e+00
1.0199738366407422e-02 6.2704414566599725e-02 0.0000000000000000e+00
1.4787266262880398e-02 6.2436735826831360e-02 0.0000000000000000e+00
9.8097675463571440e-03 5.6549929940243611e-02 0.0000000000000000e+00
1.2257901743291165e-02 5.6719390090776887e-02 0.0000000000000000e+00
4.1285274617259967e-03 2.7876934595822387e-02 0.0000000000000000e+00
4.4443466943811004e-03 2.7829293847654875e-02 0.0000000000000000e+00
4.0056752457175481e-03 2.8205391063247931e-02 0.0000000000000000e+00
4.3353740119036659e-03 2.8085989819506770e-02 0.0000000000000000e+00
3.9246190441798558e-03 2.7950568190374444e-02 0.0000000000000000e+00
5.2475551816444921e-03 3.0789663556445215e-02 0.0000000000000000e+00
7.0115631979108103e-03 3.9136594325868856e-02 0.0000000000000000e+00
6.7973508521057572e-03 3.7221325233440232e-02 0.0000000000000000e+00
6.2072176556136286e-03 3.5075604197922841e-02 0.0000000000000000e+00
5.9135796043968307e-03 3.2921860341728497e-02 0.0000000000000000e+00
5.3164931063495041e-03 2.9409441480431862e-02 0.0000000000000000e+00
4.6120474215955503e-03 2.9094585225775210e-02 0.0000000000000000e+00
6.4209690351719964e-18 2.8000000000000001e-02 0.0000000000000000e+00
1.2841938070343993e-17 5.6000000000000001e-02 0.0000000000000000e+00
1.5649166144318223e-17 6.5333333333333340e-02 0.0000000000000000e+00
2.6609569522044567e-03 2.7873272289031921e-02 0.0000000000000000e+00
2.7784305252025027e-03 2.8765572664268348e-02 0.0000000000000000e+00
1.6500000000000069e-03 2.8914133361265120e-02 0.0000000000000000e+00
1.6500000000000078e-03 3.5652788167694661e-02 0.0000000000000000e+00
1.6500000000000082e-03 3.8494133361265101e-02 0.0000000000000000e+00
1.4659091052409113e-03 5.5980810198631208e-02 0.0000000000000000e+00
2.9308135496048772e-03 5.5923253946256142e-02 0.0000000000000000e+00
4.3937093607593477e-03 5.5827370689055168e-02 0.0000000000000000e+00
5.8535939429886332e-03 5.5693226140623296e-02 0.0000000000000000e+00
1.0689664662638183e-03 6.5324587676758042e-02 0.0000000000000000e+00
2.1376467443560581e-03 6.5298353048455895e-02 0.0000000000000000e+00
3.2057547227246712e-03 6.5254636472071276e-02 0.0000000000000000e+00
4.2730044430360475e-03 6.5193449651588770e-02 0.0000000000000000e+00
5.3391101767330251e-03 6.5114808968199780e-02 0.0000000000000000e+00
6.4037865015313345e-03 6.5018735475916856e-02 0.0000000000000000e+00
7.4667483778340146e-03 6.4905254895937042e-02 0.0000000000000000e+00
1.4415031189388538e-17 5.9111111111111121e-02 0.0000000000000000e+00
1.5810796501250488e-17 6.2222222222222220e-02 0.0000000000000000e+00
2.6900260325506803e-03 2.8094073875624889e-02 0.0000000000000000e+00
2.7282266127826656e-03 2.8384236090030466e-02 0.0000000000000000e+00
2.2391413065375046e-03 2.8836571436827559e-02 0.0000000000000000e+00
1.6500000000000067e-03 3.0135269703863141e-02 0.0000000000000000e+00
1.6500000000000067e-03 3.1514649319821023e-02 0.0000000000000000e+00
1.6500000000000076e-03 3.2894028935778891e-02 0.0000000000000000e+00
1.6500000000000069e-03 3.4273408551736793e-02 0.0000000000000000e+00
1.6500000000000102e-03 3.7073460764479892e-02 0.0000000000000000e+00
1.9546539689827705e-03 3.9904703587616067e-02 0.0000000000000000e+00
2.8143044968956428e-03 4.1063808144653040e-02 0.0000000000000000e+00
4.0756996638133328e-03 4.1764810738914589e-02 0.0000000000000000e+00
6.0525050602835916e-18 2.8282242530133665e-02 0.0000000000000000e+00
7.6211860256113383e-18 2.8676459394140871e-02 0.0000000000000000e+00
7.3304543328477924e-18 2.9227927357237688e-02 0.0000000000000000e+00
7.7866746993459424e-18 2.9999542067850837e-02 0.0000000000000000e+00
6.8163981007314936e-18 3.1075614496911291e-02 0.0000000000000000e+00
8.6556050949035902e-18 3.2497831036576351e-02 0.0000000000000000e+00
8.0042725490088298e-18 3.3966716596790333e-02 0.0000000000000000e+00
1.0645059147885090e-17 3.5435602157004309e-02 0.0000000000000000e+00
8.1407845878917926e-18 3.6904487717218271e-02 0.0000000000000000e+00
9.1650662489129749e-18 3.8373373277432246e-02 0.0000000000000000e+00
1.0012020102751562e-17 3.9842258837646208e-02 0.0000000000000000e+00
1.0977192494711879e-17 4.1311144397860183e-02 0.0000000000000000e+00
1.0266750679756254e-17 4.2780029958074159e-02 0.0000000000000000e+00
1.1172813802655706e-17 4.4248915518288134e-02 0.0000000000000000e+00
1.0521481256760946e-17 4.5717801078502110e-02 0.0000000000000000e+00
1.1427544379660399e-17 4.7186686638716079e-02 0.0000000000000000e+00
1.2510935309742446e-17 4.8655572198930068e-02 0.0000000000000000e+00
1.1800493494786821e-17 5.0124457759144037e-02 0.0000000000000000e+00
1.3002102962990600e-17 5.1593343319358040e-02 0.0000000000000000e+00
1.2409879686156703e-17 5.3062228879572029e-02 0.0000000000000000e+00
1.5168884823154693e-17 5.4531114439786019e-02 0.0000000000000000e+00
2.4226776994007088e-04 2.7998951879090909e-02 0.0000000000000000e+00
4.8451740231477417e-04 2.7995807594832021e-02 0.0000000000000000e+00
7.2673076091659468e-04 2.7990567382622625e-02 0.0000000000000000e+00
9.6888971225371598e-04 2.7983231634775296e-02 0.0000000000000000e+00
1.2109761269075629e-03 2.7973800900486519e-02 0.0000000000000000e+00
1.4529718808900379e-03 2.7962275885795539e-02 0.0000000000000000e+00
1.6948588570004626e-03 2.7948657453531596e-02 0.0000000000000000e+00
1.9366189461819028e-03 2.7932946623249206e-02 0.0000000000000000e+00
2.1782340488768702e-03 2.7915144571151941e-02 0.0000000000000000e+00
2.4196860763824575e-03 2.7895252630004280e-02 0.0000000000000000e+00
3.2809256385180645e-03 2.8699417927574900e-02 0.0000000000000000e+00
3.4563106473432968e-03 2.7785858214369796e-02 0.0000000000000000e+00
3.2577114958690190e-03 2.7809842067327221e-02 0.0000000000000000e+00
3.0589460646162849e-03 2.7832406453157595e-02 0.0000000000000000e+00
2.8600244989499999e-03 2.7853550220131827e-02 0.0000000000000000e+00
5.3815821463848107e-03 5.1562598150673593e-02 0.0000000000000000e+00
4.9392859124373885e-03 4.8794993467537615e-02 0.0000000000000000e+00
4.7667398226896932e-03 4.6046839685979828e-02 0.0000000000000000e+00
1.4449373932107666e-03 5.0198597126657328e-02 0.0000000000000000e+00
4.3492925991192664e-04 2.8792998150859912e-02 0.0000000000000000e+00
1.5227805945389168e-03 4.5651840890490930e-02 0.0000000000000000e+00
4.1406145165026973e-03 4.3322134462327730e-02 0.0000000000000000e+00
1.2052183193149595e-03 4.2810714139375268e-02 0.0000000000000000e+00
4.2844059942685154e-03 5.4406135497903095e-02 0.0000000000000000e+00
1.4079955315348320e-03 5.3049841870988615e-02 0.0000000000000000e+00
2.0348834621531624e-03 2.8275739043159234e-02 0.0000000000000000e+00
1.1325712252746457e-03 2.8241556829259721e-02 0.0000000000000000e+00
2.4130932926968002e-03 2.8360323328741392e-02 0.0000000000000000e+00
5.5478201421399267e-03 5.2923315460127629e-02 0.0000000000000000e+00
1.5866556649445833e-03 4.7213959134900452e-02 0.0000000000000000e+00
1.4389024172505047e-03 5.4505168124932162e-02 0.0000000000000000e+00
3.9162206581748449e-04 2.8284344471482585e-02 0.0000000000000000e+00
5.7036567323280737e-03 5.4296687075770740e-02 0.0000000000000000e+00
7.1421783762430982e-04 2.9301970608680589e-02 0.0000000000000000e+00
1.2896324873536459e-03 4.1492250833784550e-02 0.0000000000000000e+00
2.4391661788397390e-03 2.8096873011352930e-02 0.0000000000000000e+00
1.5886158786119677e-03 2.8287169707139348e-02 0.0000000000000000e+00
7.5533787507476235e-04 2.8275899274312698e-02 0.0000000000000000e+00
2.4611035682897374e-03 4.2325959359028158e-02 0.0000000000000000e+00
4.5822570294659351e-03 4.4739458913053920e-02 0.0000000000000000e+00
2.7574581381070054e-03 4.3861763426947802e-02 0.0000000000000000e+00
3.2462391103992658e-03 4.5519044133773924e-02 0.0000000000000000e+00
9.6678751710112037e-04 2.8580700066937088e-02 0.0000000000000000e+00
1.3854053119791302e-03 5.1622461706018564e-02 0.0000000000000000e+00
1.5477606856732493e-03 4.8746736928392320e-02 0.0000000000000000e+00
2.8635079976531788e-03 5.4467767422254176e-02 0.0000000000000000e+00
5.1764164653178872e-03 5.0197408182458922e-02 0.0000000000000000e+00
4.7737273171635430e-03 4.7344029645210881e-02 0.0000000000000000e+00
1.3914440088922612e-03 4.4126931210500535e-02 0.0000000000000000e+00
4.1590988296023009e-03 5.3003612897169233e-02 0.0000000000000000e+00
3.3666357241318007e-03 4.2472658952354421e-02 0.0000000000000000e+00
8.8245141206416992e-04 3.0109074337772577e-02 0.0000000000000000e+00
4.0379675222928547e-03 5.1641509716925355e-02 0.0000000000000000e+00
3.2624011931006829e-03 4.8998763077329623e-02 0.0000000000000000e+00
3.2080556072392979e-03 4.7282717663789373e-02 0.0000000000000000e+00
2.7858503960856993e-03 5.3039417833143511e-02 0.0000000000000000e+00
2.6940322272364834e-03 5.0393414670398373e-02 0.0000000000000000e+00
2.7229315973560514e-03 5.1663308413536772e-02 0.0000000000000000e+00
3.9382188664567686e-03 5.0402430900830561e-02 0.0000000000000000e+00
4.1433721806765755e-03 6.1283435859023509e-02 0.0000000000000000e+00
3.4918995006781419e-03 6.3968779291028219e-02 0.0000000000000000e+00
6.3769059923355631e-03 6.3207699996504246e-02 0.0000000000000000e+00
1.8764139624896561e-03 6.4136481778159782e-02 0.0000000000000000e+00
5.1606910448296177e-03 5.7161992473144588e-02 0.0000000000000000e+00
2.8398345121335507e-03 5.7959302164204800e-02 0.0000000000000000e+00
3.2272302926513955e-03 2.7995592619199507e-02 0.0000000000000000e+00
2.9098420064423485e-03 2.8031315222381580e-02 0.0000000000000000e+00
3.4309072101676259e-03 2.8281060710661481e-02 0.0000000000000000e+00
3.0815393411236739e-03 2.8251060285476630e-02 0.0000000000000000e+00
3.4432484759863778e-03 2.8013941827942177e-02 0.0000000000000000e+00
2.9002022458796102e-03 3.1098698433157771e-02 0.0000000000000000e+00
3.3566459964661077e-03 3.9617773303914187e-02 0.0000000000000000e+00
3.0678511159724208e-03 3.7712323188453710e-02 0.0000000000000000e+00
3.0825225419456857e-03 3.5486978113836352e-02 0.0000000000000000e+00
2.8087251909415423e-03 3.3330622179905137e-02 0.0000000000000000e+00
2.4763855642530724e-03 2.9783348731765660e-02 0.0000000000000000e+00
3.0753370492000130e-03 2.9296896984369540e-02 0.0000000000000000e+00
2.7750000000000000e-02 0.0000000000000000e+00 0.0000000000000000e+00
1.6991974338169530e-18 2.7750000000000000e-02 0.0000000000000000e+00
2.7833333333333331e-02 0.0000000000000000e+00 0.0000000000000000e+00
1.7043001288134000e-18 2.7833333333333331e-02 0.0000000000000000e+00
2.7916666666666669e-02 0.0000000000000000e+00 0.0000000000000000e+00
1.7094028238098470e-18 2.7916666666666669e-02 0.0000000000000000e+00
2.4216136007988121e-04 2.7748943365030750e-02 0.0000000000000000e+00
4.8430427863460689e-04 2.7745773540589859e-02 0.0000000000000000e+00
7.2641031554347897e-04 2.7740490768071710e-02 0.0000000000000000e+00
9.6846103349438597e-04 2.7733095449779911e-02 0.0000000000000000e+00
1.2104379993880671e-03 2.7723588148896559e-02 0.0000000000000000e+00
1.4523227857416950e-03 2.7711969589439420e-02 0.0000000000000000e+00
1.6940969720922660e-03 2.7698240656206810e-02 0.0000000000000000e+00
1.9357421463994751e-03 2.7682402394710121e-02 0.0000000000000000e+00
2.1772399064476800e-03 2.7664456011094300e-02 0.0000000000000000e+00
2.4185718612475060e-03 2.7644402872045941e-02 0.0000000000000000e+00
2.6597196324362180e-03 2.7622244504689211e-02 0.0000000000000000e+00
2.9006648556773700e-03 2.7597982596469589e-02 0.0000000000000000e+00
3.1413891820594080e-03 2.7571618995025301e-02 0.0000000000000000e+00
3.3818742794928238e-03 2.7543155708046690e-02 0.0000000000000000e+00
3.6221018341064228e-03 2.7512594903123241e-02 0.0000000000000000e+00
3.8620535516418171e-03 2.7479938907578581e-02 0.0000000000000000e+00
4.1017111588466807e-03 2.7445190208293200e-02 0.0000000000000000e+00
4.3410564048664011e-03 2.7408351451515069e-02 0.0000000000000000e+00
4.5800710626337851e-03 2.7369425442658180e-02 0.0000000000000000e+00
4.8187369302573066e-03 2.7328415146088771e-02 0.0000000000000000e+00
5.0570358324070674e-03 2.7285323684899741e-02 0.0000000000000000e+00
5.2949496216991030e-03 2.7240154340672680e-02 0.0000000000000000e+00
5.5324601800772148e-03 2.7192910553228020e-02 0.0000000000000000e+00
5.7695494201928004e-03 2.7143595920363112e-02 0.0000000000000000e+00
6.0061992867823429e-03 2.7092214197578159e-02 0.0000000000000000e+00
6.2423917580422270e-03 2.7038769297790290e-02 0.0000000000000000e+00
6.4781088470013577e-03 2.6983265291035528e-02 0.0000000000000000e+00
6.7133326028907718e-03 2.6925706404158901e-02 0.0000000000000000e+00
6.9480451125107272e-03 2.6866097020492499e-02 0.0000000000000000e+00
7.1822285015949380e-03 2.6804441679521649e-02 0.0000000000000000e+00
7.4158649361716006e-03 2.6740745076539299e-02 0.0000000000000000e+00
7.6489366239217080e-03 2.6675012062288350e-02 0.0000000000000000e+00
7.8814258155338445e-03 2.6607247642592358e-02 0.0000000000000000e+00
8.1133148060559216e-03 2.6537456977974241e-02 0.0000000000000000e+00
8.3445859362435652e-03 2.6465645383263299e-02 0.0000000000000000e+00
8.5752215939047631e-03 2.6391818327190519e-02 0.0000000000000000e+00
8.8052042152412871e-03 2.6315981431972040e-02 0.0000000000000000e+00
9.0345162861860881e-03 2.6238140472881050e-02 0.0000000000000000e+00
9.2631403437371199e-03 2.6158301377807960e-02 0.0000000000000000e+00
9.4910589772872912e-03 2.6076470226808961e-02 0.0000000000000000e+00
9.7182548299501927e-03 2.5992653251643041e-02 0.0000000000000000e+00
9.9447105998820631e-03 2.5906856835297361e-02 0.0000000000000000e+00
1.0170409041599240e-02 2.5819087511501190e-02 0.0000000000000000e+00
1.0395332967291530e-02 2.5729351964228361e-02 0.0000000000000000e+00
1.0619465248131231e-02 2.5637657027188211e-02 0.0000000000000000e+00
1.0842788815577320e-02 2.5544009683305231e-02 0.0000000000000000e+00
1.1065286662675561e-02 2.5448417064187202e-02 0.0000000000000000e+00
1.1286941845353440e-02 2.5350886449582180e-02 0.0000000000000000e+00
1.1507737483710610e-02 2.5251425266824092e-02 0.0000000000000000e+00
1.1727656763304390e-02 2.5150041090267049e-02 0.0000000000000000e+00
1.1946682936430159e-02 2.5046741640708650e-02 0.0000000000000000e+00
1.2164799323396879e-02 2.4941534784801891e-02 0.0000000000000000e+00
1.2381989313797180e-02 2.4834428534456200e-02 0.0000000000000000e+00
1.2598236367772400e-02 2.4725431046227219e-02 0.0000000000000000e+00
1.2813524017272170e-02 2.4614550620695660e-02 0.0000000000000000e+00
1.3027835867308440e-02 2.4501795701835239e-02 0.0000000000000000e+00
1.3241155597204110e-02 2.4387174876369551e-02 0.0000000000000000e+00
1.3453466961835839e-02 2.4270696873118239e-02 0.0000000000000000e+00
1.3664753792871191e-02 2.4152370562332229e-02 0.0000000000000000e+00
1.3874999999999979e-02 2.4032204955018181e-02 0.0000000000000000e+00
1.4084189572159509e-02 2.3910209202252359e-02 0.0000000000000000e+00
1.4292306578753980e-02 2.3786392594483629e-02 0.0000000000000000e+00
1.4499335170867570e-02 2.3660764560826070e-02 0.0000000000000000e+00
1.4705259582471410e-02 2.3533334668340841e-02 0.0000000000000000e+00
1.4910064131624341e-02 2.3404112621307590e-02 0.0000000000000000e+00
1.5113733221666970e-02 2.3273108260485540e-02 0.0000000000000000e+00
1.5316251342409590e-02 2.3140331562363930e-02 0.0000000000000000e+00
1.5517603071313210e-02 2.3005792638402418e-02 0.0000000000000000e+00
1.5717773074664081e-02 2.2869501734260951e-02 0.0000000000000000e+00
1.5916746108741511e-02 2.2731469229019540e-02 0.0000000000000000e+00
1.6114507020978549e-02 2.2591705634387879e-02 0.0000000000000000e+00
1.6311040751116109e-02 2.2450221593904810e-02 0.0000000000000000e+00
1.6506332332349681e-02 2.2307027882127808e-02 0.0000000000000000e+00
1.6700366892469311e-02 2.2162135403812400e-02 0.0000000000000000e+00
1.6893129654991981e-02 2.2015555193081789e-02 0.0000000000000000e+00
1.7084605940286979e-02 2.1867298412586559e-02 0.0000000000000000e+00
1.7274781166693919e-02 2.1717376352654510e-02 0.0000000000000000e+00
1.7463640851632951e-02 2.1565800430430972e-02 0.0000000000000000e+00
1.7651170612707920e-02 2.1412582189009249e-02 0.0000000000000000e+00
1.7837356168801451e-02 2.1257733296551659e-02 0.0000000000000000e+00
1.8022183341162561e-02 2.1101265545400889e-02 0.0000000000000000e+00
1.8205638054486550e-02 2.0943190851181941e-02 0.0000000000000000e+00
1.8387706337986680e-02 2.0783521251894841e-02 0.0000000000000000e+00
1.8568374326458290e-02 2.0622268906997719e-02 0.0000000000000000e+00
1.8747628261334550e-02 2.0459446096480961e-02 0.0000000000000000e+00
1.8925454491734300e-02 2.0295065219932011e-02 0.0000000000000000e+00
1.9101839475501651e-02 2.0129138795591011e-02 0.0000000000000000e+00
1.9276769780237141e-02 1.9961679459397610e-02 0.0000000000000000e+00
1.9450232084320840e-02 1.9792699964028569e-02 0.0000000000000000e+00
1.9622213177926659e-02 1.9622213177926728e-02 0.0000000000000000e+00
1.9792699964028510e-02 1.9450232084320899e-02 0.0000000000000000e+00
1.9961679459397540e-02 1.9276769780237200e-02 0.0000000000000000e+00
2.0129138795590949e-02 1.9101839475501710e-02 0.0000000000000000e+00
2.0295065219931949e-02 1.8925454491734359e-02 0.0000000000000000e+00
2.0459446096480920e-02 1.8747628261334599e-02 0.0000000000000000e+00
2.0622268906997660e-02 1.8568374326458349e-02 0.0000000000000000e+00
2.0783521251894789e-02 1.8387706337986739e-02 0.0000000000000000e+00
2.0943190851181889e-02 1.8205638054486620e-02 0.0000000000000000e+00
2.1101265545400830e-02 1.8022183341162630e-02 0.0000000000000000e+00
2.1257733296551621e-02 1.7837356168801489e-02 0.0000000000000000e+00
2.1412582189009200e-02 1.7651170612707989e-02 0.0000000000000000e+00
2.1565800430430920e-02 1.7463640851633020e-02 0.0000000000000000e+00
2.1717376352654472e-02 1.7274781166693971e-02 0.0000000000000000e+00
2.1867298412586510e-02 1.7084605940287049e-02 0.0000000000000000e+00
2.2015555193081751e-02 1.6893129654992029e-02 0.0000000000000000e+00
2.2162135403812341e-02 1.6700366892469381e-02 0.0000000000000000e+00
2.2307027882127760e-02 1.6506332332349750e-02 0.0000000000000000e+00
2.2450221593904768e-02 1.6311040751116151e-02 0.0000000000000000e+00
2.2591705634387831e-02 1.6114507020978611e-02 0.0000000000000000e+00
2.2731469229019498e-02 1.5916746108741560e-02 0.0000000000000000e+00
2.2869501734260920e-02 1.5717773074664130e-02 0.0000000000000000e+00
2.3005792638402380e-02 1.5517603071313260e-02 0.0000000000000000e+00
2.3140331562363899e-02 1.5316251342409640e-02 0.0000000000000000e+00
2.3273108260485509e-02 1.5113733221667021e-02 0.0000000000000000e+00
2.3404112621307559e-02 1.4910064131624391e-02 0.0000000000000000e+00
2.3533334668340809e-02 1.4705259582471460e-02 0.0000000000000000e+00
2.3660764560826039e-02 1.4499335170867621e-02 0.0000000000000000e+00
2.3786392594483601e-02 1.4292306578754030e-02 0.0000000000000000e+00
2.3910209202252331e-02 1.4084189572159560e-02 0.0000000000000000e+00
2.4032204955018149e-02 1.3875000000000030e-02 0.0000000000000000e+00
2.4152370562332201e-02 1.3664753792871241e-02 0.0000000000000000e+00
2.4270696873118211e-02 1.3453466961835889e-02 0.0000000000000000e+00
2.4387174876369520e-02 1.3241155597204160e-02 0.0000000000000000e+00
2.4501795701835211e-02 1.3027835867308490e-02 0.0000000000000000e+00
2.4614550620695629e-02 1.2813524017272230e-02 0.0000000000000000e+00
2.4725431046227191e-02 1.2598236367772450e-02 0.0000000000000000e+00
2.4834428534456190e-02 1.2381989313797210e-02 0.0000000000000000e+00
2.4941534784801871e-02 1.2164799323396929e-02 0.0000000000000000e+00
2.5046741640708619e-02 1.1946682936430210e-02 0.0000000000000000e+00
2.5150041090267031e-02 1.1727656763304419e-02 0.0000000000000000e+00
2.5251425266824060e-02 1.1507737483710661e-02 0.0000000000000000e+00
2.5350886449582170e-02 1.1286941845353480e-02 0.0000000000000000e+00
2.5448417064187181e-02 1.1065286662675620e-02 0.0000000000000000e+00
2.5544009683305210e-02 1.0842788815577370e-02 0.0000000000000000e+00
2.5637657027188201e-02 1.0619465248131260e-02 0.0000000000000000e+00
2.5729351964228341e-02 1.0395332967291591e-02 0.0000000000000000e+00
2.5819087511501169e-02 1.0170409041599269e-02 0.0000000000000000e+00
2.5906856835297341e-02 9.9447105998820961e-03 0.0000000000000000e+00
2.5992653251643020e-02 9.7182548299502500e-03 0.0000000000000000e+00
2.6076470226808951e-02 9.4910589772873276e-03 0.0000000000000000e+00
2.6158301377807940e-02 9.2631403437371772e-03 0.0000000000000000e+00
2.6238140472881030e-02 9.0345162861861211e-03 0.0000000000000000e+00
2.6315981431972030e-02 8.8052042152413218e-03 0.0000000000000000e+00
2.6391818327190501e-02 8.5752215939048203e-03 0.0000000000000000e+00
2.6465645383263289e-02 8.3445859362435999e-03 0.0000000000000000e+00
2.6537456977974230e-02 8.1133148060559563e-03 0.0000000000000000e+00
2.6607247642592351e-02 7.8814258155338775e-03 0.0000000000000000e+00
2.6675012062288339e-02 7.6489366239217444e-03 0.0000000000000000e+00
2.6740745076539289e-02 7.4158649361716353e-03 0.0000000000000000e+00
2.6804441679521639e-02 7.1822285015949736e-03 0.0000000000000000e+00
2.6866097020492492e-02 6.9480451125107628e-03 0.0000000000000000e+00
2.6925706404158901e-02 6.7133326028908074e-03 0.0000000000000000e+00
2.6983265291035521e-02 6.4781088470013942e-03 0.0000000000000000e+00
2.7038769297790279e-02 6.2423917580422634e-03 0.0000000000000000e+00
2.7092214197578141e-02 6.0061992867823776e-03 0.0000000000000000e+00
2.7143595920363101e-02 5.7695494201928368e-03 0.0000000000000000e+00
2.7192910553228020e-02 5.5324601800772512e-03 0.0000000000000000e+00
2.7240154340672670e-02 5.2949496216991394e-03 0.0000000000000000e+00
2.7285323684899741e-02 5.0570358324071021e-03 0.0000000000000000e+00
2.7328415146088771e-02 4.8187369302573179e-03 0.0000000000000000e+00
2.7369425442658170e-02 4.5800710626338224e-03 0.0000000000000000e+00
2.7408351451515069e-02 4.3410564048664132e-03 0.0000000000000000e+00
2.7445190208293190e-02 4.1017111588467162e-03 0.0000000000000000e+00
2.7479938907578570e-02 3.8620535516418280e-03 0.0000000000000000e+00
2.7512594903123241e-02 3.6221018341064341e-03 0.0000000000000000e+00
2.7543155708046690e-02 3.3818742794928598e-03 0.0000000000000000e+00
2.7571618995025301e-02 3.1413891820594201e-03 0.0000000000000000e+00
2.7597982596469589e-02 2.9006648556774068e-03 0.0000000000000000e+00
2.7622244504689211e-02 2.6597196324362289e-03 0.0000000000000000e+00
2.7644402872045941e-02 2.4185718612475182e-03 0.0000000000000000e+00
2.7664456011094300e-02 2.1772399064477160e-03 0.0000000000000000e+00
2.7682402394710121e-02 1.9357421463994859e-03 0.0000000000000000e+00
2.7698240656206810e-02 1.6940969720922780e-03 0.0000000000000000e+00
2.7711969589439420e-02 1.4523227857417061e-03 0.0000000000000000e+00
2.7723588148896559e-02 1.2104379993880790e-03 0.0000000000000000e+00
2.7733095449779911e-02 9.6846103349439790e-04 0.0000000000000000e+00
2.7740490768071710e-02 7.2641031554349089e-04 0.0000000000000000e+00
2.7745773540589859e-02 4.8430427863461881e-04 0.0000000000000000e+00
2.7748943365030750e-02 2.4216136007989311e-04 0.0000000000000000e+00
2.7832273525286100e-02 2.4288857137140171e-04 0.0000000000000000e+00
2.7829094181852889e-02 4.8575864583771548e-04 0.0000000000000000e+00
2.7823795545153011e-02 7.2859172790247018e-04 0.0000000000000000e+00
2.7816378018698171e-02 9.7136932488627514e-04 0.0000000000000000e+00
2.7806842167361710e-02 1.2140729483351811e-03 0.0000000000000000e+00
2.7795188717335641e-02 1.4566841154285959e-03 0.0000000000000000e+00
2.7781418556075299e-02 1.6991843503868390e-03 0.0000000000000000e+00
2.7765532732231781e-02 1.9415551858781410e-03 0.0000000000000000e+00
2.7747532455572061e-02 2.1837781644250139e-03 0.0000000000000000e+00
2.7727419096886918e-02 2.4258348398098128e-03 0.0000000000000000e+00
2.7705194187886480e-02 2.6677067784795592e-03 0.0000000000000000e+00
2.7680859421083611e-02 2.9093755609496770e-03 0.0000000000000000e+00
2.7654416649665021e-02 3.1508227832067232e-03 0.0000000000000000e+00
2.7625867887350129e-02 3.3920300581099338e-03 0.0000000000000000e+00
2.7595215308237730e-02 3.6329790167914291e-03 0.0000000000000000e+00
2.7562461246640382e-02 3.8736513100551448e-03 0.0000000000000000e+00
2.7527608196906691e-02 4.1140286097741501e-03 0.0000000000000000e+00
2.7490658813231341e-02 4.3540926102864103e-03 0.0000000000000000e+00
2.7451615909452949e-02 4.5938250297888434e-03 0.0000000000000000e+00
2.7410482458839799e-02 4.8332076117295524e-03 0.0000000000000000e+00
2.7367261593863410e-02 5.0722221261980923e-03 0.0000000000000000e+00
2.7321956605959982e-02 5.3108503713138171e-03 0.0000000000000000e+00
2.7274570945279759e-02 5.5490741746119718e-03 0.0000000000000000e+00
2.7225108220424260e-02 5.7868753944276151e-03 0.0000000000000000e+00
2.7173572198171479e-02 6.0242359212771867e-03 0.0000000000000000e+00
2.7119966803189049e-02 6.2611376792375628e-03 0.0000000000000000e+00
2.7064296117735340e-02 6.4975626273226861e-03 0.0000000000000000e+00
2.7006564381348571e-02 6.7334927608574003e-03 0.0000000000000000e+00
2.6946775990524009e-02 6.9689101128485994e-03 0.0000000000000000e+00
2.6884935498379080e-02 7.2037967553534709e-03 0.0000000000000000e+00
2.6821047614306679e-02 7.4381348008448018e-03 0.0000000000000000e+00
2.6755117203616549e-02 7.6719064035731281e-03 0.0000000000000000e+00
2.6687149287164719e-02 7.9050937609258277e-03 0.0000000000000000e+00
2.6617149040971160e-02 8.1376791147828170e-03 0.0000000000000000e+00
2.6545121795825660e-02 8.3696447528689103e-03 0.0000000000000000e+00
2.6471073036881780e-02 8.6009730101026770e-03 0.0000000000000000e+00
2.6395008403239221e-02 8.8316462699417134e-03 0.0000000000000000e+00
2.6316933687514331e-02 9.0616469657241738e-03 0.0000000000000000e+00
2.6236854835398969e-02 9.2909575820066016e-03 0.0000000000000000e+00
2.6154777945207791e-02 9.5195606558977543e-03 0.0000000000000000e+00
2.6070709267413741e-02 9.7474387783884828e-03 0.0000000000000000e+00
2.5984655204172129e-02 9.9745745956774934e-03 0.0000000000000000e+00
2.5896622308833030e-02 1.0200950810492920e-02 0.0000000000000000e+00
2.5806617285442261e-02 1.0426550183409530e-02 0.0000000000000000e+00
2.5714646988230831e-02 1.0651355534161640e-02 0.0000000000000000e+00
2.5620718421092939e-02 1.0875349742951420e-02 0.0000000000000000e+00
2.5524838737052628e-02 1.1098515751752660e-02 0.0000000000000000e+00
2.5427015237719071e-02 1.1320836565609740e-02 0.0000000000000000e+00
2.5327255372730471e-02 1.1542295253931960e-02 0.0000000000000000e+00
2.5225566739186769e-02 1.1762874951782770e-02 0.0000000000000000e+00
2.5121957081071140e-02 1.1982558861164189e-02 0.0000000000000000e+00
2.5016434288660169e-02 1.2201330252295960e-02 0.0000000000000000e+00
2.4909006397923039e-02 1.2419172464889661e-02 0.0000000000000000e+00
2.4799681589909590e-02 1.2636068909417359e-02 0.0000000000000000e+00
2.4688468190127190e-02 1.2852003068375081e-02 0.0000000000000000e+00
2.4575374667906821e-02 1.3066958497540601e-02 0.0000000000000000e+00
2.4460409635758049e-02 1.3280918827225751e-02 0.0000000000000000e+00
2.4343581848713200e-02 1.3493867763523021e-02 0.0000000000000000e+00
2.4224900203660561e-02 1.3705789089546481e-02 0.0000000000000000e+00
2.4104373738666890e-02 1.3916666666666640e-02 0.0000000000000000e+00
2.3982011632289149e-02 1.4126484435739580e-02 0.0000000000000000e+00
2.3857823202875470e-02 1.4335226418329820e-02 0.0000000000000000e+00
2.3731817907855581e-02 1.4542876717927221e-02 0.0000000000000000e+00
2.3604005343020540e-02 1.4749419521157509e-02 0.0000000000000000e+00
2.3474395241792002e-02 1.4954839098986580e-02 0.0000000000000000e+00
2.3342997474480980e-02 1.5159119807918229e-02 0.0000000000000000e+00
2.3209822047536199e-02 1.5362246091185600e-02 0.0000000000000000e+00
2.3074879102782012e-02 1.5564202479935760e-02 0.0000000000000000e+00
2.2938178916646120e-02 1.5764973594407820e-02 0.0000000000000000e+00
2.2799731899376952e-02 1.5964544145104100e-02 0.0000000000000000e+00
2.2659548594250900e-02 1.6162898933954471e-02 0.0000000000000000e+00
2.2517639676769390e-02 1.6360022855473812e-02 0.0000000000000000e+00
2.2374015953845899e-02 1.6555900897912319e-02 0.0000000000000000e+00
2.2228688362983001e-02 1.6750518144398659e-02 0.0000000000000000e+00
2.2081667971439400e-02 1.6943859774076041e-02 0.0000000000000000e+00
2.1932965975387110e-02 1.7135911063230799e-02 0.0000000000000000e+00
2.1782593699058869e-02 1.7326657386413719e-02 0.0000000000000000e+00
2.1630562593885700e-02 1.7516084217553789e-02 0.0000000000000000e+00
2.1476884237624890e-02 1.7704177131064411e-02 0.0000000000000000e+00
2.1321570333478240e-02 1.7890921802941991e-02 0.0000000000000000e+00
2.1164632709200881e-02 1.8076304011856760e-02 0.0000000000000000e+00
2.1006083316200509e-02 1.8260309640235759e-02 0.0000000000000000e+00
2.0845934228627239e-02 1.8442924675338011e-02 0.0000000000000000e+00
2.0684197642454161e-02 1.8624135210321541e-02 0.0000000000000000e+00
2.0520885874548471e-02 1.8803927445302519e-02 0.0000000000000000e+00
2.0356011361733602e-02 1.8982287688406190e-02 0.0000000000000000e+00
2.0189586659842020e-02 1.9159202356809471e-02 0.0000000000000000e+00
2.0021624442759140e-02 1.9334657977775411e-02 0.0000000000000000e+00
1.9852137501458068e-02 1.9508641189679161e-02 0.0000000000000000e+00
1.9681138743025590e-02 1.9681138743025559e-02 0.0000000000000000e+00
1.9508641189679210e-02 1.9852137501458030e-02 0.0000000000000000e+00
1.9334657977775439e-02 2.0021624442759109e-02 0.0000000000000000e+00
1.9159202356809499e-02 2.0189586659841989e-02 0.0000000000000000e+00
1.8982287688406228e-02 2.0356011361733560e-02 0.0000000000000000e+00
1.8803927445302571e-02 2.0520885874548429e-02 0.0000000000000000e+00
1.8624135210321580e-02 2.0684197642454119e-02 0.0000000000000000e+00
1.8442924675338049e-02 2.0845934228627211e-02 0.0000000000000000e+00
1.8260309640235811e-02 2.1006083316200470e-02 0.0000000000000000e+00
1.8076304011856791e-02 2.1164632709200850e-02 0.0000000000000000e+00
1.7890921802942040e-02 2.1321570333478201e-02 0.0000000000000000e+00
1.7704177131064449e-02 2.1476884237624859e-02 0.0000000000000000e+00
1.7516084217553841e-02 2.1630562593885669e-02 0.0000000000000000e+00
1.7326657386413761e-02 2.1782593699058841e-02 0.0000000000000000e+00
1.7135911063230841e-02 2.1932965975387089e-02 0.0000000000000000e+00
1.6943859774076080e-02 2.2081667971439359e-02 0.0000000000000000e+00
1.6750518144398700e-02 2.2228688362982970e-02 0.0000000000000000e+00
1.6555900897912361e-02 2.2374015953845861e-02 0.0000000000000000e+00
1.6360022855473860e-02 2.2517639676769351e-02 0.0000000000000000e+00
1.6162898933954509e-02 2.2659548594250879e-02 0.0000000000000000e+00
1.5964544145104152e-02 2.2799731899376920e-02 0.0000000000000000e+00
1.5764973594407872e-02 2.2938178916646089e-02 0.0000000000000000e+00
1.5564202479935800e-02 2.3074879102781991e-02 0.0000000000000000e+00
1.5362246091185640e-02 2.3209822047536161e-02 0.0000000000000000e+00
1.5159119807918269e-02 2.3342997474480959e-02 0.0000000000000000e+00
1.4954839098986631e-02 2.3474395241791970e-02 0.0000000000000000e+00
1.4749419521157560e-02 2.3604005343020509e-02 0.0000000000000000e+00
1.4542876717927261e-02 2.3731817907855560e-02 0.0000000000000000e+00
1.4335226418329870e-02 2.3857823202875439e-02 0.0000000000000000e+00
1.4126484435739620e-02 2.3982011632289121e-02 0.0000000000000000e+00
1.3916666666666680e-02 2.4104373738666869e-02 0.0000000000000000e+00
1.3705789089546529e-02 2.4224900203660530e-02 0.0000000000000000e+00
1.3493867763523060e-02 2.4343581848713179e-02 0.0000000000000000e+00
1.3280918827225799e-02 2.4460409635758022e-02 0.0000000000000000e+00
1.3066958497540649e-02 2.4575374667906789e-02 0.0000000000000000e+00
1.2852003068375129e-02 2.4688468190127169e-02 0.0000000000000000e+00
1.2636068909417410e-02 2.4799681589909559e-02 0.0000000000000000e+00
1.2419172464889701e-02 2.4909006397923029e-02 0.0000000000000000e+00
1.2201330252296000e-02 2.5016434288660142e-02 0.0000000000000000e+00
1.1982558861164240e-02 2.5121957081071108e-02 0.0000000000000000e+00
1.1762874951782821e-02 2.5225566739186751e-02 0.0000000000000000e+00
1.1542295253932021e-02 2.5327255372730440e-02 0.0000000000000000e+00
1.1320836565609791e-02 2.5427015237719050e-02 0.0000000000000000e+00
1.1098515751752700e-02 2.5524838737052621e-02 0.0000000000000000e+00
1.0875349742951479e-02 2.5620718421092911e-02 0.0000000000000000e+00
1.0651355534161680e-02 2.5714646988230810e-02 0.0000000000000000e+00
1.0426550183409581e-02 2.5806617285442240e-02 0.0000000000000000e+00
1.0200950810492960e-02 2.5896622308833009e-02 0.0000000000000000e+00
9.9745745956775368e-03 2.5984655204172109e-02 0.0000000000000000e+00
9.7474387783885383e-03 2.6070709267413721e-02 0.0000000000000000e+00
9.5195606558977977e-03 2.6154777945207781e-02 0.0000000000000000e+00
9.2909575820066329e-03 2.6236854835398969e-02 0.0000000000000000e+00
9.0616469657242172e-03 2.6316933687514310e-02 0.0000000000000000e+00
8.8316462699417463e-03 2.6395008403239210e-02 0.0000000000000000e+00
8.6009730101027082e-03 2.6471073036881770e-02 0.0000000000000000e+00
8.3696447528689537e-03 2.6545121795825650e-02 0.0000000000000000e+00
8.1376791147828500e-03 2.6617149040971150e-02 0.0000000000000000e+00
7.9050937609258711e-03 2.6687149287164699e-02 0.0000000000000000e+00
7.6719064035731593e-03 2.6755117203616539e-02 0.0000000000000000e+00
7.4381348008448218e-03 2.6821047614306669e-02 0.0000000000000000e+00
7.2037967553535160e-03 2.6884935498379059e-02 0.0000000000000000e+00
6.9689101128486324e-03 2.6946775990523999e-02 0.0000000000000000e+00
6.7334927608574454e-03 2.7006564381348561e-02 0.0000000000000000e+00
6.4975626273227173e-03 2.7064296117735330e-02 0.0000000000000000e+00
6.2611376792375837e-03 2.7119966803189049e-02 0.0000000000000000e+00
6.0242359212772196e-03 2.7173572198171469e-02 0.0000000000000000e+00
5.7868753944276480e-03 2.7225108220424260e-02 0.0000000000000000e+00
5.5490741746120160e-03 2.7274570945279748e-02 0.0000000000000000e+00
5.3108503713138492e-03 2.7321956605959982e-02 0.0000000000000000e+00
5.0722221261981131e-03 2.7367261593863400e-02 0.0000000000000000e+00
4.8332076117295611e-03 2.7410482458839789e-02 0.0000000000000000e+00
4.5938250297888764e-03 2.7451615909452939e-02 0.0000000000000000e+00
4.3540926102864311e-03 2.7490658813231331e-02 0.0000000000000000e+00
4.1140286097741821e-03 2.7527608196906680e-02 0.0000000000000000e+00
3.8736513100551661e-03 2.7562461246640371e-02 0.0000000000000000e+00
3.6329790167914369e-03 2.7595215308237719e-02 0.0000000000000000e+00
3.3920300581099538e-03 2.7625867887350129e-02 0.0000000000000000e+00
3.1508227832067440e-03 2.7654416649665021e-02 0.0000000000000000e+00
2.9093755609497091e-03 2.7680859421083611e-02 0.0000000000000000e+00
2.6677067784795800e-03 2.7705194187886480e-02 0.0000000000000000e+00
2.4258348398098211e-03 2.7727419096886918e-02 0.0000000000000000e+00
2.1837781644250352e-03 2.7747532455572061e-02 0.0000000000000000e+00
1.9415551858781620e-03 2.7765532732231771e-02 0.0000000000000000e+00
1.6991843503868481e-03 2.7781418556075299e-02 0.0000000000000000e+00
1.4566841154286169e-03 2.7795188717335641e-02 0.0000000000000000e+00
1.2140729483351891e-03 2.7806842167361710e-02 0.0000000000000000e+00
9.7136932488629596e-04 2.7816378018698160e-02 0.0000000000000000e+00
7.2859172790247864e-04 2.7823795545153011e-02 0.0000000000000000e+00
4.8575864583772399e-04 2.7829094181852889e-02 0.0000000000000000e+00
2.4288857137142261e-04 2.7832273525286100e-02 0.0000000000000000e+00
2.7915603685541451e-02 2.4361578266293281e-04 0.0000000000000000e+00
2.7912414823115919e-02 4.8721301304082239e-04 0.0000000000000000e+00
2.7907100322234309e-02 7.3077314026145956e-04 0.0000000000000000e+00
2.7899660587616421e-02 9.7427761627815010e-04 0.0000000000000000e+00
2.7890096185826860e-02 1.2177078972822920e-03 0.0000000000000000e+00
2.7878407845231851e-02 1.4610454451155080e-03 0.0000000000000000e+00
2.7864596455943792e-02 1.7042717286814110e-03 0.0000000000000000e+00
2.7848663069753421e-02 1.9473682253568310e-03 0.0000000000000000e+00
2.7830608900049819e-02 2.1903164224023339e-03 0.0000000000000000e+00
2.7810435321727899e-02 2.4330978183721170e-03 0.0000000000000000e+00
2.7788143871083741e-02 2.6756939245229099e-03 0.0000000000000000e+00
2.7763736245697630e-02 2.9180862662219809e-03 0.0000000000000000e+00
2.7737214304304741e-02 3.1602563843540479e-03 0.0000000000000000e+00
2.7708580066653579e-02 3.4021858367270291e-03 0.0000000000000000e+00
2.7677835713352208e-02 3.6438561994764332e-03 0.0000000000000000e+00
2.7644983585702169e-02 3.8852490684684830e-03 0.0000000000000000e+00
2.7610026185520178e-02 4.1263460607016168e-03 0.0000000000000000e+00
2.7572966174947599e-02 4.3671288157064291e-03 0.0000000000000000e+00
2.7533806376247711e-02 4.6075789969439113e-03 0.0000000000000000e+00
2.7492549771590810e-02 4.8476782932017964e-03 0.0000000000000000e+00
2.7449199502827069e-02 5.0874084199891041e-03 0.0000000000000000e+00
2.7403758871247290e-02 5.3267511209285287e-03 0.0000000000000000e+00
2.7356231337331491e-02 5.5656881691467366e-03 0.0000000000000000e+00
2.7306620520485408e-02 5.8042013686624401e-03 0.0000000000000000e+00
2.7254930198764810e-02 6.0422725557720287e-03 0.0000000000000000e+00
2.7201164308587818e-02 6.2798836004328848e-03 0.0000000000000000e+00
2.7145326944435139e-02 6.5170164076440110e-03 0.0000000000000000e+00
2.7087422358538241e-02 6.7536529188240383e-03 0.0000000000000000e+00
2.7027454960555509e-02 6.9897751131864812e-03 0.0000000000000000e+00
2.6965429317236490e-02 7.2253650091120263e-03 0.0000000000000000e+00
2.6901350152074059e-02 7.4604046655179891e-03 0.0000000000000000e+00
2.6835222344944738e-02 7.6948761832245447e-03 0.0000000000000000e+00
2.6767050931737060e-02 7.9287617063178197e-03 0.0000000000000000e+00
2.6696841103968080e-02 8.1620434235097246e-03 0.0000000000000000e+00
2.6624598208388001e-02 8.3947035694942780e-03 0.0000000000000000e+00
2.6550327746573042e-02 8.6267244263006013e-03 0.0000000000000000e+00
2.6474035374506402e-02 8.8580883246421362e-03 0.0000000000000000e+00
2.6395726902147601e-02 9.0887776452622700e-03 0.0000000000000000e+00
2.6315408292989981e-02 9.3187748202760937e-03 0.0000000000000000e+00
2.6233085663606610e-02 9.5480623345082366e-03 0.0000000000000000e+00
2.6148765283184439e-02 9.7766227268267832e-03 0.0000000000000000e+00
2.6062453573046891e-02 1.0004438591472950e-02 0.0000000000000000e+00
2.5974157106164859e-02 1.0231492579386610e-02 0.0000000000000000e+00
2.5883882606656149e-02 1.0457767399527531e-02 0.0000000000000000e+00
2.5791636949273430e-02 1.0683245820192070e-02 0.0000000000000000e+00
2.5697427158880629e-02 1.0907910670325540e-02 0.0000000000000000e+00
2.5601260409918059e-02 1.1131744840829769e-02 0.0000000000000000e+00
2.5503144025855951e-02 1.1354731285866070e-02 0.0000000000000000e+00
2.5403085478636841e-02 1.1576853024153309e-02 0.0000000000000000e+00
2.5301092388106489e-02 1.1798093140261159e-02 0.0000000000000000e+00
2.5197172521433619e-02 1.2018434785898219e-02 0.0000000000000000e+00
2.5091333792518419e-02 1.2237861181195060e-02 0.0000000000000000e+00
2.4983584261389871e-02 1.2456355615982141e-02 0.0000000000000000e+00
2.4873932133591951e-02 1.2673901451062321e-02 0.0000000000000000e+00
2.4762385759558709e-02 1.2890482119478000e-02 0.0000000000000000e+00
2.4648953633978388e-02 1.3106081127772749e-02 0.0000000000000000e+00
2.4533644395146551e-02 1.3320682057247370e-02 0.0000000000000000e+00
2.4416466824308151e-02 1.3534268565210219e-02 0.0000000000000000e+00
2.4297429844988880e-02 1.3746824386221761e-02 0.0000000000000000e+00
2.4176542522315599e-02 1.3958333333333310e-02 0.0000000000000000e+00
2.4053814062325939e-02 1.4168779299319629e-02 0.0000000000000000e+00
2.3929253811267322e-02 1.4378146257905650e-02 0.0000000000000000e+00
2.3802871254885099e-02 1.4586418264986870e-02 0.0000000000000000e+00
2.3674676017700250e-02 1.4793579459843600e-02 0.0000000000000000e+00
2.3544677862276410e-02 1.4999614066348799e-02 0.0000000000000000e+00
2.3412886688476440e-02 1.5204506394169469e-02 0.0000000000000000e+00
2.3279312532708471e-02 1.5408240839961590e-02 0.0000000000000000e+00
2.3143965567161601e-02 1.5610801888558311e-02 0.0000000000000000e+00
2.3006856099031300e-02 1.5812174114151541e-02 0.0000000000000000e+00
2.2867994569734380e-02 1.6012342181466660e-02 0.0000000000000000e+00
2.2727391554113938e-02 1.6211290846930359e-02 0.0000000000000000e+00
2.2585057759633969e-02 1.6409004959831511e-02 0.0000000000000000e+00
2.2441004025564010e-02 1.6605469463474909e-02 0.0000000000000000e+00
2.2295241322153620e-02 1.6800669396327982e-02 0.0000000000000000e+00
2.2147780749797012e-02 1.6994589893160082e-02 0.0000000000000000e+00
2.1998633538187689e-02 1.7187216186174591e-02 0.0000000000000000e+00
2.1847811045463260e-02 1.7378533606133499e-02 0.0000000000000000e+00
2.1695324757340470e-02 1.7568527583474589e-02 0.0000000000000000e+00
2.1541186286240549e-02 1.7757183649420871e-02 0.0000000000000000e+00
2.1385407370404841e-02 1.7944487437082522e-02 0.0000000000000000e+00
2.1227999873000902e-02 1.8130424682550921e-02 0.0000000000000000e+00
2.1068975781219090e-02 1.8314981225984951e-02 0.0000000000000000e+00
2.0908347205359681e-02 1.8498143012689289e-02 0.0000000000000000e+00
2.0746126377910630e-02 1.8679896094184741e-02 0.0000000000000000e+00
2.0582325652616008e-02 1.8860226629270470e-02 0.0000000000000000e+00
2.0416957503535210e-02 1.9039120885078038e-02 0.0000000000000000e+00
2.0250034524093071e-02 1.9216565238117260e-02 0.0000000000000000e+00
2.0081569426120719e-02 1.9392546175313628e-02 0.0000000000000000e+00
1.9911575038887609e-02 1.9567050295037459e-02 0.0000000000000000e+00
1.9740064308124500e-02 1.9740064308124399e-02 0.0000000000000000e+00
1.9567050295037549e-02 1.9911575038887519e-02 0.0000000000000000e+00
1.9392546175313729e-02 2.0081569426120629e-02 0.0000000000000000e+00
1.9216565238117340e-02 2.0250034524092981e-02 0.0000000000000000e+00
1.9039120885078128e-02 2.0416957503535130e-02 0.0000000000000000e+00
1.8860226629270560e-02 2.0582325652615922e-02 0.0000000000000000e+00
1.8679896094184849e-02 2.0746126377910540e-02 0.0000000000000000e+00
1.8498143012689389e-02 2.0908347205359591e-02 0.0000000000000000e+00
1.8314981225985041e-02 2.1068975781219010e-02 0.0000000000000000e+00
1.8130424682551011e-02 2.1227999873000818e-02 0.0000000000000000e+00
1.7944487437082601e-02 2.1385407370404761e-02 0.0000000000000000e+00
1.7757183649420961e-02 2.1541186286240469e-02 0.0000000000000000e+00
1.7568527583474679e-02 2.1695324757340401e-02 0.0000000000000000e+00
1.7378533606133610e-02 2.1847811045463170e-02 0.0000000000000000e+00
1.7187216186174682e-02 2.1998633538187609e-02 0.0000000000000000e+00
1.6994589893160161e-02 2.2147780749796949e-02 0.0000000000000000e+00
1.6800669396328068e-02 2.2295241322153551e-02 0.0000000000000000e+00
1.6605469463474999e-02 2.2441004025563940e-02 0.0000000000000000e+00
1.6409004959831580e-02 2.2585057759633920e-02 0.0000000000000000e+00
1.6211290846930460e-02 2.2727391554113869e-02 0.0000000000000000e+00
1.6012342181466750e-02 2.2867994569734321e-02 0.0000000000000000e+00
1.5812174114151620e-02 2.3006856099031241e-02 0.0000000000000000e+00
1.5610801888558399e-02 2.3143965567161539e-02 0.0000000000000000e+00
1.5408240839961670e-02 2.3279312532708419e-02 0.0000000000000000e+00
1.5204506394169540e-02 2.3412886688476391e-02 0.0000000000000000e+00
1.4999614066348879e-02 2.3544677862276361e-02 0.0000000000000000e+00
1.4793579459843680e-02 2.3674676017700201e-02 0.0000000000000000e+00
1.4586418264986960e-02 2.3802871254885040e-02 0.0000000000000000e+00
1.4378146257905729e-02 2.3929253811267270e-02 0.0000000000000000e+00
1.4168779299319700e-02 2.4053814062325901e-02 0.0000000000000000e+00
1.3958333333333390e-02 2.4176542522315551e-02 0.0000000000000000e+00
1.3746824386221840e-02 2.4297429844988842e-02 0.0000000000000000e+00
1.3534268565210280e-02 2.4416466824308109e-02 0.0000000000000000e+00
1.3320682057247450e-02 2.4533644395146510e-02 0.0000000000000000e+00
1.3106081127772831e-02 2.4648953633978350e-02 0.0000000000000000e+00
1.2890482119478059e-02 2.4762385759558671e-02 0.0000000000000000e+00
1.2673901451062401e-02 2.4873932133591910e-02 0.0000000000000000e+00
1.2456355615982200e-02 2.4983584261389850e-02 0.0000000000000000e+00
1.2237861181195110e-02 2.5091333792518399e-02 0.0000000000000000e+00
1.2018434785898280e-02 2.5197172521433591e-02 0.0000000000000000e+00
1.1798093140261231e-02 2.5301092388106461e-02 0.0000000000000000e+00
1.1576853024153389e-02 2.5403085478636810e-02 0.0000000000000000e+00
1.1354731285866129e-02 2.5503144025855920e-02 0.0000000000000000e+00
1.1131744840829820e-02 2.5601260409918031e-02 0.0000000000000000e+00
1.0907910670325611e-02 2.5697427158880601e-02 0.0000000000000000e+00
1.0683245820192130e-02 2.5791636949273410e-02 0.0000000000000000e+00
1.0457767399527571e-02 2.5883882606656139e-02 0.0000000000000000e+00
1.0231492579386679e-02 2.5974157106164839e-02 0.0000000000000000e+00
1.0004438591473000e-02 2.6062453573046870e-02 0.0000000000000000e+00
9.7766227268268266e-03 2.6148765283184421e-02 0.0000000000000000e+00
9.5480623345082938e-03 2.6233085663606590e-02 0.0000000000000000e+00
9.3187748202761371e-03 2.6315408292989971e-02 0.0000000000000000e+00
9.0887776452623359e-03 2.6395726902147580e-02 0.0000000000000000e+00
8.8580883246421934e-03 2.6474035374506381e-02 0.0000000000000000e+00
8.6267244263006446e-03 2.6550327746573031e-02 0.0000000000000000e+00
8.3947035694943353e-03 2.6624598208387990e-02 0.0000000000000000e+00
8.1620434235097680e-03 2.6696841103968059e-02 0.0000000000000000e+00
7.9287617063178630e-03 2.6767050931737049e-02 0.0000000000000000e+00
7.6948761832246002e-03 2.6835222344944721e-02 0.0000000000000000e+00
7.4604046655180343e-03 2.6901350152074049e-02 0.0000000000000000e+00
7.2253650091120584e-03 2.6965429317236479e-02 0.0000000000000000e+00
6.9897751131865254e-03 2.7027454960555499e-02 0.0000000000000000e+00
6.7536529188240834e-03 2.7087422358538230e-02 0.0000000000000000e+00
6.5170164076440423e-03 2.7145326944435139e-02 0.0000000000000000e+00
6.2798836004329299e-03 2.7201164308587811e-02 0.0000000000000000e+00
6.0422725557720608e-03 2.7254930198764800e-02 0.0000000000000000e+00
5.8042013686624852e-03 2.7306620520485402e-02 0.0000000000000000e+00
5.5656881691467817e-03 2.7356231337331491e-02 0.0000000000000000e+00
5.3267511209285608e-03 2.7403758871247279e-02 0.0000000000000000e+00
5.0874084199891492e-03 2.7449199502827058e-02 0.0000000000000000e+00
4.8476782932018294e-03 2.7492549771590800e-02 0.0000000000000000e+00
4.6075789969439321e-03 2.7533806376247711e-02 0.0000000000000000e+00
4.3671288157064742e-03 2.7572966174947589e-02 0.0000000000000000e+00
4.1263460607016489e-03 2.7610026185520171e-02 0.0000000000000000e+00
3.8852490684685042e-03 2.7644983585702169e-02 0.0000000000000000e+00
3.6438561994764649e-03 2.7677835713352202e-02 0.0000000000000000e+00
3.4021858367270490e-03 2.7708580066653572e-02 0.0000000000000000e+00
3.1602563843540930e-03 2.7737214304304730e-02 0.0000000000000000e+00
2.9180862662220139e-03 2.7763736245697630e-02 0.0000000000000000e+00
2.6756939245229320e-03 2.7788143871083741e-02 0.0000000000000000e+00
2.4330978183721508e-03 2.7810435321727889e-02 0.0000000000000000e+00
2.1903164224023560e-03 2.7830608900049819e-02 0.0000000000000000e+00
1.9473682253568390e-03 2.7848663069753421e-02 0.0000000000000000e+00
1.7042717286814440e-03 2.7864596455943781e-02 0.0000000000000000e+00
1.4610454451155280e-03 2.7878407845231851e-02 0.0000000000000000e+00
1.2177078972823001e-03 2.7890096185826860e-02 0.0000000000000000e+00
9.7427761627817103e-04 2.7899660587616421e-02 0.0000000000000000e+00
7.3077314026146801e-04 2.7907100322234309e-02 0.0000000000000000e+00
4.8721301304083101e-04 2.7912414823115919e-02 0.0000000000000000e+00
2.4361578266295379e-04 2.7915603685541451e-02 0.0000000000000000e+00
$EndNodes
$Elements
99 2280 1 2280
2 10 2 12
1 103 105 32
2 95 119 117
3 34 129 33
4 104 120 115
5 131 136 134
6 99 128 40
7 80 113 79
8 112 116 100
9 72 109 71
10 75 104 74
11 77 114 76
12 79 103 78
2 10 3 69
13 68 69 106 93
14 56 55 98 107
15 115 73 74 104
16 57 122 96 58
17 100 126 54 53
18 59 121 102 60
19 108 61 60 102
20 15 2 61 108
21 96 121 59 58
22 54 126 98 55
23 107 122 57 56
24 110 18 17 101
25 65 125 95 64
26 67 124 94 66
27 70 3 18 110
28 69 70 110 106
29 108 123 16 15
30 94 124 136 131
31 130 93 106 127
32 17 16 123 101
33 95 117 63 64
34 94 125 65 66
35 93 124 67 68
36 113 80 6 30
37 124 93 130 136
38 102 133 123 108
39 37 10 50 49
40 110 101 127 106
41 9 37 49 48
42 109 41 1 71
43 119 132 107 98
44 30 31 105 113
45 36 9 48 47
46 39 40 128 116
47 52 51 38 112
48 35 36 47 46
49 52 112 100 53
50 46 45 34 35
51 102 121 135 133
52 10 38 51 50
53 117 99 62 63
54 132 131 122 107
55 103 32 8 114
56 131 132 125 94
57 96 134 135 121
58 132 119 95 125
59 99 40 11 62
60 114 8 120 104
61 111 8 33 129
62 123 133 127 101
63 126 118 119 98
64 136 130 135 134
65 122 131 134 96
66 97 109 115 120
67 118 126 100 116
68 117 119 118 99
69 43 42 97 111
70 42 41 109 97
71 7 32 105 31
72 130 127 133 135
73 103 79 113 105
74 44 43 111 129
75 115 109 72 73
76 103 114 77 78
77 114 104 75 76
78 112 38 39 116
79 129 34 45 44
80 128 99 118 116
81 120 8 111 97
2 50 2 3
82 17 141 18
83 15 142 16
84 20 140 19
2 50 3 13
85 28 29 137 142
86 23 139 137 138
87 138 140 20 21
88 138 137 29 140
89 137 27 141 142
90 28 142 15 2
91 142 141 17 16
92 141 27 3 18
93 140 29 4 19
94 26 27 137 139
95 5 26 139 25
96 139 23 24 25
97 22 23 138 21
2 41 2 3
98 87 144 86
99 145 146 81
100 86 143 85
2 41 3 9
101 87 6 30 144
102 13 84 147 83
103 147 84 85 143
104 7 81 146 31
105 12 82 145 81
106 145 147 143 146
107 143 86 144 146
108 31 146 144 30
109 147 145 82 83
2 10000 2 6
110 40 11 88
111 92 148 91
112 39 149 38
113 10 150 37
114 36 152 35
115 7 154 81
2 10000 3 14
116 150 10 38 149
117 152 151 14 90
118 151 150 89 14
119 40 88 149 39
120 152 90 91 148
121 149 88 89 150
122 152 148 34 35
123 148 92 154 153
124 153 154 7 32
125 154 92 12 81
126 37 150 151 9
127 151 152 36 9
128 33 34 148 153
129 8 33 153 32
2 10 2 12
130 233 235 178
131 225 249 247
132 180 259 179
133 234 250 245
134 261 266 264
135 229 258 186
136 217 243 216
137 242 246 230
138 209 239 208
139 212 234 211
140 214 244 213
141 216 233 215
2 10 3 69
142 68 69 236 223
143 202 201 228 237
144 245 210 211 234
145 203 252 226 204
146 230 256 200 199
147 205 251 232 206
148 238 207 206 232
149 163 156 207 238
150 226 251 205 204
151 200 256 228 201
152 237 252 203 202
153 240 166 165 231
154 65 255 225 64
155 67 254 224 66
156 70 3 166 240
157 69 70 240 236
158 238 253 164 163
159 224 254 266 261
160 260 223 236 257
161 165 164 253 231
162 225 247 63 64
163 224 255 65 66
164 223 254 67 68
165 243 217 158 176
166 254 223 260 266
167 232 263 253 238
168 183 162 196 195
169 240 231 257 236
170 161 183 195 194
171 239 187 155 208
172 249 262 237 228
173 176 177 235 243
174 182 161 194 193
175 185 186 258 246
176 198 197 184 242
177 181 182 193 192
178 198 242 230 199
179 192 191 180 181
180 232 251 265 263
181 162 184 197 196
182 247 229 62 63
183 262 261 252 237
184 233 178 160 244
185 261 262 255 224
186 226 264 265 251
187 262 249 225 255
188 229 186 11 62
189 244 160 250 234
190 241 160 179 259
191 253 263 257 231
192 256 248 249 228
193 266 260 265 264
194 252 261 264 226
195 227 239 245 250
196 248 256 230 246
197 247 249 248 229
198 189 188 227 241
199 188 187 239 227
200 159 178 235 177
201 260 257 263 265
202 233 216 243 235
203 190 189 241 259
204 245 239 209 210
205 233 244 214 215
206 244 234 212 213
207 242 184 185 246
208 259 180 191 190
209 258 229 248 246
210 250 160 241 227
2 50 2 3
211 165 271 166
212 163 272 164
213 168 270 167
2 50 3 13
214 174 175 267 272
215 171 269 267 268
216 268 270 168 169
217 268 267 175 270
218 267 27 271 272
219 174 272 163 156
220 272 271 165 164
221 271 27 3 166
222 270 175 157 167
223 26 27 267 269
224 5 26 269 173
225 269 171 172 173
226 170 171 268 169
2 41 2 3
227 222 274 221
228 275 276 218
229 221 273 220
2 41 3 9
230 222 158 176 274
231 13 219 277 83
232 277 219 220 273
233 159 218 276 177
234 12 82 275 218
235 275 277 273 276
236 273 221 274 276
237 177 276 274 176
238 277 275 82 83
2 10000 2 6
239 186 11 88
240 92 278 91
241 185 279 184
242 162 280 183
243 182 282 181
244 159 284 218
2 10000 3 14
245 280 162 184 279
246 282 281 14 90
247 281 280 89 14
248 186 88 279 185
249 282 90 91 278
250 279 88 89 280
251 282 278 180 181
252 278 92 284 283
253 283 284 159 178
254 284 92 12 218
255 183 280 281 161
256 281 282 182 161
257 179 180 278 283
258 160 179 283 178
2 10 2 12
259 361 363 311
260 353 377 375
261 313 387 312
262 362 378 373
263 389 394 392
264 357 386 319
265 338 371 337
266 370 374 358
267 330 367 329
268 333 362 332
269 335 372 334
270 337 361 336
2 10 3 69
271 326 327 364 351
272 202 201 356 365
273 373 331 332 362
274 203 380 354 204
275 358 384 200 199
276 205 379 360 206
277 366 207 206 360
278 296 156 207 366
279 354 379 205 204
280 200 384 356 201
281 365 380 203 202
282 368 299 298 359
283 323 383 353 322
284 325 382 352 324
285 328 285 299 368
286 327 328 368 364
287 366 381 297 296
288 352 382 394 389
289 388 351 364 385
290 298 297 381 359
291 353 375 321 322
292 352 383 323 324
293 351 382 325 326
294 371 338 287 309
295 382 351 388 394
296 360 391 381 366
297 316 291 196 195
298 368 359 385 364
299 290 316 195 194
300 367 187 155 329
301 377 390 365 356
302 309 310 363 371
303 315 290 194 193
304 318 319 386 374
305 198 197 317 370
306 314 315 193 192
307 198 370 358 199
308 192 191 313 314
309 360 379 393 391
310 291 317 197 196
311 375 357 320 321
312 390 389 380 365
313 361 311 289 372
314 389 390 383 352
315 354 392 393 379
316 390 377 353 383
317 357 319 292 320
318 372 289 378 362
319 369 289 312 387
320 381 391 385 359
321 384 376 377 356
322 394 388 393 392
323 380 389 392 354
324 355 367 373 378
325 376 384 358 374
326 375 377 376 357
327 189 188 355 369
328 188 187 367 355
329 288 311 363 310
330 388 385 391 393
331 361 337 371 363
332 190 189 369 387
333 373 367 330 331
334 361 372 335 336
335 372 362 333 334
336 370 317 318 374
337 387 313 191 190
338 386 357 376 374
339 378 289 369 355
2 50 2 3
340 298 399 299
341 296 400 297
342 301 398 300
2 50 3 13
343 174 175 395 400
344 304 397 395 396
345 396 398 301 302
346 396 395 175 398
347 395 308 399 400
348 174 400 296 156
349 400 399 298 297
350 399 308 285 299
351 398 175 157 300
352 307 308 395 397
353 286 307 397 306
354 397 304 305 306
355 303 304 396 302
2 41 2 3
356 345 402 344
357 403 404 339
358 344 401 343
2 41 3 9
359 345 287 309 402
360 294 342 405 341
361 405 342 343 401
362 288 339 404 310
363 293 340 403 339
364 403 405 401 404
365 401 344 402 404
366 310 404 402 309
367 405 403 340 341
2 10001 2 6
368 319 292 346
369 350 406 349
370 318 407 317
371 291 408 316
372 315 410 314
373 288 412 339
2 10001 3 14
374 408 291 317 407
375 410 409 295 348
376 409 408 347 295
377 319 346 407 318
378 410 348 349 406
379 407 346 347 408
380 410 406 313 314
381 406 350 412 411
382 411 412 288 311
383 412 350 293 339
384 316 408 409 290
385 409 410 315 290
386 312 313 406 411
387 289 312 411 311
2 10 2 12
388 491 493 436
389 483 507 505
390 438 517 437
391 492 508 503
392 519 524 522
393 487 516 444
394 475 501 474
395 500 504 488
396 467 497 466
397 470 492 469
398 472 502 471
399 474 491 473
2 10 3 69
400 326 327 494 481
401 460 459 486 495
402 503 468 469 492
403 461 510 484 462
404 488 514 458 457
405 463 509 490 464
406 496 465 464 490
407 421 414 465 496
408 484 509 463 462
409 458 514 486 459
410 495 510 461 460
411 498 424 423 489
412 323 513 483 322
413 325 512 482 324
414 328 285 424 498
415 327 328 498 494
416 496 511 422 421
417 482 512 524 519
418 518 481 494 515
419 423 422 511 489
420 483 505 321 322
421 482 513 323 324
422 481 512 325 326
423 501 475 416 434
424 512 481 518 524
425 490 521 511 496
426 441 420 454 453
427 498 489 515 494
428 419 441 453 452
429 497 445 413 466
430 507 520 495 486
431 434 435 493 501
432 440 419 452 451
433 443 444 516 504
434 456 455 442 500
435 439 440 451 450
436 456 500 488 457
437 450 449 438 439
438 490 509 523 521
439 420 442 455 454
440 505 487 320 321
441 520 519 510 495
442 491 436 418 502
443 519 520 513 482
444 484 522 523 509
445 520 507 483 513
446 487 444 292 320
447 502 418 508 492
448 499 418 437 517
449 511 521 515 489
450 514 506 507 486
451 524 518 523 522
452 510 519 522 484
453 485 497 503 508
454 506 514 488 504
455 505 507 506 487
456 447 446 485 499
457 446 445 497 485
458 417 436 493 435
459 518 515 521 523
460 491 474 501 493
461 448 447 499 517
462 503 497 467 468
463 491 502 472 473
464 502 492 470 471
465 500 442 443 504
466 517 438 449 448
467 516 487 506 504
468 508 418 499 485
2 50 2 3
469 423 529 424
470 421 530 422
471 426 528 425
2 50 3 13
472 432 433 525 530
473 429 527 525 526
474 526 528 426 427
475 526 525 433 528
476 525 308 529 530
477 432 530 421 414
478 530 529 423 422
479 529 308 285 424
480 528 433 415 425
481 307 308 525 527
482 286 307 527 431
483 527 429 430 431
484 428 429 526 427
2 41 2 3
485 480 532 479
486 533 534 476
487 479 531 478
2 41 3 9
488 480 416 434 532
489 294 477 535 341
490 535 477 478 531
491 417 476 534 435
492 293 340 533 476
493 533 535 531 534
494 531 479 532 534
495 435 534 532 434
496 535 533 340 341
2 10001 2 6
497 444 292 346
498 350 536 349
499 443 537 442
500 420 538 441
501 440 540 439
502 417 542 476
2 10001 3 14
503 538 420 442 537
504 540 539 295 348
505 539 538 347 295
506 444 346 537 443
507 540 348 349 536
508 537 346 347 538
509 540 536 438 439
510 536 350 542 541
511 541 542 417 436
512 542 350 293 476
513 441 538 539 419
514 539 540 440 419
515 437 438 536 541
516 418 437 541 436
2 10 2 12
517 619 621 569
518 611 635 633
519 571 645 570
520 620 636 631
521 647 652 650
522 615 644 577
523 596 629 595
524 628 632 616
525 588 625 587
526 591 620 590
527 593 630 592
528 595 619 594
2 10 3 69
529 584 585 622 609
530 460 459 614 623
531 631 589 590 620
532 461 638 612 462
533 616 642 458 457
534 463 637 618 464
535 624 465 464 618
536 554 414 465 624
537 612 637 463 462
538 458 642 614 459
539 623 638 461 460
540 626 557 556 617
541 581 641 611 580
542 583 640 610 582
543 586 543 557 626
544 585 586 626 622
545 624 639 555 554
546 610 640 652 647
547 646 609 622 643
548 556 555 639 617
549 611 633 579 580
550 610 641 581 582
551 609 640 583 584
552 629 596 545 567
553 640 609 646 652
554 618 649 639 624
555 574 549 454 453
556 626 617 643 622
557 548 574 453 452
558 625 445 413 587
559 635 648 623 614
560 567 568 621 629
561 573 548 452 451
562 576 577 644 632
563 456 455 575 628
564 572 573 451 450
565 456 628 616 457
566 450 449 571 572
567 618 637 651 649
568 549 575 455 454
569 633 615 578 579
570 648 647 638 623
571 619 569 547 630
572 647 648 641 610
573 612 650 651 637
574 648 635 611 641
575 615 577 550 578
576 630 547 636 620
577 627 547 570 645
578 639 649 643 617
579 642 634 635 614
580 652 646 651 650
581 638 647 650 612
582 613 625 631 636
583 634 642 616 632
584 633 635 634 615
585 447 446 613 627
586 446 445 625 613
587 546 569 621 568
588 646 643 649 651
589 619 595 629 621
590 448 447 627 645
591 631 625 588 589
592 619 630 593 594
593 630 620 591 592
594 628 575 576 632
595 645 571 449 448
596 644 615 634 632
597 636 547 627 613
2 50 2 3
598 556 657 557
599 554 658 555
600 559 656 558
2 50 3 13
601 432 433 653 658
602 562 655 653 654
603 654 656 559 560
604 654 653 433 656
605 653 566 657 658
606 432 658 554 414
607 658 657 556 555
608 657 566 543 557
609 656 433 415 558
610 565 566 653 655
611 544 565 655 564
612 655 562 563 564
613 561 562 654 560
2 41 2 3
614 603 660 602
615 661 662 597
616 602 659 601
2 41 3 9
617 603 545 567 660
618 552 600 663 599
619 663 600 601 659
620 546 597 662 568
621 551 598 661 597
622 661 663 659 662
623 659 602 660 662
624 568 662 660 567
625 663 661 598 599
2 10002 2 6
626 577 550 604
627 608 664 607
628 576 665 575
629 549 666 574
630 573 668 572
631 546 670 597
2 10002 3 14
632 666 549 575 665
633 668 667 553 606
634 667 666 605 553
635 577 604 665 576
636 668 606 607 664
637 665 604 605 666
638 668 664 571 572
639 664 608 670 669
640 669 670 546 569
641 670 608 551 597
642 574 666 667 548
643 667 668 573 548
644 570 571 664 669
645 547 570 669 569
2 10 2 12
646 749 751 694
647 741 765 763
648 696 775 695
649 750 766 761
650 777 782 780
651 745 774 702
652 733 759 732
653 758 762 746
654 725 755 724
655 728 750 727
656 730 760 729
657 732 749 731
2 10 3 69
658 584 585 752 739
659 718 717 744 753
660 761 726 727 750
661 719 768 742 720
662 746 772 716 715
663 721 767 748 722
664 754 723 722 748
665 679 672 723 754
666 742 767 721 720
667 716 772 744 717
668 753 768 719 718
669 756 682 681 747
670 581 771 741 580
671 583 770 740 582
672 586 543 682 756
673 585 586 756 752
674 754 769 680 679
675 740 770 782 777
676 776 739 752 773
677 681 680 769 747
678 741 763 579 580
679 740 771 581 582
680 739 770 583 584
681 759 733 674 692
682 770 739 776 782
683 748 779 769 754
684 699 678 712 711
685 756 747 773 752
686 677 699 711 710
687 755 703 671 724
688 765 778 753 744
689 692 693 751 759
690 698 677 710 709
691 701 702 774 762
692 714 713 700 758
693 697 698 709 708
694 714 758 746 715
695 708 707 696 697
696 748 767 781 779
697 678 700 713 712
698 763 745 578 579
699 778 777 768 753
700 749 694 676 760
701 777 778 771 740
702 742 780 781 767
703 778 765 741 771
704 745 702 550 578
705 760 676 766 750
706 757 676 695 775
707 769 779 773 747
708 772 764 765 744
709 782 776 781 780
710 768 777 780 742
711 743 755 761 766
712 764 772 746 762
713 763 765 764 745
714 705 704 743 757
715 704 703 755 743
716 675 694 751 693
717 776 773 779 781
718 749 732 759 751
719 706 705 757 775
720 761 755 725 726
721 749 760 730 731
722 760 750 728 729
723 758 700 701 762
724 775 696 707 706
725 774 745 764 762
726 766 676 757 743
2 50 2 3
727 681 787 682
728 679 788 680
729 684 786 683
2 50 3 13
730 690 691 783 788
731 687 785 783 784
732 784 786 684 685
733 784 783 691 786
734 783 566 787 788
735 690 788 679 672
736 788 787 681 680
737 787 566 543 682
738 786 691 673 683
739 565 566 783 785
740 544 565 785 689
741 785 687 688 689
742 686 687 784 685
2 41 2 3
743 738 790 737
744 791 792 734
745 737 789 736
2 41 3 9
746 738 674 692 790
747 552 735 793 599
748 793 735 736 789
749 675 734 792 693
750 551 598 791 734
751 791 793 789 792
752 789 737 790 792
753 693 792 790 692
754 793 791 598 599
2 10002 2 6
755 702 550 604
756 608 794 607
757 701 795 700
758 678 796 699
759 698 798 697
760 675 800 734
2 10002 3 14
761 796 678 700 795
762 798 797 553 606
763 797 796 605 553
764 702 604 795 701
765 798 606 607 794
766 795 604 605 796
767 798 794 696 697
768 794 608 800 799
769 799 800 675 694
770 800 608 551 734
771 699 796 797 677
772 797 798 698 677
773 695 696 794 799
774 676 695 799 694
2 10 2 12
775 877 879 827
776 869 893 891
777 829 903 828
778 878 894 889
779 905 910 908
780 873 902 835
781 854 887 853
782 886 890 874
783 846 883 845
784 849 878 848
785 851 888 850
786 853 877 852
2 10 3 69
787 842 843 880 867
788 718 717 872 881
789 889 847 848 878
790 719 896 870 720
791 874 900 716 715
792 721 895 876 722
793 882 723 722 876
794 812 672 723 882
795 870 895 721 720
796 716 900 872 717
797 881 896 719 718
798 884 815 814 875
799 839 899 869 838
800 841 898 868 840
801 844 801 815 884
802 843 844 884 880
803 882 897 813 812
804 868 898 910 905
805 904 867 880 901
806 814 813 897 875
807 869 891 837 838
808 868 899 839 840
809 867 898 841 842
810 887 854 803 825
811 898 867 904 910
812 876 907 897 882
813 832 807 712 711
814 884 875 901 880
815 806 832 711 710
816 883 703 671 845
817 893 906 881 872
818 825 826 879 887
819 831 806 710 709
820 834 835 902 890
821 714 713 833 886
822 830 831 709 708
823 714 886 874 715
824 708 707 829 830
825 876 895 909 907
826 807 833 713 712
827 891 873 836 837
828 906 905 896 881
829 877 827 805 888
830 905 906 899 868
831 870 908 909 895
832 906 893 869 899
833 873 835 808 836
834 888 805 894 878
835 885 805 828 903
836 897 907 901 875
837 900 892 893 872
838 910 904 909 908
839 896 905 908 870
840 871 883 889 894
841 892 900 874 890
842 891 893 892 873
843 705 704 871 885
844 704 703 883 871
845 804 827 879 826
846 904 901 907 909
847 877 853 887 879
848 706 705 885 903
849 889 883 846 847
850 877 888 851 852
851 888 878 849 850
852 886 833 834 890
853 903 829 707 706
854 902 873 892 890
855 894 805 885 871
2 50 2 3
856 814 915 815
857 812 916 813
858 817 914 816
2 50 3 13
859 690 691 911 916
860 820 913 911 912
861 912 914 817 818
862 912 911 691 914
863 911 824 915 916
864 690 916 812 672
865 916 915 814 813
866 915 824 801 815
867 914 691 673 816
868 823 824 911 913
869 802 823 913 822
870 913 820 821 822
871 819 820 912 818
2 41 2 3
872 861 918 860
873 919 920 855
874 860 917 859
2 41 3 9
875 861 803 825 918
876 810 858 921 857
877 921 858 859 917
878 804 855 920 826
879 809 856 919 855
880 919 921 917 920
881 917 860 918 920
882 826 920 918 825
883 921 919 856 857
2 10003 2 6
884 835 808 862
885 866 922 865
886 834 923 833
887 807 924 832
888 831 926 830
889 804 928 855
2 10003 3 14
890 924 807 833 923
891 926 925 811 864
892 925 924 863 811
893 835 862 923 834
894 926 864 865 922
895 923 862 863 924
896 926 922 829 830
897 922 866 928 927
898 927 928 804 827
899 928 866 809 855
900 832 924 925 806
901 925 926 831 806
902 828 829 922 927
903 805 828 927 827
2 10 2 12
904 1007 1009 952
905 999 1023 1021
906 954 1033 953
907 1008 1024 1019
908 1035 1040 1038
909 1003 1032 960
910 991 1017 990
911 1016 1020 1004
912 983 1013 982
913 986 1008 985
914 988 1018 987
915 990 1007 989
2 10 3 69
916 842 843 1010 997
917 976 975 1002 1011
918 1019 984 985 1008
919 977 1026 1000 978
920 1004 1030 974 973
921 979 1025 1006 980
922 1012 981 980 1006
923 937 930 981 1012
924 1000 1025 979 978
925 974 1030 1002 975
926 1011 1026 977 976
927 1014 940 939 1005
928 839 1029 999 838
929 841 1028 998 840
930 844 801 940 1014
931 843 844 1014 1010
932 1012 1027 938 937
933 998 1028 1040 1035
934 1034 997 1010 1031
935 939 938 1027 1005
936 999 1021 837 838
937 998 1029 839 840
938 997 1028 841 842
939 1017 991 932 950
940 1028 997 1034 1040
941 1006 1037 1027 1012
942 957 936 970 969
943 1014 1005 1031 1010
944 935 957 969 968
945 1013 961 929 982
946 1023 1036 1011 1002
947 950 951 1009 1017
948 956 935 968 967
949 959 960 1032 1020
950 972 971 958 1016
951 955 956 967 966
952 972 1016 1004 973
953 966 965 954 955
954 1006 1025 1039 1037
955 936 958 971 970
956 1021 1003 836 837
957 1036 1035 1026 1011
958 1007 952 934 1018
959 1035 1036 1029 998
960 1000 1038 1039 1025
961 1036 1023 999 1029
962 1003 960 808 836
963 1018 934 1024 1008
964 1015 934 953 1033
965 1027 1037 1031 1005
966 1030 1022 1023 1002
967 1040 1034 1039 1038
968 1026 1035 1038 1000
969 1001 1013 1019 1024
970 1022 1030 1004 1020
971 1021 1023 1022 1003
972 963 962 1001 1015
973 962 961 1013 1001
974 933 952 1009 951
975 1034 1031 1037 1039
976 1007 990 1017 1009
977 964 963 1015 1033
978 1019 1013 983 984
979 1007 1018 988 989
980 1018 1008 986 987
981 1016 958 959 1020
982 1033 954 965 964
983 1032 1003 1022 1020
984 1024 934 1015 1001
2 50 2 3
985 939 1045 940
986 937 1046 938
987 942 1044 941
2 50 3 13
988 948 949 1041 1046
989 945 1043 1041 1042
990 1042 1044 942 943
991 1042 1041 949 1044
992 1041 824 1045 1046
993 948 1046 937 930
994 1046 1045 939 938
995 1045 824 801 940
996 1044 949 931 941
997 823 824 1041 1043
998 802 823 1043 947
999 1043 945 946 947
1000 944 945 1042 943
2 41 2 3
1001 996 1048 995
1002 1049 1050 992
1003 995 1047 994
2 41 3 9
1004 996 932 950 1048
1005 810 993 1051 857
1006 1051 993 994 1047
1007 933 992 1050 951
1008 809 856 1049 992
1009 1049 1051 1047 1050
1010 1047 995 1048 1050
1011 951 1050 1048 950
1012 1051 1049 856 857
2 10003 2 6
1013 960 808 862
1014 866 1052 865
1015 959 1053 958
1016 936 1054 957
1017 956 1056 955
1018 933 1058 992
2 10003 3 14
1019 1054 936 958 1053
1020 1056 1055 811 864
1021 1055 1054 863 811
1022 960 862 1053 959
1023 1056 864 865 1052
1024 1053 862 863 1054
1025 1056 1052 954 955
1026 1052 866 1058 1057
1027 1057 1058 933 952
1028 1058 866 809 992
1029 957 1054 1055 935
1030 1055 1056 956 935
1031 953 954 1052 1057
1032 934 953 1057 952
2 10 2 12
1033 1135 1137 1085
1034 1127 1151 1149
1035 1087 1161 1086
1036 1136 1152 1147
1037 1163 1168 1166
1038 1131 1160 1093
1039 1112 1145 1111
1040 1144 1148 1132
1041 1104 1141 1103
1042 1107 1136 1106
1043 1109 1146 1108
1044 1111 1135 1110
2 10 3 69
1045 1100 1101 1138 1125
1046 976 975 1130 1139
1047 1147 1105 1106 1136
1048 977 1154 1128 978
1049 1132 1158 974 973
1050 979 1153 1134 980
1051 1140 981 980 1134
1052 1070 930 981 1140
1053 1128 1153 979 978
1054 974 1158 1130 975
1055 1139 1154 977 976
1056 1142 1073 1072 1133
1057 1097 1157 1127 1096
1058 1099 1156 1126 1098
1059 1102 1059 1073 1142
1060 1101 1102 1142 1138
1061 1140 1155 1071 1070
1062 1126 1156 1168 1163
1063 1162 1125 1138 1159
1064 1072 1071 1155 1133
1065 1127 1149 1095 1096
1066 1126 1157 1097 1098
1067 1125 1156 1099 1100
1068 1145 1112 1061 1083
1069 1156 1125 1162 1168
1070 1134 1165 1155 1140
1071 1090 1065 970 969
1072 1142 1133 1159 1138
1073 1064 1090 969 968
1074 1141 961 929 1103
1075 1151 1164 1139 1130
1076 1083 1084 1137 1145
1077 1089 1064 968 967
1078 1092 1093 1160 1148
1079 972 971 1091 1144
1080 1088 1089 967 966
1081 972 1144 1132 973
1082 966 965 1087 1088
1083 1134 1153 1167 1165
1084 1065 1091 971 970
1085 1149 1131 1094 1095
1086 1164 1163 1154 1139
1087 1135 1085 1063 1146
1088 1163 1164 1157 1126
1089 1128 1166 1167 1153
1090 1164 1151 1127 1157
1091 1131 1093 1066 1094
1092 1146 1063 1152 1136
1093 1143 1063 1086 1161
1094 1155 1165 1159 1133
1095 1158 1150 1151 1130
1096 1168 1162 1167 1166
1097 1154 1163 1166 1128
1098 1129 1141 1147 1152
1099 1150 1158 1132 1148
1100 1149 1151 1150 1131
1101 963 962 1129 1143
1102 962 961 1141 1129
1103 1062 1085 1137 1084
1104 1162 1159 1165 1167
1105 1135 1111 1145 1137
1106 964 963 1143 1161
1107 1147 1141 1104 1105
1108 1135 1146 1109 1110
1109 1146 1136 1107 1108
1110 1144 1091 1092 1148
1111 1161 1087 965 964
1112 1160 1131 1150 1148
1113 1152 1063 1143 1129
2 50 2 3
1114 1072 1173 1073
1115 1070 1174 1071
1116 1075 1172 1074
2 50 3 13
1117 948 949 1169 1174
1118 1078 1171 1169 1170
1119 1170 1172 1075 1076
1120 1170 1169 949 1172
1121 1169 1082 1173 1174
1122 948 1174 1070 930
1123 1174 1173 1072 1071
1124 1173 1082 1059 1073
1125 1172 949 931 1074
1126 1081 1082 1169 1171
1127 1060 1081 1171 1080
1128 1171 1078 1079 1080
1129 1077 1078 1170 1076
2 41 2 3
1130 1119 1176 1118
1131 1177 1178 1113
1132 1118 1175 1117
2 41 3 9
1133 1119 1061 1083 1176
1134 1068 1116 1179 1115
1135 1179 1116 1117 1175
1136 1062 1113 1178 1084
1137 1067 1114 1177 1113
1138 1177 1179 1175 1178
1139 1175 1118 1176 1178
1140 1084 1178 1176 1083
1141 1179 1177 1114 1115
2 10004 2 6
1142 1093 1066 1120
1143 1124 1180 1123
1144 1092 1181 1091
1145 1065 1182 1090
1146 1089 1184 1088
1147 1062 1186 1113
2 10004 3 14
1148 1182 1065 1091 1181
1149 1184 1183 1069 1122
1150 1183 1182 1121 1069
1151 1093 1120 1181 1092
1152 1184 1122 1123 1180
1153 1181 1120 1121 1182
1154 1184 1180 1087 1088
1155 1180 1124 1186 1185
1156 1185 1186 1062 1085
1157 1186 1124 1067 1113
1158 1090 1182 1183 1064
1159 1183 1184 1089 1064
1160 1086 1087 1180 1185
1161 1063 1086 1185 1085
2 10 2 12
1162 1265 1267 1210
1163 1257 1281 1279
1164 1212 1291 1211
1165 1266 1282 1277
1166 1293 1298 1296
1167 1261 1290 1218
1168 1249 1275 1248
1169 1274 1278 1262
1170 1241 1271 1240
1171 1244 1266 1243
1172 1246 1276 1245
1173 1248 1265 1247
2 10 3 69
1174 1100 1101 1268 1255
1175 1234 1233 1260 1269
1176 1277 1242 1243 1266
1177 1235 1284 1258 1236
1178 1262 1288 1232 1231
1179 1237 1283 1264 1238
1180 1270 1239 1238 1264
1181 1195 1188 1239 1270
1182 1258 1283 1237 1236
1183 1232 1288 1260 1233
1184 1269 1284 1235 1234
1185 1272 1198 1197 1263
1186 1097 1287 1257 1096
1187 1099 1286 1256 1098
1188 1102 1059 1198 1272
1189 1101 1102 1272 1268
1190 1270 1285 1196 1195
1191 1256 1286 1298 1293
1192 1292 1255 1268 1289
1193 1197 1196 1285 1263
1194 1257 1279 1095 1096
1195 1256 1287 1097 1098
1196 1255 1286 1099 1100
1197 1275 1249 1190 1208
1198 1286 1255 1292 1298
1199 1264 1295 1285 1270
1200 1215 1194 1228 1227
1201 1272 1263 1289 1268
1202 1193 1215 1227 1226
1203 1271 1219 1187 1240
1204 1281 1294 1269 1260
1205 1208 1209 1267 1275
1206 1214 1193 1226 1225
1207 1217 1218 1290 1278
1208 1230 1229 1216 1274
1209 1213 1214 1225 1224
1210 1230 1274 1262 1231
1211 1224 1223 1212 1213
1212 1264 1283 1297 1295
1213 1194 1216 1229 1228
1214 1279 1261 1094 1095
1215 1294 1293 1284 1269
1216 1265 1210 1192 1276
1217 1293 1294 1287 1256
1218 1258 1296 1297 1283
1219 1294 1281 1257 1287
1220 1261 1218 1066 1094
1221 1276 1192 1282 1266
1222 1273 1192 1211 1291
1223 1285 1295 1289 1263
1224 1288 1280 1281 1260
1225 1298 1292 1297 1296
1226 1284 1293 1296 1258
1227 1259 1271 1277 1282
1228 1280 1288 1262 1278
1229 1279 1281 1280 1261
1230 1221 1220 1259 1273
1231 1220 1219 1271 1259
1232 1191 1210 1267 1209
1233 1292 1289 1295 1297
1234 1265 1248 1275 1267
1235 1222 1221 1273 1291
1236 1277 1271 1241 1242
1237 1265 1276 1246 1247
1238 1276 1266 1244 1245
1239 1274 1216 1217 1278
1240 1291 1212 1223 1222
1241 1290 1261 1280 1278
1242 1282 1192 1273 1259
2 50 2 3
1243 1197 1303 1198
1244 1195 1304 1196
1245 1200 1302 1199
2 50 3 13
1246 1206 1207 1299 1304
1247 1203 1301 1299 1300
1248 1300 1302 1200 1201
1249 1300 1299 1207 1302
1250 1299 1082 1303 1304
1251 1206 1304 1195 1188
1252 1304 1303 1197 1196
1253 1303 1082 1059 1198
1254 1302 1207 1189 1199
1255 1081 1082 1299 1301
1256 1060 1081 1301 1205
1257 1301 1203 1204 1205
1258 1202 1203 1300 1201
2 41 2 3
1259 1254 1306 1253
1260 1307 1308 1250
1261 1253 1305 1252
2 41 3 9
1262 1254 1190 1208 1306
1263 1068 1251 1309 1115
1264 1309 1251 1252 1305
1265 1191 1250 1308 1209
1266 1067 1114 1307 1250
1267 1307 1309 1305 1308
1268 1305 1253 1306 1308
1269 1209 1308 1306 1208
1270 1309 1307 1114 1115
2 10004 2 6
1271 1218 1066 1120
1272 1124 1310 1123
1273 1217 1311 1216
1274 1194 1312 1215
1275 1214 1314 1213
1276 1191 1316 1250
2 10004 3 14
1277 1312 1194 1216 1311
1278 1314 1313 1069 1122
1279 1313 1312 1121 1069
1280 1218 1120 1311 1217
1281 1314 1122 1123 1310
1282 1311 1120 1121 1312
1283 1314 1310 1212 1213
1284 1310 1124 1316 1315
1285 1315 1316 1191 1210
1286 1316 1124 1067 1250
1287 1215 1312 1313 1193
1288 1313 1314 1214 1193
1289 1211 1212 1310 1315
1290 1192 1211 1315 1210
2 10 2 12
1291 1393 1395 1343
1292 1385 1409 1407
1293 1345 1419 1344
1294 1394 1410 1405
1295 1421 1426 1424
1296 1389 1418 1351
1297 1370 1403 1369
1298 1402 1406 1390
1299 1362 1399 1361
1300 1365 1394 1364
1301 1367 1404 1366
1302 1369 1393 1368
2 10 3 69
1303 1358 1359 1396 1383
1304 1234 1233 1388 1397
1305 1405 1363 1364 1394
1306 1235 1412 1386 1236
1307 1390 1416 1232 1231
1308 1237 1411 1392 1238
1309 1398 1239 1238 1392
1310 1328 1188 1239 1398
1311 1386 1411 1237 1236
1312 1232 1416 1388 1233
1313 1397 1412 1235 1234
1314 1400 1331 1330 1391
1315 1355 1415 1385 1354
1316 1357 1414 1384 1356
1317 1360 1317 1331 1400
1318 1359 1360 1400 1396
1319 1398 1413 1329 1328
1320 1384 1414 1426 1421
1321 1420 1383 1396 1417
1322 1330 1329 1413 1391
1323 1385 1407 1353 1354
1324 1384 1415 1355 1356
1325 1383 1414 1357 1358
1326 1403 1370 1319 1341
1327 1414 1383 1420 1426
1328 1392 1423 1413 1398
1329 1348 1323 1228 1227
1330 1400 1391 1417 1396
1331 1322 1348 1227 1226
1332 1399 1219 1187 1361
1333 1409 1422 1397 1388
1334 1341 1342 1395 1403
1335 1347 1322 1226 1225
1336 1350 1351 1418 1406
1337 1230 1229 1349 1402
1338 1346 1347 1225 1224
1339 1230 1402 1390 1231
1340 1224 1223 1345 1346
1341 1392 1411 1425 1423
1342 1323 1349 1229 1228
1343 1407 1389 1352 1353
1344 1422 1421 1412 1397
1345 1393 1343 1321 1404
1346 1421 1422 1415 1384
1347 1386 1424 1425 1411
1348 1422 1409 1385 1415
1349 1389 1351 1324 1352
1350 1404 1321 1410 1394
1351 1401 1321 1344 1419
1352 1413 1423 1417 1391
1353 1416 1408 1409 1388
1354 1426 1420 1425 1424
1355 1412 1421 1424 1386
1356 1387 1399 1405 1410
1357 1408 1416 1390 1406
1358 1407 1409 1408 1389
1359 1221 1220 1387 1401
1360 1220 1219 1399 1387
1361 1320 1343 1395 1342
1362 1420 1417 1423 1425
1363 1393 1369 1403 1395
1364 1222 1221 1401 1419
1365 1405 1399 1362 1363
1366 1393 1404 1367 1368
1367 1404 1394 1365 1366
1368 1402 1349 1350 1406
1369 1419 1345 1223 1222
1370 1418 1389 1408 1406
1371 1410 1321 1401 1387
2 50 2 3
1372 1330 1431 1331
1373 1328 1432 1329
1374 1333 1430 1332
2 50 3 13
1375 1206 1207 1427 1432
1376 1336 1429 1427 1428
1377 1428 1430 1333 1334
1378 1428 1427 1207 1430
1379 1427 1340 1431 1432
1380 1206 1432 1328 1188
1381 1432 1431 1330 1329
1382 1431 1340 1317 1331
1383 1430 1207 1189 1332
1384 1339 1340 1427 1429
1385 1318 1339 1429 1338
1386 1429 1336 1337 1338
1387 1335 1336 1428 1334
2 41 2 3
1388 1377 1434 1376
1389 1435 1436 1371
1390 1376 1433 1375
2 41 3 9
1391 1377 1319 1341 1434
1392 1326 1374 1437 1373
1393 1437 1374 1375 1433
1394 1320 1371 1436 1342
1395 1325 1372 1435 1371
1396 1435 1437 1433 1436
1397 1433 1376 1434 1436
1398 1342 1436 1434 1341
1399 1437 1435 1372 1373
2 10005 2 6
1400 1351 1324 1378
1401 1382 1438 1381
1402 1350 1439 1349
1403 1323 1440 1348
1404 1347 1442 1346
1405 1320 1444 1371
2 10005 3 14
1406 1440 1323 1349 1439
1407 1442 1441 1327 1380
1408 1441 1440 1379 1327
1409 1351 1378 1439 1350
1410 1442 1380 1381 1438
1411 1439 1378 1379 1440
1412 1442 1438 1345 1346
1413 1438 1382 1444 1443
1414 1443 1444 1320 1343
1415 1444 1382 1325 1371
1416 1348 1440 1441 1322
1417 1441 1442 1347 1322
1418 1344 1345 1438 1443
1419 1321 1344 1443 1343
2 10 2 12
1420 1523 1525 1468
1421 1515 1539 1537
1422 1470 1549 1469
1423 1524 1540 1535
1424 1551 1556 1554
1425 1519 1548 1476
1426 1507 1533 1506
1427 1532 1536 1520
1428 1499 1529 1498
1429 1502 1524 1501
1430 1504 1534 1503
1431 1506 1523 1505
2 10 3 69
1432 1358 1359 1526 1513
1433 1492 1491 1518 1527
1434 1535 1500 1501 1524
1435 1493 1542 1516 1494
1436 1520 1546 1490 1489
1437 1495 1541 1522 1496
1438 1528 1497 1496 1522
1439 1453 1446 1497 1528
1440 1516 1541 1495 1494
1441 1490 1546 1518 1491
1442 1527 1542 1493 1492
1443 1530 1456 1455 1521
1444 1355 1545 1515 1354
1445 1357 1544 1514 1356
1446 1360 1317 1456 1530
1447 1359 1360 1530 1526
1448 1528 1543 1454 1453
1449 1514 1544 1556 1551
1450 1550 1513 1526 1547
1451 1455 1454 1543 1521
1452 1515 1537 1353 1354
1453 1514 1545 1355 1356
1454 1513 1544 1357 1358
1455 1533 1507 1448 1466
1456 1544 1513 1550 1556
1457 1522 1553 1543 1528
1458 1473 1452 1486 1485
1459 1530 1521 1547 1526
1460 1451 1473 1485 1484
1461 1529 1477 1445 1498
1462 1539 1552 1527 1518
1463 1466 1467 1525 1533
1464 1472 1451 1484 1483
1465 1475 1476 1548 1536
1466 1488 1487 1474 1532
1467 1471 1472 1483 1482
1468 1488 1532 1520 1489
1469 1482 1481 1470 1471
1470 1522 1541 1555 1553
1471 1452 1474 1487 1486
1472 1537 1519 1352 1353
1473 1552 1551 1542 1527
1474 1523 1468 1450 1534
1475 1551 1552 1545 1514
1476 1516 1554 1555 1541
1477 1552 1539 1515 1545
1478 1519 1476 1324 1352
1479 1534 1450 1540 1524
1480 1531 1450 1469 1549
1481 1543 1553 1547 1521
1482 1546 1538 1539 1518
1483 1556 1550 1555 1554
1484 1542 1551 1554 1516
1485 1517 1529 1535 1540
1486 1538 1546 1520 1536
1487 1537 1539 1538 1519
1488 1479 1478 1517 1531
1489 1478 1477 1529 1517
1490 1449 1468 1525 1467
1491 1550 1547 1553 1555
1492 1523 1506 1533 1525
1493 1480 1479 1531 1549
1494 1535 1529 1499 1500
1495 1523 1534 1504 1505
1496 1534 1524 1502 1503
1497 1532 1474 1475 1536
1498 1549 1470 1481 1480
1499 1548 1519 1538 1536
1500 1540 1450 1531 1517
2 50 2 3
1501 1455 1561 1456
1502 1453 1562 1454
1503 1458 1560 1457
2 50 3 13
1504 1464 1465 1557 1562
1505 1461 1559 1557 1558
1506 1558 1560 1458 1459
1507 1558 1557 1465 1560
1508 1557 1340 1561 1562
1509 1464 1562 1453 1446
1510 1562 1561 1455 1454
1511 1561 1340 1317 1456
1512 1560 1465 1447 1457
1513 1339 1340 1557 1559
1514 1318 1339 1559 1463
1515 1559 1461 1462 1463
1516 1460 1461 1558 1459
2 41 2 3
1517 1512 1564 1511
1518 1565 1566 1508
1519 1511 1563 1510
2 41 3 9
1520 1512 1448 1466 1564
1521 1326 1509 1567 1373
1522 1567 1509 1510 1563
1523 1449 1508 1566 1467
1524 1325 1372 1565 1508
1525 1565 1567 1563 1566
1526 1563 1511 1564 1566
1527 1467 1566 1564 1466
1528 1567 1565 1372 1373
2 10005 2 6
1529 1476 1324 1378
1530 1382 1568 1381
1531 1475 1569 1474
1532 1452 1570 1473
1533 1472 1572 1471
1534 1449 1574 1508
2 10005 3 14
1535 1570 1452 1474 1569
1536 1572 1571 1327 1380
1537 1571 1570 1379 1327
1538 1476 1378 1569 1475
1539 1572 1380 1381 1568
1540 1569 1378 1379 1570
1541 1572 1568 1470 1471
1542 1568 1382 1574 1573
1543 1573 1574 1449 1468
1544 1574 1382 1325 1508
1545 1473 1570 1571 1451
1546 1571 1572 1472 1451
1547 1469 1470 1568 1573
1548 1450 1469 1573 1468
2 41 3 180
1549 1764 1755 1756 1763
1550 1575 1577 1760 1759
1551 1937 1582 1583 1936
1552 1934 1585 1586 1933
1553 1763 1756 1757 1762
1554 1767 1752 1753 1766
1555 1932 1587 1588 1931
1556 1920 1599 1600 1919
1557 1775 1744 1745 1774
1558 1922 1597 1598 1921
1559 1938 1581 1582 1937
1560 1929 1590 1591 1928
1561 1930 1589 1590 1929
1562 1578 1576 1581 1938
1563 1770 1749 1750 1769
1564 1933 1586 1587 1932
1565 1924 1595 1596 1923
1566 1927 1592 1593 1926
1567 1935 1584 1585 1934
1568 1765 1754 1755 1764
1569 1762 1757 1758 1761
1570 1780 1739 1740 1779
1571 1925 1594 1595 1924
1572 1773 1746 1747 1772
1573 1768 1751 1752 1767
1574 1761 1758 1759 1760
1575 1781 1738 1739 1780
1576 1769 1750 1751 1768
1577 1776 1743 1744 1775
1578 1771 1748 1749 1770
1579 1778 1741 1742 1777
1580 1766 1753 1754 1765
1581 1791 1728 1729 1790
1582 1774 1745 1746 1773
1583 1786 1733 1734 1785
1584 1877 1642 1643 1876
1585 1904 1615 1616 1903
1586 1909 1610 1611 1908
1587 1890 1629 1630 1889
1588 1792 1727 1728 1791
1589 1872 1647 1648 1871
1590 1625 1894 1895 1624
1591 1926 1593 1594 1925
1592 1901 1618 1619 1900
1593 1911 1608 1609 1910
1594 1900 1619 1620 1899
1595 1912 1607 1608 1911
1596 1787 1732 1733 1786
1597 1905 1614 1615 1904
1598 1782 1737 1738 1781
1599 1923 1596 1597 1922
1600 1797 1722 1723 1796
1601 1917 1602 1603 1916
1602 1919 1600 1601 1918
1603 1628 1891 1892 1627
1604 1928 1591 1592 1927
1605 1785 1734 1735 1784
1606 1622 1897 1898 1621
1607 1936 1583 1584 1935
1608 1921 1598 1599 1920
1609 1777 1742 1743 1776
1610 1907 1612 1613 1906
1611 1916 1603 1604 1915
1612 1623 1896 1897 1622
1613 1913 1606 1607 1912
1614 1918 1601 1602 1917
1615 1908 1611 1612 1907
1616 1789 1730 1731 1788
1617 1772 1747 1748 1771
1618 1887 1632 1633 1886
1619 1931 1588 1589 1930
1620 1885 1634 1635 1884
1621 1627 1892 1893 1626
1622 1882 1637 1638 1881
1623 1888 1631 1632 1887
1624 1903 1616 1617 1902
1625 1779 1740 1741 1778
1626 1902 1617 1618 1901
1627 1910 1609 1610 1909
1628 1914 1605 1606 1913
1629 1906 1613 1614 1905
1630 1915 1604 1605 1914
1631 1784 1735 1736 1783
1632 1880 1639 1640 1879
1633 1794 1725 1726 1793
1634 1821 1698 1699 1820
1635 1810 1709 1710 1809
1636 1783 1736 1737 1782
1637 1717 1802 1803 1716
1638 1813 1706 1707 1812
1639 1793 1726 1727 1792
1640 1715 1804 1805 1714
1641 1788 1731 1732 1787
1642 1826 1693 1694 1825
1643 1798 1721 1722 1797
1644 1795 1724 1725 1794
1645 1718 1801 1802 1717
1646 1790 1729 1730 1789
1647 1800 1719 1720 1799
1648 1859 1660 1661 1858
1649 1878 1641 1642 1877
1650 1863 1656 1657 1862
1651 1866 1653 1654 1865
1652 1860 1659 1660 1859
1653 1869 1650 1651 1868
1654 1875 1644 1645 1874
1655 1848 1671 1672 1847
1656 1861 1658 1659 1860
1657 1871 1648 1649 1870
1658 1884 1635 1636 1883
1659 1873 1646 1647 1872
1660 1796 1723 1724 1795
1661 1712 1807 1808 1711
1662 1837 1682 1683 1836
1663 1817 1702 1703 1816
1664 1843 1676 1677 1842
1665 1825 1694 1695 1824
1666 1853 1666 1667 1852
1667 1835 1684 1685 1834
1668 1832 1687 1688 1831
1669 1799 1720 1721 1798
1670 1716 1803 1804 1715
1671 1883 1636 1637 1882
1672 1865 1654 1655 1864
1673 1824 1695 1696 1823
1674 1855 1664 1665 1854
1675 1889 1630 1631 1888
1676 1719 1800 1801 1718
1677 1858 1661 1662 1857
1678 1624 1895 1896 1623
1679 1881 1638 1639 1880
1680 1814 1705 1706 1813
1681 1838 1681 1682 1837
1682 1899 1620 1621 1898
1683 1827 1692 1693 1826
1684 1811 1708 1709 1810
1685 1868 1651 1652 1867
1686 1879 1640 1641 1878
1687 1629 1890 1891 1628
1688 1886 1633 1634 1885
1689 1816 1703 1704 1815
1690 1840 1679 1680 1839
1691 1819 1700 1701 1818
1692 1809 1710 1711 1808
1693 1822 1697 1698 1821
1694 1845 1674 1675 1844
1695 1833 1686 1687 1832
1696 1876 1643 1644 1875
1697 1829 1690 1691 1828
1698 1830 1689 1690 1829
1699 1874 1645 1646 1873
1700 1864 1655 1656 1863
1701 1626 1893 1894 1625
1702 1870 1649 1650 1869
1703 1714 1805 1806 1713
1704 1844 1675 1676 1843
1705 1851 1668 1669 1850
1706 1857 1662 1663 1856
1707 1852 1667 1668 1851
1708 1713 1806 1807 1712
1709 1856 1663 1664 1855
1710 1823 1696 1697 1822
1711 1849 1670 1671 1848
1712 1836 1683 1684 1835
1713 1812 1707 1708 1811
1714 1846 1673 1674 1845
1715 1820 1699 1700 1819
1716 1815 1704 1705 1814
1717 1854 1665 1666 1853
1718 1839 1680 1681 1838
1719 1847 1672 1673 1846
1720 1828 1691 1692 1827
1721 1831 1688 1689 1830
1722 1841 1678 1679 1840
1723 1818 1701 1702 1817
1724 1834 1685 1686 1833
1725 1850 1669 1670 1849
1726 1867 1652 1653 1866
1727 1862 1657 1658 1861
1728 1842 1677 1678 1841
2 41 3 180
1729 1974 1795 1796 1975
1730 1990 1811 1812 1991
1731 1815 1816 1995 1994
1732 1914 1915 2094 2093
1733 1909 1910 2089 2088
1734 1931 1932 2111 2110
1735 1906 1907 2086 2085
1736 1813 1814 1993 1992
1737 1968 1789 1790 1969
1738 1898 1899 2078 2077
1739 1925 1926 2105 2104
1740 2101 1922 1923 2102
1741 1997 1818 1819 1998
1742 1928 1929 2108 2107
1743 1917 1918 2097 2096
1744 1964 1785 1786 1965
1745 1935 1936 2115 2114
1746 1954 1775 1776 1955
1747 1763 1764 1943 1942
1748 1912 1913 2092 2091
1749 1773 1774 1953 1952
1750 1769 1770 1949 1948
1751 1579 1577 1760 1939
1752 1770 1771 1950 1949
1753 1946 1767 1768 1947
1754 1958 1779 1780 1959
1755 1774 1775 1954 1953
1756 1937 1938 2117 2116
1757 1980 1801 1802 1981
1758 1951 1772 1773 1952
1759 1970 1791 1792 1971
1760 1895 1896 2075 2074
1761 1578 1580 2117 1938
1762 1996 1817 1818 1997
1763 1939 1760 1761 1940
1764 1920 1921 2100 2099
1765 1934 1935 2114 2113
1766 1936 1937 2116 2115
1767 1761 1762 1941 1940
1768 1808 1809 1988 1987
1769 1768 1769 1948 1947
1770 1963 1784 1785 1964
1771 1771 1772 1951 1950
1772 1962 1783 1784 1963
1773 1957 1778 1779 1958
1774 1941 1762 1763 1942
1775 1965 1786 1787 1966
1776 1790 1791 1970 1969
1777 2090 1911 1912 2091
1778 2095 1916 1917 2096
1779 1959 1780 1781 1960
1780 1923 1924 2103 2102
1781 1819 1820 1999 1998
1782 1927 1928 2107 2106
1783 1765 1766 1945 1944
1784 1991 1812 1813 1992
1785 2112 1933 1934 2113
1786 1930 1931 2110 2109
1787 1776 1777 1956 1955
1788 1986 1807 1808 1987
1789 1764 1765 1944 1943
1790 1781 1782 1961 1960
1791 1796 1797 1976 1975
1792 1814 1815 1994 1993
1793 1827 1828 2007 2006
1794 1984 1805 1806 1985
1795 1825 1826 2005 2004
1796 1820 1821 2000 1999
1797 1989 1810 1811 1990
1798 1981 1802 1803 1982
1799 1988 1809 1810 1989
1800 1976 1797 1798 1977
1801 1982 1803 1804 1983
1802 1821 1822 2001 2000
1803 1972 1793 1794 1973
1804 1977 1798 1799 1978
1805 1831 1832 2011 2010
1806 1956 1777 1778 1957
1807 1978 1799 1800 1979
1808 1945 1766 1767 1946
1809 1816 1817 1996 1995
1810 1828 1829 2008 2007
1811 1826 1827 2006 2005
1812 1961 1782 1783 1962
1813 1973 1794 1795 1974
1814 1985 1806 1807 1986
1815 1967 1788 1789 1968
1816 1824 1825 2004 2003
1817 1966 1787 1788 1967
1818 1823 1824 2003 2002
1819 1971 1792 1793 1972
1820 1979 1800 1801 1980
1821 1822 1823 2002 2001
1822 1983 1804 1805 1984
1823 1869 1870 2049 2048
1824 1838 1839 2018 2017
1825 1861 1862 2041 2040
1826 1893 1894 2073 2072
1827 1885 1886 2065 2064
1828 1840 1841 2020 2019
1829 1832 1833 2012 2011
1830 1888 1889 2068 2067
1831 1830 1831 2010 2009
1832 1896 1897 2076 2075
1833 1829 1830 2009 2008
1834 1835 1836 2015 2014
1835 1833 1834 2013 2012
1836 1845 1846 2025 2024
1837 1884 1885 2064 2063
1838 1924 1925 2104 2103
1839 1905 1906 2085 2084
1840 1901 1902 2081 2080
1841 1929 1930 2109 2108
1842 1867 1868 2047 2046
1843 1882 1883 2062 2061
1844 1870 1871 2050 2049
1845 1839 1840 2019 2018
1846 1921 1922 2101 2100
1847 1910 1911 2090 2089
1848 1903 1904 2083 2082
1849 1891 1892 2071 2070
1850 1873 1874 2053 2052
1851 1874 1875 2054 2053
1852 1877 1878 2057 2056
1853 1889 1890 2069 2068
1854 1881 1882 2061 2060
1855 1886 1887 2066 2065
1856 1880 1881 2060 2059
1857 1872 1873 2052 2051
1858 1926 1927 2106 2105
1859 1841 1842 2021 2020
1860 1918 1919 2098 2097
1861 1919 1920 2099 2098
1862 1887 1888 2067 2066
1863 1932 1933 2112 2111
1864 1878 1879 2058 2057
1865 1913 1914 2093 2092
1866 1883 1884 2063 2062
1867 1907 1908 2087 2086
1868 1908 1909 2088 2087
1869 1897 1898 2077 2076
1870 1894 1895 2074 2073
1871 1834 1835 2014 2013
1872 1915 1916 2095 2094
1873 1866 1867 2046 2045
1874 1892 1893 2072 2071
1875 1899 1900 2079 2078
1876 1902 1903 2082 2081
1877 1864 1865 2044 2043
1878 1836 1837 2016 2015
1879 1900 1901 2080 2079
1880 1875 1876 2055 2054
1881 1890 1891 2070 2069
1882 1904 1905 2084 2083
1883 1859 1860 2039 2038
1884 1854 1855 2034 2033
1885 1844 1845 2024 2023
1886 1837 1838 2017 2016
1887 1853 1854 2033 2032
1888 1846 1847 2026 2025
1889 1842 1843 2022 2021
1890 1848 1849 2028 2027
1891 1857 1858 2037 2036
1892 1855 1856 2035 2034
1893 1852 1853 2032 2031
1894 1843 1844 2023 2022
1895 1850 1851 2030 2029
1896 1847 1848 2027 2026
1897 1849 1850 2029 2028
1898 1879 1880 2059 2058
1899 1860 1861 2040 2039
1900 1868 1869 2048 2047
1901 1856 1857 2036 2035
1902 1863 1864 2043 2042
1903 1858 1859 2038 2037
1904 1865 1866 2045 2044
1905 1862 1863 2042 2041
1906 1876 1877 2056 2055
1907 1851 1852 2031 2030
1908 1871 1872 2051 2050
2 41 2 372
1909 1969 1968 329
1910 1941 1940 73
1911 1942 1941 74
1912 1943 1942 75
1913 1944 1943 76
1914 1945 1944 77
1915 1946 1945 78
1916 1947 1946 79
1917 1948 1947 80
1918 1949 1948 6
1919 1950 1949 87
1920 1951 1950 86
1921 1952 1951 85
1922 1953 1952 84
1923 1954 1953 219
1924 1955 1954 220
1925 1956 1955 221
1926 1957 1956 222
1927 1958 1957 158
1928 1959 1958 217
1929 1960 1959 216
1930 1961 1960 215
1931 1962 1961 214
1932 1963 1962 213
1933 1964 1963 212
1934 1965 1964 211
1935 1966 1965 210
1936 1967 1966 209
1937 1968 1967 208
1938 1970 1969 330
1939 1971 1970 331
1940 1972 1971 332
1941 1973 1972 333
1942 1974 1973 334
1943 1975 1974 335
1944 1976 1975 336
1945 1977 1976 337
1946 1978 1977 338
1947 1979 1978 287
1948 1980 1979 345
1949 1981 1980 344
1950 1982 1981 343
1951 1983 1982 342
1952 1984 1983 477
1953 1985 1984 478
1954 1986 1985 479
1955 1987 1986 480
1956 1988 1987 416
1957 1989 1988 475
1958 1990 1989 474
1959 1991 1990 473
1960 1992 1991 472
1961 1993 1992 471
1962 1994 1993 470
1963 1995 1994 469
1964 1996 1995 468
1965 1997 1996 467
1966 1998 1997 466
1967 1999 1998 587
1968 2000 1999 588
1969 2001 2000 589
1970 2002 2001 590
1971 2003 2002 591
1972 2004 2003 592
1973 2005 2004 593
1974 2006 2005 594
1975 2007 2006 595
1976 2008 2007 596
1977 2009 2008 545
1978 2010 2009 603
1979 2011 2010 602
1980 2012 2011 601
1981 2013 2012 600
1982 2014 2013 735
1983 2015 2014 736
1984 2016 2015 737
1985 2017 2016 738
1986 2018 2017 674
1987 2019 2018 733
1988 2020 2019 732
1989 2021 2020 731
1990 2022 2021 730
1991 2023 2022 729
1992 2024 2023 728
1993 2025 2024 727
1994 2026 2025 726
1995 2027 2026 725
1996 2028 2027 724
1997 2029 2028 845
1998 2030 2029 846
1999 2031 2030 847
2000 2032 2031 848
2001 2033 2032 849
2002 2034 2033 850
2003 2035 2034 851
2004 2036 2035 852
2005 724 671 2028
2006 2038 2037 854
2007 2039 2038 803
2008 2040 2039 861
2009 2041 2040 860
2010 2042 2041 859
2011 2043 2042 858
2012 2044 2043 993
2013 2045 2044 994
2014 2046 2045 995
2015 2047 2046 996
2016 2048 2047 932
2017 2049 2048 991
2018 2050 2049 990
2019 2051 2050 989
2020 2052 2051 988
2021 2053 2052 987
2022 2054 2053 986
2023 2055 2054 985
2024 2056 2055 984
2025 2057 2056 983
2026 2058 2057 982
2027 2059 2058 1103
2028 2060 2059 1104
2029 2061 2060 1105
2030 2062 2061 1106
2031 2063 2062 1107
2032 2064 2063 1108
2033 2065 2064 1109
2034 2066 2065 1110
2035 2067 2066 1111
2036 2068 2067 1112
2037 2069 2068 1061
2038 2070 2069 1119
2039 2071 2070 1118
2040 2072 2071 1117
2041 2073 2072 1116
2042 2074 2073 1251
2043 2075 2074 1252
2044 2076 2075 1253
2045 2077 2076 1254
2046 2078 2077 1190
2047 2079 2078 1249
2048 2080 2079 1248
2049 2081 2080 1247
2050 2082 2081 1246
2051 2083 2082 1245
2052 2084 2083 1244
2053 2085 2084 1243
2054 2086 2085 1242
2055 2087 2086 1241
2056 2088 2087 1240
2057 2089 2088 1361
2058 2090 2089 1362
2059 2091 2090 1363
2060 2092 2091 1364
2061 2093 2092 1365
2062 2094 2093 1366
2063 2095 2094 1367
2064 2096 2095 1368
2065 2097 2096 1369
2066 2098 2097 1370
2067 2099 2098 1319
2068 2100 2099 1377
2069 2101 2100 1376
2070 2102 2101 1375
2071 2103 2102 1374
2072 2104 2103 1509
2073 2105 2104 1510
2074 2106 2105 1511
2075 2107 2106 1512
2076 2108 2107 1448
2077 2109 2108 1507
2078 2110 2109 1506
2079 2111 2110 1505
2080 2112 2111 1504
2081 2113 2112 1503
2082 2114 2113 1502
2083 2115 2114 1501
2084 2116 2115 1500
2085 2117 2116 1499
2086 1580 2117 1498
2087 1580 1498 1445
2088 1940 1939 72
2089 1939 1579 71
2090 1 71 1579
2091 71 72 1939
2092 72 73 1940
2093 73 74 1941
2094 74 75 1942
2095 75 76 1943
2096 76 77 1944
2097 77 78 1945
2098 78 79 1946
2099 79 80 1947
2100 80 6 1948
2101 6 87 1949
2102 87 86 1950
2103 86 85 1951
2104 85 84 1952
2105 84 13 1953
2106 13 219 1953
2107 219 220 1954
2108 220 221 1955
2109 221 222 1956
2110 222 158 1957
2111 158 217 1958
2112 217 216 1959
2113 216 215 1960
2114 215 214 1961
2115 214 213 1962
2116 213 212 1963
2117 212 211 1964
2118 211 210 1965
2119 210 209 1966
2120 209 208 1967
2121 208 155 1968
2122 155 329 1968
2123 329 330 1969
2124 330 331 1970
2125 331 332 1971
2126 332 333 1972
2127 333 334 1973
2128 334 335 1974
2129 335 336 1975
2130 336 337 1976
2131 337 338 1977
2132 338 287 1978
2133 287 345 1979
2134 345 344 1980
2135 344 343 1981
2136 343 342 1982
2137 342 294 1983
2138 294 477 1983
2139 477 478 1984
2140 478 479 1985
2141 479 480 1986
2142 480 416 1987
2143 416 475 1988
2144 475 474 1989
2145 474 473 1990
2146 473 472 1991
2147 472 471 1992
2148 471 470 1993
2149 470 469 1994
2150 469 468 1995
2151 468 467 1996
2152 467 466 1997
2153 466 413 1998
2154 413 587 1998
2155 587 588 1999
2156 588 589 2000
2157 589 590 2001
2158 590 591 2002
2159 591 592 2003
2160 592 593 2004
2161 593 594 2005
2162 594 595 2006
2163 595 596 2007
2164 596 545 2008
2165 545 603 2009
2166 603 602 2010
2167 602 601 2011
2168 601 600 2012
2169 600 552 2013
2170 552 735 2013
2171 735 736 2014
2172 736 737 2015
2173 737 738 2016
2174 738 674 2017
2175 674 733 2018
2176 733 732 2019
2177 732 731 2020
2178 731 730 2021
2179 730 729 2022
2180 729 728 2023
2181 728 727 2024
2182 727 726 2025
2183 726 725 2026
2184 725 724 2027
2185 2037 2036 853
2186 671 845 2028
2187 845 846 2029
2188 846 847 2030
2189 847 848 2031
2190 848 849 2032
2191 849 850 2033
2192 850 851 2034
2193 851 852 2035
2194 852 853 2036
2195 853 854 2037
2196 854 803 2038
2197 803 861 2039
2198 861 860 2040
2199 860 859 2041
2200 859 858 2042
2201 858 810 2043
2202 810 993 2043
2203 993 994 2044
2204 994 995 2045
2205 995 996 2046
2206 996 932 2047
2207 932 991 2048
2208 991 990 2049
2209 990 989 2050
2210 989 988 2051
2211 988 987 2052
2212 987 986 2053
2213 986 985 2054
2214 985 984 2055
2215 984 983 2056
2216 983 982 2057
2217 982 929 2058
2218 929 1103 2058
2219 1103 1104 2059
2220 1104 1105 2060
2221 1105 1106 2061
2222 1106 1107 2062
2223 1107 1108 2063
2224 1108 1109 2064
2225 1109 1110 2065
2226 1110 1111 2066
2227 1111 1112 2067
2228 1112 1061 2068
2229 1061 1119 2069
2230 1119 1118 2070
2231 1118 1117 2071
2232 1117 1116 2072
2233 1116 1068 2073
2234 1068 1251 2073
2235 1251 1252 2074
2236 1252 1253 2075
2237 1253 1254 2076
2238 1254 1190 2077
2239 1190 1249 2078
2240 1249 1248 2079
2241 1248 1247 2080
2242 1247 1246 2081
2243 1246 1245 2082
2244 1245 1244 2083
2245 1244 1243 2084
2246 1243 1242 2085
2247 1242 1241 2086
2248 1241 1240 2087
2249 1240 1187 2088
2250 1187 1361 2088
2251 1361 1362 2089
2252 1362 1363 2090
2253 1363 1364 2091
2254 1364 1365 2092
2255 1365 1366 2093
2256 1366 1367 2094
2257 1367 1368 2095
2258 1368 1369 2096
2259 1369 1370 2097
2260 1370 1319 2098
2261 1319 1377 2099
2262 1377 1376 2100
2263 1376 1375 2101
2264 1375 1374 2102
2265 1374 1326 2103
2266 1326 1509 2103
2267 1509 1510 2104
2268 1510 1511 2105
2269 1511 1512 2106
2270 1512 1448 2107
2271 1448 1507 2108
2272 1507 1506 2109
2273 1506 1505 2110
2274 1505 1504 2111
2275 1504 1503 2112
2276 1503 1502 2113
2277 1502 1501 2114
2278 1501 1500 2115
2279 1500 1499 2116
2280 1499 1498 2117
$EndElements
