$MeshFormat
4.1 0 8
$EndMeshFormat
$PhysicalNames
5
0 99 "slide_point"
2 20 "rotor"
2 40 "air"
2 30 "shaft"
2 50 "outair"
$EndPhysicalNames
$Entities
1 0 4 0
99 0.02775 0.0 0.0 1 99
20 0 0 0 1 1 1 1 20 0
30 0 0 0 1 1 1 1 30 0
40 0 0 0 1 1 1 1 40 0
50 0 0 0 1 1 1 1 50 0
$EndEntities
$Nodes
2 3572 1 3572
0 99 0 1
3030
2.7750000000000000e-02 0.0000000000000000e+00 0.0000000000000000e+00
2 1 0 3571
1
2
3
4
5
6
7
8
9
10
11
12
13
14
15
16
17
18
19
20
21
22
23
24
25
26
27
28
29
30
31
32
33
34
35
36
37
38
39
40
41
42
43
44
45
46
47
48
49
50
51
52
53
54
55
56
57
58
59
60
61
62
63
64
65
66
67
68
69
70
71
72
73
74
75
76
77
78
79
80
81
82
83
84
85
86
87
88
89
90
91
92
93
94
95
96
97
98
99
100
101
102
103
104
105
106
107
108
109
110
111
112
113
114
115
116
117
118
119
120
121
122
123
124
125
126
127
128
129
130
131
132
133
134
135
136
137
138
139
140
141
142
143
144
145
146
147
148
149
150
151
152
153
154
155
156
157
158
159
160
161
162
163
164
165
166
167
168
169
170
171
172
173
174
175
176
177
178
179
180
181
182
183
184
185
186
187
188
189
190
191
192
193
194
195
196
197
198
199
200
201
202
203
204
205
206
207
208
209
210
211
212
213
214
215
216
217
218
219
220
221
222
223
224
225
226
227
228
229
230
231
232
233
234
235
236
237
238
239
240
241
242
243
244
245
246
247
248
249
250
251
252
253
254
255
256
257
258
259
260
261
262
263
264
265
266
267
268
269
270
271
272
273
274
275
276
277
278
279
280
281
282
283
284
285
286
287
288
289
290
291
292
293
294
295
296
297
298
299
300
301
302
303
304
305
306
307
308
309
310
311
312
313
314
315
316
317
318
319
320
321
322
323
324
325
326
327
328
329
330
331
332
333
334
335
336
337
338
339
340
341
342
343
344
345
346
347
348
349
350
351
352
353
354
355
356
357
358
359
360
361
362
363
364
365
366
367
368
369
370
371
372
373
374
375
376
377
378
379
380
381
382
383
384
385
386
387
388
389
390
391
392
393
394
395
396
397
398
399
400
401
402
403
404
405
406
407
408
409
410
411
412
413
414
415
416
417
418
419
420
421
422
423
424
425
426
427
428
429
430
431
432
433
434
435
436
437
438
439
440
441
442
443
444
445
446
447
448
449
450
451
452
453
454
455
456
457
458
459
460
461
462
463
464
465
466
467
468
469
470
471
472
473
474
475
476
477
478
479
480
481
482
483
484
485
486
487
488
489
490
491
492
493
494
495
496
497
498
499
500
501
502
503
504
505
506
507
508
509
510
511
512
513
514
515
516
517
518
519
520
521
522
523
524
525
526
527
528
529
530
531
532
533
534
535
536
537
538
539
540
541
542
543
544
545
546
547
548
549
550
551
552
553
554
555
556
557
558
559
560
561
562
563
564
565
566
567
568
569
570
571
572
573
574
575
576
577
578
579
580
581
582
583
584
585
586
587
588
589
590
591
592
593
594
595
596
597
598
599
600
601
602
603
604
605
606
607
608
609
610
611
612
613
614
615
616
617
618
619
620
621
622
623
624
625
626
627
628
629
630
631
632
633
634
635
636
637
638
639
640
641
642
643
644
645
646
647
648
649
650
651
652
653
654
655
656
657
658
659
660
661
662
663
664
665
666
667
668
669
670
671
672
673
674
675
676
677
678
679
680
681
682
683
684
685
686
687
688
689
690
691
692
693
694
695
696
697
698
699
700
701
702
703
704
705
706
707
708
709
710
711
712
713
714
715
716
717
718
719
720
721
722
723
724
725
726
727
728
729
730
731
732
733
734
735
736
737
738
739
740
741
742
743
744
745
746
747
748
749
750
751
752
753
754
755
756
757
758
759
760
761
762
763
764
765
766
767
768
769
770
771
772
773
774
775
776
777
778
779
780
781
782
783
784
785
786
787
788
789
790
791
792
793
794
795
796
797
798
799
800
801
802
803
804
805
806
807
808
809
810
811
812
813
814
815
816
817
818
819
820
821
822
823
824
825
826
827
828
829
830
831
832
833
834
835
836
837
838
839
840
841
842
843
844
845
846
847
848
849
850
851
852
853
854
855
856
857
858
859
860
861
862
863
864
865
866
867
868
869
870
871
872
873
874
875
876
877
878
879
880
881
882
883
884
885
886
887
888
889
890
891
892
893
894
895
896
897
898
899
900
901
902
903
904
905
906
907
908
909
910
911
912
913
914
915
916
917
918
919
920
921
922
923
924
925
926
927
928
929
930
931
932
933
934
935
936
937
938
939
940
941
942
943
944
945
946
947
948
949
950
951
952
953
954
955
956
957
958
959
960
961
962
963
964
965
966
967
968
969
970
971
972
973
974
975
976
977
978
979
980
981
982
983
984
985
986
987
988
989
990
991
992
993
994
995
996
997
998
999
1000
1001
1002
1003
1004
1005
1006
1007
1008
1009
1010
1011
1012
1013
1014
1015
1016
1017
1018
1019
1020
1021
1022
1023
1024
1025
1026
1027
1028
1029
1030
1031
1032
1033
1034
1035
1036
1037
1038
1039
1040
1041
1042
1043
1044
1045
1046
1047
1048
1049
1050
1051
1052
1053
1054
1055
1056
1057
1058
1059
1060
1061
1062
1063
1064
1065
1066
1067
1068
1069
1070
1071
1072
1073
1074
1075
1076
1077
1078
1079
1080
1081
1082
1083
1084
1085
1086
1087
1088
1089
1090
1091
1092
1093
1094
1095
1096
1097
1098
1099
1100
1101
1102
1103
1104
1105
1106
1107
1108
1109
1110
1111
1112
1113
1114
1115
1116
1117
1118
1119
1120
1121
1122
1123
1124
1125
1126
1127
1128
1129
1130
1131
1132
1133
1134
1135
1136
1137
1138
1139
1140
1141
1142
1143
1144
1145
1146
1147
1148
1149
1150
1151
1152
1153
1154
1155
1156
1157
1158
1159
1160
1161
1162
1163
1164
1165
1166
1167
1168
1169
1170
1171
1172
1173
1174
1175
1176
1177
1178
1179
1180
1181
1182
1183
1184
1185
1186
1187
1188
1189
1190
1191
1192
1193
1194
1195
1196
1197
1198
1199
1200
1201
1202
1203
1204
1205
1206
1207
1208
1209
1210
1211
1212
1213
1214
1215
1216
1217
1218
1219
1220
1221
1222
1223
1224
1225
1226
1227
1228
1229
1230
1231
1232
1233
1234
1235
1236
1237
1238
1239
1240
1241
1242
1243
1244
1245
1246
1247
1248
1249
1250
1251
1252
1253
1254
1255
1256
1257
1258
1259
1260
1261
1262
1263
1264
1265
1266
1267
1268
1269
1270
1271
1272
1273
1274
1275
1276
1277
1278
1279
1280
1281
1282
1283
1284
1285
1286
1287
1288
1289
1290
1291
1292
1293
1294
1295
1296
1297
1298
1299
1300
1301
1302
1303
1304
1305
1306
1307
1308
1309
1310
1311
1312
1313
1314
1315
1316
1317
1318
1319
1320
1321
1322
1323
1324
1325
1326
1327
1328
1329
1330
1331
1332
1333
1334
1335
1336
1337
1338
1339
1340
1341
1342
1343
1344
1345
1346
1347
1348
1349
1350
1351
1352
1353
1354
1355
1356
1357
1358
1359
1360
1361
1362
1363
1364
1365
1366
1367
1368
1369
1370
1371
1372
1373
1374
1375
1376
1377
1378
1379
1380
1381
1382
1383
1384
1385
1386
1387
1388
1389
1390
1391
1392
1393
1394
1395
1396
1397
1398
1399
1400
1401
1402
1403
1404
1405
1406
1407
1408
1409
1410
1411
1412
1413
1414
1415
1416
1417
1418
1419
1420
1421
1422
1423
1424
1425
1426
1427
1428
1429
1430
1431
1432
1433
1434
1435
1436
1437
1438
1439
1440
1441
1442
1443
1444
1445
1446
1447
1448
1449
1450
1451
1452
1453
1454
1455
1456
1457
1458
1459
1460
1461
1462
1463
1464
1465
1466
1467
1468
1469
1470
1471
1472
1473
1474
1475
1476
1477
1478
1479
1480
1481
1482
1483
1484
1485
1486
1487
1488
1489
1490
1491
1492
1493
1494
1495
1496
1497
1498
1499
1500
1501
1502
1503
1504
1505
1506
1507
1508
1509
1510
1511
1512
1513
1514
1515
1516
1517
1518
1519
1520
1521
1522
1523
1524
1525
1526
1527
1528
1529
1530
1531
1532
1533
1534
1535
1536
1537
1538
1539
1540
1541
1542
1543
1544
1545
1546
1547
1548
1549
1550
1551
1552
1553
1554
1555
1556
1557
1558
1559
1560
1561
1562
1563
1564
1565
1566
1567
1568
1569
1570
1571
1572
1573
1574
1575
1576
1577
1578
1579
1580
1581
1582
1583
1584
1585
1586
1587
1588
1589
1590
1591
1592
1593
1594
1595
1596
1597
1598
1599
1600
1601
1602
1603
1604
1605
1606
1607
1608
1609
1610
1611
1612
1613
1614
1615
1616
1617
1618
1619
1620
1621
1622
1623
1624
1625
1626
1627
1628
1629
1630
1631
1632
1633
1634
1635
1636
1637
1638
1639
1640
1641
1642
1643
1644
1645
1646
1647
1648
1649
1650
1651
1652
1653
1654
1655
1656
1657
1658
1659
1660
1661
1662
1663
1664
1665
1666
1667
1668
1669
1670
1671
1672
1673
1674
1675
1676
1677
1678
1679
1680
1681
1682
1683
1684
1685
1686
1687
1688
1689
1690
1691
1692
1693
1694
1695
1696
1697
1698
1699
1700
1701
1702
1703
1704
1705
1706
1707
1708
1709
1710
1711
1712
1713
1714
1715
1716
1717
1718
1719
1720
1721
1722
1723
1724
1725
1726
1727
1728
1729
1730
1731
1732
1733
1734
1735
1736
1737
1738
1739
1740
1741
1742
1743
1744
1745
1746
1747
1748
1749
1750
1751
1752
1753
1754
1755
1756
1757
1758
1759
1760
1761
1762
1763
1764
1765
1766
1767
1768
1769
1770
1771
1772
1773
1774
1775
1776
1777
1778
1779
1780
1781
1782
1783
1784
1785
1786
1787
1788
1789
1790
1791
1792
1793
1794
1795
1796
1797
1798
1799
1800
1801
1802
1803
1804
1805
1806
1807
1808
1809
1810
1811
1812
1813
1814
1815
1816
1817
1818
1819
1820
1821
1822
1823
1824
1825
1826
1827
1828
1829
1830
1831
1832
1833
1834
1835
1836
1837
1838
1839
1840
1841
1842
1843
1844
1845
1846
1847
1848
1849
1850
1851
1852
1853
1854
1855
1856
1857
1858
1859
1860
1861
1862
1863
1864
1865
1866
1867
1868
1869
1870
1871
1872
1873
1874
1875
1876
1877
1878
1879
1880
1881
1882
1883
1884
1885
1886
1887
1888
1889
1890
1891
1892
1893
1894
1895
1896
1897
1898
1899
1900
1901
1902
1903
1904
1905
1906
1907
1908
1909
1910
1911
1912
1913
1914
1915
1916
1917
1918
1919
1920
1921
1922
1923
1924
1925
1926
1927
1928
1929
1930
1931
1932
1933
1934
1935
1936
1937
1938
1939
1940
1941
1942
1943
1944
1945
1946
1947
1948
1949
1950
1951
1952
1953
1954
1955
1956
1957
1958
1959
1960
1961
1962
1963
1964
1965
1966
1967
1968
1969
1970
1971
1972
1973
1974
1975
1976
1977
1978
1979
1980
1981
1982
1983
1984
1985
1986
1987
1988
1989
1990
1991
1992
1993
1994
1995
1996
1997
1998
1999
2000
2001
2002
2003
2004
2005
2006
2007
2008
2009
2010
2011
2012
2013
2014
2015
2016
2017
2018
2019
2020
2021
2022
2023
2024
2025
2026
2027
2028
2029
2030
2031
2032
2033
2034
2035
2036
2037
2038
2039
2040
2041
2042
2043
2044
2045
2046
2047
2048
2049
2050
2051
2052
2053
2054
2055
2056
2057
2058
2059
2060
2061
2062
2063
2064
2065
2066
2067
2068
2069
2070
2071
2072
2073
2074
2075
2076
2077
2078
2079
2080
2081
2082
2083
2084
2085
2086
2087
2088
2089
2090
2091
2092
2093
2094
2095
2096
2097
2098
2099
2100
2101
2102
2103
2104
2105
2106
2107
2108
2109
2110
2111
2112
2113
2114
2115
2116
2117
2118
2119
2120
2121
2122
2123
2124
2125
2126
2127
2128
2129
2130
2131
2132
2133
2134
2135
2136
2137
2138
2139
2140
2141
2142
2143
2144
2145
2146
2147
2148
2149
2150
2151
2152
2153
2154
2155
2156
2157
2158
2159
2160
2161
2162
2163
2164
2165
2166
2167
2168
2169
2170
2171
2172
2173
2174
2175
2176
2177
2178
2179
2180
2181
2182
2183
2184
2185
2186
2187
2188
2189
2190
2191
2192
2193
2194
2195
2196
2197
2198
2199
2200
2201
2202
2203
2204
2205
2206
2207
2208
2209
2210
2211
2212
2213
2214
2215
2216
2217
2218
2219
2220
2221
2222
2223
2224
2225
2226
2227
2228
2229
2230
2231
2232
2233
2234
2235
2236
2237
2238
2239
2240
2241
2242
2243
2244
2245
2246
2247
2248
2249
2250
2251
2252
2253
2254
2255
2256
2257
2258
2259
2260
2261
2262
2263
2264
2265
2266
2267
2268
2269
2270
2271
2272
2273
2274
2275
2276
2277
2278
2279
2280
2281
2282
2283
2284
2285
2286
2287
2288
2289
2290
2291
2292
2293
2294
2295
2296
2297
2298
2299
2300
2301
2302
2303
2304
2305
2306
2307
2308
2309
2310
2311
2312
2313
2314
2315
2316
2317
2318
2319
2320
2321
2322
2323
2324
2325
2326
2327
2328
2329
2330
2331
2332
2333
2334
2335
2336
2337
2338
2339
2340
2341
2342
2343
2344
2345
2346
2347
2348
2349
2350
2351
2352
2353
2354
2355
2356
2357
2358
2359
2360
2361
2362
2363
2364
2365
2366
2367
2368
2369
2370
2371
2372
2373
2374
2375
2376
2377
2378
2379
2380
2381
2382
2383
2384
2385
2386
2387
2388
2389
2390
2391
2392
2393
2394
2395
2396
2397
2398
2399
2400
2401
2402
2403
2404
2405
2406
2407
2408
2409
2410
2411
2412
2413
2414
2415
2416
2417
2418
2419
2420
2421
2422
2423
2424
2425
2426
2427
2428
2429
2430
2431
2432
2433
2434
2435
2436
2437
2438
2439
2440
2441
2442
2443
2444
2445
2446
2447
2448
2449
2450
2451
2452
2453
2454
2455
2456
2457
2458
2459
2460
2461
2462
2463
2464
2465
2466
2467
2468
2469
2470
2471
2472
2473
2474
2475
2476
2477
2478
2479
2480
2481
2482
2483
2484
2485
2486
2487
2488
2489
2490
2491
2492
2493
2494
2495
2496
2497
2498
2499
2500
2501
2502
2503
2504
2505
2506
2507
2508
2509
2510
2511
2512
2513
2514
2515
2516
2517
2518
2519
2520
2521
2522
2523
2524
2525
2526
2527
2528
2529
2530
2531
2532
2533
2534
2535
2536
2537
2538
2539
2540
2541
2542
2543
2544
2545
2546
2547
2548
2549
2550
2551
2552
2553
2554
2555
2556
2557
2558
2559
2560
2561
2562
2563
2564
2565
2566
2567
2568
2569
2570
2571
2572
2573
2574
2575
2576
2577
2578
2579
2580
2581
2582
2583
2584
2585
2586
2587
2588
2589
2590
2591
2592
2593
2594
2595
2596
2597
2598
2599
2600
2601
2602
2603
2604
2605
2606
2607
2608
2609
2610
2611
2612
2613
2614
2615
2616
2617
2618
2619
2620
2621
2622
2623
2624
2625
2626
2627
2628
2629
2630
2631
2632
2633
2634
2635
2636
2637
2638
2639
2640
2641
2642
2643
2644
2645
2646
2647
2648
2649
2650
2651
2652
2653
2654
2655
2656
2657
2658
2659
2660
2661
2662
2663
2664
2665
2666
2667
2668
2669
2670
2671
2672
2673
2674
2675
2676
2677
2678
2679
2680
2681
2682
2683
2684
2685
2686
2687
2688
2689
2690
2691
2692
2693
2694
2695
2696
2697
2698
2699
2700
2701
2702
2703
2704
2705
2706
2707
2708
2709
2710
2711
2712
2713
2714
2715
2716
2717
2718
2719
2720
2721
2722
2723
2724
2725
2726
2727
2728
2729
2730
2731
2732
2733
2734
2735
2736
2737
2738
2739
2740
2741
2742
2743
2744
2745
2746
2747
2748
2749
2750
2751
2752
2753
2754
2755
2756
2757
2758
2759
2760
2761
2762
2763
2764
2765
2766
2767
2768
2769
2770
2771
2772
2773
2774
2775
2776
2777
2778
2779
2780
2781
2782
2783
2784
2785
2786
2787
2788
2789
2790
2791
2792
2793
2794
2795
2796
2797
2798
2799
2800
2801
2802
2803
2804
2805
2806
2807
2808
2809
2810
2811
2812
2813
2814
2815
2816
2817
2818
2819
2820
2821
2822
2823
2824
2825
2826
2827
2828
2829
2830
2831
2832
2833
2834
2835
2836
2837
2838
2839
2840
2841
2842
2843
2844
2845
2846
2847
2848
2849
2850
2851
2852
2853
2854
2855
2856
2857
2858
2859
2860
2861
2862
2863
2864
2865
2866
2867
2868
2869
2870
2871
2872
2873
2874
2875
2876
2877
2878
2879
2880
2881
2882
2883
2884
2885
2886
2887
2888
2889
2890
2891
2892
2893
2894
2895
2896
2897
2898
2899
2900
2901
2902
2903
2904
2905
2906
2907
2908
2909
2910
2911
2912
2913
2914
2915
2916
2917
2918
2919
2920
2921
2922
2923
2924
2925
2926
2927
2928
2929
2930
2931
2932
2933
2934
2935
2936
2937
2938
2939
2940
2941
2942
2943
2944
2945
2946
2947
2948
2949
2950
2951
2952
2953
2954
2955
2956
2957
2958
2959
2960
2961
2962
2963
2964
2965
2966
2967
2968
2969
2970
2971
2972
2973
2974
2975
2976
2977
2978
2979
2980
2981
2982
2983
2984
2985
2986
2987
2988
2989
2990
2991
2992
2993
2994
2995
2996
2997
2998
2999
3000
3001
3002
3003
3004
3005
3006
3007
3008
3009
3010
3011
3012
3013
3014
3015
3016
3017
3018
3019
3020
3021
3022
3023
3024
3025
3026
3027
3028
3029
3031
3032
3033
3034
3035
3036
3037
3038
3039
3040
3041
3042
3043
3044
3045
3046
3047
3048
3049
3050
3051
3052
3053
3054
3055
3056
3057
3058
3059
3060
3061
3062
3063
3064
3065
3066
3067
3068
3069
3070
3071
3072
3073
3074
3075
3076
3077
3078
3079
3080
3081
3082
3083
3084
3085
3086
3087
3088
3089
3090
3091
3092
3093
3094
3095
3096
3097
3098
3099
3100
3101
3102
3103
3104
3105
3106
3107
3108
3109
3110
3111
3112
3113
3114
3115
3116
3117
3118
3119
3120
3121
3122
3123
3124
3125
3126
3127
3128
3129
3130
3131
3132
3133
3134
3135
3136
3137
3138
3139
3140
3141
3142
3143
3144
3145
3146
3147
3148
3149
3150
3151
3152
3153
3154
3155
3156
3157
3158
3159
3160
3161
3162
3163
3164
3165
3166
3167
3168
3169
3170
3171
3172
3173
3174
3175
3176
3177
3178
3179
3180
3181
3182
3183
3184
3185
3186
3187
3188
3189
3190
3191
3192
3193
3194
3195
3196
3197
3198
3199
3200
3201
3202
3203
3204
3205
3206
3207
3208
3209
3210
3211
3212
3213
3214
3215
3216
3217
3218
3219
3220
3221
3222
3223
3224
3225
3226
3227
3228
3229
3230
3231
3232
3233
3234
3235
3236
3237
3238
3239
3240
3241
3242
3243
3244
3245
3246
3247
3248
3249
3250
3251
3252
3253
3254
3255
3256
3257
3258
3259
3260
3261
3262
3263
3264
3265
3266
3267
3268
3269
3270
3271
3272
3273
3274
3275
3276
3277
3278
3279
3280
3281
3282
3283
3284
3285
3286
3287
3288
3289
3290
3291
3292
3293
3294
3295
3296
3297
3298
3299
3300
3301
3302
3303
3304
3305
3306
3307
3308
3309
3310
3311
3312
3313
3314
3315
3316
3317
3318
3319
3320
3321
3322
3323
3324
3325
3326
3327
3328
3329
3330
3331
3332
3333
3334
3335
3336
3337
3338
3339
3340
3341
3342
3343
3344
3345
3346
3347
3348
3349
3350
3351
3352
3353
3354
3355
3356
3357
3358
3359
3360
3361
3362
3363
3364
3365
3366
3367
3368
3369
3370
3371
3372
3373
3374
3375
3376
3377
3378
3379
3380
3381
3382
3383
3384
3385
3386
3387
3388
3389
3390
3391
3392
3393
3394
3395
3396
3397
3398
3399
3400
3401
3402
3403
3404
3405
3406
3407
3408
3409
3410
3411
3412
3413
3414
3415
3416
3417
3418
3419
3420
3421
3422
3423
3424
3425
3426
3427
3428
3429
3430
3431
3432
3433
3434
3435
3436
3437
3438
3439
3440
3441
3442
3443
3444
3445
3446
3447
3448
3449
3450
3451
3452
3453
3454
3455
3456
3457
3458
3459
3460
3461
3462
3463
3464
3465
3466
3467
3468
3469
3470
3471
3472
3473
3474
3475
3476
3477
3478
3479
3480
3481
3482
3483
3484
3485
3486
3487
3488
3489
3490
3491
3492
3493
3494
3495
3496
3497
3498
3499
3500
3501
3502
3503
3504
3505
3506
3507
3508
3509
3510
3511
3512
3513
3514
3515
3516
3517
3518
3519
3520
3521
3522
3523
3524
3525
3526
3527
3528
3529
3530
3531
3532
3533
3534
3535
3536
3537
3538
3539
3540
3541
3542
3543
3544
3545
3546
3547
3548
3549
3550
3551
3552
3553
3554
3555
3556
3557
3558
3559
3560
3561
3562
3563
3564
3565
3566
3567
3568
3569
3570
3571
3572
2.7500000000000000e-02 0.0000000000000000e+00 0.0000000000000000e+00
1.9445436482630061e-02 1.9445436482630061e-02 0.0000000000000000e+00
8.0000000000000002e-03 0.0000000000000000e+00 0.0000000000000000e+00
5.6568542494923810e-03 5.6568542494923810e-03 0.0000000000000000e+00
2.7300000000000001e-02 0.0000000000000000e+00 0.0000000000000000e+00
1.9304015126392751e-02 1.9304015126392751e-02 0.0000000000000000e+00
5.3333333333333340e-03 0.0000000000000000e+00 0.0000000000000000e+00
3.7712361663282540e-03 3.7712361663282540e-03 0.0000000000000000e+00
2.7498929221532700e-02 2.4267605801746219e-04 0.0000000000000000e+00
2.7495716969517459e-02 4.8533321768603430e-04 0.0000000000000000e+00
2.7490363494107758e-02 7.2795258212848780e-04 0.0000000000000000e+00
2.7482869212204400e-02 9.7051525741094198e-04 0.0000000000000000e+00
2.7473234707423081e-02 1.2130023540141239e-03 0.0000000000000000e+00
2.7461460730048910e-02 1.4553949883044850e-03 0.0000000000000000e+00
2.7447548196977981e-02 1.6976742840046600e-03 0.0000000000000000e+00
2.7431498191646000e-02 1.9398213736635530e-03 0.0000000000000000e+00
2.7413311963943889e-02 2.1818174001255368e-03 0.0000000000000000e+00
2.7392990930120448e-02 2.4236435179990391e-03 0.0000000000000000e+00
2.7370536672672072e-02 2.6652808951240820e-03 0.0000000000000000e+00
2.7345950940219511e-02 2.9067107140387989e-03 0.0000000000000000e+00
2.7319235647371699e-02 3.1479141734449280e-03 0.0000000000000000e+00
2.7290392874576679e-02 3.3888724896718580e-03 0.0000000000000000e+00
2.7259424867959521e-02 3.6295668981395010e-03 0.0000000000000000e+00
2.7226334039147499e-02 3.8699786548194838e-03 0.0000000000000000e+00
2.7191122965082189e-02 4.1100890376949356e-03 0.0000000000000000e+00
2.7153794387818869e-02 4.3498793482183561e-03 0.0000000000000000e+00
2.7114351214312930e-02 4.5893309127678561e-03 0.0000000000000000e+00
2.7072796516193539e-02 4.8284250841013170e-03 0.0000000000000000e+00
2.7029133529524400e-02 5.0671432428085099e-03 0.0000000000000000e+00
2.6983365654551748e-02 5.3054667987611614e-03 0.0000000000000000e+00
2.6935496455439609e-02 5.5433771925605573e-03 0.0000000000000000e+00
2.6885529659992149e-02 5.7808558969829546e-03 0.0000000000000000e+00
2.6833469159363469e-02 6.0178844184222823e-03 0.0000000000000000e+00
2.6779319007754512e-02 6.2544442983304260e-03 0.0000000000000000e+00
2.6723083422097380e-02 6.4905171146545891e-03 0.0000000000000000e+00
2.6664766781726929e-02 6.7260844832719878e-03 0.0000000000000000e+00
2.6604373628039711e-02 6.9611280594214769e-03 0.0000000000000000e+00
2.6541908664140371e-02 7.1956295391321081e-03 0.0000000000000000e+00
2.6477376754475299e-02 7.4295706606486303e-03 0.0000000000000000e+00
2.6410782924453931e-02 7.6629332058535263e-03 0.0000000000000000e+00
2.6342132360057290e-02 7.8956990016858294e-03 0.0000000000000000e+00
2.6271430407434179e-02 8.1278499215563030e-03 0.0000000000000000e+00
2.6198682572484859e-02 8.3593678867590268e-03 0.0000000000000000e+00
2.6123894520432251e-02 8.5902348678793330e-03 0.0000000000000000e+00
2.6047072075380769e-02 8.8204328861977693e-03 0.0000000000000000e+00
2.5968221219862780e-02 9.0499440150902700e-03 0.0000000000000000e+00
2.5887348094372709e-02 9.2787503814240942e-03 0.0000000000000000e+00
2.5804458996888820e-02 9.5068341669497826e-03 0.0000000000000000e+00
2.5719560382382801e-02 9.7341776096887093e-03 0.0000000000000000e+00
2.5632658862317099e-02 9.9607630053162571e-03 0.0000000000000000e+00
2.5543761204129972e-02 1.0186572708540620e-02 0.0000000000000000e+00
2.5452874330708589e-02 1.0411589134476830e-02 0.0000000000000000e+00
2.5360005319849801e-02 1.0635794760016290e-02 0.0000000000000000e+00
2.5265161403709050e-02 1.0859172125191250e-02 0.0000000000000000e+00
2.5168349968237101e-02 1.1081703834534631e-02 0.0000000000000000e+00
2.5069578552604908e-02 1.1303372558434589e-02 0.0000000000000000e+00
2.4968854848616460e-02 1.1524161034484131e-02 0.0000000000000000e+00
2.4866186700109840e-02 1.1744052068825330e-02 0.0000000000000000e+00
2.4761582102346320e-02 1.1963028537488429e-02 0.0000000000000000e+00
2.4655049201387790e-02 1.2181073387725210e-02 0.0000000000000000e+00
2.4546596293462342e-02 1.2398169639337131e-02 0.0000000000000000e+00
2.4436231824318241e-02 1.2614300385997481e-02 0.0000000000000000e+00
2.4323964388566190e-02 1.2829448796568150e-02 0.0000000000000000e+00
2.4209802729010011e-02 1.3043598116410180e-02 0.0000000000000000e+00
2.4093755735965859e-02 1.3256731668688650e-02 0.0000000000000000e+00
2.3975832446569811e-02 1.3468832855671280e-02 0.0000000000000000e+00
2.3856042044074179e-02 1.3679885160021081e-02 0.0000000000000000e+00
2.3734393857132319e-02 1.3889872146082550e-02 0.0000000000000000e+00
2.3610897359072149e-02 1.4098777461161661e-02 0.0000000000000000e+00
2.3485562167158480e-02 1.4306584836799261e-02 0.0000000000000000e+00
2.3358398041843999e-02 1.4513278090038041e-02 0.0000000000000000e+00
2.3229414886009259e-02 1.4718841124682729e-02 0.0000000000000000e+00
2.3098622744191381e-02 1.4923257932553620e-02 0.0000000000000000e+00
2.2966031801801980e-02 1.5126512594733131e-02 0.0000000000000000e+00
2.2831652384333830e-02 1.5328589282805630e-02 0.0000000000000000e+00
2.2695494956556879e-02 1.5529472260089890e-02 0.0000000000000000e+00
2.2557570121703261e-02 1.5729145882864729e-02 0.0000000000000000e+00
2.2417888620641580e-02 1.5927594601587169e-02 0.0000000000000000e+00
2.2276461331040460e-02 1.6124802962103429e-02 0.0000000000000000e+00
2.2133299266521460e-02 1.6320755606852300e-02 0.0000000000000000e+00
2.1988413575801370e-02 1.6515437276061268e-02 0.0000000000000000e+00
2.1841815541824051e-02 1.6708832808934721e-02 0.0000000000000000e+00
2.1693516580881710e-02 1.6900927144834699e-02 0.0000000000000000e+00
2.1543528241725941e-02 1.7091705324453640e-02 0.0000000000000000e+00
2.1391862204668280e-02 1.7281152490979439e-02 0.0000000000000000e+00
2.1238530280670690e-02 1.7469253891252319e-02 0.0000000000000000e+00
2.1083544410425700e-02 1.7655994876913821e-02 0.0000000000000000e+00
2.0926916663426609e-02 1.7841360905547471e-02 0.0000000000000000e+00
2.0768659237027500e-02 1.8025337541811320e-02 0.0000000000000000e+00
2.0608784455493440e-02 1.8207910458562019e-02 0.0000000000000000e+00
2.0447304769040671e-02 1.8389065437970649e-02 0.0000000000000000e+00
2.0284232752867101e-02 1.8568788372629850e-02 0.0000000000000000e+00
2.0119581106172992e-02 1.8747065266652450e-02 0.0000000000000000e+00
1.9953362651172011e-02 1.8923882236761402e-02 0.0000000000000000e+00
1.9785590332092699e-02 1.9099225513370961e-02 0.0000000000000000e+00
1.9616277214170450e-02 1.9273081441658919e-02 0.0000000000000000e+00
7.9970662897862720e-03 2.1663507740907599e-04 0.0000000000000000e+00
7.9882673108089917e-03 4.3311126868333759e-04 0.0000000000000000e+00
7.9736095164817822e-03 6.4926980421944858e-04 0.0000000000000000e+00
7.9531036572348772e-03 8.6495214739153354e-04 0.0000000000000000e+00
7.9267647726304537e-03 1.0800001108263180e-03 0.0000000000000000e+00
7.8946121803322097e-03 1.2942559724221159e-03 0.0000000000000000e+00
7.8566694619372490e-03 1.5075625910265450e-03 0.0000000000000000e+00
7.8129644456806941e-03 1.7197635216881890e-03 0.0000000000000000e+00
7.7635291860256922e-03 1.9307031303976421e-03 0.0000000000000000e+00
7.7083999401537841e-03 2.1402267082337649e-03 0.0000000000000000e+00
7.6476171413728941e-03 2.3481805848314741e-03 0.0000000000000000e+00
7.5812253694624203e-03 2.5544122410878370e-03 0.0000000000000000e+00
7.5092733179772048e-03 2.7587704210237608e-03 0.0000000000000000e+00
7.4318137585343324e-03 2.9611052427193129e-03 0.0000000000000000e+00
7.3489035021089746e-03 3.1612683082412399e-03 0.0000000000000000e+00
7.2606033573676581e-03 3.3591128124821142e-03 0.0000000000000000e+00
7.1669780860695049e-03 3.5544936508312272e-03 0.0000000000000000e+00
7.0680963555681854e-03 3.7472675255983199e-03 0.0000000000000000e+00
6.9640306884493769e-03 3.9372930511120587e-03 0.0000000000000000e+00
6.8548574093407130e-03 4.1244308574161746e-03 0.0000000000000000e+00
6.7406565889331924e-03 4.3085436924872357e-03 0.0000000000000000e+00
6.6215119852551232e-03 4.4894965228990608e-03 0.0000000000000000e+00
6.4975109822416870e-03 4.6671566328599541e-03 0.0000000000000000e+00
6.3687445256451489e-03 4.8413937215501220e-03 0.0000000000000000e+00
6.2353070563327317e-03 5.0120799986878954e-03 0.0000000000000000e+00
6.0972964410210898e-03 5.1790902782546232e-03 0.0000000000000000e+00
5.9548139004981593e-03 5.3423020703095682e-03 0.0000000000000000e+00
5.8079639353850430e-03 5.5015956708273899e-03 0.0000000000000000e+00
2.7098738482580081e-02 0.0000000000000000e+00 0.0000000000000000e+00
2.6846878118553959e-02 0.0000000000000000e+00 0.0000000000000000e+00
2.6495407737441370e-02 0.0000000000000000e+00 0.0000000000000000e+00
2.6028398540051970e-02 0.0000000000000000e+00 0.0000000000000000e+00
2.5541144525455969e-02 0.0000000000000000e+00 0.0000000000000000e+00
2.5053890510859971e-02 0.0000000000000000e+00 0.0000000000000000e+00
2.4566636496263970e-02 0.0000000000000000e+00 0.0000000000000000e+00
2.4079382481667980e-02 0.0000000000000000e+00 0.0000000000000000e+00
2.3592128467071979e-02 0.0000000000000000e+00 0.0000000000000000e+00
2.3104874452475981e-02 0.0000000000000000e+00 0.0000000000000000e+00
2.2617620437879980e-02 0.0000000000000000e+00 0.0000000000000000e+00
2.2130366423283990e-02 0.0000000000000000e+00 0.0000000000000000e+00
2.1643112408687989e-02 0.0000000000000000e+00 0.0000000000000000e+00
2.1155858394091991e-02 0.0000000000000000e+00 0.0000000000000000e+00
2.0668604379495990e-02 0.0000000000000000e+00 0.0000000000000000e+00
2.0181350364899989e-02 0.0000000000000000e+00 0.0000000000000000e+00
1.9694096350303999e-02 0.0000000000000000e+00 0.0000000000000000e+00
1.9206842335707991e-02 0.0000000000000000e+00 0.0000000000000000e+00
1.8719588321112000e-02 0.0000000000000000e+00 0.0000000000000000e+00
1.8232334306515999e-02 0.0000000000000000e+00 0.0000000000000000e+00
1.7745080291919998e-02 0.0000000000000000e+00 0.0000000000000000e+00
1.7257826277324001e-02 0.0000000000000000e+00 0.0000000000000000e+00
1.6770572262728000e-02 0.0000000000000000e+00 0.0000000000000000e+00
1.6283318248132009e-02 0.0000000000000000e+00 0.0000000000000000e+00
1.5796064233536009e-02 0.0000000000000000e+00 0.0000000000000000e+00
1.5308810218940009e-02 0.0000000000000000e+00 0.0000000000000000e+00
1.4821556204344020e-02 0.0000000000000000e+00 0.0000000000000000e+00
1.4334302189748020e-02 0.0000000000000000e+00 0.0000000000000000e+00
1.3847048175152020e-02 0.0000000000000000e+00 0.0000000000000000e+00
1.3359794160556019e-02 0.0000000000000000e+00 0.0000000000000000e+00
1.2872540145960020e-02 0.0000000000000000e+00 0.0000000000000000e+00
1.2385286131364030e-02 0.0000000000000000e+00 0.0000000000000000e+00
1.1898032116768030e-02 0.0000000000000000e+00 0.0000000000000000e+00
1.1410778102172021e-02 0.0000000000000000e+00 0.0000000000000000e+00
1.0923524087576020e-02 0.0000000000000000e+00 0.0000000000000000e+00
1.0436270072980021e-02 0.0000000000000000e+00 0.0000000000000000e+00
9.9490160583840144e-03 0.0000000000000000e+00 0.0000000000000000e+00
9.4617620437880100e-03 0.0000000000000000e+00 0.0000000000000000e+00
8.9745080291920090e-03 0.0000000000000000e+00 0.0000000000000000e+00
8.4872540145960011e-03 0.0000000000000000e+00 0.0000000000000000e+00
1.9161701742633229e-02 1.9161701742633229e-02 0.0000000000000000e+00
1.8983609571318252e-02 1.8983609571318252e-02 0.0000000000000000e+00
1.8735082481447320e-02 1.8735082481447320e-02 0.0000000000000000e+00
1.8404857111096792e-02 1.8404857111096792e-02 0.0000000000000000e+00
1.8060316493215590e-02 1.8060316493215590e-02 0.0000000000000000e+00
1.7715775875334391e-02 1.7715775875334391e-02 0.0000000000000000e+00
1.7371235257453189e-02 1.7371235257453189e-02 0.0000000000000000e+00
1.7026694639571991e-02 1.7026694639571991e-02 0.0000000000000000e+00
1.6682154021690789e-02 1.6682154021690789e-02 0.0000000000000000e+00
1.6337613403809591e-02 1.6337613403809591e-02 0.0000000000000000e+00
1.5993072785928399e-02 1.5993072785928399e-02 0.0000000000000000e+00
1.5648532168047201e-02 1.5648532168047201e-02 0.0000000000000000e+00
1.5303991550166001e-02 1.5303991550166001e-02 0.0000000000000000e+00
1.4959450932284801e-02 1.4959450932284801e-02 0.0000000000000000e+00
1.4614910314403600e-02 1.4614910314403600e-02 0.0000000000000000e+00
1.4270369696522400e-02 1.4270369696522400e-02 0.0000000000000000e+00
1.3925829078641200e-02 1.3925829078641200e-02 0.0000000000000000e+00
1.3581288460760000e-02 1.3581288460760000e-02 0.0000000000000000e+00
1.3236747842878800e-02 1.3236747842878800e-02 0.0000000000000000e+00
1.2892207224997600e-02 1.2892207224997600e-02 0.0000000000000000e+00
1.2547666607116400e-02 1.2547666607116400e-02 0.0000000000000000e+00
1.2203125989235199e-02 1.2203125989235199e-02 0.0000000000000000e+00
1.1858585371353999e-02 1.1858585371353999e-02 0.0000000000000000e+00
1.1514044753472801e-02 1.1514044753472801e-02 0.0000000000000000e+00
1.1169504135591601e-02 1.1169504135591601e-02 0.0000000000000000e+00
1.0824963517710409e-02 1.0824963517710409e-02 0.0000000000000000e+00
1.0480422899829211e-02 1.0480422899829211e-02 0.0000000000000000e+00
1.0135882281948011e-02 1.0135882281948011e-02 0.0000000000000000e+00
9.7913416640668070e-03 9.7913416640668070e-03 0.0000000000000000e+00
9.4468010461856069e-03 9.4468010461856069e-03 0.0000000000000000e+00
9.1022604283044085e-03 9.1022604283044085e-03 0.0000000000000000e+00
8.7577198104232083e-03 8.7577198104232083e-03 0.0000000000000000e+00
8.4131791925420099e-03 8.4131791925420099e-03 0.0000000000000000e+00
8.0686385746608046e-03 8.0686385746608046e-03 0.0000000000000000e+00
7.7240979567796044e-03 7.7240979567796044e-03 0.0000000000000000e+00
7.3795573388983973e-03 7.3795573388983973e-03 0.0000000000000000e+00
7.0350167210171972e-03 7.0350167210171972e-03 0.0000000000000000e+00
6.6904761031359944e-03 6.6904761031359944e-03 0.0000000000000000e+00
6.3459354852547899e-03 6.3459354852547899e-03 0.0000000000000000e+00
6.0013948673735863e-03 6.0013948673735863e-03 0.0000000000000000e+00
5.2308548288172302e-03 1.0404817174193490e-03 0.0000000000000000e+00
4.9273575067268639e-03 2.0409783059471449e-03 0.0000000000000000e+00
4.4345045989469074e-03 2.9630412427712142e-03 0.0000000000000000e+00
6.0000000000000010e-03 0.0000000000000000e+00 0.0000000000000000e+00
6.6666666666666680e-03 0.0000000000000000e+00 0.0000000000000000e+00
7.3333333333333349e-03 0.0000000000000000e+00 0.0000000000000000e+00
5.1854497287013492e-03 5.1854497287013492e-03 0.0000000000000000e+00
4.7140452079103166e-03 4.7140452079103166e-03 0.0000000000000000e+00
4.2426406871192849e-03 4.2426406871192849e-03 0.0000000000000000e+00
2.5238705086829249e-02 1.0350138286874110e-02 0.0000000000000000e+00
1.4281376536271489e-02 1.3580873422643511e-02 0.0000000000000000e+00
1.8234865606623459e-02 4.9479811145075950e-04 0.0000000000000000e+00
2.5983224109479171e-02 8.2974916191639377e-03 0.0000000000000000e+00
1.2556429781143330e-02 1.1856494487256579e-02 0.0000000000000000e+00
2.4451123386607151e-02 1.2068831841855549e-02 0.0000000000000000e+00
2.3649170772809740e-02 1.3565005559869290e-02 0.0000000000000000e+00
1.5799748959926328e-02 4.9523709778435433e-04 0.0000000000000000e+00
1.0834763564904331e-02 1.0133988455514970e-02 0.0000000000000000e+00
2.1644942835636539e-02 4.9494562820990868e-04 0.0000000000000000e+00
1.3361495433232749e-02 4.9527059391302718e-04 0.0000000000000000e+00
9.4586446500409781e-03 8.7578973787829899e-03 0.0000000000000000e+00
2.6502182115911928e-02 6.4249054329954397e-03 0.0000000000000000e+00
1.5660930232785811e-02 1.4960197378323129e-02 0.0000000000000000e+00
2.2642283904321849e-02 1.5199935600598310e-02 0.0000000000000000e+00
2.6848571996325291e-02 4.8054065109629880e-03 0.0000000000000000e+00
7.8213251546842746e-03 2.9089327005262038e-03 0.0000000000000000e+00
2.4084307126500362e-02 4.9454505785590051e-04 0.0000000000000000e+00
2.1649485262108890e-02 1.6569266530199491e-02 0.0000000000000000e+00
2.7080605993491189e-02 3.3689903790832172e-03 0.0000000000000000e+00
2.7168061702801720e-02 2.4285576342227850e-03 0.0000000000000000e+00
7.2700546983149802e-03 4.0771221135735584e-03 0.0000000000000000e+00
1.7726706176182699e-02 1.7027193084856309e-02 0.0000000000000000e+00
2.0899047187370252e-02 1.7513469772554260e-02 0.0000000000000000e+00
1.1413447434926010e-02 4.9498594818373973e-04 0.0000000000000000e+00
8.0819903464849317e-03 1.8049589516122510e-03 0.0000000000000000e+00
2.5994207544081629e-02 4.6241633539148558e-04 0.0000000000000000e+00
1.8735207597053001e-02 1.8032034433547350e-02 0.0000000000000000e+00
8.0791550759480267e-03 7.3753987750108680e-03 0.0000000000000000e+00
6.7894713059135237e-03 4.8064788464451721e-03 0.0000000000000000e+00
2.7246355528340861e-02 1.4405407085779100e-03 0.0000000000000000e+00
2.0431305115690180e-02 1.8077340211685129e-02 0.0000000000000000e+00
2.7272866003005849e-02 7.3032407125856683e-04 0.0000000000000000e+00
1.9784664826281419e-02 1.8775364977310100e-02 0.0000000000000000e+00
2.2101431792369900e-02 1.5993057591226351e-02 0.0000000000000000e+00
2.6321560371757639e-02 7.1396583780820944e-03 0.0000000000000000e+00
2.3294051247800911e-02 1.4189628511750400e-02 0.0000000000000000e+00
2.0177885273526340e-02 4.9455774928237450e-04 0.0000000000000000e+00
9.9533516631093305e-03 4.9381627105047222e-04 0.0000000000000000e+00
8.1556725691788699e-03 1.0180248879642401e-03 0.0000000000000000e+00
7.3797767613819846e-03 6.6714137858004657e-03 0.0000000000000000e+00
2.7059091943876921e-02 2.7489741478137642e-04 0.0000000000000000e+00
1.9235709986022340e-02 1.8791511130162478e-02 0.0000000000000000e+00
2.5063422800216228e-02 1.0773905075087700e-02 0.0000000000000000e+00
2.4867771953806409e-02 1.1208023884633300e-02 0.0000000000000000e+00
2.1355980852957389e-02 1.6960860045098738e-02 0.0000000000000000e+00
2.7011768761497360e-02 3.8481298359941620e-03 0.0000000000000000e+00
2.3888383411938999e-02 1.3146875579549751e-02 0.0000000000000000e+00
2.5407717702042740e-02 9.8923767069208496e-03 0.0000000000000000e+00
2.5673013857264951e-02 9.2117202255121346e-03 0.0000000000000000e+00
6.3497604471377499e-03 5.3773013932428022e-03 0.0000000000000000e+00
1.7038567906436201e-02 1.6338035878769870e-02 0.0000000000000000e+00
1.3590916475097740e-02 1.2890950818882340e-02 0.0000000000000000e+00
1.4824329581608181e-02 4.9501827567314388e-04 0.0000000000000000e+00
8.9188018807423389e-03 4.9883566976085571e-04 0.0000000000000000e+00
8.2181667845290397e-03 7.3198291331606595e-04 0.0000000000000000e+00
1.9582975413522389e-02 1.8949108449302060e-02 0.0000000000000000e+00
1.9461763962248749e-02 1.9162915081975259e-02 0.0000000000000000e+00
2.0117373983709160e-02 1.8431105912466019e-02 0.0000000000000000e+00
2.7232485498290888e-02 1.6731318743419170e-03 0.0000000000000000e+00
2.7210122048015390e-02 1.9074978194947860e-03 0.0000000000000000e+00
2.7134204120761510e-02 2.8973474347102719e-03 0.0000000000000000e+00
2.6934299649056199e-02 4.3325745433334143e-03 0.0000000000000000e+00
2.2369396542712680e-02 1.5589540541828090e-02 0.0000000000000000e+00
2.6765818042303768e-02 5.2739620164809729e-03 0.0000000000000000e+00
2.3024114613571411e-02 1.4606110442741771e-02 0.0000000000000000e+00
2.6184435174878791e-02 7.6002631196682106e-03 0.0000000000000000e+00
2.4125450725662221e-02 1.2724450855620059e-02 0.0000000000000000e+00
2.5905266389700771e-02 8.5176795230513976e-03 0.0000000000000000e+00
2.5743647554091861e-02 8.9874240766937927e-03 0.0000000000000000e+00
2.4767926064809501e-02 1.1426237463663230e-02 0.0000000000000000e+00
8.0516019194519870e-03 2.1944254461072408e-03 0.0000000000000000e+00
2.7255862903258370e-02 1.2054345861486750e-03 0.0000000000000000e+00
2.0584787141408361e-02 1.7891913743894951e-02 0.0000000000000000e+00
2.1056675328940601e-02 1.7328922668528129e-02 0.0000000000000000e+00
2.1958641350729519e-02 1.6184220319231900e-02 0.0000000000000000e+00
2.6719101502389059e-02 5.5024927607923843e-03 0.0000000000000000e+00
2.6664429849606770e-02 5.7299863669777644e-03 0.0000000000000000e+00
2.2771380718184069e-02 1.5008910260099409e-02 0.0000000000000000e+00
2.6556673100025172e-02 6.2012199995591828e-03 0.0000000000000000e+00
2.3420147371599510e-02 1.3984654189270531e-02 0.0000000000000000e+00
2.6442251477292140e-02 6.6573191390401788e-03 0.0000000000000000e+00
2.6112960879709449e-02 7.8399710750947770e-03 0.0000000000000000e+00
2.4232979631576931e-02 1.2512666433564450e-02 0.0000000000000000e+00
2.4665310885044860e-02 1.1641520659043451e-02 0.0000000000000000e+00
2.5592465262368719e-02 9.4346155894045776e-03 0.0000000000000000e+00
2.6783429018271521e-02 3.3677991895958870e-04 0.0000000000000000e+00
8.7698242198120668e-03 8.0688486706998082e-03 0.0000000000000000e+00
1.0925137718162460e-02 4.9493264560451344e-04 0.0000000000000000e+00
1.2388952404208399e-02 4.9523544062018542e-04 0.0000000000000000e+00
1.6772251190671678e-02 4.9528700760424239e-04 0.0000000000000000e+00
7.0193911243591816e-03 6.3162018164584308e-03 0.0000000000000000e+00
1.4971619375254611e-02 1.4270945892040440e-02 0.0000000000000000e+00
1.9692292514461480e-02 4.9438673793815186e-04 0.0000000000000000e+00
1.6349670531602741e-02 1.5648982437811609e-02 0.0000000000000000e+00
1.3246034422959950e-02 1.2546009474188970e-02 0.0000000000000000e+00
1.2211489487797119e-02 1.1511224038383261e-02 0.0000000000000000e+00
1.0146014245210930e-02 9.4452561656905125e-03 0.0000000000000000e+00
1.1522731856140139e-02 1.0822030539626770e-02 0.0000000000000000e+00
2.5051020362642010e-02 4.9263035994937497e-04 0.0000000000000000e+00
1.7746703167348211e-02 4.9509155048076472e-04 0.0000000000000000e+00
2.3597540239359911e-02 4.9440054954066198e-04 0.0000000000000000e+00
2.3109950913057831e-02 4.9447184822581317e-04 0.0000000000000000e+00
2.2622127600555431e-02 4.9477102406786030e-04 0.0000000000000000e+00
2.1155213490348272e-02 4.9505617237275996e-04 0.0000000000000000e+00
1.9207607987674361e-02 4.9448935751144740e-04 0.0000000000000000e+00
1.4335972670202970e-02 4.9514885362942056e-04 0.0000000000000000e+00
1.8404490759500930e-02 1.7708697031084141e-02 0.0000000000000000e+00
2.7286511442897780e-02 2.4993429491927070e-04 0.0000000000000000e+00
6.6280019176649801e-03 5.9210389426453463e-03 0.0000000000000000e+00
6.1608816423491114e-03 5.6403639589018102e-03 0.0000000000000000e+00
7.0932398284962684e-03 4.2883163872309091e-03 0.0000000000000000e+00
8.1102485610896335e-03 1.4074226366477930e-03 0.0000000000000000e+00
2.5473573466279490e-02 9.1441865805968157e-03 0.0000000000000000e+00
1.3945569922433629e-02 1.2543711838801709e-02 0.0000000000000000e+00
2.4571770376378001e-02 1.1335678110915310e-02 0.0000000000000000e+00
1.8238393908777999e-02 9.9084177836709572e-04 0.0000000000000000e+00
2.6210996708225520e-02 6.5965819823730412e-03 0.0000000000000000e+00
2.3236293553838230e-02 1.3866208180820220e-02 0.0000000000000000e+00
1.4828748727506121e-02 9.9133607137081876e-04 0.0000000000000000e+00
2.1645194987199249e-02 9.9125902794643724e-04 0.0000000000000000e+00
2.1941183061257929e-02 1.5853652207487641e-02 0.0000000000000000e+00
2.4091033726215641e-02 9.9072286746672636e-04 0.0000000000000000e+00
1.1417135186086880e-02 9.9114054941248052e-04 0.0000000000000000e+00
2.4051458564058281e-02 1.2402366073117840e-02 0.0000000000000000e+00
2.0876215900862530e-02 1.7179865642321341e-02 0.0000000000000000e+00
2.5952461563441241e-02 7.5263551374311483e-03 0.0000000000000000e+00
2.6451932575496669e-02 5.6884116651645259e-03 0.0000000000000000e+00
1.9062734386574472e-02 1.7675854226177679e-02 0.0000000000000000e+00
2.7006464724756631e-02 1.8885701089199579e-03 0.0000000000000000e+00
7.3172611263028660e-03 4.5926743197115564e-03 0.0000000000000000e+00
8.5380530537359049e-03 1.8107631417700659e-03 0.0000000000000000e+00
2.0386325624516428e-02 1.7754555758638560e-02 0.0000000000000000e+00
1.2909192583266700e-02 1.1507332290409710e-02 0.0000000000000000e+00
2.7041587559070660e-02 1.4443211273365160e-03 0.0000000000000000e+00
7.7176571395208612e-03 6.3112864625495761e-03 0.0000000000000000e+00
2.7279925009886938e-02 4.9313034052971428e-04 0.0000000000000000e+00
1.9953197333402058e-02 1.8605042754149641e-02 0.0000000000000000e+00
2.7263701813386710e-02 9.6855586284688711e-04 0.0000000000000000e+00
2.0740132485470571e-02 1.7701029965838180e-02 0.0000000000000000e+00
2.7164289437143760e-02 2.1701133084431239e-03 0.0000000000000000e+00
2.1209495482652760e-02 1.7147033463249799e-02 0.0000000000000000e+00
2.7109794504779669e-02 3.1310412535896890e-03 0.0000000000000000e+00
2.1805626722327259e-02 1.6373105902572949e-02 0.0000000000000000e+00
2.6972693671714499e-02 4.0902210479972501e-03 0.0000000000000000e+00
2.2235176720861071e-02 1.5792760217324120e-02 0.0000000000000000e+00
2.6807276760763610e-02 5.0406546738756761e-03 0.0000000000000000e+00
2.6585899397658139e-02 5.9653670646605634e-03 0.0000000000000000e+00
2.3157890297341652e-02 1.4395217734014920e-02 0.0000000000000000e+00
2.3533700270276691e-02 1.3776293505559980e-02 0.0000000000000000e+00
2.6253561899159530e-02 7.3645044746498481e-03 0.0000000000000000e+00
2.4006557531394621e-02 1.2933316018417729e-02 0.0000000000000000e+00
2.4321062845525519e-02 1.2277593922773260e-02 0.0000000000000000e+00
2.5800860609204220e-02 8.7436920046304566e-03 0.0000000000000000e+00
2.5500835880218609e-02 9.6598623304423505e-03 0.0000000000000000e+00
2.0275875294590840e-02 1.8257119518896001e-02 0.0000000000000000e+00
2.2507606732614521e-02 1.5390900129987169e-02 0.0000000000000000e+00
2.2897104568208950e-02 1.4811719121716240e-02 0.0000000000000000e+00
2.6368438213151390e-02 6.8975622946939779e-03 0.0000000000000000e+00
2.6050313320550151e-02 8.0738349797043491e-03 0.0000000000000000e+00
2.4559371971976759e-02 1.1856040018317590e-02 0.0000000000000000e+00
2.4963827920588200e-02 1.0987843022009010e-02 0.0000000000000000e+00
2.5158568810816569e-02 1.0564908364088790e-02 0.0000000000000000e+00
2.7153450864584979e-02 2.6638987150812642e-03 0.0000000000000000e+00
2.1498622665671450e-02 1.6765913784950230e-02 0.0000000000000000e+00
2.7049314624015022e-02 3.6058719353558939e-03 0.0000000000000000e+00
2.6892454075434540e-02 4.5693581950682193e-03 0.0000000000000000e+00
2.3769055037980821e-02 1.3354935050311399e-02 0.0000000000000000e+00
2.5317829621399970e-02 1.0124754314663620e-02 0.0000000000000000e+00
1.9068587551910259e-02 1.8297611032479729e-02 0.0000000000000000e+00
2.6271379521033408e-02 6.3487236587839117e-03 0.0000000000000000e+00
2.6546899738858799e-02 5.2491769266039970e-03 0.0000000000000000e+00
6.9962279698965466e-03 5.6402768912429003e-03 0.0000000000000000e+00
2.3603320048021410e-02 9.9043732923233610e-04 0.0000000000000000e+00
2.3114418625875651e-02 9.9047549731233822e-04 0.0000000000000000e+00
8.4248951526435870e-03 7.7229321712229577e-03 0.0000000000000000e+00
9.4662106042273462e-03 4.9448663085043410e-04 0.0000000000000000e+00
1.0438632062880241e-02 4.9451362748324183e-04 0.0000000000000000e+00
1.7383166122253480e-02 1.6682744909927060e-02 0.0000000000000000e+00
1.1901839796716661e-02 4.9529167120251558e-04 0.0000000000000000e+00
9.1146474972644692e-03 8.4136781701026064e-03 0.0000000000000000e+00
1.5316573449445221e-02 1.4615680136495200e-02 0.0000000000000000e+00
1.2901240544111870e-02 1.2201009609966540e-02 0.0000000000000000e+00
1.3936319632724620e-02 1.3235801434292600e-02 0.0000000000000000e+00
7.7305810773005117e-03 7.0248938340391198e-03 0.0000000000000000e+00
9.8024808327000015e-03 9.1015526378295485e-03 0.0000000000000000e+00
2.0665995979860251e-02 4.9503939389255493e-04 0.0000000000000000e+00
1.1178963520164649e-02 1.0478012483120381e-02 0.0000000000000000e+00
1.0490402905410741e-02 9.7894600451335009e-03 0.0000000000000000e+00
2.4569220646496581e-02 4.9459071777655222e-04 0.0000000000000000e+00
1.7259328219790510e-02 4.9533767804317563e-04 0.0000000000000000e+00
1.3848587680734360e-02 4.9533161121959914e-04 0.0000000000000000e+00
2.2133694987252862e-02 4.9509045867517695e-04 0.0000000000000000e+00
1.4626774880125801e-02 1.3925995287213120e-02 0.0000000000000000e+00
1.6286474782727791e-02 4.9538850506438206e-04 0.0000000000000000e+00
1.6694234328763560e-02 1.5993438693695201e-02 0.0000000000000000e+00
1.1866854090351941e-02 1.1166161408695710e-02 0.0000000000000000e+00
1.8721998133291631e-02 4.9478743555591686e-04 0.0000000000000000e+00
1.5312715483067041e-02 4.9530790612204497e-04 0.0000000000000000e+00
1.2875702736191260e-02 4.9537933964495691e-04 0.0000000000000000e+00
1.8067720085117041e-02 1.7370000956048529e-02 0.0000000000000000e+00
1.6005381697701819e-02 1.5304475149198370e-02 0.0000000000000000e+00
2.5528568073562640e-02 4.8463684645688639e-04 0.0000000000000000e+00
1.9486931017390290e-02 1.8781489907572248e-02 0.0000000000000000e+00
2.6426892505072221e-02 4.1232485533919389e-04 0.0000000000000000e+00
2.7071690033852621e-02 5.1061042669119008e-04 0.0000000000000000e+00
8.2584077179737262e-03 4.0766159352207022e-04 0.0000000000000000e+00
6.5865217843952186e-03 5.1231517798444844e-03 0.0000000000000000e+00
7.9135220169429654e-03 2.5488037283127210e-03 0.0000000000000000e+00
1.9333614264852559e-02 1.9018073180368810e-02 0.0000000000000000e+00
6.8986895868611928e-03 4.5320166458559241e-03 0.0000000000000000e+00
6.6500895060246402e-03 5.4917044768753908e-03 0.0000000000000000e+00
8.5757598011687135e-03 1.2270775039530479e-03 0.0000000000000000e+00
1.1189960763904000e-02 9.7867272863295350e-03 0.0000000000000000e+00
2.6016871540620601e-02 6.2628601479586717e-03 0.0000000000000000e+00
1.6707100879514571e-02 1.5304001761655020e-02 0.0000000000000000e+00
9.8167799275901552e-03 8.4136261268662055e-03 0.0000000000000000e+00
2.4099663100523638e-02 1.4884879600058510e-03 0.0000000000000000e+00
1.8082177597774481e-02 1.6682619001318340e-02 0.0000000000000000e+00
8.2044078471544147e-03 3.0892328304497020e-03 0.0000000000000000e+00
1.9788959270417052e-02 1.8471690346809570e-02 0.0000000000000000e+00
1.3367571946294701e-02 9.9152938934905961e-04 0.0000000000000000e+00
1.6778190890195350e-02 9.9158009924628539e-04 0.0000000000000000e+00
9.9633351525943055e-03 9.8463192463858241e-04 0.0000000000000000e+00
2.5678719620062459e-02 8.6334567734724470e-03 0.0000000000000000e+00
2.4377625107866910e-02 1.1748697077790500e-02 0.0000000000000000e+00
2.5994421897416731e-02 9.4838051516793823e-04 0.0000000000000000e+00
7.6095395474630439e-03 4.2842440022306267e-03 0.0000000000000000e+00
2.0547302305168162e-02 1.7546307132707651e-02 0.0000000000000000e+00
2.3793734988078120e-02 1.2794916721665080e-02 0.0000000000000000e+00
2.3570384861915039e-02 1.3234964770669920e-02 0.0000000000000000e+00
2.2944693412480861e-02 1.4252930376937980e-02 0.0000000000000000e+00
2.2697025847626860e-02 1.4704253191057941e-02 0.0000000000000000e+00
2.1626126888511100e-02 1.6196135939568011e-02 0.0000000000000000e+00
2.1279139264914450e-02 1.6624441237177379e-02 0.0000000000000000e+00
2.5274169021384549e-02 9.5656639706834506e-03 0.0000000000000000e+00
2.5074495515204479e-02 1.0072005744220500e-02 0.0000000000000000e+00
2.5003491451732480e-02 1.0509034199870910e-02 0.0000000000000000e+00
2.5836048872660760e-02 8.0456281031776392e-03 0.0000000000000000e+00
9.1281683639718152e-03 7.7247243333600953e-03 0.0000000000000000e+00
1.6019234120703621e-02 1.4616069241177230e-02 0.0000000000000000e+00
1.5330411674568440e-02 1.3927381987734980e-02 0.0000000000000000e+00
1.4340567257877071e-02 9.9145007936993299e-04 0.0000000000000000e+00
1.7750884897883758e-02 9.9131815269456938e-04 0.0000000000000000e+00
1.3254316416877999e-02 1.1852371140417810e-02 0.0000000000000000e+00
2.2625122658007830e-02 9.9086301498835933e-04 0.0000000000000000e+00
1.8745466730696429e-02 1.7357912688063040e-02 0.0000000000000000e+00
1.1875579452017690e-02 1.0472422193097490e-02 0.0000000000000000e+00
2.4461181544098140e-02 1.1535173299334780e-02 0.0000000000000000e+00
2.5524504360889481e-02 8.9296627774358914e-03 0.0000000000000000e+00
2.4213979610203131e-02 1.2140381612191940e-02 0.0000000000000000e+00
2.3330089139822249e-02 1.3682128455889040e-02 0.0000000000000000e+00
2.2053369475374798e-02 1.5675428225483339e-02 0.0000000000000000e+00
2.2334364245666628e-02 1.5249086557839520e-02 0.0000000000000000e+00
2.6013641435157789e-02 7.2853821056252282e-03 0.0000000000000000e+00
2.1033390491680990e-02 1.7024056166856979e-02 0.0000000000000000e+00
2.7005920211541499e-02 2.2465834798435702e-03 0.0000000000000000e+00
2.6947366692587339e-02 2.6398037801424650e-03 0.0000000000000000e+00
2.6906748768626181e-02 3.0949125182345438e-03 0.0000000000000000e+00
2.6847185126723259e-02 3.5617594422521302e-03 0.0000000000000000e+00
2.6741287796396961e-02 4.0534498427040634e-03 0.0000000000000000e+00
2.6673057908107652e-02 4.5386869135241401e-03 0.0000000000000000e+00
2.6583221158833260e-02 5.0098962392058624e-03 0.0000000000000000e+00
9.0050472028517410e-03 1.8697929835766120e-03 0.0000000000000000e+00
1.9367988431537080e-02 1.7953064493682440e-02 0.0000000000000000e+00
2.0710658439145890e-02 1.7354369705698220e-02 0.0000000000000000e+00
2.4746935092993520e-02 1.0878985615930340e-02 0.0000000000000000e+00
2.7029578505170310e-02 1.6550205190600719e-03 0.0000000000000000e+00
2.3104465217981190e-02 1.4061349060309611e-02 0.0000000000000000e+00
2.3936221397456360e-02 1.2599830543918991e-02 0.0000000000000000e+00
2.1798981719991679e-02 1.6032256504749480e-02 0.0000000000000000e+00
2.5389276063523179e-02 9.3572723959577629e-03 0.0000000000000000e+00
2.5825854427515810e-02 7.7936126901204982e-03 0.0000000000000000e+00
2.0102378421146962e-02 1.8137586110892560e-02 0.0000000000000000e+00
2.4666995463660801e-02 1.1114912696762990e-02 0.0000000000000000e+00
1.9611435550277209e-02 1.8633379984986272e-02 0.0000000000000000e+00
2.7038008986574401e-02 9.7576142076963128e-04 0.0000000000000000e+00
2.6832402903398511e-02 6.5762614400807946e-04 0.0000000000000000e+00
2.7048504996216648e-02 1.2095564961310870e-03 0.0000000000000000e+00
2.6198284784081809e-02 6.9358481523331614e-03 0.0000000000000000e+00
7.3410117602265316e-03 5.9497558197033583e-03 0.0000000000000000e+00
1.0928687847743280e-02 9.9039372583641875e-04 0.0000000000000000e+00
2.1153986256100429e-02 9.9139774908015271e-04 0.0000000000000000e+00
1.0502884796772791e-02 9.0997366277177291e-03 0.0000000000000000e+00
8.4332682551050853e-03 7.0274051636254574e-03 0.0000000000000000e+00
1.7396426196570079e-02 1.5993809200056681e-02 0.0000000000000000e+00
1.4638587338893720e-02 1.3235889774606321e-02 0.0000000000000000e+00
2.3608590216306180e-02 1.4879086086921930e-03 0.0000000000000000e+00
1.5805882814175470e-02 9.9156996951016430e-04 0.0000000000000000e+00
1.2394975351499100e-02 9.9156568507644850e-04 0.0000000000000000e+00
1.2563794237155540e-02 1.1161402273891931e-02 0.0000000000000000e+00
2.0176695354662110e-02 9.9050403616250844e-04 0.0000000000000000e+00
7.1930161917592526e-03 5.1541824472976696e-03 0.0000000000000000e+00
2.5055011305740001e-02 9.8882014820710594e-04 0.0000000000000000e+00
1.8724861140869721e-02 9.9046556270575813e-04 0.0000000000000000e+00
1.3599652087116000e-02 1.2197663888560219e-02 0.0000000000000000e+00
2.2135158815921058e-02 9.9127953632688077e-04 0.0000000000000000e+00
8.0784492080883466e-03 6.6721644442704221e-03 0.0000000000000000e+00
1.4292100589751741e-02 1.2889575488171450e-02 0.0000000000000000e+00
1.1906527390814809e-02 9.9157509820340349e-04 0.0000000000000000e+00
1.5317809272629769e-02 9.9161341929612443e-04 0.0000000000000000e+00
2.4575643574392181e-02 9.9080097377574668e-04 0.0000000000000000e+00
2.0254751332577248e-02 1.7951324905742531e-02 0.0000000000000000e+00
2.6504555779267479e-02 5.4561474523455861e-03 0.0000000000000000e+00
1.9379710998885181e-02 1.8486041349100601e-02 0.0000000000000000e+00
8.4648937414702370e-03 2.2628332340562580e-03 0.0000000000000000e+00
9.0585524462884811e-03 9.9529026122327675e-04 0.0000000000000000e+00
2.6416551386013239e-02 6.0099320824886209e-03 0.0000000000000000e+00
2.6343771191222200e-02 6.1305738201092187e-03 0.0000000000000000e+00
8.5164109839293983e-03 7.0305750599183175e-04 0.0000000000000000e+00
2.6396035921133511e-02 5.8726148327605766e-03 0.0000000000000000e+00
2.6974754655616471e-02 2.1031995341332672e-03 0.0000000000000000e+00
2.6170744693339160e-02 6.8054761883025623e-03 0.0000000000000000e+00
1.4299710833519981e-02 1.2194129301850730e-02 0.0000000000000000e+00
1.8242888286282101e-02 1.4879303041638980e-03 0.0000000000000000e+00
1.5812292379116619e-02 1.4888801407622551e-03 0.0000000000000000e+00
1.2401111296097170e-02 1.4888638908374650e-03 0.0000000000000000e+00
2.1642144062854429e-02 1.4887961622494180e-03 0.0000000000000000e+00
2.1459150184706711e-02 1.5974684139195051e-02 0.0000000000000000e+00
2.4110491059852308e-02 1.9870591985780249e-03 0.0000000000000000e+00
2.5590993471471351e-02 7.5179060233881859e-03 0.0000000000000000e+00
8.7849428105602808e-03 6.6784883168330934e-03 0.0000000000000000e+00
2.0711707665933769e-02 1.7075380330529060e-02 0.0000000000000000e+00
2.2689528864430090e-02 1.4070270951008520e-02 0.0000000000000000e+00
2.3540401684844670e-02 1.2610303173759030e-02 0.0000000000000000e+00
1.9377076905137170e-02 1.7337169721520339e-02 0.0000000000000000e+00
2.5009188620541221e-02 9.4383082986920601e-03 0.0000000000000000e+00
2.4481184176885291e-02 1.0736590306147599e-02 0.0000000000000000e+00
2.6766253229516739e-02 1.7645705246545299e-03 0.0000000000000000e+00
2.6792289480960092e-02 1.3372936510073360e-03 0.0000000000000000e+00
2.0350939208064339e-02 1.7385232531413299e-02 0.0000000000000000e+00
1.9956198940411420e-02 1.7886204240926819e-02 0.0000000000000000e+00
8.9350189188328530e-03 2.3494423654996750e-03 0.0000000000000000e+00
2.5667663024414571e-02 8.4513099299200860e-03 0.0000000000000000e+00
2.2445958152435989e-02 1.5062906309262200e-02 0.0000000000000000e+00
1.1420010088467041e-02 1.4879648799115549e-03 0.0000000000000000e+00
1.4834492509552060e-02 1.4887087516787330e-03 0.0000000000000000e+00
2.5882846256050172e-02 6.8649788310878720e-03 0.0000000000000000e+00
1.9692710459237931e-02 9.9005088818720794e-04 0.0000000000000000e+00
7.6722983210659136e-03 5.5863597449393862e-03 0.0000000000000000e+00
2.6603588148665640e-02 4.7677393477945067e-03 0.0000000000000000e+00
2.5201480340543751e-02 9.1590951430091799e-03 0.0000000000000000e+00
7.5361594953111538e-03 3.4790542701016729e-03 0.0000000000000000e+00
2.4359825886053121e-02 1.1121704111176890e-02 0.0000000000000000e+00
2.6928773261335779e-02 2.8778504833970099e-03 0.0000000000000000e+00
2.6803245357690821e-02 3.8079819409178890e-03 0.0000000000000000e+00
2.2792403913236389e-02 1.4485307607352440e-02 0.0000000000000000e+00
2.5006026894630610e-02 1.0295820975455170e-02 0.0000000000000000e+00
2.3661071839413909e-02 1.3020648261184630e-02 0.0000000000000000e+00
2.1441000655125539e-02 1.6395702283529139e-02 0.0000000000000000e+00
2.5166531766575111e-02 9.8138542217147545e-03 0.0000000000000000e+00
1.9958308103046159e-02 1.8295719465259160e-02 0.0000000000000000e+00
2.6929374762436811e-02 2.4397053284612520e-03 0.0000000000000000e+00
2.6718278366269450e-02 4.2986323443091942e-03 0.0000000000000000e+00
2.2151135553396751e-02 1.5424784074542621e-02 0.0000000000000000e+00
2.6877033569966981e-02 3.3413192682734440e-03 0.0000000000000000e+00
7.7044323411641904e-03 4.8913727217874403e-03 0.0000000000000000e+00
2.3116884408741840e-02 1.4878315242236461e-03 0.0000000000000000e+00
1.7740342571214068e-02 1.6338548861723940e-02 0.0000000000000000e+00
1.0846609306991500e-02 9.4432724710528746e-03 0.0000000000000000e+00
1.2881971242610179e-02 9.9168177138477150e-04 0.0000000000000000e+00
1.4984945443711890e-02 1.3581880085311309e-02 0.0000000000000000e+00
1.2219065560000070e-02 1.0816062551463610e-02 0.0000000000000000e+00
1.6292726865948879e-02 9.9170801862276479e-04 0.0000000000000000e+00
8.7814503075276905e-03 7.3771214837089196e-03 0.0000000000000000e+00
2.5530430371344628e-02 9.8114154892816989e-04 0.0000000000000000e+00
2.5782191009543470e-02 8.2359382824377051e-03 0.0000000000000000e+00
8.0551668124446921e-03 5.9571289443892507e-03 0.0000000000000000e+00
1.0443757526601210e-02 9.8808909063760782e-04 0.0000000000000000e+00
2.0664404991810610e-02 9.9122775818421757e-04 0.0000000000000000e+00
2.2581676032421560e-02 1.4895365855683660e-02 0.0000000000000000e+00
9.4731412077812098e-03 8.0697791917865701e-03 0.0000000000000000e+00
9.4923467645772492e-03 9.8125841835581054e-04 0.0000000000000000e+00
1.6363193375438879e-02 1.4959865276520670e-02 0.0000000000000000e+00
1.5675327389108450e-02 1.4272045979913351e-02 0.0000000000000000e+00
1.3854090051393131e-02 9.9158655148117152e-04 0.0000000000000000e+00
1.7264564701123059e-02 9.9160617819792247e-04 0.0000000000000000e+00
1.3952474430374151e-02 1.1847010195483241e-02 0.0000000000000000e+00
1.3260726547693041e-02 1.1155105884484500e-02 0.0000000000000000e+00
2.2625125382910651e-02 1.4881939504095820e-03 0.0000000000000000e+00
1.4996145438237440e-02 1.2889675270118681e-02 0.0000000000000000e+00
1.8417259112935139e-02 1.7023178405506000e-02 0.0000000000000000e+00
1.0160121940463731e-02 8.7568157910984049e-03 0.0000000000000000e+00
1.1532842699259671e-02 1.0129420001404680e-02 0.0000000000000000e+00
1.7051738008663900e-02 1.5648646976850280e-02 0.0000000000000000e+00
2.6106688429557909e-02 7.0707778918512130e-03 0.0000000000000000e+00
2.4224452213084249e-02 1.1960340792067811e-02 0.0000000000000000e+00
2.3397617643730120e-02 1.3430934695385911e-02 0.0000000000000000e+00
2.1164405340718631e-02 1.6835602178189951e-02 0.0000000000000000e+00
2.4850837046594850e-02 1.0673966482157231e-02 0.0000000000000000e+00
2.4588220401387060e-02 1.4888594112056730e-03 0.0000000000000000e+00
2.6190359895412619e-02 5.5153976375390346e-03 0.0000000000000000e+00
2.6116806510544151e-02 5.9391820685574760e-03 0.0000000000000000e+00
1.9209431259509979e-02 9.9015170123423028e-04 0.0000000000000000e+00
2.6796978087499208e-02 9.9657314566892977e-04 0.0000000000000000e+00
2.7068736146987672e-02 7.4425403546060989e-04 0.0000000000000000e+00
8.3561050921585975e-03 2.6832905427725999e-03 0.0000000000000000e+00
2.5583369993521361e-02 7.9878439996033529e-03 0.0000000000000000e+00
2.6731855927792168e-02 2.2286747639613850e-03 0.0000000000000000e+00
7.6311763058135341e-03 3.1733204660234012e-03 0.0000000000000000e+00
7.3973560668738718e-03 3.7626412516018762e-03 0.0000000000000000e+00
9.0743399629570082e-03 1.4385179939157709e-03 0.0000000000000000e+00
2.6467355186642831e-02 8.8056606535206073e-04 0.0000000000000000e+00
2.5590116938899180e-02 8.7354341920034898e-03 0.0000000000000000e+00
2.5945772472415540e-02 6.5421940040638962e-03 0.0000000000000000e+00
2.1681956865079909e-02 1.5739570006282670e-02 0.0000000000000000e+00
2.2936958112596492e-02 1.3793421742645110e-02 0.0000000000000000e+00
2.0160863024308261e-02 1.7583302065632331e-02 0.0000000000000000e+00
2.4123044071820150e-02 1.2229065452294690e-02 0.0000000000000000e+00
2.3772939274660770e-02 1.2312937176776119e-02 0.0000000000000000e+00
1.9668364132201240e-02 1.8207899653775131e-02 0.0000000000000000e+00
1.4304534260605821e-02 1.1494471026270370e-02 0.0000000000000000e+00
2.4663760318107901e-02 9.2781325690685108e-03 0.0000000000000000e+00
2.3210433568804520e-02 1.2402761205384560e-02 0.0000000000000000e+00
1.1545346205858989e-02 9.4384423699141132e-03 0.0000000000000000e+00
1.6379533381710200e-02 1.4272644832595990e-02 0.0000000000000000e+00
8.8231920956182812e-03 2.8211321958763998e-03 0.0000000000000000e+00
2.5742799132801721e-02 5.4263887284470118e-03 0.0000000000000000e+00
1.7754682453405599e-02 1.5648978819172130e-02 0.0000000000000000e+00
2.1200107044913069e-02 1.5771494646046640e-02 0.0000000000000000e+00
2.4608819654611119e-02 1.9877864085752800e-03 0.0000000000000000e+00
2.5230145303075699e-02 7.8309291191249776e-03 0.0000000000000000e+00
7.9822584604443518e-03 4.5557447914257101e-03 0.0000000000000000e+00
2.4147338443105380e-02 1.0563471527296460e-02 0.0000000000000000e+00
2.2408561302359731e-02 1.4673028938679720e-02 0.0000000000000000e+00
2.5434727030331811e-02 6.7264322736784116e-03 0.0000000000000000e+00
2.6324732352525779e-02 2.1346671596796409e-03 0.0000000000000000e+00
9.4774930523499005e-03 1.9280996880703520e-03 0.0000000000000000e+00
9.4868435052909462e-03 7.3803153921820751e-03 0.0000000000000000e+00
1.0177219829745910e-02 8.0704707713650358e-03 0.0000000000000000e+00
1.8434610110965310e-02 1.6337536717552750e-02 0.0000000000000000e+00
1.2226993657853021e-02 1.0119961484275391e-02 0.0000000000000000e+00
1.9212362441220009e-02 1.4866697832372181e-03 0.0000000000000000e+00
2.0177235839452471e-02 1.4874285202389590e-03 0.0000000000000000e+00
1.3376409624667270e-02 1.4886269363030820e-03 0.0000000000000000e+00
1.6786736911209209e-02 1.4886895651430420e-03 0.0000000000000000e+00
2.2378107576167899e-02 1.3850526013644070e-02 0.0000000000000000e+00
2.4165715636517052e-02 1.1693001209427970e-02 0.0000000000000000e+00
2.4810241563875610e-02 1.0011771876160440e-02 0.0000000000000000e+00
7.8134063638092104e-03 3.9399727915995289e-03 0.0000000000000000e+00
2.6037781999280200e-02 1.4996853424052040e-03 0.0000000000000000e+00
2.2104033740529331e-02 1.5138487481670250e-02 0.0000000000000000e+00
2.6666667047503131e-02 2.7002539176367358e-03 0.0000000000000000e+00
2.6616184735708440e-02 3.1604014493438900e-03 0.0000000000000000e+00
2.6556958422148499e-02 3.6080419267349368e-03 0.0000000000000000e+00
2.6461863773838679e-02 3.9821926830018424e-03 0.0000000000000000e+00
2.6421956084156858e-02 4.3506674171509144e-03 0.0000000000000000e+00
2.4695149976598631e-02 1.0370922657171280e-02 0.0000000000000000e+00
1.0862568022942351e-02 8.7558060948095210e-03 0.0000000000000000e+00
1.0930802946069171e-02 1.4855585488180200e-03 0.0000000000000000e+00
2.1150980523150720e-02 1.4887993609718920e-03 0.0000000000000000e+00
1.7757244937190511e-02 1.4883828242899539e-03 0.0000000000000000e+00
1.4347628379285301e-02 1.4886272408584061e-03 0.0000000000000000e+00
2.3613482207324000e-02 1.9861863724847922e-03 0.0000000000000000e+00
1.3606333288596770e-02 1.1500687427860290e-02 0.0000000000000000e+00
2.2133288432546729e-02 1.4886523951913699e-03 0.0000000000000000e+00
8.4239612390000287e-03 6.3197574681649977e-03 0.0000000000000000e+00
1.4647768317040981e-02 1.2541553841653870e-02 0.0000000000000000e+00
1.7066054291120309e-02 1.4959201469959020e-02 0.0000000000000000e+00
1.1910523970839859e-02 1.4887611000909610e-03 0.0000000000000000e+00
1.5323106518879000e-02 1.4889490016328940e-03 0.0000000000000000e+00
1.2915046866731270e-02 1.0808903811615421e-02 0.0000000000000000e+00
1.5690561328046079e-02 1.3583769353898120e-02 0.0000000000000000e+00
2.2623115031584790e-02 1.9863089914366979e-03 0.0000000000000000e+00
9.1373342871704198e-03 7.0306747547095724e-03 0.0000000000000000e+00
1.5343792617335280e-02 1.3237001065016289e-02 0.0000000000000000e+00
1.9077620504237641e-02 1.7015076849566400e-02 0.0000000000000000e+00
9.9670344374600608e-03 1.4706284711483819e-03 0.0000000000000000e+00
1.8728234153942720e-02 1.4873724825912780e-03 0.0000000000000000e+00
2.5733428739109231e-02 7.1814531100617991e-03 0.0000000000000000e+00
2.5068249037301649e-02 1.4851719700105100e-03 0.0000000000000000e+00
8.0248155545217977e-03 5.2349842715229914e-03 0.0000000000000000e+00
1.2889455732123981e-02 1.4888437925276051e-03 0.0000000000000000e+00
1.6300095956282550e-02 1.4888751366835800e-03 0.0000000000000000e+00
2.1016277363877619e-02 1.6473273520558478e-02 0.0000000000000000e+00
2.3301727360066870e-02 1.3158814170430889e-02 0.0000000000000000e+00
2.1877531207701719e-02 1.5481745503322430e-02 0.0000000000000000e+00
2.0864502852822441e-02 1.6787290975615730e-02 0.0000000000000000e+00
2.3113124945071891e-02 1.3519818163823520e-02 0.0000000000000000e+00
2.3973611397101160e-02 1.2030160154813341e-02 0.0000000000000000e+00
1.9656967716644779e-02 1.7628563238897259e-02 0.0000000000000000e+00
2.6450540755796101e-02 1.3295966994753691e-03 0.0000000000000000e+00
2.0173149627506340e-02 1.7130801969134909e-02 0.0000000000000000e+00
9.5015949993027052e-03 1.4545442797177280e-03 0.0000000000000000e+00
2.4912332960695571e-02 9.7222425669309144e-03 0.0000000000000000e+00
2.5531326397274571e-02 8.2290390101523794e-03 0.0000000000000000e+00
2.4225750226334761e-02 1.1437969583815120e-02 0.0000000000000000e+00
2.5299949317958360e-02 8.8492368043604323e-03 0.0000000000000000e+00
7.9624144953424451e-03 3.4980302480020898e-03 0.0000000000000000e+00
2.1188576876629370e-02 1.6150001010604868e-02 0.0000000000000000e+00
2.3382945926338959e-02 1.2891579444960669e-02 0.0000000000000000e+00
2.2505235518485638e-02 1.4355897233008501e-02 0.0000000000000000e+00
2.5419600803730621e-02 8.6173770502668591e-03 0.0000000000000000e+00
2.0504278595266389e-02 1.7130260042887601e-02 0.0000000000000000e+00
1.6791585724913329e-02 1.9863330489612451e-03 0.0000000000000000e+00
1.4838410622558930e-02 1.9865670638035738e-03 0.0000000000000000e+00
1.2404437256165050e-02 1.9868297925409780e-03 0.0000000000000000e+00
1.6050293061289161e-02 1.3238853771509910e-02 0.0000000000000000e+00
9.8445306343987946e-03 7.0357069781737374e-03 0.0000000000000000e+00
2.4122926075960741e-02 2.4854575042139180e-03 0.0000000000000000e+00
8.3671377517529483e-03 4.8742050930214980e-03 0.0000000000000000e+00
2.6145062986436190e-02 3.8960470612671569e-03 0.0000000000000000e+00
1.8245741759777310e-02 1.9855251802785492e-03 0.0000000000000000e+00
2.5101449596826229e-02 1.9802376770047458e-03 0.0000000000000000e+00
2.0430726288866441e-02 1.6587235124843881e-02 0.0000000000000000e+00
9.1377607609574966e-03 6.3269313379935204e-03 0.0000000000000000e+00
8.4019260240963331e-03 5.5984663104994021e-03 0.0000000000000000e+00
1.1419572570695700e-02 1.9846770709490090e-03 0.0000000000000000e+00
1.5352714099736381e-02 1.2541395410033639e-02 0.0000000000000000e+00
2.1636577598621479e-02 1.9870104527681220e-03 0.0000000000000000e+00
2.4523302488757299e-02 9.7374362990517820e-03 0.0000000000000000e+00
9.9547945256413337e-03 1.9572679379937790e-03 0.0000000000000000e+00
2.5665099553662730e-02 5.8514202829885904e-03 0.0000000000000000e+00
2.6148456035314929e-02 3.5194245970385620e-03 0.0000000000000000e+00
2.6236065236686940e-02 2.5976538866987488e-03 0.0000000000000000e+00
2.0728392013928110e-02 1.6113404131358599e-02 0.0000000000000000e+00
2.6265914092371660e-02 5.0858142070199890e-03 0.0000000000000000e+00
2.5261325972041788e-02 7.1573493486296229e-03 0.0000000000000000e+00
2.1718521644868490e-02 1.5100389373917920e-02 0.0000000000000000e+00
2.2152025373839299e-02 1.4185072249665351e-02 0.0000000000000000e+00
2.4305685837450460e-02 1.0165130040118490e-02 0.0000000000000000e+00
2.5140844649574289e-02 8.3475133646546875e-03 0.0000000000000000e+00
9.4331784675770972e-03 2.4233051437347591e-03 0.0000000000000000e+00
8.6608073756641243e-03 3.2784201140907982e-03 0.0000000000000000e+00
8.2435413877757786e-03 4.1702460210855229e-03 0.0000000000000000e+00
1.2570139878890061e-02 1.0463358568570089e-02 0.0000000000000000e+00
1.1204448062872800e-02 9.0975814817371506e-03 0.0000000000000000e+00
2.5537682237794020e-02 1.4813826020795050e-03 0.0000000000000000e+00
1.0445139635649990e-02 1.4798204276828071e-03 0.0000000000000000e+00
2.0662537532320831e-02 1.4883434982493390e-03 0.0000000000000000e+00
1.3862017572662691e-02 1.4886528445470009e-03 0.0000000000000000e+00
1.7271772861944590e-02 1.4886551896649790e-03 0.0000000000000000e+00
1.4653120233013080e-02 1.1842645130985289e-02 0.0000000000000000e+00
2.3117712480211831e-02 1.9860709168480072e-03 0.0000000000000000e+00
1.8761113804689731e-02 1.6678930789325579e-02 0.0000000000000000e+00
1.7410412417196260e-02 1.5303817115646160e-02 0.0000000000000000e+00
1.5815703443308401e-02 1.9869231187064360e-03 0.0000000000000000e+00
1.9694766393939529e-02 1.4868080695668181e-03 0.0000000000000000e+00
2.3068528142882610e-02 1.2741312467948530e-02 0.0000000000000000e+00
9.8328206772725323e-03 7.7261892058807730e-03 0.0000000000000000e+00
1.6722981944626729e-02 1.4615994912401601e-02 0.0000000000000000e+00
1.6035649974023809e-02 1.3928685170677720e-02 0.0000000000000000e+00
1.3957802006392080e-02 1.1147584559766581e-02 0.0000000000000000e+00
2.2129387786751858e-02 1.9868217863086590e-03 0.0000000000000000e+00
1.8096603762927120e-02 1.5993736391145149e-02 0.0000000000000000e+00
1.0520468313360950e-02 8.4136108310028657e-03 0.0000000000000000e+00
1.1885675812604570e-02 9.7785617377985669e-03 0.0000000000000000e+00
1.3265839370428261e-02 1.0454956592204620e-02 0.0000000000000000e+00
1.9213163842029299e-02 1.9840708999436462e-03 0.0000000000000000e+00
1.3381702395234941e-02 1.9863381395668648e-03 0.0000000000000000e+00
1.9680342686204139e-02 1.7034797977996070e-02 0.0000000000000000e+00
2.6420300847833832e-02 1.7316083598113460e-03 0.0000000000000000e+00
2.3982789060463229e-02 1.0964724836673830e-02 0.0000000000000000e+00
2.3430188415084829e-02 1.2029605079838541e-02 0.0000000000000000e+00
2.2624906900904580e-02 1.3575864764342650e-02 0.0000000000000000e+00
2.1390462381530771e-02 1.5453312809647990e-02 0.0000000000000000e+00
2.4911316959260622e-02 8.8522516348811704e-03 0.0000000000000000e+00
2.6300696635997909e-02 4.6986463148942737e-03 0.0000000000000000e+00
1.9922599310324501e-02 1.7344342960792510e-02 0.0000000000000000e+00
2.3780797765036429e-02 1.1536142576827150e-02 0.0000000000000000e+00
2.2224560315044880e-02 1.4928688450178180e-02 0.0000000000000000e+00
1.4656673234053140e-02 1.1141185074207719e-02 0.0000000000000000e+00
2.3403620165650681e-02 1.1048036433321740e-02 0.0000000000000000e+00
1.1899811872843960e-02 9.0888360144360247e-03 0.0000000000000000e+00
2.1630742471291261e-02 2.4856357549021360e-03 0.0000000000000000e+00
1.7427565770370381e-02 1.4616514680991090e-02 0.0000000000000000e+00
2.5277500052402629e-02 5.3324749665867536e-03 0.0000000000000000e+00
8.6884674057760448e-03 4.4731181408361863e-03 0.0000000000000000e+00
2.5707049477038991e-02 3.4795325225433038e-03 0.0000000000000000e+00
9.3856716415660867e-03 3.0124249386835390e-03 0.0000000000000000e+00
1.8785342541023421e-02 1.5997242901290908e-02 0.0000000000000000e+00
2.4608674561931790e-02 8.2037518109807223e-03 0.0000000000000000e+00
2.3890533730605679e-02 9.9774944908497254e-03 0.0000000000000000e+00
2.0377368713935060e-02 1.5916665092895341e-02 0.0000000000000000e+00
2.1267694475669299e-02 1.4772324069669151e-02 0.0000000000000000e+00
2.2620129112223060e-02 2.4848924769613548e-03 0.0000000000000000e+00
2.0174937144487010e-02 1.9847518216762890e-03 0.0000000000000000e+00
1.9405802323335660e-02 1.6695332068459148e-02 0.0000000000000000e+00
1.1224211424396570e-02 8.4132953860209473e-03 0.0000000000000000e+00
1.4352158313804290e-02 1.9862919134798420e-03 0.0000000000000000e+00
1.7761044917437831e-02 1.9858824647303271e-03 0.0000000000000000e+00
1.0927838878679250e-02 1.9803350567044252e-03 0.0000000000000000e+00
2.5949516589459772e-02 1.9940873480904669e-03 0.0000000000000000e+00
2.4982783017206630e-02 6.5815571852935366e-03 0.0000000000000000e+00
2.4925536691966468e-02 7.4681332477193486e-03 0.0000000000000000e+00
8.7593821947959047e-03 5.2253791979046723e-03 0.0000000000000000e+00
9.9360848772074867e-03 2.4568262331121061e-03 0.0000000000000000e+00
8.7753088489282757e-03 5.9625388075064522e-03 0.0000000000000000e+00
2.0839913822963969e-02 1.5620505416998050e-02 0.0000000000000000e+00
2.3617277368601301e-02 2.4841520363633809e-03 0.0000000000000000e+00
2.5150748695747429e-02 2.4821951542394242e-03 0.0000000000000000e+00
2.4634668428494121e-02 2.4860185764741280e-03 0.0000000000000000e+00
1.5002708806989510e-02 1.2191683575505459e-02 0.0000000000000000e+00
2.1145643304113271e-02 1.9867797927579181e-03 0.0000000000000000e+00
1.8113750952005851e-02 1.5305491573964880e-02 0.0000000000000000e+00
1.0539399153731741e-02 7.7286291376166350e-03 0.0000000000000000e+00
1.5326036666119411e-02 1.9869223741487462e-03 0.0000000000000000e+00
1.1912007477976090e-02 1.9863060466953492e-03 0.0000000000000000e+00
9.4926130560862056e-03 6.6838798927283576e-03 0.0000000000000000e+00
1.5701843105729411e-02 1.2890318916210940e-02 0.0000000000000000e+00
1.8729476259721441e-02 1.9849091550601101e-03 0.0000000000000000e+00
1.2893420370836029e-02 1.9866743219498361e-03 0.0000000000000000e+00
1.6303688414104629e-02 1.9866952889541628e-03 0.0000000000000000e+00
1.2576942054270950e-02 9.7652917445752198e-03 0.0000000000000000e+00
1.2920500556698061e-02 1.0109005548799900e-02 0.0000000000000000e+00
1.6741302016839321e-02 1.3930004170926120e-02 0.0000000000000000e+00
1.3611859191258459e-02 1.0801352629006200e-02 0.0000000000000000e+00
1.0193162672741700e-02 7.3832180155546301e-03 0.0000000000000000e+00
1.6396449038669679e-02 1.3585005103080380e-02 0.0000000000000000e+00
1.3866430763727769e-02 1.9862665748834820e-03 0.0000000000000000e+00
1.7275918266471429e-02 1.9861450926198379e-03 0.0000000000000000e+00
1.9693617649843041e-02 1.9840588805409339e-03 0.0000000000000000e+00
2.6175441263924390e-02 3.0703607034757640e-03 0.0000000000000000e+00
2.2033114092101722e-02 1.3582367378784261e-02 0.0000000000000000e+00
2.2811526478664291e-02 1.2184219243322501e-02 0.0000000000000000e+00
2.4245495737873470e-02 9.0849400633792043e-03 0.0000000000000000e+00
1.0439089259047910e-02 1.9721232558896590e-03 0.0000000000000000e+00
2.5613053469567361e-02 6.3083574820916059e-03 0.0000000000000000e+00
8.4678859510519053e-03 3.7335127041352961e-03 0.0000000000000000e+00
2.5819127036372451e-02 4.9917432198834256e-03 0.0000000000000000e+00
2.3196350776567360e-02 1.1410235219894271e-02 0.0000000000000000e+00
2.5534807981679730e-02 1.9390489148332891e-03 0.0000000000000000e+00
2.1973010087507190e-02 1.4619399983359970e-02 0.0000000000000000e+00
2.6062925563814131e-02 4.2390108375916337e-03 0.0000000000000000e+00
2.3791871048665741e-02 1.0388156616485631e-02 0.0000000000000000e+00
2.2863518081835659e-02 1.3171961980641680e-02 0.0000000000000000e+00
2.0002782429145011e-02 1.6794300443408211e-02 0.0000000000000000e+00
1.6787660298290791e-02 2.4842716218080761e-03 0.0000000000000000e+00
1.2926759157006550e-02 9.4101396015355415e-03 0.0000000000000000e+00
1.9209022970981010e-02 2.4819954246036850e-03 0.0000000000000000e+00
1.4836550732667790e-02 2.4847409557803451e-03 0.0000000000000000e+00
1.6408267415946209e-02 1.2891550360485121e-02 0.0000000000000000e+00
1.0903134332643919e-02 7.3882741660130846e-03 0.0000000000000000e+00
1.2402546852845680e-02 2.4847142185798789e-03 0.0000000000000000e+00
9.9367887182122000e-03 2.9563508588891741e-03 0.0000000000000000e+00
2.4129182218815610e-02 2.9830272714682321e-03 0.0000000000000000e+00
9.1159417874163359e-03 4.8293163856199459e-03 0.0000000000000000e+00
9.0329242786235091e-03 3.9823411068168864e-03 0.0000000000000000e+00
2.0306969528052232e-02 1.5443612154214279e-02 0.0000000000000000e+00
1.1416732724968169e-02 2.4811816481150810e-03 0.0000000000000000e+00
9.5027217456732944e-03 5.9813539519552993e-03 0.0000000000000000e+00
1.5708027158591459e-02 1.2191252000198200e-02 0.0000000000000000e+00
2.3029251448756591e-02 1.0795840573762500e-02 0.0000000000000000e+00
1.3378751666850120e-02 2.4843526999773812e-03 0.0000000000000000e+00
2.1139071060314620e-02 2.4851041054230849e-03 0.0000000000000000e+00
2.1764372553348680e-02 1.3948136286884179e-02 0.0000000000000000e+00
2.5196559764998110e-02 5.7638256099619978e-03 0.0000000000000000e+00
2.5698435175122821e-02 3.0067800927602510e-03 0.0000000000000000e+00
9.0949402869326835e-03 3.4391597801022500e-03 0.0000000000000000e+00
2.5354785530917141e-02 4.8879503001615764e-03 0.0000000000000000e+00
1.9750209115131648e-02 1.6408126410021991e-02 0.0000000000000000e+00
1.0430467249530780e-02 2.4682250635703201e-03 0.0000000000000000e+00
9.1450963755564715e-03 5.5996333494256660e-03 0.0000000000000000e+00
2.3305488512031541e-02 1.0358486057803150e-02 0.0000000000000000e+00
2.1021564379439670e-02 1.5191844438877319e-02 0.0000000000000000e+00
2.5186262652968298e-02 2.9879468222021740e-03 0.0000000000000000e+00
2.0658214881185851e-02 1.9859201466447059e-03 0.0000000000000000e+00
1.5006181911812150e-02 1.1490265190535051e-02 0.0000000000000000e+00
2.3116965864797591e-02 2.4841501043423959e-03 0.0000000000000000e+00
1.3616941883302810e-02 1.0100661974362390e-02 0.0000000000000000e+00
1.4309553364491041e-02 1.0793979531681510e-02 0.0000000000000000e+00
1.8452943373658381e-02 1.5651537430349281e-02 0.0000000000000000e+00
1.0882839562987939e-02 8.0718828654930391e-03 0.0000000000000000e+00
1.7771056867405221e-02 1.4960898533684149e-02 0.0000000000000000e+00
2.2125053778369361e-02 2.4854976443366970e-03 0.0000000000000000e+00
1.5812827032725300e-02 2.4852557700083648e-03 0.0000000000000000e+00
1.0204951444812040e-02 6.6948459255976754e-03 0.0000000000000000e+00
1.8243753733452720e-02 2.4835123915043292e-03 0.0000000000000000e+00
2.4052545064571180e-02 9.5243555946129509e-03 0.0000000000000000e+00
1.7084788307528149e-02 1.4273534627849841e-02 0.0000000000000000e+00
1.1562843706466951e-02 8.7519656739244410e-03 0.0000000000000000e+00
1.9103505044210829e-02 1.6348416592838380e-02 0.0000000000000000e+00
1.2237178186032130e-02 9.4258349407357785e-03 0.0000000000000000e+00
2.5711267369967390e-02 2.4470333222573921e-03 0.0000000000000000e+00
2.4783754154463600e-02 6.9233570437208288e-03 0.0000000000000000e+00
2.3631502284251291e-02 1.0764589823696550e-02 0.0000000000000000e+00
1.7102054456221351e-02 1.3585992713187219e-02 0.0000000000000000e+00
2.3026254458546069e-02 1.1787866365051211e-02 0.0000000000000000e+00
1.4349757654494011e-02 2.4842702050327879e-03 0.0000000000000000e+00
1.7758257351214921e-02 2.4837179288011392e-03 0.0000000000000000e+00
2.0167745290931779e-02 2.4823660295507730e-03 0.0000000000000000e+00
2.4440044423115120e-02 8.6475234923837820e-03 0.0000000000000000e+00
2.2337386362244280e-02 1.3282589672981449e-02 0.0000000000000000e+00
2.2598374043449890e-02 1.2628296734905470e-02 0.0000000000000000e+00
2.1519228458797401e-02 1.4352992405716049e-02 0.0000000000000000e+00
2.4721622263354691e-02 7.8057729496238378e-03 0.0000000000000000e+00
2.5105288752617621e-02 6.1857616385066422e-03 0.0000000000000000e+00
2.5920707481653350e-02 4.5754743763477910e-03 0.0000000000000000e+00
2.5736722581880700e-02 3.9492403190675516e-03 0.0000000000000000e+00
2.0106090920710990e-02 1.6133459057571360e-02 0.0000000000000000e+00
1.5009186069736891e-02 1.0787933208910840e-02 0.0000000000000000e+00
1.7751006486265479e-02 2.9818992104949011e-03 0.0000000000000000e+00
2.2800857809478679e-02 1.0116318998136279e-02 0.0000000000000000e+00
1.4341656557531741e-02 2.9824670958963880e-03 0.0000000000000000e+00
2.1626087529220139e-02 2.9845353795521739e-03 0.0000000000000000e+00
2.1101934150251449e-02 1.4068792389704449e-02 0.0000000000000000e+00
1.8472739178655509e-02 1.4965067697037950e-02 0.0000000000000000e+00
2.2029394671562671e-02 1.2850222689070561e-02 0.0000000000000000e+00
9.5243823954764134e-03 4.4348097996186556e-03 0.0000000000000000e+00
2.4138209298637501e-02 8.0383733097441901e-03 0.0000000000000000e+00
1.0425466018201570e-02 2.9727218758766470e-03 0.0000000000000000e+00
9.6170378788799117e-03 3.3906610944449199e-03 0.0000000000000000e+00
2.2615901025082642e-02 2.9836963231453790e-03 0.0000000000000000e+00
1.1586110141598721e-02 8.0708608922136164e-03 0.0000000000000000e+00
2.0594631663512931e-02 1.4915065044304360e-02 0.0000000000000000e+00
2.4632974643242159e-02 6.0892943926514533e-03 0.0000000000000000e+00
1.9826836687003989e-02 1.5734616171310910e-02 0.0000000000000000e+00
2.1658948814789161e-02 1.3273152402726821e-02 0.0000000000000000e+00
2.5434249933853240e-02 4.3830779610081064e-03 0.0000000000000000e+00
9.8737950873831852e-03 5.6892576197093859e-03 0.0000000000000000e+00
1.0923137411950799e-02 2.4767115357874070e-03 0.0000000000000000e+00
1.9141669300150269e-02 1.5668652606006389e-02 0.0000000000000000e+00
2.3615083955037329e-02 2.9775716481781908e-03 0.0000000000000000e+00
1.5356876480739240e-02 1.1840412478250340e-02 0.0000000000000000e+00
1.7789304171387781e-02 1.4274912900777420e-02 0.0000000000000000e+00
9.8537447432056544e-03 6.3454234989380361e-03 0.0000000000000000e+00
1.8727000464580722e-02 2.4829545014434270e-03 0.0000000000000000e+00
1.3271062152433000e-02 9.7543361204526502e-03 0.0000000000000000e+00
1.6058435866898049e-02 1.2541563141383249e-02 0.0000000000000000e+00
1.5323605514871750e-02 2.4852352093871202e-03 0.0000000000000000e+00
1.1910224098327970e-02 2.4834004840330001e-03 0.0000000000000000e+00
2.4656536153075271e-02 2.9896600958240981e-03 0.0000000000000000e+00
1.3863374321887730e-02 2.4842124352193111e-03 0.0000000000000000e+00
1.7272178395773680e-02 2.4839641593181151e-03 0.0000000000000000e+00
1.6299888425908571e-02 2.4848085471818010e-03 0.0000000000000000e+00
1.9687749730820471e-02 2.4817603573597160e-03 0.0000000000000000e+00
1.2890759472901180e-02 2.4846791609427371e-03 0.0000000000000000e+00
1.0556185385674880e-02 7.0431622411267387e-03 0.0000000000000000e+00
1.6755678983424019e-02 1.3239200753675460e-02 0.0000000000000000e+00
2.2391283460386009e-02 1.1945871074638950e-02 0.0000000000000000e+00
2.2811137959152010e-02 1.1179291184717289e-02 0.0000000000000000e+00
2.3854469286839070e-02 8.8731849362709090e-03 0.0000000000000000e+00
1.3963359161558119e-02 1.0447485043142650e-02 0.0000000000000000e+00
1.2253417523640970e-02 8.7382905391893435e-03 0.0000000000000000e+00
2.3422384280632771e-02 9.8131826822952066e-03 0.0000000000000000e+00
1.1246267986572470e-02 7.7309266232604337e-03 0.0000000000000000e+00
1.7445915039799101e-02 1.3930505262547519e-02 0.0000000000000000e+00
9.5803233649647233e-03 5.1973792071748539e-03 0.0000000000000000e+00
2.0651312874728409e-02 2.4838625175180409e-03 0.0000000000000000e+00
1.2587979649880289e-02 9.0721094543734296e-03 0.0000000000000000e+00
9.4720744110940100e-03 3.6723906704585309e-03 0.0000000000000000e+00
2.4531235014447081e-02 7.2473580434116473e-03 0.0000000000000000e+00
1.9455222793069289e-02 1.6036503681204520e-02 0.0000000000000000e+00
2.4539669695422660e-02 6.4782054808843990e-03 0.0000000000000000e+00
2.5264836315685719e-02 3.9005868283651240e-03 0.0000000000000000e+00
2.5223620847364080e-02 3.4749246509960222e-03 0.0000000000000000e+00
1.6764406160559551e-02 1.2542136742053140e-02 0.0000000000000000e+00
1.1270778665874521e-02 7.0517043808122418e-03 0.0000000000000000e+00
1.2607369209756660e-02 8.3877960473911321e-03 0.0000000000000000e+00
1.2395057817932500e-02 2.9805256186992042e-03 0.0000000000000000e+00
2.4104271114101461e-02 6.4180828447923700e-03 0.0000000000000000e+00
1.0218071125892450e-02 5.2757909484578147e-03 0.0000000000000000e+00
1.8143754653064049e-02 1.3930157978098989e-02 0.0000000000000000e+00
1.9202578948571889e-02 2.9803397564915029e-03 0.0000000000000000e+00
1.5802519468402009e-02 2.9836305006910799e-03 0.0000000000000000e+00
1.3968688094288161e-02 9.7467054948576007e-03 0.0000000000000000e+00
2.4106597596692481e-02 3.4633372448264772e-03 0.0000000000000000e+00
2.1247169806940129e-02 1.2965278018828750e-02 0.0000000000000000e+00
2.4882247687837759e-02 4.8088397788931796e-03 0.0000000000000000e+00
2.2947437934482361e-02 9.6481139294589558e-03 0.0000000000000000e+00
1.6062370927075811e-02 1.1839827985852940e-02 0.0000000000000000e+00
1.9869086506319099e-02 1.4990763621663031e-02 0.0000000000000000e+00
1.4661802144871700e-02 1.0440493377753090e-02 0.0000000000000000e+00
2.0159542682373001e-02 2.9804486187102659e-03 0.0000000000000000e+00
9.9179253524922760e-03 3.9645254345704846e-03 0.0000000000000000e+00
2.4889390444923928e-02 3.9759413756155562e-03 0.0000000000000000e+00
9.7475661997677796e-03 4.7990792208437430e-03 0.0000000000000000e+00
9.9160757263066952e-03 3.3959370755508038e-03 0.0000000000000000e+00
1.0922642838205959e-02 2.9784675070538532e-03 0.0000000000000000e+00
1.0577232212060150e-02 6.3631237578108107e-03 0.0000000000000000e+00
1.0224515162869320e-02 6.0125726507969431e-03 0.0000000000000000e+00
1.5359170164443320e-02 1.1137484337403010e-02 0.0000000000000000e+00
2.3113254935043102e-02 2.9800659370161440e-03 0.0000000000000000e+00
1.3277733335622559e-02 9.0558564286501546e-03 0.0000000000000000e+00
1.8130672429284182e-02 1.4619363655824840e-02 0.0000000000000000e+00
2.1133570871465640e-02 2.9836896259391320e-03 0.0000000000000000e+00
1.6776119195665361e-02 2.9823319468191209e-03 0.0000000000000000e+00
1.1921010373858010e-02 8.4059020933221727e-03 0.0000000000000000e+00
1.8810671167649132e-02 1.5314590221179340e-02 0.0000000000000000e+00
2.2120589965193900e-02 2.9846928349718149e-03 0.0000000000000000e+00
1.1417078511406029e-02 2.9751788910498201e-03 0.0000000000000000e+00
1.8237840818483630e-02 2.9819247500643699e-03 0.0000000000000000e+00
1.3368929794022150e-02 2.9823395927075988e-03 0.0000000000000000e+00
1.7459144907418709e-02 1.3238749733964420e-02 0.0000000000000000e+00
1.4828053092795911e-02 2.9831713799935620e-03 0.0000000000000000e+00
1.9509247146171381e-02 1.5344978822056510e-02 0.0000000000000000e+00
2.2165788117359048e-02 1.2315061991431699e-02 0.0000000000000000e+00
2.1369001812188690e-02 1.3666486626705610e-02 0.0000000000000000e+00
2.2610107209149109e-02 1.0551081117778230e-02 0.0000000000000000e+00
2.3989038332079580e-02 8.4678897182690147e-03 0.0000000000000000e+00
2.3542104762839640e-02 9.2633219312105112e-03 0.0000000000000000e+00
1.1947666388582830e-02 7.7278956247067770e-03 0.0000000000000000e+00
1.3854632063764600e-02 2.9822871231481090e-03 0.0000000000000000e+00
1.7262818086686799e-02 2.9820059098534641e-03 0.0000000000000000e+00
2.0850073450335890e-02 1.4482558054120921e-02 0.0000000000000000e+00
2.4308484628570430e-02 7.6201957362911606e-03 0.0000000000000000e+00
2.2605269106132090e-02 1.1558902014488110e-02 0.0000000000000000e+00
2.4476606660946549e-02 6.7606075268317771e-03 0.0000000000000000e+00
2.4906790669954160e-02 4.3777364401213284e-03 0.0000000000000000e+00
2.4668253920974541e-02 3.5358129257890602e-03 0.0000000000000000e+00
1.5361967639859069e-02 1.0434783522587089e-02 0.0000000000000000e+00
1.7742073580579928e-02 3.4804206768591509e-03 0.0000000000000000e+00
1.4329413524938019e-02 3.4808404327133068e-03 0.0000000000000000e+00
2.1621727974464541e-02 3.4830165593847271e-03 0.0000000000000000e+00
2.3678335394919672e-02 7.8601795425085070e-03 0.0000000000000000e+00
2.3039261749105550e-02 9.2035016580339982e-03 0.0000000000000000e+00
2.4206116182338980e-02 6.0401739609691040e-03 0.0000000000000000e+00
2.2609970668234891e-02 3.4848612270642499e-03 0.0000000000000000e+00
1.0945409595369170e-02 3.4741274416552068e-03 0.0000000000000000e+00
2.0442653838361489e-02 1.4181657057672249e-02 0.0000000000000000e+00
2.0965699925119999e-02 1.3371557130364489e-02 0.0000000000000000e+00
1.9498728102954409e-02 1.4625388537414930e-02 0.0000000000000000e+00
2.4448807258937100e-02 4.7453286422653026e-03 0.0000000000000000e+00
2.3435058956988421e-02 8.7294624498757984e-03 0.0000000000000000e+00
1.0131045123999439e-02 4.6730193307680003e-03 0.0000000000000000e+00
1.0615689896214180e-02 5.6782491349678284e-03 0.0000000000000000e+00
2.3607598909271891e-02 3.4552813912532739e-03 0.0000000000000000e+00
1.5710523689578530e-02 1.1488299089321920e-02 0.0000000000000000e+00
1.3622366070886269e-02 9.4001050590363077e-03 0.0000000000000000e+00
1.6413710557333171e-02 1.2191162330137000e-02 0.0000000000000000e+00
1.1906445519580861e-02 2.9766097103454759e-03 0.0000000000000000e+00
1.6288767958359429e-02 2.9830160814733912e-03 0.0000000000000000e+00
1.1611087935876081e-02 7.3912547479002702e-03 0.0000000000000000e+00
1.5314670068613799e-02 2.9836512064993150e-03 0.0000000000000000e+00
1.8721933235662791e-02 2.9813773209616660e-03 0.0000000000000000e+00
1.7801593661424382e-02 1.3584150093512460e-02 0.0000000000000000e+00
1.2881829702428170e-02 2.9819339789178790e-03 0.0000000000000000e+00
1.0927189808330981e-02 6.7101494434813553e-03 0.0000000000000000e+00
2.0644703054508239e-02 2.9821665021228330e-03 0.0000000000000000e+00
1.7112523012450580e-02 1.2890961340482610e-02 0.0000000000000000e+00
2.4094308601261369e-02 6.9177832561251248e-03 0.0000000000000000e+00
1.2939770064186010e-02 8.7190492361098916e-03 0.0000000000000000e+00
2.4801820267163242e-02 5.2392156441120764e-03 0.0000000000000000e+00
2.1978010459728921e-02 1.1695921689241520e-02 0.0000000000000000e+00
2.2410410561980940e-02 1.0946728238372569e-02 0.0000000000000000e+00
1.4315387456057800e-02 1.0093801439592010e-02 0.0000000000000000e+00
2.1515342425388689e-02 1.2538174101841520e-02 0.0000000000000000e+00
1.8822118535561559e-02 1.4623355541182810e-02 0.0000000000000000e+00
2.4710551259018269e-02 5.6681825474582150e-03 0.0000000000000000e+00
1.9162310511141499e-02 1.4976083024783510e-02 0.0000000000000000e+00
1.8481059075828279e-02 1.4275640841048719e-02 0.0000000000000000e+00
1.3356988932843761e-02 3.4798303496743630e-03 0.0000000000000000e+00
2.2345108489641649e-02 9.9038365252355313e-03 0.0000000000000000e+00
1.6762437081070301e-02 3.4806294896599140e-03 0.0000000000000000e+00
2.4448718345356741e-02 4.3608087600352690e-03 0.0000000000000000e+00
1.9680365477217431e-02 2.9799249145854231e-03 0.0000000000000000e+00
2.0176956067066178e-02 1.4593518464846210e-02 0.0000000000000000e+00
1.0585501509522890e-02 3.9327289451977871e-03 0.0000000000000000e+00
1.2278622324588430e-02 8.0591231950198332e-03 0.0000000000000000e+00
9.9038473637657921e-03 4.4373707018453747e-03 0.0000000000000000e+00
2.4466218265523431e-02 3.9729747008981934e-03 0.0000000000000000e+00
1.3629679246212840e-02 8.7023483118214111e-03 0.0000000000000000e+00
1.7120245108269601e-02 1.2192575439314750e-02 0.0000000000000000e+00
1.2310005394958230e-02 7.3860710362865390e-03 0.0000000000000000e+00
1.8483840205825799e-02 1.3582403257695689e-02 0.0000000000000000e+00
2.0153040326890539e-02 3.4789319969395971e-03 0.0000000000000000e+00
1.9148428964120879e-02 1.4276680401112921e-02 0.0000000000000000e+00
2.2933282660342100e-02 8.6623924196565383e-03 0.0000000000000000e+00
1.6416433173118600e-02 1.1487983482178251e-02 0.0000000000000000e+00
1.1643340426381170e-02 6.7217395267505529e-03 0.0000000000000000e+00
1.5787767808987840e-02 3.4820095789753112e-03 0.0000000000000000e+00
1.2384402321169691e-02 3.4699761123721138e-03 0.0000000000000000e+00
1.9195700872554330e-02 3.4789244146871479e-03 0.0000000000000000e+00
2.4153802783447299e-02 5.5735190545473171e-03 0.0000000000000000e+00
2.3923459974702150e-02 4.8325923687395720e-03 0.0000000000000000e+00
1.0407772210402250e-02 4.2402484837682358e-03 0.0000000000000000e+00
2.0699435152823929e-02 1.3774515178455410e-02 0.0000000000000000e+00
2.3111173628189770e-02 3.4743675038761490e-03 0.0000000000000000e+00
1.5712205262959779e-02 1.0784590318144990e-02 0.0000000000000000e+00
2.1129218980446850e-02 3.4821907168403402e-03 0.0000000000000000e+00
1.4320991084669089e-02 9.3931416643518815e-03 0.0000000000000000e+00
1.5014427472740351e-02 1.0087204351940280e-02 0.0000000000000000e+00
1.7812283054224849e-02 1.2890412063109849e-02 0.0000000000000000e+00
2.2114132663994240e-02 3.4832627457065789e-03 0.0000000000000000e+00
2.2170093971454030e-02 1.0342732167620621e-02 0.0000000000000000e+00
1.8230862266309170e-02 3.4805559453976080e-03 0.0000000000000000e+00
1.4815321219015959e-02 3.4815900718967079e-03 0.0000000000000000e+00
2.3537424058989391e-02 8.3038930670061208e-03 0.0000000000000000e+00
1.2961940513449829e-02 8.0377799602648764e-03 0.0000000000000000e+00
1.7252059829046869e-02 3.4803897858719122e-03 0.0000000000000000e+00
1.3843168844834240e-02 3.4804144085586108e-03 0.0000000000000000e+00
1.1427627274593540e-02 3.4558835445622381e-03 0.0000000000000000e+00
1.0965041232205191e-02 6.0415478897282030e-03 0.0000000000000000e+00
2.0830646472266210e-02 1.2681101553126250e-02 0.0000000000000000e+00
2.3851907977130000e-02 7.4148271659428434e-03 0.0000000000000000e+00
2.1750728878860179e-02 1.2102742025380600e-02 0.0000000000000000e+00
2.4051752021162030e-02 3.9059830563541740e-03 0.0000000000000000e+00
2.3656930221545310e-02 6.3222228045997954e-03 0.0000000000000000e+00
1.6274627683537771e-02 3.4813539408727729e-03 0.0000000000000000e+00
1.2870387305287390e-02 3.4766232742001251e-03 0.0000000000000000e+00
2.0051303076078771e-02 1.3876610707570800e-02 0.0000000000000000e+00
1.9793576348493800e-02 1.4259820812120721e-02 0.0000000000000000e+00
2.2497512058927811e-02 9.4589253530935214e-03 0.0000000000000000e+00
2.2203605706010300e-02 1.1320820659497381e-02 0.0000000000000000e+00
1.0716342014937239e-02 4.9192501203815797e-03 0.0000000000000000e+00
2.4353870739766269e-02 5.1418183721861771e-03 0.0000000000000000e+00
1.0415947160162690e-02 3.5450239279156402e-03 0.0000000000000000e+00
1.5714991995791711e-02 1.0081800061891331e-02 0.0000000000000000e+00
1.6751133235375391e-02 3.9792329032243712e-03 0.0000000000000000e+00
1.4315966823763760e-02 3.9792725774008362e-03 0.0000000000000000e+00
1.2374551856580700e-02 3.9504897096989972e-03 0.0000000000000000e+00
2.1614938227611898e-02 3.9785409625149801e-03 0.0000000000000000e+00
1.0802615721671320e-02 4.4154491578739172e-03 0.0000000000000000e+00
2.3639755703561811e-02 5.3170578072217530e-03 0.0000000000000000e+00
2.2588249704020801e-02 3.9796112621198320e-03 0.0000000000000000e+00
2.3213774919109580e-02 7.6777039416588994e-03 0.0000000000000000e+00
1.7733923871224199e-02 3.9791582192018893e-03 0.0000000000000000e+00
2.0558553540188460e-02 1.3076563074785269e-02 0.0000000000000000e+00
2.3523023200477569e-02 6.7677406947505309e-03 0.0000000000000000e+00
1.0991198204569430e-02 3.9919678537127089e-03 0.0000000000000000e+00
1.8812102475714961e-02 1.3930187958057441e-02 0.0000000000000000e+00
2.3069903675790149e-02 8.1339350022446126e-03 0.0000000000000000e+00
1.6064025291927440e-02 1.1135882722049569e-02 0.0000000000000000e+00
1.3974384247570869e-02 9.0464065661672779e-03 0.0000000000000000e+00
1.6768861847510891e-02 1.1840562089703910e-02 0.0000000000000000e+00
1.1904722310831339e-02 3.4553800034711978e-03 0.0000000000000000e+00
1.5301241186404090e-02 3.4820725944583598e-03 0.0000000000000000e+00
1.8715234843224439e-02 3.4799950247563199e-03 0.0000000000000000e+00
1.8149461755011819e-02 1.3236185244180011e-02 0.0000000000000000e+00
2.3623337805184979e-02 3.8685190530433678e-03 0.0000000000000000e+00
1.3347700240154780e-02 3.9761199622413554e-03 0.0000000000000000e+00
1.7468304416680819e-02 1.2542889836503320e-02 0.0000000000000000e+00
1.3292466028920740e-02 8.3668009865612777e-03 0.0000000000000000e+00
2.0639368544946048e-02 3.4806390856667829e-03 0.0000000000000000e+00
1.1978112042449449e-02 7.0550809326745808e-03 0.0000000000000000e+00
2.1897491568004409e-02 9.6934986450038958e-03 0.0000000000000000e+00
1.1306073115764150e-02 6.3864298381645394e-03 0.0000000000000000e+00
1.9700980436390229e-02 1.3622213092571540e-02 0.0000000000000000e+00
1.4667857746650560e-02 9.7403803782465954e-03 0.0000000000000000e+00
2.0295891804956560e-02 1.3476739273412881e-02 0.0000000000000000e+00
2.1570496941251589e-02 1.1422630978362091e-02 0.0000000000000000e+00
2.2033778046151462e-02 1.0736709162199490e-02 0.0000000000000000e+00
2.1077313357606708e-02 1.2269355154205030e-02 0.0000000000000000e+00
2.3794394282947190e-02 5.9308254304038391e-03 0.0000000000000000e+00
1.5773873797817750e-02 3.9805148419375597e-03 0.0000000000000000e+00
1.9673258127302480e-02 3.4784063403028322e-03 0.0000000000000000e+00
2.2622860700192728e-02 9.0473196566108281e-03 0.0000000000000000e+00
1.9444295005283638e-02 1.3935108271850610e-02 0.0000000000000000e+00
1.2636934596047110e-02 7.7131697259570963e-03 0.0000000000000000e+00
1.1033913597903769e-02 5.3691995617530883e-03 0.0000000000000000e+00
2.3989196352645469e-02 4.3305189563727503e-03 0.0000000000000000e+00
1.3981048040695120e-02 8.3487886173670891e-03 0.0000000000000000e+00
1.7479602153138232e-02 1.1847237370414220e-02 0.0000000000000000e+00
1.2672332881451561e-02 7.0476402343204476e-03 0.0000000000000000e+00
2.2752278240742801e-02 7.4880957325095757e-03 0.0000000000000000e+00
1.2014580565488070e-02 6.4008561385813772e-03 0.0000000000000000e+00
2.0147020582965108e-02 3.9774095170112492e-03 0.0000000000000000e+00
2.3396857951631461e-02 5.7508324566667001e-03 0.0000000000000000e+00
1.6772016883824740e-02 1.1137646324790650e-02 0.0000000000000000e+00
1.8165007276315068e-02 1.2549067879660390e-02 0.0000000000000000e+00
1.4801144899034269e-02 3.9800652852441613e-03 0.0000000000000000e+00
1.1467359671528480e-02 3.8747929734241921e-03 0.0000000000000000e+00
1.9186435881278871e-02 3.9774661846750207e-03 0.0000000000000000e+00
2.3384305851376939e-02 4.6647873531228462e-03 0.0000000000000000e+00
2.3201226098623330e-02 6.1784154485896962e-03 0.0000000000000000e+00
1.6065639047124550e-02 1.0432015857927210e-02 0.0000000000000000e+00
2.1123898780719699e-02 3.9787680979134080e-03 0.0000000000000000e+00
1.4673481376360089e-02 9.0396700994129896e-03 0.0000000000000000e+00
1.5367304364896349e-02 9.7340840682594645e-03 0.0000000000000000e+00
1.8818784471900420e-02 1.3241084910330370e-02 0.0000000000000000e+00
1.8222381000508339e-02 3.9792473178578130e-03 0.0000000000000000e+00
2.2101085073964820e-02 3.9749606286275836e-03 0.0000000000000000e+00
2.1713819963989949e-02 1.0147138370894740e-02 0.0000000000000000e+00
1.2862484979252410e-02 3.9672543780247599e-03 0.0000000000000000e+00
2.0430341292233260e-02 1.2414108096989450e-02 0.0000000000000000e+00
1.7242748702801920e-02 3.9790591777832587e-03 0.0000000000000000e+00
1.3315314539307290e-02 7.6902881693401504e-03 0.0000000000000000e+00
1.6262153942655889e-02 3.9799073524929094e-03 0.0000000000000000e+00
1.3832002640076080e-02 3.9783363246375693e-03 0.0000000000000000e+00
2.2063255880223689e-02 9.2479328576375794e-03 0.0000000000000000e+00
1.5287455656449039e-02 3.9805741678193224e-03 0.0000000000000000e+00
1.1900153451699020e-02 3.9149343333627403e-03 0.0000000000000000e+00
2.1312190835300109e-02 1.1838990053071541e-02 0.0000000000000000e+00
2.3372771545605919e-02 7.2251834982484794e-03 0.0000000000000000e+00
2.3130267539522430e-02 4.0152648673834092e-03 0.0000000000000000e+00
1.9851111824565101e-02 1.3167663921110410e-02 0.0000000000000000e+00
1.9420399486900490e-02 1.3316851141671450e-02 0.0000000000000000e+00
2.2426595223465511e-02 8.3782368527749677e-03 0.0000000000000000e+00
1.9128020411184131e-02 1.3598525730338399e-02 0.0000000000000000e+00
1.1355822680272550e-02 5.7393118915622498e-03 0.0000000000000000e+00
1.1252641822945180e-02 4.6912128405524594e-03 0.0000000000000000e+00
1.1436712410300590e-02 5.1528362458784184e-03 0.0000000000000000e+00
2.1835453435710452e-02 1.1093402793246620e-02 0.0000000000000000e+00
1.1424975510822820e-02 4.2791542268919422e-03 0.0000000000000000e+00
1.6068756195585222e-02 9.7295066604340692e-03 0.0000000000000000e+00
1.6743292377619141e-02 4.4780568340959193e-03 0.0000000000000000e+00
1.4305221219373420e-02 4.4773624610221869e-03 0.0000000000000000e+00
1.3348736880997050e-02 4.4709912661615014e-03 0.0000000000000000e+00
2.1598610761580820e-02 4.4659330217012953e-03 0.0000000000000000e+00
2.2740150122267499e-02 6.0332968462849888e-03 0.0000000000000000e+00
1.7725748726272330e-02 4.4779190769996284e-03 0.0000000000000000e+00
1.5763586855784099e-02 4.4789617780454129e-03 0.0000000000000000e+00
1.9222505656537731e-02 1.2899903251707289e-02 0.0000000000000000e+00
1.1733796762253040e-02 5.4684029075714492e-03 0.0000000000000000e+00
1.2375575581682910e-02 4.4283602664081170e-03 0.0000000000000000e+00
1.6418455499952241e-02 1.0784325622541689e-02 0.0000000000000000e+00
1.4326233809651029e-02 8.6925486991198762e-03 0.0000000000000000e+00
1.7126764140677011e-02 1.1492916639876560e-02 0.0000000000000000e+00
1.8705720116486569e-02 3.9785685045055216e-03 0.0000000000000000e+00
1.8496128716103840e-02 1.2895643521685219e-02 0.0000000000000000e+00
2.2538814747573192e-02 4.4259671342549538e-03 0.0000000000000000e+00
2.0165840611318760e-02 1.2789411235477071e-02 0.0000000000000000e+00
2.1450634672682309e-02 9.4756816162842525e-03 0.0000000000000000e+00
1.7827839918083961e-02 1.2200891487265079e-02 0.0000000000000000e+00
1.3643543104564469e-02 8.0154162794950096e-03 0.0000000000000000e+00
2.0634193812395861e-02 3.9782460430091184e-03 0.0000000000000000e+00
2.3156789941360501e-02 5.1190993117839834e-03 0.0000000000000000e+00
2.0678066631889539e-02 1.2062489504322821e-02 0.0000000000000000e+00
1.1854106146985271e-02 4.8852806427399711e-03 0.0000000000000000e+00
1.5020564911896069e-02 9.3871047934804466e-03 0.0000000000000000e+00
1.2343541782507380e-02 6.7240653763778113e-03 0.0000000000000000e+00
2.2899343027638960e-02 7.0500600760405813e-03 0.0000000000000000e+00
2.3047309601325838e-02 6.6132473003904079e-03 0.0000000000000000e+00
1.4789533727329350e-02 4.4780473728449812e-03 0.0000000000000000e+00
2.1160536463796179e-02 1.1109893425125960e-02 0.0000000000000000e+00
2.1519844359487891e-02 1.0671319180515341e-02 0.0000000000000000e+00
2.2237261079983930e-02 8.8141437339418968e-03 0.0000000000000000e+00
1.9665098782615520e-02 3.9769427160766969e-03 0.0000000000000000e+00
2.2601287244650221e-02 7.9326967451386239e-03 0.0000000000000000e+00
1.2994263762706661e-02 7.3705520204536603e-03 0.0000000000000000e+00
1.1683903068326380e-02 6.0770125589550122e-03 0.0000000000000000e+00
1.9617465369405500e-02 1.2839884595987460e-02 0.0000000000000000e+00
1.1881273909031129e-02 4.3717426029094668e-03 0.0000000000000000e+00
2.3561860044225540e-02 4.2710487238820372e-03 0.0000000000000000e+00
1.5025001561085801e-02 8.6852323510820152e-03 0.0000000000000000e+00
1.7132592358765030e-02 1.0792324306875101e-02 0.0000000000000000e+00
2.0747727755689959e-02 1.0793651270572300e-02 0.0000000000000000e+00
1.3657907013694629e-02 7.3510431661940644e-03 0.0000000000000000e+00
1.4303165469105830e-02 4.9706020385952079e-03 0.0000000000000000e+00
1.3030423796691681e-02 6.7100188503622796e-03 0.0000000000000000e+00
2.0139830238091669e-02 4.4756641009267920e-03 0.0000000000000000e+00
2.2309869185089679e-02 7.2993213665673053e-03 0.0000000000000000e+00
1.9298310876798470e-02 1.2298080894688430e-02 0.0000000000000000e+00
1.7844821441600871e-02 1.1509174543500891e-02 0.0000000000000000e+00
1.5720432002594931e-02 9.3811849507650369e-03 0.0000000000000000e+00
1.9173222026829039e-02 4.4758323699503897e-03 0.0000000000000000e+00
2.2589158076957421e-02 6.4643141997281434e-03 0.0000000000000000e+00
2.0038831714573279e-02 1.2141530020399870e-02 0.0000000000000000e+00
1.4327888849250179e-02 7.9925511208773729e-03 0.0000000000000000e+00
1.6420938778643600e-02 1.0081196374343350e-02 0.0000000000000000e+00
2.1114225028487692e-02 4.4673471856278447e-03 0.0000000000000000e+00
1.8211392290825221e-02 4.4778056431325833e-03 0.0000000000000000e+00
1.7235304836513060e-02 4.4778729679933486e-03 0.0000000000000000e+00
1.2368562849241430e-02 6.0899382817179472e-03 0.0000000000000000e+00
2.2086011999638892e-02 4.4601001194717561e-03 0.0000000000000000e+00
2.1253116894836860e-02 9.9263093401315144e-03 0.0000000000000000e+00
1.5276358718034729e-02 4.4785860815959901e-03 0.0000000000000000e+00
1.2869759905276459e-02 4.4560738700914586e-03 0.0000000000000000e+00
1.8531340184652040e-02 1.2221436366449911e-02 0.0000000000000000e+00
2.2928352834551989e-02 5.5836049084898344e-03 0.0000000000000000e+00
1.3827511008099060e-02 4.4751933001987926e-03 0.0000000000000000e+00
1.6253056611342600e-02 4.4785783100692728e-03 0.0000000000000000e+00
2.1625093924726290e-02 9.0267397489698555e-03 0.0000000000000000e+00
1.2010222695934139e-02 5.2724388268433481e-03 0.0000000000000000e+00
2.0803837598565380e-02 1.1555018280680149e-02 0.0000000000000000e+00
2.1975373857764439e-02 8.1450963963078885e-03 0.0000000000000000e+00
2.2975363241103192e-02 4.4902505532982920e-03 0.0000000000000000e+00
1.8817027306347770e-02 1.2571198918634211e-02 0.0000000000000000e+00
1.2051822598015760e-02 5.7863901094394286e-03 0.0000000000000000e+00
1.9780811697614531e-02 1.2536465326092421e-02 0.0000000000000000e+00
1.6424754687513161e-02 9.3793964880571328e-03 0.0000000000000000e+00
1.6737783808098729e-02 4.9768909976210243e-03 0.0000000000000000e+00
1.9641782671522199e-02 1.1843757629414510e-02 0.0000000000000000e+00
2.1553364098233361e-02 4.9061401181986746e-03 0.0000000000000000e+00
2.0461994844699540e-02 1.1152165326909569e-02 0.0000000000000000e+00
1.3368718375824901e-02 4.9617956627287466e-03 0.0000000000000000e+00
1.7716507008006081e-02 4.9763950641654973e-03 0.0000000000000000e+00
1.5754840496874541e-02 4.9761622288550782e-03 0.0000000000000000e+00
2.2306390925375529e-02 5.9319517800346683e-03 0.0000000000000000e+00
2.0322266168032500e-02 1.1792123610638911e-02 0.0000000000000000e+00
2.1019969294506741e-02 1.0372670530186860e-02 0.0000000000000000e+00
1.6776487284022250e-02 1.0436210689069020e-02 0.0000000000000000e+00
1.4675698737122210e-02 8.3366440393848242e-03 0.0000000000000000e+00
1.8692649812348899e-02 4.4769551923030029e-03 0.0000000000000000e+00
1.7490373060127771e-02 1.1151641846434371e-02 0.0000000000000000e+00
1.8193254253485659e-02 1.1865890395153331e-02 0.0000000000000000e+00
1.2694099143928120e-02 6.3903582973243583e-03 0.0000000000000000e+00
1.4783196604924680e-02 4.9701574377146399e-03 0.0000000000000000e+00
2.1006607934639449e-02 9.2483741725506718e-03 0.0000000000000000e+00
1.3985747945323290e-02 7.6650148181955403e-03 0.0000000000000000e+00
2.0628270540792380e-02 4.4730780285295894e-03 0.0000000000000000e+00
2.2663758092872251e-02 4.8980214969715757e-03 0.0000000000000000e+00
1.5372930138698960e-02 9.0334765350788843e-03 0.0000000000000000e+00
2.1798026555318720e-02 8.5837019986957520e-03 0.0000000000000000e+00
1.3834887475923810e-02 4.9673884927891243e-03 0.0000000000000000e+00
1.9654548792724841e-02 4.4755449950250456e-03 0.0000000000000000e+00
2.2150444715536521e-02 7.7184866884456270e-03 0.0000000000000000e+00
2.2452879056887060e-02 6.8851810544486936e-03 0.0000000000000000e+00
1.8906130035604801e-02 1.1887300594899420e-02 0.0000000000000000e+00
1.3343545711867921e-02 7.0387128903318004e-03 0.0000000000000000e+00
1.2618524310291861e-02 5.8509602321692080e-03 0.0000000000000000e+00
1.2507400031424429e-02 5.4577328065567171e-03 0.0000000000000000e+00
1.2414173313609290e-02 4.9158905393556478e-03 0.0000000000000000e+00
1.9156999352520021e-02 4.9738889867667526e-03 0.0000000000000000e+00
1.7501036988348709e-02 1.0454351836663510e-02 0.0000000000000000e+00
1.5373324332857621e-02 8.3285009901583832e-03 0.0000000000000000e+00
2.1907504486101102e-02 7.1311400439629663e-03 0.0000000000000000e+00
1.3969656937219089e-02 7.0410648930987656e-03 0.0000000000000000e+00
1.4312633341583281e-02 5.4468638174634196e-03 0.0000000000000000e+00
2.0130331308395089e-02 4.9758310873386459e-03 0.0000000000000000e+00
1.6074004602412061e-02 9.0288908990449682e-03 0.0000000000000000e+00
1.9251625708654071e-02 1.1526492241874830e-02 0.0000000000000000e+00
1.8198117863161379e-02 4.9760306858664472e-03 0.0000000000000000e+00
2.2128932111646991e-02 6.3304548185045837e-03 0.0000000000000000e+00
1.8210785287396159e-02 1.1176519849757420e-02 0.0000000000000000e+00
1.8554950201035900e-02 1.1530576298284139e-02 0.0000000000000000e+00
1.3400688499554860e-02 5.4370703469497801e-03 0.0000000000000000e+00
1.4668418012086151e-02 7.6309303005621058e-03 0.0000000000000000e+00
1.6780812731323171e-02 9.7345773600041804e-03 0.0000000000000000e+00
2.1109534138648800e-02 4.9417997939767058e-03 0.0000000000000000e+00
1.7228711037931180e-02 4.9765072628462238e-03 0.0000000000000000e+00
1.5267099261328489e-02 4.9723016858512414e-03 0.0000000000000000e+00
1.2903477949206691e-02 4.9464739208558064e-03 0.0000000000000000e+00
2.0806906312949291e-02 9.6834393505763963e-03 0.0000000000000000e+00
2.2051814962161260e-02 4.9903681388947657e-03 0.0000000000000000e+00
2.1182280739272381e-02 8.8030490268658813e-03 0.0000000000000000e+00
1.6245924507121111e-02 4.9770828063546296e-03 0.0000000000000000e+00
1.9987564819096169e-02 1.1397958839948140e-02 0.0000000000000000e+00
2.0333883980289340e-02 1.0510588162249340e-02 0.0000000000000000e+00
2.1531722419041360e-02 7.9212680206834207e-03 0.0000000000000000e+00
1.3027664983406280e-02 5.9638482850509723e-03 0.0000000000000000e+00
2.2400617881405668e-02 5.4473288027396607e-03 0.0000000000000000e+00
1.3402687994929800e-02 6.3844844546841308e-03 0.0000000000000000e+00
1.6784950563597151e-02 9.0335230862589634e-03 0.0000000000000000e+00
1.7706264954078229e-02 5.4737094571271792e-03 0.0000000000000000e+00
1.5740833715897209e-02 5.4723495953265238e-03 0.0000000000000000e+00
1.9527323768304360e-02 1.1171438413079370e-02 0.0000000000000000e+00
2.1607158706472319e-02 5.3899244327951096e-03 0.0000000000000000e+00
1.7141108698758640e-02 1.0093871080252861e-02 0.0000000000000000e+00
1.5020874973580740e-02 7.9776960229556975e-03 0.0000000000000000e+00
1.7859170311370211e-02 1.0817233454925629e-02 0.0000000000000000e+00
1.6734801403566070e-02 5.4748178936784297e-03 0.0000000000000000e+00
1.4779219589451040e-02 5.4400663279183430e-03 0.0000000000000000e+00
2.0625352323256220e-02 4.9655315943808714e-03 0.0000000000000000e+00
2.0569713770012130e-02 9.0181061049111715e-03 0.0000000000000000e+00
1.4310538588193309e-02 7.3032365561580964e-03 0.0000000000000000e+00
1.3849888790435781e-02 5.4470048488931026e-03 0.0000000000000000e+00
1.9639876708814581e-02 4.9739576070241187e-03 0.0000000000000000e+00
1.5723811242704621e-02 8.6789073630838751e-03 0.0000000000000000e+00
2.0095658716018351e-02 1.0880115957702529e-02 0.0000000000000000e+00
2.1354494781812151e-02 8.3599185632929965e-03 0.0000000000000000e+00
2.0581150019062310e-02 1.0105034370962921e-02 0.0000000000000000e+00
1.8569892216028960e-02 1.0850717832254110e-02 0.0000000000000000e+00
1.8896771494076339e-02 1.1197713477948830e-02 0.0000000000000000e+00
1.8677107052180938e-02 4.9750274421630179e-03 0.0000000000000000e+00
2.1717131029403799e-02 7.4970376504904356e-03 0.0000000000000000e+00
1.3830275832486289e-02 5.9981840287577030e-03 0.0000000000000000e+00
1.3416816353027390e-02 5.7881536104681247e-03 0.0000000000000000e+00
1.3668949965547770e-02 6.7352199931221268e-03 0.0000000000000000e+00
1.2958749436677030e-02 5.4294344365854270e-03 0.0000000000000000e+00
2.1924958182311331e-02 5.7202731514994672e-03 0.0000000000000000e+00
2.2038426166671319e-02 6.7398664588196834e-03 0.0000000000000000e+00
1.9136856702471641e-02 5.4702003791747868e-03 0.0000000000000000e+00
1.5716957686606189e-02 7.9715451203633998e-03 0.0000000000000000e+00
1.5011137410764640e-02 7.2691970863609980e-03 0.0000000000000000e+00
2.1516374757582661e-02 6.7845509531941663e-03 0.0000000000000000e+00
2.0103600097319568e-02 5.4740596609126014e-03 0.0000000000000000e+00
1.4180810610215240e-02 6.5618484053332326e-03 0.0000000000000000e+00
1.6428974714743409e-02 8.6788465820052049e-03 0.0000000000000000e+00
1.8183676003116891e-02 5.4733922209230651e-03 0.0000000000000000e+00
2.1270546012908731e-02 5.7370363016960111e-03 0.0000000000000000e+00
1.9638664853507549e-02 1.0670696424897460e-02 0.0000000000000000e+00
1.7875896319615659e-02 1.0119857038012809e-02 0.0000000000000000e+00
1.8230897381648341e-02 1.0487686350577650e-02 0.0000000000000000e+00
1.7146257847587509e-02 9.3927587859004499e-03 0.0000000000000000e+00
1.7223272372174730e-02 5.4733786666519924e-03 0.0000000000000000e+00
1.5250660170236820e-02 5.4551530035381853e-03 0.0000000000000000e+00
1.4346550417513849e-02 5.8684598044143003e-03 0.0000000000000000e+00
2.0740662340721389e-02 8.5832671917096415e-03 0.0000000000000000e+00
1.6239428351983269e-02 5.4762220454736658e-03 0.0000000000000000e+00
2.1087276052500620e-02 7.7064166514570227e-03 0.0000000000000000e+00
2.0377065942362781e-02 9.4387231999365218e-03 0.0000000000000000e+00
1.9929493564376601e-02 1.0241216574814980e-02 0.0000000000000000e+00
2.1122378920353731e-02 5.3585798828462896e-03 0.0000000000000000e+00
1.9194731087513010e-02 1.0893542678509959e-02 0.0000000000000000e+00
2.1569936160342858e-02 6.1498150589391299e-03 0.0000000000000000e+00
1.7149549628854729e-02 8.6937435806689386e-03 0.0000000000000000e+00
1.7698450233113571e-02 5.9668982642548402e-03 0.0000000000000000e+00
1.6743213596195301e-02 5.9661268397607986e-03 0.0000000000000000e+00
1.8252798900796070e-02 9.7765770651868696e-03 0.0000000000000000e+00
1.5714763691123429e-02 5.9814187794760987e-03 0.0000000000000000e+00
1.9567496531299331e-02 9.9731685992429028e-03 0.0000000000000000e+00
2.0914095961371001e-02 5.8961947771863487e-03 0.0000000000000000e+00
1.4640494143016360e-02 6.9215182667288254e-03 0.0000000000000000e+00
1.4767575618859680e-02 5.8517404630476907e-03 0.0000000000000000e+00
1.7510924788873200e-02 9.7545500849068965e-03 0.0000000000000000e+00
1.9616139590177179e-02 5.4692697081405537e-03 0.0000000000000000e+00
2.0163918717594969e-02 9.8448790051900228e-03 0.0000000000000000e+00
1.5362347335544081e-02 7.6227842792888087e-03 0.0000000000000000e+00
1.6072895747147351e-02 8.3251364287816182e-03 0.0000000000000000e+00
2.0909851193166979e-02 8.1457278375223346e-03 0.0000000000000000e+00
2.0146793796624641e-02 8.7992774451796998e-03 0.0000000000000000e+00
2.1279262078551929e-02 7.2731738478414307e-03 0.0000000000000000e+00
2.0647471459129780e-02 5.4976568447129776e-03 0.0000000000000000e+00
1.8659638932569299e-02 5.4719205892069791e-03 0.0000000000000000e+00
2.0999020913444869e-02 6.6683643228378714e-03 0.0000000000000000e+00
1.9289191226982270e-02 1.0297182103897030e-02 0.0000000000000000e+00
1.8932947515975459e-02 1.0546218699365650e-02 0.0000000000000000e+00
2.1026241544436400e-02 6.2517647618553730e-03 0.0000000000000000e+00
1.4579505182895001e-02 6.2190194499288816e-03 0.0000000000000000e+00
1.9110827525094121e-02 5.9598819496347339e-03 0.0000000000000000e+00
1.6057403943342090e-02 7.6224213306370628e-03 0.0000000000000000e+00
1.7878491038588830e-02 9.4103887259518494e-03 0.0000000000000000e+00
2.0822867166775099e-02 7.0783287369624599e-03 0.0000000000000000e+00
1.6788069319635120e-02 8.3356354763440207e-03 0.0000000000000000e+00
1.9752983424987582e-02 9.5949547354183002e-03 0.0000000000000000e+00
1.9054166078525711e-02 9.8035684068469783e-03 0.0000000000000000e+00
1.7511960103171829e-02 9.0518005267561392e-03 0.0000000000000000e+00
2.0534789395919479e-02 6.4425193386735153e-03 0.0000000000000000e+00
1.5196871346455740e-02 5.9350831878579252e-03 0.0000000000000000e+00
1.5356020646825159e-02 6.9605650890119204e-03 0.0000000000000000e+00
1.7223934234051819e-02 5.9613764795819740e-03 0.0000000000000000e+00
1.8609756111666910e-02 1.0159025339361879e-02 0.0000000000000000e+00
2.0639326854697680e-02 7.5151516155753254e-03 0.0000000000000000e+00
1.6242507017612890e-02 5.9813038281705576e-03 0.0000000000000000e+00
2.0057386595858560e-02 5.9584652033351790e-03 0.0000000000000000e+00
2.0304527356483800e-02 8.3796941105204661e-03 0.0000000000000000e+00
1.8172160659620289e-02 5.9672626141742012e-03 0.0000000000000000e+00
1.9963789782914469e-02 9.2010543357326814e-03 0.0000000000000000e+00
1.5043919729250871e-02 6.4847924491905212e-03 0.0000000000000000e+00
2.0493101977837869e-02 5.9756617390140689e-03 0.0000000000000000e+00
1.7513948305894578e-02 8.3638569934591841e-03 0.0000000000000000e+00
1.7701044381227601e-02 6.4498860443733394e-03 0.0000000000000000e+00
1.6789310045530751e-02 6.4083490191505794e-03 0.0000000000000000e+00
2.0006700876247861e-02 6.4234307320906988e-03 0.0000000000000000e+00
1.5700151275957721e-02 7.2778074513180730e-03 0.0000000000000000e+00
1.5691433744429831e-02 6.5368329621803781e-03 0.0000000000000000e+00
1.7868219880037690e-02 8.7108968924488224e-03 0.0000000000000000e+00
1.8612347388323291e-02 9.4072394064961054e-03 0.0000000000000000e+00
1.9581030941016299e-02 5.9549074327377707e-03 0.0000000000000000e+00
1.9761679984596232e-02 8.6092856311836396e-03 0.0000000000000000e+00
1.9338748249189540e-02 9.3265588928986703e-03 0.0000000000000000e+00
1.8642549857941670e-02 5.9636831448621804e-03 0.0000000000000000e+00
2.0203282757129359e-02 7.3504086541731654e-03 0.0000000000000000e+00
1.6423508880213159e-02 7.9775053419149228e-03 0.0000000000000000e+00
2.0466967079251549e-02 7.9507977065282377e-03 0.0000000000000000e+00
2.0370415426951970e-02 6.9312739622894963e-03 0.0000000000000000e+00
1.7869909695377550e-02 8.0501477131021681e-03 0.0000000000000000e+00
1.9083449643333670e-02 6.4339630509426824e-03 0.0000000000000000e+00
2.0031344802340551e-02 7.7731274730183627e-03 0.0000000000000000e+00
1.8935983524276969e-02 9.0135069977658553e-03 0.0000000000000000e+00
1.6399310919352310e-02 7.2754225014285238e-03 0.0000000000000000e+00
1.7232100479543981e-02 6.4325783482338701e-03 0.0000000000000000e+00
1.8229579228962661e-02 9.0547843442528725e-03 0.0000000000000000e+00
1.6293407303700280e-02 6.5231377761120809e-03 0.0000000000000000e+00
1.6787187529613629e-02 7.6403999192844636e-03 0.0000000000000000e+00
1.7156535241524180e-02 8.0094892026757476e-03 0.0000000000000000e+00
1.9541282220462551e-02 6.4241624014112434e-03 0.0000000000000000e+00
1.6028162942726069e-02 6.9712348246628846e-03 0.0000000000000000e+00
1.8172576714890819e-02 6.4508248939664659e-03 0.0000000000000000e+00
1.9871640418905209e-02 8.2066803440353792e-03 0.0000000000000000e+00
1.9964092120489451e-02 6.8323992950746803e-03 0.0000000000000000e+00
1.9589133400527859e-02 8.9826119584022444e-03 0.0000000000000000e+00
1.9423103175705069e-02 8.0422423691367435e-03 0.0000000000000000e+00
1.7713220062126261e-02 6.9492589590537104e-03 0.0000000000000000e+00
1.8201276074674200e-02 8.3782081118537848e-03 0.0000000000000000e+00
1.6756969219356720e-02 6.9076060176127370e-03 0.0000000000000000e+00
1.9266982710859099e-02 8.5749476374841725e-03 0.0000000000000000e+00
1.7205161466150521e-02 7.3137071314110453e-03 0.0000000000000000e+00
1.7530308187470051e-02 7.7161790471878319e-03 0.0000000000000000e+00
1.8632532336359461e-02 6.4400425146677711e-03 0.0000000000000000e+00
1.8553050753846129e-02 8.6937082484068867e-03 0.0000000000000000e+00
1.9823270977507350e-02 7.2164860747058728e-03 0.0000000000000000e+00
1.9049202348001320e-02 6.8644735273833170e-03 0.0000000000000000e+00
1.9517572188307991e-02 6.9088948895208568e-03 0.0000000000000000e+00
1.8632907839772131e-02 6.8975190340850104e-03 0.0000000000000000e+00
1.8221068391636171e-02 7.7574939377797521e-03 0.0000000000000000e+00
1.9172110639139751e-02 7.3403769675941758e-03 0.0000000000000000e+00
1.7904061562129939e-02 7.4242167158507623e-03 0.0000000000000000e+00
1.8193107137776981e-02 6.9037257275092840e-03 0.0000000000000000e+00
1.8490493658618781e-02 8.0742406392150193e-03 0.0000000000000000e+00
1.8822214711484819e-02 8.3483507496552520e-03 0.0000000000000000e+00
1.9614438002062640e-02 7.5882212534555977e-03 0.0000000000000000e+00
1.7255909841275330e-02 6.8497489362191206e-03 0.0000000000000000e+00
1.7552222336050499e-02 7.2446102357692794e-03 0.0000000000000000e+00
1.8574911883194021e-02 7.3937662581954272e-03 0.0000000000000000e+00
1.8928851102649039e-02 7.8698343414982906e-03 0.0000000000000000e+00
1.8214627498031991e-02 7.2308092562149316e-03 0.0000000000000000e+00
7.3753909857729684e-03 2.2516931366429039e-03 0.0000000000000000e+00
6.6645819733014066e-03 3.8862542857791022e-03 0.0000000000000000e+00
7.5629586144483063e-03 1.5390731339867700e-03 0.0000000000000000e+00
6.2850972871422509e-03 4.4951992487014926e-03 0.0000000000000000e+00
6.3669854959123506e-03 1.3359444072368451e-03 0.0000000000000000e+00
5.4162864193266569e-03 3.4938078341070081e-03 0.0000000000000000e+00
6.9625403305296728e-03 3.2372429082389632e-03 0.0000000000000000e+00
7.3224790529224041e-03 6.5275778722638880e-04 0.0000000000000000e+00
6.0855956372662910e-03 4.7635156865635962e-03 0.0000000000000000e+00
5.2048458102252164e-03 4.2993880549674242e-03 0.0000000000000000e+00
6.7217950236028324e-03 6.9580739374066496e-04 0.0000000000000000e+00
7.6975875591950450e-03 8.4086556491479603e-04 0.0000000000000000e+00
7.7227256694862786e-03 3.9249136709970439e-04 0.0000000000000000e+00
5.8188234350797846e-03 5.1255884720851543e-03 0.0000000000000000e+00
4.9294009815737767e-03 3.7727946113593281e-03 0.0000000000000000e+00
6.0723295978876244e-03 8.9623465769426611e-04 0.0000000000000000e+00
4.5578162311833139e-03 4.0890130411632671e-03 0.0000000000000000e+00
6.0121069942029393e-03 3.6227662040943902e-04 0.0000000000000000e+00
5.7558172432386704e-03 1.9394398590067440e-03 0.0000000000000000e+00
5.6676889850273346e-03 3.9448680758321954e-03 0.0000000000000000e+00
6.8023436326215244e-03 1.2086108953799791e-03 0.0000000000000000e+00
7.1017849360142903e-03 2.9413246516041981e-03 0.0000000000000000e+00
5.8184290406947886e-03 4.4677666694125156e-03 0.0000000000000000e+00
5.5120051332593952e-03 2.6451265217514999e-03 0.0000000000000000e+00
7.4550824827164259e-03 1.9265063055896030e-03 0.0000000000000000e+00
6.4961921486157044e-03 4.2371852415600576e-03 0.0000000000000000e+00
7.6439831195269752e-03 1.1595863992151000e-03 0.0000000000000000e+00
5.5124837387534147e-03 4.7685214774721759e-03 0.0000000000000000e+00
6.8612576367490241e-03 3.5573944386375340e-03 0.0000000000000000e+00
6.0855466857071628e-03 1.5950338868864951e-03 0.0000000000000000e+00
4.4629644016084824e-03 3.6622217614671478e-03 0.0000000000000000e+00
5.7545452852067261e-03 1.4306030366196610e-03 0.0000000000000000e+00
6.9173972979683250e-03 2.3237580955054130e-03 0.0000000000000000e+00
6.4999043616832371e-03 3.2612930234385291e-03 0.0000000000000000e+00
6.4399653155813724e-03 1.7378725275717429e-03 0.0000000000000000e+00
6.1586702274853081e-03 2.6289855788698309e-03 0.0000000000000000e+00
7.2683822998751060e-03 1.4519651356739310e-03 0.0000000000000000e+00
6.2745096772813076e-03 3.7067036309236250e-03 0.0000000000000000e+00
7.2419394859565339e-03 2.6468203792450050e-03 0.0000000000000000e+00
6.1312295861330451e-03 4.1457165625303242e-03 0.0000000000000000e+00
5.0748218046293148e-03 3.1443091039062578e-03 0.0000000000000000e+00
7.2500326480923740e-03 1.1437159835519361e-03 0.0000000000000000e+00
5.8552217342193293e-03 3.1028607863890240e-03 0.0000000000000000e+00
6.6419518058080888e-03 2.7863608480898599e-03 0.0000000000000000e+00
6.3089122480982397e-03 2.1677903308842611e-03 0.0000000000000000e+00
6.9726831404061411e-03 1.7155401117106739e-03 0.0000000000000000e+00
5.9549634735727519e-03 3.5949326555829099e-03 0.0000000000000000e+00
1.6838893488276106e-18 2.7500000000000000e-02 0.0000000000000000e+00
4.8985871965894126e-19 8.0000000000000002e-03 0.0000000000000000e+00
1.6716428808361371e-18 2.7300000000000001e-02 0.0000000000000000e+00
3.2657247977262759e-19 5.3333333333333340e-03 0.0000000000000000e+00
2.4267605801746387e-04 2.7498929221532700e-02 0.0000000000000000e+00
4.8533321768603598e-04 2.7495716969517459e-02 0.0000000000000000e+00
7.2795258212848954e-04 2.7490363494107758e-02 0.0000000000000000e+00
9.7051525741094372e-04 2.7482869212204400e-02 0.0000000000000000e+00
1.2130023540141257e-03 2.7473234707423081e-02 0.0000000000000000e+00
1.4553949883044867e-03 2.7461460730048910e-02 0.0000000000000000e+00
1.6976742840046617e-03 2.7447548196977981e-02 0.0000000000000000e+00
1.9398213736635547e-03 2.7431498191646000e-02 0.0000000000000000e+00
2.1818174001255386e-03 2.7413311963943889e-02 0.0000000000000000e+00
2.4236435179990409e-03 2.7392990930120448e-02 0.0000000000000000e+00
2.6652808951240837e-03 2.7370536672672072e-02 0.0000000000000000e+00
2.9067107140388006e-03 2.7345950940219511e-02 0.0000000000000000e+00
3.1479141734449298e-03 2.7319235647371699e-02 0.0000000000000000e+00
3.3888724896718597e-03 2.7290392874576679e-02 0.0000000000000000e+00
3.6295668981395027e-03 2.7259424867959521e-02 0.0000000000000000e+00
3.8699786548194856e-03 2.7226334039147499e-02 0.0000000000000000e+00
4.1100890376949374e-03 2.7191122965082189e-02 0.0000000000000000e+00
4.3498793482183579e-03 2.7153794387818869e-02 0.0000000000000000e+00
4.5893309127678578e-03 2.7114351214312930e-02 0.0000000000000000e+00
4.8284250841013187e-03 2.7072796516193539e-02 0.0000000000000000e+00
5.0671432428085117e-03 2.7029133529524400e-02 0.0000000000000000e+00
5.3054667987611631e-03 2.6983365654551748e-02 0.0000000000000000e+00
5.5433771925605590e-03 2.6935496455439609e-02 0.0000000000000000e+00
5.7808558969829563e-03 2.6885529659992149e-02 0.0000000000000000e+00
6.0178844184222841e-03 2.6833469159363469e-02 0.0000000000000000e+00
6.2544442983304277e-03 2.6779319007754512e-02 0.0000000000000000e+00
6.4905171146545908e-03 2.6723083422097380e-02 0.0000000000000000e+00
6.7260844832719895e-03 2.6664766781726929e-02 0.0000000000000000e+00
6.9611280594214786e-03 2.6604373628039711e-02 0.0000000000000000e+00
7.1956295391321099e-03 2.6541908664140371e-02 0.0000000000000000e+00
7.4295706606486321e-03 2.6477376754475299e-02 0.0000000000000000e+00
7.6629332058535280e-03 2.6410782924453931e-02 0.0000000000000000e+00
7.8956990016858311e-03 2.6342132360057290e-02 0.0000000000000000e+00
8.1278499215563047e-03 2.6271430407434179e-02 0.0000000000000000e+00
8.3593678867590285e-03 2.6198682572484859e-02 0.0000000000000000e+00
8.5902348678793348e-03 2.6123894520432251e-02 0.0000000000000000e+00
8.8204328861977710e-03 2.6047072075380769e-02 0.0000000000000000e+00
9.0499440150902718e-03 2.5968221219862780e-02 0.0000000000000000e+00
9.2787503814240960e-03 2.5887348094372709e-02 0.0000000000000000e+00
9.5068341669497843e-03 2.5804458996888820e-02 0.0000000000000000e+00
9.7341776096887111e-03 2.5719560382382801e-02 0.0000000000000000e+00
9.9607630053162588e-03 2.5632658862317099e-02 0.0000000000000000e+00
1.0186572708540622e-02 2.5543761204129972e-02 0.0000000000000000e+00
1.0411589134476831e-02 2.5452874330708589e-02 0.0000000000000000e+00
1.0635794760016292e-02 2.5360005319849801e-02 0.0000000000000000e+00
1.0859172125191252e-02 2.5265161403709050e-02 0.0000000000000000e+00
1.1081703834534632e-02 2.5168349968237101e-02 0.0000000000000000e+00
1.1303372558434591e-02 2.5069578552604908e-02 0.0000000000000000e+00
1.1524161034484132e-02 2.4968854848616460e-02 0.0000000000000000e+00
1.1744052068825332e-02 2.4866186700109840e-02 0.0000000000000000e+00
1.1963028537488431e-02 2.4761582102346320e-02 0.0000000000000000e+00
1.2181073387725212e-02 2.4655049201387790e-02 0.0000000000000000e+00
1.2398169639337132e-02 2.4546596293462342e-02 0.0000000000000000e+00
1.2614300385997482e-02 2.4436231824318241e-02 0.0000000000000000e+00
1.2829448796568152e-02 2.4323964388566190e-02 0.0000000000000000e+00
1.3043598116410182e-02 2.4209802729010011e-02 0.0000000000000000e+00
1.3256731668688652e-02 2.4093755735965859e-02 0.0000000000000000e+00
1.3468832855671282e-02 2.3975832446569811e-02 0.0000000000000000e+00
1.3679885160021082e-02 2.3856042044074179e-02 0.0000000000000000e+00
1.3889872146082552e-02 2.3734393857132319e-02 0.0000000000000000e+00
1.4098777461161663e-02 2.3610897359072149e-02 0.0000000000000000e+00
1.4306584836799262e-02 2.3485562167158480e-02 0.0000000000000000e+00
1.4513278090038042e-02 2.3358398041843999e-02 0.0000000000000000e+00
1.4718841124682731e-02 2.3229414886009259e-02 0.0000000000000000e+00
1.4923257932553622e-02 2.3098622744191381e-02 0.0000000000000000e+00
1.5126512594733132e-02 2.2966031801801980e-02 0.0000000000000000e+00
1.5328589282805631e-02 2.2831652384333830e-02 0.0000000000000000e+00
1.5529472260089891e-02 2.2695494956556879e-02 0.0000000000000000e+00
1.5729145882864729e-02 2.2557570121703261e-02 0.0000000000000000e+00
1.5927594601587169e-02 2.2417888620641580e-02 0.0000000000000000e+00
1.6124802962103429e-02 2.2276461331040460e-02 0.0000000000000000e+00
1.6320755606852300e-02 2.2133299266521460e-02 0.0000000000000000e+00
1.6515437276061268e-02 2.1988413575801370e-02 0.0000000000000000e+00
1.6708832808934721e-02 2.1841815541824051e-02 0.0000000000000000e+00
1.6900927144834699e-02 2.1693516580881710e-02 0.0000000000000000e+00
1.7091705324453640e-02 2.1543528241725941e-02 0.0000000000000000e+00
1.7281152490979439e-02 2.1391862204668280e-02 0.0000000000000000e+00
1.7469253891252319e-02 2.1238530280670690e-02 0.0000000000000000e+00
1.7655994876913821e-02 2.1083544410425700e-02 0.0000000000000000e+00
1.7841360905547471e-02 2.0926916663426609e-02 0.0000000000000000e+00
1.8025337541811320e-02 2.0768659237027500e-02 0.0000000000000000e+00
1.8207910458562019e-02 2.0608784455493440e-02 0.0000000000000000e+00
1.8389065437970649e-02 2.0447304769040671e-02 0.0000000000000000e+00
1.8568788372629850e-02 2.0284232752867101e-02 0.0000000000000000e+00
1.8747065266652450e-02 2.0119581106172992e-02 0.0000000000000000e+00
1.8923882236761402e-02 1.9953362651172011e-02 0.0000000000000000e+00
1.9099225513370961e-02 1.9785590332092699e-02 0.0000000000000000e+00
1.9273081441658919e-02 1.9616277214170450e-02 0.0000000000000000e+00
2.1663507740907648e-04 7.9970662897862720e-03 0.0000000000000000e+00
4.3311126868333808e-04 7.9882673108089917e-03 0.0000000000000000e+00
6.4926980421944913e-04 7.9736095164817822e-03 0.0000000000000000e+00
8.6495214739153398e-04 7.9531036572348772e-03 0.0000000000000000e+00
1.0800001108263184e-03 7.9267647726304537e-03 0.0000000000000000e+00
1.2942559724221164e-03 7.8946121803322097e-03 0.0000000000000000e+00
1.5075625910265455e-03 7.8566694619372490e-03 0.0000000000000000e+00
1.7197635216881894e-03 7.8129644456806941e-03 0.0000000000000000e+00
1.9307031303976425e-03 7.7635291860256922e-03 0.0000000000000000e+00
2.1402267082337653e-03 7.7083999401537841e-03 0.0000000000000000e+00
2.3481805848314745e-03 7.6476171413728941e-03 0.0000000000000000e+00
2.5544122410878375e-03 7.5812253694624203e-03 0.0000000000000000e+00
2.7587704210237612e-03 7.5092733179772048e-03 0.0000000000000000e+00
2.9611052427193133e-03 7.4318137585343324e-03 0.0000000000000000e+00
3.1612683082412403e-03 7.3489035021089746e-03 0.0000000000000000e+00
3.3591128124821146e-03 7.2606033573676581e-03 0.0000000000000000e+00
3.5544936508312276e-03 7.1669780860695049e-03 0.0000000000000000e+00
3.7472675255983204e-03 7.0680963555681854e-03 0.0000000000000000e+00
3.9372930511120587e-03 6.9640306884493769e-03 0.0000000000000000e+00
4.1244308574161746e-03 6.8548574093407130e-03 0.0000000000000000e+00
4.3085436924872357e-03 6.7406565889331924e-03 0.0000000000000000e+00
4.4894965228990608e-03 6.6215119852551232e-03 0.0000000000000000e+00
4.6671566328599541e-03 6.4975109822416870e-03 0.0000000000000000e+00
4.8413937215501220e-03 6.3687445256451489e-03 0.0000000000000000e+00
5.0120799986878954e-03 6.2353070563327317e-03 0.0000000000000000e+00
5.1790902782546232e-03 6.0972964410210898e-03 0.0000000000000000e+00
5.3423020703095682e-03 5.9548139004981593e-03 0.0000000000000000e+00
5.5015956708273899e-03 5.8079639353850430e-03 0.0000000000000000e+00
1.6593191671811449e-18 2.7098738482580081e-02 0.0000000000000000e+00
1.6438971677493112e-18 2.6846878118553959e-02 0.0000000000000000e+00
1.6223758138880794e-18 2.6495407737441370e-02 0.0000000000000000e+00
1.5937797479503142e-18 2.6028398540051970e-02 0.0000000000000000e+00
1.5639440444829799e-18 2.5541144525455969e-02 0.0000000000000000e+00
1.5341083410156455e-18 2.5053890510859971e-02 0.0000000000000000e+00
1.5042726375483109e-18 2.4566636496263970e-02 0.0000000000000000e+00
1.4744369340809771e-18 2.4079382481667980e-02 0.0000000000000000e+00
1.4446012306136425e-18 2.3592128467071979e-02 0.0000000000000000e+00
1.4147655271463083e-18 2.3104874452475981e-02 0.0000000000000000e+00
1.3849298236789737e-18 2.2617620437879980e-02 0.0000000000000000e+00
1.3550941202116399e-18 2.2130366423283990e-02 0.0000000000000000e+00
1.3252584167443053e-18 2.1643112408687989e-02 0.0000000000000000e+00
1.2954227132769711e-18 2.1155858394091991e-02 0.0000000000000000e+00
1.2655870098096366e-18 2.0668604379495990e-02 0.0000000000000000e+00
1.2357513063423020e-18 2.0181350364899989e-02 0.0000000000000000e+00
1.2059156028749682e-18 1.9694096350303999e-02 0.0000000000000000e+00
1.1760798994076332e-18 1.9206842335707991e-02 0.0000000000000000e+00
1.1462441959402994e-18 1.8719588321112000e-02 0.0000000000000000e+00
1.1164084924729648e-18 1.8232334306515999e-02 0.0000000000000000e+00
1.0865727890056302e-18 1.7745080291919998e-02 0.0000000000000000e+00
1.0567370855382960e-18 1.7257826277324001e-02 0.0000000000000000e+00
1.0269013820709615e-18 1.6770572262728000e-02 0.0000000000000000e+00
9.9706567860362766e-19 1.6283318248132009e-02 0.0000000000000000e+00
9.6722997513629308e-19 1.5796064233536009e-02 0.0000000000000000e+00
9.3739427166895869e-19 1.5308810218940009e-02 0.0000000000000000e+00
9.0755856820162489e-19 1.4821556204344020e-02 0.0000000000000000e+00
8.7772286473429050e-19 1.4334302189748020e-02 0.0000000000000000e+00
8.4788716126695602e-19 1.3847048175152020e-02 0.0000000000000000e+00
8.1805145779962144e-19 1.3359794160556019e-02 0.0000000000000000e+00
7.8821575433228705e-19 1.2872540145960020e-02 0.0000000000000000e+00
7.5838005086495324e-19 1.2385286131364030e-02 0.0000000000000000e+00
7.2854434739761876e-19 1.1898032116768030e-02 0.0000000000000000e+00
6.9870864393028370e-19 1.1410778102172021e-02 0.0000000000000000e+00
6.6887294046294921e-19 1.0923524087576020e-02 0.0000000000000000e+00
6.3903723699561483e-19 1.0436270072980021e-02 0.0000000000000000e+00
6.0920153352827996e-19 9.9490160583840144e-03 0.0000000000000000e+00
5.7936583006094528e-19 9.4617620437880100e-03 0.0000000000000000e+00
5.4953012659361070e-19 8.9745080291920090e-03 0.0000000000000000e+00
5.1969442312627584e-19 8.4872540145960011e-03 0.0000000000000000e+00
1.0404817174193492e-03 5.2308548288172302e-03 0.0000000000000000e+00
2.0409783059471454e-03 4.9273575067268639e-03 0.0000000000000000e+00
2.9630412427712146e-03 4.4345045989469074e-03 0.0000000000000000e+00
3.6739403974420602e-19 6.0000000000000010e-03 0.0000000000000000e+00
4.0821559971578449e-19 6.6666666666666680e-03 0.0000000000000000e+00
4.4903715968736297e-19 7.3333333333333349e-03 0.0000000000000000e+00
1.0350138286874111e-02 2.5238705086829249e-02 0.0000000000000000e+00
1.3580873422643512e-02 1.4281376536271489e-02 0.0000000000000000e+00
4.9479811145076058e-04 1.8234865606623459e-02 0.0000000000000000e+00
8.2974916191639395e-03 2.5983224109479171e-02 0.0000000000000000e+00
1.1856494487256579e-02 1.2556429781143330e-02 0.0000000000000000e+00
1.2068831841855551e-02 2.4451123386607151e-02 0.0000000000000000e+00
1.3565005559869291e-02 2.3649170772809740e-02 0.0000000000000000e+00
4.9523709778435531e-04 1.5799748959926328e-02 0.0000000000000000e+00
1.0133988455514970e-02 1.0834763564904331e-02 0.0000000000000000e+00
4.9494562820990998e-04 2.1644942835636539e-02 0.0000000000000000e+00
4.9527059391302804e-04 1.3361495433232749e-02 0.0000000000000000e+00
8.7578973787829899e-03 9.4586446500409781e-03 0.0000000000000000e+00
6.4249054329954414e-03 2.6502182115911928e-02 0.0000000000000000e+00
1.4960197378323131e-02 1.5660930232785811e-02 0.0000000000000000e+00
1.5199935600598312e-02 2.2642283904321849e-02 0.0000000000000000e+00
4.8054065109629897e-03 2.6848571996325291e-02 0.0000000000000000e+00
2.9089327005262042e-03 7.8213251546842746e-03 0.0000000000000000e+00
4.9454505785590202e-04 2.4084307126500362e-02 0.0000000000000000e+00
1.6569266530199491e-02 2.1649485262108890e-02 0.0000000000000000e+00
3.3689903790832189e-03 2.7080605993491189e-02 0.0000000000000000e+00
2.4285576342227867e-03 2.7168061702801720e-02 0.0000000000000000e+00
4.0771221135735593e-03 7.2700546983149802e-03 0.0000000000000000e+00
1.7027193084856309e-02 1.7726706176182699e-02 0.0000000000000000e+00
1.7513469772554260e-02 2.0899047187370252e-02 0.0000000000000000e+00
4.9498594818374038e-04 1.1413447434926010e-02 0.0000000000000000e+00
1.8049589516122514e-03 8.0819903464849317e-03 0.0000000000000000e+00
4.6241633539148715e-04 2.5994207544081629e-02 0.0000000000000000e+00
1.8032034433547350e-02 1.8735207597053001e-02 0.0000000000000000e+00
7.3753987750108689e-03 8.0791550759480267e-03 0.0000000000000000e+00
4.8064788464451721e-03 6.7894713059135237e-03 0.0000000000000000e+00
1.4405407085779118e-03 2.7246355528340861e-02 0.0000000000000000e+00
1.8077340211685129e-02 2.0431305115690180e-02 0.0000000000000000e+00
7.3032407125856846e-04 2.7272866003005849e-02 0.0000000000000000e+00
1.8775364977310100e-02 1.9784664826281419e-02 0.0000000000000000e+00
1.5993057591226351e-02 2.2101431792369900e-02 0.0000000000000000e+00
7.1396583780820961e-03 2.6321560371757639e-02 0.0000000000000000e+00
1.4189628511750402e-02 2.3294051247800911e-02 0.0000000000000000e+00
4.9455774928237569e-04 2.0177885273526340e-02 0.0000000000000000e+00
4.9381627105047287e-04 9.9533516631093305e-03 0.0000000000000000e+00
1.0180248879642405e-03 8.1556725691788699e-03 0.0000000000000000e+00
6.6714137858004665e-03 7.3797767613819846e-03 0.0000000000000000e+00
2.7489741478137810e-04 2.7059091943876921e-02 0.0000000000000000e+00
1.8791511130162478e-02 1.9235709986022340e-02 0.0000000000000000e+00
1.0773905075087702e-02 2.5063422800216228e-02 0.0000000000000000e+00
1.1208023884633302e-02 2.4867771953806409e-02 0.0000000000000000e+00
1.6960860045098738e-02 2.1355980852957389e-02 0.0000000000000000e+00
3.8481298359941637e-03 2.7011768761497360e-02 0.0000000000000000e+00
1.3146875579549753e-02 2.3888383411938999e-02 0.0000000000000000e+00
9.8923767069208513e-03 2.5407717702042740e-02 0.0000000000000000e+00
9.2117202255121364e-03 2.5673013857264951e-02 0.0000000000000000e+00
5.3773013932428022e-03 6.3497604471377499e-03 0.0000000000000000e+00
1.6338035878769870e-02 1.7038567906436201e-02 0.0000000000000000e+00
1.2890950818882340e-02 1.3590916475097740e-02 0.0000000000000000e+00
4.9501827567314475e-04 1.4824329581608181e-02 0.0000000000000000e+00
4.9883566976085625e-04 8.9188018807423389e-03 0.0000000000000000e+00
7.3198291331606649e-04 8.2181667845290397e-03 0.0000000000000000e+00
1.8949108449302060e-02 1.9582975413522389e-02 0.0000000000000000e+00
1.9162915081975259e-02 1.9461763962248749e-02 0.0000000000000000e+00
1.8431105912466019e-02 2.0117373983709160e-02 0.0000000000000000e+00
1.6731318743419188e-03 2.7232485498290888e-02 0.0000000000000000e+00
1.9074978194947878e-03 2.7210122048015390e-02 0.0000000000000000e+00
2.8973474347102736e-03 2.7134204120761510e-02 0.0000000000000000e+00
4.3325745433334161e-03 2.6934299649056199e-02 0.0000000000000000e+00
1.5589540541828092e-02 2.2369396542712680e-02 0.0000000000000000e+00
5.2739620164809747e-03 2.6765818042303768e-02 0.0000000000000000e+00
1.4606110442741772e-02 2.3024114613571411e-02 0.0000000000000000e+00
7.6002631196682123e-03 2.6184435174878791e-02 0.0000000000000000e+00
1.2724450855620061e-02 2.4125450725662221e-02 0.0000000000000000e+00
8.5176795230513993e-03 2.5905266389700771e-02 0.0000000000000000e+00
8.9874240766937945e-03 2.5743647554091861e-02 0.0000000000000000e+00
1.1426237463663232e-02 2.4767926064809501e-02 0.0000000000000000e+00
2.1944254461072413e-03 8.0516019194519870e-03 0.0000000000000000e+00
1.2054345861486767e-03 2.7255862903258370e-02 0.0000000000000000e+00
1.7891913743894951e-02 2.0584787141408361e-02 0.0000000000000000e+00
1.7328922668528129e-02 2.1056675328940601e-02 0.0000000000000000e+00
1.6184220319231900e-02 2.1958641350729519e-02 0.0000000000000000e+00
5.5024927607923860e-03 2.6719101502389059e-02 0.0000000000000000e+00
5.7299863669777662e-03 2.6664429849606770e-02 0.0000000000000000e+00
1.5008910260099411e-02 2.2771380718184069e-02 0.0000000000000000e+00
6.2012199995591846e-03 2.6556673100025172e-02 0.0000000000000000e+00
1.3984654189270532e-02 2.3420147371599510e-02 0.0000000000000000e+00
6.6573191390401805e-03 2.6442251477292140e-02 0.0000000000000000e+00
7.8399710750947788e-03 2.6112960879709449e-02 0.0000000000000000e+00
1.2512666433564452e-02 2.4232979631576931e-02 0.0000000000000000e+00
1.1641520659043452e-02 2.4665310885044860e-02 0.0000000000000000e+00
9.4346155894045793e-03 2.5592465262368719e-02 0.0000000000000000e+00
3.3677991895959033e-04 2.6783429018271521e-02 0.0000000000000000e+00
8.0688486706998082e-03 8.7698242198120668e-03 0.0000000000000000e+00
4.9493264560451409e-04 1.0925137718162460e-02 0.0000000000000000e+00
4.9523544062018618e-04 1.2388952404208399e-02 0.0000000000000000e+00
4.9528700760424337e-04 1.6772251190671678e-02 0.0000000000000000e+00
6.3162018164584308e-03 7.0193911243591816e-03 0.0000000000000000e+00
1.4270945892040442e-02 1.4971619375254609e-02 0.0000000000000000e+00
4.9438673793815305e-04 1.9692292514461480e-02 0.0000000000000000e+00
1.5648982437811609e-02 1.6349670531602741e-02 0.0000000000000000e+00
1.2546009474188970e-02 1.3246034422959950e-02 0.0000000000000000e+00
1.1511224038383261e-02 1.2211489487797119e-02 0.0000000000000000e+00
9.4452561656905125e-03 1.0146014245210930e-02 0.0000000000000000e+00
1.0822030539626770e-02 1.1522731856140139e-02 0.0000000000000000e+00
4.9263035994937649e-04 2.5051020362642010e-02 0.0000000000000000e+00
4.9509155048076581e-04 1.7746703167348211e-02 0.0000000000000000e+00
4.9440054954066339e-04 2.3597540239359911e-02 0.0000000000000000e+00
4.9447184822581458e-04 2.3109950913057831e-02 0.0000000000000000e+00
4.9477102406786171e-04 2.2622127600555431e-02 0.0000000000000000e+00
4.9505617237276126e-04 2.1155213490348272e-02 0.0000000000000000e+00
4.9448935751144859e-04 1.9207607987674361e-02 0.0000000000000000e+00
4.9514885362942143e-04 1.4335972670202970e-02 0.0000000000000000e+00
1.7708697031084141e-02 1.8404490759500930e-02 0.0000000000000000e+00
2.4993429491927238e-04 2.7286511442897780e-02 0.0000000000000000e+00
5.9210389426453463e-03 6.6280019176649801e-03 0.0000000000000000e+00
5.6403639589018102e-03 6.1608816423491114e-03 0.0000000000000000e+00
4.2883163872309100e-03 7.0932398284962684e-03 0.0000000000000000e+00
1.4074226366477935e-03 8.1102485610896335e-03 0.0000000000000000e+00
9.1441865805968175e-03 2.5473573466279490e-02 0.0000000000000000e+00
1.2543711838801709e-02 1.3945569922433629e-02 0.0000000000000000e+00
1.1335678110915312e-02 2.4571770376378001e-02 0.0000000000000000e+00
9.9084177836709681e-04 1.8238393908777999e-02 0.0000000000000000e+00
6.5965819823730430e-03 2.6210996708225520e-02 0.0000000000000000e+00
1.3866208180820221e-02 2.3236293553838230e-02 0.0000000000000000e+00
9.9133607137081962e-04 1.4828748727506121e-02 0.0000000000000000e+00
9.9125902794643854e-04 2.1645194987199249e-02 0.0000000000000000e+00
1.5853652207487641e-02 2.1941183061257929e-02 0.0000000000000000e+00
9.9072286746672788e-04 2.4091033726215641e-02 0.0000000000000000e+00
9.9114054941248117e-04 1.1417135186086880e-02 0.0000000000000000e+00
1.2402366073117841e-02 2.4051458564058281e-02 0.0000000000000000e+00
1.7179865642321341e-02 2.0876215900862530e-02 0.0000000000000000e+00
7.5263551374311500e-03 2.5952461563441241e-02 0.0000000000000000e+00
5.6884116651645276e-03 2.6451932575496669e-02 0.0000000000000000e+00
1.7675854226177679e-02 1.9062734386574472e-02 0.0000000000000000e+00
1.8885701089199596e-03 2.7006464724756631e-02 0.0000000000000000e+00
4.5926743197115573e-03 7.3172611263028660e-03 0.0000000000000000e+00
1.8107631417700663e-03 8.5380530537359049e-03 0.0000000000000000e+00
1.7754555758638560e-02 2.0386325624516428e-02 0.0000000000000000e+00
1.1507332290409710e-02 1.2909192583266700e-02 0.0000000000000000e+00
1.4443211273365178e-03 2.7041587559070660e-02 0.0000000000000000e+00
6.3112864625495769e-03 7.7176571395208612e-03 0.0000000000000000e+00
4.9313034052971591e-04 2.7279925009886938e-02 0.0000000000000000e+00
1.8605042754149641e-02 1.9953197333402058e-02 0.0000000000000000e+00
9.6855586284688873e-04 2.7263701813386710e-02 0.0000000000000000e+00
1.7701029965838180e-02 2.0740132485470571e-02 0.0000000000000000e+00
2.1701133084431256e-03 2.7164289437143760e-02 0.0000000000000000e+00
1.7147033463249799e-02 2.1209495482652760e-02 0.0000000000000000e+00
3.1310412535896907e-03 2.7109794504779669e-02 0.0000000000000000e+00
1.6373105902572949e-02 2.1805626722327259e-02 0.0000000000000000e+00
4.0902210479972518e-03 2.6972693671714499e-02 0.0000000000000000e+00
1.5792760217324120e-02 2.2235176720861071e-02 0.0000000000000000e+00
5.0406546738756778e-03 2.6807276760763610e-02 0.0000000000000000e+00
5.9653670646605652e-03 2.6585899397658139e-02 0.0000000000000000e+00
1.4395217734014922e-02 2.3157890297341652e-02 0.0000000000000000e+00
1.3776293505559981e-02 2.3533700270276691e-02 0.0000000000000000e+00
7.3645044746498498e-03 2.6253561899159530e-02 0.0000000000000000e+00
1.2933316018417731e-02 2.4006557531394621e-02 0.0000000000000000e+00
1.2277593922773262e-02 2.4321062845525519e-02 0.0000000000000000e+00
8.7436920046304583e-03 2.5800860609204220e-02 0.0000000000000000e+00
9.6598623304423523e-03 2.5500835880218609e-02 0.0000000000000000e+00
1.8257119518896001e-02 2.0275875294590840e-02 0.0000000000000000e+00
1.5390900129987171e-02 2.2507606732614521e-02 0.0000000000000000e+00
1.4811719121716242e-02 2.2897104568208950e-02 0.0000000000000000e+00
6.8975622946939796e-03 2.6368438213151390e-02 0.0000000000000000e+00
8.0738349797043509e-03 2.6050313320550151e-02 0.0000000000000000e+00
1.1856040018317592e-02 2.4559371971976759e-02 0.0000000000000000e+00
1.0987843022009012e-02 2.4963827920588200e-02 0.0000000000000000e+00
1.0564908364088792e-02 2.5158568810816569e-02 0.0000000000000000e+00
2.6638987150812659e-03 2.7153450864584979e-02 0.0000000000000000e+00
1.6765913784950230e-02 2.1498622665671450e-02 0.0000000000000000e+00
3.6058719353558957e-03 2.7049314624015022e-02 0.0000000000000000e+00
4.5693581950682211e-03 2.6892454075434540e-02 0.0000000000000000e+00
1.3354935050311401e-02 2.3769055037980821e-02 0.0000000000000000e+00
1.0124754314663621e-02 2.5317829621399970e-02 0.0000000000000000e+00
1.8297611032479729e-02 1.9068587551910259e-02 0.0000000000000000e+00
6.3487236587839134e-03 2.6271379521033408e-02 0.0000000000000000e+00
5.2491769266039988e-03 2.6546899738858799e-02 0.0000000000000000e+00
5.6402768912429003e-03 6.9962279698965466e-03 0.0000000000000000e+00
9.9043732923233762e-04 2.3603320048021410e-02 0.0000000000000000e+00
9.9047549731233974e-04 2.3114418625875651e-02 0.0000000000000000e+00
7.7229321712229586e-03 8.4248951526435870e-03 0.0000000000000000e+00
4.9448663085043464e-04 9.4662106042273462e-03 0.0000000000000000e+00
4.9451362748324248e-04 1.0438632062880241e-02 0.0000000000000000e+00
1.6682744909927060e-02 1.7383166122253480e-02 0.0000000000000000e+00
4.9529167120251634e-04 1.1901839796716661e-02 0.0000000000000000e+00
8.4136781701026064e-03 9.1146474972644692e-03 0.0000000000000000e+00
1.4615680136495201e-02 1.5316573449445219e-02 0.0000000000000000e+00
1.2201009609966540e-02 1.2901240544111870e-02 0.0000000000000000e+00
1.3235801434292600e-02 1.3936319632724620e-02 0.0000000000000000e+00
7.0248938340391207e-03 7.7305810773005117e-03 0.0000000000000000e+00
9.1015526378295485e-03 9.8024808327000015e-03 0.0000000000000000e+00
4.9503939389255623e-04 2.0665995979860251e-02 0.0000000000000000e+00
1.0478012483120381e-02 1.1178963520164649e-02 0.0000000000000000e+00
9.7894600451335009e-03 1.0490402905410741e-02 0.0000000000000000e+00
4.9459071777655374e-04 2.4569220646496581e-02 0.0000000000000000e+00
4.9533767804317672e-04 1.7259328219790510e-02 0.0000000000000000e+00
4.9533161121960000e-04 1.3848587680734360e-02 0.0000000000000000e+00
4.9509045867517836e-04 2.2133694987252862e-02 0.0000000000000000e+00
1.3925995287213121e-02 1.4626774880125801e-02 0.0000000000000000e+00
4.9538850506438304e-04 1.6286474782727791e-02 0.0000000000000000e+00
1.5993438693695201e-02 1.6694234328763560e-02 0.0000000000000000e+00
1.1166161408695710e-02 1.1866854090351941e-02 0.0000000000000000e+00
4.9478743555591805e-04 1.8721998133291631e-02 0.0000000000000000e+00
4.9530790612204595e-04 1.5312715483067041e-02 0.0000000000000000e+00
4.9537933964495767e-04 1.2875702736191260e-02 0.0000000000000000e+00
1.7370000956048529e-02 1.8067720085117041e-02 0.0000000000000000e+00
1.5304475149198372e-02 1.6005381697701819e-02 0.0000000000000000e+00
4.8463684645688797e-04 2.5528568073562640e-02 0.0000000000000000e+00
1.8781489907572248e-02 1.9486931017390290e-02 0.0000000000000000e+00
4.1232485533919551e-04 2.6426892505072221e-02 0.0000000000000000e+00
5.1061042669119170e-04 2.7071690033852621e-02 0.0000000000000000e+00
4.0766159352207071e-04 8.2584077179737262e-03 0.0000000000000000e+00
5.1231517798444844e-03 6.5865217843952186e-03 0.0000000000000000e+00
2.5488037283127214e-03 7.9135220169429654e-03 0.0000000000000000e+00
1.9018073180368810e-02 1.9333614264852559e-02 0.0000000000000000e+00
4.5320166458559241e-03 6.8986895868611928e-03 0.0000000000000000e+00
5.4917044768753908e-03 6.6500895060246402e-03 0.0000000000000000e+00
1.2270775039530484e-03 8.5757598011687135e-03 0.0000000000000000e+00
9.7867272863295350e-03 1.1189960763904000e-02 0.0000000000000000e+00
6.2628601479586734e-03 2.6016871540620601e-02 0.0000000000000000e+00
1.5304001761655021e-02 1.6707100879514571e-02 0.0000000000000000e+00
8.4136261268662055e-03 9.8167799275901552e-03 0.0000000000000000e+00
1.4884879600058525e-03 2.4099663100523638e-02 0.0000000000000000e+00
1.6682619001318340e-02 1.8082177597774481e-02 0.0000000000000000e+00
3.0892328304497024e-03 8.2044078471544147e-03 0.0000000000000000e+00
1.8471690346809570e-02 1.9788959270417052e-02 0.0000000000000000e+00
9.9152938934906048e-04 1.3367571946294701e-02 0.0000000000000000e+00
9.9158009924628647e-04 1.6778190890195350e-02 0.0000000000000000e+00
9.8463192463858307e-04 9.9633351525943055e-03 0.0000000000000000e+00
8.6334567734724487e-03 2.5678719620062459e-02 0.0000000000000000e+00
1.1748697077790502e-02 2.4377625107866910e-02 0.0000000000000000e+00
9.4838051516793985e-04 2.5994421897416731e-02 0.0000000000000000e+00
4.2842440022306276e-03 7.6095395474630439e-03 0.0000000000000000e+00
1.7546307132707651e-02 2.0547302305168162e-02 0.0000000000000000e+00
1.2794916721665082e-02 2.3793734988078120e-02 0.0000000000000000e+00
1.3234964770669922e-02 2.3570384861915039e-02 0.0000000000000000e+00
1.4252930376937981e-02 2.2944693412480861e-02 0.0000000000000000e+00
1.4704253191057942e-02 2.2697025847626860e-02 0.0000000000000000e+00
1.6196135939568011e-02 2.1626126888511100e-02 0.0000000000000000e+00
1.6624441237177379e-02 2.1279139264914450e-02 0.0000000000000000e+00
9.5656639706834523e-03 2.5274169021384549e-02 0.0000000000000000e+00
1.0072005744220501e-02 2.5074495515204479e-02 0.0000000000000000e+00
1.0509034199870912e-02 2.5003491451732480e-02 0.0000000000000000e+00
8.0456281031776409e-03 2.5836048872660760e-02 0.0000000000000000e+00
7.7247243333600961e-03 9.1281683639718152e-03 0.0000000000000000e+00
1.4616069241177232e-02 1.6019234120703621e-02 0.0000000000000000e+00
1.3927381987734981e-02 1.5330411674568440e-02 0.0000000000000000e+00
9.9145007936993386e-04 1.4340567257877071e-02 0.0000000000000000e+00
9.9131815269457046e-04 1.7750884897883758e-02 0.0000000000000000e+00
1.1852371140417810e-02 1.3254316416877999e-02 0.0000000000000000e+00
9.9086301498836063e-04 2.2625122658007830e-02 0.0000000000000000e+00
1.7357912688063040e-02 1.8745466730696429e-02 0.0000000000000000e+00
1.0472422193097490e-02 1.1875579452017690e-02 0.0000000000000000e+00
1.1535173299334782e-02 2.4461181544098140e-02 0.0000000000000000e+00
8.9296627774358931e-03 2.5524504360889481e-02 0.0000000000000000e+00
1.2140381612191942e-02 2.4213979610203131e-02 0.0000000000000000e+00
1.3682128455889042e-02 2.3330089139822249e-02 0.0000000000000000e+00
1.5675428225483339e-02 2.2053369475374798e-02 0.0000000000000000e+00
1.5249086557839521e-02 2.2334364245666628e-02 0.0000000000000000e+00
7.2853821056252299e-03 2.6013641435157789e-02 0.0000000000000000e+00
1.7024056166856979e-02 2.1033390491680990e-02 0.0000000000000000e+00
2.2465834798435719e-03 2.7005920211541499e-02 0.0000000000000000e+00
2.6398037801424667e-03 2.6947366692587339e-02 0.0000000000000000e+00
3.0949125182345456e-03 2.6906748768626181e-02 0.0000000000000000e+00
3.5617594422521319e-03 2.6847185126723259e-02 0.0000000000000000e+00
4.0534498427040652e-03 2.6741287796396961e-02 0.0000000000000000e+00
4.5386869135241419e-03 2.6673057908107652e-02 0.0000000000000000e+00
5.0098962392058641e-03 2.6583221158833260e-02 0.0000000000000000e+00
1.8697929835766126e-03 9.0050472028517410e-03 0.0000000000000000e+00
1.7953064493682440e-02 1.9367988431537080e-02 0.0000000000000000e+00
1.7354369705698220e-02 2.0710658439145890e-02 0.0000000000000000e+00
1.0878985615930342e-02 2.4746935092993520e-02 0.0000000000000000e+00
1.6550205190600737e-03 2.7029578505170310e-02 0.0000000000000000e+00
1.4061349060309612e-02 2.3104465217981190e-02 0.0000000000000000e+00
1.2599830543918993e-02 2.3936221397456360e-02 0.0000000000000000e+00
1.6032256504749480e-02 2.1798981719991679e-02 0.0000000000000000e+00
9.3572723959577647e-03 2.5389276063523179e-02 0.0000000000000000e+00
7.7936126901204999e-03 2.5825854427515810e-02 0.0000000000000000e+00
1.8137586110892560e-02 2.0102378421146962e-02 0.0000000000000000e+00
1.1114912696762992e-02 2.4666995463660801e-02 0.0000000000000000e+00
1.8633379984986272e-02 1.9611435550277209e-02 0.0000000000000000e+00
9.7576142076963291e-04 2.7038008986574401e-02 0.0000000000000000e+00
6.5762614400808109e-04 2.6832402903398511e-02 0.0000000000000000e+00
1.2095564961310888e-03 2.7048504996216648e-02 0.0000000000000000e+00
6.9358481523331631e-03 2.6198284784081809e-02 0.0000000000000000e+00
5.9497558197033592e-03 7.3410117602265316e-03 0.0000000000000000e+00
9.9039372583641940e-04 1.0928687847743280e-02 0.0000000000000000e+00
9.9139774908015401e-04 2.1153986256100429e-02 0.0000000000000000e+00
9.0997366277177291e-03 1.0502884796772791e-02 0.0000000000000000e+00
7.0274051636254583e-03 8.4332682551050853e-03 0.0000000000000000e+00
1.5993809200056681e-02 1.7396426196570079e-02 0.0000000000000000e+00
1.3235889774606322e-02 1.4638587338893720e-02 0.0000000000000000e+00
1.4879086086921945e-03 2.3608590216306180e-02 0.0000000000000000e+00
9.9156996951016516e-04 1.5805882814175470e-02 0.0000000000000000e+00
9.9156568507644937e-04 1.2394975351499100e-02 0.0000000000000000e+00
1.1161402273891931e-02 1.2563794237155540e-02 0.0000000000000000e+00
9.9050403616250974e-04 2.0176695354662110e-02 0.0000000000000000e+00
5.1541824472976705e-03 7.1930161917592526e-03 0.0000000000000000e+00
9.8882014820710746e-04 2.5055011305740001e-02 0.0000000000000000e+00
9.9046556270575921e-04 1.8724861140869721e-02 0.0000000000000000e+00
1.2197663888560219e-02 1.3599652087116000e-02 0.0000000000000000e+00
9.9127953632688207e-04 2.2135158815921058e-02 0.0000000000000000e+00
6.6721644442704229e-03 8.0784492080883466e-03 0.0000000000000000e+00
1.2889575488171452e-02 1.4292100589751741e-02 0.0000000000000000e+00
9.9157509820340414e-04 1.1906527390814809e-02 0.0000000000000000e+00
9.9161341929612529e-04 1.5317809272629769e-02 0.0000000000000000e+00
9.9080097377574820e-04 2.4575643574392181e-02 0.0000000000000000e+00
1.7951324905742531e-02 2.0254751332577248e-02 0.0000000000000000e+00
5.4561474523455878e-03 2.6504555779267479e-02 0.0000000000000000e+00
1.8486041349100601e-02 1.9379710998885181e-02 0.0000000000000000e+00
2.2628332340562584e-03 8.4648937414702370e-03 0.0000000000000000e+00
9.9529026122327740e-04 9.0585524462884811e-03 0.0000000000000000e+00
6.0099320824886227e-03 2.6416551386013239e-02 0.0000000000000000e+00
6.1305738201092204e-03 2.6343771191222200e-02 0.0000000000000000e+00
7.0305750599183230e-04 8.5164109839293983e-03 0.0000000000000000e+00
5.8726148327605783e-03 2.6396035921133511e-02 0.0000000000000000e+00
2.1031995341332689e-03 2.6974754655616471e-02 0.0000000000000000e+00
6.8054761883025641e-03 2.6170744693339160e-02 0.0000000000000000e+00
1.2194129301850732e-02 1.4299710833519981e-02 0.0000000000000000e+00
1.4879303041638991e-03 1.8242888286282101e-02 0.0000000000000000e+00
1.4888801407622560e-03 1.5812292379116619e-02 0.0000000000000000e+00
1.4888638908374659e-03 1.2401111296097170e-02 0.0000000000000000e+00
1.4887961622494193e-03 2.1642144062854429e-02 0.0000000000000000e+00
1.5974684139195051e-02 2.1459150184706711e-02 0.0000000000000000e+00
1.9870591985780262e-03 2.4110491059852308e-02 0.0000000000000000e+00
7.5179060233881876e-03 2.5590993471471351e-02 0.0000000000000000e+00
6.6784883168330943e-03 8.7849428105602808e-03 0.0000000000000000e+00
1.7075380330529060e-02 2.0711707665933769e-02 0.0000000000000000e+00
1.4070270951008521e-02 2.2689528864430090e-02 0.0000000000000000e+00
1.2610303173759031e-02 2.3540401684844670e-02 0.0000000000000000e+00
1.7337169721520339e-02 1.9377076905137170e-02 0.0000000000000000e+00
9.4383082986920618e-03 2.5009188620541221e-02 0.0000000000000000e+00
1.0736590306147601e-02 2.4481184176885291e-02 0.0000000000000000e+00
1.7645705246545317e-03 2.6766253229516739e-02 0.0000000000000000e+00
1.3372936510073377e-03 2.6792289480960092e-02 0.0000000000000000e+00
1.7385232531413299e-02 2.0350939208064339e-02 0.0000000000000000e+00
1.7886204240926819e-02 1.9956198940411420e-02 0.0000000000000000e+00
2.3494423654996754e-03 8.9350189188328530e-03 0.0000000000000000e+00
8.4513099299200877e-03 2.5667663024414571e-02 0.0000000000000000e+00
1.5062906309262202e-02 2.2445958152435989e-02 0.0000000000000000e+00
1.4879648799115556e-03 1.1420010088467041e-02 0.0000000000000000e+00
1.4887087516787338e-03 1.4834492509552060e-02 0.0000000000000000e+00
6.8649788310878737e-03 2.5882846256050172e-02 0.0000000000000000e+00
9.9005088818720924e-04 1.9692710459237931e-02 0.0000000000000000e+00
5.5863597449393870e-03 7.6722983210659136e-03 0.0000000000000000e+00
4.7677393477945085e-03 2.6603588148665640e-02 0.0000000000000000e+00
9.1590951430091817e-03 2.5201480340543751e-02 0.0000000000000000e+00
3.4790542701016733e-03 7.5361594953111538e-03 0.0000000000000000e+00
1.1121704111176892e-02 2.4359825886053121e-02 0.0000000000000000e+00
2.8778504833970116e-03 2.6928773261335779e-02 0.0000000000000000e+00
3.8079819409178907e-03 2.6803245357690821e-02 0.0000000000000000e+00
1.4485307607352442e-02 2.2792403913236389e-02 0.0000000000000000e+00
1.0295820975455172e-02 2.5006026894630610e-02 0.0000000000000000e+00
1.3020648261184632e-02 2.3661071839413909e-02 0.0000000000000000e+00
1.6395702283529139e-02 2.1441000655125539e-02 0.0000000000000000e+00
9.8138542217147563e-03 2.5166531766575111e-02 0.0000000000000000e+00
1.8295719465259160e-02 1.9958308103046159e-02 0.0000000000000000e+00
2.4397053284612538e-03 2.6929374762436811e-02 0.0000000000000000e+00
4.2986323443091959e-03 2.6718278366269450e-02 0.0000000000000000e+00
1.5424784074542622e-02 2.2151135553396751e-02 0.0000000000000000e+00
3.3413192682734457e-03 2.6877033569966981e-02 0.0000000000000000e+00
4.8913727217874412e-03 7.7044323411641904e-03 0.0000000000000000e+00
1.4878315242236476e-03 2.3116884408741840e-02 0.0000000000000000e+00
1.6338548861723940e-02 1.7740342571214068e-02 0.0000000000000000e+00
9.4432724710528746e-03 1.0846609306991500e-02 0.0000000000000000e+00
9.9168177138477236e-04 1.2881971242610179e-02 0.0000000000000000e+00
1.3581880085311311e-02 1.4984945443711890e-02 0.0000000000000000e+00
1.0816062551463610e-02 1.2219065560000070e-02 0.0000000000000000e+00
9.9170801862276587e-04 1.6292726865948879e-02 0.0000000000000000e+00
7.3771214837089205e-03 8.7814503075276905e-03 0.0000000000000000e+00
9.8114154892817141e-04 2.5530430371344628e-02 0.0000000000000000e+00
8.2359382824377068e-03 2.5782191009543470e-02 0.0000000000000000e+00
5.9571289443892516e-03 8.0551668124446921e-03 0.0000000000000000e+00
9.8808909063760847e-04 1.0443757526601210e-02 0.0000000000000000e+00
9.9122775818421887e-04 2.0664404991810610e-02 0.0000000000000000e+00
1.4895365855683662e-02 2.2581676032421560e-02 0.0000000000000000e+00
8.0697791917865701e-03 9.4731412077812098e-03 0.0000000000000000e+00
9.8125841835581119e-04 9.4923467645772492e-03 0.0000000000000000e+00
1.4959865276520672e-02 1.6363193375438879e-02 0.0000000000000000e+00
1.4272045979913352e-02 1.5675327389108450e-02 0.0000000000000000e+00
9.9158655148117239e-04 1.3854090051393131e-02 0.0000000000000000e+00
9.9160617819792356e-04 1.7264564701123059e-02 0.0000000000000000e+00
1.1847010195483241e-02 1.3952474430374151e-02 0.0000000000000000e+00
1.1155105884484500e-02 1.3260726547693041e-02 0.0000000000000000e+00
1.4881939504095833e-03 2.2625125382910651e-02 0.0000000000000000e+00
1.2889675270118682e-02 1.4996145438237440e-02 0.0000000000000000e+00
1.7023178405506000e-02 1.8417259112935139e-02 0.0000000000000000e+00
8.7568157910984049e-03 1.0160121940463731e-02 0.0000000000000000e+00
1.0129420001404680e-02 1.1532842699259671e-02 0.0000000000000000e+00
1.5648646976850280e-02 1.7051738008663900e-02 0.0000000000000000e+00
7.0707778918512147e-03 2.6106688429557909e-02 0.0000000000000000e+00
1.1960340792067812e-02 2.4224452213084249e-02 0.0000000000000000e+00
1.3430934695385912e-02 2.3397617643730120e-02 0.0000000000000000e+00
1.6835602178189951e-02 2.1164405340718631e-02 0.0000000000000000e+00
1.0673966482157233e-02 2.4850837046594850e-02 0.0000000000000000e+00
1.4888594112056745e-03 2.4588220401387060e-02 0.0000000000000000e+00
5.5153976375390363e-03 2.6190359895412619e-02 0.0000000000000000e+00
5.9391820685574777e-03 2.6116806510544151e-02 0.0000000000000000e+00
9.9015170123423137e-04 1.9209431259509979e-02 0.0000000000000000e+00
9.9657314566893151e-04 2.6796978087499208e-02 0.0000000000000000e+00
7.4425403546061152e-04 2.7068736146987672e-02 0.0000000000000000e+00
2.6832905427726004e-03 8.3561050921585975e-03 0.0000000000000000e+00
7.9878439996033546e-03 2.5583369993521361e-02 0.0000000000000000e+00
2.2286747639613867e-03 2.6731855927792168e-02 0.0000000000000000e+00
3.1733204660234016e-03 7.6311763058135341e-03 0.0000000000000000e+00
3.7626412516018766e-03 7.3973560668738718e-03 0.0000000000000000e+00
1.4385179939157716e-03 9.0743399629570082e-03 0.0000000000000000e+00
8.8056606535206236e-04 2.6467355186642831e-02 0.0000000000000000e+00
8.7354341920034915e-03 2.5590116938899180e-02 0.0000000000000000e+00
6.5421940040638980e-03 2.5945772472415540e-02 0.0000000000000000e+00
1.5739570006282670e-02 2.1681956865079909e-02 0.0000000000000000e+00
1.3793421742645112e-02 2.2936958112596492e-02 0.0000000000000000e+00
1.7583302065632331e-02 2.0160863024308261e-02 0.0000000000000000e+00
1.2229065452294692e-02 2.4123044071820150e-02 0.0000000000000000e+00
1.2312937176776121e-02 2.3772939274660770e-02 0.0000000000000000e+00
1.8207899653775131e-02 1.9668364132201240e-02 0.0000000000000000e+00
1.1494471026270372e-02 1.4304534260605821e-02 0.0000000000000000e+00
9.2781325690685125e-03 2.4663760318107901e-02 0.0000000000000000e+00
1.2402761205384562e-02 2.3210433568804520e-02 0.0000000000000000e+00
9.4384423699141132e-03 1.1545346205858989e-02 0.0000000000000000e+00
1.4272644832595991e-02 1.6379533381710200e-02 0.0000000000000000e+00
2.8211321958764002e-03 8.8231920956182812e-03 0.0000000000000000e+00
5.4263887284470135e-03 2.5742799132801721e-02 0.0000000000000000e+00
1.5648978819172130e-02 1.7754682453405599e-02 0.0000000000000000e+00
1.5771494646046640e-02 2.1200107044913069e-02 0.0000000000000000e+00
1.9877864085752813e-03 2.4608819654611119e-02 0.0000000000000000e+00
7.8309291191249793e-03 2.5230145303075699e-02 0.0000000000000000e+00
4.5557447914257110e-03 7.9822584604443518e-03 0.0000000000000000e+00
1.0563471527296461e-02 2.4147338443105380e-02 0.0000000000000000e+00
1.4673028938679722e-02 2.2408561302359731e-02 0.0000000000000000e+00
6.7264322736784133e-03 2.5434727030331811e-02 0.0000000000000000e+00
2.1346671596796426e-03 2.6324732352525779e-02 0.0000000000000000e+00
1.9280996880703526e-03 9.4774930523499005e-03 0.0000000000000000e+00
7.3803153921820760e-03 9.4868435052909462e-03 0.0000000000000000e+00
8.0704707713650358e-03 1.0177219829745910e-02 0.0000000000000000e+00
1.6337536717552750e-02 1.8434610110965310e-02 0.0000000000000000e+00
1.0119961484275391e-02 1.2226993657853021e-02 0.0000000000000000e+00
1.4866697832372191e-03 1.9212362441220009e-02 0.0000000000000000e+00
1.4874285202389603e-03 2.0177235839452471e-02 0.0000000000000000e+00
1.4886269363030829e-03 1.3376409624667270e-02 0.0000000000000000e+00
1.4886895651430431e-03 1.6786736911209209e-02 0.0000000000000000e+00
1.3850526013644072e-02 2.2378107576167899e-02 0.0000000000000000e+00
1.1693001209427971e-02 2.4165715636517052e-02 0.0000000000000000e+00
1.0011771876160442e-02 2.4810241563875610e-02 0.0000000000000000e+00
3.9399727915995298e-03 7.8134063638092104e-03 0.0000000000000000e+00
1.4996853424052055e-03 2.6037781999280200e-02 0.0000000000000000e+00
1.5138487481670251e-02 2.2104033740529331e-02 0.0000000000000000e+00
2.7002539176367375e-03 2.6666667047503131e-02 0.0000000000000000e+00
3.1604014493438917e-03 2.6616184735708440e-02 0.0000000000000000e+00
3.6080419267349386e-03 2.6556958422148499e-02 0.0000000000000000e+00
3.9821926830018442e-03 2.6461863773838679e-02 0.0000000000000000e+00
4.3506674171509161e-03 2.6421956084156858e-02 0.0000000000000000e+00
1.0370922657171282e-02 2.4695149976598631e-02 0.0000000000000000e+00
8.7558060948095210e-03 1.0862568022942351e-02 0.0000000000000000e+00
1.4855585488180206e-03 1.0930802946069171e-02 0.0000000000000000e+00
1.4887993609718933e-03 2.1150980523150720e-02 0.0000000000000000e+00
1.4883828242899550e-03 1.7757244937190511e-02 0.0000000000000000e+00
1.4886272408584070e-03 1.4347628379285301e-02 0.0000000000000000e+00
1.9861863724847935e-03 2.3613482207324000e-02 0.0000000000000000e+00
1.1500687427860290e-02 1.3606333288596770e-02 0.0000000000000000e+00
1.4886523951913712e-03 2.2133288432546729e-02 0.0000000000000000e+00
6.3197574681649986e-03 8.4239612390000287e-03 0.0000000000000000e+00
1.2541553841653872e-02 1.4647768317040981e-02 0.0000000000000000e+00
1.4959201469959021e-02 1.7066054291120309e-02 0.0000000000000000e+00
1.4887611000909617e-03 1.1910523970839859e-02 0.0000000000000000e+00
1.4889490016328948e-03 1.5323106518879000e-02 0.0000000000000000e+00
1.0808903811615421e-02 1.2915046866731270e-02 0.0000000000000000e+00
1.3583769353898122e-02 1.5690561328046079e-02 0.0000000000000000e+00
1.9863089914366992e-03 2.2623115031584790e-02 0.0000000000000000e+00
7.0306747547095733e-03 9.1373342871704198e-03 0.0000000000000000e+00
1.3237001065016291e-02 1.5343792617335280e-02 0.0000000000000000e+00
1.7015076849566400e-02 1.9077620504237641e-02 0.0000000000000000e+00
1.4706284711483825e-03 9.9670344374600608e-03 0.0000000000000000e+00
1.4873724825912790e-03 1.8728234153942720e-02 0.0000000000000000e+00
7.1814531100618008e-03 2.5733428739109231e-02 0.0000000000000000e+00
1.4851719700105116e-03 2.5068249037301649e-02 0.0000000000000000e+00
5.2349842715229923e-03 8.0248155545217977e-03 0.0000000000000000e+00
1.4888437925276059e-03 1.2889455732123981e-02 0.0000000000000000e+00
1.4888751366835811e-03 1.6300095956282550e-02 0.0000000000000000e+00
1.6473273520558478e-02 2.1016277363877619e-02 0.0000000000000000e+00
1.3158814170430891e-02 2.3301727360066870e-02 0.0000000000000000e+00
1.5481745503322432e-02 2.1877531207701719e-02 0.0000000000000000e+00
1.6787290975615730e-02 2.0864502852822441e-02 0.0000000000000000e+00
1.3519818163823522e-02 2.3113124945071891e-02 0.0000000000000000e+00
1.2030160154813343e-02 2.3973611397101160e-02 0.0000000000000000e+00
1.7628563238897259e-02 1.9656967716644779e-02 0.0000000000000000e+00
1.3295966994753706e-03 2.6450540755796101e-02 0.0000000000000000e+00
1.7130801969134909e-02 2.0173149627506340e-02 0.0000000000000000e+00
1.4545442797177287e-03 9.5015949993027052e-03 0.0000000000000000e+00
9.7222425669309161e-03 2.4912332960695571e-02 0.0000000000000000e+00
8.2290390101523812e-03 2.5531326397274571e-02 0.0000000000000000e+00
1.1437969583815122e-02 2.4225750226334761e-02 0.0000000000000000e+00
8.8492368043604341e-03 2.5299949317958360e-02 0.0000000000000000e+00
3.4980302480020903e-03 7.9624144953424451e-03 0.0000000000000000e+00
1.6150001010604868e-02 2.1188576876629370e-02 0.0000000000000000e+00
1.2891579444960671e-02 2.3382945926338959e-02 0.0000000000000000e+00
1.4355897233008503e-02 2.2505235518485638e-02 0.0000000000000000e+00
8.6173770502668608e-03 2.5419600803730621e-02 0.0000000000000000e+00
1.7130260042887601e-02 2.0504278595266389e-02 0.0000000000000000e+00
1.9863330489612459e-03 1.6791585724913329e-02 0.0000000000000000e+00
1.9865670638035747e-03 1.4838410622558930e-02 0.0000000000000000e+00
1.9868297925409789e-03 1.2404437256165050e-02 0.0000000000000000e+00
1.3238853771509912e-02 1.6050293061289161e-02 0.0000000000000000e+00
7.0357069781737383e-03 9.8445306343987946e-03 0.0000000000000000e+00
2.4854575042139193e-03 2.4122926075960741e-02 0.0000000000000000e+00
4.8742050930214989e-03 8.3671377517529483e-03 0.0000000000000000e+00
3.8960470612671586e-03 2.6145062986436190e-02 0.0000000000000000e+00
1.9855251802785505e-03 1.8245741759777310e-02 0.0000000000000000e+00
1.9802376770047475e-03 2.5101449596826229e-02 0.0000000000000000e+00
1.6587235124843881e-02 2.0430726288866441e-02 0.0000000000000000e+00
6.3269313379935212e-03 9.1377607609574966e-03 0.0000000000000000e+00
5.5984663104994030e-03 8.4019260240963331e-03 0.0000000000000000e+00
1.9846770709490099e-03 1.1419572570695700e-02 0.0000000000000000e+00
1.2541395410033641e-02 1.5352714099736381e-02 0.0000000000000000e+00
1.9870104527681233e-03 2.1636577598621479e-02 0.0000000000000000e+00
9.7374362990517837e-03 2.4523302488757299e-02 0.0000000000000000e+00
1.9572679379937794e-03 9.9547945256413337e-03 0.0000000000000000e+00
5.8514202829885922e-03 2.5665099553662730e-02 0.0000000000000000e+00
3.5194245970385637e-03 2.6148456035314929e-02 0.0000000000000000e+00
2.5976538866987506e-03 2.6236065236686940e-02 0.0000000000000000e+00
1.6113404131358599e-02 2.0728392013928110e-02 0.0000000000000000e+00
5.0858142070199907e-03 2.6265914092371660e-02 0.0000000000000000e+00
7.1573493486296247e-03 2.5261325972041788e-02 0.0000000000000000e+00
1.5100389373917921e-02 2.1718521644868490e-02 0.0000000000000000e+00
1.4185072249665353e-02 2.2152025373839299e-02 0.0000000000000000e+00
1.0165130040118492e-02 2.4305685837450460e-02 0.0000000000000000e+00
8.3475133646546892e-03 2.5140844649574289e-02 0.0000000000000000e+00
2.4233051437347595e-03 9.4331784675770972e-03 0.0000000000000000e+00
3.2784201140907986e-03 8.6608073756641243e-03 0.0000000000000000e+00
4.1702460210855238e-03 8.2435413877757786e-03 0.0000000000000000e+00
1.0463358568570089e-02 1.2570139878890061e-02 0.0000000000000000e+00
9.0975814817371506e-03 1.1204448062872800e-02 0.0000000000000000e+00
1.4813826020795065e-03 2.5537682237794020e-02 0.0000000000000000e+00
1.4798204276828078e-03 1.0445139635649990e-02 0.0000000000000000e+00
1.4883434982493403e-03 2.0662537532320831e-02 0.0000000000000000e+00
1.4886528445470018e-03 1.3862017572662691e-02 0.0000000000000000e+00
1.4886551896649801e-03 1.7271772861944590e-02 0.0000000000000000e+00
1.1842645130985291e-02 1.4653120233013080e-02 0.0000000000000000e+00
1.9860709168480085e-03 2.3117712480211831e-02 0.0000000000000000e+00
1.6678930789325579e-02 1.8761113804689731e-02 0.0000000000000000e+00
1.5303817115646162e-02 1.7410412417196260e-02 0.0000000000000000e+00
1.9869231187064369e-03 1.5815703443308401e-02 0.0000000000000000e+00
1.4868080695668194e-03 1.9694766393939529e-02 0.0000000000000000e+00
1.2741312467948532e-02 2.3068528142882610e-02 0.0000000000000000e+00
7.7261892058807739e-03 9.8328206772725323e-03 0.0000000000000000e+00
1.4615994912401602e-02 1.6722981944626729e-02 0.0000000000000000e+00
1.3928685170677722e-02 1.6035649974023809e-02 0.0000000000000000e+00
1.1147584559766581e-02 1.3957802006392080e-02 0.0000000000000000e+00
1.9868217863086603e-03 2.2129387786751858e-02 0.0000000000000000e+00
1.5993736391145149e-02 1.8096603762927120e-02 0.0000000000000000e+00
8.4136108310028657e-03 1.0520468313360950e-02 0.0000000000000000e+00
9.7785617377985669e-03 1.1885675812604570e-02 0.0000000000000000e+00
1.0454956592204620e-02 1.3265839370428261e-02 0.0000000000000000e+00
1.9840708999436475e-03 1.9213163842029299e-02 0.0000000000000000e+00
1.9863381395668657e-03 1.3381702395234941e-02 0.0000000000000000e+00
1.7034797977996070e-02 1.9680342686204139e-02 0.0000000000000000e+00
1.7316083598113475e-03 2.6420300847833832e-02 0.0000000000000000e+00
1.0964724836673831e-02 2.3982789060463229e-02 0.0000000000000000e+00
1.2029605079838543e-02 2.3430188415084829e-02 0.0000000000000000e+00
1.3575864764342652e-02 2.2624906900904580e-02 0.0000000000000000e+00
1.5453312809647991e-02 2.1390462381530771e-02 0.0000000000000000e+00
8.8522516348811722e-03 2.4911316959260622e-02 0.0000000000000000e+00
4.6986463148942755e-03 2.6300696635997909e-02 0.0000000000000000e+00
1.7344342960792510e-02 1.9922599310324501e-02 0.0000000000000000e+00
1.1536142576827151e-02 2.3780797765036429e-02 0.0000000000000000e+00
1.4928688450178182e-02 2.2224560315044880e-02 0.0000000000000000e+00
1.1141185074207721e-02 1.4656673234053140e-02 0.0000000000000000e+00
1.1048036433321742e-02 2.3403620165650681e-02 0.0000000000000000e+00
9.0888360144360247e-03 1.1899811872843960e-02 0.0000000000000000e+00
2.4856357549021373e-03 2.1630742471291261e-02 0.0000000000000000e+00
1.4616514680991092e-02 1.7427565770370381e-02 0.0000000000000000e+00
5.3324749665867553e-03 2.5277500052402629e-02 0.0000000000000000e+00
4.4731181408361872e-03 8.6884674057760448e-03 0.0000000000000000e+00
3.4795325225433055e-03 2.5707049477038991e-02 0.0000000000000000e+00
3.0124249386835394e-03 9.3856716415660867e-03 0.0000000000000000e+00
1.5997242901290908e-02 1.8785342541023421e-02 0.0000000000000000e+00
8.2037518109807240e-03 2.4608674561931790e-02 0.0000000000000000e+00
9.9774944908497271e-03 2.3890533730605679e-02 0.0000000000000000e+00
1.5916665092895341e-02 2.0377368713935060e-02 0.0000000000000000e+00
1.4772324069669152e-02 2.1267694475669299e-02 0.0000000000000000e+00
2.4848924769613561e-03 2.2620129112223060e-02 0.0000000000000000e+00
1.9847518216762903e-03 2.0174937144487010e-02 0.0000000000000000e+00
1.6695332068459148e-02 1.9405802323335660e-02 0.0000000000000000e+00
8.4132953860209473e-03 1.1224211424396570e-02 0.0000000000000000e+00
1.9862919134798428e-03 1.4352158313804290e-02 0.0000000000000000e+00
1.9858824647303285e-03 1.7761044917437831e-02 0.0000000000000000e+00
1.9803350567044260e-03 1.0927838878679250e-02 0.0000000000000000e+00
1.9940873480904686e-03 2.5949516589459772e-02 0.0000000000000000e+00
6.5815571852935384e-03 2.4982783017206630e-02 0.0000000000000000e+00
7.4681332477193503e-03 2.4925536691966468e-02 0.0000000000000000e+00
5.2253791979046732e-03 8.7593821947959047e-03 0.0000000000000000e+00
2.4568262331121065e-03 9.9360848772074867e-03 0.0000000000000000e+00
5.9625388075064531e-03 8.7753088489282757e-03 0.0000000000000000e+00
1.5620505416998052e-02 2.0839913822963969e-02 0.0000000000000000e+00
2.4841520363633822e-03 2.3617277368601301e-02 0.0000000000000000e+00
2.4821951542394259e-03 2.5150748695747429e-02 0.0000000000000000e+00
2.4860185764741293e-03 2.4634668428494121e-02 0.0000000000000000e+00
1.2191683575505461e-02 1.5002708806989510e-02 0.0000000000000000e+00
1.9867797927579194e-03 2.1145643304113271e-02 0.0000000000000000e+00
1.5305491573964882e-02 1.8113750952005851e-02 0.0000000000000000e+00
7.7286291376166358e-03 1.0539399153731741e-02 0.0000000000000000e+00
1.9869223741487470e-03 1.5326036666119411e-02 0.0000000000000000e+00
1.9863060466953500e-03 1.1912007477976090e-02 0.0000000000000000e+00
6.6838798927283585e-03 9.4926130560862056e-03 0.0000000000000000e+00
1.2890318916210942e-02 1.5701843105729411e-02 0.0000000000000000e+00
1.9849091550601114e-03 1.8729476259721441e-02 0.0000000000000000e+00
1.9866743219498369e-03 1.2893420370836029e-02 0.0000000000000000e+00
1.9866952889541637e-03 1.6303688414104629e-02 0.0000000000000000e+00
9.7652917445752198e-03 1.2576942054270950e-02 0.0000000000000000e+00
1.0109005548799900e-02 1.2920500556698061e-02 0.0000000000000000e+00
1.3930004170926122e-02 1.6741302016839321e-02 0.0000000000000000e+00
1.0801352629006200e-02 1.3611859191258459e-02 0.0000000000000000e+00
7.3832180155546309e-03 1.0193162672741700e-02 0.0000000000000000e+00
1.3585005103080382e-02 1.6396449038669679e-02 0.0000000000000000e+00
1.9862665748834828e-03 1.3866430763727769e-02 0.0000000000000000e+00
1.9861450926198388e-03 1.7275918266471429e-02 0.0000000000000000e+00
1.9840588805409352e-03 1.9693617649843041e-02 0.0000000000000000e+00
3.0703607034757658e-03 2.6175441263924390e-02 0.0000000000000000e+00
1.3582367378784262e-02 2.2033114092101722e-02 0.0000000000000000e+00
1.2184219243322502e-02 2.2811526478664291e-02 0.0000000000000000e+00
9.0849400633792061e-03 2.4245495737873470e-02 0.0000000000000000e+00
1.9721232558896594e-03 1.0439089259047910e-02 0.0000000000000000e+00
6.3083574820916076e-03 2.5613053469567361e-02 0.0000000000000000e+00
3.7335127041352965e-03 8.4678859510519053e-03 0.0000000000000000e+00
4.9917432198834273e-03 2.5819127036372451e-02 0.0000000000000000e+00
1.1410235219894272e-02 2.3196350776567360e-02 0.0000000000000000e+00
1.9390489148332906e-03 2.5534807981679730e-02 0.0000000000000000e+00
1.4619399983359972e-02 2.1973010087507190e-02 0.0000000000000000e+00
4.2390108375916355e-03 2.6062925563814131e-02 0.0000000000000000e+00
1.0388156616485632e-02 2.3791871048665741e-02 0.0000000000000000e+00
1.3171961980641682e-02 2.2863518081835659e-02 0.0000000000000000e+00
1.6794300443408211e-02 2.0002782429145011e-02 0.0000000000000000e+00
2.4842716218080770e-03 1.6787660298290791e-02 0.0000000000000000e+00
9.4101396015355415e-03 1.2926759157006550e-02 0.0000000000000000e+00
2.4819954246036863e-03 1.9209022970981010e-02 0.0000000000000000e+00
2.4847409557803460e-03 1.4836550732667790e-02 0.0000000000000000e+00
1.2891550360485123e-02 1.6408267415946209e-02 0.0000000000000000e+00
7.3882741660130855e-03 1.0903134332643919e-02 0.0000000000000000e+00
2.4847142185798797e-03 1.2402546852845680e-02 0.0000000000000000e+00
2.9563508588891746e-03 9.9367887182122000e-03 0.0000000000000000e+00
2.9830272714682334e-03 2.4129182218815610e-02 0.0000000000000000e+00
4.8293163856199467e-03 9.1159417874163359e-03 0.0000000000000000e+00
3.9823411068168873e-03 9.0329242786235091e-03 0.0000000000000000e+00
1.5443612154214281e-02 2.0306969528052232e-02 0.0000000000000000e+00
2.4811816481150818e-03 1.1416732724968169e-02 0.0000000000000000e+00
5.9813539519553002e-03 9.5027217456732944e-03 0.0000000000000000e+00
1.2191252000198202e-02 1.5708027158591459e-02 0.0000000000000000e+00
1.0795840573762502e-02 2.3029251448756591e-02 0.0000000000000000e+00
2.4843526999773820e-03 1.3378751666850120e-02 0.0000000000000000e+00
2.4851041054230862e-03 2.1139071060314620e-02 0.0000000000000000e+00
1.3948136286884181e-02 2.1764372553348680e-02 0.0000000000000000e+00
5.7638256099619995e-03 2.5196559764998110e-02 0.0000000000000000e+00
3.0067800927602527e-03 2.5698435175122821e-02 0.0000000000000000e+00
3.4391597801022504e-03 9.0949402869326835e-03 0.0000000000000000e+00
4.8879503001615782e-03 2.5354785530917141e-02 0.0000000000000000e+00
1.6408126410021991e-02 1.9750209115131648e-02 0.0000000000000000e+00
2.4682250635703206e-03 1.0430467249530780e-02 0.0000000000000000e+00
5.5996333494256669e-03 9.1450963755564715e-03 0.0000000000000000e+00
1.0358486057803151e-02 2.3305488512031541e-02 0.0000000000000000e+00
1.5191844438877321e-02 2.1021564379439670e-02 0.0000000000000000e+00
2.9879468222021757e-03 2.5186262652968298e-02 0.0000000000000000e+00
1.9859201466447072e-03 2.0658214881185851e-02 0.0000000000000000e+00
1.1490265190535053e-02 1.5006181911812150e-02 0.0000000000000000e+00
2.4841501043423972e-03 2.3116965864797591e-02 0.0000000000000000e+00
1.0100661974362390e-02 1.3616941883302810e-02 0.0000000000000000e+00
1.0793979531681512e-02 1.4309553364491041e-02 0.0000000000000000e+00
1.5651537430349281e-02 1.8452943373658381e-02 0.0000000000000000e+00
8.0718828654930391e-03 1.0882839562987939e-02 0.0000000000000000e+00
1.4960898533684151e-02 1.7771056867405221e-02 0.0000000000000000e+00
2.4854976443366983e-03 2.2125053778369361e-02 0.0000000000000000e+00
2.4852557700083657e-03 1.5812827032725300e-02 0.0000000000000000e+00
6.6948459255976762e-03 1.0204951444812040e-02 0.0000000000000000e+00
2.4835123915043305e-03 1.8243753733452720e-02 0.0000000000000000e+00
9.5243555946129526e-03 2.4052545064571180e-02 0.0000000000000000e+00
1.4273534627849842e-02 1.7084788307528149e-02 0.0000000000000000e+00
8.7519656739244410e-03 1.1562843706466951e-02 0.0000000000000000e+00
1.6348416592838380e-02 1.9103505044210829e-02 0.0000000000000000e+00
9.4258349407357785e-03 1.2237178186032130e-02 0.0000000000000000e+00
2.4470333222573939e-03 2.5711267369967390e-02 0.0000000000000000e+00
6.9233570437208306e-03 2.4783754154463600e-02 0.0000000000000000e+00
1.0764589823696552e-02 2.3631502284251291e-02 0.0000000000000000e+00
1.3585992713187221e-02 1.7102054456221351e-02 0.0000000000000000e+00
1.1787866365051212e-02 2.3026254458546069e-02 0.0000000000000000e+00
2.4842702050327887e-03 1.4349757654494011e-02 0.0000000000000000e+00
2.4837179288011405e-03 1.7758257351214921e-02 0.0000000000000000e+00
2.4823660295507743e-03 2.0167745290931779e-02 0.0000000000000000e+00
8.6475234923837838e-03 2.4440044423115120e-02 0.0000000000000000e+00
1.3282589672981451e-02 2.2337386362244280e-02 0.0000000000000000e+00
1.2628296734905472e-02 2.2598374043449890e-02 0.0000000000000000e+00
1.4352992405716051e-02 2.1519228458797401e-02 0.0000000000000000e+00
7.8057729496238395e-03 2.4721622263354691e-02 0.0000000000000000e+00
6.1857616385066439e-03 2.5105288752617621e-02 0.0000000000000000e+00
4.5754743763477927e-03 2.5920707481653350e-02 0.0000000000000000e+00
3.9492403190675533e-03 2.5736722581880700e-02 0.0000000000000000e+00
1.6133459057571360e-02 2.0106090920710990e-02 0.0000000000000000e+00
1.0787933208910841e-02 1.5009186069736891e-02 0.0000000000000000e+00
2.9818992104949024e-03 1.7751006486265479e-02 0.0000000000000000e+00
1.0116318998136281e-02 2.2800857809478679e-02 0.0000000000000000e+00
2.9824670958963889e-03 1.4341656557531741e-02 0.0000000000000000e+00
2.9845353795521752e-03 2.1626087529220139e-02 0.0000000000000000e+00
1.4068792389704451e-02 2.1101934150251449e-02 0.0000000000000000e+00
1.4965067697037952e-02 1.8472739178655509e-02 0.0000000000000000e+00
1.2850222689070562e-02 2.2029394671562671e-02 0.0000000000000000e+00
4.4348097996186565e-03 9.5243823954764134e-03 0.0000000000000000e+00
8.0383733097441918e-03 2.4138209298637501e-02 0.0000000000000000e+00
2.9727218758766475e-03 1.0425466018201570e-02 0.0000000000000000e+00
3.3906610944449203e-03 9.6170378788799117e-03 0.0000000000000000e+00
2.9836963231453803e-03 2.2615901025082642e-02 0.0000000000000000e+00
8.0708608922136164e-03 1.1586110141598721e-02 0.0000000000000000e+00
1.4915065044304362e-02 2.0594631663512931e-02 0.0000000000000000e+00
6.0892943926514551e-03 2.4632974643242159e-02 0.0000000000000000e+00
1.5734616171310910e-02 1.9826836687003989e-02 0.0000000000000000e+00
1.3273152402726822e-02 2.1658948814789161e-02 0.0000000000000000e+00
4.3830779610081081e-03 2.5434249933853240e-02 0.0000000000000000e+00
5.6892576197093868e-03 9.8737950873831852e-03 0.0000000000000000e+00
2.4767115357874079e-03 1.0923137411950799e-02 0.0000000000000000e+00
1.5668652606006389e-02 1.9141669300150269e-02 0.0000000000000000e+00
2.9775716481781921e-03 2.3615083955037329e-02 0.0000000000000000e+00
1.1840412478250342e-02 1.5356876480739240e-02 0.0000000000000000e+00
1.4274912900777422e-02 1.7789304171387781e-02 0.0000000000000000e+00
6.3454234989380369e-03 9.8537447432056544e-03 0.0000000000000000e+00
2.4829545014434283e-03 1.8727000464580722e-02 0.0000000000000000e+00
9.7543361204526502e-03 1.3271062152433000e-02 0.0000000000000000e+00
1.2541563141383251e-02 1.6058435866898049e-02 0.0000000000000000e+00
2.4852352093871211e-03 1.5323605514871750e-02 0.0000000000000000e+00
2.4834004840330009e-03 1.1910224098327970e-02 0.0000000000000000e+00
2.9896600958240994e-03 2.4656536153075271e-02 0.0000000000000000e+00
2.4842124352193119e-03 1.3863374321887730e-02 0.0000000000000000e+00
2.4839641593181160e-03 1.7272178395773680e-02 0.0000000000000000e+00
2.4848085471818018e-03 1.6299888425908571e-02 0.0000000000000000e+00
2.4817603573597173e-03 1.9687749730820471e-02 0.0000000000000000e+00
2.4846791609427379e-03 1.2890759472901180e-02 0.0000000000000000e+00
7.0431622411267396e-03 1.0556185385674880e-02 0.0000000000000000e+00
1.3239200753675462e-02 1.6755678983424019e-02 0.0000000000000000e+00
1.1945871074638952e-02 2.2391283460386009e-02 0.0000000000000000e+00
1.1179291184717291e-02 2.2811137959152010e-02 0.0000000000000000e+00
8.8731849362709107e-03 2.3854469286839070e-02 0.0000000000000000e+00
1.0447485043142650e-02 1.3963359161558119e-02 0.0000000000000000e+00
8.7382905391893435e-03 1.2253417523640970e-02 0.0000000000000000e+00
9.8131826822952083e-03 2.3422384280632771e-02 0.0000000000000000e+00
7.7309266232604345e-03 1.1246267986572470e-02 0.0000000000000000e+00
1.3930505262547521e-02 1.7445915039799101e-02 0.0000000000000000e+00
5.1973792071748548e-03 9.5803233649647233e-03 0.0000000000000000e+00
2.4838625175180422e-03 2.0651312874728409e-02 0.0000000000000000e+00
9.0721094543734296e-03 1.2587979649880289e-02 0.0000000000000000e+00
3.6723906704585313e-03 9.4720744110940100e-03 0.0000000000000000e+00
7.2473580434116490e-03 2.4531235014447081e-02 0.0000000000000000e+00
1.6036503681204520e-02 1.9455222793069289e-02 0.0000000000000000e+00
6.4782054808844008e-03 2.4539669695422660e-02 0.0000000000000000e+00
3.9005868283651258e-03 2.5264836315685719e-02 0.0000000000000000e+00
3.4749246509960239e-03 2.5223620847364080e-02 0.0000000000000000e+00
1.2542136742053142e-02 1.6764406160559551e-02 0.0000000000000000e+00
7.0517043808122426e-03 1.1270778665874521e-02 0.0000000000000000e+00
8.3877960473911321e-03 1.2607369209756660e-02 0.0000000000000000e+00
2.9805256186992051e-03 1.2395057817932500e-02 0.0000000000000000e+00
6.4180828447923718e-03 2.4104271114101461e-02 0.0000000000000000e+00
5.2757909484578156e-03 1.0218071125892450e-02 0.0000000000000000e+00
1.3930157978098991e-02 1.8143754653064049e-02 0.0000000000000000e+00
2.9803397564915042e-03 1.9202578948571889e-02 0.0000000000000000e+00
2.9836305006910807e-03 1.5802519468402009e-02 0.0000000000000000e+00
9.7467054948576007e-03 1.3968688094288161e-02 0.0000000000000000e+00
3.4633372448264785e-03 2.4106597596692481e-02 0.0000000000000000e+00
1.2965278018828751e-02 2.1247169806940129e-02 0.0000000000000000e+00
4.8088397788931814e-03 2.4882247687837759e-02 0.0000000000000000e+00
9.6481139294589575e-03 2.2947437934482361e-02 0.0000000000000000e+00
1.1839827985852942e-02 1.6062370927075811e-02 0.0000000000000000e+00
1.4990763621663033e-02 1.9869086506319099e-02 0.0000000000000000e+00
1.0440493377753091e-02 1.4661802144871700e-02 0.0000000000000000e+00
2.9804486187102672e-03 2.0159542682373001e-02 0.0000000000000000e+00
3.9645254345704855e-03 9.9179253524922760e-03 0.0000000000000000e+00
3.9759413756155580e-03 2.4889390444923928e-02 0.0000000000000000e+00
4.7990792208437438e-03 9.7475661997677796e-03 0.0000000000000000e+00
3.3959370755508042e-03 9.9160757263066952e-03 0.0000000000000000e+00
2.9784675070538540e-03 1.0922642838205959e-02 0.0000000000000000e+00
6.3631237578108115e-03 1.0577232212060150e-02 0.0000000000000000e+00
6.0125726507969440e-03 1.0224515162869320e-02 0.0000000000000000e+00
1.1137484337403011e-02 1.5359170164443320e-02 0.0000000000000000e+00
2.9800659370161453e-03 2.3113254935043102e-02 0.0000000000000000e+00
9.0558564286501546e-03 1.3277733335622559e-02 0.0000000000000000e+00
1.4619363655824842e-02 1.8130672429284182e-02 0.0000000000000000e+00
2.9836896259391333e-03 2.1133570871465640e-02 0.0000000000000000e+00
2.9823319468191218e-03 1.6776119195665361e-02 0.0000000000000000e+00
8.4059020933221727e-03 1.1921010373858010e-02 0.0000000000000000e+00
1.5314590221179342e-02 1.8810671167649132e-02 0.0000000000000000e+00
2.9846928349718162e-03 2.2120589965193900e-02 0.0000000000000000e+00
2.9751788910498209e-03 1.1417078511406029e-02 0.0000000000000000e+00
2.9819247500643712e-03 1.8237840818483630e-02 0.0000000000000000e+00
2.9823395927075997e-03 1.3368929794022150e-02 0.0000000000000000e+00
1.3238749733964422e-02 1.7459144907418709e-02 0.0000000000000000e+00
2.9831713799935628e-03 1.4828053092795911e-02 0.0000000000000000e+00
1.5344978822056512e-02 1.9509247146171381e-02 0.0000000000000000e+00
1.2315061991431701e-02 2.2165788117359048e-02 0.0000000000000000e+00
1.3666486626705611e-02 2.1369001812188690e-02 0.0000000000000000e+00
1.0551081117778232e-02 2.2610107209149109e-02 0.0000000000000000e+00
8.4678897182690165e-03 2.3989038332079580e-02 0.0000000000000000e+00
9.2633219312105129e-03 2.3542104762839640e-02 0.0000000000000000e+00
7.7278956247067779e-03 1.1947666388582830e-02 0.0000000000000000e+00
2.9822871231481099e-03 1.3854632063764600e-02 0.0000000000000000e+00
2.9820059098534650e-03 1.7262818086686799e-02 0.0000000000000000e+00
1.4482558054120923e-02 2.0850073450335890e-02 0.0000000000000000e+00
7.6201957362911623e-03 2.4308484628570430e-02 0.0000000000000000e+00
1.1558902014488111e-02 2.2605269106132090e-02 0.0000000000000000e+00
6.7606075268317788e-03 2.4476606660946549e-02 0.0000000000000000e+00
4.3777364401213301e-03 2.4906790669954160e-02 0.0000000000000000e+00
3.5358129257890615e-03 2.4668253920974541e-02 0.0000000000000000e+00
1.0434783522587091e-02 1.5361967639859069e-02 0.0000000000000000e+00
3.4804206768591522e-03 1.7742073580579928e-02 0.0000000000000000e+00
3.4808404327133077e-03 1.4329413524938019e-02 0.0000000000000000e+00
3.4830165593847284e-03 2.1621727974464541e-02 0.0000000000000000e+00
7.8601795425085087e-03 2.3678335394919672e-02 0.0000000000000000e+00
9.2035016580339999e-03 2.3039261749105550e-02 0.0000000000000000e+00
6.0401739609691057e-03 2.4206116182338980e-02 0.0000000000000000e+00
3.4848612270642512e-03 2.2609970668234891e-02 0.0000000000000000e+00
3.4741274416552077e-03 1.0945409595369170e-02 0.0000000000000000e+00
1.4181657057672251e-02 2.0442653838361489e-02 0.0000000000000000e+00
1.3371557130364491e-02 2.0965699925119999e-02 0.0000000000000000e+00
1.4625388537414932e-02 1.9498728102954409e-02 0.0000000000000000e+00
4.7453286422653044e-03 2.4448807258937100e-02 0.0000000000000000e+00
8.7294624498758001e-03 2.3435058956988421e-02 0.0000000000000000e+00
4.6730193307680011e-03 1.0131045123999439e-02 0.0000000000000000e+00
5.6782491349678292e-03 1.0615689896214180e-02 0.0000000000000000e+00
3.4552813912532752e-03 2.3607598909271891e-02 0.0000000000000000e+00
1.1488299089321922e-02 1.5710523689578530e-02 0.0000000000000000e+00
9.4001050590363077e-03 1.3622366070886269e-02 0.0000000000000000e+00
1.2191162330137001e-02 1.6413710557333171e-02 0.0000000000000000e+00
2.9766097103454767e-03 1.1906445519580861e-02 0.0000000000000000e+00
2.9830160814733921e-03 1.6288767958359429e-02 0.0000000000000000e+00
7.3912547479002711e-03 1.1611087935876081e-02 0.0000000000000000e+00
2.9836512064993158e-03 1.5314670068613799e-02 0.0000000000000000e+00
2.9813773209616673e-03 1.8721933235662791e-02 0.0000000000000000e+00
1.3584150093512461e-02 1.7801593661424382e-02 0.0000000000000000e+00
2.9819339789178799e-03 1.2881829702428170e-02 0.0000000000000000e+00
6.7101494434813561e-03 1.0927189808330981e-02 0.0000000000000000e+00
2.9821665021228343e-03 2.0644703054508239e-02 0.0000000000000000e+00
1.2890961340482612e-02 1.7112523012450580e-02 0.0000000000000000e+00
6.9177832561251266e-03 2.4094308601261369e-02 0.0000000000000000e+00
8.7190492361098916e-03 1.2939770064186010e-02 0.0000000000000000e+00
5.2392156441120781e-03 2.4801820267163242e-02 0.0000000000000000e+00
1.1695921689241521e-02 2.1978010459728921e-02 0.0000000000000000e+00
1.0946728238372571e-02 2.2410410561980940e-02 0.0000000000000000e+00
1.0093801439592012e-02 1.4315387456057800e-02 0.0000000000000000e+00
1.2538174101841522e-02 2.1515342425388689e-02 0.0000000000000000e+00
1.4623355541182811e-02 1.8822118535561559e-02 0.0000000000000000e+00
5.6681825474582167e-03 2.4710551259018269e-02 0.0000000000000000e+00
1.4976083024783511e-02 1.9162310511141499e-02 0.0000000000000000e+00
1.4275640841048721e-02 1.8481059075828279e-02 0.0000000000000000e+00
3.4798303496743638e-03 1.3356988932843761e-02 0.0000000000000000e+00
9.9038365252355331e-03 2.2345108489641649e-02 0.0000000000000000e+00
3.4806294896599149e-03 1.6762437081070301e-02 0.0000000000000000e+00
4.3608087600352707e-03 2.4448718345356741e-02 0.0000000000000000e+00
2.9799249145854244e-03 1.9680365477217431e-02 0.0000000000000000e+00
1.4593518464846212e-02 2.0176956067066178e-02 0.0000000000000000e+00
3.9327289451977880e-03 1.0585501509522890e-02 0.0000000000000000e+00
8.0591231950198332e-03 1.2278622324588430e-02 0.0000000000000000e+00
4.4373707018453756e-03 9.9038473637657921e-03 0.0000000000000000e+00
3.9729747008981952e-03 2.4466218265523431e-02 0.0000000000000000e+00
8.7023483118214111e-03 1.3629679246212840e-02 0.0000000000000000e+00
1.2192575439314752e-02 1.7120245108269601e-02 0.0000000000000000e+00
7.3860710362865399e-03 1.2310005394958230e-02 0.0000000000000000e+00
1.3582403257695691e-02 1.8483840205825799e-02 0.0000000000000000e+00
3.4789319969395984e-03 2.0153040326890539e-02 0.0000000000000000e+00
1.4276680401112922e-02 1.9148428964120879e-02 0.0000000000000000e+00
8.6623924196565401e-03 2.2933282660342100e-02 0.0000000000000000e+00
1.1487983482178252e-02 1.6416433173118600e-02 0.0000000000000000e+00
6.7217395267505538e-03 1.1643340426381170e-02 0.0000000000000000e+00
3.4820095789753120e-03 1.5787767808987840e-02 0.0000000000000000e+00
3.4699761123721147e-03 1.2384402321169691e-02 0.0000000000000000e+00
3.4789244146871492e-03 1.9195700872554330e-02 0.0000000000000000e+00
5.5735190545473188e-03 2.4153802783447299e-02 0.0000000000000000e+00
4.8325923687395737e-03 2.3923459974702150e-02 0.0000000000000000e+00
4.2402484837682367e-03 1.0407772210402250e-02 0.0000000000000000e+00
1.3774515178455411e-02 2.0699435152823929e-02 0.0000000000000000e+00
3.4743675038761503e-03 2.3111173628189770e-02 0.0000000000000000e+00
1.0784590318144991e-02 1.5712205262959779e-02 0.0000000000000000e+00
3.4821907168403415e-03 2.1129218980446850e-02 0.0000000000000000e+00
9.3931416643518832e-03 1.4320991084669089e-02 0.0000000000000000e+00
1.0087204351940281e-02 1.5014427472740351e-02 0.0000000000000000e+00
1.2890412063109851e-02 1.7812283054224849e-02 0.0000000000000000e+00
3.4832627457065802e-03 2.2114132663994240e-02 0.0000000000000000e+00
1.0342732167620623e-02 2.2170093971454030e-02 0.0000000000000000e+00
3.4805559453976093e-03 1.8230862266309170e-02 0.0000000000000000e+00
3.4815900718967088e-03 1.4815321219015959e-02 0.0000000000000000e+00
8.3038930670061226e-03 2.3537424058989391e-02 0.0000000000000000e+00
8.0377799602648764e-03 1.2961940513449829e-02 0.0000000000000000e+00
3.4803897858719131e-03 1.7252059829046869e-02 0.0000000000000000e+00
3.4804144085586117e-03 1.3843168844834240e-02 0.0000000000000000e+00
3.4558835445622389e-03 1.1427627274593540e-02 0.0000000000000000e+00
6.0415478897282038e-03 1.0965041232205191e-02 0.0000000000000000e+00
1.2681101553126252e-02 2.0830646472266210e-02 0.0000000000000000e+00
7.4148271659428451e-03 2.3851907977130000e-02 0.0000000000000000e+00
1.2102742025380602e-02 2.1750728878860179e-02 0.0000000000000000e+00
3.9059830563541753e-03 2.4051752021162030e-02 0.0000000000000000e+00
6.3222228045997971e-03 2.3656930221545310e-02 0.0000000000000000e+00
3.4813539408727738e-03 1.6274627683537771e-02 0.0000000000000000e+00
3.4766232742001260e-03 1.2870387305287390e-02 0.0000000000000000e+00
1.3876610707570802e-02 2.0051303076078771e-02 0.0000000000000000e+00
1.4259820812120723e-02 1.9793576348493800e-02 0.0000000000000000e+00
9.4589253530935231e-03 2.2497512058927811e-02 0.0000000000000000e+00
1.1320820659497383e-02 2.2203605706010300e-02 0.0000000000000000e+00
4.9192501203815806e-03 1.0716342014937239e-02 0.0000000000000000e+00
5.1418183721861788e-03 2.4353870739766269e-02 0.0000000000000000e+00
3.5450239279156406e-03 1.0415947160162690e-02 0.0000000000000000e+00
1.0081800061891332e-02 1.5714991995791711e-02 0.0000000000000000e+00
3.9792329032243721e-03 1.6751133235375391e-02 0.0000000000000000e+00
3.9792725774008371e-03 1.4315966823763760e-02 0.0000000000000000e+00
3.9504897096989981e-03 1.2374551856580700e-02 0.0000000000000000e+00
3.9785409625149818e-03 2.1614938227611898e-02 0.0000000000000000e+00
4.4154491578739180e-03 1.0802615721671320e-02 0.0000000000000000e+00
5.3170578072217548e-03 2.3639755703561811e-02 0.0000000000000000e+00
3.9796112621198337e-03 2.2588249704020801e-02 0.0000000000000000e+00
7.6777039416589012e-03 2.3213774919109580e-02 0.0000000000000000e+00
3.9791582192018901e-03 1.7733923871224199e-02 0.0000000000000000e+00
1.3076563074785271e-02 2.0558553540188460e-02 0.0000000000000000e+00
6.7677406947505327e-03 2.3523023200477569e-02 0.0000000000000000e+00
3.9919678537127098e-03 1.0991198204569430e-02 0.0000000000000000e+00
1.3930187958057443e-02 1.8812102475714961e-02 0.0000000000000000e+00
8.1339350022446143e-03 2.3069903675790149e-02 0.0000000000000000e+00
1.1135882722049571e-02 1.6064025291927440e-02 0.0000000000000000e+00
9.0464065661672779e-03 1.3974384247570869e-02 0.0000000000000000e+00
1.1840562089703912e-02 1.6768861847510891e-02 0.0000000000000000e+00
3.4553800034711987e-03 1.1904722310831339e-02 0.0000000000000000e+00
3.4820725944583607e-03 1.5301241186404090e-02 0.0000000000000000e+00
3.4799950247563212e-03 1.8715234843224439e-02 0.0000000000000000e+00
1.3236185244180012e-02 1.8149461755011819e-02 0.0000000000000000e+00
3.8685190530433691e-03 2.3623337805184979e-02 0.0000000000000000e+00
3.9761199622413562e-03 1.3347700240154780e-02 0.0000000000000000e+00
1.2542889836503321e-02 1.7468304416680819e-02 0.0000000000000000e+00
8.3668009865612777e-03 1.3292466028920740e-02 0.0000000000000000e+00
3.4806390856667842e-03 2.0639368544946048e-02 0.0000000000000000e+00
7.0550809326745817e-03 1.1978112042449449e-02 0.0000000000000000e+00
9.6934986450038976e-03 2.1897491568004409e-02 0.0000000000000000e+00
6.3864298381645403e-03 1.1306073115764150e-02 0.0000000000000000e+00
1.3622213092571542e-02 1.9700980436390229e-02 0.0000000000000000e+00
9.7403803782465971e-03 1.4667857746650560e-02 0.0000000000000000e+00
1.3476739273412882e-02 2.0295891804956560e-02 0.0000000000000000e+00
1.1422630978362092e-02 2.1570496941251589e-02 0.0000000000000000e+00
1.0736709162199492e-02 2.2033778046151462e-02 0.0000000000000000e+00
1.2269355154205032e-02 2.1077313357606708e-02 0.0000000000000000e+00
5.9308254304038409e-03 2.3794394282947190e-02 0.0000000000000000e+00
3.9805148419375606e-03 1.5773873797817750e-02 0.0000000000000000e+00
3.4784063403028335e-03 1.9673258127302480e-02 0.0000000000000000e+00
9.0473196566108298e-03 2.2622860700192728e-02 0.0000000000000000e+00
1.3935108271850611e-02 1.9444295005283638e-02 0.0000000000000000e+00
7.7131697259570971e-03 1.2636934596047110e-02 0.0000000000000000e+00
5.3691995617530892e-03 1.1033913597903769e-02 0.0000000000000000e+00
4.3305189563727520e-03 2.3989196352645469e-02 0.0000000000000000e+00
8.3487886173670891e-03 1.3981048040695120e-02 0.0000000000000000e+00
1.1847237370414222e-02 1.7479602153138232e-02 0.0000000000000000e+00
7.0476402343204484e-03 1.2672332881451561e-02 0.0000000000000000e+00
7.4880957325095775e-03 2.2752278240742801e-02 0.0000000000000000e+00
6.4008561385813781e-03 1.2014580565488070e-02 0.0000000000000000e+00
3.9774095170112501e-03 2.0147020582965108e-02 0.0000000000000000e+00
5.7508324566667018e-03 2.3396857951631461e-02 0.0000000000000000e+00
1.1137646324790652e-02 1.6772016883824740e-02 0.0000000000000000e+00
1.2549067879660392e-02 1.8165007276315068e-02 0.0000000000000000e+00
3.9800652852441621e-03 1.4801144899034269e-02 0.0000000000000000e+00
3.8747929734241930e-03 1.1467359671528480e-02 0.0000000000000000e+00
3.9774661846750216e-03 1.9186435881278871e-02 0.0000000000000000e+00
4.6647873531228479e-03 2.3384305851376939e-02 0.0000000000000000e+00
6.1784154485896980e-03 2.3201226098623330e-02 0.0000000000000000e+00
1.0432015857927211e-02 1.6065639047124550e-02 0.0000000000000000e+00
3.9787680979134089e-03 2.1123898780719699e-02 0.0000000000000000e+00
9.0396700994129914e-03 1.4673481376360089e-02 0.0000000000000000e+00
9.7340840682594663e-03 1.5367304364896349e-02 0.0000000000000000e+00
1.3241084910330372e-02 1.8818784471900420e-02 0.0000000000000000e+00
3.9792473178578138e-03 1.8222381000508339e-02 0.0000000000000000e+00
3.9749606286275854e-03 2.2101085073964820e-02 0.0000000000000000e+00
1.0147138370894742e-02 2.1713819963989949e-02 0.0000000000000000e+00
3.9672543780247607e-03 1.2862484979252410e-02 0.0000000000000000e+00
1.2414108096989451e-02 2.0430341292233260e-02 0.0000000000000000e+00
3.9790591777832595e-03 1.7242748702801920e-02 0.0000000000000000e+00
7.6902881693401513e-03 1.3315314539307290e-02 0.0000000000000000e+00
3.9799073524929103e-03 1.6262153942655889e-02 0.0000000000000000e+00
3.9783363246375701e-03 1.3832002640076080e-02 0.0000000000000000e+00
9.2479328576375811e-03 2.2063255880223689e-02 0.0000000000000000e+00
3.9805741678193233e-03 1.5287455656449039e-02 0.0000000000000000e+00
3.9149343333627412e-03 1.1900153451699020e-02 0.0000000000000000e+00
1.1838990053071543e-02 2.1312190835300109e-02 0.0000000000000000e+00
7.2251834982484811e-03 2.3372771545605919e-02 0.0000000000000000e+00
4.0152648673834109e-03 2.3130267539522430e-02 0.0000000000000000e+00
1.3167663921110411e-02 1.9851111824565101e-02 0.0000000000000000e+00
1.3316851141671452e-02 1.9420399486900490e-02 0.0000000000000000e+00
8.3782368527749694e-03 2.2426595223465511e-02 0.0000000000000000e+00
1.3598525730338401e-02 1.9128020411184131e-02 0.0000000000000000e+00
5.7393118915622507e-03 1.1355822680272550e-02 0.0000000000000000e+00
4.6912128405524603e-03 1.1252641822945180e-02 0.0000000000000000e+00
5.1528362458784192e-03 1.1436712410300590e-02 0.0000000000000000e+00
1.1093402793246622e-02 2.1835453435710452e-02 0.0000000000000000e+00
4.2791542268919430e-03 1.1424975510822820e-02 0.0000000000000000e+00
9.7295066604340709e-03 1.6068756195585222e-02 0.0000000000000000e+00
4.4780568340959202e-03 1.6743292377619141e-02 0.0000000000000000e+00
4.4773624610221878e-03 1.4305221219373420e-02 0.0000000000000000e+00
4.4709912661615022e-03 1.3348736880997050e-02 0.0000000000000000e+00
4.4659330217012971e-03 2.1598610761580820e-02 0.0000000000000000e+00
6.0332968462849905e-03 2.2740150122267499e-02 0.0000000000000000e+00
4.4779190769996292e-03 1.7725748726272330e-02 0.0000000000000000e+00
4.4789617780454137e-03 1.5763586855784099e-02 0.0000000000000000e+00
1.2899903251707291e-02 1.9222505656537731e-02 0.0000000000000000e+00
5.4684029075714501e-03 1.1733796762253040e-02 0.0000000000000000e+00
4.4283602664081179e-03 1.2375575581682910e-02 0.0000000000000000e+00
1.0784325622541691e-02 1.6418455499952241e-02 0.0000000000000000e+00
8.6925486991198779e-03 1.4326233809651029e-02 0.0000000000000000e+00
1.1492916639876562e-02 1.7126764140677011e-02 0.0000000000000000e+00
3.9785685045055225e-03 1.8705720116486569e-02 0.0000000000000000e+00
1.2895643521685221e-02 1.8496128716103840e-02 0.0000000000000000e+00
4.4259671342549555e-03 2.2538814747573192e-02 0.0000000000000000e+00
1.2789411235477072e-02 2.0165840611318760e-02 0.0000000000000000e+00
9.4756816162842542e-03 2.1450634672682309e-02 0.0000000000000000e+00
1.2200891487265081e-02 1.7827839918083961e-02 0.0000000000000000e+00
8.0154162794950096e-03 1.3643543104564469e-02 0.0000000000000000e+00
3.9782460430091192e-03 2.0634193812395861e-02 0.0000000000000000e+00
5.1190993117839851e-03 2.3156789941360501e-02 0.0000000000000000e+00
1.2062489504322822e-02 2.0678066631889539e-02 0.0000000000000000e+00
4.8852806427399720e-03 1.1854106146985271e-02 0.0000000000000000e+00
9.3871047934804483e-03 1.5020564911896069e-02 0.0000000000000000e+00
6.7240653763778122e-03 1.2343541782507380e-02 0.0000000000000000e+00
7.0500600760405830e-03 2.2899343027638960e-02 0.0000000000000000e+00
6.6132473003904096e-03 2.3047309601325838e-02 0.0000000000000000e+00
4.4780473728449821e-03 1.4789533727329350e-02 0.0000000000000000e+00
1.1109893425125961e-02 2.1160536463796179e-02 0.0000000000000000e+00
1.0671319180515343e-02 2.1519844359487891e-02 0.0000000000000000e+00
8.8141437339418986e-03 2.2237261079983930e-02 0.0000000000000000e+00
3.9769427160766977e-03 1.9665098782615520e-02 0.0000000000000000e+00
7.9326967451386256e-03 2.2601287244650221e-02 0.0000000000000000e+00
7.3705520204536612e-03 1.2994263762706661e-02 0.0000000000000000e+00
6.0770125589550130e-03 1.1683903068326380e-02 0.0000000000000000e+00
1.2839884595987462e-02 1.9617465369405500e-02 0.0000000000000000e+00
4.3717426029094677e-03 1.1881273909031129e-02 0.0000000000000000e+00
4.2710487238820389e-03 2.3561860044225540e-02 0.0000000000000000e+00
8.6852323510820170e-03 1.5025001561085801e-02 0.0000000000000000e+00
1.0792324306875102e-02 1.7132592358765030e-02 0.0000000000000000e+00
1.0793651270572302e-02 2.0747727755689959e-02 0.0000000000000000e+00
7.3510431661940653e-03 1.3657907013694629e-02 0.0000000000000000e+00
4.9706020385952088e-03 1.4303165469105830e-02 0.0000000000000000e+00
6.7100188503622805e-03 1.3030423796691681e-02 0.0000000000000000e+00
4.4756641009267928e-03 2.0139830238091669e-02 0.0000000000000000e+00
7.2993213665673070e-03 2.2309869185089679e-02 0.0000000000000000e+00
1.2298080894688432e-02 1.9298310876798470e-02 0.0000000000000000e+00
1.1509174543500892e-02 1.7844821441600871e-02 0.0000000000000000e+00
9.3811849507650386e-03 1.5720432002594931e-02 0.0000000000000000e+00
4.4758323699503905e-03 1.9173222026829039e-02 0.0000000000000000e+00
6.4643141997281451e-03 2.2589158076957421e-02 0.0000000000000000e+00
1.2141530020399872e-02 2.0038831714573279e-02 0.0000000000000000e+00
7.9925511208773746e-03 1.4327888849250179e-02 0.0000000000000000e+00
1.0081196374343352e-02 1.6420938778643600e-02 0.0000000000000000e+00
4.4673471856278455e-03 2.1114225028487692e-02 0.0000000000000000e+00
4.4778056431325841e-03 1.8211392290825221e-02 0.0000000000000000e+00
4.4778729679933495e-03 1.7235304836513060e-02 0.0000000000000000e+00
6.0899382817179481e-03 1.2368562849241430e-02 0.0000000000000000e+00
4.4601001194717578e-03 2.2086011999638892e-02 0.0000000000000000e+00
9.9263093401315162e-03 2.1253116894836860e-02 0.0000000000000000e+00
4.4785860815959909e-03 1.5276358718034729e-02 0.0000000000000000e+00
4.4560738700914595e-03 1.2869759905276459e-02 0.0000000000000000e+00
1.2221436366449913e-02 1.8531340184652040e-02 0.0000000000000000e+00
5.5836049084898361e-03 2.2928352834551989e-02 0.0000000000000000e+00
4.4751933001987935e-03 1.3827511008099060e-02 0.0000000000000000e+00
4.4785783100692736e-03 1.6253056611342600e-02 0.0000000000000000e+00
9.0267397489698573e-03 2.1625093924726290e-02 0.0000000000000000e+00
5.2724388268433489e-03 1.2010222695934139e-02 0.0000000000000000e+00
1.1555018280680151e-02 2.0803837598565380e-02 0.0000000000000000e+00
8.1450963963078903e-03 2.1975373857764439e-02 0.0000000000000000e+00
4.4902505532982938e-03 2.2975363241103192e-02 0.0000000000000000e+00
1.2571198918634213e-02 1.8817027306347770e-02 0.0000000000000000e+00
5.7863901094394295e-03 1.2051822598015760e-02 0.0000000000000000e+00
1.2536465326092422e-02 1.9780811697614531e-02 0.0000000000000000e+00
9.3793964880571346e-03 1.6424754687513161e-02 0.0000000000000000e+00
4.9768909976210252e-03 1.6737783808098729e-02 0.0000000000000000e+00
1.1843757629414512e-02 1.9641782671522199e-02 0.0000000000000000e+00
4.9061401181986763e-03 2.1553364098233361e-02 0.0000000000000000e+00
1.1152165326909571e-02 2.0461994844699540e-02 0.0000000000000000e+00
4.9617956627287475e-03 1.3368718375824901e-02 0.0000000000000000e+00
4.9763950641654982e-03 1.7716507008006081e-02 0.0000000000000000e+00
4.9761622288550791e-03 1.5754840496874541e-02 0.0000000000000000e+00
5.9319517800346701e-03 2.2306390925375529e-02 0.0000000000000000e+00
1.1792123610638913e-02 2.0322266168032500e-02 0.0000000000000000e+00
1.0372670530186862e-02 2.1019969294506741e-02 0.0000000000000000e+00
1.0436210689069022e-02 1.6776487284022250e-02 0.0000000000000000e+00
8.3366440393848260e-03 1.4675698737122210e-02 0.0000000000000000e+00
4.4769551923030037e-03 1.8692649812348899e-02 0.0000000000000000e+00
1.1151641846434373e-02 1.7490373060127771e-02 0.0000000000000000e+00
1.1865890395153332e-02 1.8193254253485659e-02 0.0000000000000000e+00
6.3903582973243592e-03 1.2694099143928120e-02 0.0000000000000000e+00
4.9701574377146408e-03 1.4783196604924680e-02 0.0000000000000000e+00
9.2483741725506736e-03 2.1006607934639449e-02 0.0000000000000000e+00
7.6650148181955412e-03 1.3985747945323290e-02 0.0000000000000000e+00
4.4730780285295903e-03 2.0628270540792380e-02 0.0000000000000000e+00
4.8980214969715774e-03 2.2663758092872251e-02 0.0000000000000000e+00
9.0334765350788861e-03 1.5372930138698960e-02 0.0000000000000000e+00
8.5837019986957537e-03 2.1798026555318720e-02 0.0000000000000000e+00
4.9673884927891251e-03 1.3834887475923810e-02 0.0000000000000000e+00
4.4755449950250464e-03 1.9654548792724841e-02 0.0000000000000000e+00
7.7184866884456287e-03 2.2150444715536521e-02 0.0000000000000000e+00
6.8851810544486953e-03 2.2452879056887060e-02 0.0000000000000000e+00
1.1887300594899421e-02 1.8906130035604801e-02 0.0000000000000000e+00
7.0387128903318013e-03 1.3343545711867921e-02 0.0000000000000000e+00
5.8509602321692089e-03 1.2618524310291861e-02 0.0000000000000000e+00
5.4577328065567180e-03 1.2507400031424429e-02 0.0000000000000000e+00
4.9158905393556487e-03 1.2414173313609290e-02 0.0000000000000000e+00
4.9738889867667535e-03 1.9156999352520021e-02 0.0000000000000000e+00
1.0454351836663512e-02 1.7501036988348709e-02 0.0000000000000000e+00
8.3285009901583849e-03 1.5373324332857621e-02 0.0000000000000000e+00
7.1311400439629680e-03 2.1907504486101102e-02 0.0000000000000000e+00
7.0410648930987665e-03 1.3969656937219089e-02 0.0000000000000000e+00
5.4468638174634204e-03 1.4312633341583281e-02 0.0000000000000000e+00
4.9758310873386467e-03 2.0130331308395089e-02 0.0000000000000000e+00
9.0288908990449699e-03 1.6074004602412061e-02 0.0000000000000000e+00
1.1526492241874832e-02 1.9251625708654071e-02 0.0000000000000000e+00
4.9760306858664480e-03 1.8198117863161379e-02 0.0000000000000000e+00
6.3304548185045854e-03 2.2128932111646991e-02 0.0000000000000000e+00
1.1176519849757422e-02 1.8210785287396159e-02 0.0000000000000000e+00
1.1530576298284141e-02 1.8554950201035900e-02 0.0000000000000000e+00
5.4370703469497810e-03 1.3400688499554860e-02 0.0000000000000000e+00
7.6309303005621066e-03 1.4668418012086151e-02 0.0000000000000000e+00
9.7345773600041822e-03 1.6780812731323171e-02 0.0000000000000000e+00
4.9417997939767066e-03 2.1109534138648800e-02 0.0000000000000000e+00
4.9765072628462246e-03 1.7228711037931180e-02 0.0000000000000000e+00
4.9723016858512423e-03 1.5267099261328489e-02 0.0000000000000000e+00
4.9464739208558072e-03 1.2903477949206691e-02 0.0000000000000000e+00
9.6834393505763981e-03 2.0806906312949291e-02 0.0000000000000000e+00
4.9903681388947674e-03 2.2051814962161260e-02 0.0000000000000000e+00
8.8030490268658831e-03 2.1182280739272381e-02 0.0000000000000000e+00
4.9770828063546305e-03 1.6245924507121111e-02 0.0000000000000000e+00
1.1397958839948142e-02 1.9987564819096169e-02 0.0000000000000000e+00
1.0510588162249342e-02 2.0333883980289340e-02 0.0000000000000000e+00
7.9212680206834224e-03 2.1531722419041360e-02 0.0000000000000000e+00
5.9638482850509732e-03 1.3027664983406280e-02 0.0000000000000000e+00
5.4473288027396625e-03 2.2400617881405668e-02 0.0000000000000000e+00
6.3844844546841317e-03 1.3402687994929800e-02 0.0000000000000000e+00
9.0335230862589651e-03 1.6784950563597151e-02 0.0000000000000000e+00
5.4737094571271801e-03 1.7706264954078229e-02 0.0000000000000000e+00
5.4723495953265247e-03 1.5740833715897209e-02 0.0000000000000000e+00
1.1171438413079372e-02 1.9527323768304360e-02 0.0000000000000000e+00
5.3899244327951113e-03 2.1607158706472319e-02 0.0000000000000000e+00
1.0093871080252862e-02 1.7141108698758640e-02 0.0000000000000000e+00
7.9776960229556992e-03 1.5020874973580740e-02 0.0000000000000000e+00
1.0817233454925631e-02 1.7859170311370211e-02 0.0000000000000000e+00
5.4748178936784306e-03 1.6734801403566070e-02 0.0000000000000000e+00
5.4400663279183439e-03 1.4779219589451040e-02 0.0000000000000000e+00
4.9655315943808722e-03 2.0625352323256220e-02 0.0000000000000000e+00
9.0181061049111732e-03 2.0569713770012130e-02 0.0000000000000000e+00
7.3032365561580973e-03 1.4310538588193309e-02 0.0000000000000000e+00
5.4470048488931035e-03 1.3849888790435781e-02 0.0000000000000000e+00
4.9739576070241195e-03 1.9639876708814581e-02 0.0000000000000000e+00
8.6789073630838768e-03 1.5723811242704621e-02 0.0000000000000000e+00
1.0880115957702531e-02 2.0095658716018351e-02 0.0000000000000000e+00
8.3599185632929982e-03 2.1354494781812151e-02 0.0000000000000000e+00
1.0105034370962922e-02 2.0581150019062310e-02 0.0000000000000000e+00
1.0850717832254112e-02 1.8569892216028960e-02 0.0000000000000000e+00
1.1197713477948831e-02 1.8896771494076339e-02 0.0000000000000000e+00
4.9750274421630188e-03 1.8677107052180938e-02 0.0000000000000000e+00
7.4970376504904374e-03 2.1717131029403799e-02 0.0000000000000000e+00
5.9981840287577038e-03 1.3830275832486289e-02 0.0000000000000000e+00
5.7881536104681256e-03 1.3416816353027390e-02 0.0000000000000000e+00
6.7352199931221277e-03 1.3668949965547770e-02 0.0000000000000000e+00
5.4294344365854279e-03 1.2958749436677030e-02 0.0000000000000000e+00
5.7202731514994689e-03 2.1924958182311331e-02 0.0000000000000000e+00
6.7398664588196851e-03 2.2038426166671319e-02 0.0000000000000000e+00
5.4702003791747876e-03 1.9136856702471641e-02 0.0000000000000000e+00
7.9715451203634016e-03 1.5716957686606189e-02 0.0000000000000000e+00
7.2691970863609989e-03 1.5011137410764640e-02 0.0000000000000000e+00
6.7845509531941680e-03 2.1516374757582661e-02 0.0000000000000000e+00
5.4740596609126023e-03 2.0103600097319568e-02 0.0000000000000000e+00
6.5618484053332335e-03 1.4180810610215240e-02 0.0000000000000000e+00
8.6788465820052067e-03 1.6428974714743409e-02 0.0000000000000000e+00
5.4733922209230660e-03 1.8183676003116891e-02 0.0000000000000000e+00
5.7370363016960128e-03 2.1270546012908731e-02 0.0000000000000000e+00
1.0670696424897461e-02 1.9638664853507549e-02 0.0000000000000000e+00
1.0119857038012811e-02 1.7875896319615659e-02 0.0000000000000000e+00
1.0487686350577652e-02 1.8230897381648341e-02 0.0000000000000000e+00
9.3927587859004517e-03 1.7146257847587509e-02 0.0000000000000000e+00
5.4733786666519933e-03 1.7223272372174730e-02 0.0000000000000000e+00
5.4551530035381861e-03 1.5250660170236820e-02 0.0000000000000000e+00
5.8684598044143011e-03 1.4346550417513849e-02 0.0000000000000000e+00
8.5832671917096433e-03 2.0740662340721389e-02 0.0000000000000000e+00
5.4762220454736667e-03 1.6239428351983269e-02 0.0000000000000000e+00
7.7064166514570235e-03 2.1087276052500620e-02 0.0000000000000000e+00
9.4387231999365235e-03 2.0377065942362781e-02 0.0000000000000000e+00
1.0241216574814981e-02 1.9929493564376601e-02 0.0000000000000000e+00
5.3585798828462905e-03 2.1122378920353731e-02 0.0000000000000000e+00
1.0893542678509961e-02 1.9194731087513010e-02 0.0000000000000000e+00
6.1498150589391317e-03 2.1569936160342858e-02 0.0000000000000000e+00
8.6937435806689403e-03 1.7149549628854729e-02 0.0000000000000000e+00
5.9668982642548411e-03 1.7698450233113571e-02 0.0000000000000000e+00
5.9661268397607995e-03 1.6743213596195301e-02 0.0000000000000000e+00
9.7765770651868714e-03 1.8252798900796070e-02 0.0000000000000000e+00
5.9814187794760996e-03 1.5714763691123429e-02 0.0000000000000000e+00
9.9731685992429046e-03 1.9567496531299331e-02 0.0000000000000000e+00
5.8961947771863496e-03 2.0914095961371001e-02 0.0000000000000000e+00
6.9215182667288263e-03 1.4640494143016360e-02 0.0000000000000000e+00
5.8517404630476916e-03 1.4767575618859680e-02 0.0000000000000000e+00
9.7545500849068982e-03 1.7510924788873200e-02 0.0000000000000000e+00
5.4692697081405546e-03 1.9616139590177179e-02 0.0000000000000000e+00
9.8448790051900246e-03 2.0163918717594969e-02 0.0000000000000000e+00
7.6227842792888096e-03 1.5362347335544081e-02 0.0000000000000000e+00
8.3251364287816199e-03 1.6072895747147351e-02 0.0000000000000000e+00
8.1457278375223364e-03 2.0909851193166979e-02 0.0000000000000000e+00
8.7992774451797016e-03 2.0146793796624641e-02 0.0000000000000000e+00
7.2731738478414324e-03 2.1279262078551929e-02 0.0000000000000000e+00
5.4976568447129785e-03 2.0647471459129780e-02 0.0000000000000000e+00
5.4719205892069800e-03 1.8659638932569299e-02 0.0000000000000000e+00
6.6683643228378723e-03 2.0999020913444869e-02 0.0000000000000000e+00
1.0297182103897032e-02 1.9289191226982270e-02 0.0000000000000000e+00
1.0546218699365652e-02 1.8932947515975459e-02 0.0000000000000000e+00
6.2517647618553739e-03 2.1026241544436400e-02 0.0000000000000000e+00
6.2190194499288825e-03 1.4579505182895001e-02 0.0000000000000000e+00
5.9598819496347348e-03 1.9110827525094121e-02 0.0000000000000000e+00
7.6224213306370636e-03 1.6057403943342090e-02 0.0000000000000000e+00
9.4103887259518511e-03 1.7878491038588830e-02 0.0000000000000000e+00
7.0783287369624607e-03 2.0822867166775099e-02 0.0000000000000000e+00
8.3356354763440225e-03 1.6788069319635120e-02 0.0000000000000000e+00
9.5949547354183019e-03 1.9752983424987582e-02 0.0000000000000000e+00
9.8035684068469801e-03 1.9054166078525711e-02 0.0000000000000000e+00
9.0518005267561409e-03 1.7511960103171829e-02 0.0000000000000000e+00
6.4425193386735162e-03 2.0534789395919479e-02 0.0000000000000000e+00
5.9350831878579261e-03 1.5196871346455740e-02 0.0000000000000000e+00
6.9605650890119213e-03 1.5356020646825159e-02 0.0000000000000000e+00
5.9613764795819748e-03 1.7223934234051819e-02 0.0000000000000000e+00
1.0159025339361881e-02 1.8609756111666910e-02 0.0000000000000000e+00
7.5151516155753263e-03 2.0639326854697680e-02 0.0000000000000000e+00
5.9813038281705585e-03 1.6242507017612890e-02 0.0000000000000000e+00
5.9584652033351799e-03 2.0057386595858560e-02 0.0000000000000000e+00
8.3796941105204678e-03 2.0304527356483800e-02 0.0000000000000000e+00
5.9672626141742020e-03 1.8172160659620289e-02 0.0000000000000000e+00
9.2010543357326832e-03 1.9963789782914469e-02 0.0000000000000000e+00
6.4847924491905221e-03 1.5043919729250871e-02 0.0000000000000000e+00
5.9756617390140697e-03 2.0493101977837869e-02 0.0000000000000000e+00
8.3638569934591858e-03 1.7513948305894578e-02 0.0000000000000000e+00
6.4498860443733402e-03 1.7701044381227601e-02 0.0000000000000000e+00
6.4083490191505802e-03 1.6789310045530751e-02 0.0000000000000000e+00
6.4234307320906996e-03 2.0006700876247861e-02 0.0000000000000000e+00
7.2778074513180739e-03 1.5700151275957721e-02 0.0000000000000000e+00
6.5368329621803790e-03 1.5691433744429831e-02 0.0000000000000000e+00
8.7108968924488241e-03 1.7868219880037690e-02 0.0000000000000000e+00
9.4072394064961071e-03 1.8612347388323291e-02 0.0000000000000000e+00
5.9549074327377716e-03 1.9581030941016299e-02 0.0000000000000000e+00
8.6092856311836413e-03 1.9761679984596232e-02 0.0000000000000000e+00
9.3265588928986721e-03 1.9338748249189540e-02 0.0000000000000000e+00
5.9636831448621813e-03 1.8642549857941670e-02 0.0000000000000000e+00
7.3504086541731663e-03 2.0203282757129359e-02 0.0000000000000000e+00
7.9775053419149245e-03 1.6423508880213159e-02 0.0000000000000000e+00
7.9507977065282395e-03 2.0466967079251549e-02 0.0000000000000000e+00
6.9312739622894972e-03 2.0370415426951970e-02 0.0000000000000000e+00
8.0501477131021699e-03 1.7869909695377550e-02 0.0000000000000000e+00
6.4339630509426832e-03 1.9083449643333670e-02 0.0000000000000000e+00
7.7731274730183635e-03 2.0031344802340551e-02 0.0000000000000000e+00
9.0135069977658570e-03 1.8935983524276969e-02 0.0000000000000000e+00
7.2754225014285247e-03 1.6399310919352310e-02 0.0000000000000000e+00
6.4325783482338710e-03 1.7232100479543981e-02 0.0000000000000000e+00
9.0547843442528742e-03 1.8229579228962661e-02 0.0000000000000000e+00
6.5231377761120818e-03 1.6293407303700280e-02 0.0000000000000000e+00
7.6403999192844645e-03 1.6787187529613629e-02 0.0000000000000000e+00
8.0094892026757493e-03 1.7156535241524180e-02 0.0000000000000000e+00
6.4241624014112443e-03 1.9541282220462551e-02 0.0000000000000000e+00
6.9712348246628855e-03 1.6028162942726069e-02 0.0000000000000000e+00
6.4508248939664668e-03 1.8172576714890819e-02 0.0000000000000000e+00
8.2066803440353810e-03 1.9871640418905209e-02 0.0000000000000000e+00
6.8323992950746811e-03 1.9964092120489451e-02 0.0000000000000000e+00
8.9826119584022462e-03 1.9589133400527859e-02 0.0000000000000000e+00
8.0422423691367453e-03 1.9423103175705069e-02 0.0000000000000000e+00
6.9492589590537113e-03 1.7713220062126261e-02 0.0000000000000000e+00
8.3782081118537865e-03 1.8201276074674200e-02 0.0000000000000000e+00
6.9076060176127378e-03 1.6756969219356720e-02 0.0000000000000000e+00
8.5749476374841743e-03 1.9266982710859099e-02 0.0000000000000000e+00
7.3137071314110461e-03 1.7205161466150521e-02 0.0000000000000000e+00
7.7161790471878327e-03 1.7530308187470051e-02 0.0000000000000000e+00
6.4400425146677719e-03 1.8632532336359461e-02 0.0000000000000000e+00
8.6937082484068885e-03 1.8553050753846129e-02 0.0000000000000000e+00
7.2164860747058737e-03 1.9823270977507350e-02 0.0000000000000000e+00
6.8644735273833178e-03 1.9049202348001320e-02 0.0000000000000000e+00
6.9088948895208576e-03 1.9517572188307991e-02 0.0000000000000000e+00
6.8975190340850112e-03 1.8632907839772131e-02 0.0000000000000000e+00
7.7574939377797530e-03 1.8221068391636171e-02 0.0000000000000000e+00
7.3403769675941767e-03 1.9172110639139751e-02 0.0000000000000000e+00
7.4242167158507632e-03 1.7904061562129939e-02 0.0000000000000000e+00
6.9037257275092849e-03 1.8193107137776981e-02 0.0000000000000000e+00
8.0742406392150211e-03 1.8490493658618781e-02 0.0000000000000000e+00
8.3483507496552537e-03 1.8822214711484819e-02 0.0000000000000000e+00
7.5882212534555986e-03 1.9614438002062640e-02 0.0000000000000000e+00
6.8497489362191214e-03 1.7255909841275330e-02 0.0000000000000000e+00
7.2446102357692803e-03 1.7552222336050499e-02 0.0000000000000000e+00
7.3937662581954281e-03 1.8574911883194021e-02 0.0000000000000000e+00
7.8698343414982923e-03 1.8928851102649039e-02 0.0000000000000000e+00
7.2308092562149325e-03 1.8214627498031991e-02 0.0000000000000000e+00
2.2516931366429044e-03 7.3753909857729684e-03 0.0000000000000000e+00
3.8862542857791026e-03 6.6645819733014066e-03 0.0000000000000000e+00
1.5390731339867704e-03 7.5629586144483063e-03 0.0000000000000000e+00
4.4951992487014926e-03 6.2850972871422509e-03 0.0000000000000000e+00
1.3359444072368455e-03 6.3669854959123506e-03 0.0000000000000000e+00
3.4938078341070085e-03 5.4162864193266569e-03 0.0000000000000000e+00
3.2372429082389636e-03 6.9625403305296728e-03 0.0000000000000000e+00
6.5275778722638923e-04 7.3224790529224041e-03 0.0000000000000000e+00
4.7635156865635962e-03 6.0855956372662910e-03 0.0000000000000000e+00
4.2993880549674242e-03 5.2048458102252164e-03 0.0000000000000000e+00
6.9580739374066540e-04 6.7217950236028324e-03 0.0000000000000000e+00
8.4086556491479647e-04 7.6975875591950450e-03 0.0000000000000000e+00
3.9249136709970488e-04 7.7227256694862786e-03 0.0000000000000000e+00
5.1255884720851543e-03 5.8188234350797846e-03 0.0000000000000000e+00
3.7727946113593285e-03 4.9294009815737767e-03 0.0000000000000000e+00
8.9623465769426644e-04 6.0723295978876244e-03 0.0000000000000000e+00
4.0890130411632671e-03 4.5578162311833139e-03 0.0000000000000000e+00
3.6227662040943940e-04 6.0121069942029393e-03 0.0000000000000000e+00
1.9394398590067445e-03 5.7558172432386704e-03 0.0000000000000000e+00
3.9448680758321954e-03 5.6676889850273346e-03 0.0000000000000000e+00
1.2086108953799795e-03 6.8023436326215244e-03 0.0000000000000000e+00
2.9413246516041985e-03 7.1017849360142903e-03 0.0000000000000000e+00
4.4677666694125156e-03 5.8184290406947886e-03 0.0000000000000000e+00
2.6451265217515003e-03 5.5120051332593952e-03 0.0000000000000000e+00
1.9265063055896035e-03 7.4550824827164259e-03 0.0000000000000000e+00
4.2371852415600576e-03 6.4961921486157044e-03 0.0000000000000000e+00
1.1595863992151004e-03 7.6439831195269752e-03 0.0000000000000000e+00
4.7685214774721759e-03 5.5124837387534147e-03 0.0000000000000000e+00
3.5573944386375345e-03 6.8612576367490241e-03 0.0000000000000000e+00
1.5950338868864955e-03 6.0855466857071628e-03 0.0000000000000000e+00
3.6622217614671482e-03 4.4629644016084824e-03 0.0000000000000000e+00
1.4306030366196614e-03 5.7545452852067261e-03 0.0000000000000000e+00
2.3237580955054135e-03 6.9173972979683250e-03 0.0000000000000000e+00
3.2612930234385295e-03 6.4999043616832371e-03 0.0000000000000000e+00
1.7378725275717434e-03 6.4399653155813724e-03 0.0000000000000000e+00
2.6289855788698313e-03 6.1586702274853081e-03 0.0000000000000000e+00
1.4519651356739314e-03 7.2683822998751060e-03 0.0000000000000000e+00
3.7067036309236254e-03 6.2745096772813076e-03 0.0000000000000000e+00
2.6468203792450054e-03 7.2419394859565339e-03 0.0000000000000000e+00
4.1457165625303242e-03 6.1312295861330451e-03 0.0000000000000000e+00
3.1443091039062582e-03 5.0748218046293148e-03 0.0000000000000000e+00
1.1437159835519365e-03 7.2500326480923740e-03 0.0000000000000000e+00
3.1028607863890245e-03 5.8552217342193293e-03 0.0000000000000000e+00
2.7863608480898604e-03 6.6419518058080888e-03 0.0000000000000000e+00
2.1677903308842616e-03 6.3089122480982397e-03 0.0000000000000000e+00
1.7155401117106743e-03 6.9726831404061411e-03 0.0000000000000000e+00
3.5949326555829103e-03 5.9549634735727519e-03 0.0000000000000000e+00
1.6991974338169530e-18 2.7750000000000000e-02 0.0000000000000000e+00
2.7666666666666669e-02 0.0000000000000000e+00 0.0000000000000000e+00
1.6940947388205049e-18 2.7666666666666669e-02 0.0000000000000000e+00
2.7583333333333331e-02 0.0000000000000000e+00 0.0000000000000000e+00
1.6889920438240579e-18 2.7583333333333331e-02 0.0000000000000000e+00
2.4216136007988121e-04 2.7748943365030750e-02 0.0000000000000000e+00
4.8430427863460689e-04 2.7745773540589859e-02 0.0000000000000000e+00
7.2641031554347897e-04 2.7740490768071710e-02 0.0000000000000000e+00
9.6846103349438597e-04 2.7733095449779911e-02 0.0000000000000000e+00
1.2104379993880671e-03 2.7723588148896559e-02 0.0000000000000000e+00
1.4523227857416950e-03 2.7711969589439420e-02 0.0000000000000000e+00
1.6940969720922660e-03 2.7698240656206810e-02 0.0000000000000000e+00
1.9357421463994751e-03 2.7682402394710121e-02 0.0000000000000000e+00
2.1772399064476800e-03 2.7664456011094300e-02 0.0000000000000000e+00
2.4185718612475060e-03 2.7644402872045941e-02 0.0000000000000000e+00
2.6597196324362180e-03 2.7622244504689211e-02 0.0000000000000000e+00
2.9006648556773700e-03 2.7597982596469589e-02 0.0000000000000000e+00
3.1413891820594080e-03 2.7571618995025301e-02 0.0000000000000000e+00
3.3818742794928238e-03 2.7543155708046690e-02 0.0000000000000000e+00
3.6221018341064228e-03 2.7512594903123241e-02 0.0000000000000000e+00
3.8620535516418171e-03 2.7479938907578581e-02 0.0000000000000000e+00
4.1017111588466807e-03 2.7445190208293200e-02 0.0000000000000000e+00
4.3410564048664011e-03 2.7408351451515069e-02 0.0000000000000000e+00
4.5800710626337851e-03 2.7369425442658180e-02 0.0000000000000000e+00
4.8187369302573066e-03 2.7328415146088771e-02 0.0000000000000000e+00
5.0570358324070674e-03 2.7285323684899741e-02 0.0000000000000000e+00
5.2949496216991030e-03 2.7240154340672680e-02 0.0000000000000000e+00
5.5324601800772148e-03 2.7192910553228020e-02 0.0000000000000000e+00
5.7695494201928004e-03 2.7143595920363112e-02 0.0000000000000000e+00
6.0061992867823429e-03 2.7092214197578159e-02 0.0000000000000000e+00
6.2423917580422270e-03 2.7038769297790290e-02 0.0000000000000000e+00
6.4781088470013577e-03 2.6983265291035528e-02 0.0000000000000000e+00
6.7133326028907718e-03 2.6925706404158901e-02 0.0000000000000000e+00
6.9480451125107272e-03 2.6866097020492499e-02 0.0000000000000000e+00
7.1822285015949380e-03 2.6804441679521649e-02 0.0000000000000000e+00
7.4158649361716006e-03 2.6740745076539299e-02 0.0000000000000000e+00
7.6489366239217080e-03 2.6675012062288350e-02 0.0000000000000000e+00
7.8814258155338445e-03 2.6607247642592358e-02 0.0000000000000000e+00
8.1133148060559216e-03 2.6537456977974241e-02 0.0000000000000000e+00
8.3445859362435652e-03 2.6465645383263299e-02 0.0000000000000000e+00
8.5752215939047631e-03 2.6391818327190519e-02 0.0000000000000000e+00
8.8052042152412871e-03 2.6315981431972040e-02 0.0000000000000000e+00
9.0345162861860881e-03 2.6238140472881050e-02 0.0000000000000000e+00
9.2631403437371199e-03 2.6158301377807960e-02 0.0000000000000000e+00
9.4910589772872912e-03 2.6076470226808961e-02 0.0000000000000000e+00
9.7182548299501927e-03 2.5992653251643041e-02 0.0000000000000000e+00
9.9447105998820631e-03 2.5906856835297361e-02 0.0000000000000000e+00
1.0170409041599240e-02 2.5819087511501190e-02 0.0000000000000000e+00
1.0395332967291530e-02 2.5729351964228361e-02 0.0000000000000000e+00
1.0619465248131231e-02 2.5637657027188211e-02 0.0000000000000000e+00
1.0842788815577320e-02 2.5544009683305231e-02 0.0000000000000000e+00
1.1065286662675561e-02 2.5448417064187202e-02 0.0000000000000000e+00
1.1286941845353440e-02 2.5350886449582180e-02 0.0000000000000000e+00
1.1507737483710610e-02 2.5251425266824092e-02 0.0000000000000000e+00
1.1727656763304390e-02 2.5150041090267049e-02 0.0000000000000000e+00
1.1946682936430159e-02 2.5046741640708650e-02 0.0000000000000000e+00
1.2164799323396879e-02 2.4941534784801891e-02 0.0000000000000000e+00
1.2381989313797180e-02 2.4834428534456200e-02 0.0000000000000000e+00
1.2598236367772400e-02 2.4725431046227219e-02 0.0000000000000000e+00
1.2813524017272170e-02 2.4614550620695660e-02 0.0000000000000000e+00
1.3027835867308440e-02 2.4501795701835239e-02 0.0000000000000000e+00
1.3241155597204110e-02 2.4387174876369551e-02 0.0000000000000000e+00
1.3453466961835839e-02 2.4270696873118239e-02 0.0000000000000000e+00
1.3664753792871191e-02 2.4152370562332229e-02 0.0000000000000000e+00
1.3874999999999979e-02 2.4032204955018181e-02 0.0000000000000000e+00
1.4084189572159509e-02 2.3910209202252359e-02 0.0000000000000000e+00
1.4292306578753980e-02 2.3786392594483629e-02 0.0000000000000000e+00
1.4499335170867570e-02 2.3660764560826070e-02 0.0000000000000000e+00
1.4705259582471410e-02 2.3533334668340841e-02 0.0000000000000000e+00
1.4910064131624341e-02 2.3404112621307590e-02 0.0000000000000000e+00
1.5113733221666970e-02 2.3273108260485540e-02 0.0000000000000000e+00
1.5316251342409590e-02 2.3140331562363930e-02 0.0000000000000000e+00
1.5517603071313210e-02 2.3005792638402418e-02 0.0000000000000000e+00
1.5717773074664081e-02 2.2869501734260951e-02 0.0000000000000000e+00
1.5916746108741511e-02 2.2731469229019540e-02 0.0000000000000000e+00
1.6114507020978549e-02 2.2591705634387879e-02 0.0000000000000000e+00
1.6311040751116109e-02 2.2450221593904810e-02 0.0000000000000000e+00
1.6506332332349681e-02 2.2307027882127808e-02 0.0000000000000000e+00
1.6700366892469311e-02 2.2162135403812400e-02 0.0000000000000000e+00
1.6893129654991981e-02 2.2015555193081789e-02 0.0000000000000000e+00
1.7084605940286979e-02 2.1867298412586559e-02 0.0000000000000000e+00
1.7274781166693919e-02 2.1717376352654510e-02 0.0000000000000000e+00
1.7463640851632951e-02 2.1565800430430972e-02 0.0000000000000000e+00
1.7651170612707920e-02 2.1412582189009249e-02 0.0000000000000000e+00
1.7837356168801451e-02 2.1257733296551659e-02 0.0000000000000000e+00
1.8022183341162561e-02 2.1101265545400889e-02 0.0000000000000000e+00
1.8205638054486550e-02 2.0943190851181941e-02 0.0000000000000000e+00
1.8387706337986680e-02 2.0783521251894841e-02 0.0000000000000000e+00
1.8568374326458290e-02 2.0622268906997719e-02 0.0000000000000000e+00
1.8747628261334550e-02 2.0459446096480961e-02 0.0000000000000000e+00
1.8925454491734300e-02 2.0295065219932011e-02 0.0000000000000000e+00
1.9101839475501651e-02 2.0129138795591011e-02 0.0000000000000000e+00
1.9276769780237141e-02 1.9961679459397610e-02 0.0000000000000000e+00
1.9450232084320840e-02 1.9792699964028569e-02 0.0000000000000000e+00
1.9622213177926659e-02 1.9622213177926728e-02 0.0000000000000000e+00
1.9792699964028510e-02 1.9450232084320899e-02 0.0000000000000000e+00
1.9961679459397540e-02 1.9276769780237200e-02 0.0000000000000000e+00
2.0129138795590949e-02 1.9101839475501710e-02 0.0000000000000000e+00
2.0295065219931949e-02 1.8925454491734359e-02 0.0000000000000000e+00
2.0459446096480920e-02 1.8747628261334599e-02 0.0000000000000000e+00
2.0622268906997660e-02 1.8568374326458349e-02 0.0000000000000000e+00
2.0783521251894789e-02 1.8387706337986739e-02 0.0000000000000000e+00
2.0943190851181889e-02 1.8205638054486620e-02 0.0000000000000000e+00
2.1101265545400830e-02 1.8022183341162630e-02 0.0000000000000000e+00
2.1257733296551621e-02 1.7837356168801489e-02 0.0000000000000000e+00
2.1412582189009200e-02 1.7651170612707989e-02 0.0000000000000000e+00
2.1565800430430920e-02 1.7463640851633020e-02 0.0000000000000000e+00
2.1717376352654472e-02 1.7274781166693971e-02 0.0000000000000000e+00
2.1867298412586510e-02 1.7084605940287049e-02 0.0000000000000000e+00
2.2015555193081751e-02 1.6893129654992029e-02 0.0000000000000000e+00
2.2162135403812341e-02 1.6700366892469381e-02 0.0000000000000000e+00
2.2307027882127760e-02 1.6506332332349750e-02 0.0000000000000000e+00
2.2450221593904768e-02 1.6311040751116151e-02 0.0000000000000000e+00
2.2591705634387831e-02 1.6114507020978611e-02 0.0000000000000000e+00
2.2731469229019498e-02 1.5916746108741560e-02 0.0000000000000000e+00
2.2869501734260920e-02 1.5717773074664130e-02 0.0000000000000000e+00
2.3005792638402380e-02 1.5517603071313260e-02 0.0000000000000000e+00
2.3140331562363899e-02 1.5316251342409640e-02 0.0000000000000000e+00
2.3273108260485509e-02 1.5113733221667021e-02 0.0000000000000000e+00
2.3404112621307559e-02 1.4910064131624391e-02 0.0000000000000000e+00
2.3533334668340809e-02 1.4705259582471460e-02 0.0000000000000000e+00
2.3660764560826039e-02 1.4499335170867621e-02 0.0000000000000000e+00
2.3786392594483601e-02 1.4292306578754030e-02 0.0000000000000000e+00
2.3910209202252331e-02 1.4084189572159560e-02 0.0000000000000000e+00
2.4032204955018149e-02 1.3875000000000030e-02 0.0000000000000000e+00
2.4152370562332201e-02 1.3664753792871241e-02 0.0000000000000000e+00
2.4270696873118211e-02 1.3453466961835889e-02 0.0000000000000000e+00
2.4387174876369520e-02 1.3241155597204160e-02 0.0000000000000000e+00
2.4501795701835211e-02 1.3027835867308490e-02 0.0000000000000000e+00
2.4614550620695629e-02 1.2813524017272230e-02 0.0000000000000000e+00
2.4725431046227191e-02 1.2598236367772450e-02 0.0000000000000000e+00
2.4834428534456190e-02 1.2381989313797210e-02 0.0000000000000000e+00
2.4941534784801871e-02 1.2164799323396929e-02 0.0000000000000000e+00
2.5046741640708619e-02 1.1946682936430210e-02 0.0000000000000000e+00
2.5150041090267031e-02 1.1727656763304419e-02 0.0000000000000000e+00
2.5251425266824060e-02 1.1507737483710661e-02 0.0000000000000000e+00
2.5350886449582170e-02 1.1286941845353480e-02 0.0000000000000000e+00
2.5448417064187181e-02 1.1065286662675620e-02 0.0000000000000000e+00
2.5544009683305210e-02 1.0842788815577370e-02 0.0000000000000000e+00
2.5637657027188201e-02 1.0619465248131260e-02 0.0000000000000000e+00
2.5729351964228341e-02 1.0395332967291591e-02 0.0000000000000000e+00
2.5819087511501169e-02 1.0170409041599269e-02 0.0000000000000000e+00
2.5906856835297341e-02 9.9447105998820961e-03 0.0000000000000000e+00
2.5992653251643020e-02 9.7182548299502500e-03 0.0000000000000000e+00
2.6076470226808951e-02 9.4910589772873276e-03 0.0000000000000000e+00
2.6158301377807940e-02 9.2631403437371772e-03 0.0000000000000000e+00
2.6238140472881030e-02 9.0345162861861211e-03 0.0000000000000000e+00
2.6315981431972030e-02 8.8052042152413218e-03 0.0000000000000000e+00
2.6391818327190501e-02 8.5752215939048203e-03 0.0000000000000000e+00
2.6465645383263289e-02 8.3445859362435999e-03 0.0000000000000000e+00
2.6537456977974230e-02 8.1133148060559563e-03 0.0000000000000000e+00
2.6607247642592351e-02 7.8814258155338775e-03 0.0000000000000000e+00
2.6675012062288339e-02 7.6489366239217444e-03 0.0000000000000000e+00
2.6740745076539289e-02 7.4158649361716353e-03 0.0000000000000000e+00
2.6804441679521639e-02 7.1822285015949736e-03 0.0000000000000000e+00
2.6866097020492492e-02 6.9480451125107628e-03 0.0000000000000000e+00
2.6925706404158901e-02 6.7133326028908074e-03 0.0000000000000000e+00
2.6983265291035521e-02 6.4781088470013942e-03 0.0000000000000000e+00
2.7038769297790279e-02 6.2423917580422634e-03 0.0000000000000000e+00
2.7092214197578141e-02 6.0061992867823776e-03 0.0000000000000000e+00
2.7143595920363101e-02 5.7695494201928368e-03 0.0000000000000000e+00
2.7192910553228020e-02 5.5324601800772512e-03 0.0000000000000000e+00
2.7240154340672670e-02 5.2949496216991394e-03 0.0000000000000000e+00
2.7285323684899741e-02 5.0570358324071021e-03 0.0000000000000000e+00
2.7328415146088771e-02 4.8187369302573179e-03 0.0000000000000000e+00
2.7369425442658170e-02 4.5800710626338224e-03 0.0000000000000000e+00
2.7408351451515069e-02 4.3410564048664132e-03 0.0000000000000000e+00
2.7445190208293190e-02 4.1017111588467162e-03 0.0000000000000000e+00
2.7479938907578570e-02 3.8620535516418280e-03 0.0000000000000000e+00
2.7512594903123241e-02 3.6221018341064341e-03 0.0000000000000000e+00
2.7543155708046690e-02 3.3818742794928598e-03 0.0000000000000000e+00
2.7571618995025301e-02 3.1413891820594201e-03 0.0000000000000000e+00
2.7597982596469589e-02 2.9006648556774068e-03 0.0000000000000000e+00
2.7622244504689211e-02 2.6597196324362289e-03 0.0000000000000000e+00
2.7644402872045941e-02 2.4185718612475182e-03 0.0000000000000000e+00
2.7664456011094300e-02 2.1772399064477160e-03 0.0000000000000000e+00
2.7682402394710121e-02 1.9357421463994859e-03 0.0000000000000000e+00
2.7698240656206810e-02 1.6940969720922780e-03 0.0000000000000000e+00
2.7711969589439420e-02 1.4523227857417061e-03 0.0000000000000000e+00
2.7723588148896559e-02 1.2104379993880790e-03 0.0000000000000000e+00
2.7733095449779911e-02 9.6846103349439790e-04 0.0000000000000000e+00
2.7740490768071710e-02 7.2641031554349089e-04 0.0000000000000000e+00
2.7745773540589859e-02 4.8430427863461881e-04 0.0000000000000000e+00
2.7748943365030750e-02 2.4216136007989311e-04 0.0000000000000000e+00
2.7665613204775411e-02 2.4143414878833940e-04 0.0000000000000000e+00
2.7662452899326829e-02 4.8284991143150171e-04 0.0000000000000000e+00
2.7657185990990419e-02 7.2422890318449122e-04 0.0000000000000000e+00
2.7649812880861650e-02 9.6555274210252489e-04 0.0000000000000000e+00
2.7640334130431401e-02 1.2068030504409581e-03 0.0000000000000000e+00
2.7628750461543210e-02 1.4479614560547721e-03 0.0000000000000000e+00
2.7615062756338321e-02 1.6890095937976959e-03 0.0000000000000000e+00
2.7599272057188470e-02 1.9299291069207990e-03 0.0000000000000000e+00
2.7581379566616541e-02 2.1707016484703730e-03 0.0000000000000000e+00
2.7561386647204960e-02 2.4113088826852032e-03 0.0000000000000000e+00
2.7539294821491950e-02 2.6517324863928552e-03 0.0000000000000000e+00
2.7515105771855560e-02 2.8919541504050681e-03 0.0000000000000000e+00
2.7488821340385591e-02 3.1319555809120720e-03 0.0000000000000000e+00
2.7460443528743241e-02 3.3717185008757420e-03 0.0000000000000000e+00
2.7429974498008759e-02 3.6112246514214200e-03 0.0000000000000000e+00
2.7397416568516780e-02 3.8504557932284669e-03 0.0000000000000000e+00
2.7362772219679699e-02 4.0893937079192139e-03 0.0000000000000000e+00
2.7326044089798811e-02 4.3280201994463719e-03 0.0000000000000000e+00
2.7287234975863401e-02 4.5663170954787424e-03 0.0000000000000000e+00
2.7246347833337761e-02 4.8042662487850626e-03 0.0000000000000000e+00
2.7203385775936079e-02 5.0418495386160677e-03 0.0000000000000000e+00
2.7158352075385368e-02 5.2790488720843923e-03 0.0000000000000000e+00
2.7111250161176291e-02 5.5158461855424386e-03 0.0000000000000000e+00
2.7062083620301960e-02 5.7522234459579883e-03 0.0000000000000000e+00
2.7010856196984821e-02 5.9881626522875027e-03 0.0000000000000000e+00
2.6957571792391510e-02 6.2236458368469189e-03 0.0000000000000000e+00
2.6902234464335720e-02 6.4586550666800354e-03 0.0000000000000000e+00
2.6844848426969239e-02 6.6931724449241217e-03 0.0000000000000000e+00
2.6785418050460991e-02 6.9271801121728576e-03 0.0000000000000000e+00
2.6723947860664229e-02 7.1606602478363826e-03 0.0000000000000000e+00
2.6660442538771909e-02 7.3935950714984246e-03 0.0000000000000000e+00
2.6594906920960160e-02 7.6259668442702948e-03 0.0000000000000000e+00
2.6527345998020011e-02 7.8577578701418405e-03 0.0000000000000000e+00
2.6457764914977321e-02 8.0889504973290279e-03 0.0000000000000000e+00
2.6386168970700952e-02 8.3195271196181975e-03 0.0000000000000000e+00
2.6312563617499250e-02 8.5494701777068631e-03 0.0000000000000000e+00
2.6236954460704849e-02 8.7787621605408643e-03 0.0000000000000000e+00
2.6159347258247770e-02 9.0073856066479798e-03 0.0000000000000000e+00
2.6079747920216941e-02 9.2353231054676400e-03 0.0000000000000000e+00
2.5998162508410139e-02 9.4625572986768089e-03 0.0000000000000000e+00
2.5914597235872340e-02 9.6890708815119044e-03 0.0000000000000000e+00
2.5829058466422590e-02 9.9148466040866225e-03 0.0000000000000000e+00
2.5741552714169350e-02 1.0139867272705541e-02 0.0000000000000000e+00
2.5652086643014459e-02 1.0364115751173540e-02 0.0000000000000000e+00
2.5560667066145609e-02 1.0587574962100790e-02 0.0000000000000000e+00
2.5467300945517531e-02 1.0810227888203209e-02 0.0000000000000000e+00
2.5371995391321778e-02 1.1032057573598450e-02 0.0000000000000000e+00
2.5274757661445300e-02 1.1253047125097121e-02 0.0000000000000000e+00
2.5175595160917712e-02 1.1473179713489261e-02 0.0000000000000000e+00
2.5074515441347329e-02 1.1692438574825990e-02 0.0000000000000000e+00
2.4971526200346161e-02 1.1910807011696140e-02 0.0000000000000000e+00
2.4866635280943631e-02 1.2128268394497790e-02 0.0000000000000000e+00
2.4759850670989372e-02 1.2344806162704690e-02 0.0000000000000000e+00
2.4651180502544862e-02 1.2560403826127440e-02 0.0000000000000000e+00
2.4540633051264148e-02 1.2775044966169239e-02 0.0000000000000000e+00
2.4428216735763651e-02 1.2988713237076290e-02 0.0000000000000000e+00
2.4313940116981049e-02 1.3201392367182480e-02 0.0000000000000000e+00
2.4197811897523298e-02 1.3413066160148630e-02 0.0000000000000000e+00
2.4079840921003910e-02 1.3623718496195900e-02 0.0000000000000000e+00
2.3960036171369482e-02 1.3833333333333321e-02 0.0000000000000000e+00
2.3838406772215551e-02 1.4041894708579460e-02 0.0000000000000000e+00
2.3714961986091791e-02 1.4249386739178140e-02 0.0000000000000000e+00
2.3589711213796570e-02 1.4455793623807891e-02 0.0000000000000000e+00
2.3462663993661131e-02 1.4661099643785321e-02 0.0000000000000000e+00
2.3333830000823182e-02 1.4865289164262109e-02 0.0000000000000000e+00
2.3203219046490080e-02 1.5068346635415730e-02 0.0000000000000000e+00
2.3070841077191671e-02 1.5270256593633590e-02 0.0000000000000000e+00
2.2936706174022839e-02 1.5471003662690641e-02 0.0000000000000000e+00
2.2800824551875779e-02 1.5670572554920360e-02 0.0000000000000000e+00
2.2663206558662118e-02 1.5868948072378920e-02 0.0000000000000000e+00
2.2523862674524851e-02 1.6066115108002640e-02 0.0000000000000000e+00
2.2382803511040220e-02 1.6262058646758410e-02 0.0000000000000000e+00
2.2240039810409690e-02 1.6456763766787091e-02 0.0000000000000000e+00
2.2095582444641781e-02 1.6650215640539982e-02 0.0000000000000000e+00
2.1949442414724189e-02 1.6842399535907920e-02 0.0000000000000000e+00
2.1801630849785991e-02 1.7033300817343191e-02 0.0000000000000000e+00
2.1652159006250130e-02 1.7222904946974128e-02 0.0000000000000000e+00
2.1501038266976209e-02 1.7411197485712151e-02 0.0000000000000000e+00
2.1348280140393600e-02 1.7598164094351450e-02 0.0000000000000000e+00
2.1193896259625079e-02 1.7783790534660900e-02 0.0000000000000000e+00
2.1037898381600868e-02 1.7968062670468399e-02 0.0000000000000000e+00
2.0880298386163371e-02 1.8150966468737349e-02 0.0000000000000000e+00
2.0721108275162409e-02 1.8332488000635389e-02 0.0000000000000000e+00
2.0560340171541260e-02 1.8512613442595059e-02 0.0000000000000000e+00
2.0398006318413441e-02 1.8691329077366588e-02 0.0000000000000000e+00
2.0234119078130389e-02 1.8868621295062449e-02 0.0000000000000000e+00
2.0068690931339971e-02 1.9044476594193841e-02 0.0000000000000000e+00
1.9901734476036031e-02 1.9218881582698910e-02 0.0000000000000000e+00
1.9733262426599028e-02 1.9391822978962529e-02 0.0000000000000000e+00
1.9563287612827829e-02 1.9563287612827801e-02 0.0000000000000000e+00
1.9391822978962549e-02 1.9733262426599011e-02 0.0000000000000000e+00
1.9218881582698941e-02 1.9901734476036000e-02 0.0000000000000000e+00
1.9044476594193869e-02 2.0068690931339950e-02 0.0000000000000000e+00
1.8868621295062470e-02 2.0234119078130369e-02 0.0000000000000000e+00
1.8691329077366609e-02 2.0398006318413420e-02 0.0000000000000000e+00
1.8512613442595090e-02 2.0560340171541229e-02 0.0000000000000000e+00
1.8332488000635420e-02 2.0721108275162381e-02 0.0000000000000000e+00
1.8150966468737390e-02 2.0880298386163339e-02 0.0000000000000000e+00
1.7968062670468431e-02 2.1037898381600851e-02 0.0000000000000000e+00
1.7783790534660941e-02 2.1193896259625040e-02 0.0000000000000000e+00
1.7598164094351491e-02 2.1348280140393569e-02 0.0000000000000000e+00
1.7411197485712179e-02 2.1501038266976181e-02 0.0000000000000000e+00
1.7222904946974159e-02 2.1652159006250098e-02 0.0000000000000000e+00
1.7033300817343229e-02 2.1801630849785959e-02 0.0000000000000000e+00
1.6842399535907961e-02 2.1949442414724150e-02 0.0000000000000000e+00
1.6650215640540020e-02 2.2095582444641760e-02 0.0000000000000000e+00
1.6456763766787119e-02 2.2240039810409670e-02 0.0000000000000000e+00
1.6262058646758452e-02 2.2382803511040189e-02 0.0000000000000000e+00
1.6066115108002679e-02 2.2523862674524820e-02 0.0000000000000000e+00
1.5868948072378972e-02 2.2663206558662080e-02 0.0000000000000000e+00
1.5670572554920398e-02 2.2800824551875751e-02 0.0000000000000000e+00
1.5471003662690670e-02 2.2936706174022811e-02 0.0000000000000000e+00
1.5270256593633630e-02 2.3070841077191630e-02 0.0000000000000000e+00
1.5068346635415770e-02 2.3203219046490049e-02 0.0000000000000000e+00
1.4865289164262141e-02 2.3333830000823161e-02 0.0000000000000000e+00
1.4661099643785360e-02 2.3462663993661110e-02 0.0000000000000000e+00
1.4455793623807930e-02 2.3589711213796539e-02 0.0000000000000000e+00
1.4249386739178169e-02 2.3714961986091770e-02 0.0000000000000000e+00
1.4041894708579500e-02 2.3838406772215531e-02 0.0000000000000000e+00
1.3833333333333350e-02 2.3960036171369461e-02 0.0000000000000000e+00
1.3623718496195951e-02 2.4079840921003879e-02 0.0000000000000000e+00
1.3413066160148670e-02 2.4197811897523271e-02 0.0000000000000000e+00
1.3201392367182509e-02 2.4313940116981039e-02 0.0000000000000000e+00
1.2988713237076330e-02 2.4428216735763630e-02 0.0000000000000000e+00
1.2775044966169279e-02 2.4540633051264131e-02 0.0000000000000000e+00
1.2560403826127491e-02 2.4651180502544830e-02 0.0000000000000000e+00
1.2344806162704730e-02 2.4759850670989351e-02 0.0000000000000000e+00
1.2128268394497819e-02 2.4866635280943610e-02 0.0000000000000000e+00
1.1910807011696190e-02 2.4971526200346129e-02 0.0000000000000000e+00
1.1692438574826030e-02 2.5074515441347311e-02 0.0000000000000000e+00
1.1473179713489290e-02 2.5175595160917691e-02 0.0000000000000000e+00
1.1253047125097160e-02 2.5274757661445279e-02 0.0000000000000000e+00
1.1032057573598490e-02 2.5371995391321761e-02 0.0000000000000000e+00
1.0810227888203260e-02 2.5467300945517499e-02 0.0000000000000000e+00
1.0587574962100830e-02 2.5560667066145591e-02 0.0000000000000000e+00
1.0364115751173570e-02 2.5652086643014448e-02 0.0000000000000000e+00
1.0139867272705581e-02 2.5741552714169339e-02 0.0000000000000000e+00
9.9148466040866520e-03 2.5829058466422580e-02 0.0000000000000000e+00
9.6890708815119599e-03 2.5914597235872319e-02 0.0000000000000000e+00
9.4625572986768523e-03 2.5998162508410121e-02 0.0000000000000000e+00
9.2353231054676712e-03 2.6079747920216931e-02 0.0000000000000000e+00
9.0073856066480232e-03 2.6159347258247759e-02 0.0000000000000000e+00
8.7787621605408955e-03 2.6236954460704849e-02 0.0000000000000000e+00
8.5494701777068822e-03 2.6312563617499250e-02 0.0000000000000000e+00
8.3195271196182408e-03 2.6386168970700941e-02 0.0000000000000000e+00
8.0889504973290591e-03 2.6457764914977311e-02 0.0000000000000000e+00
7.8577578701418595e-03 2.6527345998020011e-02 0.0000000000000000e+00
7.6259668442703252e-03 2.6594906920960150e-02 0.0000000000000000e+00
7.3935950714984454e-03 2.6660442538771902e-02 0.0000000000000000e+00
7.1606602478364286e-03 2.6723947860664211e-02 0.0000000000000000e+00
6.9271801121728914e-03 2.6785418050460981e-02 0.0000000000000000e+00
6.6931724449241416e-03 2.6844848426969239e-02 0.0000000000000000e+00
6.4586550666800658e-03 2.6902234464335709e-02 0.0000000000000000e+00
6.2236458368469388e-03 2.6957571792391510e-02 0.0000000000000000e+00
5.9881626522875347e-03 2.7010856196984821e-02 0.0000000000000000e+00
5.7522234459580204e-03 2.7062083620301949e-02 0.0000000000000000e+00
5.5158461855424586e-03 2.7111250161176281e-02 0.0000000000000000e+00
5.2790488720844244e-03 2.7158352075385361e-02 0.0000000000000000e+00
5.0418495386160894e-03 2.7203385775936069e-02 0.0000000000000000e+00
4.8042662487850721e-03 2.7246347833337750e-02 0.0000000000000000e+00
4.5663170954787623e-03 2.7287234975863401e-02 0.0000000000000000e+00
4.3280201994463918e-03 2.7326044089798811e-02 0.0000000000000000e+00
4.0893937079192469e-03 2.7362772219679699e-02 0.0000000000000000e+00
3.8504557932284881e-03 2.7397416568516780e-02 0.0000000000000000e+00
3.6112246514214282e-03 2.7429974498008752e-02 0.0000000000000000e+00
3.3717185008757620e-03 2.7460443528743241e-02 0.0000000000000000e+00
3.1319555809120919e-03 2.7488821340385581e-02 0.0000000000000000e+00
2.8919541504050759e-03 2.7515105771855560e-02 0.0000000000000000e+00
2.6517324863928752e-03 2.7539294821491939e-02 0.0000000000000000e+00
2.4113088826852110e-03 2.7561386647204960e-02 0.0000000000000000e+00
2.1707016484703938e-03 2.7581379566616541e-02 0.0000000000000000e+00
1.9299291069208081e-03 2.7599272057188470e-02 0.0000000000000000e+00
1.6890095937977050e-03 2.7615062756338321e-02 0.0000000000000000e+00
1.4479614560547920e-03 2.7628750461543210e-02 0.0000000000000000e+00
1.2068030504409661e-03 2.7640334130431401e-02 0.0000000000000000e+00
9.6555274210252098e-04 2.7649812880861650e-02 0.0000000000000000e+00
7.2422890318449968e-04 2.7657185990990419e-02 0.0000000000000000e+00
4.8284991143151011e-04 2.7662452899326829e-02 0.0000000000000000e+00
2.4143414878836019e-04 2.7665613204775411e-02 0.0000000000000000e+00
2.7582283044520060e-02 2.4070693749680819e-04 0.0000000000000000e+00
2.7579132258063799e-02 4.8139554422839468e-04 0.0000000000000000e+00
2.7573881213909121e-02 7.2204749082550184e-04 0.0000000000000000e+00
2.7566530311943390e-02 9.6264445071064992e-04 0.0000000000000000e+00
2.7557080111966250e-02 1.2031681014938471e-03 0.0000000000000000e+00
2.7545531333647000e-02 1.4436001263678599e-03 0.0000000000000000e+00
2.7531884856469829e-02 1.6839222155031249e-03 0.0000000000000000e+00
2.7516141719666820e-02 1.9241160674421101e-03 0.0000000000000000e+00
2.7498303122138780e-02 2.1641633904930530e-03 0.0000000000000000e+00
2.7478370422363979e-02 2.4040459041228990e-03 0.0000000000000000e+00
2.7456345138294681e-02 2.6437453403495028e-03 0.0000000000000000e+00
2.7432228947241542e-02 2.8832434451327642e-03 0.0000000000000000e+00
2.7406023685745871e-02 3.1225219797647460e-03 0.0000000000000000e+00
2.7377731349439799e-02 3.3615627222586468e-03 0.0000000000000000e+00
2.7347354092894269e-02 3.6003474687364158e-03 0.0000000000000000e+00
2.7314894229454989e-02 3.8388580348151292e-03 0.0000000000000000e+00
2.7280354231066211e-02 4.0770762569917471e-03 0.0000000000000000e+00
2.7243736728082550e-02 4.3149839940263531e-03 0.0000000000000000e+00
2.7205044509068639e-02 4.5525631283236737e-03 0.0000000000000000e+00
2.7164280520586739e-02 4.7897955673128203e-03 0.0000000000000000e+00
2.7121447866972421e-02 5.0266632448250559e-03 0.0000000000000000e+00
2.7076549810098070e-02 5.2631481224696807e-03 0.0000000000000000e+00
2.7029589769124559e-02 5.4992321910076730e-03 0.0000000000000000e+00
2.6980571320240811e-02 5.7348974717231754e-03 0.0000000000000000e+00
2.6929498196391500e-02 5.9701260177926624e-03 0.0000000000000000e+00
2.6876374286992740e-02 6.2048999156515969e-03 0.0000000000000000e+00
2.6821203637635922e-02 6.4392012863587096e-03 0.0000000000000000e+00
2.6763990449779569e-02 6.6730122869574837e-03 0.0000000000000000e+00
2.6704739080429481e-02 6.9063151118349889e-03 0.0000000000000000e+00
2.6643454041806802e-02 7.1390919940778532e-03 0.0000000000000000e+00
2.6580140001004521e-02 7.3713252068252381e-03 0.0000000000000000e+00
2.6514801779631971e-02 7.6029970646188791e-03 0.0000000000000000e+00
2.6447444353447671e-02 7.8340899247498468e-03 0.0000000000000000e+00
2.6378072851980398e-02 8.0645861886021464e-03 0.0000000000000000e+00
2.6306692558138601e-02 8.2944683029928558e-03 0.0000000000000000e+00
2.6233308907807989e-02 8.5237187615089527e-03 0.0000000000000000e+00
2.6157927489437668e-02 8.7523201058404398e-03 0.0000000000000000e+00
2.6080554043614500e-02 8.9802549271098854e-03 0.0000000000000000e+00
2.6001194462625929e-02 9.2075058671981704e-03 0.0000000000000000e+00
2.5919854790011309e-02 9.4340556200663492e-03 0.0000000000000000e+00
2.5836541220101639e-02 9.6598869330736283e-03 0.0000000000000000e+00
2.5751260097547819e-02 9.8849826082911818e-03 0.0000000000000000e+00
2.5664017916837520e-02 1.0109325503811850e-02 0.0000000000000000e+00
2.5574821321800559e-02 1.0332898535055561e-02 0.0000000000000000e+00
2.5483677105102999e-02 1.0555684676070379e-02 0.0000000000000000e+00
2.5390592207729819e-02 1.0777666960829119e-02 0.0000000000000000e+00
2.5295573718456352e-02 1.0998828484521359e-02 0.0000000000000000e+00
2.5198628873308419e-02 1.1219152404840799e-02 0.0000000000000000e+00
2.5099765055011328e-02 1.1438621943267901e-02 0.0000000000000000e+00
2.4998989792427609e-02 1.1657220386347599e-02 0.0000000000000000e+00
2.4896310759983671e-02 1.1874931086962120e-02 0.0000000000000000e+00
2.4791735777085371e-02 1.2091737465598700e-02 0.0000000000000000e+00
2.4685272807522540e-02 1.2307623011612199e-02 0.0000000000000000e+00
2.4576929958862490e-02 1.2522571284482470e-02 0.0000000000000000e+00
2.4466715481832629e-02 1.2736565915066320e-02 0.0000000000000000e+00
2.4354637769692090e-02 1.2949590606844120e-02 0.0000000000000000e+00
2.4240705357592561e-02 1.3161629137160831e-02 0.0000000000000000e+00
2.4124926921928351e-02 1.3372665358461440e-02 0.0000000000000000e+00
2.4007311279675581e-02 1.3582683199520610e-02 0.0000000000000000e+00
2.3887867387720779e-02 1.3791666666666640e-02 0.0000000000000000e+00
2.3766604342178772e-02 1.3999599844999390e-02 0.0000000000000000e+00
2.3643531377699950e-02 1.4206466899602300e-02 0.0000000000000000e+00
2.3518657866767070e-02 1.4412252076748219e-02 0.0000000000000000e+00
2.3391993318981438e-02 1.4616939705099200e-02 0.0000000000000000e+00
2.3263547380338780e-02 1.4820514196899859e-02 0.0000000000000000e+00
2.3133329832494630e-02 1.5022960049164470e-02 0.0000000000000000e+00
2.3001350592019409e-02 1.5224261844857570e-02 0.0000000000000000e+00
2.2867619709643260e-02 1.5424404254068070e-02 0.0000000000000000e+00
2.2732147369490630e-02 1.5623372035176599e-02 0.0000000000000000e+00
2.2594943888304721e-02 1.5821150036016321e-02 0.0000000000000000e+00
2.2456019714661830e-02 1.6017723195026722e-02 0.0000000000000000e+00
2.2315385428175662e-02 1.6213076542400680e-02 0.0000000000000000e+00
2.2173051738691611e-02 1.6407195201224460e-02 0.0000000000000000e+00
2.2029029485471190e-02 1.6600064388610631e-02 0.0000000000000000e+00
2.1883329636366598e-02 1.6791669416823841e-02 0.0000000000000000e+00
2.1735963286985450e-02 1.6981995694399371e-02 0.0000000000000000e+00
2.1586941659845781e-02 1.7171028727254300e-02 0.0000000000000000e+00
2.1436276103521480e-02 1.7358754119791309e-02 0.0000000000000000e+00
2.1283978091777980e-02 1.7545157575994948e-02 0.0000000000000000e+00
2.1130059222698509e-02 1.7730224900520342e-02 0.0000000000000000e+00
2.0974531217800890e-02 1.7913941999774190e-02 0.0000000000000000e+00
2.0817405921144831e-02 1.8096294882988119e-02 0.0000000000000000e+00
2.0658695298430011e-02 1.8277269663284051e-02 0.0000000000000000e+00
2.0498411436084829e-02 1.8456852558731800e-02 0.0000000000000000e+00
2.0336566540345970e-02 1.8635029893398582e-02 0.0000000000000000e+00
2.0173172936328820e-02 1.8811788098390549e-02 0.0000000000000000e+00
2.0008243067088979e-02 1.8987113712886011e-02 0.0000000000000000e+00
1.9841789492674500e-02 1.9160993385160630e-02 0.0000000000000000e+00
1.9673824889169550e-02 1.9333413873604179e-02 0.0000000000000000e+00
1.9504362047728981e-02 1.9504362047728891e-02 0.0000000000000000e+00
1.9333413873604269e-02 1.9673824889169460e-02 0.0000000000000000e+00
1.9160993385160731e-02 1.9841789492674410e-02 0.0000000000000000e+00
1.8987113712886090e-02 2.0008243067088888e-02 0.0000000000000000e+00
1.8811788098390628e-02 2.0173172936328740e-02 0.0000000000000000e+00
1.8635029893398679e-02 2.0336566540345880e-02 0.0000000000000000e+00
1.8456852558731890e-02 2.0498411436084749e-02 0.0000000000000000e+00
1.8277269663284149e-02 2.0658695298429931e-02 0.0000000000000000e+00
1.8096294882988209e-02 2.0817405921144751e-02 0.0000000000000000e+00
1.7913941999774280e-02 2.0974531217800810e-02 0.0000000000000000e+00
1.7730224900520421e-02 2.1130059222698439e-02 0.0000000000000000e+00
1.7545157575995049e-02 2.1283978091777900e-02 0.0000000000000000e+00
1.7358754119791400e-02 2.1436276103521411e-02 0.0000000000000000e+00
1.7171028727254400e-02 2.1586941659845701e-02 0.0000000000000000e+00
1.6981995694399461e-02 2.1735963286985370e-02 0.0000000000000000e+00
1.6791669416823921e-02 2.1883329636366539e-02 0.0000000000000000e+00
1.6600064388610721e-02 2.2029029485471120e-02 0.0000000000000000e+00
1.6407195201224550e-02 2.2173051738691541e-02 0.0000000000000000e+00
1.6213076542400760e-02 2.2315385428175599e-02 0.0000000000000000e+00
1.6017723195026808e-02 2.2456019714661771e-02 0.0000000000000000e+00
1.5821150036016401e-02 2.2594943888304658e-02 0.0000000000000000e+00
1.5623372035176679e-02 2.2732147369490571e-02 0.0000000000000000e+00
1.5424404254068149e-02 2.2867619709643201e-02 0.0000000000000000e+00
1.5224261844857650e-02 2.3001350592019361e-02 0.0000000000000000e+00
1.5022960049164541e-02 2.3133329832494592e-02 0.0000000000000000e+00
1.4820514196899941e-02 2.3263547380338728e-02 0.0000000000000000e+00
1.4616939705099280e-02 2.3391993318981390e-02 0.0000000000000000e+00
1.4412252076748309e-02 2.3518657866767011e-02 0.0000000000000000e+00
1.4206466899602380e-02 2.3643531377699901e-02 0.0000000000000000e+00
1.3999599844999461e-02 2.3766604342178730e-02 0.0000000000000000e+00
1.3791666666666719e-02 2.3887867387720731e-02 0.0000000000000000e+00
1.3582683199520679e-02 2.4007311279675540e-02 0.0000000000000000e+00
1.3372665358461501e-02 2.4124926921928320e-02 0.0000000000000000e+00
1.3161629137160921e-02 2.4240705357592519e-02 0.0000000000000000e+00
1.2949590606844200e-02 2.4354637769692041e-02 0.0000000000000000e+00
1.2736565915066391e-02 2.4466715481832602e-02 0.0000000000000000e+00
1.2522571284482550e-02 2.4576929958862459e-02 0.0000000000000000e+00
1.2307623011612270e-02 2.4685272807522501e-02 0.0000000000000000e+00
1.2091737465598750e-02 2.4791735777085339e-02 0.0000000000000000e+00
1.1874931086962189e-02 2.4896310759983640e-02 0.0000000000000000e+00
1.1657220386347660e-02 2.4998989792427581e-02 0.0000000000000000e+00
1.1438621943267981e-02 2.5099765055011290e-02 0.0000000000000000e+00
1.1219152404840860e-02 2.5198628873308392e-02 0.0000000000000000e+00
1.0998828484521410e-02 2.5295573718456320e-02 0.0000000000000000e+00
1.0777666960829180e-02 2.5390592207729799e-02 0.0000000000000000e+00
1.0555684676070430e-02 2.5483677105102982e-02 0.0000000000000000e+00
1.0332898535055601e-02 2.5574821321800539e-02 0.0000000000000000e+00
1.0109325503811909e-02 2.5664017916837499e-02 0.0000000000000000e+00
9.8849826082912356e-03 2.5751260097547801e-02 0.0000000000000000e+00
9.6598869330736716e-03 2.5836541220101629e-02 0.0000000000000000e+00
9.4340556200664030e-03 2.5919854790011299e-02 0.0000000000000000e+00
9.2075058671982138e-03 2.6001194462625912e-02 0.0000000000000000e+00
8.9802549271099513e-03 2.6080554043614479e-02 0.0000000000000000e+00
8.7523201058404953e-03 2.6157927489437651e-02 0.0000000000000000e+00
8.5237187615089943e-03 2.6233308907807978e-02 0.0000000000000000e+00
8.2944683029929096e-03 2.6306692558138580e-02 0.0000000000000000e+00
8.0645861886021880e-03 2.6378072851980391e-02 0.0000000000000000e+00
7.8340899247498902e-03 2.6447444353447650e-02 0.0000000000000000e+00
7.6029970646189337e-03 2.6514801779631950e-02 0.0000000000000000e+00
7.3713252068252823e-03 2.6580140001004511e-02 0.0000000000000000e+00
7.1390919940778853e-03 2.6643454041806791e-02 0.0000000000000000e+00
6.9063151118350444e-03 2.6704739080429460e-02 0.0000000000000000e+00
6.6730122869575271e-03 2.6763990449779569e-02 0.0000000000000000e+00
6.4392012863587408e-03 2.6821203637635911e-02 0.0000000000000000e+00
6.2048999156516411e-03 2.6876374286992730e-02 0.0000000000000000e+00
5.9701260177926936e-03 2.6929498196391490e-02 0.0000000000000000e+00
5.7348974717232326e-03 2.6980571320240801e-02 0.0000000000000000e+00
5.4992321910077163e-03 2.7029589769124548e-02 0.0000000000000000e+00
5.2631481224697128e-03 2.7076549810098060e-02 0.0000000000000000e+00
5.0266632448251001e-03 2.7121447866972410e-02 0.0000000000000000e+00
4.7897955673128524e-03 2.7164280520586739e-02 0.0000000000000000e+00
4.5525631283237058e-03 2.7205044509068629e-02 0.0000000000000000e+00
4.3149839940263973e-03 2.7243736728082550e-02 0.0000000000000000e+00
4.0770762569917792e-03 2.7280354231066201e-02 0.0000000000000000e+00
3.8388580348151491e-03 2.7314894229454979e-02 0.0000000000000000e+00
3.6003474687364479e-03 2.7347354092894269e-02 0.0000000000000000e+00
3.3615627222586672e-03 2.7377731349439799e-02 0.0000000000000000e+00
3.1225219797647911e-03 2.7406023685745871e-02 0.0000000000000000e+00
2.8832434451327958e-03 2.7432228947241542e-02 0.0000000000000000e+00
2.6437453403495240e-03 2.7456345138294681e-02 0.0000000000000000e+00
2.4040459041229320e-03 2.7478370422363979e-02 0.0000000000000000e+00
2.1641633904930738e-03 2.7498303122138780e-02 0.0000000000000000e+00
1.9241160674421309e-03 2.7516141719666820e-02 0.0000000000000000e+00
1.6839222155031581e-03 2.7531884856469829e-02 0.0000000000000000e+00
1.4436001263678810e-03 2.7545531333647000e-02 0.0000000000000000e+00
1.2031681014938551e-03 2.7557080111966250e-02 0.0000000000000000e+00
9.6264445071067052e-04 2.7566530311943390e-02 0.0000000000000000e+00
7.2204749082551030e-04 2.7573881213909121e-02 0.0000000000000000e+00
4.8139554422840320e-04 2.7579132258063799e-02 0.0000000000000000e+00
2.4070693749682901e-04 2.7582283044520060e-02 0.0000000000000000e+00
$EndNodes
$Elements
12 3749 1 3749
2 20 2 114
1 271 423 270
2 243 506 421
3 862 954 851
4 688 729 703
5 981 1110 978
6 652 724 698
7 123 324 124
8 1328 1341 1277
9 922 958 902
10 774 836 638
11 613 702 556
12 534 731 683
13 167 256 166
14 608 616 491
15 796 887 835
16 1433 1440 1424
17 1466 1471 1444
18 419 609 491
19 978 1063 912
20 367 617 438
21 1362 1371 1311
22 97 420 98
23 110 613 111
24 107 422 108
25 113 614 114
26 120 421 121
27 773 834 776
28 493 526 372
29 470 525 354
30 521 524 361
31 117 424 118
32 366 622 464
33 839 897 752
34 979 1064 1013
35 1196 1229 1145
36 635 899 798
37 618 831 428
38 469 691 602
39 466 690 568
40 465 692 601
41 420 523 269
42 1437 1470 1458
43 1116 1194 1108
44 1282 1364 1335
45 1221 1283 1268
46 1004 1027 945
47 1028 1108 965
48 1026 1109 1078
49 323 425 386
50 1478 1481 1477
51 344 570 506
52 911 1000 897
53 1340 1388 1375
54 1310 1369 1365
55 1482 1488 1468
56 1331 1353 1278
57 1458 1462 1440
58 1206 1271 1246
59 253 426 326
60 1481 1490 1489
61 163 268 164
62 1020 1147 1077
63 1133 1237 1188
64 951 965 923
65 1270 1295 1214
66 434 624 565
67 1019 1150 1071
68 768 896 839
69 1396 1434 1407
70 1470 1487 1472
71 1409 1422 1412
72 1165 1197 1123
73 555 770 701
74 1141 1190 1189
75 1374 1387 1341
76 1476 1478 1465
77 1398 1413 1381
78 1410 1420 1395
79 568 655 467
80 1194 1222 1195
81 651 773 700
82 520 615 426
83 1295 1335 1328
84 421 425 264
85 452 611 486
86 837 902 715
87 559 658 473
88 558 656 471
89 569 657 472
90 838 889 867
91 584 638 446
92 1484 1490 1485
93 344 424 325
94 532 703 633
95 485 555 327
96 329 557 488
97 475 660 567
98 601 689 444
99 600 651 439
100 482 620 332
101 484 619 335
102 483 623 338
103 348 543 492
104 486 534 340
105 341 605 517
106 385 730 476
107 343 542 481
108 696 707 544
109 487 545 516
110 547 699 580
111 695 765 654
112 102 326 103
113 104 239 105
114 100 253 101
2 20 3 1321
115 315 133 132 231
116 316 134 133 315
117 317 135 134 316
118 320 152 151 267
119 314 145 144 216
120 319 142 141 307
121 307 141 140 251
122 318 138 137 223
123 266 183 184 309
124 218 186 187 310
125 254 201 202 305
126 305 202 203 323
127 159 158 238 302
128 986 926 1030 1081
129 926 849 970 1030
130 849 926 803 713
131 664 531 723 807
132 666 550 709 793
133 795 721 853 924
134 663 549 721 795
135 528 665 457 330
136 531 664 496 334
137 549 663 495 337
138 550 666 456 333
139 716 794 665 528
140 872 803 926 986
141 667 533 713 803
142 747 667 803 872
143 571 501 667 747
144 1223 1171 1238 1296
145 1367 1403 1352 1309
146 1296 1238 1309 1352
147 1142 1084 1171 1223
148 1049 969 1084 1142
149 675 592 347 504
150 820 761 873 946
151 946 873 969 1049
152 1323 1277 1341 1387
153 1170 1115 1202 1254
154 1254 1202 1277 1323
155 1017 1083 989 908
156 1083 1017 1115 1170
157 908 989 858 778
158 844 933 1037 998
159 747 872 789 677
160 1253 1198 1274 1322
161 1322 1274 1337 1378
162 1390 1421 1378 1337
163 871 775 904 985
164 1082 1014 1111 1169
165 1169 1111 1198 1253
166 985 904 1014 1082
167 775 871 746 625
168 986 1081 1021 916
169 872 986 916 789
170 1119 1187 1098 1018
171 70 250 294 69
172 31 290 278 30
173 80 289 248 79
174 245 287 89 90
175 63 281 297 62
176 14 244 286 13
177 237 288 86 87
178 48 299 263 47
179 35 226 293 34
180 228 292 74 75
181 270 247 94 95
182 296 280 40 41
183 47 263 283 46
184 295 226 35 36
185 273 244 14 15
186 298 284 57 58
187 274 273 15 16
188 284 258 56 57
189 291 290 31 32
190 282 217 43 44
191 998 1090 1016 907
192 1294 1254 1323 1347
193 1137 1083 1170 1219
194 1219 1170 1254 1294
195 1347 1323 1387 1407
196 1042 989 1083 1137
197 743 664 807 870
198 952 858 989 1042
199 582 495 663 742
200 583 496 664 743
201 589 456 666 744
202 590 457 665 745
203 662 740 573 497
204 645 739 576 461
205 995 881 930 1038
206 497 573 402 311
207 499 572 392 265
208 498 578 389 242
209 461 576 410 312
210 500 575 407 215
211 436 577 408 304
212 435 574 413 224
213 1212 1287 1255 1174
214 1038 1131 1089 995
215 1131 1212 1174 1089
216 814 930 881 716
217 1037 1130 1090 998
218 716 528 682 814
219 1126 1082 1169 1209
220 1342 1322 1378 1399
221 1209 1169 1253 1285
222 1285 1253 1322 1342
223 1031 985 1082 1126
224 985 1031 927 871
225 581 670 511 349
226 592 668 458 347
227 1034 1129 1095 994
228 806 746 871 927
229 844 709 810 933
230 709 550 674 810
231 549 337 513 673
232 550 333 514 674
233 531 334 510 669
234 853 721 811 934
235 934 1034 994 853
236 721 549 673 811
237 162 390 268 163
238 148 408 221 149
239 160 391 252 161
240 157 393 238 158
241 136 406 223 137
242 185 396 309 184
243 172 392 236 171
244 170 414 321 169
245 182 397 215 181
246 139 400 251 140
247 143 411 216 144
248 153 405 224 154
249 131 403 231 132
250 188 410 310 187
251 155 413 303 156
252 194 399 311 193
253 150 412 267 151
254 174 409 265 173
255 190 401 312 189
256 192 402 222 191
257 146 404 304 147
258 178 395 227 177
259 196 394 225 195
260 180 407 306 179
261 176 415 308 175
262 198 389 301 197
263 200 398 242 199
264 1065 987 1045 1136
265 1218 1293 1252 1155
266 1136 1218 1155 1065
267 1293 1349 1321 1252
268 512 328 527 671
269 528 330 508 682
270 1314 1352 1403 1372
271 1172 1223 1296 1248
272 1352 1314 1248 1296
273 1223 1172 1085 1142
274 1142 1085 976 1049
275 925 784 875 992
276 877 779 928 988
277 749 672 779 877
278 759 643 809 876
279 819 883 754 629
280 672 749 598 429
281 642 753 585 453
282 643 759 596 430
283 644 748 595 432
284 676 755 588 455
285 629 754 587 454
286 760 628 777 886
287 1252 1286 1210 1155
288 1155 1210 1127 1065
289 1032 987 1065 1127
290 1286 1252 1321 1343
291 987 1032 931 842
292 582 742 681 437
293 583 743 647 505
294 756 820 946 874
295 634 805 713 533
296 576 739 675 504
297 573 740 628 427
298 743 870 790 647
299 662 497 596 759
300 645 461 597 760
301 817 645 760 886
302 754 883 779 672
303 585 753 643 430
304 587 754 672 429
305 588 755 629 454
306 579 741 684 507
307 671 806 722 594
308 873 761 818 931
309 1049 976 874 946
310 1238 1171 1210 1286
311 1309 1238 1286 1343
312 1127 1210 1171 1084
313 1032 1127 1084 969
314 931 1032 969 873
315 1015 905 995 1089
316 813 932 845 711
317 1367 1309 1343 1402
318 869 935 805 804
319 804 805 634 717
320 597 427 628 760
321 552 505 647 751
322 842 953 1045 987
323 1202 1115 1175 1258
324 1115 1017 1087 1175
325 1017 908 993 1087
326 908 778 878 993
327 671 527 746 806
328 1288 1239 1308 1344
329 1211 1162 1239 1288
330 1128 1072 1162 1211
331 1072 1128 1033 974
332 854 929 812 719
333 932 855 974 1033
334 1126 1209 1162 1072
335 1285 1342 1308 1239
336 1376 1308 1342 1399
337 1239 1162 1209 1285
338 1072 974 1031 1126
339 927 1031 974 855
340 1416 1457 1442 1393
341 806 927 855 722
342 1217 1156 1247 1289
343 1135 1066 1156 1217
344 1043 960 1066 1135
345 941 880 983 1041
346 1247 1156 1211 1288
347 1288 1344 1318 1247
348 1156 1066 1128 1211
349 1033 1128 1066 960
350 932 1033 960 845
351 812 929 880 712
352 1377 1426 1411 1356
353 992 910 1051 1053
354 808 875 758 632
355 917 991 884 792
356 877 988 910 808
357 749 877 808 632
358 1014 904 976 1085
359 1248 1314 1274 1198
360 1337 1274 1314 1372
361 1418 1460 1435 1390
362 1390 1337 1372 1418
363 1198 1111 1172 1248
364 1085 1172 1111 1014
365 904 775 874 976
366 1214 1258 1175 1118
367 1087 1021 1118 1175
368 993 916 1021 1087
369 515 507 684 604
370 878 789 916 993
371 775 625 756 874
372 710 530 686 815
373 1325 1380 1346 1291
374 1260 1325 1291 1227
375 813 722 855 932
376 879 750 816 938
377 938 1035 968 879
378 963 847 940 1040
379 847 710 815 940
380 750 529 687 816
381 934 847 963 1034
382 1034 963 1075 1129
383 847 934 811 710
384 810 750 879 933
385 750 810 674 529
386 1074 1130 1037 968
387 942 845 960 1043
388 931 818 817 842
389 673 530 710 811
390 301 389 578 453
391 252 391 582 437
392 236 392 572 432
393 251 400 583 505
394 222 402 573 427
395 221 408 577 502
396 310 410 576 504
397 306 407 575 455
398 303 413 574 503
399 805 935 849 713
400 309 396 458 509
401 678 535 719 812
402 818 739 645 817
403 679 594 722 813
404 1086 1132 1039 997
405 1132 1086 1163 1213
406 961 1036 949 846
407 997 1039 950 890
408 238 337 495 302
409 494 305 323 386
410 254 305 494 349
411 388 316 315 387
412 216 330 457 314
413 387 315 231 336
414 571 388 387 501
415 667 501 431 533
416 501 387 336 431
417 459 317 316 388
418 266 309 509 328
419 267 333 456 320
420 223 334 496 318
421 961 1041 1140 1073
422 242 389 198 199
423 301 394 196 197
424 265 392 172 173
425 254 398 200 201
426 311 402 192 193
427 222 401 190 191
428 225 399 194 195
429 266 397 182 183
430 252 390 162 161
431 302 391 160 159
432 306 395 178 179
433 215 407 180 181
434 227 415 176 177
435 308 409 174 175
436 218 396 185 186
437 312 410 188 189
438 236 414 170 171
439 314 404 146 145
440 319 411 143 142
441 318 400 139 138
442 313 403 131 130
443 221 412 150 149
444 320 405 153 152
445 224 413 155 154
446 303 393 157 156
447 317 406 136 135
448 304 408 148 147
449 1086 997 1043 1135
450 1135 1217 1163 1086
451 1217 1289 1262 1163
452 321 460 342 241
453 757 677 789 878
454 391 302 495 582
455 400 318 496 583
456 404 314 457 590
457 405 320 456 589
458 941 1041 961 846
459 405 589 435 224
460 404 590 436 304
461 997 890 942 1043
462 1346 1398 1381 1312
463 1291 1346 1312 1242
464 1257 1290 1224 1159
465 498 242 398 511
466 500 215 397 512
467 875 808 910 992
468 1090 1164 1113 1016
469 102 101 253 326
470 325 116 115 235
471 1089 1174 1120 1015
472 1338 1280 1316 1373
473 1255 1316 1280 1204
474 1174 1255 1204 1120
475 1391 1431 1463 1436
476 1093 1179 1112 1057
477 1152 1067 1157 1233
478 1067 1152 1062 1005
479 821 712 880 941
480 822 711 845 942
481 1403 1367 1415 1448
482 1067 1005 1036 1138
483 1157 1067 1138 1224
484 1132 1213 1173 1068
485 843 762 825 939
486 1039 1132 1068 966
487 857 763 823 936
488 720 799 866 801
489 992 1053 999 925
490 979 1013 959 958
491 996 1040 940 857
492 938 841 990 1035
493 841 938 816 708
494 841 708 824 937
495 1281 1205 1265 1330
496 1339 1281 1330 1383
497 1383 1428 1394 1339
498 579 440 654 741
499 1319 1357 1315 1302
500 1325 1281 1339 1380
501 1281 1325 1260 1205
502 1205 1260 1184 1148
503 130 129 416 313
504 440 579 416 240
505 1336 1362 1303 1243
506 1261 1326 1306 1208
507 815 763 857 940
508 1205 1148 1181 1265
509 1428 1458 1440 1394
510 1446 1474 1463 1431
511 1177 1261 1208 1114
512 1406 1369 1310 1359
513 1249 1166 1231 1299
514 1166 1076 1149 1231
515 225 394 585 430
516 308 415 587 429
517 321 414 595 460
518 268 390 586 520
519 311 399 596 497
520 312 401 597 461
521 227 395 588 454
522 265 409 598 499
523 1059 1149 1076 967
524 820 592 675 761
525 504 347 218 310
526 299 368 449 485
527 281 365 443 483
528 1182 1113 1200 1264
529 250 362 445 482
530 431 336 515 604
531 289 357 447 484
532 533 431 604 634
533 1143 1189 1215 1121
534 1257 1159 1234 1272
535 296 373 452 486
536 1425 1391 1436 1456
537 1379 1338 1391 1425
538 1338 1379 1324 1280
539 1256 1204 1280 1324
540 1316 1358 1408 1373
541 1179 1120 1204 1256
542 933 879 968 1037
543 1004 948 973 1019
544 1448 1418 1372 1403
545 1343 1321 1368 1402
546 313 416 579 507
547 1231 1160 1244 1299
548 1160 1231 1149 1069
549 1429 1443 1400 1370
550 1069 1149 1059 977
551 1261 1201 1279 1326
552 1177 1134 1201 1261
553 1134 1177 1103 1055
554 801 866 854 719
555 843 930 814 762
556 1166 1212 1131 1076
557 1212 1166 1249 1287
558 1076 1131 1038 967
559 1351 1313 1370 1400
560 241 168 169 321
561 1201 1134 1182 1264
562 1428 1392 1437 1458
563 1383 1345 1392 1428
564 1330 1275 1345 1383
565 1179 1256 1199 1112
566 1157 1224 1290 1243
567 1437 1392 1425 1456
568 1392 1345 1379 1425
569 1324 1379 1345 1275
570 1256 1324 1275 1199
571 436 590 745 649
572 435 589 744 648
573 1134 1055 1094 1182
574 1265 1199 1275 1330
575 1036 961 1073 1138
576 1091 1027 1071 1125
577 1293 1241 1311 1349
578 1218 1180 1241 1293
579 1136 1092 1180 1218
580 1092 1136 1045 962
581 510 406 317 459
582 1054 966 1068 1124
583 349 511 398 254
584 328 512 397 266
585 347 458 396 218
586 1351 1400 1366 1307
587 502 514 412 221
588 503 513 393 303
589 1423 1398 1346 1380
590 1201 1264 1298 1279
591 761 675 739 818
592 1400 1443 1414 1366
593 785 895 1003 913
594 531 669 757 723
595 972 863 780 1046
596 723 757 878 778
597 1094 1016 1113 1182
598 1007 905 1015 1093
599 1093 1015 1120 1179
600 1008 788 868 918
601 509 458 668 591
602 669 510 459 593
603 756 668 592 820
604 791 764 539 680
605 1234 1193 1207 1272
606 1006 907 1016 1094
607 1347 1407 1370 1313
608 948 867 906 973
609 1219 1294 1244 1160
610 1294 1347 1313 1244
611 1160 1069 1137 1219
612 508 411 319 607
613 1452 1474 1446 1414
614 1042 1137 1069 977
615 930 843 967 1038
616 453 585 394 301
617 437 586 390 252
618 432 595 414 236
619 454 587 415 227
620 430 596 399 225
621 427 597 401 222
622 429 598 409 308
623 455 588 395 306
624 505 552 307 251
625 629 755 822 819
626 643 753 821 809
627 746 527 591 625
628 1208 1236 1185 1114
629 642 678 812 712
630 676 679 813 711
631 593 571 747 677
632 342 460 680 539
633 1298 1242 1312 1350
634 1181 1112 1199 1265
635 1414 1443 1461 1452
636 453 578 678 642
637 455 575 679 676
638 680 748 885 791
639 129 128 240 416
640 914 848 800 865
641 1408 1366 1414 1446
642 498 511 670 535
643 500 512 671 594
644 460 595 748 680
645 1152 1233 1180 1092
646 1062 1152 1092 962
647 1463 1474 1479 1483
648 580 217 282 547
649 777 884 991 947
650 1041 983 1096 1140
651 1359 1310 1245 1300
652 584 292 228 548
653 644 758 875 784
654 807 723 778 858
655 1394 1423 1380 1339
656 1299 1244 1313 1351
657 507 515 403 313
658 1258 1328 1277 1202
659 1138 1073 1159 1224
660 307 552 607 319
661 393 513 337 238
662 411 508 330 216
663 403 515 336 231
664 406 510 334 223
665 412 514 333 267
666 1473 1482 1480 1451
667 591 527 328 509
668 388 571 593 459
669 1241 1180 1233 1303
670 1311 1241 1303 1362
671 1095 1165 1123 1022
672 1214 1295 1328 1258
673 442 346 621 544
674 1102 1057 1112 1181
675 432 572 758 644
676 628 740 884 777
677 499 598 749 632
678 662 759 876 792
679 1012 972 1026 1058
680 870 807 858 952
681 1200 1227 1291 1242
682 1460 1418 1448 1459
683 801 670 581 720
684 848 783 736 800
685 857 936 1006 996
686 996 1006 1094 1055
687 673 513 503 530
688 674 514 502 529
689 832 738 653 702
690 669 593 677 757
691 714 781 850 799
692 1279 1298 1350 1320
693 1113 1164 1227 1200
694 546 477 641 736
695 686 574 435 648
696 687 577 436 649
697 826 861 887 728
698 917 949 1036 1005
699 253 269 523 426
700 519 285 239 345
701 668 756 625 591
702 51 382 262 50
703 66 381 261 65
704 27 380 276 26
705 23 379 233 22
706 83 378 232 82
707 19 377 234 18
708 376 214 52 53
709 375 257 54 55
710 374 298 58 59
711 373 296 41 42
712 372 295 36 37
713 370 228 75 76
714 369 245 90 91
715 685 714 799 720
716 792 876 949 917
717 1164 1184 1260 1227
718 1074 1102 1181 1148
719 814 682 646 762
720 753 642 712 821
721 755 676 711 822
722 963 1040 1103 1075
723 990 1007 1093 1057
724 841 937 1007 990
725 834 891 1010 944
726 578 498 535 678
727 575 500 594 679
728 1003 1091 1018 913
729 727 782 861 826
730 779 883 950 928
731 809 821 941 846
732 819 822 942 890
733 49 368 299 48
734 45 367 282 44
735 61 366 219 60
736 39 364 249 38
737 64 365 281 63
738 68 363 220 67
739 33 361 291 32
740 71 362 250 70
741 29 360 229 28
742 73 371 279 72
743 25 358 260 24
744 78 359 277 77
745 21 356 275 20
746 81 357 289 80
747 17 354 274 16
748 85 355 259 84
749 88 353 237 87
750 12 352 246 11
751 93 351 272 92
752 1075 1103 1177 1114
753 1090 1130 1184 1164
754 892 844 998 907
755 748 644 784 885
756 1300 1245 1158 1232
757 968 1035 1102 1074
758 1095 1129 1185 1165
759 670 801 719 535
760 1 9 322 5
761 1358 1307 1366 1408
762 572 499 632 758
763 740 662 792 884
764 1233 1157 1243 1303
765 428 384 331 618
766 636 738 781 714
767 893 881 995 905
768 241 342 478 383
769 936 823 793 892
770 937 824 794 893
771 661 541 637 734
772 953 886 777 947
773 1009 913 1018 1098
774 574 686 530 503
775 577 687 529 502
776 910 988 1054 1051
777 441 636 570 344
778 1249 1299 1351 1307
779 815 686 648 763
780 816 687 649 708
781 1437 1456 1487 1470
782 630 610 519 546
783 1009 955 798 899
784 928 950 1039 966
785 1193 1153 1195 1207
786 823 744 666 793
787 824 745 665 794
788 865 924 982 914
789 876 809 846 949
790 883 819 890 950
791 850 951 866 799
792 1424 1440 1462 1439
793 1154 1078 1167 1237
794 991 917 1005 1062
795 1107 1048 944 1010
796 1264 1200 1242 1298
797 1021 1081 1188 1118
798 630 546 736 783
799 1272 1207 1267 1305
800 939 825 790 894
801 607 552 751 646
802 1255 1287 1358 1316
803 894 952 1042 977
804 843 939 1059 967
805 1225 1226 1122 1187
806 886 953 842 817
807 892 793 709 844
808 893 794 716 881
809 640 612 656 728
810 1130 1074 1148 1184
811 1100 1133 1030 970
812 869 804 887 861
813 488 480 375 258
814 568 467 370 277
815 1225 1187 1119 1158
816 565 487 369 272
817 125 5 322 255
818 936 892 907 1006
819 994 982 924 853
820 780 863 833 631
821 825 751 647 790
822 1302 1315 1276 1246
823 1129 1075 1114 1185
824 422 610 433 230
825 1105 1104 1023 1060
826 489 434 351 247
827 1104 1105 1151 1141
828 492 490 352 286
829 1027 1091 1003 945
830 634 604 684 717
831 1081 1030 1133 1188
832 1040 996 1055 1103
833 1445 1420 1442 1454
834 1045 953 947 962
835 1216 1139 1176 1259
836 1355 1401 1385 1327
837 1292 1216 1259 1327
838 611 452 580 699
839 1088 1176 1139 1056
840 1158 1119 1125 1232
841 868 802 852 918
842 937 893 905 1007
843 1373 1408 1446 1431
844 1221 1178 1251 1283
845 1443 1429 1438 1461
846 1002 1088 1056 906
847 1145 1229 1176 1088
848 1048 1145 1088 1002
849 1229 1284 1259 1176
850 1338 1373 1431 1391
851 1474 1452 1477 1479
852 1035 990 1057 1102
853 899 785 913 1009
854 744 823 763 648
855 745 824 708 649
856 1348 1292 1327 1385
857 988 928 966 1054
858 1355 1332 1386 1401
859 944 1048 1002 856
860 646 682 508 607
861 566 234 377 471
862 563 232 378 448
863 569 233 379 473
864 567 276 380 475
865 562 261 381 444
866 922 863 972 1012
867 564 262 382 450
868 560 279 371 446
869 561 214 376 451
870 558 275 356 472
871 559 260 358 474
872 1436 1463 1483 1468
873 894 790 870 952
874 1445 1454 1471 1466
875 728 887 796 640
876 830 742 663 795
877 1327 1259 1284 1355
878 353 442 479 237
879 751 825 762 646
880 300 255 419 491
881 554 229 360 476
882 1044 1098 1187 1122
883 717 684 741 835
884 918 852 975 1060
885 656 657 826 728
886 96 271 270 95
887 1417 1409 1369 1406
888 1477 1481 1489 1479
889 971 921 1001 1024
890 1192 1124 1068 1173
891 695 543 542 765
892 1475 1457 1441 1469
893 891 828 943 1010
894 1385 1432 1405 1348
895 54 257 376 53
896 1196 1145 1048 1107
897 52 214 382 51
898 1146 1097 1178 1221
899 56 258 375 55
900 60 219 374 59
901 43 217 373 42
902 67 220 381 66
903 38 249 372 37
904 77 277 370 76
905 28 229 380 27
906 24 260 379 23
907 84 259 378 83
908 20 275 377 19
909 92 272 369 91
910 271 96 2 6
911 802 868 769 633
912 1207 1195 1222 1267
913 50 262 368 49
914 725 681 742 830
915 46 283 367 45
916 62 297 366 61
917 40 280 364 39
918 65 261 365 64
919 1240 1228 1268 1278
920 69 294 363 68
921 34 293 361 33
922 72 279 362 71
923 30 278 360 29
924 74 292 371 73
925 26 276 358 25
926 79 248 359 78
927 1192 1190 1141 1151
928 22 233 356 21
929 82 232 357 81
930 18 234 354 17
931 86 288 355 85
932 89 287 353 88
933 13 286 352 12
934 94 247 351 93
935 702 433 737 832
936 1287 1249 1307 1358
937 898 859 733 836
938 898 909 1001 859
939 1451 1480 1484 1469
940 1282 1335 1263 1203
941 1336 1334 1361 1360
942 939 894 977 1059
943 1432 1385 1401 1419
944 1478 1476 1486 1481
945 895 829 945 1003
946 1091 1125 1119 1018
947 570 636 714 685
948 1078 1154 1058 1026
949 984 929 854 923
950 1188 1270 1214 1118
951 1060 975 1025 1105
952 606 428 831 726
953 1271 1213 1163 1262
954 800 736 641 725
955 1046 1109 1026 972
956 1450 1422 1409 1417
957 246 350 10 11
958 1010 943 1047 1107
959 929 984 983 880
960 1024 1080 1143 1121
961 1243 1290 1334 1336
962 653 738 636 441
963 697 586 437 681
964 1262 1289 1319 1302
965 1456 1436 1468 1487
966 1124 1070 1051 1054
967 541 557 766 637
968 1473 1451 1435 1460
969 725 830 865 800
970 1301 1245 1310 1365
971 1318 1344 1377 1356
972 1416 1393 1376 1399
973 1395 1386 1375 1410
974 621 545 694 772
975 982 1022 1110 914
976 1203 1168 1226 1250
977 570 685 553 506
978 715 727 658 659
979 637 766 889 838
980 697 641 477 615
981 965 1029 984 923
982 1257 1272 1305 1304
983 9 10 350 322
984 1439 1402 1368 1424
985 991 1062 962 947
986 898 788 1008 909
987 481 348 244 273
988 1458 1470 1455 1462
989 1427 1417 1406 1384
990 1022 982 994 1095
991 1107 1047 1144 1196
992 1359 1333 1384 1406
993 1050 971 1097 1146
994 1279 1320 1363 1326
995 463 283 263 327
996 226 295 331 384
997 284 298 462 329
998 452 373 217 580
999 446 371 292 584
1000 475 380 229 554
1001 771 901 837 660
1002 204 324 323 203
1003 1415 1455 1459 1448
1004 653 614 556 702
1005 659 660 837 715
1006 1454 1442 1457 1475
1007 1441 1435 1451 1469
1008 1435 1441 1421 1390
1009 1485 1475 1469 1484
1010 834 944 856 776
1011 833 730 605 631
1012 1444 1464 1430 1405
1013 1284 1240 1332 1355
1014 1029 965 1108 1153
1015 1455 1415 1439 1462
1016 1416 1421 1441 1457
1017 1421 1416 1399 1378
1018 1073 1140 1234 1159
1019 681 725 641 697
1020 1319 1318 1356 1357
1021 924 865 830 795
1022 1402 1439 1415 1367
1023 726 860 780 631
1024 1278 1353 1332 1240
1025 1377 1376 1393 1426
1026 1376 1377 1344 1308
1027 1318 1319 1289 1247
1028 1300 1269 1333 1359
1029 1472 1473 1460 1459
1030 1329 1292 1348 1382
1031 1266 1216 1292 1329
1032 493 372 249 599
1033 451 376 257 603
1034 918 1060 1023 1008
1035 439 374 219 600
1036 1080 1024 1001 909
1037 1216 1266 1183 1139
1038 444 381 220 601
1039 448 378 259 602
1040 1046 780 860 1052
1041 1349 1397 1368 1321
1042 766 773 776 889
1043 1397 1371 1413 1433
1044 521 361 293 522
1045 1070 1025 1053 1051
1046 1311 1371 1397 1349
1047 900 797 957 919
1048 964 1020 919 957
1049 1424 1368 1397 1433
1050 724 734 786 882
1051 1444 1405 1432 1466
1052 383 167 168 241
1053 1161 1168 1203 1263
1054 1222 1236 1208 1306
1055 1020 964 1101 1147
1056 586 697 615 520
1057 834 773 767 891
1058 1139 1183 1106 1056
1059 1150 1230 1191 1071
1060 1353 1331 1340 1375
1061 788 732 769 868
1062 1472 1487 1468 1488
1063 1382 1404 1354 1329
1064 1297 1266 1329 1354
1065 1475 1485 1471 1454
1066 1023 1080 909 1008
1067 626 770 555 540
1068 1341 1328 1335 1364
1069 1445 1466 1432 1419
1070 1245 1301 1225 1158
1071 1232 1191 1269 1300
1072 546 519 345 477
1073 1381 1360 1350 1312
1074 1384 1333 1354 1404
1075 1230 1183 1266 1297
1076 704 689 839 752
1077 1333 1269 1297 1354
1078 1168 1161 1147 1101
1079 623 538 627 767
1080 1140 1096 1193 1234
1081 1230 1297 1269 1191
1082 620 537 650 768
1083 797 639 731 888
1084 619 532 633 769
1085 923 854 866 951
1086 1467 1486 1453 1464
1087 957 797 888 1011
1088 1206 1173 1213 1271
1089 695 616 608 543
1090 862 851 832 737
1091 1484 1480 1489 1490
1092 1317 1389 1364 1282
1093 1122 1226 1168 1101
1094 965 951 980 1028
1095 465 332 620 692
1096 469 339 536 691
1097 466 335 619 690
1098 1476 1447 1453 1486
1099 468 340 534 683
1100 983 984 1029 1096
1101 1250 1317 1282 1203
1102 1449 1430 1464 1453
1103 1427 1384 1404 1449
1104 902 958 959 782
1105 542 612 640 765
1106 618 551 639 831
1107 548 774 638 584
1108 1444 1471 1467 1464
1109 624 478 694 545
1110 935 1013 970 849
1111 694 478 342 539
1112 1221 1268 1186 1146
1113 1401 1386 1395 1419
1114 617 367 283 463
1115 290 291 341 517
1116 622 366 297 338
1117 258 284 329 488
1118 468 364 280 340
1119 606 726 631 605
1120 465 363 294 332
1121 867 948 786 838
1122 466 359 248 335
1123 469 355 288 339
1124 273 274 343 481
1125 882 786 948 1004
1126 1459 1455 1470 1472
1127 770 626 829 895
1128 1326 1363 1305 1306
1129 1150 1106 1183 1230
1130 767 627 828 891
1131 338 297 281 483
1132 332 294 250 482
1133 293 226 384 522
1134 327 263 299 485
1135 335 248 289 484
1136 340 280 296 486
1137 768 650 827 896
1138 339 288 237 479
1139 346 287 245 516
1140 286 244 348 492
1141 785 735 770 895
1142 247 270 417 489
1143 476 360 278 385
1144 442 353 287 346
1145 1079 1028 1063 978
1146 1290 1257 1304 1334
1147 1447 1450 1417 1427
1148 1144 1047 1099 1186
1149 420 164 268 523
1150 638 836 733 705
1151 1125 1071 1191 1232
1152 1000 911 1050 1099
1153 1382 1348 1405 1430
1154 1117 1078 1109 1077
1155 1044 1122 1101 964
1156 581 553 685 720
1157 981 978 954 915
1158 1186 1268 1228 1144
1159 1486 1467 1490 1481
1160 249 364 468 599
1161 282 367 438 547
1162 246 352 490 609
1163 958 922 1012 979
1164 272 351 434 565
1165 219 366 464 600
1166 259 355 469 602
1167 220 363 465 601
1168 277 359 466 568
1169 899 635 735 785
1170 975 852 920 999
1171 831 639 797 900
1172 1025 975 999 1053
1173 727 715 902 782
1174 1098 1044 955 1009
1175 1133 1100 1154 1237
1176 257 375 480 603
1177 544 621 772 696
1178 1047 943 1000 1099
1179 228 370 467 548
1180 385 278 290 517
1181 851 781 738 832
1182 912 850 781 851
1183 124 324 204 4
1184 1404 1382 1430 1449
1185 724 882 829 626
1186 954 978 912 851
1187 256 423 165 166
1188 945 829 882 1004
1189 999 920 956 925
1190 245 369 487 516
1191 1099 1050 1146 1186
1192 921 911 896 827
1193 298 374 439 462
1194 657 658 727 826
1195 1278 1268 1283 1331
1196 1096 1029 1153 1193
1197 581 349 494 553
1198 1276 1331 1283 1251
1199 1178 1097 1121 1215
1200 1396 1412 1422 1434
1201 1141 1189 1143 1104
1202 973 906 1056 1106
1203 840 764 791 864
1204 1116 1123 1197 1194
1205 1013 935 869 959
1206 734 724 652 661
1207 1386 1332 1353 1375
1208 617 463 701 706
1209 906 867 856 1002
1210 1100 1064 1058 1154
1211 440 616 695 654
1212 980 951 850 912
1213 262 564 449 368
1214 261 562 443 365
1215 276 567 474 358
1216 233 569 472 356
1217 234 566 470 354
1218 232 563 447 357
1219 862 737 630 783
1220 1364 1389 1374 1341
1221 1389 1369 1409 1412
1222 1360 1371 1362 1336
1223 705 560 446 638
1224 214 561 450 382
1225 1370 1407 1434 1429
1226 1194 1197 1236 1222
1227 279 560 445 362
1228 1097 971 1024 1121
1229 885 956 864 791
1230 835 887 804 717
1231 326 426 345 239
1232 532 447 563 703
1233 1105 1025 1070 1151
1234 538 443 562 704
1235 943 828 897 1000
1236 260 559 473 379
1237 275 558 471 377
1238 3 164 420 97
1239 537 445 560 705
1240 959 869 861 782
1241 911 921 971 1050
1242 921 827 859 1001
1243 1229 1228 1240 1284
1244 325 235 441 344
1245 540 449 564 698
1246 752 897 828 627
1247 126 125 255 300
1248 1215 1189 1235 1273
1249 901 833 863 922
1250 733 859 827 650
1251 784 925 956 885
1252 1151 1070 1124 1192
1253 1423 1433 1413 1398
1254 479 442 544 707
1255 1019 973 1106 1150
1256 1167 1078 1117 1220
1257 1270 1188 1237 1167
1258 1161 1263 1220 1117
1259 1419 1395 1420 1445
1260 1117 1077 1147 1161
1261 1479 1489 1491 1483
1262 564 450 652 698
1263 1440 1433 1423 1394
1264 479 707 536 339
1265 729 718 903 787
1266 718 707 696 840
1267 970 1013 1064 1100
1268 922 902 837 901
1269 1027 1004 1019 1071
1270 1295 1220 1263 1335
1271 554 476 730 771
1272 729 688 691 718
1273 1220 1295 1270 1167
1274 1052 919 1020 1077
1275 1412 1396 1374 1389
1276 1365 1317 1250 1301
1277 1340 1315 1357 1388
1278 1465 1450 1447 1476
1279 295 372 526 331
1280 165 423 271 6
1281 1080 1023 1104 1143
1282 731 534 635 798
1283 654 796 835 741
1284 699 547 706 735
1285 345 426 615 477
1286 1396 1407 1387 1374
1287 274 354 525 343
1288 1442 1420 1426 1393
1289 291 361 524 341
1290 729 802 633 703
1291 624 434 489 518
1292 1197 1165 1185 1236
1293 1028 1079 1116 1108
1294 1173 1206 1190 1192
1295 256 167 383 518
1296 1467 1471 1485 1490
1297 386 506 553 494
1298 1226 1225 1301 1250
1299 548 467 655 774
1300 978 1110 1061 1079
1301 1123 1116 1079 1061
1302 128 127 418 240
1303 1235 1189 1190 1206
1304 1331 1276 1315 1340
1305 1410 1375 1388 1411
1306 920 903 864 956
1307 1012 1058 1064 979
1308 1478 1477 1452 1461
1309 539 764 772 694
1310 608 491 609 490
1311 897 839 896 911
1312 127 126 300 418
1313 1426 1420 1410 1411
1314 888 731 798 955
1315 1465 1478 1461 1438
1316 848 981 915 783
1317 919 1052 860 900
1318 802 729 787 852
1319 1365 1369 1389 1317
1320 1320 1361 1334 1363
1321 1228 1229 1196 1144
1322 425 323 324 264
1323 428 606 522 384
1324 1108 1194 1195 1153
1325 840 864 903 718
1326 1388 1357 1356 1411
1327 1447 1427 1449 1453
1328 616 440 240 418
1329 1434 1422 1438 1429
1330 554 771 660 475
1331 422 285 519 610
1332 1246 1273 1235 1206
1333 462 700 557 329
1334 555 701 463 327
1335 1302 1246 1271 1262
1336 856 867 889 776
1337 534 486 611 635
1338 491 616 418 300
1339 838 786 734 637
1340 1482 1468 1483 1491
1341 255 322 350 419
1342 243 421 120 119
1343 683 731 639 551
1344 900 860 726 831
1345 118 424 243 119
1346 111 613 556 112
1347 108 422 230 109
1348 1251 1178 1215 1273
1349 556 614 113 112
1350 623 693 622 338
1351 1109 1046 1052 1077
1352 325 424 117 116
1353 732 836 774 655
1354 610 630 737 433
1355 121 421 264 122
1356 462 439 651 700
1357 114 614 235 115
1358 98 420 269 99
1359 230 613 110 109
1360 285 422 107 106
1361 518 383 478 624
1362 692 620 768 839
1363 441 235 614 653
1364 704 752 627 538
1365 1371 1360 1381 1413
1366 599 468 683 551
1367 705 733 650 537
1368 771 730 833 901
1369 264 324 123 122
1370 688 703 563 448
1371 651 600 693 773
1372 689 704 562 444
1373 698 724 626 540
1374 955 1044 1011 888
1375 417 270 423 256
1376 718 691 536 707
1377 1450 1465 1438 1422
1378 655 568 690 732
1379 520 426 523 268
1380 506 386 425 421
1381 692 839 689 601
1382 506 243 424 344
1383 764 840 696 772
1384 915 954 862 783
1385 836 732 788 898
1386 269 253 100 99
1387 105 239 285 106
1388 103 326 239 104
1389 481 542 543 348
1390 796 654 765 640
1391 524 606 605 341
1392 602 691 688 448
1393 433 702 613 230
1394 699 735 635 611
1395 488 557 541 480
1396 565 624 545 487
1397 730 385 517 605
1398 541 661 603 480
1399 540 555 485 449
1400 492 543 608 490
1401 914 1110 981 848
1402 516 545 621 346
1403 538 623 483 443
1404 537 620 482 445
1405 532 619 484 447
1406 526 551 618 331
1407 525 612 542 343
1408 700 773 766 557
1409 417 256 518 489
1410 567 660 659 474
1411 1011 1044 964 957
1412 656 612 566 471
1413 920 852 787 903
1414 561 661 652 450
1415 658 657 569 473
1416 246 609 419 350
1417 659 658 559 474
1418 657 656 558 472
1419 521 522 606 524
1420 551 526 493 599
1421 470 566 612 525
1422 701 770 735 706
1423 706 547 438 617
1424 1473 1472 1488 1482
1425 767 773 693 623
1426 451 603 661 561
1427 769 732 690 619
1428 1276 1251 1273 1246
1429 464 622 693 600
1430 1063 1028 980 912
1431 1061 1110 1022 1123
1432 1363 1334 1304 1305
1433 1361 1320 1350 1360
1434 1480 1482 1491 1489
1435 1267 1222 1306 1305
2 30 2 27
1436 1510 1523 1521
1437 1507 1523 205
1438 4 1505 124
1439 1520 1525 1498
1440 1510 1515 206
1441 210 1504 1499
1442 109 1530 108
1443 213 1508 212
1444 102 1518 101
1445 106 1516 105
1446 111 1513 110
1447 118 1517 117
1448 114 1520 113
1449 1508 1522 1506
1450 1496 1526 1521
1451 1527 1534 1515
1452 1511 1531 1514
1453 1506 1532 1497
1454 1495 1531 1517
1455 121 1500 120
1456 108 1492 107
1457 100 1503 99
1458 116 1493 115
1459 104 1494 103
1460 207 1522 8
1461 1509 208 209
1462 208 1509 7
2 30 3 53
1463 1499 1502 209 210
1464 1526 1536 1510 1521
1465 1511 1501 1506 1497
1466 1538 1529 1531 1511
1467 1524 1536 1526 1537
1468 1525 1529 1538 1534
1469 1530 109 110 1513
1470 1512 1496 1507 1502
1471 1528 1494 1516 1537
1472 207 206 1515 1532
1473 1498 1525 1535 1513
1474 1502 1499 1533 1512
1475 1519 1514 1500 1505
1476 1514 1531 1495 1500
1477 1527 1535 1525 1534
1478 1509 1507 205 7
1479 1524 1537 1516 1492
1480 212 1501 1519 211
1481 1512 1537 1526 1496
1482 1494 1528 1533 1518
1483 1534 1497 1532 1515
1484 1527 1515 1510 1536
1485 1536 1524 1535 1527
1486 1501 1511 1514 1519
1487 1529 1525 1520 1493
1488 1509 209 1502 1507
1489 1535 1524 1530 1513
1490 1518 1533 1499 1503
1491 207 1532 1506 1522
1492 113 1520 1498 112
1493 101 1518 1503 100
1494 1501 212 1508 1506
1495 1517 1531 1529 1493
1496 1523 1507 1496 1521
1497 1523 1510 206 205
1498 1493 1520 114 115
1499 1504 99 1503 1499
1500 1498 1513 111 112
1501 1494 1518 102 103
1502 1492 1516 106 107
1503 1495 1517 118 119
1504 1530 1524 1492 108
1505 213 8 1522 1508
1506 1505 4 211 1519
1507 1516 1494 104 105
1508 1517 1493 116 117
1509 122 1505 1500 121
1510 120 1500 1495 119
1511 1504 210 3 97
1512 1497 1534 1538 1511
1513 1528 1537 1512 1533
1514 98 99 1504 97
1515 123 124 1505 122
2 20 2 114
1516 1762 1914 1761
1517 1734 1997 1912
1518 2353 2445 2342
1519 2179 2220 2194
1520 2472 2601 2469
1521 2143 2215 2189
1522 1657 1815 1658
1523 2819 2832 2768
1524 2413 2449 2393
1525 2265 2327 2129
1526 2104 2193 2047
1527 2025 2222 2174
1528 167 1747 166
1529 2099 2107 1982
1530 2287 2378 2326
1531 2924 2931 2915
1532 2957 2962 2935
1533 1910 2100 1982
1534 2469 2554 2403
1535 1858 2108 1929
1536 2853 2862 2802
1537 1631 1911 1632
1538 1644 2104 1645
1539 1641 1913 1642
1540 1647 2105 1648
1541 1654 1912 1655
1542 2264 2325 2267
1543 1984 2017 1863
1544 1961 2016 1845
1545 2012 2015 1852
1546 1651 1915 1652
1547 1857 2113 1955
1548 2330 2388 2243
1549 2470 2555 2504
1550 2687 2720 2636
1551 2126 2390 2289
1552 2109 2322 1919
1553 1960 2182 2093
1554 1957 2181 2059
1555 1956 2183 2092
1556 1911 2014 1760
1557 2928 2961 2949
1558 2607 2685 2599
1559 2773 2855 2826
1560 2712 2774 2759
1561 2495 2518 2436
1562 2519 2599 2456
1563 2517 2600 2569
1564 1814 1916 1877
1565 2969 2972 2968
1566 1835 2061 1997
1567 2402 2491 2388
1568 2831 2879 2866
1569 2801 2860 2856
1570 2973 2979 2959
1571 2822 2844 2769
1572 2949 2953 2931
1573 2697 2762 2737
1574 1744 1917 1817
1575 2972 2981 2980
1576 1697 1759 1698
1577 2511 2638 2568
1578 2624 2728 2679
1579 2442 2456 2414
1580 2761 2786 2705
1581 1925 2115 2056
1582 2510 2641 2562
1583 2259 2387 2330
1584 2887 2925 2898
1585 2961 2978 2963
1586 2900 2913 2903
1587 2656 2688 2614
1588 2046 2261 2192
1589 2632 2681 2680
1590 2865 2878 2832
1591 2967 2969 2956
1592 2889 2904 2872
1593 2901 2911 2886
1594 2059 2146 1958
1595 2685 2713 2686
1596 2142 2264 2191
1597 2011 2106 1917
1598 2786 2826 2819
1599 1912 1916 1755
1600 1943 2102 1977
1601 2328 2393 2206
1602 2050 2149 1964
1603 2049 2147 1962
1604 2060 2148 1963
1605 2329 2380 2358
1606 2075 2129 1937
1607 2975 2981 2976
1608 1835 1915 1816
1609 2023 2194 2124
1610 1976 2046 1818
1611 1820 2048 1979
1612 1966 2151 2058
1613 2092 2180 1935
1614 2091 2142 1930
1615 1973 2111 1823
1616 1975 2110 1826
1617 1974 2114 1829
1618 1839 2034 1983
1619 1977 2025 1831
1620 1832 2096 2008
1621 1876 2221 1967
1622 1834 2033 1972
1623 2187 2198 2035
1624 1978 2036 2007
1625 2038 2190 2071
1626 2186 2256 2145
1627 1636 1817 1637
1628 1638 1730 1639
1629 1634 1744 1635
2 20 3 1321
1630 1806 1667 1666 1722
1631 1807 1668 1667 1806
1632 1808 1669 1668 1807
1633 1811 1686 1685 1758
1634 1805 1679 1678 1707
1635 1810 1676 1675 1798
1636 1798 1675 1674 1742
1637 1809 1672 1671 1714
1638 1757 183 184 1800
1639 1709 186 187 1801
1640 1745 201 202 1796
1641 1796 202 203 1814
1642 1693 1692 1729 1793
1643 2477 2417 2521 2572
1644 2417 2340 2461 2521
1645 2340 2417 2294 2204
1646 2155 2022 2214 2298
1647 2157 2041 2200 2284
1648 2286 2212 2344 2415
1649 2154 2040 2212 2286
1650 2019 2156 1948 1821
1651 2022 2155 1987 1825
1652 2040 2154 1986 1828
1653 2041 2157 1947 1824
1654 2207 2285 2156 2019
1655 2363 2294 2417 2477
1656 2158 2024 2204 2294
1657 2238 2158 2294 2363
1658 2062 1992 2158 2238
1659 2714 2662 2729 2787
1660 2858 2894 2843 2800
1661 2787 2729 2800 2843
1662 2633 2575 2662 2714
1663 2540 2460 2575 2633
1664 2166 2083 1838 1995
1665 2311 2252 2364 2437
1666 2437 2364 2460 2540
1667 2814 2768 2832 2878
1668 2661 2606 2693 2745
1669 2745 2693 2768 2814
1670 2508 2574 2480 2399
1671 2574 2508 2606 2661
1672 2399 2480 2349 2269
1673 2335 2424 2528 2489
1674 2238 2363 2280 2168
1675 2744 2689 2765 2813
1676 2813 2765 2828 2869
1677 2881 2912 2869 2828
1678 2362 2266 2395 2476
1679 2573 2505 2602 2660
1680 2660 2602 2689 2744
1681 2476 2395 2505 2573
1682 2266 2362 2237 2116
1683 2477 2572 2512 2407
1684 2363 2477 2407 2280
1685 2610 2678 2589 2509
1686 1604 1741 1785 1603
1687 1565 1781 1769 1564
1688 1614 1780 1739 1613
1689 1736 1778 1623 1624
1690 1597 1772 1788 1596
1691 1548 1735 1777 1547
1692 1728 1779 1620 1621
1693 1582 1790 1754 1581
1694 1569 1717 1784 1568
1695 1719 1783 1608 1609
1696 1761 1738 1628 1629
1697 1787 1771 1574 1575
1698 1581 1754 1774 1580
1699 1786 1717 1569 1570
1700 1764 1735 1548 1549
1701 1789 1775 1591 1592
1702 1765 1764 1549 1550
1703 1775 1749 1590 1591
1704 1782 1781 1565 1566
1705 1773 1708 1577 1578
1706 2489 2581 2507 2398
1707 2785 2745 2814 2838
1708 2628 2574 2661 2710
1709 2710 2661 2745 2785
1710 2838 2814 2878 2898
1711 2533 2480 2574 2628
1712 2234 2155 2298 2361
1713 2443 2349 2480 2533
1714 2073 1986 2154 2233
1715 2074 1987 2155 2234
1716 2080 1947 2157 2235
1717 2081 1948 2156 2236
1718 2153 2231 2064 1988
1719 2136 2230 2067 1952
1720 2486 2372 2421 2529
1721 1988 2064 1893 1802
1722 1990 2063 1883 1756
1723 1989 2069 1880 1733
1724 1952 2067 1901 1803
1725 1991 2066 1898 1706
1726 1927 2068 1899 1795
1727 1926 2065 1904 1715
1728 2703 2778 2746 2665
1729 2529 2622 2580 2486
1730 2622 2703 2665 2580
1731 2305 2421 2372 2207
1732 2528 2621 2581 2489
1733 2207 2019 2173 2305
1734 2617 2573 2660 2700
1735 2833 2813 2869 2890
1736 2700 2660 2744 2776
1737 2776 2744 2813 2833
1738 2522 2476 2573 2617
1739 2476 2522 2418 2362
1740 2072 2161 2002 1840
1741 2083 2159 1949 1838
1742 2525 2620 2586 2485
1743 2297 2237 2362 2418
1744 2335 2200 2301 2424
1745 2200 2041 2165 2301
1746 2040 1828 2004 2164
1747 2041 1824 2005 2165
1748 2022 1825 2001 2160
1749 2344 2212 2302 2425
1750 2425 2525 2485 2344
1751 2212 2040 2164 2302
1752 1696 1881 1759 1697
1753 1682 1899 1712 1683
1754 1694 1882 1743 1695
1755 1691 1884 1729 1692
1756 1670 1897 1714 1671
1757 185 1887 1800 184
1758 172 1883 1727 171
1759 170 1905 1812 169
1760 182 1888 1706 181
1761 1673 1891 1742 1674
1762 1677 1902 1707 1678
1763 1687 1896 1715 1688
1764 1665 1894 1722 1666
1765 188 1901 1801 187
1766 1689 1904 1794 1690
1767 194 1890 1802 193
1768 1684 1903 1758 1685
1769 174 1900 1756 173
1770 190 1892 1803 189
1771 192 1893 1713 191
1772 1680 1895 1795 1681
1773 178 1886 1718 177
1774 196 1885 1716 195
1775 180 1898 1797 179
1776 176 1906 1799 175
1777 198 1880 1792 197
1778 200 1889 1733 199
1779 2556 2478 2536 2627
1780 2709 2784 2743 2646
1781 2627 2709 2646 2556
1782 2784 2840 2812 2743
1783 2003 1819 2018 2162
1784 2019 1821 1999 2173
1785 2805 2843 2894 2863
1786 2663 2714 2787 2739
1787 2843 2805 2739 2787
1788 2714 2663 2576 2633
1789 2633 2576 2467 2540
1790 2416 2275 2366 2483
1791 2368 2270 2419 2479
1792 2240 2163 2270 2368
1793 2250 2134 2300 2367
1794 2310 2374 2245 2120
1795 2163 2240 2089 1920
1796 2133 2244 2076 1944
1797 2134 2250 2087 1921
1798 2135 2239 2086 1923
1799 2167 2246 2079 1946
1800 2120 2245 2078 1945
1801 2251 2119 2268 2377
1802 2743 2777 2701 2646
1803 2646 2701 2618 2556
1804 2523 2478 2556 2618
1805 2777 2743 2812 2834
1806 2478 2523 2422 2333
1807 2073 2233 2172 1928
1808 2074 2234 2138 1996
1809 2247 2311 2437 2365
1810 2125 2296 2204 2024
1811 2067 2230 2166 1995
1812 2064 2231 2119 1918
1813 2234 2361 2281 2138
1814 2153 1988 2087 2250
1815 2136 1952 2088 2251
1816 2308 2136 2251 2377
1817 2245 2374 2270 2163
1818 2076 2244 2134 1921
1819 2078 2245 2163 1920
1820 2079 2246 2120 1945
1821 2070 2232 2175 1998
1822 2162 2297 2213 2085
1823 2364 2252 2309 2422
1824 2540 2467 2365 2437
1825 2729 2662 2701 2777
1826 2800 2729 2777 2834
1827 2618 2701 2662 2575
1828 2523 2618 2575 2460
1829 2422 2523 2460 2364
1830 2506 2396 2486 2580
1831 2304 2423 2336 2202
1832 2858 2800 2834 2893
1833 2360 2426 2296 2295
1834 2295 2296 2125 2208
1835 2088 1918 2119 2251
1836 2043 1996 2138 2242
1837 2333 2444 2536 2478
1838 2693 2606 2666 2749
1839 2606 2508 2578 2666
1840 2508 2399 2484 2578
1841 2399 2269 2369 2484
1842 2162 2018 2237 2297
1843 2779 2730 2799 2835
1844 2702 2653 2730 2779
1845 2619 2563 2653 2702
1846 2563 2619 2524 2465
1847 2345 2420 2303 2210
1848 2423 2346 2465 2524
1849 2617 2700 2653 2563
1850 2776 2833 2799 2730
1851 2867 2799 2833 2890
1852 2730 2653 2700 2776
1853 2563 2465 2522 2617
1854 2418 2522 2465 2346
1855 2907 2948 2933 2884
1856 2297 2418 2346 2213
1857 2708 2647 2738 2780
1858 2626 2557 2647 2708
1859 2534 2451 2557 2626
1860 2432 2371 2474 2532
1861 2738 2647 2702 2779
1862 2779 2835 2809 2738
1863 2647 2557 2619 2702
1864 2524 2619 2557 2451
1865 2423 2524 2451 2336
1866 2303 2420 2371 2203
1867 2868 2917 2902 2847
1868 2483 2401 2542 2544
1869 2299 2366 2249 2123
1870 2408 2482 2375 2283
1871 2368 2479 2401 2299
1872 2240 2368 2299 2123
1873 2505 2395 2467 2576
1874 2739 2805 2765 2689
1875 2828 2765 2805 2863
1876 2909 2951 2926 2881
1877 2881 2828 2863 2909
1878 2689 2602 2663 2739
1879 2576 2663 2602 2505
1880 2395 2266 2365 2467
1881 2705 2749 2666 2609
1882 2578 2512 2609 2666
1883 2484 2407 2512 2578
1884 2006 1998 2175 2095
1885 2369 2280 2407 2484
1886 2266 2116 2247 2365
1887 2201 2021 2177 2306
1888 2816 2871 2837 2782
1889 2751 2816 2782 2718
1890 2304 2213 2346 2423
1891 2370 2241 2307 2429
1892 2429 2526 2459 2370
1893 2454 2338 2431 2531
1894 2338 2201 2306 2431
1895 2241 2020 2178 2307
1896 2425 2338 2454 2525
1897 2525 2454 2566 2620
1898 2338 2425 2302 2201
1899 2301 2241 2370 2424
1900 2241 2301 2165 2020
1901 2565 2621 2528 2459
1902 2433 2336 2451 2534
1903 2422 2309 2308 2333
1904 2164 2021 2201 2302
1905 1792 1880 2069 1944
1906 1743 1882 2073 1928
1907 1727 1883 2063 1923
1908 1742 1891 2074 1996
1909 1713 1893 2064 1918
1910 1712 1899 2068 1993
1911 1801 1901 2067 1995
1912 1797 1898 2066 1946
1913 1794 1904 2065 1994
1914 2296 2426 2340 2204
1915 1800 1887 1949 2000
1916 2169 2026 2210 2303
1917 2309 2230 2136 2308
1918 2170 2085 2213 2304
1919 2577 2623 2530 2488
1920 2623 2577 2654 2704
1921 2452 2527 2440 2337
1922 2488 2530 2441 2381
1923 1729 1828 1986 1793
1924 1985 1796 1814 1877
1925 1745 1796 1985 1840
1926 1879 1807 1806 1878
1927 1707 1821 1948 1805
1928 1878 1806 1722 1827
1929 2062 1879 1878 1992
1930 2158 1992 1922 2024
1931 1992 1878 1827 1922
1932 1950 1808 1807 1879
1933 1757 1800 2000 1819
1934 1758 1824 1947 1811
1935 1714 1825 1987 1809
1936 2452 2532 2631 2564
1937 1733 1880 198 199
1938 1792 1885 196 197
1939 1756 1883 172 173
1940 1745 1889 200 201
1941 1802 1893 192 193
1942 1713 1892 190 191
1943 1716 1890 194 195
1944 1757 1888 182 183
1945 1743 1881 1696 1695
1946 1793 1882 1694 1693
1947 1797 1886 178 179
1948 1706 1898 180 181
1949 1718 1906 176 177
1950 1799 1900 174 175
1951 1709 1887 185 186
1952 1803 1901 188 189
1953 1727 1905 170 171
1954 1805 1895 1680 1679
1955 1810 1902 1677 1676
1956 1809 1891 1673 1672
1957 1804 1894 1665 1664
1958 1712 1903 1684 1683
1959 1811 1896 1687 1686
1960 1715 1904 1689 1688
1961 1794 1884 1691 1690
1962 1808 1897 1670 1669
1963 1795 1899 1682 1681
1964 2577 2488 2534 2626
1965 2626 2708 2654 2577
1966 2708 2780 2753 2654
1967 1812 1951 1833 1732
1968 2248 2168 2280 2369
1969 1882 1793 1986 2073
1970 1891 1809 1987 2074
1971 1895 1805 1948 2081
1972 1896 1811 1947 2080
1973 2432 2532 2452 2337
1974 1896 2080 1926 1715
1975 1895 2081 1927 1795
1976 2488 2381 2433 2534
1977 2837 2889 2872 2803
1978 2782 2837 2803 2733
1979 2748 2781 2715 2650
1980 1989 1733 1889 2002
1981 1991 1706 1888 2003
1982 2366 2299 2401 2483
1983 2581 2655 2604 2507
1984 1636 1635 1744 1817
1985 1816 1650 1649 1726
1986 2580 2665 2611 2506
1987 2829 2771 2807 2864
1988 2746 2807 2771 2695
1989 2665 2746 2695 2611
1990 2882 2922 2954 2927
1991 2584 2670 2603 2548
1992 2643 2558 2648 2724
1993 2558 2643 2553 2496
1994 2312 2203 2371 2432
1995 2313 2202 2336 2433
1996 2894 2858 2906 2939
1997 2558 2496 2527 2629
1998 2648 2558 2629 2715
1999 2623 2704 2664 2559
2000 2334 2253 2316 2430
2001 2530 2623 2559 2457
2002 2348 2254 2314 2427
2003 2211 2290 2357 2292
2004 2483 2544 2490 2416
2005 2470 2504 2450 2449
2006 2487 2531 2431 2348
2007 2429 2332 2481 2526
2008 2332 2429 2307 2199
2009 2332 2199 2315 2428
2010 2772 2696 2756 2821
2011 2830 2772 2821 2874
2012 2874 2919 2885 2830
2013 2070 1931 2145 2232
2014 2810 2848 2806 2793
2015 2816 2772 2830 2871
2016 2772 2816 2751 2696
2017 2696 2751 2675 2639
2018 1664 1663 1907 1804
2019 1931 2070 1907 1731
2020 2827 2853 2794 2734
2021 2752 2817 2797 2699
2022 2306 2254 2348 2431
2023 2696 2639 2672 2756
2024 2919 2949 2931 2885
2025 2937 2965 2954 2922
2026 2668 2752 2699 2605
2027 2897 2860 2801 2850
2028 2740 2657 2722 2790
2029 2657 2567 2640 2722
2030 1716 1885 2076 1921
2031 1799 1906 2078 1920
2032 1812 1905 2086 1951
2033 1759 1881 2077 2011
2034 1802 1890 2087 1988
2035 1803 1892 2088 1952
2036 1718 1886 2079 1945
2037 1756 1900 2089 1990
2038 2550 2640 2567 2458
2039 2311 2083 2166 2252
2040 1995 1838 1709 1801
2041 1790 1859 1940 1976
2042 1772 1856 1934 1974
2043 2673 2604 2691 2755
2044 1741 1853 1936 1973
2045 1922 1827 2006 2095
2046 1780 1848 1938 1975
2047 2024 1922 2095 2125
2048 2634 2680 2706 2612
2049 2748 2650 2725 2763
2050 1787 1864 1943 1977
2051 2916 2882 2927 2947
2052 2870 2829 2882 2916
2053 2829 2870 2815 2771
2054 2747 2695 2771 2815
2055 2807 2849 2899 2864
2056 2670 2611 2695 2747
2057 2424 2370 2459 2528
2058 2495 2439 2464 2510
2059 2939 2909 2863 2894
2060 2834 2812 2859 2893
2061 1804 1907 2070 1998
2062 2722 2651 2735 2790
2063 2651 2722 2640 2560
2064 2920 2934 2891 2861
2065 2560 2640 2550 2468
2066 2752 2692 2770 2817
2067 2668 2625 2692 2752
2068 2625 2668 2594 2546
2069 2292 2357 2345 2210
2070 2334 2421 2305 2253
2071 2657 2703 2622 2567
2072 2703 2657 2740 2778
2073 2567 2622 2529 2458
2074 2842 2804 2861 2891
2075 1732 168 169 1812
2076 2692 2625 2673 2755
2077 2919 2883 2928 2949
2078 2874 2836 2883 2919
2079 2821 2766 2836 2874
2080 2670 2747 2690 2603
2081 2648 2715 2781 2734
2082 2928 2883 2916 2947
2083 2883 2836 2870 2916
2084 2815 2870 2836 2766
2085 2747 2815 2766 2690
2086 1927 2081 2236 2140
2087 1926 2080 2235 2139
2088 2625 2546 2585 2673
2089 2756 2690 2766 2821
2090 2527 2452 2564 2629
2091 2582 2518 2562 2616
2092 2784 2732 2802 2840
2093 2709 2671 2732 2784
2094 2627 2583 2671 2709
2095 2583 2627 2536 2453
2096 2001 1897 1808 1950
2097 2545 2457 2559 2615
2098 1840 2002 1889 1745
2099 1819 2003 1888 1757
2100 1838 1949 1887 1709
2101 2842 2891 2857 2798
2102 1993 2005 1903 1712
2103 1994 2004 1884 1794
2104 2914 2889 2837 2871
2105 2692 2755 2789 2770
2106 2252 2166 2230 2309
2107 2891 2934 2905 2857
2108 2276 2386 2494 2404
2109 2022 2160 2248 2214
2110 2463 2354 2271 2537
2111 2214 2248 2369 2269
2112 2585 2507 2604 2673
2113 2498 2396 2506 2584
2114 2584 2506 2611 2670
2115 2499 2279 2359 2409
2116 2000 1949 2159 2082
2117 2160 2001 1950 2084
2118 2247 2159 2083 2311
2119 2282 2255 2030 2171
2120 2725 2684 2698 2763
2121 2497 2398 2507 2585
2122 2838 2898 2861 2804
2123 2439 2358 2397 2464
2124 2710 2785 2735 2651
2125 2785 2838 2804 2735
2126 2651 2560 2628 2710
2127 1999 1902 1810 2098
2128 2943 2965 2937 2905
2129 2533 2628 2560 2468
2130 2421 2334 2458 2529
2131 1944 2076 1885 1792
2132 1928 2077 1881 1743
2133 1923 2086 1905 1727
2134 1945 2078 1906 1718
2135 1921 2087 1890 1716
2136 1918 2088 1892 1713
2137 1920 2089 1900 1799
2138 1946 2079 1886 1797
2139 1996 2043 1798 1742
2140 2120 2246 2313 2310
2141 2134 2244 2312 2300
2142 2237 2018 2082 2116
2143 2699 2727 2676 2605
2144 2133 2169 2303 2203
2145 2167 2170 2304 2202
2146 2084 2062 2238 2168
2147 1833 1951 2171 2030
2148 2789 2733 2803 2841
2149 2672 2603 2690 2756
2150 2905 2934 2952 2943
2151 1944 2069 2169 2133
2152 1946 2066 2170 2167
2153 2171 2239 2376 2282
2154 1663 1662 1731 1907
2155 2405 2339 2291 2356
2156 2899 2857 2905 2937
2157 1989 2002 2161 2026
2158 1991 2003 2162 2085
2159 1951 2086 2239 2171
2160 2643 2724 2671 2583
2161 2553 2643 2583 2453
2162 2954 2965 2970 2974
2163 2071 1708 1773 2038
2164 2268 2375 2482 2438
2165 2532 2474 2587 2631
2166 2850 2801 2736 2791
2167 2075 1783 1719 2039
2168 2135 2249 2366 2275
2169 2298 2214 2269 2349
2170 2885 2914 2871 2830
2171 2790 2735 2804 2842
2172 1998 2006 1894 1804
2173 2749 2819 2768 2693
2174 2629 2564 2650 2715
2175 1798 2043 2098 1810
2176 1884 2004 1828 1729
2177 1902 1999 1821 1707
2178 1894 2006 1827 1722
2179 1897 2001 1825 1714
2180 1903 2005 1824 1758
2181 2964 2973 2971 2942
2182 2082 2018 1819 2000
2183 1879 2062 2084 1950
2184 2732 2671 2724 2794
2185 2802 2732 2794 2853
2186 2586 2656 2614 2513
2187 2705 2786 2819 2749
2188 1933 1837 2112 2035
2189 2593 2548 2603 2672
2190 1923 2063 2249 2135
2191 2119 2231 2375 2268
2192 1990 2089 2240 2123
2193 2153 2250 2367 2283
2194 2503 2463 2517 2549
2195 2361 2298 2349 2443
2196 2691 2718 2782 2733
2197 2951 2909 2939 2950
2198 2292 2161 2072 2211
2199 2339 2274 2227 2291
2200 2348 2427 2497 2487
2201 2487 2497 2585 2546
2202 2164 2004 1994 2021
2203 2165 2005 1993 2020
2204 2323 2229 2144 2193
2205 2160 2084 2168 2248
2206 2205 2272 2341 2290
2207 2770 2789 2841 2811
2208 2604 2655 2718 2691
2209 2037 1968 2132 2227
2210 2177 2065 1926 2139
2211 2178 2068 1927 2140
2212 2317 2352 2378 2219
2213 2408 2440 2527 2496
2214 1744 1760 2014 1917
2215 2010 1776 1730 1836
2216 2159 2247 2116 2082
2217 1585 1873 1753 1584
2218 1600 1872 1752 1599
2219 1561 1871 1767 1560
2220 1557 1870 1724 1556
2221 1617 1869 1723 1616
2222 1553 1868 1725 1552
2223 1867 1705 1586 1587
2224 1866 1748 1588 1589
2225 1865 1789 1592 1593
2226 1864 1787 1575 1576
2227 1863 1786 1570 1571
2228 1861 1719 1609 1610
2229 1860 1736 1624 1625
2230 2176 2205 2290 2211
2231 2283 2367 2440 2408
2232 2655 2675 2751 2718
2233 2565 2593 2672 2639
2234 2305 2173 2137 2253
2235 2244 2133 2203 2312
2236 2246 2167 2202 2313
2237 2454 2531 2594 2566
2238 2481 2498 2584 2548
2239 2332 2428 2498 2481
2240 2325 2382 2501 2435
2241 2069 1989 2026 2169
2242 2066 1991 2085 2170
2243 2494 2582 2509 2404
2244 2218 2273 2352 2317
2245 2270 2374 2441 2419
2246 2300 2312 2432 2337
2247 2310 2313 2433 2381
2248 1583 1859 1790 1582
2249 1579 1858 1773 1578
2250 1595 1857 1710 1594
2251 1573 1855 1740 1572
2252 1598 1856 1772 1597
2253 1602 1854 1711 1601
2254 1567 1852 1782 1566
2255 1605 1853 1741 1604
2256 1563 1851 1720 1562
2257 1607 1862 1770 1606
2258 1559 1849 1751 1558
2259 1612 1850 1768 1611
2260 1555 1847 1766 1554
2261 1615 1848 1780 1614
2262 1551 1845 1765 1550
2263 1619 1846 1750 1618
2264 1622 1844 1728 1621
2265 1546 1843 1737 1545
2266 1627 1842 1763 1626
2267 2566 2594 2668 2605
2268 2581 2621 2675 2655
2269 2383 2335 2489 2398
2270 2239 2135 2275 2376
2271 2791 2736 2649 2723
2272 2459 2526 2593 2565
2273 2586 2620 2676 2656
2274 2161 2292 2210 2026
2275 1539 1543 1813 1541
2276 2849 2798 2857 2899
2277 2063 1990 2123 2249
2278 2231 2153 2283 2375
2279 2724 2648 2734 2794
2280 1919 1875 1822 2109
2281 2127 2229 2272 2205
2282 2384 2372 2486 2396
2283 1732 1833 1969 1874
2284 2427 2314 2284 2383
2285 2428 2315 2285 2384
2286 2152 2032 2128 2225
2287 2444 2377 2268 2438
2288 2500 2404 2509 2589
2289 2065 2177 2021 1994
2290 2068 2178 2020 1993
2291 2401 2479 2545 2542
2292 1932 2127 2061 1835
2293 2740 2790 2842 2798
2294 2306 2177 2139 2254
2295 2307 2178 2140 2199
2296 2928 2947 2978 2961
2297 2121 2101 2010 2037
2298 2500 2446 2289 2390
2299 2419 2441 2530 2457
2300 2684 2644 2686 2698
2301 2314 2235 2157 2284
2302 2315 2236 2156 2285
2303 2356 2415 2473 2405
2304 2367 2300 2337 2440
2305 2374 2310 2381 2441
2306 2341 2442 2357 2290
2307 2915 2931 2953 2930
2308 2645 2569 2658 2728
2309 2482 2408 2496 2553
2310 2598 2539 2435 2501
2311 2755 2691 2733 2789
2312 2512 2572 2679 2609
2313 2121 2037 2227 2274
2314 2763 2698 2758 2796
2315 2430 2316 2281 2385
2316 2098 2043 2242 2137
2317 2746 2778 2849 2807
2318 2385 2443 2533 2468
2319 2334 2430 2550 2458
2320 2716 2717 2613 2678
2321 2377 2444 2333 2308
2322 2383 2284 2200 2335
2323 2384 2285 2207 2372
2324 2131 2103 2147 2219
2325 2621 2565 2639 2675
2326 2591 2624 2521 2461
2327 2360 2295 2378 2352
2328 1979 1971 1866 1749
2329 2059 1958 1861 1768
2330 2716 2678 2610 2649
2331 2056 1978 1860 1763
2332 1659 1541 1813 1746
2333 2427 2383 2398 2497
2334 2485 2473 2415 2344
2335 2271 2354 2324 2122
2336 2316 2242 2138 2281
2337 2793 2806 2767 2737
2338 2620 2566 2605 2676
2339 1913 2101 1924 1721
2340 2596 2595 2514 2551
2341 1980 1925 1842 1738
2342 2595 2596 2642 2632
2343 1983 1981 1843 1777
2344 2518 2582 2494 2436
2345 2125 2095 2175 2208
2346 2572 2521 2624 2679
2347 2531 2487 2546 2594
2348 2936 2911 2933 2945
2349 2536 2444 2438 2453
2350 2707 2630 2667 2750
2351 2846 2892 2876 2818
2352 2783 2707 2750 2818
2353 2102 1943 2071 2190
2354 2579 2667 2630 2547
2355 2649 2610 2616 2723
2356 2359 2293 2343 2409
2357 2428 2384 2396 2498
2358 2864 2899 2937 2922
2359 2712 2669 2742 2774
2360 2934 2920 2929 2952
2361 2493 2579 2547 2397
2362 2636 2720 2667 2579
2363 2539 2636 2579 2493
2364 2720 2775 2750 2667
2365 2829 2864 2922 2882
2366 2965 2943 2968 2970
2367 2526 2481 2548 2593
2368 2390 2276 2404 2500
2369 2235 2314 2254 2139
2370 2236 2315 2199 2140
2371 2839 2783 2818 2876
2372 2479 2419 2457 2545
2373 2846 2823 2877 2892
2374 2435 2539 2493 2347
2375 2137 2173 1999 2098
2376 2057 1725 1868 1962
2377 2054 1723 1869 1939
2378 2060 1724 1870 1964
2379 2058 1767 1871 1966
2380 2053 1752 1872 1935
2381 2413 2354 2463 2503
2382 2055 1753 1873 1941
2383 2051 1770 1862 1937
2384 2052 1705 1867 1942
2385 2049 1766 1847 1963
2386 2050 1751 1849 1965
2387 2927 2954 2974 2959
2388 2385 2281 2361 2443
2389 2936 2945 2962 2957
2390 2219 2378 2287 2131
2391 2321 2233 2154 2286
2392 2818 2750 2775 2846
2393 1844 1933 1970 1728
2394 2242 2316 2253 2137
2395 1791 1746 1910 1982
2396 2045 1720 1851 1967
2397 2535 2589 2678 2613
2398 2208 2175 2232 2326
2399 2409 2343 2466 2551
2400 2147 2148 2317 2219
2401 1630 1762 1761 1629
2402 2908 2900 2860 2897
2403 2968 2972 2980 2970
2404 2462 2412 2492 2515
2405 2683 2615 2559 2664
2406 2186 2034 2033 2256
2407 2966 2948 2932 2960
2408 2382 2319 2434 2501
2409 2876 2923 2896 2839
2410 1588 1748 1867 1587
2411 2687 2636 2539 2598
2412 1586 1705 1873 1585
2413 2637 2588 2669 2712
2414 1590 1749 1866 1589
2415 1594 1710 1865 1593
2416 1577 1708 1864 1576
2417 1601 1711 1872 1600
2418 1572 1740 1863 1571
2419 1611 1768 1861 1610
2420 1562 1720 1871 1561
2421 1558 1751 1870 1557
2422 1618 1750 1869 1617
2423 1554 1766 1868 1553
2424 1626 1763 1860 1625
2425 1762 1630 2 6
2426 2293 2359 2260 2124
2427 2698 2686 2713 2758
2428 1584 1753 1859 1583
2429 2216 2172 2233 2321
2430 1580 1774 1858 1579
2431 1596 1788 1857 1595
2432 1574 1771 1855 1573
2433 1599 1752 1856 1598
2434 2731 2719 2759 2769
2435 1603 1785 1854 1602
2436 1568 1784 1852 1567
2437 1606 1770 1853 1605
2438 1564 1769 1851 1563
2439 1608 1783 1862 1607
2440 1560 1767 1849 1559
2441 1613 1739 1850 1612
2442 2683 2681 2632 2642
2443 1556 1724 1847 1555
2444 1616 1723 1848 1615
2445 1552 1725 1845 1551
2446 1620 1779 1846 1619
2447 1623 1778 1844 1622
2448 1547 1777 1843 1546
2449 1628 1738 1842 1627
2450 2193 1924 2228 2323
2451 2778 2740 2798 2849
2452 2389 2350 2224 2327
2453 2389 2400 2492 2350
2454 2942 2971 2975 2960
2455 2773 2826 2754 2694
2456 2827 2825 2852 2851
2457 2430 2385 2468 2550
2458 2923 2876 2892 2910
2459 2969 2967 2977 2972
2460 2386 2320 2436 2494
2461 2582 2616 2610 2509
2462 2061 2127 2205 2176
2463 2569 2645 2549 2517
2464 2475 2420 2345 2414
2465 2679 2761 2705 2609
2466 2551 2466 2516 2596
2467 2097 1919 2322 2217
2468 2762 2704 2654 2753
2469 2291 2227 2132 2216
2470 2537 2600 2517 2463
2471 2941 2913 2900 2908
2472 1737 1841 1544 1545
2473 2501 2434 2538 2598
2474 2420 2475 2474 2371
2475 2515 2571 2634 2612
2476 2734 2781 2825 2827
2477 2144 2229 2127 1932
2478 2188 2077 1928 2172
2479 2753 2780 2810 2793
2480 2947 2927 2959 2978
2481 2615 2561 2542 2545
2482 2032 2048 2257 2128
2483 2964 2942 2926 2951
2484 2216 2321 2356 2291
2485 2792 2736 2801 2856
2486 2809 2835 2868 2847
2487 2907 2884 2867 2890
2488 2886 2877 2866 2901
2489 2112 2036 2185 2263
2490 2473 2513 2601 2405
2491 2694 2659 2717 2741
2492 2061 2176 2044 1997
2493 2206 2218 2149 2150
2494 2128 2257 2380 2329
2495 2188 2132 1968 2106
2496 2456 2520 2475 2414
2497 2748 2763 2796 2795
2498 1543 1544 1841 1813
2499 2930 2893 2859 2915
2500 2482 2553 2453 2438
2501 2389 2279 2499 2400
2502 1972 1839 1735 1764
2503 2949 2961 2946 2953
2504 2918 2908 2897 2875
2505 2513 2473 2485 2586
2506 2598 2538 2635 2687
2507 2850 2824 2875 2897
2508 2541 2462 2588 2637
2509 2770 2811 2854 2817
2510 1954 1774 1754 1818
2511 1717 1786 1822 1875
2512 1775 1789 1953 1820
2513 1943 1864 1708 2071
2514 1937 1862 1783 2075
2515 1966 1871 1720 2045
2516 2262 2392 2328 2151
2517 204 1815 1814 203
2518 2906 2946 2950 2939
2519 2144 2105 2047 2193
2520 2150 2151 2328 2206
2521 2945 2933 2948 2966
2522 2932 2926 2942 2960
2523 2926 2932 2912 2881
2524 2976 2966 2960 2975
2525 2325 2435 2347 2267
2526 2324 2221 2096 2122
2527 2935 2955 2921 2896
2528 2775 2731 2823 2846
2529 2520 2456 2599 2644
2530 2946 2906 2930 2953
2531 2907 2912 2932 2948
2532 2912 2907 2890 2869
2533 2564 2631 2725 2650
2534 2172 2216 2132 2188
2535 2810 2809 2847 2848
2536 2415 2356 2321 2286
2537 2893 2930 2906 2858
2538 2217 2351 2271 2122
2539 2769 2844 2823 2731
2540 2868 2867 2884 2917
2541 2867 2868 2835 2799
2542 2809 2810 2780 2738
2543 2791 2760 2824 2850
2544 2963 2964 2951 2950
2545 2820 2783 2839 2873
2546 2757 2707 2783 2820
2547 1984 1863 1740 2090
2548 1942 1867 1748 2094
2549 2409 2551 2514 2499
2550 1930 1865 1710 2091
2551 2571 2515 2492 2400
2552 2707 2757 2674 2630
2553 1935 1872 1711 2092
2554 1939 1869 1750 2093
2555 2537 2271 2351 2543
2556 2840 2888 2859 2812
2557 2257 2264 2267 2380
2558 2888 2862 2904 2924
2559 2012 1852 1784 2013
2560 2561 2516 2544 2542
2561 2802 2862 2888 2840
2562 2391 2288 2448 2410
2563 2455 2511 2410 2448
2564 2915 2859 2888 2924
2565 2215 2225 2277 2373
2566 2935 2896 2923 2957
2567 1874 167 168 1732
2568 2652 2659 2694 2754
2569 2713 2727 2699 2797
2570 2511 2455 2592 2638
2571 2077 2188 2106 2011
2572 2325 2264 2258 2382
2573 2630 2674 2597 2547
2574 2641 2721 2682 2562
2575 2844 2822 2831 2866
2576 2279 2223 2260 2359
2577 2963 2978 2959 2979
2578 2873 2895 2845 2820
2579 2788 2757 2820 2845
2580 2966 2976 2962 2945
2581 2514 2571 2400 2499
2582 2117 2261 2046 2031
2583 2832 2819 2826 2855
2584 2936 2957 2923 2910
2585 2736 2792 2716 2649
2586 2723 2682 2760 2791
2587 2037 2010 1836 1968
2588 2872 2851 2841 2803
2589 2875 2824 2845 2895
2590 2721 2674 2757 2788
2591 2195 2180 2330 2243
2592 2824 2760 2788 2845
2593 2659 2652 2638 2592
2594 2114 2029 2118 2258
2595 2631 2587 2684 2725
2596 2721 2788 2760 2682
2597 2111 2028 2141 2259
2598 2288 2130 2222 2379
2599 2110 2023 2124 2260
2600 2414 2345 2357 2442
2601 2958 2977 2944 2955
2602 2448 2288 2379 2502
2603 2697 2664 2704 2762
2604 2186 2107 2099 2034
2605 2353 2342 2323 2228
2606 2975 2971 2980 2981
2607 2808 2880 2855 2773
2608 2613 2717 2659 2592
2609 2456 2442 2471 2519
2610 1956 1823 2111 2183
2611 1960 1830 2027 2182
2612 1957 1826 2110 2181
2613 2967 2938 2944 2977
2614 1959 1831 2025 2174
2615 2474 2475 2520 2587
2616 2741 2808 2773 2694
2617 2940 2921 2955 2944
2618 2918 2875 2895 2940
2619 2393 2449 2450 2273
2620 2033 2103 2131 2256
2621 2109 2042 2130 2322
2622 2039 2265 2129 2075
2623 2935 2962 2958 2955
2624 2115 1969 2185 2036
2625 2426 2504 2461 2340
2626 2185 1969 1833 2030
2627 2712 2759 2677 2637
2628 2892 2877 2886 2910
2629 2108 1858 1774 1954
2630 1781 1782 1832 2008
2631 2113 1857 1788 1829
2632 1749 1775 1820 1979
2633 1959 1855 1771 1831
2634 2097 2217 2122 2096
2635 1956 1854 1785 1823
2636 2358 2439 2277 2329
2637 1957 1850 1739 1826
2638 1960 1846 1779 1830
2639 1764 1765 1834 1972
2640 2373 2277 2439 2495
2641 2950 2946 2961 2963
2642 2261 2117 2320 2386
2643 2817 2854 2796 2797
2644 2641 2597 2674 2721
2645 2258 2118 2319 2382
2646 1829 1788 1772 1974
2647 1823 1785 1741 1973
2648 1784 1717 1875 2013
2649 1818 1754 1790 1976
2650 1826 1739 1780 1975
2651 1831 1771 1787 1977
2652 2259 2141 2318 2387
2653 1830 1779 1728 1970
2654 1837 1778 1736 2007
2655 1777 1735 1839 1983
2656 2276 2226 2261 2386
2657 1738 1761 1908 1980
2658 1967 1851 1769 1876
2659 1933 1844 1778 1837
2660 2570 2519 2554 2469
2661 2781 2748 2795 2825
2662 2938 2941 2908 2918
2663 2635 2538 2590 2677
2664 1911 1698 1759 2014
2665 2129 2327 2224 2196
2666 2616 2562 2682 2723
2667 2491 2402 2541 2590
2668 2873 2839 2896 2921
2669 2608 2569 2600 2568
2670 2535 2613 2592 2455
2671 2072 2044 2176 2211
2672 2472 2469 2445 2406
2673 2677 2759 2719 2635
2674 2977 2958 2981 2972
2675 1740 1855 1959 2090
2676 1773 1858 1929 2038
2677 1737 1843 1981 2100
2678 2449 2413 2503 2470
2679 1763 1842 1925 2056
2680 1710 1857 1955 2091
2681 1750 1846 1960 2093
2682 1711 1854 1956 2092
2683 1768 1850 1957 2059
2684 2390 2126 2226 2276
2685 2466 2343 2411 2490
2686 2322 2130 2288 2391
2687 2516 2466 2490 2544
2688 2218 2206 2393 2273
2689 2589 2535 2446 2500
2690 2624 2591 2645 2728
2691 1748 1866 1971 2094
2692 2035 2112 2263 2187
2693 2538 2434 2491 2590
2694 1719 1861 1958 2039
2695 1876 1769 1781 2008
2696 2342 2272 2229 2323
2697 2403 2341 2272 2342
2698 1658 1815 204 4
2699 2895 2873 2921 2940
2700 2215 2373 2320 2117
2701 2445 2469 2403 2342
2702 1747 1914 165 166
2703 2436 2320 2373 2495
2704 2490 2411 2447 2416
2705 1736 1860 1978 2007
2706 2590 2541 2637 2677
2707 2412 2402 2387 2318
2708 1789 1865 1930 1953
2709 2148 2149 2218 2317
2710 2769 2759 2774 2822
2711 2587 2520 2644 2684
2712 2072 1840 1985 2044
2713 2767 2822 2774 2742
2714 2669 2588 2612 2706
2715 2887 2903 2913 2925
2716 2632 2680 2634 2595
2717 2464 2397 2547 2597
2718 2331 2255 2282 2355
2719 2607 2614 2688 2685
2720 2504 2426 2360 2450
2721 2225 2215 2143 2152
2722 2877 2823 2844 2866
2723 2108 1954 2192 2197
2724 2397 2358 2347 2493
2725 2591 2555 2549 2645
2726 1931 2107 2186 2145
2727 2471 2442 2341 2403
2728 1753 2055 1940 1859
2729 1752 2053 1934 1856
2730 1767 2058 1965 1849
2731 1724 2060 1963 1847
2732 1725 2057 1961 1845
2733 1723 2054 1938 1848
2734 2353 2228 2121 2274
2735 2855 2880 2865 2832
2736 2880 2860 2900 2903
2737 2851 2862 2853 2827
2738 2196 2051 1937 2129
2739 1705 2052 1941 1873
2740 2861 2898 2925 2920
2741 2685 2688 2727 2713
2742 1770 2051 1936 1853
2743 2588 2462 2515 2612
2744 2376 2447 2355 2282
2745 2326 2378 2295 2208
2746 1817 1917 1836 1730
2747 2023 1938 2054 2194
2748 2596 2516 2561 2642
2749 2029 1934 2053 2195
2750 2434 2319 2388 2491
2751 1751 2050 1964 1870
2752 1766 2049 1962 1868
2753 1540 1698 1911 1631
2754 2028 1936 2051 2196
2755 2450 2360 2352 2273
2756 2402 2412 2462 2541
2757 2412 2318 2350 2492
2758 2720 2719 2731 2775
2759 1816 1726 1932 1835
2760 2031 1940 2055 2189
2761 2243 2388 2319 2118
2762 1660 1659 1746 1791
2763 2706 2680 2726 2764
2764 2392 2324 2354 2413
2765 2224 2350 2318 2141
2766 2275 2416 2447 2376
2767 2642 2561 2615 2683
2768 2914 2924 2904 2889
2769 1970 1933 2035 2198
2770 2510 2464 2597 2641
2771 2658 2569 2608 2711
2772 2761 2679 2728 2658
2773 2652 2754 2711 2608
2774 2910 2886 2911 2936
2775 2608 2568 2638 2652
2776 2970 2980 2982 2974
2777 2055 1941 2143 2189
2778 2931 2924 2914 2885
2779 1970 2198 2027 1830
2780 2220 2209 2394 2278
2781 2209 2198 2187 2331
2782 2461 2504 2555 2591
2783 2413 2393 2328 2392
2784 2518 2495 2510 2562
2785 2786 2711 2754 2826
2786 2045 1967 2221 2262
2787 2220 2179 2182 2209
2788 2711 2786 2761 2658
2789 2543 2410 2511 2568
2790 2903 2887 2865 2880
2791 2856 2808 2741 2792
2792 2831 2806 2848 2879
2793 2956 2941 2938 2967
2794 1786 1863 2017 1822
2795 165 1914 1762 6
2796 2571 2514 2595 2634
2797 2222 2025 2126 2289
2798 2145 2287 2326 2232
2799 2190 2038 2197 2226
2800 1836 1917 2106 1968
2801 2887 2898 2878 2865
2802 1765 1845 2016 1834
2803 2933 2911 2917 2884
2804 1782 1852 2015 1832
2805 2220 2293 2124 2194
2806 2115 1925 1980 2009
2807 2688 2656 2676 2727
2808 2519 2570 2607 2599
2809 2664 2697 2681 2683
2810 1747 167 1874 2009
2811 2958 2962 2976 2981
2812 1877 1997 2044 1985
2813 2717 2716 2792 2741
2814 2039 1958 2146 2265
2815 2469 2601 2552 2570
2816 2614 2607 2570 2552
2817 1662 1661 1909 1731
2818 2726 2680 2681 2697
2819 2822 2767 2806 2831
2820 2901 2866 2879 2902
2821 2411 2394 2355 2447
2822 2503 2549 2555 2470
2823 2969 2968 2943 2952
2824 2030 2255 2263 2185
2825 2099 1982 2100 1981
2826 2388 2330 2387 2402
2827 1661 1660 1791 1909
2828 2917 2911 2901 2902
2829 2379 2222 2289 2446
2830 2956 2969 2952 2929
2831 2339 2472 2406 2274
2832 2410 2543 2351 2391
2833 2293 2220 2278 2343
2834 2856 2860 2880 2808
2835 2811 2852 2825 2854
2836 2719 2720 2687 2635
2837 1916 1814 1815 1755
2838 1919 2097 2013 1875
2839 2599 2685 2686 2644
2840 2331 2355 2394 2209
2841 2879 2848 2847 2902
2842 2938 2918 2940 2944
2843 2107 1931 1731 1909
2844 2925 2913 2929 2920
2845 2045 2262 2151 1966
2846 1913 1776 2010 2101
2847 2737 2764 2726 2697
2848 1953 2191 2048 1820
2849 2046 2192 1954 1818
2850 2793 2737 2762 2753
2851 2347 2358 2380 2267
2852 2025 1977 2102 2126
2853 1982 2107 1909 1791
2854 2329 2277 2225 2128
2855 2973 2959 2974 2982
2856 1746 1813 1841 1910
2857 1734 1912 1654 1653
2858 2174 2222 2130 2042
2859 2391 2351 2217 2322
2860 1652 1915 1734 1653
2861 1645 2104 2047 1646
2862 1642 1913 1721 1643
2863 2742 2669 2706 2764
2864 2047 2105 1647 1646
2865 2114 2184 2113 1829
2866 2600 2537 2543 2568
2867 1816 1915 1651 1650
2868 2223 2327 2265 2146
2869 2101 2121 2228 1924
2870 1655 1912 1755 1656
2871 1953 1930 2142 2191
2872 1648 2105 1726 1649
2873 1632 1911 1760 1633
2874 1721 2104 1644 1643
2875 1776 1913 1641 1640
2876 2009 1874 1969 2115
2877 2183 2111 2259 2330
2878 1932 1726 2105 2144
2879 2195 2243 2118 2029
2880 2862 2851 2872 2904
2881 2090 1959 2174 2042
2882 2196 2224 2141 2028
2883 2262 2221 2324 2392
2884 1755 1815 1657 1656
2885 2179 2194 2054 1939
2886 2142 2091 2184 2264
2887 2180 2195 2053 1935
2888 2189 2215 2117 2031
2889 2446 2535 2502 2379
2890 1908 1761 1914 1747
2891 2209 2182 2027 2198
2892 2941 2956 2929 2913
2893 2146 2059 2181 2223
2894 2011 1917 2014 1759
2895 1997 1877 1916 1912
2896 2183 2330 2180 2092
2897 1997 1734 1915 1835
2898 2255 2331 2187 2263
2899 2406 2445 2353 2274
2900 2327 2223 2279 2389
2901 1760 1744 1634 1633
2902 1639 1730 1776 1640
2903 1637 1817 1730 1638
2904 1972 2033 2034 1839
2905 2287 2145 2256 2131
2906 2015 2097 2096 1832
2907 2093 2182 2179 1939
2908 1924 2193 2104 1721
2909 2190 2226 2126 2102
2910 1979 2048 2032 1971
2911 2056 2115 2036 1978
2912 2221 1876 2008 2096
2913 2032 2152 2094 1971
2914 2031 2046 1976 1940
2915 1983 2034 2099 1981
2916 2405 2601 2472 2339
2917 2007 2036 2112 1837
2918 2029 2114 1974 1934
2919 2028 2111 1973 1936
2920 2023 2110 1975 1938
2921 2017 2042 2109 1822
2922 2016 2103 2033 1834
2923 2191 2264 2257 2048
2924 1908 1747 2009 1980
2925 2058 2151 2150 1965
2926 2502 2535 2455 2448
2927 2147 2103 2057 1962
2928 2411 2343 2278 2394
2929 2052 2152 2143 1941
2930 2149 2148 2060 1964
2931 1737 2100 1910 1841
2932 2150 2149 2050 1965
2933 2148 2147 2049 1963
2934 2012 2013 2097 2015
2935 2042 2017 1984 2090
2936 1961 2057 2103 2016
2937 2192 2261 2226 2197
2938 2197 2038 1929 2108
2939 2964 2963 2979 2973
2940 2258 2264 2184 2114
2941 1942 2094 2152 2052
2942 2260 2223 2181 2110
2943 2767 2742 2764 2737
2944 1955 2113 2184 2091
2945 2554 2519 2471 2403
2946 2552 2601 2513 2614
2947 2854 2825 2795 2796
2948 2852 2811 2841 2851
2949 2971 2973 2982 2980
2950 2758 2713 2797 2796
2 30 2 27
2951 3001 3014 3012
2952 2998 3014 1699
2953 4 2996 1658
2954 3011 3016 2989
2955 3001 3006 1700
2956 1704 2995 2990
2957 1643 3021 1642
2958 213 2999 212
2959 1636 3009 1635
2960 1640 3007 1639
2961 1645 3004 1644
2962 1652 3008 1651
2963 1648 3011 1647
2964 2999 3013 2997
2965 2987 3017 3012
2966 3018 3025 3006
2967 3002 3022 3005
2968 2997 3023 2988
2969 2986 3022 3008
2970 1655 2991 1654
2971 1642 2983 1641
2972 1634 2994 1633
2973 1650 2984 1649
2974 1638 2985 1637
2975 1701 3013 8
2976 3000 1702 1703
2977 1702 3000 1542
2 30 3 53
2978 2990 2993 1703 1704
2979 3017 3027 3001 3012
2980 3002 2992 2997 2988
2981 3029 3020 3022 3002
2982 3015 3027 3017 3028
2983 3016 3020 3029 3025
2984 3021 1643 1644 3004
2985 3003 2987 2998 2993
2986 3019 2985 3007 3028
2987 1701 1700 3006 3023
2988 2989 3016 3026 3004
2989 2993 2990 3024 3003
2990 3010 3005 2991 2996
2991 3005 3022 2986 2991
2992 3018 3026 3016 3025
2993 3000 2998 1699 1542
2994 3015 3028 3007 2983
2995 212 2992 3010 211
2996 3003 3028 3017 2987
2997 2985 3019 3024 3009
2998 3025 2988 3023 3006
2999 3018 3006 3001 3027
3000 3027 3015 3026 3018
3001 2992 3002 3005 3010
3002 3020 3016 3011 2984
3003 3000 1703 2993 2998
3004 3026 3015 3021 3004
3005 3009 3024 2990 2994
3006 1701 3023 2997 3013
3007 1647 3011 2989 1646
3008 1635 3009 2994 1634
3009 2992 212 2999 2997
3010 3008 3022 3020 2984
3011 3014 2998 2987 3012
3012 3014 3001 1700 1699
3013 2984 3011 1648 1649
3014 2995 1633 2994 2990
3015 2989 3004 1645 1646
3016 2985 3009 1636 1637
3017 2983 3007 1640 1641
3018 2986 3008 1652 1653
3019 3021 3015 2983 1642
3020 213 8 3013 2999
3021 2996 4 211 3010
3022 3007 2985 1638 1639
3023 3008 2984 1650 1651
3024 1656 2996 2991 1655
3025 1654 2991 2986 1653
3026 2995 1704 1540 1631
3027 2988 3025 3029 3002
3028 3019 3028 3003 3024
3029 1632 1633 2995 1631
3030 1657 1658 2996 1656
2 40 3 180
3031 3218 3211 3212 3217
3032 3033 3031 3036 3393
3033 3217 3212 3213 3216
3034 3388 3041 3042 3387
3035 3390 3039 3040 3389
3036 3229 3200 3201 3228
3037 3361 3068 3069 3360
3038 3366 3063 3064 3365
3039 3391 3038 3039 3390
3040 3379 3050 3051 3378
3041 3378 3051 3052 3377
3042 3222 3207 3208 3221
3043 3374 3055 3056 3373
3044 3393 3036 3037 3392
3045 3387 3042 3043 3386
3046 3386 3043 3044 3385
3047 3371 3058 3059 3370
3048 3376 3053 3054 3375
3049 3216 3213 3214 3215
3050 3219 3210 3211 3218
3051 3224 3205 3206 3223
3052 3234 3195 3196 3233
3053 3384 3045 3046 3383
3054 3381 3048 3049 3380
3055 3389 3040 3041 3388
3056 3392 3037 3038 3391
3057 3382 3047 3048 3381
3058 3383 3046 3047 3382
3059 3221 3208 3209 3220
3060 3220 3209 3210 3219
3061 3232 3197 3198 3231
3062 3225 3204 3205 3224
3063 3227 3202 3203 3226
3064 3235 3194 3195 3234
3065 3240 3189 3190 3239
3066 3230 3199 3200 3229
3067 3233 3196 3197 3232
3068 3245 3184 3185 3244
3069 3030 3032 3215 3214
3070 3223 3206 3207 3222
3071 3228 3201 3202 3227
3072 3246 3183 3184 3245
3073 3331 3098 3099 3330
3074 3358 3071 3072 3357
3075 3174 3255 3256 3173
3076 3363 3066 3067 3362
3077 3084 3345 3346 3083
3078 3337 3092 3093 3336
3079 3385 3044 3045 3384
3080 3083 3346 3347 3082
3081 3329 3100 3101 3328
3082 3078 3351 3352 3077
3083 3239 3190 3191 3238
3084 3081 3348 3349 3080
3085 3326 3103 3104 3325
3086 3370 3059 3060 3369
3087 3356 3073 3074 3355
3088 3251 3178 3179 3250
3089 3339 3090 3091 3338
3090 3357 3072 3073 3356
3091 3362 3067 3068 3361
3092 3369 3060 3061 3368
3093 3365 3064 3065 3364
3094 3373 3056 3057 3372
3095 3359 3070 3071 3358
3096 3344 3085 3086 3343
3097 3226 3203 3204 3225
3098 3355 3074 3075 3354
3099 3236 3193 3194 3235
3100 3360 3069 3070 3359
3101 3380 3049 3050 3379
3102 3377 3052 3053 3376
3103 3342 3087 3088 3341
3104 3354 3075 3076 3353
3105 3372 3057 3058 3371
3106 3079 3350 3351 3078
3107 3248 3181 3182 3247
3108 3241 3188 3189 3240
3109 3375 3054 3055 3374
3110 3367 3062 3063 3366
3111 3231 3198 3199 3230
3112 3364 3065 3066 3363
3113 3080 3349 3350 3079
3114 3238 3191 3192 3237
3115 3243 3186 3187 3242
3116 3368 3061 3062 3367
3117 3332 3097 3098 3331
3118 3336 3093 3094 3335
3119 3341 3088 3089 3340
3120 3345 3084 3085 3344
3121 3334 3095 3096 3333
3122 3283 3146 3147 3282
3123 3275 3154 3155 3274
3124 3264 3165 3166 3263
3125 3278 3151 3152 3277
3126 3299 3130 3131 3298
3127 3168 3261 3262 3167
3128 3237 3192 3193 3236
3129 3309 3120 3121 3308
3130 3252 3177 3178 3251
3131 3267 3162 3163 3266
3132 3286 3143 3144 3285
3133 3280 3149 3150 3279
3134 3173 3256 3257 3172
3135 3270 3159 3160 3269
3136 3171 3258 3259 3170
3137 3247 3182 3183 3246
3138 3250 3179 3180 3249
3139 3242 3187 3188 3241
3140 3291 3138 3139 3290
3141 3244 3185 3186 3243
3142 3249 3180 3181 3248
3143 3254 3175 3176 3253
3144 3307 3122 3123 3306
3145 3305 3124 3125 3304
3146 3300 3129 3130 3299
3147 3314 3115 3116 3313
3148 3320 3109 3110 3319
3149 3313 3116 3117 3312
3150 3321 3108 3109 3320
3151 3317 3112 3113 3316
3152 3338 3091 3092 3337
3153 3323 3106 3107 3322
3154 3279 3150 3151 3278
3155 3303 3126 3127 3302
3156 3308 3121 3122 3307
3157 3319 3110 3111 3318
3158 3253 3176 3177 3252
3159 3297 3132 3133 3296
3160 3325 3104 3105 3324
3161 3316 3113 3114 3315
3162 3167 3262 3263 3166
3163 3292 3137 3138 3291
3164 3284 3145 3146 3283
3165 3315 3114 3115 3314
3166 3302 3127 3128 3301
3167 3255 3174 3175 3254
3168 3335 3094 3095 3334
3169 3327 3102 3103 3326
3170 3274 3155 3156 3273
3171 3271 3158 3159 3270
3172 3077 3352 3353 3076
3173 3172 3257 3258 3171
3174 3340 3089 3090 3339
3175 3289 3140 3141 3288
3176 3343 3086 3087 3342
3177 3266 3163 3164 3265
3178 3310 3119 3120 3309
3179 3170 3259 3260 3169
3180 3287 3142 3143 3286
3181 3312 3117 3118 3311
3182 3265 3164 3165 3264
3183 3273 3156 3157 3272
3184 3333 3096 3097 3332
3185 3281 3148 3149 3280
3186 3294 3135 3136 3293
3187 3082 3347 3348 3081
3188 3322 3107 3108 3321
3189 3295 3134 3135 3294
3190 3268 3161 3162 3267
3191 3330 3099 3100 3329
3192 3328 3101 3102 3327
3193 3276 3153 3154 3275
3194 3324 3105 3106 3323
3195 3318 3111 3112 3317
3196 3304 3125 3126 3303
3197 3298 3131 3132 3297
3198 3306 3123 3124 3305
3199 3290 3139 3140 3289
3200 3293 3136 3137 3292
3201 3296 3133 3134 3295
3202 3311 3118 3119 3310
3203 3169 3260 3261 3168
3204 3301 3128 3129 3300
3205 3277 3152 3153 3276
3206 3282 3147 3148 3281
3207 3285 3144 3145 3284
3208 3269 3160 3161 3268
3209 3272 3157 3158 3271
3210 3288 3141 3142 3287
2 40 3 180
3211 3443 3264 3265 3444
3212 3363 3364 3543 3542
3213 3271 3272 3451 3450
3214 3430 3251 3252 3431
3215 3366 3367 3546 3545
3216 3222 3223 3402 3401
3217 3374 3375 3554 3553
3218 3387 3388 3567 3566
3219 3352 3353 3532 3531
3220 3376 3377 3556 3555
3221 3390 3391 3570 3569
3222 3233 3234 3413 3412
3223 3382 3383 3562 3561
3224 3409 3230 3231 3410
3225 3404 3225 3226 3405
3226 3415 3236 3237 3416
3227 3397 3218 3219 3398
3228 3426 3247 3248 3427
3229 3240 3241 3420 3419
3230 3256 3257 3436 3435
3231 3267 3268 3447 3446
3232 3408 3229 3230 3409
3233 3422 3243 3244 3423
3234 3238 3239 3418 3417
3235 3392 3393 3572 3571
3236 3556 3377 3378 3557
3237 3394 3215 3216 3395
3238 3564 3385 3386 3565
3239 3384 3385 3564 3563
3240 3227 3228 3407 3406
3241 3224 3225 3404 3403
3242 3237 3238 3417 3416
3243 3371 3372 3551 3550
3244 3442 3263 3264 3443
3245 3239 3240 3419 3418
3246 3034 3032 3215 3394
3247 3407 3228 3229 3408
3248 3405 3226 3227 3406
3249 3223 3224 3403 3402
3250 3388 3389 3568 3567
3251 3033 3035 3572 3393
3252 3431 3252 3253 3432
3253 3398 3219 3220 3399
3254 3368 3369 3548 3547
3255 3420 3241 3242 3421
3256 3413 3234 3235 3414
3257 3235 3236 3415 3414
3258 3217 3218 3397 3396
3259 3447 3268 3269 3448
3260 3242 3243 3422 3421
3261 3379 3380 3559 3558
3262 3391 3392 3571 3570
3263 3395 3216 3217 3396
3264 3436 3257 3258 3437
3265 3220 3221 3400 3399
3266 3445 3266 3267 3446
3267 3424 3245 3246 3425
3268 3429 3250 3251 3430
3269 3262 3263 3442 3441
3270 3410 3231 3232 3411
3271 3272 3273 3452 3451
3272 3246 3247 3426 3425
3273 3281 3282 3461 3460
3274 3279 3280 3459 3458
3275 3432 3253 3254 3433
3276 3273 3274 3453 3452
3277 3275 3276 3455 3454
3278 3280 3281 3460 3459
3279 3444 3265 3266 3445
3280 3440 3261 3262 3441
3281 3423 3244 3245 3424
3282 3439 3260 3261 3440
3283 3274 3275 3454 3453
3284 3269 3270 3449 3448
3285 3276 3277 3456 3455
3286 3437 3258 3259 3438
3287 3438 3259 3260 3439
3288 3221 3222 3401 3400
3289 3270 3271 3450 3449
3290 3434 3255 3256 3435
3291 3427 3248 3249 3428
3292 3433 3254 3255 3434
3293 3428 3249 3250 3429
3294 3232 3233 3412 3411
3295 3278 3279 3458 3457
3296 3284 3285 3464 3463
3297 3321 3322 3501 3500
3298 3323 3324 3503 3502
3299 3324 3325 3504 3503
3300 3342 3343 3522 3521
3301 3326 3327 3506 3505
3302 3327 3328 3507 3506
3303 3287 3288 3467 3466
3304 3372 3373 3552 3551
3305 3339 3340 3519 3518
3306 3378 3379 3558 3557
3307 3359 3360 3539 3538
3308 3353 3354 3533 3532
3309 3340 3341 3520 3519
3310 3364 3365 3544 3543
3311 3347 3348 3527 3526
3312 3389 3390 3569 3568
3313 3380 3381 3560 3559
3314 3348 3349 3528 3527
3315 3373 3374 3553 3552
3316 3350 3351 3530 3529
3317 3341 3342 3521 3520
3318 3335 3336 3515 3514
3319 3343 3344 3523 3522
3320 3293 3294 3473 3472
3321 3289 3290 3469 3468
3322 3332 3333 3512 3511
3323 3370 3371 3550 3549
3324 3357 3358 3537 3536
3325 3375 3376 3555 3554
3326 3355 3356 3535 3534
3327 3286 3287 3466 3465
3328 3360 3361 3540 3539
3329 3337 3338 3517 3516
3330 3345 3346 3525 3524
3331 3386 3387 3566 3565
3332 3358 3359 3538 3537
3333 3349 3350 3529 3528
3334 3338 3339 3518 3517
3335 3361 3362 3541 3540
3336 3381 3382 3561 3560
3337 3351 3352 3531 3530
3338 3365 3366 3545 3544
3339 3354 3355 3534 3533
3340 3334 3335 3514 3513
3341 3318 3319 3498 3497
3342 3283 3284 3463 3462
3343 3367 3368 3547 3546
3344 3383 3384 3563 3562
3345 3346 3347 3526 3525
3346 3369 3370 3549 3548
3347 3362 3363 3542 3541
3348 3285 3286 3465 3464
3349 3356 3357 3536 3535
3350 3292 3293 3472 3471
3351 3329 3330 3509 3508
3352 3277 3278 3457 3456
3353 3313 3314 3493 3492
3354 3288 3289 3468 3467
3355 3282 3283 3462 3461
3356 3297 3298 3477 3476
3357 3301 3302 3481 3480
3358 3300 3301 3480 3479
3359 3295 3296 3475 3474
3360 3291 3292 3471 3470
3361 3296 3297 3476 3475
3362 3311 3312 3491 3490
3363 3299 3300 3479 3478
3364 3294 3295 3474 3473
3365 3290 3291 3470 3469
3366 3331 3332 3511 3510
3367 3314 3315 3494 3493
3368 3333 3334 3513 3512
3369 3310 3311 3490 3489
3370 3344 3345 3524 3523
3371 3306 3307 3486 3485
3372 3317 3318 3497 3496
3373 3307 3308 3487 3486
3374 3325 3326 3505 3504
3375 3336 3337 3516 3515
3376 3322 3323 3502 3501
3377 3330 3331 3510 3509
3378 3328 3329 3508 3507
3379 3298 3299 3478 3477
3380 3309 3310 3489 3488
3381 3315 3316 3495 3494
3382 3316 3317 3496 3495
3383 3308 3309 3488 3487
3384 3302 3303 3482 3481
3385 3304 3305 3484 3483
3386 3319 3320 3499 3498
3387 3312 3313 3492 3491
3388 3320 3321 3500 3499
3389 3305 3306 3485 3484
3390 3303 3304 3483 3482
2 40 2 358
3391 39 38 3424
3392 11 10 3396
3393 12 11 3397
3394 13 12 3398
3395 14 13 3399
3396 15 14 3400
3397 16 15 3401
3398 17 16 3402
3399 18 17 3403
3400 19 18 3404
3401 20 19 3405
3402 21 20 3406
3403 22 21 3407
3404 23 22 3408
3405 24 23 3409
3406 25 24 3410
3407 26 25 3411
3408 27 26 3412
3409 28 27 3413
3410 29 28 3414
3411 30 29 3415
3412 31 30 3416
3413 32 31 3417
3414 33 32 3418
3415 34 33 3419
3416 35 34 3420
3417 36 35 3421
3418 37 36 3422
3419 38 37 3423
3420 40 39 3425
3421 41 40 3426
3422 42 41 3427
3423 43 42 3428
3424 44 43 3429
3425 45 44 3430
3426 46 45 3431
3427 47 46 3432
3428 48 47 3433
3429 49 48 3434
3430 50 49 3435
3431 51 50 3436
3432 52 51 3437
3433 53 52 3438
3434 54 53 3439
3435 55 54 3440
3436 56 55 3441
3437 57 56 3442
3438 58 57 3443
3439 59 58 3444
3440 60 59 3445
3441 61 60 3446
3442 62 61 3447
3443 63 62 3448
3444 64 63 3449
3445 65 64 3450
3446 66 65 3451
3447 67 66 3452
3448 68 67 3453
3449 69 68 3454
3450 70 69 3455
3451 71 70 3456
3452 72 71 3457
3453 73 72 3458
3454 74 73 3459
3455 75 74 3460
3456 76 75 3461
3457 77 76 3462
3458 78 77 3463
3459 79 78 3464
3460 80 79 3465
3461 81 80 3466
3462 82 81 3467
3463 83 82 3468
3464 84 83 3469
3465 85 84 3470
3466 86 85 3471
3467 87 86 3472
3468 88 87 3473
3469 89 88 3474
3470 90 89 3475
3471 91 90 3476
3472 92 91 3477
3473 93 92 3478
3474 94 93 3479
3475 95 94 3480
3476 96 95 3481
3477 2 96 3482
3478 1630 2 3484
3479 1629 1630 3485
3480 1628 1629 3486
3481 1627 1628 3487
3482 1626 1627 3488
3483 1625 1626 3489
3484 1624 1625 3490
3485 1623 1624 3491
3486 3482 3483 2
3487 1621 1622 3493
3488 1620 1621 3494
3489 1619 1620 3495
3490 1618 1619 3496
3491 1617 1618 3497
3492 1616 1617 3498
3493 1615 1616 3499
3494 1614 1615 3500
3495 1613 1614 3501
3496 1612 1613 3502
3497 1611 1612 3503
3498 1610 1611 3504
3499 1609 1610 3505
3500 1608 1609 3506
3501 1607 1608 3507
3502 1606 1607 3508
3503 1605 1606 3509
3504 1604 1605 3510
3505 1603 1604 3511
3506 1602 1603 3512
3507 1601 1602 3513
3508 1600 1601 3514
3509 1599 1600 3515
3510 1598 1599 3516
3511 1597 1598 3517
3512 1596 1597 3518
3513 1595 1596 3519
3514 1594 1595 3520
3515 1593 1594 3521
3516 1592 1593 3522
3517 1591 1592 3523
3518 1590 1591 3524
3519 1589 1590 3525
3520 1588 1589 3526
3521 1587 1588 3527
3522 1586 1587 3528
3523 1585 1586 3529
3524 1584 1585 3530
3525 1583 1584 3531
3526 1582 1583 3532
3527 1581 1582 3533
3528 1580 1581 3534
3529 1579 1580 3535
3530 1578 1579 3536
3531 1577 1578 3537
3532 1576 1577 3538
3533 1575 1576 3539
3534 1574 1575 3540
3535 1573 1574 3541
3536 1572 1573 3542
3537 1571 1572 3543
3538 1570 1571 3544
3539 1569 1570 3545
3540 1568 1569 3546
3541 1567 1568 3547
3542 1566 1567 3548
3543 1565 1566 3549
3544 1564 1565 3550
3545 1563 1564 3551
3546 1562 1563 3552
3547 1561 1562 3553
3548 1560 1561 3554
3549 1559 1560 3555
3550 1558 1559 3556
3551 1557 1558 3557
3552 1556 1557 3558
3553 1555 1556 3559
3554 1554 1555 3560
3555 1553 1554 3561
3556 1552 1553 3562
3557 1551 1552 3563
3558 1550 1551 3564
3559 1549 1550 3565
3560 1548 1549 3566
3561 1547 1548 3567
3562 1546 1547 3568
3563 1545 1546 3569
3564 1544 1545 3570
3565 1543 1544 3571
3566 1539 1543 3572
3567 1539 3572 3035
3568 10 9 3395
3569 9 1 3394
3570 3034 3394 1
3571 3394 3395 9
3572 3395 3396 10
3573 3396 3397 11
3574 3397 3398 12
3575 3398 3399 13
3576 3399 3400 14
3577 3400 3401 15
3578 3401 3402 16
3579 3402 3403 17
3580 3403 3404 18
3581 3404 3405 19
3582 3405 3406 20
3583 3406 3407 21
3584 3407 3408 22
3585 3408 3409 23
3586 3409 3410 24
3587 3410 3411 25
3588 3411 3412 26
3589 3412 3413 27
3590 3413 3414 28
3591 3414 3415 29
3592 3415 3416 30
3593 3416 3417 31
3594 3417 3418 32
3595 3418 3419 33
3596 3419 3420 34
3597 3420 3421 35
3598 3421 3422 36
3599 3422 3423 37
3600 3423 3424 38
3601 3424 3425 39
3602 3425 3426 40
3603 3426 3427 41
3604 3427 3428 42
3605 3428 3429 43
3606 3429 3430 44
3607 3430 3431 45
3608 3431 3432 46
3609 3432 3433 47
3610 3433 3434 48
3611 3434 3435 49
3612 3435 3436 50
3613 3436 3437 51
3614 3437 3438 52
3615 3438 3439 53
3616 3439 3440 54
3617 3440 3441 55
3618 3441 3442 56
3619 3442 3443 57
3620 3443 3444 58
3621 3444 3445 59
3622 3445 3446 60
3623 3446 3447 61
3624 3447 3448 62
3625 3448 3449 63
3626 3449 3450 64
3627 3450 3451 65
3628 3451 3452 66
3629 3452 3453 67
3630 3453 3454 68
3631 3454 3455 69
3632 3455 3456 70
3633 3456 3457 71
3634 3457 3458 72
3635 3458 3459 73
3636 3459 3460 74
3637 3460 3461 75
3638 3461 3462 76
3639 3462 3463 77
3640 3463 3464 78
3641 3464 3465 79
3642 3465 3466 80
3643 3466 3467 81
3644 3467 3468 82
3645 3468 3469 83
3646 3469 3470 84
3647 3470 3471 85
3648 3471 3472 86
3649 3472 3473 87
3650 3473 3474 88
3651 3474 3475 89
3652 3475 3476 90
3653 3476 3477 91
3654 3477 3478 92
3655 3478 3479 93
3656 3479 3480 94
3657 3480 3481 95
3658 3481 3482 96
3659 1622 1623 3492
3660 3483 3484 2
3661 3484 3485 1630
3662 3485 3486 1629
3663 3486 3487 1628
3664 3487 3488 1627
3665 3488 3489 1626
3666 3489 3490 1625
3667 3490 3491 1624
3668 3491 3492 1623
3669 3492 3493 1622
3670 3493 3494 1621
3671 3494 3495 1620
3672 3495 3496 1619
3673 3496 3497 1618
3674 3497 3498 1617
3675 3498 3499 1616
3676 3499 3500 1615
3677 3500 3501 1614
3678 3501 3502 1613
3679 3502 3503 1612
3680 3503 3504 1611
3681 3504 3505 1610
3682 3505 3506 1609
3683 3506 3507 1608
3684 3507 3508 1607
3685 3508 3509 1606
3686 3509 3510 1605
3687 3510 3511 1604
3688 3511 3512 1603
3689 3512 3513 1602
3690 3513 3514 1601
3691 3514 3515 1600
3692 3515 3516 1599
3693 3516 3517 1598
3694 3517 3518 1597
3695 3518 3519 1596
3696 3519 3520 1595
3697 3520 3521 1594
3698 3521 3522 1593
3699 3522 3523 1592
3700 3523 3524 1591
3701 3524 3525 1590
3702 3525 3526 1589
3703 3526 3527 1588
3704 3527 3528 1587
3705 3528 3529 1586
3706 3529 3530 1585
3707 3530 3531 1584
3708 3531 3532 1583
3709 3532 3533 1582
3710 3533 3534 1581
3711 3534 3535 1580
3712 3535 3536 1579
3713 3536 3537 1578
3714 3537 3538 1577
3715 3538 3539 1576
3716 3539 3540 1575
3717 3540 3541 1574
3718 3541 3542 1573
3719 3542 3543 1572
3720 3543 3544 1571
3721 3544 3545 1570
3722 3545 3546 1569
3723 3546 3547 1568
3724 3547 3548 1567
3725 3548 3549 1566
3726 3549 3550 1565
3727 3550 3551 1564
3728 3551 3552 1563
3729 3552 3553 1562
3730 3553 3554 1561
3731 3554 3555 1560
3732 3555 3556 1559
3733 3556 3557 1558
3734 3557 3558 1557
3735 3558 3559 1556
3736 3559 3560 1555
3737 3560 3561 1554
3738 3561 3562 1553
3739 3562 3563 1552
3740 3563 3564 1551
3741 3564 3565 1550
3742 3565 3566 1549
3743 3566 3567 1548
3744 3567 3568 1547
3745 3568 3569 1546
3746 3569 3570 1545
3747 3570 3571 1544
3748 3571 3572 1543
0 99 15 1
3749 3030
$EndElements
