$MeshFormat
4.1 0 8
$EndMeshFormat
$PhysicalNames
10
2 10 "stator"
2 41 "air"
2 30 "shaft"
2 50 "outair"
2 10000 "single_winding_0"
2 10001 "single_winding_1"
2 10002 "single_winding_2"
2 10003 "single_winding_3"
2 10004 "single_winding_4"
2 10005 "single_winding_5"
$EndPhysicalNames
$Entities
0 0 10 0
10 0 0 0 1 1 1 1 10 0
30 0 0 0 1 1 1 1 30 0
41 0 0 0 1 1 1 1 41 0
50 0 0 0 1 1 1 1 50 0
10000 0 0 0 1 1 1 1 10000 0
10001 0 0 0 1 1 1 1 10001 0
10002 0 0 0 1 1 1 1 10002 0
10003 0 0 0 1 1 1 1 10003 0
10004 0 0 0 1 1 1 1 10004 0
10005 0 0 0 1 1 1 1 10005 0
$EndEntities
$Nodes
1 2480 1 2480
2 1 0 2480
1
2
3
4
5
6
7
8
9
10
11
12
13
14
15
16
17
18
19
20
21
22
23
24
25
26
27
28
29
30
31
32
33
34
35
36
37
38
39
40
41
42
43
44
45
46
47
48
49
50
51
52
53
54
55
56
57
58
59
60
61
62
63
64
65
66
67
68
69
70
71
72
73
74
75
76
77
78
79
80
81
82
83
84
85
86
87
88
89
90
91
92
93
94
95
96
97
98
99
100
101
102
103
104
105
106
107
108
109
110
111
112
113
114
115
116
117
118
119
120
121
122
123
124
125
126
127
128
129
130
131
132
133
134
135
136
137
138
139
140
141
142
143
144
145
146
147
148
149
150
151
152
153
154
155
156
157
158
159
160
161
162
163
164
165
166
167
168
169
170
171
172
173
174
175
176
177
178
179
180
181
182
183
184
185
186
187
188
189
190
191
192
193
194
195
196
197
198
199
200
201
202
203
204
205
206
207
208
209
210
211
212
213
214
215
216
217
218
219
220
221
222
223
224
225
226
227
228
229
230
231
232
233
234
235
236
237
238
239
240
241
242
243
244
245
246
247
248
249
250
251
252
253
254
255
256
257
258
259
260
261
262
263
264
265
266
267
268
269
270
271
272
273
274
275
276
277
278
279
280
281
282
283
284
285
286
287
288
289
290
291
292
293
294
295
296
297
298
299
300
301
302
303
304
305
306
307
308
309
310
311
312
313
314
315
316
317
318
319
320
321
322
323
324
325
326
327
328
329
330
331
332
333
334
335
336
337
338
339
340
341
342
343
344
345
346
347
348
349
350
351
352
353
354
355
356
357
358
359
360
361
362
363
364
365
366
367
368
369
370
371
372
373
374
375
376
377
378
379
380
381
382
383
384
385
386
387
388
389
390
391
392
393
394
395
396
397
398
399
400
401
402
403
404
405
406
407
408
409
410
411
412
413
414
415
416
417
418
419
420
421
422
423
424
425
426
427
428
429
430
431
432
433
434
435
436
437
438
439
440
441
442
443
444
445
446
447
448
449
450
451
452
453
454
455
456
457
458
459
460
461
462
463
464
465
466
467
468
469
470
471
472
473
474
475
476
477
478
479
480
481
482
483
484
485
486
487
488
489
490
491
492
493
494
495
496
497
498
499
500
501
502
503
504
505
506
507
508
509
510
511
512
513
514
515
516
517
518
519
520
521
522
523
524
525
526
527
528
529
530
531
532
533
534
535
536
537
538
539
540
541
542
543
544
545
546
547
548
549
550
551
552
553
554
555
556
557
558
559
560
561
562
563
564
565
566
567
568
569
570
571
572
573
574
575
576
577
578
579
580
581
582
583
584
585
586
587
588
589
590
591
592
593
594
595
596
597
598
599
600
601
602
603
604
605
606
607
608
609
610
611
612
613
614
615
616
617
618
619
620
621
622
623
624
625
626
627
628
629
630
631
632
633
634
635
636
637
638
639
640
641
642
643
644
645
646
647
648
649
650
651
652
653
654
655
656
657
658
659
660
661
662
663
664
665
666
667
668
669
670
671
672
673
674
675
676
677
678
679
680
681
682
683
684
685
686
687
688
689
690
691
692
693
694
695
696
697
698
699
700
701
702
703
704
705
706
707
708
709
710
711
712
713
714
715
716
717
718
719
720
721
722
723
724
725
726
727
728
729
730
731
732
733
734
735
736
737
738
739
740
741
742
743
744
745
746
747
748
749
750
751
752
753
754
755
756
757
758
759
760
761
762
763
764
765
766
767
768
769
770
771
772
773
774
775
776
777
778
779
780
781
782
783
784
785
786
787
788
789
790
791
792
793
794
795
796
797
798
799
800
801
802
803
804
805
806
807
808
809
810
811
812
813
814
815
816
817
818
819
820
821
822
823
824
825
826
827
828
829
830
831
832
833
834
835
836
837
838
839
840
841
842
843
844
845
846
847
848
849
850
851
852
853
854
855
856
857
858
859
860
861
862
863
864
865
866
867
868
869
870
871
872
873
874
875
876
877
878
879
880
881
882
883
884
885
886
887
888
889
890
891
892
893
894
895
896
897
898
899
900
901
902
903
904
905
906
907
908
909
910
911
912
913
914
915
916
917
918
919
920
921
922
923
924
925
926
927
928
929
930
931
932
933
934
935
936
937
938
939
940
941
942
943
944
945
946
947
948
949
950
951
952
953
954
955
956
957
958
959
960
961
962
963
964
965
966
967
968
969
970
971
972
973
974
975
976
977
978
979
980
981
982
983
984
985
986
987
988
989
990
991
992
993
994
995
996
997
998
999
1000
1001
1002
1003
1004
1005
1006
1007
1008
1009
1010
1011
1012
1013
1014
1015
1016
1017
1018
1019
1020
1021
1022
1023
1024
1025
1026
1027
1028
1029
1030
1031
1032
1033
1034
1035
1036
1037
1038
1039
1040
1041
1042
1043
1044
1045
1046
1047
1048
1049
1050
1051
1052
1053
1054
1055
1056
1057
1058
1059
1060
1061
1062
1063
1064
1065
1066
1067
1068
1069
1070
1071
1072
1073
1074
1075
1076
1077
1078
1079
1080
1081
1082
1083
1084
1085
1086
1087
1088
1089
1090
1091
1092
1093
1094
1095
1096
1097
1098
1099
1100
1101
1102
1103
1104
1105
1106
1107
1108
1109
1110
1111
1112
1113
1114
1115
1116
1117
1118
1119
1120
1121
1122
1123
1124
1125
1126
1127
1128
1129
1130
1131
1132
1133
1134
1135
1136
1137
1138
1139
1140
1141
1142
1143
1144
1145
1146
1147
1148
1149
1150
1151
1152
1153
1154
1155
1156
1157
1158
1159
1160
1161
1162
1163
1164
1165
1166
1167
1168
1169
1170
1171
1172
1173
1174
1175
1176
1177
1178
1179
1180
1181
1182
1183
1184
1185
1186
1187
1188
1189
1190
1191
1192
1193
1194
1195
1196
1197
1198
1199
1200
1201
1202
1203
1204
1205
1206
1207
1208
1209
1210
1211
1212
1213
1214
1215
1216
1217
1218
1219
1220
1221
1222
1223
1224
1225
1226
1227
1228
1229
1230
1231
1232
1233
1234
1235
1236
1237
1238
1239
1240
1241
1242
1243
1244
1245
1246
1247
1248
1249
1250
1251
1252
1253
1254
1255
1256
1257
1258
1259
1260
1261
1262
1263
1264
1265
1266
1267
1268
1269
1270
1271
1272
1273
1274
1275
1276
1277
1278
1279
1280
1281
1282
1283
1284
1285
1286
1287
1288
1289
1290
1291
1292
1293
1294
1295
1296
1297
1298
1299
1300
1301
1302
1303
1304
1305
1306
1307
1308
1309
1310
1311
1312
1313
1314
1315
1316
1317
1318
1319
1320
1321
1322
1323
1324
1325
1326
1327
1328
1329
1330
1331
1332
1333
1334
1335
1336
1337
1338
1339
1340
1341
1342
1343
1344
1345
1346
1347
1348
1349
1350
1351
1352
1353
1354
1355
1356
1357
1358
1359
1360
1361
1362
1363
1364
1365
1366
1367
1368
1369
1370
1371
1372
1373
1374
1375
1376
1377
1378
1379
1380
1381
1382
1383
1384
1385
1386
1387
1388
1389
1390
1391
1392
1393
1394
1395
1396
1397
1398
1399
1400
1401
1402
1403
1404
1405
1406
1407
1408
1409
1410
1411
1412
1413
1414
1415
1416
1417
1418
1419
1420
1421
1422
1423
1424
1425
1426
1427
1428
1429
1430
1431
1432
1433
1434
1435
1436
1437
1438
1439
1440
1441
1442
1443
1444
1445
1446
1447
1448
1449
1450
1451
1452
1453
1454
1455
1456
1457
1458
1459
1460
1461
1462
1463
1464
1465
1466
1467
1468
1469
1470
1471
1472
1473
1474
1475
1476
1477
1478
1479
1480
1481
1482
1483
1484
1485
1486
1487
1488
1489
1490
1491
1492
1493
1494
1495
1496
1497
1498
1499
1500
1501
1502
1503
1504
1505
1506
1507
1508
1509
1510
1511
1512
1513
1514
1515
1516
1517
1518
1519
1520
1521
1522
1523
1524
1525
1526
1527
1528
1529
1530
1531
1532
1533
1534
1535
1536
1537
1538
1539
1540
1541
1542
1543
1544
1545
1546
1547
1548
1549
1550
1551
1552
1553
1554
1555
1556
1557
1558
1559
1560
1561
1562
1563
1564
1565
1566
1567
1568
1569
1570
1571
1572
1573
1574
1575
1576
1577
1578
1579
1580
1581
1582
1583
1584
1585
1586
1587
1588
1589
1590
1591
1592
1593
1594
1595
1596
1597
1598
1599
1600
1601
1602
1603
1604
1605
1606
1607
1608
1609
1610
1611
1612
1613
1614
1615
1616
1617
1618
1619
1620
1621
1622
1623
1624
1625
1626
1627
1628
1629
1630
1631
1632
1633
1634
1635
1636
1637
1638
1639
1640
1641
1642
1643
1644
1645
1646
1647
1648
1649
1650
1651
1652
1653
1654
1655
1656
1657
1658
1659
1660
1661
1662
1663
1664
1665
1666
1667
1668
1669
1670
1671
1672
1673
1674
1675
1676
1677
1678
1679
1680
1681
1682
1683
1684
1685
1686
1687
1688
1689
1690
1691
1692
1693
1694
1695
1696
1697
1698
1699
1700
1701
1702
1703
1704
1705
1706
1707
1708
1709
1710
1711
1712
1713
1714
1715
1716
1717
1718
1719
1720
1721
1722
1723
1724
1725
1726
1727
1728
1729
1730
1731
1732
1733
1734
1735
1736
1737
1738
1739
1740
1741
1742
1743
1744
1745
1746
1747
1748
1749
1750
1751
1752
1753
1754
1755
1756
1757
1758
1759
1760
1761
1762
1763
1764
1765
1766
1767
1768
1769
1770
1771
1772
1773
1774
1775
1776
1777
1778
1779
1780
1781
1782
1783
1784
1785
1786
1787
1788
1789
1790
1791
1792
1793
1794
1795
1796
1797
1798
1799
1800
1801
1802
1803
1804
1805
1806
1807
1808
1809
1810
1811
1812
1813
1814
1815
1816
1817
1818
1819
1820
1821
1822
1823
1824
1825
1826
1827
1828
1829
1830
1831
1832
1833
1834
1835
1836
1837
1838
1839
1840
1841
1842
1843
1844
1845
1846
1847
1848
1849
1850
1851
1852
1853
1854
1855
1856
1857
1858
1859
1860
1861
1862
1863
1864
1865
1866
1867
1868
1869
1870
1871
1872
1873
1874
1875
1876
1877
1878
1879
1880
1881
1882
1883
1884
1885
1886
1887
1888
1889
1890
1891
1892
1893
1894
1895
1896
1897
1898
1899
1900
1901
1902
1903
1904
1905
1906
1907
1908
1909
1910
1911
1912
1913
1914
1915
1916
1917
1918
1919
1920
1921
1922
1923
1924
1925
1926
1927
1928
1929
1930
1931
1932
1933
1934
1935
1936
1937
1938
1939
1940
1941
1942
1943
1944
1945
1946
1947
1948
1949
1950
1951
1952
1953
1954
1955
1956
1957
1958
1959
1960
1961
1962
1963
1964
1965
1966
1967
1968
1969
1970
1971
1972
1973
1974
1975
1976
1977
1978
1979
1980
1981
1982
1983
1984
1985
1986
1987
1988
1989
1990
1991
1992
1993
1994
1995
1996
1997
1998
1999
2000
2001
2002
2003
2004
2005
2006
2007
2008
2009
2010
2011
2012
2013
2014
2015
2016
2017
2018
2019
2020
2021
2022
2023
2024
2025
2026
2027
2028
2029
2030
2031
2032
2033
2034
2035
2036
2037
2038
2039
2040
2041
2042
2043
2044
2045
2046
2047
2048
2049
2050
2051
2052
2053
2054
2055
2056
2057
2058
2059
2060
2061
2062
2063
2064
2065
2066
2067
2068
2069
2070
2071
2072
2073
2074
2075
2076
2077
2078
2079
2080
2081
2082
2083
2084
2085
2086
2087
2088
2089
2090
2091
2092
2093
2094
2095
2096
2097
2098
2099
2100
2101
2102
2103
2104
2105
2106
2107
2108
2109
2110
2111
2112
2113
2114
2115
2116
2117
2118
2119
2120
2121
2122
2123
2124
2125
2126
2127
2128
2129
2130
2131
2132
2133
2134
2135
2136
2137
2138
2139
2140
2141
2142
2143
2144
2145
2146
2147
2148
2149
2150
2151
2152
2153
2154
2155
2156
2157
2158
2159
2160
2161
2162
2163
2164
2165
2166
2167
2168
2169
2170
2171
2172
2173
2174
2175
2176
2177
2178
2179
2180
2181
2182
2183
2184
2185
2186
2187
2188
2189
2190
2191
2192
2193
2194
2195
2196
2197
2198
2199
2200
2201
2202
2203
2204
2205
2206
2207
2208
2209
2210
2211
2212
2213
2214
2215
2216
2217
2218
2219
2220
2221
2222
2223
2224
2225
2226
2227
2228
2229
2230
2231
2232
2233
2234
2235
2236
2237
2238
2239
2240
2241
2242
2243
2244
2245
2246
2247
2248
2249
2250
2251
2252
2253
2254
2255
2256
2257
2258
2259
2260
2261
2262
2263
2264
2265
2266
2267
2268
2269
2270
2271
2272
2273
2274
2275
2276
2277
2278
2279
2280
2281
2282
2283
2284
2285
2286
2287
2288
2289
2290
2291
2292
2293
2294
2295
2296
2297
2298
2299
2300
2301
2302
2303
2304
2305
2306
2307
2308
2309
2310
2311
2312
2313
2314
2315
2316
2317
2318
2319
2320
2321
2322
2323
2324
2325
2326
2327
2328
2329
2330
2331
2332
2333
2334
2335
2336
2337
2338
2339
2340
2341
2342
2343
2344
2345
2346
2347
2348
2349
2350
2351
2352
2353
2354
2355
2356
2357
2358
2359
2360
2361
2362
2363
2364
2365
2366
2367
2368
2369
2370
2371
2372
2373
2374
2375
2376
2377
2378
2379
2380
2381
2382
2383
2384
2385
2386
2387
2388
2389
2390
2391
2392
2393
2394
2395
2396
2397
2398
2399
2400
2401
2402
2403
2404
2405
2406
2407
2408
2409
2410
2411
2412
2413
2414
2415
2416
2417
2418
2419
2420
2421
2422
2423
2424
2425
2426
2427
2428
2429
2430
2431
2432
2433
2434
2435
2436
2437
2438
2439
2440
2441
2442
2443
2444
2445
2446
2447
2448
2449
2450
2451
2452
2453
2454
2455
2456
2457
2458
2459
2460
2461
2462
2463
2464
2465
2466
2467
2468
2469
2470
2471
2472
2473
2474
2475
2476
2477
2478
2479
2480
2.8000000000000001e-02 0.0000000000000000e+00 0.0000000000000000e+00
5.6000000000000001e-02 0.0000000000000000e+00 0.0000000000000000e+00
5.5520912236933381e-02 7.3094667643228894e-03 0.0000000000000000e+00
6.5333333333333340e-02 0.0000000000000000e+00 0.0000000000000000e+00
6.4774397609755618e-02 8.5277112250433697e-03 0.0000000000000000e+00
2.7873272289031921e-02 2.6609569522044502e-03 0.0000000000000000e+00
2.8765572664268348e-02 2.7784305252024962e-03 0.0000000000000000e+00
2.8914133361265120e-02 1.6500000000000000e-03 0.0000000000000000e+00
3.5652788167694668e-02 1.6500000000000000e-03 0.0000000000000000e+00
3.8494133361265108e-02 1.6500000000000000e-03 0.0000000000000000e+00
4.1882741990455108e-02 5.5139675888519150e-03 0.0000000000000000e+00
2.8635046472048301e-02 3.7698753865763059e-03 0.0000000000000000e+00
2.7760456118466691e-02 3.6547333821614438e-03 0.0000000000000000e+00
3.5258894231251711e-02 4.6419214877141107e-03 0.0000000000000000e+00
5.5980810198631208e-02 1.4659091052408981e-03 0.0000000000000000e+00
5.5923253946256142e-02 2.9308135496048638e-03 0.0000000000000000e+00
5.5827370689055168e-02 4.3937093607593347e-03 0.0000000000000000e+00
5.5693226140623303e-02 5.8535939429886202e-03 0.0000000000000000e+00
6.5324587676758042e-02 1.0689664662638010e-03 0.0000000000000000e+00
6.5298353048455895e-02 2.1376467443560460e-03 0.0000000000000000e+00
6.5254636472071276e-02 3.2057547227246539e-03 0.0000000000000000e+00
6.5193449651588770e-02 4.2730044430360301e-03 0.0000000000000000e+00
6.5114808968199794e-02 5.3391101767330130e-03 0.0000000000000000e+00
6.5018735475916870e-02 6.4037865015313224e-03 0.0000000000000000e+00
6.4905254895937042e-02 7.4667483778339989e-03 0.0000000000000000e+00
6.1689902485481528e-02 8.1216297381365415e-03 0.0000000000000000e+00
5.8605407361207451e-02 7.7155482512297141e-03 0.0000000000000000e+00
5.9111111111111121e-02 0.0000000000000000e+00 0.0000000000000000e+00
6.2222222222222227e-02 0.0000000000000000e+00 0.0000000000000000e+00
2.8093804820523330e-02 2.6899906107745652e-03 0.0000000000000000e+00
2.8383912584124170e-02 2.7281840224221100e-03 0.0000000000000000e+00
2.8836571436827559e-02 2.2391413065374968e-03 0.0000000000000000e+00
3.0135269703863141e-02 1.6500000000000000e-03 0.0000000000000000e+00
3.1514649319821023e-02 1.6500000000000000e-03 0.0000000000000000e+00
3.2894028935778898e-02 1.6500000000000000e-03 0.0000000000000000e+00
3.4273408551736793e-02 1.6500000000000000e-03 0.0000000000000000e+00
3.7073460764479892e-02 1.6500000000000000e-03 0.0000000000000000e+00
3.9904703587616067e-02 1.9546539689827601e-03 0.0000000000000000e+00
4.1063808144653040e-02 2.8143044968956320e-03 0.0000000000000000e+00
4.1764810738914589e-02 4.0756996638133224e-03 0.0000000000000000e+00
2.8280865417978411e-02 0.0000000000000000e+00 0.0000000000000000e+00
2.8673300011355440e-02 0.0000000000000000e+00 0.0000000000000000e+00
2.9222357541929530e-02 0.0000000000000000e+00 0.0000000000000000e+00
2.9990506227381329e-02 0.0000000000000000e+00 0.0000000000000000e+00
3.1062247768618170e-02 0.0000000000000000e+00 0.0000000000000000e+00
3.2483047211988178e-02 0.0000000000000000e+00 0.0000000000000000e+00
3.3952856761238909e-02 0.0000000000000000e+00 0.0000000000000000e+00
3.5422666310489653e-02 0.0000000000000000e+00 0.0000000000000000e+00
3.6892475859740377e-02 0.0000000000000000e+00 0.0000000000000000e+00
3.8362285408991108e-02 0.0000000000000000e+00 0.0000000000000000e+00
3.9832094958241852e-02 0.0000000000000000e+00 0.0000000000000000e+00
4.1301904507492583e-02 0.0000000000000000e+00 0.0000000000000000e+00
4.2771714056743307e-02 0.0000000000000000e+00 0.0000000000000000e+00
4.4241523605994038e-02 0.0000000000000000e+00 0.0000000000000000e+00
4.5711333155244782e-02 0.0000000000000000e+00 0.0000000000000000e+00
4.7181142704495513e-02 0.0000000000000000e+00 0.0000000000000000e+00
4.8650952253746257e-02 0.0000000000000000e+00 0.0000000000000000e+00
5.0120761802997002e-02 0.0000000000000000e+00 0.0000000000000000e+00
5.1590571352247747e-02 0.0000000000000000e+00 0.0000000000000000e+00
5.3060380901498512e-02 0.0000000000000000e+00 0.0000000000000000e+00
5.4530190450749257e-02 0.0000000000000000e+00 0.0000000000000000e+00
4.3246559015102937e-02 5.6935175063990116e-03 0.0000000000000000e+00
4.4610376039750772e-02 5.8730674239461092e-03 0.0000000000000000e+00
4.5974193064398587e-02 6.0526173414932067e-03 0.0000000000000000e+00
4.7338010089046423e-02 6.2321672590403034e-03 0.0000000000000000e+00
4.8701827113694238e-02 6.4117171765874018e-03 0.0000000000000000e+00
5.0065644138342080e-02 6.5912670941344984e-03 0.0000000000000000e+00
5.1429461162989909e-02 6.7708170116815968e-03 0.0000000000000000e+00
5.2793278187637731e-02 6.9503669292286926e-03 0.0000000000000000e+00
5.4157095212285560e-02 7.1299168467757919e-03 0.0000000000000000e+00
2.7999119286414052e-02 2.2207923170994461e-04 0.0000000000000000e+00
2.7996477201060219e-02 4.4414449283442658e-04 0.0000000000000000e+00
2.7992073910147131e-02 6.6618181366685217e-04 0.0000000000000000e+00
2.7985909690677491e-02 8.8817722625826460e-04 0.0000000000000000e+00
2.7977984930430719e-02 1.1101167652961129e-03 0.0000000000000000e+00
2.7968300127938540e-02 1.3319864689827329e-03 0.0000000000000000e+00
2.7956855892453600e-02 1.5537723799136721e-03 0.0000000000000000e+00
2.7943652943911160e-02 1.7754605459557209e-03 0.0000000000000000e+00
2.7928692112883801e-02 1.9970370211246291e-03 0.0000000000000000e+00
2.7911974340529180e-02 2.2184878664623701e-03 0.0000000000000000e+00
2.7893500678530810e-02 2.4397991509140932e-03 0.0000000000000000e+00
2.8699417927574900e-02 3.2809256385180588e-03 0.0000000000000000e+00
2.8262105024513300e-02 3.7207767135544658e-03 0.0000000000000000e+00
2.7977563306853279e-02 3.6833160857567149e-03 0.0000000000000000e+00
2.7785858214369800e-02 3.4563106473432898e-03 0.0000000000000000e+00
2.7809842067327221e-02 3.2577114958690120e-03 0.0000000000000000e+00
2.7832406453157599e-02 3.0589460646162779e-03 0.0000000000000000e+00
2.7853550220131831e-02 2.8600244989499929e-03 0.0000000000000000e+00
4.0113741208203893e-02 5.2810742176344827e-03 0.0000000000000000e+00
3.7736483184561638e-02 4.9681022614123053e-03 0.0000000000000000e+00
3.2918265249882832e-02 4.3337718363914554e-03 0.0000000000000000e+00
3.1011598842593711e-02 4.0827544418058559e-03 0.0000000000000000e+00
2.9632588288221191e-02 3.9012042581233340e-03 0.0000000000000000e+00
2.8641384539422599e-02 7.1916153378429005e-04 0.0000000000000000e+00
5.2365352753759441e-02 3.3043330835954890e-03 0.0000000000000000e+00
4.8569200977809097e-02 3.1966634854963681e-03 0.0000000000000000e+00
4.4976428380619410e-02 2.9019614278327430e-03 0.0000000000000000e+00
2.8214082133043009e-02 2.3771686261821689e-03 0.0000000000000000e+00
5.0414205528850412e-02 4.4524806791302269e-03 0.0000000000000000e+00
5.0660260187671488e-02 2.1431297199940632e-03 0.0000000000000000e+00
5.3731415729169840e-02 5.0938891855945552e-03 0.0000000000000000e+00
2.8418929185812371e-02 1.9689788024665079e-03 0.0000000000000000e+00
4.2821808653062399e-02 2.0650353427237229e-03 0.0000000000000000e+00
2.8444960889211300e-02 1.4634843375069589e-03 0.0000000000000000e+00
5.4029873183813547e-02 2.0203860559650671e-03 0.0000000000000000e+00
2.8328822657560059e-02 3.2810965935262159e-04 0.0000000000000000e+00
4.6608987489626649e-02 4.1182712398549082e-03 0.0000000000000000e+00
4.6877157900847510e-02 2.0999755292166822e-03 0.0000000000000000e+00
4.3535890632048810e-02 3.9410501933838001e-03 0.0000000000000000e+00
2.9393329888078291e-02 7.9762332826627562e-04 0.0000000000000000e+00
5.2022196578761858e-02 4.7963919755136010e-03 0.0000000000000000e+00
4.7997447371177338e-02 4.7342148808651634e-03 0.0000000000000000e+00
5.2172673840251108e-02 1.6065163596206259e-03 0.0000000000000000e+00
2.8418486648007831e-02 1.0751291334611781e-03 0.0000000000000000e+00
4.9296009108668958e-02 1.6065802151319539e-03 0.0000000000000000e+00
5.4448400992274937e-02 3.5352182626041352e-03 0.0000000000000000e+00
4.5221062217917170e-02 4.4737772520804381e-03 0.0000000000000000e+00
4.4924793965769240e-02 1.3889011143937140e-03 0.0000000000000000e+00
4.1728193338429517e-02 1.4582478442677529e-03 0.0000000000000000e+00
4.9531972337769369e-02 5.3450924830545851e-03 0.0000000000000000e+00
2.8203009187288741e-02 1.6816572497811340e-03 0.0000000000000000e+00
4.9889764247929722e-02 3.1544538739839549e-03 0.0000000000000000e+00
4.7823465950597992e-02 1.1588699290337469e-03 0.0000000000000000e+00
2.8210818234012041e-02 1.2362316425112759e-03 0.0000000000000000e+00
2.8235620268773892e-02 8.1900369466064412e-04 0.0000000000000000e+00
5.0692695949342732e-02 5.5912098487029011e-03 0.0000000000000000e+00
5.1185140781119173e-02 3.3298712684569519e-03 0.0000000000000000e+00
2.8912847053255711e-02 3.6860724596993058e-04 0.0000000000000000e+00
3.0644775066344190e-02 7.9831072094347115e-04 0.0000000000000000e+00
5.4511087412266852e-02 5.9933934632511662e-03 0.0000000000000000e+00
4.0428105665482932e-02 8.8172153836039708e-04 0.0000000000000000e+00
4.3476280870835757e-02 1.0522949710011240e-03 0.0000000000000000e+00
2.8548507432146739e-02 2.4370326588243419e-03 0.0000000000000000e+00
4.2246732267017598e-02 2.9823948218873982e-03 0.0000000000000000e+00
5.0793087063868723e-02 1.0383556064589841e-03 0.0000000000000000e+00
5.4823331393798171e-02 1.1606159835589221e-03 0.0000000000000000e+00
2.8129212568117189e-02 2.1016069958333930e-03 0.0000000000000000e+00
4.6669783533232798e-02 5.1569741191798118e-03 0.0000000000000000e+00
4.2736075018025961e-02 4.7519745934071376e-03 0.0000000000000000e+00
2.8762459065197029e-02 1.1410796666037411e-03 0.0000000000000000e+00
4.7344432180891162e-02 3.2488596379638400e-03 0.0000000000000000e+00
4.9213768903459201e-02 4.1979978756941684e-03 0.0000000000000000e+00
4.6376151336854757e-02 1.1243114561024269e-03 0.0000000000000000e+00
4.4041510512825080e-02 4.9246457439192683e-03 0.0000000000000000e+00
5.2868133669886047e-02 5.8229194826805459e-03 0.0000000000000000e+00
3.1913220745939483e-02 7.6819318880134036e-04 0.0000000000000000e+00
4.6110135975988002e-02 3.1192404151957789e-03 0.0000000000000000e+00
3.9251465985860982e-02 9.4371896011023271e-04 0.0000000000000000e+00
5.3634519206939422e-02 1.1206226011937080e-03 0.0000000000000000e+00
5.4838814126280687e-02 4.9216729588246440e-03 0.0000000000000000e+00
4.3783616630380162e-02 2.6893260340917369e-03 0.0000000000000000e+00
5.5053674697148419e-02 2.2443112528065848e-03 0.0000000000000000e+00
2.8140432708989190e-02 1.1159828503789220e-04 0.0000000000000000e+00
5.3063306792470462e-02 2.4934738569113760e-03 0.0000000000000000e+00
5.3294235900827103e-02 3.9725699433852931e-03 0.0000000000000000e+00
3.7783797062872507e-02 8.7649360309668988e-04 0.0000000000000000e+00
2.8156788866180841e-02 1.4534264157391550e-03 0.0000000000000000e+00
2.8211834608218141e-02 5.7234437769565927e-04 0.0000000000000000e+00
3.6316641100428843e-02 8.6009645170687272e-04 0.0000000000000000e+00
4.7913818822702937e-02 2.2463447197902590e-03 0.0000000000000000e+00
2.8018664980282271e-02 2.5419788350188191e-03 0.0000000000000000e+00
3.5021616515182943e-02 8.7849392276123477e-04 0.0000000000000000e+00
2.8165763954380401e-02 1.0257316924374949e-03 0.0000000000000000e+00
2.8132686770392639e-02 1.8995174140061240e-03 0.0000000000000000e+00
3.3176173726672913e-02 7.3704947536601308e-04 0.0000000000000000e+00
4.5820385178346572e-02 2.1186620386688840e-03 0.0000000000000000e+00
6.2143920004152878e-02 3.6856930186774930e-03 0.0000000000000000e+00
5.8094109638221710e-02 2.3560107620045540e-03 0.0000000000000000e+00
5.8224978365096491e-02 5.6336645483027400e-03 0.0000000000000000e+00
6.4022348832969339e-02 1.6469789706474809e-03 0.0000000000000000e+00
6.3520232249540454e-02 6.6611906425575584e-03 0.0000000000000000e+00
2.8097928460140489e-02 3.3736613741523350e-03 0.0000000000000000e+00
2.8125488736335719e-02 2.9895138713875672e-03 0.0000000000000000e+00
2.8425513641414619e-02 3.1085944346198051e-03 0.0000000000000000e+00
2.8424002305138321e-02 3.4507667094841941e-03 0.0000000000000000e+00
2.7966416429240259e-02 3.1699582015062978e-03 0.0000000000000000e+00
2.7890620336968340e-02 3.5594616361714331e-03 0.0000000000000000e+00
2.7970943309482611e-02 2.7711441677399028e-03 0.0000000000000000e+00
2.9801627074748281e-02 2.6405114837795870e-03 0.0000000000000000e+00
3.9548020286110250e-02 3.6468467788546722e-03 0.0000000000000000e+00
3.6291326624401807e-02 3.1924478906153438e-03 0.0000000000000000e+00
3.2118313513289927e-02 3.0432152299251398e-03 0.0000000000000000e+00
3.4212870103426322e-02 3.0054041905841831e-03 0.0000000000000000e+00
3.7828684844163740e-02 3.0214793861764642e-03 0.0000000000000000e+00
2.7045923136093913e-02 7.2469332628705809e-03 0.0000000000000000e+00
5.4091846272187827e-02 1.4493866525741162e-02 0.0000000000000000e+00
6.3107153984219136e-02 1.6909510946698025e-02 0.0000000000000000e+00
2.7612219904591818e-02 4.6438466749520700e-03 0.0000000000000000e+00
2.8504520279828246e-02 4.7613202479501165e-03 0.0000000000000000e+00
2.8355959582831488e-02 5.8897507731526140e-03 0.0000000000000000e+00
3.4865000294808747e-02 7.6338429754282218e-03 0.0000000000000000e+00
3.7609528998680745e-02 8.3692372252347595e-03 0.0000000000000000e+00
5.4452715542269887e-02 1.3072940375930700e-02 0.0000000000000000e+00
5.4776265641093128e-02 1.1643054685794515e-02 0.0000000000000000e+00
5.5062274823581461e-02 1.0205189427560239e-02 0.0000000000000000e+00
5.5310547073327714e-02 8.7603300422529010e-03 0.0000000000000000e+00
6.3375375208710213e-02 1.5874705087013240e-02 0.0000000000000000e+00
6.3626629312785801e-02 1.4835649184912380e-02 0.0000000000000000e+00
6.3860849029646713e-02 1.3792621420785715e-02 0.0000000000000000e+00
6.4077971653011073e-02 1.2745901038387030e-02 0.0000000000000000e+00
6.4277939053902403e-02 1.1695768270073315e-02 0.0000000000000000e+00
6.4460697696212099e-02 1.0642504261779769e-02 0.0000000000000000e+00
6.4626198651032377e-02 9.5863909977502680e-03 0.0000000000000000e+00
5.7096948842864939e-02 1.5299081332726784e-02 0.0000000000000000e+00
6.0102051413542031e-02 1.6104296139712402e-02 0.0000000000000000e+00
2.7832752436083227e-02 4.6728803335221855e-03 0.0000000000000000e+00
2.8122860199684067e-02 4.7110737451697294e-03 0.0000000000000000e+00
2.8433521507269053e-02 5.3006094666151176e-03 0.0000000000000000e+00
2.9535486713567091e-02 6.2058041152838186e-03 0.0000000000000000e+00
3.0867865108877506e-02 6.5628138303199203e-03 0.0000000000000000e+00
3.2200243504187910e-02 6.9198235453560185e-03 0.0000000000000000e+00
3.3532621899498342e-02 7.2768332603921236e-03 0.0000000000000000e+00
3.6237264646744753e-02 8.0015401003314911e-03 0.0000000000000000e+00
3.9050885459446370e-02 8.4400465275470439e-03 0.0000000000000000e+00
4.0392988415214021e-02 7.9096862156792600e-03 0.0000000000000000e+00
4.1396578017905458e-02 6.8727048688584161e-03 0.0000000000000000e+00
2.7317218297030734e-02 7.3196265821540733e-03 0.0000000000000000e+00
2.7696281005902854e-02 7.4211961288771118e-03 0.0000000000000000e+00
2.8226629854802867e-02 7.5633026746466459e-03 0.0000000000000000e+00
2.8968604508510760e-02 7.7621141839120372e-03 0.0000000000000000e+00
3.0003827342298273e-02 8.0395013062116612e-03 0.0000000000000000e+00
3.1376214218626498e-02 8.4072312614268795e-03 0.0000000000000000e+00
3.2795941221974073e-02 8.7876459654465198e-03 0.0000000000000000e+00
3.4215668225321662e-02 9.1680606694661635e-03 0.0000000000000000e+00
3.5635395228669230e-02 9.5484753734858020e-03 0.0000000000000000e+00
3.7055122232016804e-02 9.9288900775054423e-03 0.0000000000000000e+00
3.8474849235364393e-02 1.0309304781525088e-02 0.0000000000000000e+00
3.9894576238711968e-02 1.0689719485544728e-02 0.0000000000000000e+00
4.1314303242059536e-02 1.1070134189564367e-02 0.0000000000000000e+00
4.2734030245407111e-02 1.1450548893584007e-02 0.0000000000000000e+00
4.4153757248754699e-02 1.1830963597603650e-02 0.0000000000000000e+00
4.5573484252102274e-02 1.2211378301623291e-02 0.0000000000000000e+00
4.6993211255449863e-02 1.2591793005642936e-02 0.0000000000000000e+00
4.8412938258797451e-02 1.2972207709662580e-02 0.0000000000000000e+00
4.9832665262145040e-02 1.3352622413682224e-02 0.0000000000000000e+00
5.1252392265492649e-02 1.3733037117701873e-02 0.0000000000000000e+00
5.2672119268840238e-02 1.4113451821721518e-02 0.0000000000000000e+00
2.7102550766783952e-02 7.0321932520301875e-03 0.0000000000000000e+00
2.7157473427140106e-02 6.8170108591800657e-03 0.0000000000000000e+00
2.7210687662081456e-02 6.6013996210385600e-03 0.0000000000000000e+00
2.7262190124000867e-02 6.3853731013018824e-03 0.0000000000000000e+00
2.7311977572975633e-02 6.1689448897907983e-03 0.0000000000000000e+00
2.7360046876971279e-02 5.9521286015957568e-03 0.0000000000000000e+00
2.7406395012038579e-02 5.7349378762203748e-03 0.0000000000000000e+00
2.7451019062503804e-02 5.5173863767234085e-03 0.0000000000000000e+00
2.7493916221152128e-02 5.2994877888592213e-03 0.0000000000000000e+00
2.7535083789404238e-02 5.0812558202168864e-03 0.0000000000000000e+00
2.7574519177486087e-02 4.8627041993577957e-03 0.0000000000000000e+00
2.8570675016521708e-02 4.2588251346345560e-03 0.0000000000000000e+00
2.7733637076189109e-02 3.8529695724504515e-03 0.0000000000000000e+00
2.7705402456431862e-02 4.0510090998588707e-03 0.0000000000000000e+00
2.7675753700343548e-02 4.2488418560733135e-03 0.0000000000000000e+00
2.7644692321252950e-02 4.4464577433343758e-03 0.0000000000000000e+00
2.7851585728753233e-02 6.7182790981515543e-03 0.0000000000000000e+00
5.1436270960990481e-02 1.0361409932078396e-02 0.0000000000000000e+00
4.7741602977520343e-02 9.4828943998727950e-03 0.0000000000000000e+00
4.4194976632756927e-02 8.8376767555554819e-03 0.0000000000000000e+00
2.7867967111223347e-02 5.0061732266448219e-03 0.0000000000000000e+00
4.9848769929871660e-02 8.7473904555543085e-03 0.0000000000000000e+00
4.9488736469455466e-02 1.1041735820788457e-02 0.0000000000000000e+00
5.3218957670753457e-02 8.9863945904099310e-03 0.0000000000000000e+00
2.7960186869537822e-02 5.4534726379899933e-03 0.0000000000000000e+00
4.1897161381908382e-02 9.0884286554119287e-03 0.0000000000000000e+00
2.7854499969427703e-02 5.9484802973566982e-03 0.0000000000000000e+00
5.2711764289111999e-02 1.2032417113913944e-02 0.0000000000000000e+00
2.7448462462022736e-02 7.0151092352847425e-03 0.0000000000000000e+00
4.6086711783186893e-02 8.0853490850211467e-03 0.0000000000000000e+00
4.5823371140669776e-02 1.0104280646771990e-02 0.0000000000000000e+00
4.3072459979744952e-02 7.4611554765837106e-03 0.0000000000000000e+00
2.8598216567702561e-02 6.8371086015927666e-03 0.0000000000000000e+00
5.1490980806752719e-02 8.8313763604965338e-03 0.0000000000000000e+00
4.7587278986546203e-02 7.8497530753369252e-03 0.0000000000000000e+00
5.0810730118993196e-02 1.1951505981665595e-02 0.0000000000000000e+00
2.7728414093046144e-02 6.3167505808901835e-03 0.0000000000000000e+00
4.8032101888205558e-02 1.1206908683069863e-02 0.0000000000000000e+00
5.3508098533537891e-02 1.0677524530761639e-02 0.0000000000000000e+00
4.4838090644895849e-02 7.3827351529139659e-03 0.0000000000000000e+00
4.3753492792421009e-02 1.0285816819093324e-02 0.0000000000000000e+00
4.0683761944548716e-02 9.3914918997971136e-03 0.0000000000000000e+00
4.9227623040536003e-02 7.6568549092199513e-03 0.0000000000000000e+00
2.7677259876648146e-02 5.6751197383418470e-03 0.0000000000000000e+00
4.9006244494032805e-02 9.8654526783203463e-03 0.0000000000000000e+00
4.6493858472769031e-02 1.1258241397063211e-02 0.0000000000000000e+00
2.7569518206219085e-02 6.1073889661103810e-03 0.0000000000000000e+00
2.7485488593087290e-02 6.5168194553425563e-03 0.0000000000000000e+00
5.0412495815698476e-02 7.7195411662173818e-03 0.0000000000000000e+00
5.0302883504741172e-02 1.0031280603986848e-02 0.0000000000000000e+00
2.8023068255705285e-02 7.1271482068792314e-03 0.0000000000000000e+00
2.9807197695890846e-02 7.1603424772899958e-03 0.0000000000000000e+00
5.4204871523691849e-02 8.3193340582765601e-03 0.0000000000000000e+00
3.9278757696838133e-02 9.6118860981464667e-03 0.0000000000000000e+00
4.2267216503698336e-02 1.0236050610234608e-02 0.0000000000000000e+00
2.8206491096356520e-02 5.0349046480220880e-03 0.0000000000000000e+00
4.1579110352951615e-02 8.0534867213995220e-03 0.0000000000000000e+00
4.9331100798480548e-02 1.2143243794528922e-02 0.0000000000000000e+00
5.3255661197069357e-02 1.3068253327758439e-02 0.0000000000000000e+00
2.7714668808561820e-02 5.2503794623806593e-03 0.0000000000000000e+00
4.6414272339214378e-02 7.0977743219925588e-03 0.0000000000000000e+00
4.2509780100755408e-02 6.4708551419537215e-03 0.0000000000000000e+00
2.8077735188352226e-02 6.3420738702287633e-03 0.0000000000000000e+00
4.6572076523683975e-02 9.1154832976818780e-03 0.0000000000000000e+00
4.8623372194402659e-02 8.6825061066497979e-03 0.0000000000000000e+00
4.5086915517624566e-02 1.0917029732292737e-02 0.0000000000000000e+00
4.3815424542028636e-02 6.6419391864258525e-03 0.0000000000000000e+00
5.2573778159661834e-02 8.0587715600694120e-03 0.0000000000000000e+00
3.1024627146146858e-02 7.5177316789674436e-03 0.0000000000000000e+00
4.5346290018613671e-02 8.9212264874103629e-03 0.0000000000000000e+00
3.8158257155550900e-02 9.2474644290054756e-03 0.0000000000000000e+00
5.2097005754141126e-02 1.2799196733656633e-02 0.0000000000000000e+00
5.4244049543150201e-02 9.4393584872413342e-03 0.0000000000000000e+00
4.2987774867736722e-02 8.7343443757690754e-03 0.0000000000000000e+00
5.3758636717456898e-02 1.2081101313183707e-02 0.0000000000000000e+00
2.7210454478130894e-02 7.1754842568246538e-03 0.0000000000000000e+00
5.1900576981781264e-02 1.1325283598441998e-02 0.0000000000000000e+00
5.2506455608300903e-02 9.9563553402649933e-03 0.0000000000000000e+00
3.6723198635685551e-02 8.9325384683518368e-03 0.0000000000000000e+00
2.7573543988260955e-02 5.8836110959250105e-03 0.0000000000000000e+00
2.7398673280378628e-02 6.7489178779416839e-03 0.0000000000000000e+00
3.5301790905302111e-02 8.5686489951406937e-03 0.0000000000000000e+00
4.6862591832331255e-02 1.0231206455313667e-02 0.0000000000000000e+00
2.7721864657346124e-02 4.7964011086192191e-03 0.0000000000000000e+00
3.4055654828624396e-02 8.2157013761732494e-03 0.0000000000000000e+00
2.7471517717865809e-02 6.2990553986871619e-03 0.0000000000000000e+00
2.7665719997671725e-02 5.4464821984070017e-03 0.0000000000000000e+00
3.2236485461453759e-02 7.8746904805839790e-03 0.0000000000000000e+00
4.4807443500021034e-02 9.8127179577608310e-03 0.0000000000000000e+00
6.0980344826488266e-02 1.2523923959888378e-02 0.0000000000000000e+00
5.6724381310500310e-02 1.2760130340610503e-02 0.0000000000000000e+00
5.7699110016788589e-02 9.6280312177144493e-03 0.0000000000000000e+00
6.2267109721939787e-02 1.4979343667066221e-02 0.0000000000000000e+00
6.3079875823063486e-02 1.0006029780034984e-02 0.0000000000000000e+00
2.8013682580229696e-02 4.0135723629648942e-03 0.0000000000000000e+00
2.7940879072942234e-02 4.3917634813574460e-03 0.0000000000000000e+00
2.8261501194953905e-02 4.3543926493618745e-03 0.0000000000000000e+00
2.8348602057653383e-02 4.0234884494184196e-03 0.0000000000000000e+00
2.7833929452486837e-02 4.1762967000636315e-03 0.0000000000000000e+00
2.7861526956453785e-02 3.7804478008679606e-03 0.0000000000000000e+00
2.7735081415632537e-02 4.5626931179867320e-03 0.0000000000000000e+00
2.9469575917748979e-02 5.1626904251922071e-03 0.0000000000000000e+00
3.9144327573896250e-02 6.7131973579313475e-03 0.0000000000000000e+00
3.5880995971390398e-02 6.3092186358039443e-03 0.0000000000000000e+00
3.1811550579186595e-02 5.3733110482721688e-03 0.0000000000000000e+00
3.3824950667126742e-02 5.9519448442627255e-03 0.0000000000000000e+00
3.7321720075054764e-02 6.8722591161427702e-03 0.0000000000000000e+00
5.1737253820632059e-02 2.1430272212445027e-02 0.0000000000000000e+00
6.0360129457404071e-02 2.5001984247852532e-02 0.0000000000000000e+00
2.6234807229734876e-02 9.7844207605075183e-03 0.0000000000000000e+00
2.7066298808995037e-02 1.0128835849636099e-02 0.0000000000000000e+00
2.7501856733993166e-02 9.0773059999065386e-03 0.0000000000000000e+00
3.4010897445970432e-02 1.0821398202182147e-02 0.0000000000000000e+00
3.6755426149842431e-02 1.1556792451988686e-02 0.0000000000000000e+00
3.9028502338309304e-02 1.6166134987637765e-02 0.0000000000000000e+00
2.6683615376629950e-02 1.1052715382147386e-02 0.0000000000000000e+00
2.5868626910316030e-02 1.0715136106222512e-02 0.0000000000000000e+00
3.2856058857469631e-02 1.3609425184892578e-02 0.0000000000000000e+00
5.3693905152618814e-02 1.5904859303419665e-02 0.0000000000000000e+00
5.3259164912528606e-02 1.7304951684997065e-02 0.0000000000000000e+00
5.2787923501161987e-02 1.8693184117091189e-02 0.0000000000000000e+00
5.2280503883843289e-02 2.0068605174536836e-02 0.0000000000000000e+00
6.2822037448620180e-02 1.7939789721415578e-02 0.0000000000000000e+00
6.2520101934504316e-02 1.8965265580624880e-02 0.0000000000000000e+00
6.2201428277309727e-02 1.9985663979641504e-02 0.0000000000000000e+00
6.1866101793680239e-02 2.1000711733139905e-02 0.0000000000000000e+00
6.1514212258624031e-02 2.2010137088291734e-02 0.0000000000000000e+00
6.1145853881478605e-02 2.3013669797520619e-02 0.0000000000000000e+00
6.0761125280688791e-02 2.4011041190854000e-02 0.0000000000000000e+00
5.7485837578480060e-02 2.3811413569383356e-02 0.0000000000000000e+00
5.4611545699556056e-02 2.2620842890914192e-02 0.0000000000000000e+00
2.6440310833652392e-02 9.8695431403667006e-03 0.0000000000000000e+00
2.6710648232589576e-02 9.9815205574231500e-03 0.0000000000000000e+00
2.7274456677653759e-02 9.6262983000055483e-03 0.0000000000000000e+00
2.8681383864728769e-02 9.3933593420377440e-03 0.0000000000000000e+00
3.0013762260039184e-02 9.7503690570738457e-03 0.0000000000000000e+00
3.1346140655349596e-02 1.0107378772109944e-02 0.0000000000000000e+00
3.2678519050660028e-02 1.0464388487146049e-02 0.0000000000000000e+00
3.5383161797906439e-02 1.1189095327085417e-02 0.0000000000000000e+00
3.8039082111930432e-02 1.2216148027744803e-02 0.0000000000000000e+00
3.8936197210185500e-02 1.3346505008865169e-02 0.0000000000000000e+00
3.9286840627679800e-02 1.4746351999808338e-02 0.0000000000000000e+00
4.0299377486541582e-02 1.6692548710118493e-02 0.0000000000000000e+00
4.1570252634773867e-02 1.7218962432599221e-02 0.0000000000000000e+00
4.2841127783006132e-02 1.7745376155079942e-02 0.0000000000000000e+00
4.4112002931238417e-02 1.8271789877560670e-02 0.0000000000000000e+00
4.5382878079470675e-02 1.8798203600041394e-02 0.0000000000000000e+00
4.6653753227702960e-02 1.9324617322522122e-02 0.0000000000000000e+00
4.7924628375935238e-02 1.9851031045002850e-02 0.0000000000000000e+00
4.9195503524167510e-02 2.0377444767483575e-02 0.0000000000000000e+00
5.0466378672399788e-02 2.0903858489964299e-02 0.0000000000000000e+00
2.6987594097407412e-02 7.4612173828123261e-03 0.0000000000000000e+00
2.6927567320094204e-02 7.6750321316457308e-03 0.0000000000000000e+00
2.6865846580325620e-02 7.8883640586883685e-03 0.0000000000000000e+00
2.6802435760836931e-02 8.1011997436311756e-03 0.0000000000000000e+00
2.6737338850683155e-02 8.3135257973827887e-03 0.0000000000000000e+00
2.6670559944988098e-02 8.5253288629117668e-03 0.0000000000000000e+00
2.6602103244686724e-02 8.7365956160868671e-03 0.0000000000000000e+00
2.6531973056260882e-02 8.9473127665152495e-03 0.0000000000000000e+00
2.6460173791468412e-02 9.1574670583785545e-03 0.0000000000000000e+00
2.6386709967065602e-02 9.3670452712667600e-03 0.0000000000000000e+00
2.6311586204523035e-02 9.5760342210099211e-03 0.0000000000000000e+00
2.6872342934894464e-02 1.0597086751391645e-02 0.0000000000000000e+00
2.6336089272429575e-02 1.0908765356508908e-02 0.0000000000000000e+00
2.6070938602600662e-02 1.0798936352993459e-02 0.0000000000000000e+00
2.5944519033542980e-02 1.0530049008343995e-02 0.0000000000000000e+00
2.6019086899271217e-02 1.0344424436776216e-02 0.0000000000000000e+00
2.6092326701415352e-02 1.0158271866149657e-02 0.0000000000000000e+00
2.6164234701676847e-02 9.9716007980448773e-03 0.0000000000000000e+00
3.7380056035956497e-02 1.5483326172359450e-02 0.0000000000000000e+00
3.5164804218020825e-02 1.4565738825298845e-02 0.0000000000000000e+00
3.0674939873108768e-02 1.2705976120420875e-02 0.0000000000000000e+00
2.8898209630561181e-02 1.1970030357279227e-02 0.0000000000000000e+00
2.7613176366546456e-02 1.1437752151223762e-02 0.0000000000000000e+00
2.7479320325856208e-02 8.1075924956633631e-03 0.0000000000000000e+00
4.9725822294196774e-02 1.6744891260290950e-02 0.0000000000000000e+00
4.6086888195859814e-02 1.5658374037065138e-02 0.0000000000000000e+00
4.2692810861404890e-02 1.4443835735632175e-02 0.0000000000000000e+00
2.6637454083471065e-02 9.5985103655917437e-03 0.0000000000000000e+00
4.7543996334451839e-02 1.7348922613604260e-02 0.0000000000000000e+00
4.8379370894136076e-02 1.5181944512048308e-02 0.0000000000000000e+00
5.0582166601006180e-02 1.8827032831650672e-02 0.0000000000000000e+00
2.6940968442574847e-02 9.2572475914262375e-03 0.0000000000000000e+00
4.0828220430894957e-02 1.3077770594885012e-02 0.0000000000000000e+00
2.7096944731915609e-02 8.7757149332917360e-03 0.0000000000000000e+00
5.1665935509625345e-02 1.5935503254975884e-02 0.0000000000000000e+00
2.7278620404577621e-02 7.6489684229319533e-03 0.0000000000000000e+00
4.3954937723642049e-02 1.6041238185499861e-02 0.0000000000000000e+00
4.4736343818248737e-02 1.4161121843262885e-02 0.0000000000000000e+00
4.1032422284239554e-02 1.5074679805565590e-02 0.0000000000000000e+00
2.8185336351355818e-02 8.3779985464388449e-03 0.0000000000000000e+00
4.9008185624673066e-02 1.8097294124804996e-02 0.0000000000000000e+00
4.5136669036994870e-02 1.6995553916596299e-02 0.0000000000000000e+00
4.9979136058716019e-02 1.5055057265892515e-02 0.0000000000000000e+00
2.7171886301677498e-02 8.3937405741020595e-03 0.0000000000000000e+00
4.7200474773883450e-02 1.4310583326671865e-02 0.0000000000000000e+00
5.1678134903625501e-02 1.7507041773597846e-02 0.0000000000000000e+00
4.2522293132126167e-02 1.6025409130612036e-02 0.0000000000000000e+00
4.3034544672082592e-02 1.2968967732202435e-02 0.0000000000000000e+00
3.9928917315396342e-02 1.2208610407614277e-02 0.0000000000000000e+00
4.6460799575638298e-02 1.7982780655791928e-02 0.0000000000000000e+00
2.6806770029491979e-02 8.9238320754015353e-03 0.0000000000000000e+00
4.7373379015063860e-02 1.5959389607757755e-02 0.0000000000000000e+00
4.5893983255907947e-02 1.3497006184590161e-02 0.0000000000000000e+00
2.6929597619738503e-02 8.4956051076651735e-03 0.0000000000000000e+00
2.7061541084712280e-02 8.0990130963403215e-03 0.0000000000000000e+00
4.7518272627680290e-02 1.8520929152345236e-02 0.0000000000000000e+00
4.8579215300708481e-02 1.6464097916827868e-02 0.0000000000000000e+00
2.7832263104865671e-02 7.8392427241585176e-03 0.0000000000000000e+00
2.9393961658911456e-02 8.7025603628154841e-03 0.0000000000000000e+00
5.1102462777527134e-02 1.9897681124809326e-02 0.0000000000000000e+00
3.8822345043628602e-02 1.1315241309141737e-02 0.0000000000000000e+00
4.1722508544576951e-02 1.2268928388962793e-02 0.0000000000000000e+00
2.6944990165075372e-02 9.7428902173587826e-03 0.0000000000000000e+00
4.0035309193112420e-02 1.3815031086703171e-02 0.0000000000000000e+00
4.8793608385399423e-02 1.4149192788830483e-02 0.0000000000000000e+00
5.2654882155878477e-02 1.5310391233605341e-02 0.0000000000000000e+00
2.6626796976877067e-02 9.3103724103511722e-03 0.0000000000000000e+00
4.3744826104925312e-02 1.7060283296432759e-02 0.0000000000000000e+00
4.0049977047521258e-02 1.5650965113236621e-02 0.0000000000000000e+00
2.7487068888959663e-02 8.5464705098805098e-03 0.0000000000000000e+00
4.4890343025344129e-02 1.5391798158276728e-02 0.0000000000000000e+00
4.6450328591343515e-02 1.6792415240329085e-02 0.0000000000000000e+00
4.4504929082692053e-02 1.3089032676776741e-02 0.0000000000000000e+00
4.1266240324209877e-02 1.6155624205178177e-02 0.0000000000000000e+00
4.9559613239229354e-02 1.9307788185515252e-02 0.0000000000000000e+00
3.0626981090987208e-02 9.0017669602525819e-03 0.0000000000000000e+00
4.3731652367201342e-02 1.4947136238294842e-02 0.0000000000000000e+00
3.7669752275349154e-02 1.1070589461663749e-02 0.0000000000000000e+00
5.1516928811018603e-02 1.4964073357689107e-02 0.0000000000000000e+00
5.1696404152130414e-02 1.8947300526195851e-02 0.0000000000000000e+00
4.1595677275510778e-02 1.3929723319050605e-02 0.0000000000000000e+00
5.2596895726728418e-02 1.6416777715817815e-02 0.0000000000000000e+00
2.7152686954993722e-02 7.3910755881999917e-03 0.0000000000000000e+00
5.0609859936513464e-02 1.6142305189576621e-02 0.0000000000000000e+00
5.0450102089600990e-02 1.7630771150376107e-02 0.0000000000000000e+00
3.6269492160901647e-02 1.0625794083968344e-02 0.0000000000000000e+00
2.6821195114164181e-02 8.6914153190714143e-03 0.0000000000000000e+00
2.7102406029768655e-02 7.8546023098368476e-03 0.0000000000000000e+00
3.4856572220648432e-02 1.0230227746747207e-02 0.0000000000000000e+00
4.5699798241636849e-02 1.4570811214500651e-02 0.0000000000000000e+00
2.6406039587845345e-02 9.7071271218689709e-03 0.0000000000000000e+00
3.3600912912189529e-02 9.9128213126393906e-03 0.0000000000000000e+00
2.6940559923529679e-02 8.2806168638243048e-03 0.0000000000000000e+00
2.6682457431174377e-02 9.1160680537556802e-03 0.0000000000000000e+00
3.1854960578638666e-02 9.2985607276016603e-03 0.0000000000000000e+00
4.3710743328534550e-02 1.3905658718417879e-02 0.0000000000000000e+00
5.9072489731217988e-02 1.9644136108916195e-02 0.0000000000000000e+00
5.5504820399153748e-02 1.7311593624680877e-02 0.0000000000000000e+00
5.4782910659149316e-02 2.0511435385423958e-02 0.0000000000000000e+00
6.1414570672965962e-02 1.8161062713272995e-02 0.0000000000000000e+00
5.9631789820358293e-02 2.2874461930997823e-02 0.0000000000000000e+00
2.6267346949514964e-02 1.0530985663860111e-02 0.0000000000000000e+00
2.6393392821915693e-02 1.0167060794202780e-02 0.0000000000000000e+00
2.6652374308595291e-02 1.0359735945077343e-02 0.0000000000000000e+00
2.6562353768412851e-02 1.0689857819797078e-02 0.0000000000000000e+00
2.6193038343029312e-02 1.0300185690247191e-02 0.0000000000000000e+00
2.6019014032947891e-02 1.0656799644994221e-02 0.0000000000000000e+00
2.6300631640960817e-02 9.9161325579673280e-03 0.0000000000000000e+00
2.8102746596120831e-02 1.0263766898783350e-02 0.0000000000000000e+00
3.7256580772019508e-02 1.3758364334361001e-02 0.0000000000000000e+00
3.4228463342213161e-02 1.2476554369058783e-02 0.0000000000000000e+00
3.0236266459485250e-02 1.1252351419354004e-02 0.0000000000000000e+00
3.2269238981618521e-02 1.1757939896508036e-02 0.0000000000000000e+00
3.5757687256000474e-02 1.2709309061558547e-02 0.0000000000000000e+00
2.4248711305964284e-02 1.4000000000000000e-02 0.0000000000000000e+00
4.8497422611928569e-02 2.8000000000000001e-02 0.0000000000000000e+00
5.6580326380583336e-02 3.2666666666666670e-02 0.0000000000000000e+00
2.5469440365004700e-02 1.1632179825530092e-02 0.0000000000000000e+00
2.6300931944264857e-02 1.1976594914658672e-02 0.0000000000000000e+00
2.5865374019266738e-02 1.3028124764388235e-02 0.0000000000000000e+00
3.1701220268968835e-02 1.6397452167603008e-02 0.0000000000000000e+00
3.4161897387521643e-02 1.7818124764388227e-02 0.0000000000000000e+00
4.9213758309070064e-02 2.6720890574538067e-02 0.0000000000000000e+00
4.9896365354548611e-02 2.5423467985414616e-02 0.0000000000000000e+00
5.0544775923592210e-02 2.4108621421264510e-02 0.0000000000000000e+00
5.1158545627985663e-02 2.2777252012244783e-02 0.0000000000000000e+00
5.7107235652948257e-02 3.1736541722800882e-02 0.0000000000000000e+00
5.7618855937425870e-02 3.0797920139298510e-02 0.0000000000000000e+00
5.8115050260894613e-02 2.9851053207854146e-02 0.0000000000000000e+00
5.8595685780135659e-02 2.8896194427641405e-02 0.0000000000000000e+00
5.9060633817398310e-02 2.7933599437445077e-02 0.0000000000000000e+00
5.9509769894850163e-02 2.6963525947220429e-02 0.0000000000000000e+00
5.9942973767902794e-02 2.5986233669098028e-02 0.0000000000000000e+00
5.1191723868146834e-02 2.9555555555555561e-02 0.0000000000000000e+00
5.3886025124365071e-02 3.1111111111111110e-02 0.0000000000000000e+00
2.5674943968922209e-02 1.1717302205389274e-02 0.0000000000000000e+00
2.5945281367859400e-02 1.1829279622445723e-02 0.0000000000000000e+00
2.6092774075606149e-02 1.2479132464289227e-02 0.0000000000000000e+00
2.6922909113441040e-02 1.3638692935687246e-02 0.0000000000000000e+00
2.8117486902322988e-02 1.4328382743666188e-02 0.0000000000000000e+00
2.9312064691204929e-02 1.5018072551645122e-02 0.0000000000000000e+00
3.0506642480086891e-02 1.5707762359624074e-02 0.0000000000000000e+00
3.2931558828245243e-02 1.7107788465995619e-02 0.0000000000000000e+00
3.5535814021854926e-02 1.8259571801060880e-02 0.0000000000000000e+00
3.6969453277847689e-02 1.8094644884030120e-02 0.0000000000000000e+00
3.8207236916055834e-02 1.7352745922399260e-02 0.0000000000000000e+00
2.4491947892978122e-02 1.4140432708989206e-02 0.0000000000000000e+00
2.4831806220166442e-02 1.4336650005677718e-02 0.0000000000000000e+00
2.5307303989782755e-02 1.4611178770964763e-02 0.0000000000000000e+00
2.5972540265267640e-02 1.4995253113690665e-02 0.0000000000000000e+00
2.6900695666269830e-02 1.5531123884309085e-02 0.0000000000000000e+00
2.8131144077911049e-02 1.6241523605994089e-02 0.0000000000000000e+00
2.9404036486287140e-02 1.6976428380619454e-02 0.0000000000000000e+00
3.0676928894663235e-02 1.7711333155244827e-02 0.0000000000000000e+00
3.1949821303039312e-02 1.8446237929870189e-02 0.0000000000000000e+00
3.3222713711415407e-02 1.9181142704495554e-02 0.0000000000000000e+00
3.4495606119791501e-02 1.9916047479120926e-02 0.0000000000000000e+00
3.5768498528167596e-02 2.0650952253746292e-02 0.0000000000000000e+00
3.7041390936543669e-02 2.1385857028371650e-02 0.0000000000000000e+00
3.8314283344919764e-02 2.2120761802997015e-02 0.0000000000000000e+00
3.9587175753295858e-02 2.2855666577622388e-02 0.0000000000000000e+00
4.0860068161671953e-02 2.3590571352247753e-02 0.0000000000000000e+00
4.2132960570048048e-02 2.4325476126873125e-02 0.0000000000000000e+00
4.3405852978424149e-02 2.5060380901498498e-02 0.0000000000000000e+00
4.4678745386800250e-02 2.5795285676123870e-02 0.0000000000000000e+00
4.5951637795176366e-02 2.6530190450749256e-02 0.0000000000000000e+00
4.7224530203552467e-02 2.7265095225374628e-02 0.0000000000000000e+00
2.4358988201480369e-02 1.3807233386893283e-02 0.0000000000000000e+00
2.4467732719007224e-02 1.3613598186784540e-02 0.0000000000000000e+00
2.4574938017632445e-02 1.3419106580898879e-02 0.0000000000000000e+00
2.4680597353272941e-02 1.3223770804336288e-02 0.0000000000000000e+00
2.4784704079099263e-02 1.3027603145301919e-02 0.0000000000000000e+00
2.4887251645953710e-02 1.2830615944333089e-02 0.0000000000000000e+00
2.4988233602762332e-02 1.2632821593522952e-02 0.0000000000000000e+00
2.5087643596940743e-02 1.2434232535740936e-02 0.0000000000000000e+00
2.5185475374793775e-02 1.2234861263849971e-02 0.0000000000000000e+00
2.5281722781908857e-02 1.2034720319920637e-02 0.0000000000000000e+00
2.5376379763543205e-02 1.1833822294442096e-02 0.0000000000000000e+00
2.6494887818365443e-02 1.1508344012903130e-02 0.0000000000000000e+00
2.5791414403268414e-02 1.0899676283214971e-02 0.0000000000000000e+00
2.5712885453473035e-02 1.1083660120040442e-02 0.0000000000000000e+00
2.5633044069196566e-02 1.1267078225814667e-02 0.0000000000000000e+00
2.5551894325694807e-02 1.1449921238529358e-02 0.0000000000000000e+00
2.5163747377590983e-02 1.3697880112029524e-02 0.0000000000000000e+00
4.7001892304686835e-02 2.3321039983920655e-02 0.0000000000000000e+00
4.3660493631042865e-02 2.1516208703114586e-02 0.0000000000000000e+00
4.0401710263024186e-02 1.9975041873003987e-02 0.0000000000000000e+00
2.5622696184766973e-02 1.2048352647168390e-02 0.0000000000000000e+00
4.5886223039159478e-02 2.1351141386439038e-02 0.0000000000000000e+00
4.4944637144849954e-02 2.3474125312715453e-02 0.0000000000000000e+00
4.9079715595561124e-02 2.2454270425797208e-02 0.0000000000000000e+00
2.5596004024497784e-02 1.2504278930457127e-02 0.0000000000000000e+00
3.8117291800910197e-02 1.9622531260019747e-02 0.0000000000000000e+00
2.5365800908465262e-02 1.2955065830283982e-02 0.0000000000000000e+00
4.7801435768416674e-02 2.5265230941989174e-02 0.0000000000000000e+00
2.4697534910427515e-02 1.3880260028553599e-02 0.0000000000000000e+00
4.2423702830615230e-02 1.9737966231424136e-02 0.0000000000000000e+00
4.1646797363956690e-02 2.1619946794796435e-02 0.0000000000000000e+00
3.9673712360427132e-02 1.8354895730964455e-02 0.0000000000000000e+00
2.5854182049025346e-02 1.4005902879109454e-02 0.0000000000000000e+00
4.7450739785632495e-02 2.1857300992078322e-02 0.0000000000000000e+00
4.3934116180678780e-02 1.9898773331785115e-02 0.0000000000000000e+00
4.5986119108827599e-02 2.4695052941098791e-02 0.0000000000000000e+00
2.5148695941014251e-02 1.3278154182077784e-02 0.0000000000000000e+00
4.3494886300862380e-02 2.3256665274812738e-02 0.0000000000000000e+00
4.8921307586054001e-02 2.4162611672799598e-02 0.0000000000000000e+00
4.1399477292873160e-02 1.8736126357783985e-02 0.0000000000000000e+00
3.9600463391334877e-02 2.1259573334475142e-02 0.0000000000000000e+00
3.6866799407242426e-02 1.9601216991064988e-02 0.0000000000000000e+00
4.5568492585583660e-02 2.0137000292982168e-02 0.0000000000000000e+00
2.5265351044248534e-02 1.2645146694875634e-02 0.0000000000000000e+00
4.4783030164515764e-02 2.2213044934028519e-02 0.0000000000000000e+00
4.1995771374754853e-02 2.2908122177073900e-02 0.0000000000000000e+00
2.5049401073455321e-02 1.3034801109629093e-02 0.0000000000000000e+00
2.4862266291699315e-02 1.3408532129017513e-02 0.0000000000000000e+00
4.6696767402802770e-02 2.0504218207804903e-02 0.0000000000000000e+00
4.5992567846960548e-02 2.2708817280743952e-02 0.0000000000000000e+00
2.5223563666838460e-02 1.4137200287598876e-02 0.0000000000000000e+00
2.6938309061185765e-02 1.4631030168721578e-02 0.0000000000000000e+00
5.0204683218562821e-02 2.2065112712082318e-02 0.0000000000000000e+00
3.5452627302370018e-02 1.9450459581457469e-02 0.0000000000000000e+00
3.8177711181711760e-02 2.0826826258256294e-02 0.0000000000000000e+00
2.5942249005780099e-02 1.2163721523679154e-02 0.0000000000000000e+00
3.8077940781060693e-02 1.8540536453639143e-02 0.0000000000000000e+00
4.4507281537174558e-02 2.4497301198578882e-02 0.0000000000000000e+00
4.8058705698901617e-02 2.6406542771098794e-02 0.0000000000000000e+00
2.5411416170358695e-02 1.2244561236895778e-02 0.0000000000000000e+00
4.2995705188490191e-02 1.8868821172747800e-02 0.0000000000000000e+00
3.9386513920351564e-02 1.7252706792984168e-02 0.0000000000000000e+00
2.5479560059072516e-02 1.3393025553577796e-02 0.0000000000000000e+00
4.2625910815383160e-02 2.0858621110638978e-02 0.0000000000000000e+00
4.4719373024219390e-02 2.0971311646345341e-02 0.0000000000000000e+00
4.0725080915519088e-02 2.2214393385676805e-02 0.0000000000000000e+00
4.0603389797105580e-02 1.7755886937539538e-02 0.0000000000000000e+00
4.8696606550133012e-02 2.1391270638750327e-02 0.0000000000000000e+00
2.8021756476964841e-02 1.5291335556453605e-02 0.0000000000000000e+00
4.1492169334758272e-02 2.0353726547923334e-02 0.0000000000000000e+00
3.4464626159591533e-02 1.8808448399441995e-02 0.0000000000000000e+00
4.7009167453570803e-02 2.5846771962780960e-02 0.0000000000000000e+00
4.9952642626184339e-02 2.3157113251679275e-02 0.0000000000000000e+00
3.9262387288513917e-02 1.9562783650607780e-02 0.0000000000000000e+00
4.8800036485818384e-02 2.5583206789644423e-02 0.0000000000000000e+00
2.4426128741990138e-02 1.3973569404633002e-02 0.0000000000000000e+00
4.7200908619542466e-02 2.4372241692477616e-02 0.0000000000000000e+00
4.8140447137089565e-02 2.3206771461131377e-02 0.0000000000000000e+00
3.3159974909431802e-02 1.8132832804899964e-02 0.0000000000000000e+00
2.5111207654977027e-02 1.2819690234528948e-02 0.0000000000000000e+00
2.4718337646929746e-02 1.3610252533311433e-02 0.0000000000000000e+00
3.1881181998946871e-02 1.7413455173331413e-02 0.0000000000000000e+00
4.2617756652680881e-02 2.2011517818356068e-02 0.0000000000000000e+00
2.5535865070559275e-02 1.1807914243132465e-02 0.0000000000000000e+00
3.0768856545125692e-02 1.6750010203409996e-02 0.0000000000000000e+00
2.4905132947708224e-02 1.3194572274072522e-02 0.0000000000000000e+00
2.5313380126873484e-02 1.2421313049736092e-02 0.0000000000000000e+00
2.9099933985347607e-02 1.5949783293823495e-02 0.0000000000000000e+00
4.0740948594970544e-02 2.1075377441652304e-02 0.0000000000000000e+00
5.5661059923683101e-02 2.7880056217350777e-02 0.0000000000000000e+00
5.1488980137940683e-02 2.7006689647625374e-02 0.0000000000000000e+00
5.3241142673124263e-02 2.4233592567318288e-02 0.0000000000000000e+00
5.6268469984624196e-02 3.0584848788405200e-02 0.0000000000000000e+00
5.8340730103668380e-02 2.5991355808864192e-02 0.0000000000000000e+00
2.6020350527275606e-02 1.1127287776288002e-02 0.0000000000000000e+00
2.5852144675213608e-02 1.1473749410580261e-02 0.0000000000000000e+00
2.6171514146396065e-02 1.1520635070263633e-02 0.0000000000000000e+00
2.6341291428219327e-02 1.1223549519622213e-02 0.0000000000000000e+00
2.5804606181289703e-02 1.1237943883180843e-02 0.0000000000000000e+00
2.5933716557207203e-02 1.0862725967763586e-02 0.0000000000000000e+00
2.5609119557696271e-02 1.1585590407929461e-02 0.0000000000000000e+00
2.7129221862731940e-02 1.2614063513436476e-02 0.0000000000000000e+00
3.6073013626581135e-02 1.6615748188857526e-02 0.0000000000000000e+00
3.3025434739078194e-02 1.5380922338669969e-02 0.0000000000000000e+00
2.9336883044184674e-02 1.3423655058346090e-02 0.0000000000000000e+00
3.1131916741236422e-02 1.4503678674027048e-02 0.0000000000000000e+00
3.4271341759889419e-02 1.6297664516642042e-02 0.0000000000000000e+00
4.4427787056309176e-02 3.4090640024488354e-02 0.0000000000000000e+00
5.1832418232360705e-02 3.9772413361903076e-02 0.0000000000000000e+00
2.2808483412800250e-02 1.6241092463501826e-02 0.0000000000000000e+00
2.3522501419062359e-02 1.6788977749609673e-02 0.0000000000000000e+00
2.4215374019266735e-02 1.5886008596876881e-02 0.0000000000000000e+00
3.0051220268968833e-02 1.9255336000091654e-02 0.0000000000000000e+00
3.2511897387521652e-02 2.0676008596876874e-02 0.0000000000000000e+00
3.3514534749457391e-02 2.5716607002817339e-02 0.0000000000000000e+00
2.2913739990053646e-02 1.7582331089900909e-02 0.0000000000000000e+00
2.2213893528154588e-02 1.7045320012244174e-02 0.0000000000000000e+00
2.8214137369755525e-02 2.1649469046359126e-02 0.0000000000000000e+00
4.7747849203829164e-02 2.9259919624093134e-02 0.0000000000000000e+00
4.6965551804943745e-02 3.0499785960841522e-02 0.0000000000000000e+00
4.6151066562832875e-02 3.1718749267790648e-02 0.0000000000000000e+00
4.5304951684997041e-02 3.2915974128378510e-02 0.0000000000000000e+00
5.6038269186684454e-02 3.3588045953957146e-02 0.0000000000000000e+00
5.5481209193069828e-02 3.4500432909157379e-02 0.0000000000000000e+00
5.4909295538169964e-02 3.5403583264217123e-02 0.0000000000000000e+00
5.4322681337099624e-02 3.6297255223947354e-02 0.0000000000000000e+00
5.3721523640665313e-02 3.7181209530754704e-02 0.0000000000000000e+00
5.3105983393318852e-02 3.8055209528696426e-02 0.0000000000000000e+00
5.2476225390068798e-02 3.8919021226839004e-02 0.0000000000000000e+00
4.9364207840343517e-02 3.7878488916098164e-02 0.0000000000000000e+00
4.6895997448326336e-02 3.5984564470293252e-02 0.0000000000000000e+00
2.2984953358147646e-02 1.6376502615134056e-02 0.0000000000000000e+00
2.3217097345437292e-02 1.6554632961678445e-02 0.0000000000000000e+00
2.3853632769068649e-02 1.6357438972538330e-02 0.0000000000000000e+00
2.5272909113441041e-02 1.6496576768175893e-02 0.0000000000000000e+00
2.6467486902322989e-02 1.7186266576154831e-02 0.0000000000000000e+00
2.7662064691204930e-02 1.7875956384133768e-02 0.0000000000000000e+00
2.8856642480086892e-02 1.8565646192112716e-02 0.0000000000000000e+00
3.1281558828245244e-02 1.9965672298484265e-02 0.0000000000000000e+00
3.3581160052872164e-02 2.1645131786555180e-02 0.0000000000000000e+00
3.4155148780952056e-02 2.2969163260622916e-02 0.0000000000000000e+00
3.4131537252242508e-02 2.4412064816515325e-02 0.0000000000000000e+00
3.4605859980142574e-02 2.6554010304984440e-02 0.0000000000000000e+00
3.5697185210827757e-02 2.7391413607151544e-02 0.0000000000000000e+00
3.6788510441512927e-02 2.8228816909318642e-02 0.0000000000000000e+00
3.7879835672198110e-02 2.9066220211485746e-02 0.0000000000000000e+00
3.8971160902883280e-02 2.9903623513652840e-02 0.0000000000000000e+00
4.0062486133568463e-02 3.0741026815819951e-02 0.0000000000000000e+00
4.1153811364253647e-02 3.1578430117987055e-02 0.0000000000000000e+00
4.2245136594938823e-02 3.2415833420154153e-02 0.0000000000000000e+00
4.3336461825623999e-02 3.3253236722321257e-02 0.0000000000000000e+00
2.4136908969770422e-02 1.4191885899520766e-02 0.0000000000000000e+00
2.4023588226172794e-02 1.4382879014275677e-02 0.0000000000000000e+00
2.3908756203965594e-02 1.4572967329248249e-02 0.0000000000000000e+00
2.3792420127014678e-02 1.4762138886341199e-02 0.0000000000000000e+00
2.3674587313803151e-02 1.4950381785128799e-02 0.0000000000000000e+00
2.3555265176970975e-02 1.5137684183605449e-02 0.0000000000000000e+00
2.3434461222848656e-02 1.5324034298930644e-02 0.0000000000000000e+00
2.3312183050985022e-02 1.5509420408170221e-02 0.0000000000000000e+00
2.3188438353669148e-02 1.5693830849033828e-02 0.0000000000000000e+00
2.3063234915446491e-02 1.5877254020608540e-02 0.0000000000000000e+00
2.2936580612629112e-02 1.6059678384088710e-02 0.0000000000000000e+00
2.3213962179847381e-02 1.7191073914671767e-02 0.0000000000000000e+00
2.2615312558875111e-02 1.7353339668004390e-02 0.0000000000000000e+00
2.2387622516843952e-02 1.7178626953859816e-02 0.0000000000000000e+00
2.2335103755925127e-02 1.6886181931154827e-02 0.0000000000000000e+00
2.2455173957604022e-02 1.6726181947286776e-02 0.0000000000000000e+00
2.2574098004580288e-02 1.6565328227342930e-02 0.0000000000000000e+00
2.2691869826744811e-02 1.6403628981602469e-02 0.0000000000000000e+00
3.2098981818322013e-02 2.4630415035844434e-02 0.0000000000000000e+00
3.0196701956608524e-02 2.3170744359262790e-02 0.0000000000000000e+00
2.6341168036717308e-02 2.0212289129461949e-02 0.0000000000000000e+00
2.4815455188755324e-02 1.9041568485314481e-02 0.0000000000000000e+00
2.3711972108423119e-02 1.8194836136997426e-02 0.0000000000000000e+00
2.4444585843806692e-02 1.4943504427393074e-02 0.0000000000000000e+00
4.3697559221091344e-02 2.9044312769838779e-02 0.0000000000000000e+00
4.0463830145546498e-02 2.7052992274694508e-02 0.0000000000000000e+00
3.7499748835191443e-02 2.5001386507615419e-02 0.0000000000000000e+00
2.3245527558584805e-02 1.6165729485874615e-02 0.0000000000000000e+00
4.1433742360029245e-02 2.9063064142411370e-02 0.0000000000000000e+00
4.2801507424855896e-02 2.7186134874956032e-02 0.0000000000000000e+00
4.3985826409966573e-02 3.1277145303372625e-02 0.0000000000000000e+00
2.3627025222031275e-02 1.5914650255355243e-02 0.0000000000000000e+00
3.6052256458186480e-02 2.3199277393042644e-02 0.0000000000000000e+00
2.3902316570958301e-02 1.5489895058927314e-02 0.0000000000000000e+00
4.5781049712451609e-02 2.8764642241824366e-02 0.0000000000000000e+00
2.4369425251074894e-02 1.4448562629006456e-02 0.0000000000000000e+00
3.8305431590760317e-02 2.6871021258202510e-02 0.0000000000000000e+00
3.9546821834740009e-02 2.5257211106051069e-02 0.0000000000000000e+00
3.5732662167043336e-02 2.5180994901084348e-02 0.0000000000000000e+00
2.5056558720759077e-02 1.5387427008968833e-02 0.0000000000000000e+00
4.2654347810118884e-02 3.0164895586683532e-02 0.0000000000000000e+00
3.9199901299813621e-02 2.8098674039392216e-02 0.0000000000000000e+00
4.4379602749206971e-02 2.7477620899152309e-02 0.0000000000000000e+00
2.4073566807553071e-02 1.5140332465930044e-02 0.0000000000000000e+00
4.1888306085730430e-02 2.6039343833856216e-02 0.0000000000000000e+00
4.5386089323449869e-02 3.0285789319475332e-02 0.0000000000000000e+00
3.6925700040792722e-02 2.6484935860133181e-02 0.0000000000000000e+00
3.8211562276941162e-02 2.3665220631294091e-02 0.0000000000000000e+00
3.5408551562974677e-02 2.2126976347364522e-02 0.0000000000000000e+00
4.0223400102529075e-02 2.9394972044787197e-02 0.0000000000000000e+00
2.3583693794467397e-02 1.5557862492413104e-02 0.0000000000000000e+00
4.1628576290531814e-02 2.7676719313901199e-02 0.0000000000000000e+00
4.0836901445721108e-02 2.4915343773524088e-02 0.0000000000000000e+00
2.3813169430944046e-02 1.5176017124382947e-02 0.0000000000000000e+00
2.4043262597038668e-02 1.4827088139756375e-02 0.0000000000000000e+00
4.1105557554099871e-02 3.0188477741537822e-02 0.0000000000000000e+00
4.2662696578503599e-02 2.8476323500375215e-02 0.0000000000000000e+00
2.4854956420868528e-02 1.4775646765656833e-02 0.0000000000000000e+00
2.6139998340242294e-02 1.6013744897622608e-02 0.0000000000000000e+00
4.4211289755311654e-02 3.2445974700184531e-02 0.0000000000000000e+00
3.4570905764009612e-02 2.0977646084025463e-02 0.0000000000000000e+00
3.7125416210710645e-02 2.2649454612579459e-02 0.0000000000000000e+00
2.3505216346955758e-02 1.6384785908467581e-02 0.0000000000000000e+00
3.5095545959173288e-02 2.3706195813378447e-02 0.0000000000000000e+00
4.3468925930715566e-02 2.6295785865289835e-02 0.0000000000000000e+00
4.6898089715342699e-02 2.8416788622699370e-02 0.0000000000000000e+00
2.3309809174525301e-02 1.5884651331221408e-02 0.0000000000000000e+00
3.7838731069310377e-02 2.7800962360484991e-02 0.0000000000000000e+00
3.4634539326944429e-02 2.5483368225041787e-02 0.0000000000000000e+00
2.4338480392468775e-02 1.5369433511619230e-02 0.0000000000000000e+00
3.9377051177419319e-02 2.6485811070252177e-02 0.0000000000000000e+00
4.0521375148525225e-02 2.8242457257113857e-02 0.0000000000000000e+00
3.9600769459416665e-02 2.4161757951177948e-02 0.0000000000000000e+00
3.5678744053186308e-02 2.6285623575285539e-02 0.0000000000000000e+00
4.2873687067452468e-02 3.1476863031135713e-02 0.0000000000000000e+00
2.7253563288163495e-02 1.6621885189485874e-02 0.0000000000000000e+00
3.8372928919562496e-02 2.5756409428064661e-02 0.0000000000000000e+00
3.3520907199481302e-02 2.0443017586418984e-02 0.0000000000000000e+00
4.5888544852377096e-02 2.7787747244158455e-02 0.0000000000000000e+00
4.5030969667359692e-02 3.1681700874601405e-02 0.0000000000000000e+00
3.6573061254422175e-02 2.4220832979772379e-02 0.0000000000000000e+00
4.6555725233011803e-02 2.9470467907503989e-02 0.0000000000000000e+00
2.4314530456952244e-02 1.4166863304356184e-02 0.0000000000000000e+00
4.4707434762631094e-02 2.8691065099992842e-02 0.0000000000000000e+00
4.4167877193704276e-02 3.0087464439695722e-02 0.0000000000000000e+00
3.2283481306335106e-02 1.9650964257972539e-02 0.0000000000000000e+00
2.3657781239237875e-02 1.5337098631651889e-02 0.0000000000000000e+00
2.4145993269234087e-02 1.4601582074906706e-02 0.0000000000000000e+00
3.1021085547239993e-02 1.8903185927097426e-02 0.0000000000000000e+00
4.0371411932890622e-02 2.5902301004346866e-02 0.0000000000000000e+00
2.2993886235540457e-02 1.6210750737149802e-02 0.0000000000000000e+00
2.9890362622364459e-02 1.8271606311772944e-02 0.0000000000000000e+00
2.3879401255270726e-02 1.4971191680307876e-02 0.0000000000000000e+00
2.3413862712867359e-02 1.5711373720656546e-02 0.0000000000000000e+00
2.8362884509981590e-02 1.7226390432849414e-02 0.0000000000000000e+00
3.8622286556301663e-02 2.4745007736694264e-02 0.0000000000000000e+00
5.1975366905005607e-02 3.4263863786802101e-02 0.0000000000000000e+00
4.9132969375936135e-02 3.1087419990596329e-02 0.0000000000000000e+00
4.7607478124821530e-02 3.3991385797778204e-02 0.0000000000000000e+00
5.4621491013976717e-02 3.3437500044564125e-02 0.0000000000000000e+00
5.1679539461110820e-02 3.7528876440676255e-02 0.0000000000000000e+00
2.2646689153123272e-02 1.6970640683852484e-02 0.0000000000000000e+00
2.2862630803826042e-02 1.6651739325755456e-02 0.0000000000000000e+00
2.3062919711776264e-02 1.6904878571150982e-02 0.0000000000000000e+00
2.2890524718735133e-02 1.7200452785516109e-02 0.0000000000000000e+00
2.2634647979783408e-02 1.6728472546059411e-02 0.0000000000000000e+00
2.2374254921035768e-02 1.7027894369204752e-02 0.0000000000000000e+00
2.2837975389956373e-02 1.6385352901553147e-02 0.0000000000000000e+00
2.4488710378952349e-02 1.7187563561311802e-02 0.0000000000000000e+00
3.2426166847726465e-02 2.2932272097252720e-02 0.0000000000000000e+00
2.9832986848462854e-02 2.0910404285731831e-02 0.0000000000000000e+00
2.6293667814259535e-02 1.8694658454943832e-02 0.0000000000000000e+00
2.8126512550652242e-02 1.9709191429399271e-02 0.0000000000000000e+00
3.1249862373712949e-02 2.1531020327521699e-02 0.0000000000000000e+00
1.9798989873223333e-02 1.9798989873223330e-02 0.0000000000000000e+00
3.9597979746446667e-02 3.9597979746446660e-02 0.0000000000000000e+00
4.6197643037521115e-02 4.6197643037521101e-02 0.0000000000000000e+00
2.1590960554782813e-02 1.7827799144084298e-02 0.0000000000000000e+00
2.2304978561044918e-02 1.8375684430192146e-02 0.0000000000000000e+00
2.1612105960840559e-02 1.9278653582924944e-02 0.0000000000000000e+00
2.6377054470542210e-02 2.4043602092626598e-02 0.0000000000000000e+00
2.8386188924607671e-02 2.6052736546692056e-02 0.0000000000000000e+00
4.0620964776688112e-02 3.8547856238850216e-02 0.0000000000000000e+00
4.1616110226734095e-02 3.7471313956096056e-02 0.0000000000000000e+00
4.2582734073601747e-02 3.6369090706490269e-02 0.0000000000000000e+00
4.3520173841590383e-02 3.5241941898790874e-02 0.0000000000000000e+00
4.6947332361606954e-02 4.5435585487294622e-02 0.0000000000000000e+00
4.7684452749591932e-02 4.4661363732160918e-02 0.0000000000000000e+00
4.8408806856524017e-02 4.3875185050005198e-02 0.0000000000000000e+00
4.9120200755293213e-02 4.3077259919871151e-02 0.0000000000000000e+00
4.9818443988550710e-02 4.2267801965610662e-02 0.0000000000000000e+00
5.0503349619698844e-02 4.1447027898691480e-02 0.0000000000000000e+00
5.1174734282938526e-02 4.0615157460178367e-02 0.0000000000000000e+00
4.1797867510138156e-02 4.1797867510138149e-02 0.0000000000000000e+00
4.3997755273829632e-02 4.3997755273829625e-02 0.0000000000000000e+00
2.1767430500130205e-02 1.7963209295716525e-02 0.0000000000000000e+00
2.1999574487419852e-02 1.8141339642260914e-02 0.0000000000000000e+00
2.1973847211038643e-02 1.8807223207263499e-02 0.0000000000000000e+00
2.2475579749444953e-02 2.0142127371529345e-02 0.0000000000000000e+00
2.3450948429719270e-02 2.1117496051803658e-02 0.0000000000000000e+00
2.4426317109993576e-02 2.2092864732077964e-02 0.0000000000000000e+00
2.5401685790267903e-02 2.3068233412352292e-02 0.0000000000000000e+00
2.7381621697574948e-02 2.5048169319659332e-02 0.0000000000000000e+00
2.9599035584383392e-02 2.6834737431701561e-02 0.0000000000000000e+00
3.1026510994506245e-02 2.7046483406348847e-02 0.0000000000000000e+00
3.2414135758821391e-02 2.6650226018097113e-02 0.0000000000000000e+00
1.9997591714876663e-02 1.9997591714876656e-02 0.0000000000000000e+00
2.0275084877025746e-02 2.0275084877025739e-02 0.0000000000000000e+00
2.0663327180156222e-02 2.0663327180156218e-02 0.0000000000000000e+00
2.1206490324598724e-02 2.1206490324598717e-02 0.0000000000000000e+00
2.1964326036086616e-02 2.1964326036086612e-02 0.0000000000000000e+00
2.2968982957199621e-02 2.2968982957199614e-02 0.0000000000000000e+00
2.4008295256527555e-02 2.4008295256527548e-02 0.0000000000000000e+00
2.5047607555855500e-02 2.5047607555855493e-02 0.0000000000000000e+00
2.6086919855183431e-02 2.6086919855183421e-02 0.0000000000000000e+00
2.7126232154511362e-02 2.7126232154511355e-02 0.0000000000000000e+00
2.8165544453839307e-02 2.8165544453839300e-02 0.0000000000000000e+00
2.9204856753167238e-02 2.9204856753167235e-02 0.0000000000000000e+00
3.0244169052495173e-02 3.0244169052495166e-02 0.0000000000000000e+00
3.1283481351823107e-02 3.1283481351823100e-02 0.0000000000000000e+00
3.2322793651151052e-02 3.2322793651151045e-02 0.0000000000000000e+00
3.3362105950478983e-02 3.3362105950478976e-02 0.0000000000000000e+00
3.4401418249806928e-02 3.4401418249806921e-02 0.0000000000000000e+00
3.5440730549134873e-02 3.5440730549134866e-02 0.0000000000000000e+00
3.6480042848462818e-02 3.6480042848462811e-02 0.0000000000000000e+00
3.7519355147790784e-02 3.7519355147790770e-02 0.0000000000000000e+00
3.8558667447118722e-02 3.8558667447118715e-02 0.0000000000000000e+00
1.9955400845377228e-02 1.9641333383971622e-02 0.0000000000000000e+00
2.0110556460914142e-02 1.9482441295494372e-02 0.0000000000000000e+00
2.0264446959287058e-02 1.9322323603393084e-02 0.0000000000000000e+00
2.0417062659535048e-02 1.9160990380369690e-02 0.0000000000000000e+00
2.0568393960892356e-02 1.8998451775592839e-02 0.0000000000000000e+00
2.0718431343392348e-02 1.8834718014059511e-02 0.0000000000000000e+00
2.0867165368466348e-02 1.8669799395951710e-02 0.0000000000000000e+00
2.1014586679537477e-02 1.8503706295988551e-02 0.0000000000000000e+00
2.1160686002609192e-02 1.8336449162773570e-02 0.0000000000000000e+00
2.1305454146848715e-02 1.8168038518137475e-02 0.0000000000000000e+00
2.1448882005165239e-02 1.7998484956476164e-02 0.0000000000000000e+00
2.2613517800259910e-02 1.7973588265130059e-02 0.0000000000000000e+00
2.2091549461092527e-02 1.7203588067845110e-02 0.0000000000000000e+00
2.1968077799412348e-02 1.7360978019655644e-02 0.0000000000000000e+00
2.1843484845342039e-02 1.7517481834193889e-02 0.0000000000000000e+00
2.1717776958342472e-02 1.7673091523208069e-02 0.0000000000000000e+00
2.0761041227704651e-02 1.9743993233089868e-02 0.0000000000000000e+00
3.9364412362118385e-02 3.4691379700699521e-02 0.0000000000000000e+00
3.6603993795987021e-02 3.2083228940455198e-02 0.0000000000000000e+00
3.3855134105849408e-02 2.9751140897124745e-02 0.0000000000000000e+00
2.1631280856826245e-02 1.8269456745631601e-02 0.0000000000000000e+00
3.8796605878897536e-02 3.2499847316267393e-02 0.0000000000000000e+00
3.7337635073347614e-02 3.4306791957407157e-02 0.0000000000000000e+00
4.1595772010596249e-02 3.4391924839102785e-02 0.0000000000000000e+00
2.1487495804584856e-02 1.8702939278111581e-02 0.0000000000000000e+00
3.1739791775483035e-02 2.8819390787023367e-02 0.0000000000000000e+00
2.1148464434558912e-02 1.9078785036135963e-02 0.0000000000000000e+00
3.9633518395711408e-02 3.6776261034136108e-02 0.0000000000000000e+00
2.0263511169292876e-02 1.9799494039090780e-02 0.0000000000000000e+00
3.5869588638620907e-02 3.0045473597687024e-02 0.0000000000000000e+00
3.4632063171476740e-02 3.1662249297406887e-02 0.0000000000000000e+00
3.3571266807655840e-02 2.7997780174179358e-02 0.0000000000000000e+00
2.1348227749763055e-02 2.0220218021263715e-02 0.0000000000000000e+00
4.0176809264176536e-02 3.3393686681947712e-02 0.0000000000000000e+00
3.7286915961657952e-02 3.0591725069949897e-02 0.0000000000000000e+00
3.8027630077050428e-02 3.5755672853100676e-02 0.0000000000000000e+00
2.0855135720787316e-02 1.9334673518944079e-02 0.0000000000000000e+00
3.5993566090813583e-02 3.3721518561533687e-02 0.0000000000000000e+00
4.1000610372863865e-02 3.6001056759940038e-02 0.0000000000000000e+00
3.5139557979212213e-02 2.8812681514283810e-02 0.0000000000000000e+00
3.2748727852989268e-02 3.0784525060218566e-02 0.0000000000000000e+00
3.0537425415599229e-02 2.8475151536934435e-02 0.0000000000000000e+00
3.8803944666418351e-02 3.1244842384744068e-02 0.0000000000000000e+00
2.1131650291150134e-02 1.8753427801246607e-02 0.0000000000000000e+00
3.7507926336743519e-02 3.3046854886275047e-02 0.0000000000000000e+00
3.4635741858844743e-02 3.2996852288178863e-02 0.0000000000000000e+00
2.0822208653628129e-02 1.9073913098553909e-02 0.0000000000000000e+00
2.0544721629369728e-02 1.9386475496746967e-02 0.0000000000000000e+00
3.9798731461462906e-02 3.1891566663353237e-02 0.0000000000000000e+00
3.8547934696721631e-02 3.3838785587913305e-02 0.0000000000000000e+00
2.0705114897986442e-02 2.0183825531546764e-02 0.0000000000000000e+00
2.2233619181621464e-02 2.1104637333075358e-02 0.0000000000000000e+00
4.2783128719250572e-02 3.4307190398882512e-02 0.0000000000000000e+00
2.9210458945482146e-02 2.7963516387696390e-02 0.0000000000000000e+00
3.1486457934342342e-02 2.9998288114735542e-02 0.0000000000000000e+00
2.1910085517053288e-02 1.8463600878997736e-02 0.0000000000000000e+00
3.1981822471712898e-02 2.7764079266248440e-02 0.0000000000000000e+00
3.6650364590870503e-02 3.5181908009650056e-02 0.0000000000000000e+00
3.9586628828120037e-02 3.7945269963464014e-02 0.0000000000000000e+00
2.1376417514496409e-02 1.8404296398210642e-02 0.0000000000000000e+00
3.6647051782932760e-02 2.9353989042781612e-02 0.0000000000000000e+00
3.3579121905567541e-02 2.6858814987518784e-02 0.0000000000000000e+00
2.1144995018730899e-02 1.9531264678471712e-02 0.0000000000000000e+00
3.5774859727662256e-02 3.1180278365407238e-02 0.0000000000000000e+00
3.7767822484693715e-02 3.1830956954073571e-02 0.0000000000000000e+00
3.3587899350399325e-02 3.1997882840847820e-02 0.0000000000000000e+00
3.4624301137784030e-02 2.7659800336850449e-02 0.0000000000000000e+00
4.1500841679159940e-02 3.3265989974146579e-02 0.0000000000000000e+00
2.3109249412019767e-02 2.2022860185894274e-02 0.0000000000000000e+00
3.4810425879790982e-02 3.0399153780318822e-02 0.0000000000000000e+00
2.8422287846343677e-02 2.7087667693887148e-02 0.0000000000000000e+00
3.8717732077361976e-02 3.7132932396452011e-02 0.0000000000000000e+00
4.2257045664889081e-02 3.5296749016954343e-02 0.0000000000000000e+00
3.2861332899741705e-02 2.9058051548686112e-02 0.0000000000000000e+00
4.0515794413544706e-02 3.7341859001639076e-02 0.0000000000000000e+00
1.9977202698169071e-02 1.9819378889930898e-02 0.0000000000000000e+00
3.9284576338071468e-02 3.5758271792204643e-02 0.0000000000000000e+00
4.0493746749336000e-02 3.4875684457924792e-02 0.0000000000000000e+00
2.7336953692549813e-02 2.6097404551717204e-02 0.0000000000000000e+00
2.0937584018239173e-02 1.8882128669189535e-02 0.0000000000000000e+00
2.0353488151826971e-02 1.9544070970541776e-02 0.0000000000000000e+00
2.6287923225507742e-02 2.5071563158554896e-02 0.0000000000000000e+00
3.5468591786323181e-02 3.2291780617830598e-02 0.0000000000000000e+00
2.1609638479226128e-02 1.8014737535477148e-02 0.0000000000000000e+00
2.5385211536016288e-02 2.4142833515985000e-02 0.0000000000000000e+00
2.0641504524842518e-02 1.9190900854041501e-02 0.0000000000000000e+00
2.1235975232767376e-02 1.8549651943916043e-02 0.0000000000000000e+00
2.3980270098054691e-02 2.2937924733852092e-02 0.0000000000000000e+00
3.3898025370773723e-02 3.0901784781603148e-02 0.0000000000000000e+00
4.6548565771329618e-02 4.1336208717572070e-02 0.0000000000000000e+00
4.2744690058543248e-02 3.9412787685819427e-02 0.0000000000000000e+00
4.5154879441434863e-02 3.7187674631364631e-02 0.0000000000000000e+00
4.6435227005899748e-02 4.4106047008666792e-02 0.0000000000000000e+00
4.9625760040323319e-02 4.0205413892065653e-02 0.0000000000000000e+00
2.2253774586550073e-02 1.7482696916369583e-02 0.0000000000000000e+00
2.2001629340558247e-02 1.7773818278739448e-02 0.0000000000000000e+00
2.2297981659233416e-02 1.7901765249876560e-02 0.0000000000000000e+00
2.2538865318994433e-02 1.7658744237856301e-02 0.0000000000000000e+00
2.2016741642965680e-02 1.7533743762239640e-02 0.0000000000000000e+00
2.2238566232079933e-02 1.7204727311459559e-02 0.0000000000000000e+00
2.1737938522974086e-02 1.7818948857665207e-02 0.0000000000000000e+00
2.2940056170928629e-02 1.9205809018965625e-02 0.0000000000000000e+00
3.0543383414088163e-02 2.5385963239535243e-02 0.0000000000000000e+00
2.7919244706409215e-02 2.3404441602331613e-02 0.0000000000000000e+00
2.4862955411213080e-02 2.0559199159832585e-02 0.0000000000000000e+00
2.6317294137355795e-02 2.2067010770618702e-02 0.0000000000000000e+00
2.8885428139857713e-02 2.4612411013496212e-02 0.0000000000000000e+00
3.4090640024488354e-02 4.4427787056309169e-02 0.0000000000000000e+00
3.9772413361903083e-02 5.1832418232360705e-02 0.0000000000000000e+00
1.7827799144084298e-02 2.1590960554782809e-02 0.0000000000000000e+00
1.8375684430192146e-02 2.2304978561044918e-02 0.0000000000000000e+00
1.9278653582924948e-02 2.1612105960840556e-02 0.0000000000000000e+00
2.4043602092626602e-02 2.6377054470542210e-02 0.0000000000000000e+00
2.6052736546692063e-02 2.8386188924607671e-02 0.0000000000000000e+00
2.5716607002817343e-02 3.3514534749457398e-02 0.0000000000000000e+00
1.7582331089900916e-02 2.2913739990053642e-02 0.0000000000000000e+00
1.7045320012244177e-02 2.2213893528154584e-02 0.0000000000000000e+00
2.1649469046359133e-02 2.8214137369755522e-02 0.0000000000000000e+00
3.8547856238850223e-02 4.0620964776688112e-02 0.0000000000000000e+00
3.7471313956096056e-02 4.1616110226734088e-02 0.0000000000000000e+00
3.6369090706490276e-02 4.2582734073601747e-02 0.0000000000000000e+00
3.5241941898790881e-02 4.3520173841590383e-02 0.0000000000000000e+00
4.5435585487294636e-02 4.6947332361606947e-02 0.0000000000000000e+00
4.4661363732160932e-02 4.7684452749591939e-02 0.0000000000000000e+00
4.3875185050005205e-02 4.8408806856524017e-02 0.0000000000000000e+00
4.3077259919871165e-02 4.9120200755293213e-02 0.0000000000000000e+00
4.2267801965610682e-02 4.9818443988550717e-02 0.0000000000000000e+00
4.1447027898691487e-02 5.0503349619698844e-02 0.0000000000000000e+00
4.0615157460178374e-02 5.1174734282938526e-02 0.0000000000000000e+00
3.7878488916098164e-02 4.9364207840343517e-02 0.0000000000000000e+00
3.5984564470293259e-02 4.6895997448326343e-02 0.0000000000000000e+00
1.7963209295716528e-02 2.1767430500130205e-02 0.0000000000000000e+00
1.8141339642260917e-02 2.1999574487419848e-02 0.0000000000000000e+00
1.8807223207263503e-02 2.1973847211038643e-02 0.0000000000000000e+00
2.0142127371529345e-02 2.2475579749444953e-02 0.0000000000000000e+00
2.1117496051803662e-02 2.3450948429719270e-02 0.0000000000000000e+00
2.2092864732077968e-02 2.4426317109993576e-02 0.0000000000000000e+00
2.3068233412352292e-02 2.5401685790267900e-02 0.0000000000000000e+00
2.5048169319659336e-02 2.7381621697574944e-02 0.0000000000000000e+00
2.6834737431701564e-02 2.9599035584383381e-02 0.0000000000000000e+00
2.7046483406348850e-02 3.1026510994506245e-02 0.0000000000000000e+00
2.6650226018097117e-02 3.2414135758821384e-02 0.0000000000000000e+00
2.6554010304984443e-02 3.4605859980142574e-02 0.0000000000000000e+00
2.7391413607151551e-02 3.5697185210827757e-02 0.0000000000000000e+00
2.8228816909318645e-02 3.6788510441512927e-02 0.0000000000000000e+00
2.9066220211485756e-02 3.7879835672198110e-02 0.0000000000000000e+00
2.9903623513652843e-02 3.8971160902883273e-02 0.0000000000000000e+00
3.0741026815819961e-02 4.0062486133568470e-02 0.0000000000000000e+00
3.1578430117987062e-02 4.1153811364253647e-02 0.0000000000000000e+00
3.2415833420154160e-02 4.2245136594938816e-02 0.0000000000000000e+00
3.3253236722321257e-02 4.3336461825623999e-02 0.0000000000000000e+00
1.9641333383971622e-02 1.9955400845377225e-02 0.0000000000000000e+00
1.9482441295494372e-02 2.0110556460914138e-02 0.0000000000000000e+00
1.9322323603393088e-02 2.0264446959287058e-02 0.0000000000000000e+00
1.9160990380369693e-02 2.0417062659535048e-02 0.0000000000000000e+00
1.8998451775592846e-02 2.0568393960892356e-02 0.0000000000000000e+00
1.8834718014059511e-02 2.0718431343392345e-02 0.0000000000000000e+00
1.8669799395951713e-02 2.0867165368466351e-02 0.0000000000000000e+00
1.8503706295988555e-02 2.1014586679537477e-02 0.0000000000000000e+00
1.8336449162773574e-02 2.1160686002609192e-02 0.0000000000000000e+00
1.8168038518137482e-02 2.1305454146848715e-02 0.0000000000000000e+00
1.7998484956476164e-02 2.1448882005165239e-02 0.0000000000000000e+00
1.7973588265130062e-02 2.2613517800259907e-02 0.0000000000000000e+00
1.7353339668004394e-02 2.2615312558875115e-02 0.0000000000000000e+00
1.7178626953859820e-02 2.2387622516843945e-02 0.0000000000000000e+00
1.7203588067845117e-02 2.2091549461092527e-02 0.0000000000000000e+00
1.7360978019655644e-02 2.1968077799412344e-02 0.0000000000000000e+00
1.7517481834193892e-02 2.1843484845342039e-02 0.0000000000000000e+00
1.7673091523208076e-02 2.1717776958342469e-02 0.0000000000000000e+00
2.4630415035844445e-02 3.2098981818322013e-02 0.0000000000000000e+00
2.3170744359262793e-02 3.0196701956608521e-02 0.0000000000000000e+00
2.0212289129461956e-02 2.6341168036717308e-02 0.0000000000000000e+00
1.9041568485314485e-02 2.4815455188755324e-02 0.0000000000000000e+00
1.8194836136997430e-02 2.3711972108423119e-02 0.0000000000000000e+00
1.9743993233089872e-02 2.0761041227704651e-02 0.0000000000000000e+00
3.4691379700699528e-02 3.9364412362118385e-02 0.0000000000000000e+00
3.2083228940455205e-02 3.6603993795987014e-02 0.0000000000000000e+00
2.9751140897124748e-02 3.3855134105849408e-02 0.0000000000000000e+00
1.8269456745631601e-02 2.1631280856826245e-02 0.0000000000000000e+00
3.2499847316267400e-02 3.8796605878897536e-02 0.0000000000000000e+00
3.4306791957407164e-02 3.7337635073347621e-02 0.0000000000000000e+00
3.4391924839102792e-02 4.1595772010596249e-02 0.0000000000000000e+00
1.8702939278111584e-02 2.1487495804584852e-02 0.0000000000000000e+00
2.8819390787023370e-02 3.1739791775483035e-02 0.0000000000000000e+00
1.9078785036135967e-02 2.1148464434558912e-02 0.0000000000000000e+00
3.6776261034136115e-02 3.9633518395711401e-02 0.0000000000000000e+00
1.9799494039090784e-02 2.0263511169292880e-02 0.0000000000000000e+00
3.0045473597687028e-02 3.5869588638620900e-02 0.0000000000000000e+00
3.1662249297406894e-02 3.4632063171476740e-02 0.0000000000000000e+00
2.7997780174179362e-02 3.3571266807655840e-02 0.0000000000000000e+00
2.0220218021263718e-02 2.1348227749763055e-02 0.0000000000000000e+00
3.3393686681947712e-02 4.0176809264176536e-02 0.0000000000000000e+00
3.0591725069949907e-02 3.7286915961657952e-02 0.0000000000000000e+00
3.5755672853100683e-02 3.8027630077050421e-02 0.0000000000000000e+00
1.9334673518944082e-02 2.0855135720787312e-02 0.0000000000000000e+00
3.3721518561533687e-02 3.5993566090813583e-02 0.0000000000000000e+00
3.6001056759940045e-02 4.1000610372863858e-02 0.0000000000000000e+00
2.8812681514283813e-02 3.5139557979212206e-02 0.0000000000000000e+00
3.0784525060218573e-02 3.2748727852989268e-02 0.0000000000000000e+00
2.8475151536934442e-02 3.0537425415599225e-02 0.0000000000000000e+00
3.1244842384744072e-02 3.8803944666418351e-02 0.0000000000000000e+00
1.8753427801246610e-02 2.1131650291150130e-02 0.0000000000000000e+00
3.3046854886275054e-02 3.7507926336743519e-02 0.0000000000000000e+00
3.2996852288178870e-02 3.4635741858844736e-02 0.0000000000000000e+00
1.9073913098553913e-02 2.0822208653628126e-02 0.0000000000000000e+00
1.9386475496746970e-02 2.0544721629369725e-02 0.0000000000000000e+00
3.1891566663353244e-02 3.9798731461462913e-02 0.0000000000000000e+00
3.3838785587913311e-02 3.8547934696721631e-02 0.0000000000000000e+00
2.0183825531546767e-02 2.0705114897986439e-02 0.0000000000000000e+00
2.1104637333075358e-02 2.2233619181621461e-02 0.0000000000000000e+00
3.4307190398882519e-02 4.2783128719250572e-02 0.0000000000000000e+00
2.7963516387696393e-02 2.9210458945482135e-02 0.0000000000000000e+00
2.9998288114735549e-02 3.1486457934342342e-02 0.0000000000000000e+00
1.8463600878997739e-02 2.1910085517053285e-02 0.0000000000000000e+00
2.7764079266248447e-02 3.1981822471712898e-02 0.0000000000000000e+00
3.5181908009650063e-02 3.6650364590870503e-02 0.0000000000000000e+00
3.7945269963464014e-02 3.9586628828120037e-02 0.0000000000000000e+00
1.8404296398210646e-02 2.1376417514496406e-02 0.0000000000000000e+00
2.9353989042781616e-02 3.6647051782932753e-02 0.0000000000000000e+00
2.6858814987518791e-02 3.3579121905567541e-02 0.0000000000000000e+00
1.9531264678471716e-02 2.1144995018730899e-02 0.0000000000000000e+00
3.1180278365407245e-02 3.5774859727662249e-02 0.0000000000000000e+00
3.1830956954073578e-02 3.7767822484693708e-02 0.0000000000000000e+00
3.1997882840847820e-02 3.3587899350399318e-02 0.0000000000000000e+00
2.7659800336850456e-02 3.4624301137784023e-02 0.0000000000000000e+00
3.3265989974146586e-02 4.1500841679159940e-02 0.0000000000000000e+00
2.2022860185894274e-02 2.3109249412019767e-02 0.0000000000000000e+00
3.0399153780318825e-02 3.4810425879790982e-02 0.0000000000000000e+00
2.7087667693887152e-02 2.8422287846343680e-02 0.0000000000000000e+00
3.7132932396452024e-02 3.8717732077361976e-02 0.0000000000000000e+00
3.5296749016954343e-02 4.2257045664889081e-02 0.0000000000000000e+00
2.9058051548686119e-02 3.2861332899741705e-02 0.0000000000000000e+00
3.7341859001639083e-02 4.0515794413544706e-02 0.0000000000000000e+00
1.9819378889930902e-02 1.9977202698169067e-02 0.0000000000000000e+00
3.5758271792204643e-02 3.9284576338071461e-02 0.0000000000000000e+00
3.4875684457924799e-02 4.0493746749335993e-02 0.0000000000000000e+00
2.6097404551717208e-02 2.7336953692549810e-02 0.0000000000000000e+00
1.8882128669189542e-02 2.0937584018239169e-02 0.0000000000000000e+00
1.9544070970541783e-02 2.0353488151826971e-02 0.0000000000000000e+00
2.5071563158554903e-02 2.6287923225507735e-02 0.0000000000000000e+00
3.2291780617830605e-02 3.5468591786323174e-02 0.0000000000000000e+00
1.8014737535477152e-02 2.1609638479226125e-02 0.0000000000000000e+00
2.4142833515985007e-02 2.5385211536016285e-02 0.0000000000000000e+00
1.9190900854041505e-02 2.0641504524842518e-02 0.0000000000000000e+00
1.8549651943916046e-02 2.1235975232767376e-02 0.0000000000000000e+00
2.2937924733852096e-02 2.3980270098054687e-02 0.0000000000000000e+00
3.0901784781603155e-02 3.3898025370773723e-02 0.0000000000000000e+00
4.1336208717572077e-02 4.6548565771329618e-02 0.0000000000000000e+00
3.9412787685819441e-02 4.2744690058543248e-02 0.0000000000000000e+00
3.7187674631364631e-02 4.5154879441434870e-02 0.0000000000000000e+00
4.4106047008666792e-02 4.6435227005899742e-02 0.0000000000000000e+00
4.0205413892065660e-02 4.9625760040323312e-02 0.0000000000000000e+00
1.7482696916369587e-02 2.2253774586550073e-02 0.0000000000000000e+00
1.7773818278739455e-02 2.2001629340558247e-02 0.0000000000000000e+00
1.7901765249876564e-02 2.2297981659233419e-02 0.0000000000000000e+00
1.7658744237856305e-02 2.2538865318994430e-02 0.0000000000000000e+00
1.7533743762239647e-02 2.2016741642965677e-02 0.0000000000000000e+00
1.7204727311459559e-02 2.2238566232079929e-02 0.0000000000000000e+00
1.7818948857665211e-02 2.1737938522974086e-02 0.0000000000000000e+00
1.9205809018965628e-02 2.2940056170928622e-02 0.0000000000000000e+00
2.5385963239535250e-02 3.0543383414088160e-02 0.0000000000000000e+00
2.3404441602331617e-02 2.7919244706409215e-02 0.0000000000000000e+00
2.0559199159832588e-02 2.4862955411213080e-02 0.0000000000000000e+00
2.2067010770618709e-02 2.6317294137355795e-02 0.0000000000000000e+00
2.4612411013496215e-02 2.8885428139857703e-02 0.0000000000000000e+00
1.4000000000000002e-02 2.4248711305964284e-02 0.0000000000000000e+00
2.8000000000000004e-02 4.8497422611928569e-02 0.0000000000000000e+00
3.2666666666666670e-02 5.6580326380583336e-02 0.0000000000000000e+00
1.6241092463501833e-02 2.2808483412800250e-02 0.0000000000000000e+00
1.6788977749609676e-02 2.3522501419062362e-02 0.0000000000000000e+00
1.5886008596876885e-02 2.4215374019266735e-02 0.0000000000000000e+00
1.9255336000091657e-02 3.0051220268968833e-02 0.0000000000000000e+00
2.0676008596876877e-02 3.2511897387521645e-02 0.0000000000000000e+00
2.9259919624093141e-02 4.7747849203829164e-02 0.0000000000000000e+00
3.0499785960841529e-02 4.6965551804943745e-02 0.0000000000000000e+00
3.1718749267790655e-02 4.6151066562832868e-02 0.0000000000000000e+00
3.2915974128378517e-02 4.5304951684997041e-02 0.0000000000000000e+00
3.3588045953957160e-02 5.6038269186684447e-02 0.0000000000000000e+00
3.4500432909157386e-02 5.5481209193069828e-02 0.0000000000000000e+00
3.5403583264217137e-02 5.4909295538169964e-02 0.0000000000000000e+00
3.6297255223947375e-02 5.4322681337099624e-02 0.0000000000000000e+00
3.7181209530754711e-02 5.3721523640665306e-02 0.0000000000000000e+00
3.8055209528696433e-02 5.3105983393318852e-02 0.0000000000000000e+00
3.8919021226839018e-02 5.2476225390068798e-02 0.0000000000000000e+00
2.9555555555555568e-02 5.1191723868146834e-02 0.0000000000000000e+00
3.1111111111111117e-02 5.3886025124365078e-02 0.0000000000000000e+00
1.6376502615134056e-02 2.2984953358147646e-02 0.0000000000000000e+00
1.6554632961678448e-02 2.3217097345437292e-02 0.0000000000000000e+00
1.6357438972538333e-02 2.3853632769068652e-02 0.0000000000000000e+00
1.6496576768175897e-02 2.5272909113441037e-02 0.0000000000000000e+00
1.7186266576154834e-02 2.6467486902322989e-02 0.0000000000000000e+00
1.7875956384133772e-02 2.7662064691204927e-02 0.0000000000000000e+00
1.8565646192112723e-02 2.8856642480086892e-02 0.0000000000000000e+00
1.9965672298484276e-02 3.1281558828245244e-02 0.0000000000000000e+00
2.1645131786555187e-02 3.3581160052872164e-02 0.0000000000000000e+00
2.2969163260622927e-02 3.4155148780952056e-02 0.0000000000000000e+00
2.4412064816515332e-02 3.4131537252242508e-02 0.0000000000000000e+00
1.4140432708989207e-02 2.4491947892978122e-02 0.0000000000000000e+00
1.4336650005677722e-02 2.4831806220166446e-02 0.0000000000000000e+00
1.4611178770964767e-02 2.5307303989782759e-02 0.0000000000000000e+00
1.4995253113690666e-02 2.5972540265267640e-02 0.0000000000000000e+00
1.5531123884309087e-02 2.6900695666269833e-02 0.0000000000000000e+00
1.6241523605994089e-02 2.8131144077911049e-02 0.0000000000000000e+00
1.6976428380619454e-02 2.9404036486287137e-02 0.0000000000000000e+00
1.7711333155244830e-02 3.0676928894663235e-02 0.0000000000000000e+00
1.8446237929870192e-02 3.1949821303039319e-02 0.0000000000000000e+00
1.9181142704495557e-02 3.3222713711415407e-02 0.0000000000000000e+00
1.9916047479120926e-02 3.4495606119791501e-02 0.0000000000000000e+00
2.0650952253746292e-02 3.5768498528167589e-02 0.0000000000000000e+00
2.1385857028371657e-02 3.7041390936543676e-02 0.0000000000000000e+00
2.2120761802997022e-02 3.8314283344919764e-02 0.0000000000000000e+00
2.2855666577622395e-02 3.9587175753295865e-02 0.0000000000000000e+00
2.3590571352247756e-02 4.0860068161671946e-02 0.0000000000000000e+00
2.4325476126873132e-02 4.2132960570048054e-02 0.0000000000000000e+00
2.5060380901498501e-02 4.3405852978424149e-02 0.0000000000000000e+00
2.5795285676123880e-02 4.4678745386800250e-02 0.0000000000000000e+00
2.6530190450749259e-02 4.5951637795176366e-02 0.0000000000000000e+00
2.7265095225374635e-02 4.7224530203552474e-02 0.0000000000000000e+00
1.4191885899520772e-02 2.4136908969770422e-02 0.0000000000000000e+00
1.4382879014275683e-02 2.4023588226172798e-02 0.0000000000000000e+00
1.4572967329248251e-02 2.3908756203965594e-02 0.0000000000000000e+00
1.4762138886341203e-02 2.3792420127014678e-02 0.0000000000000000e+00
1.4950381785128804e-02 2.3674587313803151e-02 0.0000000000000000e+00
1.5137684183605450e-02 2.3555265176970975e-02 0.0000000000000000e+00
1.5324034298930648e-02 2.3434461222848656e-02 0.0000000000000000e+00
1.5509420408170225e-02 2.3312183050985019e-02 0.0000000000000000e+00
1.5693830849033832e-02 2.3188438353669145e-02 0.0000000000000000e+00
1.5877254020608543e-02 2.3063234915446491e-02 0.0000000000000000e+00
1.6059678384088713e-02 2.2936580612629112e-02 0.0000000000000000e+00
1.7191073914671770e-02 2.3213962179847385e-02 0.0000000000000000e+00
1.6886181931154827e-02 2.2335103755925123e-02 0.0000000000000000e+00
1.6726181947286780e-02 2.2455173957604022e-02 0.0000000000000000e+00
1.6565328227342933e-02 2.2574098004580288e-02 0.0000000000000000e+00
1.6403628981602473e-02 2.2691869826744811e-02 0.0000000000000000e+00
1.4943504427393076e-02 2.4444585843806689e-02 0.0000000000000000e+00
2.9044312769838786e-02 4.3697559221091344e-02 0.0000000000000000e+00
2.7052992274694515e-02 4.0463830145546498e-02 0.0000000000000000e+00
2.5001386507615426e-02 3.7499748835191443e-02 0.0000000000000000e+00
1.6165729485874619e-02 2.3245527558584802e-02 0.0000000000000000e+00
2.9063064142411377e-02 4.1433742360029245e-02 0.0000000000000000e+00
2.7186134874956035e-02 4.2801507424855889e-02 0.0000000000000000e+00
3.1277145303372632e-02 4.3985826409966573e-02 0.0000000000000000e+00
1.5914650255355246e-02 2.3627025222031278e-02 0.0000000000000000e+00
2.3199277393042651e-02 3.6052256458186473e-02 0.0000000000000000e+00
1.5489895058927318e-02 2.3902316570958301e-02 0.0000000000000000e+00
2.8764642241824376e-02 4.5781049712451609e-02 0.0000000000000000e+00
1.4448562629006460e-02 2.4369425251074894e-02 0.0000000000000000e+00
2.6871021258202520e-02 3.8305431590760324e-02 0.0000000000000000e+00
2.5257211106051072e-02 3.9546821834740009e-02 0.0000000000000000e+00
2.5180994901084351e-02 3.5732662167043329e-02 0.0000000000000000e+00
1.5387427008968836e-02 2.5056558720759074e-02 0.0000000000000000e+00
3.0164895586683543e-02 4.2654347810118884e-02 0.0000000000000000e+00
2.8098674039392226e-02 3.9199901299813621e-02 0.0000000000000000e+00
2.7477620899152320e-02 4.4379602749206978e-02 0.0000000000000000e+00
1.5140332465930049e-02 2.4073566807553074e-02 0.0000000000000000e+00
2.6039343833856223e-02 4.1888306085730423e-02 0.0000000000000000e+00
3.0285789319475342e-02 4.5386089323449869e-02 0.0000000000000000e+00
2.6484935860133188e-02 3.6925700040792722e-02 0.0000000000000000e+00
2.3665220631294094e-02 3.8211562276941162e-02 0.0000000000000000e+00
2.2126976347364529e-02 3.5408551562974670e-02 0.0000000000000000e+00
2.9394972044787207e-02 4.0223400102529075e-02 0.0000000000000000e+00
1.5557862492413107e-02 2.3583693794467397e-02 0.0000000000000000e+00
2.7676719313901199e-02 4.1628576290531807e-02 0.0000000000000000e+00
2.4915343773524095e-02 4.0836901445721108e-02 0.0000000000000000e+00
1.5176017124382948e-02 2.3813169430944046e-02 0.0000000000000000e+00
1.4827088139756379e-02 2.4043262597038668e-02 0.0000000000000000e+00
3.0188477741537829e-02 4.1105557554099871e-02 0.0000000000000000e+00
2.8476323500375222e-02 4.2662696578503599e-02 0.0000000000000000e+00
1.4775646765656838e-02 2.4854956420868532e-02 0.0000000000000000e+00
1.6013744897622615e-02 2.6139998340242294e-02 0.0000000000000000e+00
3.2445974700184538e-02 4.4211289755311647e-02 0.0000000000000000e+00
2.0977646084025473e-02 3.4570905764009618e-02 0.0000000000000000e+00
2.2649454612579462e-02 3.7125416210710638e-02 0.0000000000000000e+00
1.6384785908467585e-02 2.3505216346955758e-02 0.0000000000000000e+00
2.3706195813378454e-02 3.5095545959173288e-02 0.0000000000000000e+00
2.6295785865289845e-02 4.3468925930715573e-02 0.0000000000000000e+00
2.8416788622699377e-02 4.6898089715342692e-02 0.0000000000000000e+00
1.5884651331221415e-02 2.3309809174525301e-02 0.0000000000000000e+00
2.7800962360485001e-02 3.7838731069310377e-02 0.0000000000000000e+00
2.5483368225041794e-02 3.4634539326944429e-02 0.0000000000000000e+00
1.5369433511619235e-02 2.4338480392468775e-02 0.0000000000000000e+00
2.6485811070252184e-02 3.9377051177419319e-02 0.0000000000000000e+00
2.8242457257113864e-02 4.0521375148525225e-02 0.0000000000000000e+00
2.4161757951177958e-02 3.9600769459416665e-02 0.0000000000000000e+00
2.6285623575285546e-02 3.5678744053186308e-02 0.0000000000000000e+00
3.1476863031135720e-02 4.2873687067452475e-02 0.0000000000000000e+00
1.6621885189485881e-02 2.7253563288163501e-02 0.0000000000000000e+00
2.5756409428064675e-02 3.8372928919562496e-02 0.0000000000000000e+00
2.0443017586418987e-02 3.3520907199481302e-02 0.0000000000000000e+00
2.7787747244158466e-02 4.5888544852377096e-02 0.0000000000000000e+00
3.1681700874601419e-02 4.5030969667359692e-02 0.0000000000000000e+00
2.4220832979772386e-02 3.6573061254422175e-02 0.0000000000000000e+00
2.9470467907503996e-02 4.6555725233011803e-02 0.0000000000000000e+00
1.4166863304356186e-02 2.4314530456952241e-02 0.0000000000000000e+00
2.8691065099992853e-02 4.4707434762631094e-02 0.0000000000000000e+00
3.0087464439695729e-02 4.4167877193704276e-02 0.0000000000000000e+00
1.9650964257972546e-02 3.2283481306335106e-02 0.0000000000000000e+00
1.5337098631651893e-02 2.3657781239237872e-02 0.0000000000000000e+00
1.4601582074906709e-02 2.4145993269234087e-02 0.0000000000000000e+00
1.8903185927097433e-02 3.1021085547239997e-02 0.0000000000000000e+00
2.5902301004346873e-02 4.0371411932890622e-02 0.0000000000000000e+00
1.6210750737149806e-02 2.2993886235540457e-02 0.0000000000000000e+00
1.8271606311772947e-02 2.9890362622364459e-02 0.0000000000000000e+00
1.4971191680307878e-02 2.3879401255270726e-02 0.0000000000000000e+00
1.5711373720656546e-02 2.3413862712867359e-02 0.0000000000000000e+00
1.7226390432849421e-02 2.8362884509981593e-02 0.0000000000000000e+00
2.4745007736694274e-02 3.8622286556301663e-02 0.0000000000000000e+00
3.4263863786802101e-02 5.1975366905005607e-02 0.0000000000000000e+00
3.1087419990596332e-02 4.9132969375936128e-02 0.0000000000000000e+00
3.3991385797778204e-02 4.7607478124821523e-02 0.0000000000000000e+00
3.3437500044564139e-02 5.4621491013976717e-02 0.0000000000000000e+00
3.7528876440676269e-02 5.1679539461110820e-02 0.0000000000000000e+00
1.6970640683852487e-02 2.2646689153123272e-02 0.0000000000000000e+00
1.6651739325755460e-02 2.2862630803826039e-02 0.0000000000000000e+00
1.6904878571150986e-02 2.3062919711776264e-02 0.0000000000000000e+00
1.7200452785516112e-02 2.2890524718735133e-02 0.0000000000000000e+00
1.6728472546059418e-02 2.2634647979783405e-02 0.0000000000000000e+00
1.7027894369204759e-02 2.2374254921035772e-02 0.0000000000000000e+00
1.6385352901553150e-02 2.2837975389956369e-02 0.0000000000000000e+00
1.7187563561311809e-02 2.4488710378952349e-02 0.0000000000000000e+00
2.2932272097252727e-02 3.2426166847726465e-02 0.0000000000000000e+00
2.0910404285731838e-02 2.9832986848462851e-02 0.0000000000000000e+00
1.8694658454943839e-02 2.6293667814259531e-02 0.0000000000000000e+00
1.9709191429399274e-02 2.8126512550652238e-02 0.0000000000000000e+00
2.1531020327521706e-02 3.1249862373712949e-02 0.0000000000000000e+00
2.1430272212445034e-02 5.1737253820632059e-02 0.0000000000000000e+00
2.5001984247852542e-02 6.0360129457404064e-02 0.0000000000000000e+00
1.1632179825530095e-02 2.5469440365004700e-02 0.0000000000000000e+00
1.1976594914658675e-02 2.6300931944264853e-02 0.0000000000000000e+00
1.3028124764388241e-02 2.5865374019266731e-02 0.0000000000000000e+00
1.6397452167603015e-02 3.1701220268968829e-02 0.0000000000000000e+00
1.7818124764388234e-02 3.4161897387521643e-02 0.0000000000000000e+00
1.6166134987637769e-02 3.9028502338309304e-02 0.0000000000000000e+00
1.1052715382147391e-02 2.6683615376629947e-02 0.0000000000000000e+00
1.0715136106222517e-02 2.5868626910316026e-02 0.0000000000000000e+00
1.3609425184892585e-02 3.2856058857469631e-02 0.0000000000000000e+00
2.6720890574538077e-02 4.9213758309070058e-02 0.0000000000000000e+00
2.5423467985414623e-02 4.9896365354548611e-02 0.0000000000000000e+00
2.4108621421264520e-02 5.0544775923592203e-02 0.0000000000000000e+00
2.2777252012244793e-02 5.1158545627985656e-02 0.0000000000000000e+00
3.1736541722800896e-02 5.7107235652948243e-02 0.0000000000000000e+00
3.0797920139298520e-02 5.7618855937425863e-02 0.0000000000000000e+00
2.9851053207854156e-02 5.8115050260894606e-02 0.0000000000000000e+00
2.8896194427641412e-02 5.8595685780135652e-02 0.0000000000000000e+00
2.7933599437445090e-02 5.9060633817398317e-02 0.0000000000000000e+00
2.6963525947220440e-02 5.9509769894850170e-02 0.0000000000000000e+00
2.5986233669098038e-02 5.9942973767902787e-02 0.0000000000000000e+00
2.3811413569383367e-02 5.7485837578480053e-02 0.0000000000000000e+00
2.2620842890914199e-02 5.4611545699556056e-02 0.0000000000000000e+00
1.1717302205389277e-02 2.5674943968922209e-02 0.0000000000000000e+00
1.1829279622445727e-02 2.5945281367859396e-02 0.0000000000000000e+00
1.2479132464289232e-02 2.6092774075606142e-02 0.0000000000000000e+00
1.3638692935687251e-02 2.6922909113441036e-02 0.0000000000000000e+00
1.4328382743666192e-02 2.8117486902322984e-02 0.0000000000000000e+00
1.5018072551645129e-02 2.9312064691204925e-02 0.0000000000000000e+00
1.5707762359624077e-02 3.0506642480086887e-02 0.0000000000000000e+00
1.7107788465995626e-02 3.2931558828245236e-02 0.0000000000000000e+00
1.8259571801060887e-02 3.5535814021854920e-02 0.0000000000000000e+00
1.8094644884030123e-02 3.6969453277847689e-02 0.0000000000000000e+00
1.7352745922399264e-02 3.8207236916055827e-02 0.0000000000000000e+00
1.6692548710118497e-02 4.0299377486541582e-02 0.0000000000000000e+00
1.7218962432599228e-02 4.1570252634773860e-02 0.0000000000000000e+00
1.7745376155079949e-02 4.2841127783006125e-02 0.0000000000000000e+00
1.8271789877560680e-02 4.4112002931238403e-02 0.0000000000000000e+00
1.8798203600041401e-02 4.5382878079470675e-02 0.0000000000000000e+00
1.9324617322522136e-02 4.6653753227702960e-02 0.0000000000000000e+00
1.9851031045002861e-02 4.7924628375935238e-02 0.0000000000000000e+00
2.0377444767483585e-02 4.9195503524167510e-02 0.0000000000000000e+00
2.0903858489964310e-02 5.0466378672399781e-02 0.0000000000000000e+00
1.3807233386893287e-02 2.4358988201480362e-02 0.0000000000000000e+00
1.3613598186784544e-02 2.4467732719007217e-02 0.0000000000000000e+00
1.3419106580898883e-02 2.4574938017632442e-02 0.0000000000000000e+00
1.3223770804336293e-02 2.4680597353272941e-02 0.0000000000000000e+00
1.3027603145301922e-02 2.4784704079099260e-02 0.0000000000000000e+00
1.2830615944333093e-02 2.4887251645953706e-02 0.0000000000000000e+00
1.2632821593522957e-02 2.4988233602762325e-02 0.0000000000000000e+00
1.2434232535740941e-02 2.5087643596940740e-02 0.0000000000000000e+00
1.2234861263849975e-02 2.5185475374793775e-02 0.0000000000000000e+00
1.2034720319920643e-02 2.5281722781908860e-02 0.0000000000000000e+00
1.1833822294442100e-02 2.5376379763543202e-02 0.0000000000000000e+00
1.1508344012903135e-02 2.6494887818365440e-02 0.0000000000000000e+00
1.0908765356508912e-02 2.6336089272429575e-02 0.0000000000000000e+00
1.0798936352993466e-02 2.6070938602600662e-02 0.0000000000000000e+00
1.0899676283214976e-02 2.5791414403268410e-02 0.0000000000000000e+00
1.1083660120040445e-02 2.5712885453473031e-02 0.0000000000000000e+00
1.1267078225814671e-02 2.5633044069196562e-02 0.0000000000000000e+00
1.1449921238529365e-02 2.5551894325694803e-02 0.0000000000000000e+00
1.5483326172359459e-02 3.7380056035956497e-02 0.0000000000000000e+00
1.4565738825298848e-02 3.5164804218020825e-02 0.0000000000000000e+00
1.2705976120420881e-02 3.0674939873108761e-02 0.0000000000000000e+00
1.1970030357279232e-02 2.8898209630561177e-02 0.0000000000000000e+00
1.1437752151223767e-02 2.7613176366546449e-02 0.0000000000000000e+00
1.3697880112029527e-02 2.5163747377590980e-02 0.0000000000000000e+00
2.3321039983920665e-02 4.7001892304686828e-02 0.0000000000000000e+00
2.1516208703114593e-02 4.3660493631042858e-02 0.0000000000000000e+00
1.9975041873003991e-02 4.0401710263024186e-02 0.0000000000000000e+00
1.2048352647168395e-02 2.5622696184766969e-02 0.0000000000000000e+00
2.1351141386439048e-02 4.5886223039159471e-02 0.0000000000000000e+00
2.3474125312715463e-02 4.4944637144849947e-02 0.0000000000000000e+00
2.2454270425797219e-02 4.9079715595561124e-02 0.0000000000000000e+00
1.2504278930457132e-02 2.5596004024497777e-02 0.0000000000000000e+00
1.9622531260019754e-02 3.8117291800910190e-02 0.0000000000000000e+00
1.2955065830283987e-02 2.5365800908465259e-02 0.0000000000000000e+00
2.5265230941989184e-02 4.7801435768416667e-02 0.0000000000000000e+00
1.3880260028553604e-02 2.4697534910427515e-02 0.0000000000000000e+00
1.9737966231424139e-02 4.2423702830615216e-02 0.0000000000000000e+00
2.1619946794796445e-02 4.1646797363956697e-02 0.0000000000000000e+00
1.8354895730964462e-02 3.9673712360427126e-02 0.0000000000000000e+00
1.4005902879109459e-02 2.5854182049025346e-02 0.0000000000000000e+00
2.1857300992078329e-02 4.7450739785632474e-02 0.0000000000000000e+00
1.9898773331785125e-02 4.3934116180678773e-02 0.0000000000000000e+00
2.4695052941098802e-02 4.5986119108827599e-02 0.0000000000000000e+00
1.3278154182077789e-02 2.5148695941014248e-02 0.0000000000000000e+00
2.3256665274812745e-02 4.3494886300862373e-02 0.0000000000000000e+00
2.4162611672799608e-02 4.8921307586054001e-02 0.0000000000000000e+00
1.8736126357783992e-02 4.1399477292873153e-02 0.0000000000000000e+00
2.1259573334475149e-02 3.9600463391334877e-02 0.0000000000000000e+00
1.9601216991064995e-02 3.6866799407242419e-02 0.0000000000000000e+00
2.0137000292982175e-02 4.5568492585583653e-02 0.0000000000000000e+00
1.2645146694875639e-02 2.5265351044248530e-02 0.0000000000000000e+00
2.2213044934028526e-02 4.4783030164515764e-02 0.0000000000000000e+00
2.2908122177073907e-02 4.1995771374754846e-02 0.0000000000000000e+00
1.3034801109629096e-02 2.5049401073455321e-02 0.0000000000000000e+00
1.3408532129017518e-02 2.4862266291699311e-02 0.0000000000000000e+00
2.0504218207804913e-02 4.6696767402802764e-02 0.0000000000000000e+00
2.2708817280743962e-02 4.5992567846960541e-02 0.0000000000000000e+00
1.4137200287598880e-02 2.5223563666838457e-02 0.0000000000000000e+00
1.4631030168721582e-02 2.6938309061185758e-02 0.0000000000000000e+00
2.2065112712082328e-02 5.0204683218562814e-02 0.0000000000000000e+00
1.9450459581457469e-02 3.5452627302370004e-02 0.0000000000000000e+00
2.0826826258256298e-02 3.8177711181711760e-02 0.0000000000000000e+00
1.2163721523679158e-02 2.5942249005780096e-02 0.0000000000000000e+00
1.8540536453639150e-02 3.8077940781060686e-02 0.0000000000000000e+00
2.4497301198578892e-02 4.4507281537174551e-02 0.0000000000000000e+00
2.6406542771098804e-02 4.8058705698901610e-02 0.0000000000000000e+00
1.2244561236895784e-02 2.5411416170358692e-02 0.0000000000000000e+00
1.8868821172747807e-02 4.2995705188490184e-02 0.0000000000000000e+00
1.7252706792984174e-02 3.9386513920351557e-02 0.0000000000000000e+00
1.3393025553577801e-02 2.5479560059072513e-02 0.0000000000000000e+00
2.0858621110638988e-02 4.2625910815383160e-02 0.0000000000000000e+00
2.0971311646345348e-02 4.4719373024219383e-02 0.0000000000000000e+00
2.2214393385676809e-02 4.0725080915519081e-02 0.0000000000000000e+00
1.7755886937539541e-02 4.0603389797105573e-02 0.0000000000000000e+00
2.1391270638750338e-02 4.8696606550133012e-02 0.0000000000000000e+00
1.5291335556453609e-02 2.8021756476964834e-02 0.0000000000000000e+00
2.0353726547923341e-02 4.1492169334758265e-02 0.0000000000000000e+00
1.8808448399441999e-02 3.4464626159591533e-02 0.0000000000000000e+00
2.5846771962780971e-02 4.7009167453570797e-02 0.0000000000000000e+00
2.3157113251679285e-02 4.9952642626184332e-02 0.0000000000000000e+00
1.9562783650607787e-02 3.9262387288513910e-02 0.0000000000000000e+00
2.5583206789644434e-02 4.8800036485818377e-02 0.0000000000000000e+00
1.3973569404633008e-02 2.4426128741990134e-02 0.0000000000000000e+00
2.4372241692477623e-02 4.7200908619542459e-02 0.0000000000000000e+00
2.3206771461131384e-02 4.8140447137089565e-02 0.0000000000000000e+00
1.8132832804899968e-02 3.3159974909431796e-02 0.0000000000000000e+00
1.2819690234528953e-02 2.5111207654977024e-02 0.0000000000000000e+00
1.3610252533311436e-02 2.4718337646929746e-02 0.0000000000000000e+00
1.7413455173331416e-02 3.1881181998946864e-02 0.0000000000000000e+00
2.2011517818356075e-02 4.2617756652680881e-02 0.0000000000000000e+00
1.1807914243132470e-02 2.5535865070559272e-02 0.0000000000000000e+00
1.6750010203410000e-02 3.0768856545125692e-02 0.0000000000000000e+00
1.3194572274072527e-02 2.4905132947708221e-02 0.0000000000000000e+00
1.2421313049736097e-02 2.5313380126873480e-02 0.0000000000000000e+00
1.5949783293823499e-02 2.9099933985347600e-02 0.0000000000000000e+00
2.1075377441652308e-02 4.0740948594970537e-02 0.0000000000000000e+00
2.7880056217350783e-02 5.5661059923683094e-02 0.0000000000000000e+00
2.7006689647625384e-02 5.1488980137940676e-02 0.0000000000000000e+00
2.4233592567318295e-02 5.3241142673124263e-02 0.0000000000000000e+00
3.0584848788405214e-02 5.6268469984624196e-02 0.0000000000000000e+00
2.5991355808864202e-02 5.8340730103668373e-02 0.0000000000000000e+00
1.1127287776288007e-02 2.6020350527275603e-02 0.0000000000000000e+00
1.1473749410580264e-02 2.5852144675213604e-02 0.0000000000000000e+00
1.1520635070263638e-02 2.6171514146396065e-02 0.0000000000000000e+00
1.1223549519622216e-02 2.6341291428219324e-02 0.0000000000000000e+00
1.1237943883180848e-02 2.5804606181289703e-02 0.0000000000000000e+00
1.0862725967763590e-02 2.5933716557207200e-02 0.0000000000000000e+00
1.1585590407929468e-02 2.5609119557696271e-02 0.0000000000000000e+00
1.2614063513436481e-02 2.7129221862731933e-02 0.0000000000000000e+00
1.6615748188857530e-02 3.6073013626581135e-02 0.0000000000000000e+00
1.5380922338669974e-02 3.3025434739078194e-02 0.0000000000000000e+00
1.3423655058346095e-02 2.9336883044184671e-02 0.0000000000000000e+00
1.4503678674027054e-02 3.1131916741236419e-02 0.0000000000000000e+00
1.6297664516642045e-02 3.4271341759889405e-02 0.0000000000000000e+00
7.2469332628705861e-03 2.7045923136093913e-02 0.0000000000000000e+00
1.4493866525741172e-02 5.4091846272187827e-02 0.0000000000000000e+00
1.6909510946698035e-02 6.3107153984219136e-02 0.0000000000000000e+00
9.7844207605075235e-03 2.6234807229734879e-02 0.0000000000000000e+00
1.0128835849636104e-02 2.7066298808995033e-02 0.0000000000000000e+00
9.0773059999065455e-03 2.7501856733993170e-02 0.0000000000000000e+00
1.0821398202182151e-02 3.4010897445970426e-02 0.0000000000000000e+00
1.1556792451988689e-02 3.6755426149842424e-02 0.0000000000000000e+00
1.5904859303419675e-02 5.3693905152618807e-02 0.0000000000000000e+00
1.7304951684997075e-02 5.3259164912528606e-02 0.0000000000000000e+00
1.8693184117091199e-02 5.2787923501161980e-02 0.0000000000000000e+00
2.0068605174536847e-02 5.2280503883843282e-02 0.0000000000000000e+00
1.7939789721415592e-02 6.2822037448620180e-02 0.0000000000000000e+00
1.8965265580624887e-02 6.2520101934504302e-02 0.0000000000000000e+00
1.9985663979641518e-02 6.2201428277309727e-02 0.0000000000000000e+00
2.1000711733139922e-02 6.1866101793680239e-02 0.0000000000000000e+00
2.2010137088291741e-02 6.1514212258624024e-02 0.0000000000000000e+00
2.3013669797520623e-02 6.1145853881478598e-02 0.0000000000000000e+00
2.4011041190854013e-02 6.0761125280688791e-02 0.0000000000000000e+00
1.5299081332726797e-02 5.7096948842864932e-02 0.0000000000000000e+00
1.6104296139712412e-02 6.0102051413542031e-02 0.0000000000000000e+00
9.8695431403667041e-03 2.6440310833652388e-02 0.0000000000000000e+00
9.9815205574231552e-03 2.6710648232589576e-02 0.0000000000000000e+00
9.6262983000055553e-03 2.7274456677653762e-02 0.0000000000000000e+00
9.3933593420377492e-03 2.8681383864728769e-02 0.0000000000000000e+00
9.7503690570738492e-03 3.0013762260039187e-02 0.0000000000000000e+00
1.0107378772109947e-02 3.1346140655349589e-02 0.0000000000000000e+00
1.0464388487146052e-02 3.2678519050660021e-02 0.0000000000000000e+00
1.1189095327085423e-02 3.5383161797906432e-02 0.0000000000000000e+00
1.2216148027744811e-02 3.8039082111930425e-02 0.0000000000000000e+00
1.3346505008865174e-02 3.8936197210185507e-02 0.0000000000000000e+00
1.4746351999808345e-02 3.9286840627679800e-02 0.0000000000000000e+00
7.3196265821540794e-03 2.7317218297030734e-02 0.0000000000000000e+00
7.4211961288771170e-03 2.7696281005902854e-02 0.0000000000000000e+00
7.5633026746466511e-03 2.8226629854802864e-02 0.0000000000000000e+00
7.7621141839120432e-03 2.8968604508510760e-02 0.0000000000000000e+00
8.0395013062116646e-03 3.0003827342298273e-02 0.0000000000000000e+00
8.4072312614268847e-03 3.1376214218626498e-02 0.0000000000000000e+00
8.7876459654465250e-03 3.2795941221974073e-02 0.0000000000000000e+00
9.1680606694661704e-03 3.4215668225321662e-02 0.0000000000000000e+00
9.5484753734858090e-03 3.5635395228669230e-02 0.0000000000000000e+00
9.9288900775054492e-03 3.7055122232016804e-02 0.0000000000000000e+00
1.0309304781525093e-02 3.8474849235364393e-02 0.0000000000000000e+00
1.0689719485544733e-02 3.9894576238711968e-02 0.0000000000000000e+00
1.1070134189564372e-02 4.1314303242059536e-02 0.0000000000000000e+00
1.1450548893584012e-02 4.2734030245407104e-02 0.0000000000000000e+00
1.1830963597603657e-02 4.4153757248754692e-02 0.0000000000000000e+00
1.2211378301623298e-02 4.5573484252102274e-02 0.0000000000000000e+00
1.2591793005642945e-02 4.6993211255449856e-02 0.0000000000000000e+00
1.2972207709662589e-02 4.8412938258797444e-02 0.0000000000000000e+00
1.3352622413682234e-02 4.9832665262145033e-02 0.0000000000000000e+00
1.3733037117701885e-02 5.1252392265492649e-02 0.0000000000000000e+00
1.4113451821721528e-02 5.2672119268840238e-02 0.0000000000000000e+00
7.4612173828123322e-03 2.6987594097407412e-02 0.0000000000000000e+00
7.6750321316457377e-03 2.6927567320094204e-02 0.0000000000000000e+00
7.8883640586883720e-03 2.6865846580325616e-02 0.0000000000000000e+00
8.1011997436311808e-03 2.6802435760836928e-02 0.0000000000000000e+00
8.3135257973827956e-03 2.6737338850683155e-02 0.0000000000000000e+00
8.5253288629117720e-03 2.6670559944988102e-02 0.0000000000000000e+00
8.7365956160868723e-03 2.6602103244686721e-02 0.0000000000000000e+00
8.9473127665152547e-03 2.6531973056260882e-02 0.0000000000000000e+00
9.1574670583785579e-03 2.6460173791468408e-02 0.0000000000000000e+00
9.3670452712667652e-03 2.6386709967065599e-02 0.0000000000000000e+00
9.5760342210099263e-03 2.6311586204523032e-02 0.0000000000000000e+00
1.0597086751391651e-02 2.6872342934894461e-02 0.0000000000000000e+00
1.0530049008344000e-02 2.5944519033542977e-02 0.0000000000000000e+00
1.0344424436776221e-02 2.6019086899271217e-02 0.0000000000000000e+00
1.0158271866149662e-02 2.6092326701415348e-02 0.0000000000000000e+00
9.9716007980448825e-03 2.6164234701676843e-02 0.0000000000000000e+00
8.1075924956633665e-03 2.7479320325856205e-02 0.0000000000000000e+00
1.6744891260290964e-02 4.9725822294196774e-02 0.0000000000000000e+00
1.5658374037065149e-02 4.6086888195859807e-02 0.0000000000000000e+00
1.4443835735632184e-02 4.2692810861404890e-02 0.0000000000000000e+00
9.5985103655917489e-03 2.6637454083471065e-02 0.0000000000000000e+00
1.7348922613604274e-02 4.7543996334451839e-02 0.0000000000000000e+00
1.5181944512048318e-02 4.8379370894136076e-02 0.0000000000000000e+00
1.8827032831650679e-02 5.0582166601006180e-02 0.0000000000000000e+00
9.2572475914262427e-03 2.6940968442574847e-02 0.0000000000000000e+00
1.3077770594885017e-02 4.0828220430894957e-02 0.0000000000000000e+00
8.7757149332917429e-03 2.7096944731915609e-02 0.0000000000000000e+00
1.5935503254975895e-02 5.1665935509625345e-02 0.0000000000000000e+00
7.6489684229319585e-03 2.7278620404577618e-02 0.0000000000000000e+00
1.6041238185499872e-02 4.3954937723642049e-02 0.0000000000000000e+00
1.4161121843262891e-02 4.4736343818248731e-02 0.0000000000000000e+00
1.5074679805565596e-02 4.1032422284239554e-02 0.0000000000000000e+00
8.3779985464388501e-03 2.8185336351355818e-02 0.0000000000000000e+00
1.8097294124805010e-02 4.9008185624673073e-02 0.0000000000000000e+00
1.6995553916596309e-02 4.5136669036994870e-02 0.0000000000000000e+00
1.5055057265892523e-02 4.9979136058716019e-02 0.0000000000000000e+00
8.3937405741020665e-03 2.7171886301677498e-02 0.0000000000000000e+00
1.4310583326671877e-02 4.7200474773883450e-02 0.0000000000000000e+00
1.7507041773597857e-02 5.1678134903625494e-02 0.0000000000000000e+00
1.6025409130612043e-02 4.2522293132126167e-02 0.0000000000000000e+00
1.2968967732202442e-02 4.3034544672082592e-02 0.0000000000000000e+00
1.2208610407614283e-02 3.9928917315396335e-02 0.0000000000000000e+00
1.7982780655791938e-02 4.6460799575638305e-02 0.0000000000000000e+00
8.9238320754015405e-03 2.6806770029491975e-02 0.0000000000000000e+00
1.5959389607757762e-02 4.7373379015063860e-02 0.0000000000000000e+00
1.3497006184590170e-02 4.5893983255907954e-02 0.0000000000000000e+00
8.4956051076651787e-03 2.6929597619738507e-02 0.0000000000000000e+00
8.0990130963403267e-03 2.7061541084712280e-02 0.0000000000000000e+00
1.8520929152345239e-02 4.7518272627680283e-02 0.0000000000000000e+00
1.6464097916827874e-02 4.8579215300708474e-02 0.0000000000000000e+00
7.8392427241585228e-03 2.7832263104865671e-02 0.0000000000000000e+00
8.7025603628154910e-03 2.9393961658911456e-02 0.0000000000000000e+00
1.9897681124809340e-02 5.1102462777527134e-02 0.0000000000000000e+00
1.1315241309141744e-02 3.8822345043628602e-02 0.0000000000000000e+00
1.2268928388962796e-02 4.1722508544576944e-02 0.0000000000000000e+00
9.7428902173587878e-03 2.6944990165075372e-02 0.0000000000000000e+00
1.3815031086703176e-02 4.0035309193112413e-02 0.0000000000000000e+00
1.4149192788830494e-02 4.8793608385399423e-02 0.0000000000000000e+00
1.5310391233605350e-02 5.2654882155878470e-02 0.0000000000000000e+00
9.3103724103511792e-03 2.6626796976877067e-02 0.0000000000000000e+00
1.7060283296432766e-02 4.3744826104925312e-02 0.0000000000000000e+00
1.5650965113236624e-02 4.0049977047521258e-02 0.0000000000000000e+00
8.5464705098805150e-03 2.7487068888959659e-02 0.0000000000000000e+00
1.5391798158276737e-02 4.4890343025344129e-02 0.0000000000000000e+00
1.6792415240329091e-02 4.6450328591343508e-02 0.0000000000000000e+00
1.3089032676776748e-02 4.4504929082692053e-02 0.0000000000000000e+00
1.6155624205178187e-02 4.1266240324209877e-02 0.0000000000000000e+00
1.9307788185515262e-02 4.9559613239229347e-02 0.0000000000000000e+00
9.0017669602525871e-03 3.0626981090987208e-02 0.0000000000000000e+00
1.4947136238294851e-02 4.3731652367201342e-02 0.0000000000000000e+00
1.1070589461663753e-02 3.7669752275349154e-02 0.0000000000000000e+00
1.4964073357689118e-02 5.1516928811018610e-02 0.0000000000000000e+00
1.8947300526195865e-02 5.1696404152130414e-02 0.0000000000000000e+00
1.3929723319050610e-02 4.1595677275510771e-02 0.0000000000000000e+00
1.6416777715817826e-02 5.2596895726728411e-02 0.0000000000000000e+00
7.3910755881999978e-03 2.7152686954993722e-02 0.0000000000000000e+00
1.6142305189576628e-02 5.0609859936513457e-02 0.0000000000000000e+00
1.7630771150376118e-02 5.0450102089600990e-02 0.0000000000000000e+00
1.0625794083968349e-02 3.6269492160901640e-02 0.0000000000000000e+00
8.6914153190714195e-03 2.6821195114164181e-02 0.0000000000000000e+00
7.8546023098368545e-03 2.7102406029768652e-02 0.0000000000000000e+00
1.0230227746747216e-02 3.4856572220648432e-02 0.0000000000000000e+00
1.4570811214500658e-02 4.5699798241636842e-02 0.0000000000000000e+00
9.7071271218689779e-03 2.6406039587845348e-02 0.0000000000000000e+00
9.9128213126393958e-03 3.3600912912189536e-02 0.0000000000000000e+00
8.2806168638243118e-03 2.6940559923529679e-02 0.0000000000000000e+00
9.1160680537556854e-03 2.6682457431174374e-02 0.0000000000000000e+00
9.2985607276016673e-03 3.1854960578638666e-02 0.0000000000000000e+00
1.3905658718417886e-02 4.3710743328534550e-02 0.0000000000000000e+00
1.9644136108916202e-02 5.9072489731217995e-02 0.0000000000000000e+00
1.7311593624680884e-02 5.5504820399153748e-02 0.0000000000000000e+00
2.0511435385423965e-02 5.4782910659149309e-02 0.0000000000000000e+00
1.8161062713273002e-02 6.1414570672965962e-02 0.0000000000000000e+00
2.2874461930997837e-02 5.9631789820358293e-02 0.0000000000000000e+00
1.0530985663860116e-02 2.6267346949514964e-02 0.0000000000000000e+00
1.0167060794202787e-02 2.6393392821915693e-02 0.0000000000000000e+00
1.0359735945077348e-02 2.6652374308595288e-02 0.0000000000000000e+00
1.0689857819797083e-02 2.6562353768412848e-02 0.0000000000000000e+00
1.0300185690247196e-02 2.6193038343029308e-02 0.0000000000000000e+00
1.0656799644994228e-02 2.6019014032947891e-02 0.0000000000000000e+00
9.9161325579673332e-03 2.6300631640960814e-02 0.0000000000000000e+00
1.0263766898783357e-02 2.8102746596120831e-02 0.0000000000000000e+00
1.3758364334361006e-02 3.7256580772019508e-02 0.0000000000000000e+00
1.2476554369058786e-02 3.4228463342213154e-02 0.0000000000000000e+00
1.1252351419354011e-02 3.0236266459485246e-02 0.0000000000000000e+00
1.1757939896508040e-02 3.2269238981618514e-02 0.0000000000000000e+00
1.2709309061558554e-02 3.5757687256000474e-02 0.0000000000000000e+00
7.3094667643229007e-03 5.5520912236933374e-02 0.0000000000000000e+00
8.5277112250433853e-03 6.4774397609755618e-02 0.0000000000000000e+00
4.6438466749520761e-03 2.7612219904591818e-02 0.0000000000000000e+00
4.7613202479501225e-03 2.8504520279828242e-02 0.0000000000000000e+00
5.8897507731526209e-03 2.8355959582831484e-02 0.0000000000000000e+00
7.6338429754282304e-03 3.4865000294808747e-02 0.0000000000000000e+00
8.3692372252347682e-03 3.7609528998680745e-02 0.0000000000000000e+00
5.5139675888519228e-03 4.1882741990455108e-02 0.0000000000000000e+00
3.7698753865763146e-03 2.8635046472048297e-02 0.0000000000000000e+00
3.6547333821614512e-03 2.7760456118466687e-02 0.0000000000000000e+00
4.6419214877141193e-03 3.5258894231251711e-02 0.0000000000000000e+00
1.3072940375930712e-02 5.4452715542269881e-02 0.0000000000000000e+00
1.1643054685794527e-02 5.4776265641093121e-02 0.0000000000000000e+00
1.0205189427560253e-02 5.5062274823581454e-02 0.0000000000000000e+00
8.7603300422529132e-03 5.5310547073327707e-02 0.0000000000000000e+00
1.5874705087013257e-02 6.3375375208710213e-02 0.0000000000000000e+00
1.4835649184912394e-02 6.3626629312785801e-02 0.0000000000000000e+00
1.3792621420785732e-02 6.3860849029646713e-02 0.0000000000000000e+00
1.2745901038387047e-02 6.4077971653011059e-02 0.0000000000000000e+00
1.1695768270073329e-02 6.4277939053902416e-02 0.0000000000000000e+00
1.0642504261779784e-02 6.4460697696212099e-02 0.0000000000000000e+00
9.5863909977502819e-03 6.4626198651032377e-02 0.0000000000000000e+00
8.1216297381365571e-03 6.1689902485481521e-02 0.0000000000000000e+00
7.7155482512297280e-03 5.8605407361207451e-02 0.0000000000000000e+00
4.6728803335221916e-03 2.7832752436083227e-02 0.0000000000000000e+00
4.7110737451697355e-03 2.8122860199684064e-02 0.0000000000000000e+00
5.3006094666151245e-03 2.8433521507269049e-02 0.0000000000000000e+00
6.2058041152838255e-03 2.9535486713567087e-02 0.0000000000000000e+00
6.5628138303199272e-03 3.0867865108877502e-02 0.0000000000000000e+00
6.9198235453560254e-03 3.2200243504187910e-02 0.0000000000000000e+00
7.2768332603921305e-03 3.3532621899498335e-02 0.0000000000000000e+00
8.0015401003314997e-03 3.6237264646744746e-02 0.0000000000000000e+00
8.4400465275470526e-03 3.9050885459446363e-02 0.0000000000000000e+00
7.9096862156792687e-03 4.0392988415214014e-02 0.0000000000000000e+00
6.8727048688584265e-03 4.1396578017905451e-02 0.0000000000000000e+00
5.6935175063990203e-03 4.3246559015102930e-02 0.0000000000000000e+00
5.8730674239461213e-03 4.4610376039750765e-02 0.0000000000000000e+00
6.0526173414932154e-03 4.5974193064398580e-02 0.0000000000000000e+00
6.2321672590403164e-03 4.7338010089046423e-02 0.0000000000000000e+00
6.4117171765874096e-03 4.8701827113694238e-02 0.0000000000000000e+00
6.5912670941345123e-03 5.0065644138342080e-02 0.0000000000000000e+00
6.7708170116816090e-03 5.1429461162989909e-02 0.0000000000000000e+00
6.9503669292287074e-03 5.2793278187637724e-02 0.0000000000000000e+00
7.1299168467758032e-03 5.4157095212285553e-02 0.0000000000000000e+00
7.0321932520301935e-03 2.7102550766783948e-02 0.0000000000000000e+00
6.8170108591800718e-03 2.7157473427140102e-02 0.0000000000000000e+00
6.6013996210385660e-03 2.7210687662081456e-02 0.0000000000000000e+00
6.3853731013018885e-03 2.7262190124000864e-02 0.0000000000000000e+00
6.1689448897908044e-03 2.7311977572975630e-02 0.0000000000000000e+00
5.9521286015957629e-03 2.7360046876971276e-02 0.0000000000000000e+00
5.7349378762203817e-03 2.7406395012038575e-02 0.0000000000000000e+00
5.5173863767234155e-03 2.7451019062503801e-02 0.0000000000000000e+00
5.2994877888592274e-03 2.7493916221152125e-02 0.0000000000000000e+00
5.0812558202168925e-03 2.7535083789404238e-02 0.0000000000000000e+00
4.8627041993578026e-03 2.7574519177486084e-02 0.0000000000000000e+00
4.2588251346345621e-03 2.8570675016521704e-02 0.0000000000000000e+00
3.7207767135544714e-03 2.8262105024513297e-02 0.0000000000000000e+00
3.6833160857567228e-03 2.7977563306853279e-02 0.0000000000000000e+00
3.8529695724504585e-03 2.7733637076189109e-02 0.0000000000000000e+00
4.0510090998588776e-03 2.7705402456431858e-02 0.0000000000000000e+00
4.2488418560733205e-03 2.7675753700343544e-02 0.0000000000000000e+00
4.4464577433343828e-03 2.7644692321252946e-02 0.0000000000000000e+00
5.2810742176344939e-03 4.0113741208203886e-02 0.0000000000000000e+00
4.9681022614123140e-03 3.7736483184561638e-02 0.0000000000000000e+00
4.3337718363914641e-03 3.2918265249882832e-02 0.0000000000000000e+00
4.0827544418058637e-03 3.1011598842593711e-02 0.0000000000000000e+00
3.9012042581233418e-03 2.9632588288221191e-02 0.0000000000000000e+00
6.7182790981515604e-03 2.7851585728753233e-02 0.0000000000000000e+00
1.0361409932078408e-02 5.1436270960990474e-02 0.0000000000000000e+00
9.4828943998728054e-03 4.7741602977520337e-02 0.0000000000000000e+00
8.8376767555554923e-03 4.4194976632756920e-02 0.0000000000000000e+00
5.0061732266448280e-03 2.7867967111223343e-02 0.0000000000000000e+00
8.7473904555543207e-03 4.9848769929871653e-02 0.0000000000000000e+00
1.1041735820788469e-02 4.9488736469455466e-02 0.0000000000000000e+00
8.9863945904099449e-03 5.3218957670753450e-02 0.0000000000000000e+00
5.4534726379900002e-03 2.7960186869537818e-02 0.0000000000000000e+00
9.0884286554119374e-03 4.1897161381908382e-02 0.0000000000000000e+00
5.9484802973567060e-03 2.7854499969427699e-02 0.0000000000000000e+00
1.2032417113913958e-02 5.2711764289111993e-02 0.0000000000000000e+00
7.0151092352847494e-03 2.7448462462022732e-02 0.0000000000000000e+00
8.0853490850211571e-03 4.6086711783186886e-02 0.0000000000000000e+00
1.0104280646772001e-02 4.5823371140669776e-02 0.0000000000000000e+00
7.4611554765837218e-03 4.3072459979744952e-02 0.0000000000000000e+00
6.8371086015927736e-03 2.8598216567702558e-02 0.0000000000000000e+00
8.8313763604965460e-03 5.1490980806752712e-02 0.0000000000000000e+00
7.8497530753369391e-03 4.7587278986546203e-02 0.0000000000000000e+00
1.1951505981665608e-02 5.0810730118993196e-02 0.0000000000000000e+00
6.3167505808901904e-03 2.7728414093046140e-02 0.0000000000000000e+00
1.1206908683069875e-02 4.8032101888205551e-02 0.0000000000000000e+00
1.0677524530761651e-02 5.3508098533537884e-02 0.0000000000000000e+00
7.3827351529139763e-03 4.4838090644895849e-02 0.0000000000000000e+00
1.0285816819093335e-02 4.3753492792421009e-02 0.0000000000000000e+00
9.3914918997971223e-03 4.0683761944548709e-02 0.0000000000000000e+00
7.6568549092199643e-03 4.9227623040535996e-02 0.0000000000000000e+00
5.6751197383418540e-03 2.7677259876648142e-02 0.0000000000000000e+00
9.8654526783203567e-03 4.9006244494032805e-02 0.0000000000000000e+00
1.1258241397063221e-02 4.6493858472769024e-02 0.0000000000000000e+00
6.1073889661103871e-03 2.7569518206219085e-02 0.0000000000000000e+00
6.5168194553425624e-03 2.7485488593087287e-02 0.0000000000000000e+00
7.7195411662173922e-03 5.0412495815698469e-02 0.0000000000000000e+00
1.0031280603986859e-02 5.0302883504741165e-02 0.0000000000000000e+00
7.1271482068792375e-03 2.8023068255705282e-02 0.0000000000000000e+00
7.1603424772900028e-03 2.9807197695890842e-02 0.0000000000000000e+00
8.3193340582765739e-03 5.4204871523691842e-02 0.0000000000000000e+00
9.6118860981464754e-03 3.9278757696838126e-02 0.0000000000000000e+00
1.0236050610234616e-02 4.2267216503698329e-02 0.0000000000000000e+00
5.0349046480220950e-03 2.8206491096356517e-02 0.0000000000000000e+00
8.0534867213995324e-03 4.1579110352951608e-02 0.0000000000000000e+00
1.2143243794528932e-02 4.9331100798480541e-02 0.0000000000000000e+00
1.3068253327758451e-02 5.3255661197069357e-02 0.0000000000000000e+00
5.2503794623806662e-03 2.7714668808561816e-02 0.0000000000000000e+00
7.0977743219925700e-03 4.6414272339214371e-02 0.0000000000000000e+00
6.4708551419537328e-03 4.2509780100755408e-02 0.0000000000000000e+00
6.3420738702287703e-03 2.8077735188352226e-02 0.0000000000000000e+00
9.1154832976818884e-03 4.6572076523683968e-02 0.0000000000000000e+00
8.6825061066498083e-03 4.8623372194402659e-02 0.0000000000000000e+00
1.0917029732292747e-02 4.5086915517624560e-02 0.0000000000000000e+00
6.6419391864258638e-03 4.3815424542028629e-02 0.0000000000000000e+00
8.0587715600694242e-03 5.2573778159661834e-02 0.0000000000000000e+00
7.5177316789674506e-03 3.1024627146146854e-02 0.0000000000000000e+00
8.9212264874103733e-03 4.5346290018613664e-02 0.0000000000000000e+00
9.2474644290054843e-03 3.8158257155550900e-02 0.0000000000000000e+00
1.2799196733656645e-02 5.2097005754141119e-02 0.0000000000000000e+00
9.4393584872413464e-03 5.4244049543150194e-02 0.0000000000000000e+00
8.7343443757690875e-03 4.2987774867736715e-02 0.0000000000000000e+00
1.2081101313183719e-02 5.3758636717456891e-02 0.0000000000000000e+00
7.1754842568246607e-03 2.7210454478130891e-02 0.0000000000000000e+00
1.1325283598442008e-02 5.1900576981781257e-02 0.0000000000000000e+00
9.9563553402650072e-03 5.2506455608300896e-02 0.0000000000000000e+00
8.9325384683518454e-03 3.6723198635685544e-02 0.0000000000000000e+00
5.8836110959250166e-03 2.7573543988260951e-02 0.0000000000000000e+00
6.7489178779416908e-03 2.7398673280378625e-02 0.0000000000000000e+00
8.5686489951407024e-03 3.5301790905302104e-02 0.0000000000000000e+00
1.0231206455313679e-02 4.6862591832331248e-02 0.0000000000000000e+00
4.7964011086192261e-03 2.7721864657346121e-02 0.0000000000000000e+00
8.2157013761732563e-03 3.4055654828624396e-02 0.0000000000000000e+00
6.2990553986871679e-03 2.7471517717865806e-02 0.0000000000000000e+00
5.4464821984070077e-03 2.7665719997671721e-02 0.0000000000000000e+00
7.8746904805839877e-03 3.2236485461453752e-02 0.0000000000000000e+00
9.8127179577608414e-03 4.4807443500021027e-02 0.0000000000000000e+00
1.2523923959888392e-02 6.0980344826488259e-02 0.0000000000000000e+00
1.2760130340610515e-02 5.6724381310500303e-02 0.0000000000000000e+00
9.6280312177144615e-03 5.7699110016788582e-02 0.0000000000000000e+00
1.4979343667066235e-02 6.2267109721939780e-02 0.0000000000000000e+00
1.0006029780034998e-02 6.3079875823063472e-02 0.0000000000000000e+00
4.0135723629649012e-03 2.8013682580229692e-02 0.0000000000000000e+00
4.3917634813574529e-03 2.7940879072942230e-02 0.0000000000000000e+00
4.3543926493618814e-03 2.8261501194953905e-02 0.0000000000000000e+00
4.0234884494184256e-03 2.8348602057653379e-02 0.0000000000000000e+00
4.1762967000636385e-03 2.7833929452486837e-02 0.0000000000000000e+00
3.7804478008679671e-03 2.7861526956453782e-02 0.0000000000000000e+00
4.5626931179867389e-03 2.7735081415632537e-02 0.0000000000000000e+00
5.1626904251922141e-03 2.9469575917748975e-02 0.0000000000000000e+00
6.7131973579313562e-03 3.9144327573896243e-02 0.0000000000000000e+00
6.3092186358039513e-03 3.5880995971390391e-02 0.0000000000000000e+00
5.3733110482721766e-03 3.1811550579186589e-02 0.0000000000000000e+00
5.9519448442627333e-03 3.3824950667126742e-02 0.0000000000000000e+00
6.8722591161427789e-03 3.7321720075054757e-02 0.0000000000000000e+00
6.4209690351719964e-18 2.8000000000000001e-02 0.0000000000000000e+00
1.2841938070343993e-17 5.6000000000000001e-02 0.0000000000000000e+00
1.5649166144318223e-17 6.5333333333333340e-02 0.0000000000000000e+00
2.6609569522044567e-03 2.7873272289031921e-02 0.0000000000000000e+00
2.7784305252025027e-03 2.8765572664268348e-02 0.0000000000000000e+00
1.6500000000000069e-03 2.8914133361265120e-02 0.0000000000000000e+00
1.6500000000000078e-03 3.5652788167694661e-02 0.0000000000000000e+00
1.6500000000000082e-03 3.8494133361265101e-02 0.0000000000000000e+00
1.4659091052409113e-03 5.5980810198631208e-02 0.0000000000000000e+00
2.9308135496048772e-03 5.5923253946256142e-02 0.0000000000000000e+00
4.3937093607593477e-03 5.5827370689055168e-02 0.0000000000000000e+00
5.8535939429886332e-03 5.5693226140623296e-02 0.0000000000000000e+00
1.0689664662638183e-03 6.5324587676758042e-02 0.0000000000000000e+00
2.1376467443560581e-03 6.5298353048455895e-02 0.0000000000000000e+00
3.2057547227246712e-03 6.5254636472071276e-02 0.0000000000000000e+00
4.2730044430360475e-03 6.5193449651588770e-02 0.0000000000000000e+00
5.3391101767330251e-03 6.5114808968199780e-02 0.0000000000000000e+00
6.4037865015313345e-03 6.5018735475916856e-02 0.0000000000000000e+00
7.4667483778340146e-03 6.4905254895937042e-02 0.0000000000000000e+00
1.4415031189388538e-17 5.9111111111111121e-02 0.0000000000000000e+00
1.5810796501250488e-17 6.2222222222222220e-02 0.0000000000000000e+00
2.6899906107745717e-03 2.8093804820523330e-02 0.0000000000000000e+00
2.7281840224221165e-03 2.8383912584124170e-02 0.0000000000000000e+00
2.2391413065375046e-03 2.8836571436827559e-02 0.0000000000000000e+00
1.6500000000000067e-03 3.0135269703863141e-02 0.0000000000000000e+00
1.6500000000000067e-03 3.1514649319821023e-02 0.0000000000000000e+00
1.6500000000000076e-03 3.2894028935778891e-02 0.0000000000000000e+00
1.6500000000000069e-03 3.4273408551736793e-02 0.0000000000000000e+00
1.6500000000000102e-03 3.7073460764479892e-02 0.0000000000000000e+00
1.9546539689827705e-03 3.9904703587616067e-02 0.0000000000000000e+00
2.8143044968956428e-03 4.1063808144653040e-02 0.0000000000000000e+00
4.0756996638133328e-03 4.1764810738914589e-02 0.0000000000000000e+00
7.4452736320841873e-18 2.8280865417978411e-02 0.0000000000000000e+00
6.6382433589812742e-18 2.8673300011355440e-02 0.0000000000000000e+00
6.6987709983731766e-18 2.9222357541929526e-02 0.0000000000000000e+00
7.5748768766868365e-18 2.9990506227381329e-02 0.0000000000000000e+00
6.7080075102149616e-18 3.1062247768618170e-02 0.0000000000000000e+00
7.6775488428695528e-18 3.2483047211988178e-02 0.0000000000000000e+00
8.0274681418765676e-18 3.3952856761238909e-02 0.0000000000000000e+00
8.4956059790053112e-18 3.5422666310489653e-02 0.0000000000000000e+00
8.7864160089514585e-18 3.6892475859740377e-02 0.0000000000000000e+00
9.1363353079584718e-18 3.8362285408991101e-02 0.0000000000000000e+00
9.6635824141480813e-18 3.9832094958241852e-02 0.0000000000000000e+00
1.0013501713155093e-17 4.1301904507492583e-02 0.0000000000000000e+00
1.0304311743101242e-17 4.2771714056743307e-02 0.0000000000000000e+00
1.0654231042108255e-17 4.4241523605994038e-02 0.0000000000000000e+00
1.1122368879236999e-17 4.5711333155244782e-02 0.0000000000000000e+00
1.1472288178244012e-17 4.7181142704495513e-02 0.0000000000000000e+00
1.0264811808456814e-17 4.8650952253746250e-02 0.0000000000000000e+00
1.2467673121562365e-17 5.0120761802997002e-02 0.0000000000000000e+00
1.2935810958691109e-17 5.1590571352247747e-02 0.0000000000000000e+00
1.3581276603002447e-17 5.3060380901498512e-02 0.0000000000000000e+00
1.2373800233215249e-17 5.4530190450749257e-02 0.0000000000000000e+00
2.2207923170995163e-04 2.7999119286414052e-02 0.0000000000000000e+00
4.4414449283443374e-04 2.7996477201060219e-02 0.0000000000000000e+00
6.6618181366685856e-04 2.7992073910147127e-02 0.0000000000000000e+00
8.8817722625827132e-04 2.7985909690677491e-02 0.0000000000000000e+00
1.1101167652961198e-03 2.7977984930430719e-02 0.0000000000000000e+00
1.3319864689827399e-03 2.7968300127938540e-02 0.0000000000000000e+00
1.5537723799136786e-03 2.7956855892453600e-02 0.0000000000000000e+00
1.7754605459557281e-03 2.7943652943911160e-02 0.0000000000000000e+00
1.9970370211246356e-03 2.7928692112883798e-02 0.0000000000000000e+00
2.2184878664623761e-03 2.7911974340529177e-02 0.0000000000000000e+00
2.4397991509141001e-03 2.7893500678530810e-02 0.0000000000000000e+00
3.2809256385180645e-03 2.8699417927574900e-02 0.0000000000000000e+00
3.4563106473432968e-03 2.7785858214369796e-02 0.0000000000000000e+00
3.2577114958690190e-03 2.7809842067327221e-02 0.0000000000000000e+00
3.0589460646162849e-03 2.7832406453157595e-02 0.0000000000000000e+00
2.8600244989499999e-03 2.7853550220131827e-02 0.0000000000000000e+00
7.1916153378429623e-04 2.8641384539422599e-02 0.0000000000000000e+00
3.3043330835955029e-03 5.2365352753759441e-02 0.0000000000000000e+00
3.1966634854963803e-03 4.8569200977809097e-02 0.0000000000000000e+00
2.9019614278327555e-03 4.4976428380619410e-02 0.0000000000000000e+00
2.3771686261821762e-03 2.8214082133043005e-02 0.0000000000000000e+00
4.4524806791302399e-03 5.0414205528850412e-02 0.0000000000000000e+00
2.1431297199940749e-03 5.0660260187671488e-02 0.0000000000000000e+00
5.0938891855945682e-03 5.3731415729169833e-02 0.0000000000000000e+00
1.9689788024665148e-03 2.8418929185812371e-02 0.0000000000000000e+00
2.0650353427237320e-03 4.2821808653062392e-02 0.0000000000000000e+00
1.4634843375069667e-03 2.8444960889211297e-02 0.0000000000000000e+00
2.0203860559650797e-03 5.4029873183813540e-02 0.0000000000000000e+00
3.2810965935262787e-04 2.8328822657560055e-02 0.0000000000000000e+00
4.1182712398549204e-03 4.6608987489626649e-02 0.0000000000000000e+00
2.0999755292166931e-03 4.6877157900847503e-02 0.0000000000000000e+00
3.9410501933838113e-03 4.3535890632048803e-02 0.0000000000000000e+00
7.9762332826628255e-04 2.9393329888078287e-02 0.0000000000000000e+00
4.7963919755136157e-03 5.2022196578761865e-02 0.0000000000000000e+00
4.7342148808651755e-03 4.7997447371177338e-02 0.0000000000000000e+00
1.6065163596206381e-03 5.2172673840251108e-02 0.0000000000000000e+00
1.0751291334611854e-03 2.8418486648007831e-02 0.0000000000000000e+00
1.6065802151319659e-03 4.9296009108668964e-02 0.0000000000000000e+00
3.5352182626041482e-03 5.4448400992274937e-02 0.0000000000000000e+00
4.4737772520804494e-03 4.5221062217917170e-02 0.0000000000000000e+00
1.3889011143937246e-03 4.4924793965769233e-02 0.0000000000000000e+00
1.4582478442677627e-03 4.1728193338429517e-02 0.0000000000000000e+00
5.3450924830545973e-03 4.9531972337769369e-02 0.0000000000000000e+00
1.6816572497811411e-03 2.8203009187288741e-02 0.0000000000000000e+00
3.1544538739839648e-03 4.9889764247929715e-02 0.0000000000000000e+00
1.1588699290337595e-03 4.7823465950597992e-02 0.0000000000000000e+00
1.2362316425112826e-03 2.8210818234012038e-02 0.0000000000000000e+00
8.1900369466065019e-04 2.8235620268773892e-02 0.0000000000000000e+00
5.5912098487029115e-03 5.0692695949342725e-02 0.0000000000000000e+00
3.3298712684569627e-03 5.1185140781119173e-02 0.0000000000000000e+00
3.6860724596993676e-04 2.8912847053255711e-02 0.0000000000000000e+00
7.9831072094347906e-04 3.0644775066344193e-02 0.0000000000000000e+00
5.9933934632511810e-03 5.4511087412266852e-02 0.0000000000000000e+00
8.8172153836040771e-04 4.0428105665482938e-02 0.0000000000000000e+00
1.0522949710011344e-03 4.3476280870835757e-02 0.0000000000000000e+00
2.4370326588243484e-03 2.8548507432146739e-02 0.0000000000000000e+00
2.9823948218874090e-03 4.2246732267017598e-02 0.0000000000000000e+00
1.0383556064589969e-03 5.0793087063868723e-02 0.0000000000000000e+00
1.1606159835589333e-03 5.4823331393798171e-02 0.0000000000000000e+00
2.1016069958334003e-03 2.8129212568117193e-02 0.0000000000000000e+00
5.1569741191798239e-03 4.6669783533232798e-02 0.0000000000000000e+00
4.7519745934071472e-03 4.2736075018025954e-02 0.0000000000000000e+00
1.1410796666037474e-03 2.8762459065197029e-02 0.0000000000000000e+00
3.2488596379638517e-03 4.7344432180891162e-02 0.0000000000000000e+00
4.1979978756941788e-03 4.9213768903459201e-02 0.0000000000000000e+00
1.1243114561024375e-03 4.6376151336854757e-02 0.0000000000000000e+00
4.9246457439192804e-03 4.4041510512825087e-02 0.0000000000000000e+00
5.8229194826805580e-03 5.2868133669886040e-02 0.0000000000000000e+00
7.6819318880134719e-04 3.1913220745939483e-02 0.0000000000000000e+00
3.1192404151957911e-03 4.6110135975988002e-02 0.0000000000000000e+00
9.4371896011024128e-04 3.9251465985860982e-02 0.0000000000000000e+00
1.1206226011937204e-03 5.3634519206939422e-02 0.0000000000000000e+00
4.9216729588246579e-03 5.4838814126280694e-02 0.0000000000000000e+00
2.6893260340917482e-03 4.3783616630380162e-02 0.0000000000000000e+00
2.2443112528065970e-03 5.5053674697148419e-02 0.0000000000000000e+00
1.1159828503789902e-04 2.8140432708989190e-02 0.0000000000000000e+00
2.4934738569113877e-03 5.3063306792470462e-02 0.0000000000000000e+00
3.9725699433853061e-03 5.3294235900827096e-02 0.0000000000000000e+00
8.7649360309669997e-04 3.7783797062872507e-02 0.0000000000000000e+00
1.4534264157391621e-03 2.8156788866180841e-02 0.0000000000000000e+00
5.7234437769566600e-04 2.8211834608218137e-02 0.0000000000000000e+00
8.6009645170688216e-04 3.6316641100428843e-02 0.0000000000000000e+00
2.2463447197902725e-03 4.7913818822702930e-02 0.0000000000000000e+00
2.5419788350188265e-03 2.8018664980282271e-02 0.0000000000000000e+00
8.7849392276124268e-04 3.5021616515182943e-02 0.0000000000000000e+00
1.0257316924375014e-03 2.8165763954380401e-02 0.0000000000000000e+00
1.8995174140061305e-03 2.8132686770392636e-02 0.0000000000000000e+00
7.3704947536602208e-04 3.3176173726672913e-02 0.0000000000000000e+00
2.1186620386688944e-03 4.5820385178346572e-02 0.0000000000000000e+00
3.6856930186775047e-03 6.2143920004152878e-02 0.0000000000000000e+00
2.3560107620045675e-03 5.8094109638221703e-02 0.0000000000000000e+00
5.6336645483027513e-03 5.8224978365096484e-02 0.0000000000000000e+00
1.6469789706474933e-03 6.4022348832969325e-02 0.0000000000000000e+00
6.6611906425575740e-03 6.3520232249540454e-02 0.0000000000000000e+00
3.3736613741523415e-03 2.8097928460140489e-02 0.0000000000000000e+00
2.9895138713875741e-03 2.8125488736335719e-02 0.0000000000000000e+00
3.1085944346198116e-03 2.8425513641414615e-02 0.0000000000000000e+00
3.4507667094842011e-03 2.8424002305138321e-02 0.0000000000000000e+00
3.1699582015063052e-03 2.7966416429240259e-02 0.0000000000000000e+00
3.5594616361714401e-03 2.7890620336968340e-02 0.0000000000000000e+00
2.7711441677399089e-03 2.7970943309482608e-02 0.0000000000000000e+00
2.6405114837795948e-03 2.9801627074748285e-02 0.0000000000000000e+00
3.6468467788546826e-03 3.9548020286110250e-02 0.0000000000000000e+00
3.1924478906153520e-03 3.6291326624401807e-02 0.0000000000000000e+00
3.0432152299251485e-03 3.2118313513289927e-02 0.0000000000000000e+00
3.0054041905841905e-03 3.4212870103426316e-02 0.0000000000000000e+00
3.0214793861764741e-03 3.7828684844163740e-02 0.0000000000000000e+00
2.7750000000000000e-02 0.0000000000000000e+00 0.0000000000000000e+00
1.6991974338169530e-18 2.7750000000000000e-02 0.0000000000000000e+00
2.7833333333333331e-02 0.0000000000000000e+00 0.0000000000000000e+00
1.7043001288134000e-18 2.7833333333333331e-02 0.0000000000000000e+00
2.7916666666666669e-02 0.0000000000000000e+00 0.0000000000000000e+00
1.7094028238098470e-18 2.7916666666666669e-02 0.0000000000000000e+00
2.4082348569487869e-04 2.7748955008229371e-02 0.0000000000000000e+00
4.8162883383583632e-04 2.7745820111620741e-02 0.0000000000000000e+00
7.2239790823494163e-04 2.7740595546277981e-02 0.0000000000000000e+00
9.6311257543628956e-04 2.7733281705687781e-02 0.0000000000000000e+00
1.2037547060815639e-03 2.7723879140690012e-02 0.0000000000000000e+00
1.4443061762755430e-03 2.7712388559436231e-02 0.0000000000000000e+00
1.6847488689510741e-03 2.7698810827336402e-02 0.0000000000000000e+00
1.9250646752335249e-03 2.7683146966993619e-02 0.0000000000000000e+00
2.1652354958047542e-03 2.7665398158127189e-02 0.0000000000000000e+00
2.4052432422661022e-03 2.7645565737483710e-02 0.0000000000000000e+00
2.6450698385008168e-03 2.7623651198736440e-02 0.0000000000000000e+00
2.8846972220354259e-03 2.7599656192372781e-02 0.0000000000000000e+00
3.1241073454000789e-03 2.7573582525569969e-02 0.0000000000000000e+00
3.3632821774878911e-03 2.7545432162058962e-02 0.0000000000000000e+00
3.6022037049128000e-03 2.7515207221976590e-02 0.0000000000000000e+00
3.8408539333663369e-03 2.7482909981705800e-02 0.0000000000000000e+00
4.0792148889728444e-03 2.7448542873704289e-02 0.0000000000000000e+00
4.3172686196431363e-03 2.7412108486321231e-02 0.0000000000000000e+00
4.5549971964266699e-03 2.7373609563602411e-02 0.0000000000000000e+00
4.7923827148616980e-03 2.7333049005083480e-02 0.0000000000000000e+00
5.0294072963238427e-03 2.7290429865571640e-02 0.0000000000000000e+00
5.2660530893725958e-03 2.7245755354915548e-02 0.0000000000000000e+00
5.5023022710957688e-03 2.7199028837763570e-02 0.0000000000000000e+00
5.7381370484519160e-03 2.7150253833310350e-02 0.0000000000000000e+00
5.9735396596102682e-03 2.7099434015031811e-02 0.0000000000000000e+00
6.2084923752885619e-03 2.7046573210408442e-02 0.0000000000000000e+00
6.4429775000882572e-03 2.6991675400637068e-02 0.0000000000000000e+00
6.6769773738273672e-03 2.6934744720330979e-02 0.0000000000000000e+00
6.9104743728703811e-03 2.6875785457208531e-02 0.0000000000000000e+00
7.1434509114556791e-03 2.6814802051770271e-02 0.0000000000000000e+00
7.3758894430199767e-03 2.6751799096964419e-02 0.0000000000000000e+00
7.6077724615198150e-03 2.6686781337841040e-02 0.0000000000000000e+00
7.8390825027501200e-03 2.6619753671194572e-02 0.0000000000000000e+00
8.0698021456593657e-03 2.6550721145195130e-02 0.0000000000000000e+00
8.2999140136617404e-03 2.6479688959008211e-02 0.0000000000000000e+00
8.5294007759458296e-03 2.6406662462403210e-02 0.0000000000000000e+00
8.7582451487798561e-03 2.6331647155350430e-02 0.0000000000000000e+00
8.9864298968135008e-03 2.6254648687606859e-02 0.0000000000000000e+00
9.2139378343758273e-03 2.6175672858290720e-02 0.0000000000000000e+00
9.4407518267697176e-03 2.6094725615444670e-02 0.0000000000000000e+00
9.6668547915623459e-03 2.6011813055587800e-02 0.0000000000000000e+00
9.8922296998717029e-03 2.5926941423256550e-02 0.0000000000000000e+00
1.0116859577649221e-02 2.5840117110534300e-02 0.0000000000000000e+00
1.0340727506958041e-02 2.5751346656570050e-02 0.0000000000000000e+00
1.0563816627247240e-02 2.5660636747085890e-02 0.0000000000000000e+00
1.0786110136621710e-02 2.5567994213873450e-02 0.0000000000000000e+00
1.1007591293107509e-02 2.5473426034279399e-02 0.0000000000000000e+00
1.1228243415912930e-02 2.5376939330679891e-02 0.0000000000000000e+00
1.1448049886684590e-02 2.5278541369944209e-02 0.0000000000000000e+00
1.1666994150759219e-02 2.5178239562887440e-02 0.0000000000000000e+00
1.1885059718410380e-02 2.5076041463712308e-02 0.0000000000000000e+00
1.2102230166090411e-02 2.4971954769440280e-02 0.0000000000000000e+00
1.2318489137667411e-02 2.4865987319331800e-02 0.0000000000000000e+00
1.2533820345656990e-02 2.4758147094295951e-02 0.0000000000000000e+00
1.2748207572449030e-02 2.4648442216289309e-02 0.0000000000000000e+00
1.2961634671529110e-02 2.4536880947704301e-02 0.0000000000000000e+00
1.3174085568694529e-02 2.4423471690746889e-02 0.0000000000000000e+00
1.3385544263265020e-02 2.4308222986803730e-02 0.0000000000000000e+00
1.3595994829287720e-02 2.4191143515798950e-02 0.0000000000000000e+00
1.3805421416736720e-02 2.4072242095540399e-02 0.0000000000000000e+00
1.4013808252706759e-02 2.3951527681055500e-02 0.0000000000000000e+00
1.4221139642601150e-02 2.3829009363916871e-02 0.0000000000000000e+00
1.4427399971313910e-02 2.3704696371557501e-02 0.0000000000000000e+00
1.4632573704405650e-02 2.3578598066575890e-02 0.0000000000000000e+00
1.4836645389273651e-02 2.3450723946030851e-02 0.0000000000000000e+00
1.5039599656315650e-02 2.3321083640726260e-02 0.0000000000000000e+00
1.5241421220087439e-02 2.3189686914485679e-02 0.0000000000000000e+00
1.5442094880453989e-02 2.3056543663417039e-02 0.0000000000000000e+00
1.5641605523734319e-02 2.2921663915167329e-02 0.0000000000000000e+00
1.5839938123839738e-02 2.2785057828167310e-02 0.0000000000000000e+00
1.6037077743405560e-02 2.2646735690866490e-02 0.0000000000000000e+00
1.6233009534916128e-02 2.2506707920958189e-02 0.0000000000000000e+00
1.6427718741822989e-02 2.2364985064595010e-02 0.0000000000000000e+00
1.6621190699656289e-02 2.2221577795594510e-02 0.0000000000000000e+00
1.6813410837129301e-02 2.2076496914635330e-02 0.0000000000000000e+00
1.7004364677235720e-02 2.1929753348443711e-02 0.0000000000000000e+00
1.7194037838340181e-02 2.1781358148970559e-02 0.0000000000000000e+00
1.7382416035261219e-02 2.1631322492559110e-02 0.0000000000000000e+00
1.7569485080347259e-02 2.1479657679103151e-02 0.0000000000000000e+00
1.7755230884545149e-02 2.1326375131195979e-02 0.0000000000000000e+00
1.7939639458461210e-02 2.1171486393270111e-02 0.0000000000000000e+00
1.8122696913414969e-02 2.1015003130727811e-02 0.0000000000000000e+00
1.8304389462485051e-02 2.0856937129062510e-02 0.0000000000000000e+00
1.8484703421547580e-02 2.0697300292971239e-02 0.0000000000000000e+00
1.8663625210306820e-02 2.0536104645457950e-02 0.0000000000000000e+00
1.8841141353317940e-02 2.0373362326928081e-02 0.0000000000000000e+00
1.9017238481001980e-02 2.0209085594274111e-02 0.0000000000000000e+00
1.9191903330652672e-02 2.0043286819952530e-02 0.0000000000000000e+00
1.9365122747435369e-02 1.9875978491051990e-02 0.0000000000000000e+00
1.9536883685377839e-02 1.9707173208352771e-02 0.0000000000000000e+00
1.9707173208352712e-02 1.9536883685377902e-02 0.0000000000000000e+00
1.9875978491051920e-02 1.9365122747435431e-02 0.0000000000000000e+00
2.0043286819952471e-02 1.9191903330652731e-02 0.0000000000000000e+00
2.0209085594274048e-02 1.9017238481002049e-02 0.0000000000000000e+00
2.0373362326928029e-02 1.8841141353318009e-02 0.0000000000000000e+00
2.0536104645457891e-02 1.8663625210306879e-02 0.0000000000000000e+00
2.0697300292971180e-02 1.8484703421547639e-02 0.0000000000000000e+00
2.0856937129062451e-02 1.8304389462485110e-02 0.0000000000000000e+00
2.1015003130727749e-02 1.8122696913415039e-02 0.0000000000000000e+00
2.1171486393270059e-02 1.7939639458461269e-02 0.0000000000000000e+00
2.1326375131195941e-02 1.7755230884545191e-02 0.0000000000000000e+00
2.1479657679103099e-02 1.7569485080347329e-02 0.0000000000000000e+00
2.1631322492559061e-02 1.7382416035261281e-02 0.0000000000000000e+00
2.1781358148970510e-02 1.7194037838340250e-02 0.0000000000000000e+00
2.1929753348443659e-02 1.7004364677235789e-02 0.0000000000000000e+00
2.2076496914635289e-02 1.6813410837129349e-02 0.0000000000000000e+00
2.2221577795594461e-02 1.6621190699656369e-02 0.0000000000000000e+00
2.2364985064594958e-02 1.6427718741823059e-02 0.0000000000000000e+00
2.2506707920958140e-02 1.6233009534916201e-02 0.0000000000000000e+00
2.2646735690866442e-02 1.6037077743405629e-02 0.0000000000000000e+00
2.2785057828167279e-02 1.5839938123839790e-02 0.0000000000000000e+00
2.2921663915167301e-02 1.5641605523734371e-02 0.0000000000000000e+00
2.3056543663417011e-02 1.5442094880454039e-02 0.0000000000000000e+00
2.3189686914485631e-02 1.5241421220087511e-02 0.0000000000000000e+00
2.3321083640726211e-02 1.5039599656315720e-02 0.0000000000000000e+00
2.3450723946030819e-02 1.4836645389273701e-02 0.0000000000000000e+00
2.3578598066575859e-02 1.4632573704405700e-02 0.0000000000000000e+00
2.3704696371557470e-02 1.4427399971313960e-02 0.0000000000000000e+00
2.3829009363916839e-02 1.4221139642601211e-02 0.0000000000000000e+00
2.3951527681055469e-02 1.4013808252706809e-02 0.0000000000000000e+00
2.4072242095540361e-02 1.3805421416736770e-02 0.0000000000000000e+00
2.4191143515798919e-02 1.3595994829287771e-02 0.0000000000000000e+00
2.4308222986803699e-02 1.3385544263265070e-02 0.0000000000000000e+00
2.4423471690746861e-02 1.3174085568694580e-02 0.0000000000000000e+00
2.4536880947704270e-02 1.2961634671529170e-02 0.0000000000000000e+00
2.4648442216289281e-02 1.2748207572449091e-02 0.0000000000000000e+00
2.4758147094295919e-02 1.2533820345657041e-02 0.0000000000000000e+00
2.4865987319331779e-02 1.2318489137667470e-02 0.0000000000000000e+00
2.4971954769440259e-02 1.2102230166090470e-02 0.0000000000000000e+00
2.5076041463712291e-02 1.1885059718410409e-02 0.0000000000000000e+00
2.5178239562887408e-02 1.1666994150759270e-02 0.0000000000000000e+00
2.5278541369944181e-02 1.1448049886684641e-02 0.0000000000000000e+00
2.5376939330679870e-02 1.1228243415912980e-02 0.0000000000000000e+00
2.5473426034279378e-02 1.1007591293107570e-02 0.0000000000000000e+00
2.5567994213873440e-02 1.0786110136621740e-02 0.0000000000000000e+00
2.5660636747085880e-02 1.0563816627247270e-02 0.0000000000000000e+00
2.5751346656570029e-02 1.0340727506958089e-02 0.0000000000000000e+00
2.5840117110534279e-02 1.0116859577649280e-02 0.0000000000000000e+00
2.5926941423256529e-02 9.8922296998717602e-03 0.0000000000000000e+00
2.6011813055587790e-02 9.6668547915623806e-03 0.0000000000000000e+00
2.6094725615444660e-02 9.4407518267697541e-03 0.0000000000000000e+00
2.6175672858290699e-02 9.2139378343758845e-03 0.0000000000000000e+00
2.6254648687606841e-02 8.9864298968135581e-03 0.0000000000000000e+00
2.6331647155350409e-02 8.7582451487799133e-03 0.0000000000000000e+00
2.6406662462403200e-02 8.5294007759458643e-03 0.0000000000000000e+00
2.6479688959008200e-02 8.2999140136617751e-03 0.0000000000000000e+00
2.6550721145195109e-02 8.0698021456594004e-03 0.0000000000000000e+00
2.6619753671194561e-02 7.8390825027501530e-03 0.0000000000000000e+00
2.6686781337841019e-02 7.6077724615198740e-03 0.0000000000000000e+00
2.6751799096964419e-02 7.3758894430200122e-03 0.0000000000000000e+00
2.6814802051770260e-02 7.1434509114557147e-03 0.0000000000000000e+00
2.6875785457208520e-02 6.9104743728704166e-03 0.0000000000000000e+00
2.6934744720330969e-02 6.6769773738274028e-03 0.0000000000000000e+00
2.6991675400637061e-02 6.4429775000882919e-03 0.0000000000000000e+00
2.7046573210408442e-02 6.2084923752885974e-03 0.0000000000000000e+00
2.7099434015031811e-02 5.9735396596103047e-03 0.0000000000000000e+00
2.7150253833310340e-02 5.7381370484519516e-03 0.0000000000000000e+00
2.7199028837763560e-02 5.5023022710958044e-03 0.0000000000000000e+00
2.7245755354915541e-02 5.2660530893726088e-03 0.0000000000000000e+00
2.7290429865571640e-02 5.0294072963238540e-03 0.0000000000000000e+00
2.7333049005083470e-02 4.7923827148617336e-03 0.0000000000000000e+00
2.7373609563602401e-02 4.5549971964267064e-03 0.0000000000000000e+00
2.7412108486321231e-02 4.3172686196431727e-03 0.0000000000000000e+00
2.7448542873704278e-02 4.0792148889728548e-03 0.0000000000000000e+00
2.7482909981705800e-02 3.8408539333663490e-03 0.0000000000000000e+00
2.7515207221976579e-02 3.6022037049128360e-03 0.0000000000000000e+00
2.7545432162058962e-02 3.3632821774879271e-03 0.0000000000000000e+00
2.7573582525569958e-02 3.1241073454001149e-03 0.0000000000000000e+00
2.7599656192372781e-02 2.8846972220354381e-03 0.0000000000000000e+00
2.7623651198736440e-02 2.6450698385008290e-03 0.0000000000000000e+00
2.7645565737483710e-02 2.4052432422661139e-03 0.0000000000000000e+00
2.7665398158127179e-02 2.1652354958047910e-03 0.0000000000000000e+00
2.7683146966993619e-02 1.9250646752335620e-03 0.0000000000000000e+00
2.7698810827336402e-02 1.6847488689510860e-03 0.0000000000000000e+00
2.7712388559436231e-02 1.4443061762755549e-03 0.0000000000000000e+00
2.7723879140690012e-02 1.2037547060815760e-03 0.0000000000000000e+00
2.7733281705687781e-02 9.6311257543630149e-04 0.0000000000000000e+00
2.7740595546277981e-02 7.2239790823495356e-04 0.0000000000000000e+00
2.7745820111620741e-02 4.8162883383584808e-04 0.0000000000000000e+00
2.7748955008229371e-02 2.4082348569489059e-04 0.0000000000000000e+00
2.7832285203449280e-02 2.4154667934561579e-04 0.0000000000000000e+00
2.7829140892736720e-02 4.8307516667016738e-04 0.0000000000000000e+00
2.7823900638008551e-02 7.2456727132274841e-04 0.0000000000000000e+00
2.7816564833933091e-02 9.6600480539255648e-04 0.0000000000000000e+00
2.7807134033004392e-02 1.2073695850788070e-03 0.0000000000000000e+00
2.7795608945500611e-02 1.4486434320601560e-03 0.0000000000000000e+00
2.7781990439430509e-02 1.6898081748638290e-03 0.0000000000000000e+00
2.7766279540468081e-02 1.9308456502342400e-03 0.0000000000000000e+00
2.7748477431875321e-02 2.1717377045008660e-03 0.0000000000000000e+00
2.7728585454413091e-02 2.4124661949455821e-03 0.0000000000000000e+00
2.7706605106240161e-02 2.6530129911689769e-03 0.0000000000000000e+00
2.7682538042800329e-02 2.8933599764559420e-03 0.0000000000000000e+00
2.7656386076697799e-02 3.1334890491400329e-03 0.0000000000000000e+00
2.7628151177560640e-02 3.3733821239668349e-03 0.0000000000000000e+00
2.7597835471892439e-02 3.6130211334560831e-03 0.0000000000000000e+00
2.7565441242912131e-02 3.8523880292623209e-03 0.0000000000000000e+00
2.7530970930382079e-02 4.0914647835343116e-03 0.0000000000000000e+00
2.7494427130424309e-02 4.3302333902726971e-03 0.0000000000000000e+00
2.7455812595324942e-02 4.5686758666862110e-03 0.0000000000000000e+00
2.7415130233326972e-02 4.8067742545459691e-03 0.0000000000000000e+00
2.7372383108411200e-02 5.0445106215380184e-03 0.0000000000000000e+00
2.7327574440065450e-02 5.2818670626139453e-03 0.0000000000000000e+00
2.7280707603042138e-02 5.5188257013393024e-03 0.0000000000000000e+00
2.7231786127104082e-02 5.7553686912400611e-03 0.0000000000000000e+00
2.7180813696758638e-02 5.9914782171466372e-03 0.0000000000000000e+00
2.7127794150980249e-02 6.2271364965356636e-03 0.0000000000000000e+00
2.7072731482921261e-02 6.4623257808693168e-03 0.0000000000000000e+00
2.7015629839611251e-02 6.6970283569319560e-03 0.0000000000000000e+00
2.6956493521644601e-02 6.9312265481642878e-03 0.0000000000000000e+00
2.6895326982856672e-02 7.1649027159945743e-03 0.0000000000000000e+00
2.6832134829988349e-02 7.3980392611671733e-03 0.0000000000000000e+00
2.6766921822339061e-02 7.6306186250679371e-03 0.0000000000000000e+00
2.6699692871408370e-02 7.8626232910466685e-03 0.0000000000000000e+00
2.6630453040526039e-02 8.0940357857364215e-03 0.0000000000000000e+00
2.6559207544470709e-02 8.3248386803694233e-03 0.0000000000000000e+00
2.6485961749077101e-02 8.5550145920898005e-03 0.0000000000000000e+00
2.6410721170831951e-02 8.7845461852626913e-03 0.0000000000000000e+00
2.6333491476458529e-02 9.0134161727799100e-03 0.0000000000000000e+00
2.6254278482489801e-02 9.2416073173619429e-03 0.0000000000000000e+00
2.6173088154830399e-02 9.4691024328561052e-03 0.0000000000000000e+00
2.6089926608307289e-02 9.6958843855309909e-03 0.0000000000000000e+00
2.6004800106209269e-02 9.9219360953668144e-03 0.0000000000000000e+00
2.5917715059815181e-02 1.0147240537341860e-02 0.0000000000000000e+00
2.5828678027911101e-02 1.0371780742714670e-02 0.0000000000000000e+00
2.5737695716296371e-02 1.0595539800302031e-02 0.0000000000000000e+00
2.5644774977278489e-02 1.0818500857752690e-02 0.0000000000000000e+00
2.5549922809157119e-02 1.1040647122816549e-02 0.0000000000000000e+00
2.5453146355696950e-02 1.1261961864609361e-02 0.0000000000000000e+00
2.5354452905589700e-02 1.1482428414872820e-02 0.0000000000000000e+00
2.5253849891905121e-02 1.1702030169229960e-02 0.0000000000000000e+00
2.5151344891531272e-02 1.1920750588435629e-02 0.0000000000000000e+00
2.5046945624603769e-02 1.2138573199622220e-02 0.0000000000000000e+00
2.4940659953924391e-02 1.2355481597540290e-02 0.0000000000000000e+00
2.4832495884368911e-02 1.2571459445794100e-02 0.0000000000000000e+00
2.4722461562284179e-02 1.2786490478071989e-02 0.0000000000000000e+00
2.4610565274874589e-02 1.3000558499371531e-02 0.0000000000000000e+00
2.4496815449577949e-02 1.3213647387219149e-02 0.0000000000000000e+00
2.4381220653430759e-02 1.3425741092884431e-02 0.0000000000000000e+00
2.4263789592422969e-02 1.3636823642588889e-02 0.0000000000000000e+00
2.4144531110842318e-02 1.3846879138708900e-02 0.0000000000000000e+00
2.4023454190608230e-02 1.4055891760973140e-02 0.0000000000000000e+00
2.3900567950595291e-02 1.4263845767654019e-02 0.0000000000000000e+00
2.3775881645946569e-02 1.4470725496753290e-02 0.0000000000000000e+00
2.3649404667376420e-02 1.4676515367181640e-02 0.0000000000000000e+00
2.3521146540463379e-02 1.4881199879932130e-02 0.0000000000000000e+00
2.3391116924932641e-02 1.5084763619247540e-02 0.0000000000000000e+00
2.3259325613928569e-02 1.5287191253781409e-02 0.0000000000000000e+00
2.3125782533277149e-02 1.5488467537752669e-02 0.0000000000000000e+00
2.2990497740738410e-02 1.5688577312093881e-02 0.0000000000000000e+00
2.2853481425248890e-02 1.5887505505593012e-02 0.0000000000000000e+00
2.2714743906154359e-02 1.6085237136028420e-02 0.0000000000000000e+00
2.2574295632432531e-02 1.6281757311297270e-02 0.0000000000000000e+00
2.2432147181906101e-02 1.6477051230537179e-02 0.0000000000000000e+00
2.2288309260446140e-02 1.6671104185240860e-02 0.0000000000000000e+00
2.2142792701165759e-02 1.6863901560363919e-02 0.0000000000000000e+00
2.1995608463604190e-02 1.7055428835425639e-02 0.0000000000000000e+00
2.1846767632901391e-02 1.7245671585602480e-02 0.0000000000000000e+00
2.1696281418963181e-02 1.7434615482814570e-02 0.0000000000000000e+00
2.1544161155616970e-02 1.7622246296804769e-02 0.0000000000000000e+00
2.1390418299758129e-02 1.7808549896210450e-02 0.0000000000000000e+00
2.1235064430487130e-02 1.7993512249627780e-02 0.0000000000000000e+00
2.1078111248237490e-02 1.8177119426668480e-02 0.0000000000000000e+00
2.0919570573894521e-02 1.8359357599009040e-02 0.0000000000000000e+00
2.0759454347905080e-02 1.8540213041432111e-02 0.0000000000000000e+00
2.0597774629378250e-02 1.8719672132860299e-02 0.0000000000000000e+00
2.0434543595177102e-02 1.8897721357381981e-02 0.0000000000000000e+00
2.0269773539001640e-02 1.9074347305269281e-02 0.0000000000000000e+00
2.0103476870462891e-02 1.9249536673987971e-02 0.0000000000000000e+00
1.9935666114148230e-02 1.9423276269199451e-02 0.0000000000000000e+00
1.9766353908678150e-02 1.9595553005754360e-02 0.0000000000000000e+00
1.9595553005754392e-02 1.9766353908678119e-02 0.0000000000000000e+00
1.9423276269199489e-02 1.9935666114148199e-02 0.0000000000000000e+00
1.9249536673988019e-02 2.0103476870462850e-02 0.0000000000000000e+00
1.9074347305269308e-02 2.0269773539001609e-02 0.0000000000000000e+00
1.8897721357382019e-02 2.0434543595177070e-02 0.0000000000000000e+00
1.8719672132860340e-02 2.0597774629378209e-02 0.0000000000000000e+00
1.8540213041432149e-02 2.0759454347905049e-02 0.0000000000000000e+00
1.8359357599009082e-02 2.0919570573894479e-02 0.0000000000000000e+00
1.8177119426668539e-02 2.1078111248237441e-02 0.0000000000000000e+00
1.7993512249627829e-02 2.1235064430487088e-02 0.0000000000000000e+00
1.7808549896210491e-02 2.1390418299758091e-02 0.0000000000000000e+00
1.7622246296804811e-02 2.1544161155616939e-02 0.0000000000000000e+00
1.7434615482814601e-02 2.1696281418963161e-02 0.0000000000000000e+00
1.7245671585602512e-02 2.1846767632901359e-02 0.0000000000000000e+00
1.7055428835425691e-02 2.1995608463604151e-02 0.0000000000000000e+00
1.6863901560363971e-02 2.2142792701165731e-02 0.0000000000000000e+00
1.6671104185240902e-02 2.2288309260446119e-02 0.0000000000000000e+00
1.6477051230537221e-02 2.2432147181906070e-02 0.0000000000000000e+00
1.6281757311297312e-02 2.2574295632432500e-02 0.0000000000000000e+00
1.6085237136028468e-02 2.2714743906154331e-02 0.0000000000000000e+00
1.5887505505593060e-02 2.2853481425248859e-02 0.0000000000000000e+00
1.5688577312093929e-02 2.2990497740738369e-02 0.0000000000000000e+00
1.5488467537752701e-02 2.3125782533277121e-02 0.0000000000000000e+00
1.5287191253781449e-02 2.3259325613928551e-02 0.0000000000000000e+00
1.5084763619247580e-02 2.3391116924932620e-02 0.0000000000000000e+00
1.4881199879932180e-02 2.3521146540463351e-02 0.0000000000000000e+00
1.4676515367181691e-02 2.3649404667376389e-02 0.0000000000000000e+00
1.4470725496753340e-02 2.3775881645946531e-02 0.0000000000000000e+00
1.4263845767654061e-02 2.3900567950595270e-02 0.0000000000000000e+00
1.4055891760973179e-02 2.4023454190608209e-02 0.0000000000000000e+00
1.3846879138708929e-02 2.4144531110842301e-02 0.0000000000000000e+00
1.3636823642588940e-02 2.4263789592422941e-02 0.0000000000000000e+00
1.3425741092884479e-02 2.4381220653430739e-02 0.0000000000000000e+00
1.3213647387219189e-02 2.4496815449577929e-02 0.0000000000000000e+00
1.3000558499371571e-02 2.4610565274874568e-02 0.0000000000000000e+00
1.2786490478072029e-02 2.4722461562284161e-02 0.0000000000000000e+00
1.2571459445794150e-02 2.4832495884368880e-02 0.0000000000000000e+00
1.2355481597540340e-02 2.4940659953924370e-02 0.0000000000000000e+00
1.2138573199622270e-02 2.5046945624603741e-02 0.0000000000000000e+00
1.1920750588435671e-02 2.5151344891531251e-02 0.0000000000000000e+00
1.1702030169230000e-02 2.5253849891905111e-02 0.0000000000000000e+00
1.1482428414872859e-02 2.5354452905589679e-02 0.0000000000000000e+00
1.1261961864609420e-02 2.5453146355696930e-02 0.0000000000000000e+00
1.1040647122816600e-02 2.5549922809157091e-02 0.0000000000000000e+00
1.0818500857752740e-02 2.5644774977278469e-02 0.0000000000000000e+00
1.0595539800302070e-02 2.5737695716296350e-02 0.0000000000000000e+00
1.0371780742714699e-02 2.5828678027911091e-02 0.0000000000000000e+00
1.0147240537341900e-02 2.5917715059815171e-02 0.0000000000000000e+00
9.9219360953668682e-03 2.6004800106209251e-02 0.0000000000000000e+00
9.6958843855310343e-03 2.6089926608307279e-02 0.0000000000000000e+00
9.4691024328561486e-03 2.6173088154830378e-02 0.0000000000000000e+00
9.2416073173619724e-03 2.6254278482489780e-02 0.0000000000000000e+00
9.0134161727799395e-03 2.6333491476458519e-02 0.0000000000000000e+00
8.7845461852627347e-03 2.6410721170831940e-02 0.0000000000000000e+00
8.5550145920898456e-03 2.6485961749077080e-02 0.0000000000000000e+00
8.3248386803694667e-03 2.6559207544470689e-02 0.0000000000000000e+00
8.0940357857364545e-03 2.6630453040526029e-02 0.0000000000000000e+00
7.8626232910466998e-03 2.6699692871408359e-02 0.0000000000000000e+00
7.6306186250679571e-03 2.6766921822339050e-02 0.0000000000000000e+00
7.3980392611672184e-03 2.6832134829988329e-02 0.0000000000000000e+00
7.1649027159946194e-03 2.6895326982856661e-02 0.0000000000000000e+00
6.9312265481643208e-03 2.6956493521644590e-02 0.0000000000000000e+00
6.6970283569319881e-03 2.7015629839611241e-02 0.0000000000000000e+00
6.4623257808693367e-03 2.7072731482921261e-02 0.0000000000000000e+00
6.2271364965356844e-03 2.7127794150980239e-02 0.0000000000000000e+00
5.9914782171466693e-03 2.7180813696758632e-02 0.0000000000000000e+00
5.7553686912400941e-03 2.7231786127104071e-02 0.0000000000000000e+00
5.5188257013393336e-03 2.7280707603042131e-02 0.0000000000000000e+00
5.2818670626139661e-03 2.7327574440065439e-02 0.0000000000000000e+00
5.0445106215380384e-03 2.7372383108411190e-02 0.0000000000000000e+00
4.8067742545459778e-03 2.7415130233326972e-02 0.0000000000000000e+00
4.5686758666862439e-03 2.7455812595324931e-02 0.0000000000000000e+00
4.3302333902727301e-03 2.7494427130424302e-02 0.0000000000000000e+00
4.0914647835343333e-03 2.7530970930382079e-02 0.0000000000000000e+00
3.8523880292623430e-03 2.7565441242912121e-02 0.0000000000000000e+00
3.6130211334560909e-03 2.7597835471892429e-02 0.0000000000000000e+00
3.3733821239668692e-03 2.7628151177560640e-02 0.0000000000000000e+00
3.1334890491400542e-03 2.7656386076697799e-02 0.0000000000000000e+00
2.8933599764559628e-03 2.7682538042800329e-02 0.0000000000000000e+00
2.6530129911689982e-03 2.7706605106240151e-02 0.0000000000000000e+00
2.4124661949455899e-03 2.7728585454413091e-02 0.0000000000000000e+00
2.1717377045008751e-03 2.7748477431875321e-02 0.0000000000000000e+00
1.9308456502342610e-03 2.7766279540468071e-02 0.0000000000000000e+00
1.6898081748638501e-03 2.7781990439430498e-02 0.0000000000000000e+00
1.4486434320601651e-03 2.7795608945500611e-02 0.0000000000000000e+00
1.2073695850788159e-03 2.7807134033004392e-02 0.0000000000000000e+00
9.6600480539256505e-04 2.7816564833933091e-02 0.0000000000000000e+00
7.2456727132274451e-04 2.7823900638008551e-02 0.0000000000000000e+00
4.8307516667018841e-04 2.7829140892736720e-02 0.0000000000000000e+00
2.4154667934562430e-04 2.7832285203449280e-02 0.0000000000000000e+00
2.7915615398669179e-02 2.4226987299635111e-04 0.0000000000000000e+00
2.7912461673852699e-02 4.8452149950450923e-04 0.0000000000000000e+00
2.7907205729739110e-02 7.2673663441054099e-04 0.0000000000000000e+00
2.7899847962178391e-02 9.6889703534882156e-04 0.0000000000000000e+00
2.7890388925318779e-02 1.2109844640760491e-03 0.0000000000000000e+00
2.7878829331564981e-02 1.4529806878447670e-03 0.0000000000000000e+00
2.7865170051524609e-02 1.6948674807765950e-03 0.0000000000000000e+00
2.7849412113942529e-02 1.9366266252349420e-03 0.0000000000000000e+00
2.7831556705623449e-02 2.1782399131969770e-03 0.0000000000000000e+00
2.7811605171342471e-02 2.4196891476250589e-03 0.0000000000000000e+00
2.7789559013743869e-02 2.6609561438371600e-03 0.0000000000000000e+00
2.7765419893227870e-02 2.9020227308764689e-03 0.0000000000000000e+00
2.7739189627825640e-02 3.1428707528799731e-03 0.0000000000000000e+00
2.7710870193062322e-02 3.3834820704457778e-03 0.0000000000000000e+00
2.7680463721808279e-02 3.6238385619993640e-03 0.0000000000000000e+00
2.7647972504118452e-02 3.8639221251583161e-03 0.0000000000000000e+00
2.7613398987059869e-02 4.1037146780957927e-03 0.0000000000000000e+00
2.7576745774527369e-02 4.3431981609022676e-03 0.0000000000000000e+00
2.7538015627047469e-02 4.5823545369457503e-03 0.0000000000000000e+00
2.7497211461570460e-02 4.8211657942302377e-03 0.0000000000000000e+00
2.7454336351250750e-02 5.0596139467522037e-03 0.0000000000000000e+00
2.7409393525215341e-02 5.2976810358553042e-03 0.0000000000000000e+00
2.7362386368320710e-02 5.5353491315828446e-03 0.0000000000000000e+00
2.7313318420897799e-02 5.7726003340282054e-03 0.0000000000000000e+00
2.7262193378485459e-02 6.0094167746830036e-03 0.0000000000000000e+00
2.7209015091552040e-02 6.2457806177827757e-03 0.0000000000000000e+00
2.7153787565205461e-02 6.4816740616503634e-03 0.0000000000000000e+00
2.7096514958891520e-02 6.7170793400365544e-03 0.0000000000000000e+00
2.7037201586080660e-02 6.9519787234581928e-03 0.0000000000000000e+00
2.6975851913943059e-02 7.1863545205334920e-03 0.0000000000000000e+00
2.6912470563012259e-02 7.4201890793143934e-03 0.0000000000000000e+00
2.6847062306837081e-02 7.6534647886160436e-03 0.0000000000000000e+00
2.6779632071622161e-02 7.8861640793432258e-03 0.0000000000000000e+00
2.6710184935856959e-02 8.1182694258134774e-03 0.0000000000000000e+00
2.6638726129933191e-02 8.3497633470771271e-03 0.0000000000000000e+00
2.6565261035750971e-02 8.5806284082337939e-03 0.0000000000000000e+00
2.6489795186313489e-02 8.8108472217455144e-03 0.0000000000000000e+00
2.6412334265310200e-02 9.0404024487463260e-03 0.0000000000000000e+00
2.6332884106688870e-02 9.2692768003480551e-03 0.0000000000000000e+00
2.6251450694216111e-02 9.4974530389425101e-03 0.0000000000000000e+00
2.6168040161026768e-02 9.7249139794996584e-03 0.0000000000000000e+00
2.6082658789161991e-02 9.9516424908619346e-03 0.0000000000000000e+00
2.5995313009096060e-02 1.0177621497034510e-02 0.0000000000000000e+00
2.5906009399252149e-02 1.0402833978471301e-02 0.0000000000000000e+00
2.5814754685506831e-02 1.0627262973356829e-02 0.0000000000000000e+00
2.5721555740683501e-02 1.0850891578883699e-02 0.0000000000000000e+00
2.5626419584034828e-02 1.1073702952525589e-02 0.0000000000000000e+00
2.5529353380714000e-02 1.1295680313305811e-02 0.0000000000000000e+00
2.5430364441235170e-02 1.1516806943061069e-02 0.0000000000000000e+00
2.5329460220922799e-02 1.1737066187700710e-02 0.0000000000000000e+00
2.5226648319350221e-02 1.1956441458460880e-02 0.0000000000000000e+00
2.5121936479767241e-02 1.2174916233154030e-02 0.0000000000000000e+00
2.5015332588516979e-02 1.2392474057413160e-02 0.0000000000000000e+00
2.4906844674441871e-02 1.2609098545931211e-02 0.0000000000000000e+00
2.4796480908279041e-02 1.2824773383694961e-02 0.0000000000000000e+00
2.4684249602044871e-02 1.3039482327213961e-02 0.0000000000000000e+00
2.4570159208409020e-02 1.3253209205743761e-02 0.0000000000000000e+00
2.4454218320057799e-02 1.3465937922503850e-02 0.0000000000000000e+00
2.4336435669046991e-02 1.3677652455890050e-02 0.0000000000000000e+00
2.4216820126144251e-02 1.3888336860681069e-02 0.0000000000000000e+00
2.4095380700160950e-02 1.4097975269239520e-02 0.0000000000000000e+00
2.3972126537273729e-02 1.4306551892706869e-02 0.0000000000000000e+00
2.3847066920335631e-02 1.4514051022192670e-02 0.0000000000000000e+00
2.3720211268176951e-02 1.4720457029957621e-02 0.0000000000000000e+00
2.3591569134895910e-02 1.4925754370590599e-02 0.0000000000000000e+00
2.3461150209139029e-02 1.5129927582179410e-02 0.0000000000000000e+00
2.3328964313371479e-02 1.5332961287475360e-02 0.0000000000000000e+00
2.3195021403137270e-02 1.5534840195051310e-02 0.0000000000000000e+00
2.3059331566309481e-02 1.5735549100453428e-02 0.0000000000000000e+00
2.2921905022330481e-02 1.5935072887346271e-02 0.0000000000000000e+00
2.2782752121442259e-02 1.6133396528651239e-02 0.0000000000000000e+00
2.2641883343906880e-02 1.6330505087678391e-02 0.0000000000000000e+00
2.2499309299217209e-02 1.6526383719251341e-02 0.0000000000000000e+00
2.2355040725297790e-02 1.6721017670825390e-02 0.0000000000000000e+00
2.2209088487696212e-02 1.6914392283598530e-02 0.0000000000000000e+00
2.2061463578764689e-02 1.7106492993615521e-02 0.0000000000000000e+00
2.1912177116832250e-02 1.7297305332864731e-02 0.0000000000000000e+00
2.1761240345367281e-02 1.7486814930367880e-02 0.0000000000000000e+00
2.1608664632130809e-02 1.7675007513262252e-02 0.0000000000000000e+00
2.1454461468320290e-02 1.7861868907875729e-02 0.0000000000000000e+00
2.1298642467704170e-02 1.8047385040794311e-02 0.0000000000000000e+00
2.1141219365747199e-02 1.8231541939921960e-02 0.0000000000000000e+00
2.0982204018726559e-02 1.8414325735533001e-02 0.0000000000000000e+00
2.0821608402838952e-02 1.8595722661316611e-02 0.0000000000000000e+00
2.0659444613298560e-02 1.8775719055413750e-02 0.0000000000000000e+00
2.0495724863426160e-02 1.8954301361445970e-02 0.0000000000000000e+00
2.0330461483729221e-02 1.9131456129536518e-02 0.0000000000000000e+00
2.0163666920973291e-02 1.9307170017323239e-02 0.0000000000000000e+00
1.9995353737244509e-02 1.9481429790963491e-02 0.0000000000000000e+00
1.9825534609003551e-02 1.9654222326130840e-02 0.0000000000000000e+00
1.9654222326130920e-02 1.9825534609003471e-02 0.0000000000000000e+00
1.9481429790963581e-02 1.9995353737244419e-02 0.0000000000000000e+00
1.9307170017323339e-02 2.0163666920973190e-02 0.0000000000000000e+00
1.9131456129536609e-02 2.0330461483729141e-02 0.0000000000000000e+00
1.8954301361446071e-02 2.0495724863426070e-02 0.0000000000000000e+00
1.8775719055413840e-02 2.0659444613298480e-02 0.0000000000000000e+00
1.8595722661316701e-02 2.0821608402838868e-02 0.0000000000000000e+00
1.8414325735533092e-02 2.0982204018726480e-02 0.0000000000000000e+00
1.8231541939922050e-02 2.1141219365747119e-02 0.0000000000000000e+00
1.8047385040794391e-02 2.1298642467704101e-02 0.0000000000000000e+00
1.7861868907875809e-02 2.1454461468320220e-02 0.0000000000000000e+00
1.7675007513262321e-02 2.1608664632130740e-02 0.0000000000000000e+00
1.7486814930367980e-02 2.1761240345367201e-02 0.0000000000000000e+00
1.7297305332864828e-02 2.1912177116832170e-02 0.0000000000000000e+00
1.7106492993615600e-02 2.2061463578764619e-02 0.0000000000000000e+00
1.6914392283598610e-02 2.2209088487696149e-02 0.0000000000000000e+00
1.6721017670825469e-02 2.2355040725297731e-02 0.0000000000000000e+00
1.6526383719251438e-02 2.2499309299217139e-02 0.0000000000000000e+00
1.6330505087678481e-02 2.2641883343906821e-02 0.0000000000000000e+00
1.6133396528651329e-02 2.2782752121442200e-02 0.0000000000000000e+00
1.5935072887346351e-02 2.2921905022330429e-02 0.0000000000000000e+00
1.5735549100453512e-02 2.3059331566309429e-02 0.0000000000000000e+00
1.5534840195051381e-02 2.3195021403137221e-02 0.0000000000000000e+00
1.5332961287475419e-02 2.3328964313371430e-02 0.0000000000000000e+00
1.5129927582179500e-02 2.3461150209138970e-02 0.0000000000000000e+00
1.4925754370590681e-02 2.3591569134895862e-02 0.0000000000000000e+00
1.4720457029957701e-02 2.3720211268176909e-02 0.0000000000000000e+00
1.4514051022192741e-02 2.3847066920335579e-02 0.0000000000000000e+00
1.4306551892706940e-02 2.3972126537273680e-02 0.0000000000000000e+00
1.4097975269239581e-02 2.4095380700160911e-02 0.0000000000000000e+00
1.3888336860681159e-02 2.4216820126144199e-02 0.0000000000000000e+00
1.3677652455890119e-02 2.4336435669046950e-02 0.0000000000000000e+00
1.3465937922503919e-02 2.4454218320057761e-02 0.0000000000000000e+00
1.3253209205743820e-02 2.4570159208408989e-02 0.0000000000000000e+00
1.3039482327214020e-02 2.4684249602044839e-02 0.0000000000000000e+00
1.2824773383695030e-02 2.4796480908279010e-02 0.0000000000000000e+00
1.2609098545931259e-02 2.4906844674441840e-02 0.0000000000000000e+00
1.2392474057413240e-02 2.5015332588516941e-02 0.0000000000000000e+00
1.2174916233154091e-02 2.5121936479767210e-02 0.0000000000000000e+00
1.1956441458460950e-02 2.5226648319350200e-02 0.0000000000000000e+00
1.1737066187700771e-02 2.5329460220922771e-02 0.0000000000000000e+00
1.1516806943061130e-02 2.5430364441235139e-02 0.0000000000000000e+00
1.1295680313305870e-02 2.5529353380713968e-02 0.0000000000000000e+00
1.1073702952525650e-02 2.5626419584034801e-02 0.0000000000000000e+00
1.0850891578883750e-02 2.5721555740683480e-02 0.0000000000000000e+00
1.0627262973356880e-02 2.5814754685506799e-02 0.0000000000000000e+00
1.0402833978471349e-02 2.5906009399252129e-02 0.0000000000000000e+00
1.0177621497034561e-02 2.5995313009096039e-02 0.0000000000000000e+00
9.9516424908619779e-03 2.6082658789161970e-02 0.0000000000000000e+00
9.7249139794997139e-03 2.6168040161026751e-02 0.0000000000000000e+00
9.4974530389425656e-03 2.6251450694216090e-02 0.0000000000000000e+00
9.2692768003481089e-03 2.6332884106688850e-02 0.0000000000000000e+00
9.0404024487463694e-03 2.6412334265310179e-02 0.0000000000000000e+00
8.8108472217455578e-03 2.6489795186313472e-02 0.0000000000000000e+00
8.5806284082338251e-03 2.6565261035750961e-02 0.0000000000000000e+00
8.3497633470771600e-03 2.6638726129933180e-02 0.0000000000000000e+00
8.1182694258135329e-03 2.6710184935856938e-02 0.0000000000000000e+00
7.8861640793432709e-03 2.6779632071622150e-02 0.0000000000000000e+00
7.6534647886160869e-03 2.6847062306837061e-02 0.0000000000000000e+00
7.4201890793144246e-03 2.6912470563012249e-02 0.0000000000000000e+00
7.1863545205335250e-03 2.6975851913943059e-02 0.0000000000000000e+00
6.9519787234582492e-03 2.7037201586080639e-02 0.0000000000000000e+00
6.7170793400365986e-03 2.7096514958891510e-02 0.0000000000000000e+00
6.4816740616504068e-03 2.7153787565205451e-02 0.0000000000000000e+00
6.2457806177828208e-03 2.7209015091552029e-02 0.0000000000000000e+00
6.0094167746830374e-03 2.7262193378485448e-02 0.0000000000000000e+00
5.7726003340282366e-03 2.7313318420897799e-02 0.0000000000000000e+00
5.5353491315828646e-03 2.7362386368320699e-02 0.0000000000000000e+00
5.2976810358553493e-03 2.7409393525215330e-02 0.0000000000000000e+00
5.0596139467522488e-03 2.7454336351250740e-02 0.0000000000000000e+00
4.8211657942302706e-03 2.7497211461570460e-02 0.0000000000000000e+00
4.5823545369457833e-03 2.7538015627047462e-02 0.0000000000000000e+00
4.3431981609022893e-03 2.7576745774527359e-02 0.0000000000000000e+00
4.1037146780958144e-03 2.7613398987059862e-02 0.0000000000000000e+00
3.8639221251583621e-03 2.7647972504118441e-02 0.0000000000000000e+00
3.6238385619993979e-03 2.7680463721808268e-02 0.0000000000000000e+00
3.3834820704458108e-03 2.7710870193062311e-02 0.0000000000000000e+00
3.1428707528799939e-03 2.7739189627825629e-02 0.0000000000000000e+00
2.9020227308764902e-03 2.7765419893227870e-02 0.0000000000000000e+00
2.6609561438371691e-03 2.7789559013743869e-02 0.0000000000000000e+00
2.4196891476250680e-03 2.7811605171342471e-02 0.0000000000000000e+00
2.1782399131970100e-03 2.7831556705623439e-02 0.0000000000000000e+00
1.9366266252349620e-03 2.7849412113942529e-02 0.0000000000000000e+00
1.6948674807766161e-03 2.7865170051524599e-02 0.0000000000000000e+00
1.4529806878447759e-03 2.7878829331564981e-02 0.0000000000000000e+00
1.2109844640760580e-03 2.7890388925318779e-02 0.0000000000000000e+00
9.6889703534883012e-04 2.7899847962178391e-02 0.0000000000000000e+00
7.2673663441053709e-04 2.7907205729739110e-02 0.0000000000000000e+00
4.8452149950453020e-04 2.7912461673852699e-02 0.0000000000000000e+00
2.4226987299635959e-04 2.7915615398669179e-02 0.0000000000000000e+00
$EndNodes
$Elements
51 4263 1 4263
2 10 2 209
1 113 127 95
2 95 154 113
3 100 127 113
4 132 151 118
5 103 151 132
6 115 135 58
7 57 115 58
8 112 141 107
9 111 127 99
10 64 138 117
11 95 127 111
12 96 141 112
13 64 117 63
14 119 132 53
15 70 145 69
16 100 135 115
17 59 113 60
18 39 119 38
19 130 145 70
20 109 117 97
21 66 112 65
22 52 119 53
23 110 140 8
24 119 131 38
25 103 132 119
26 68 145 111
27 41 106 42
28 118 151 97
29 16 116 17
30 117 138 107
31 154 155 116
32 105 154 116
33 111 155 95
34 101 155 111
35 109 134 40
36 40 139 109
37 96 122 115
38 115 122 100
39 97 151 109
40 81 98 80
41 69 145 68
42 8 102 32
43 31 98 30
44 111 126 68
45 33 110 8
46 113 149 60
47 59 135 113
48 113 135 100
49 3 130 70
50 111 145 101
51 54 118 55
52 107 138 112
53 99 126 111
54 18 130 3
55 66 120 112
56 113 154 149
57 149 154 105
58 57 123 115
59 106 158 94
60 112 138 65
61 47 165 36
62 94 158 125
63 36 162 47
64 8 104 102
65 98 133 102
66 2 136 15
67 61 136 2
68 39 134 119
69 109 151 134
70 16 152 116
71 107 147 117
72 117 147 97
73 32 133 7
74 72 106 71
75 119 134 103
76 102 133 32
77 116 152 105
78 115 160 96
79 54 132 118
80 116 150 17
81 118 143 55
82 101 150 116
83 95 155 154
84 112 142 96
85 116 155 101
86 101 145 130
87 109 144 117
88 56 123 57
89 67 120 66
90 68 126 67
91 50 156 148
92 148 156 10
93 35 146 34
94 134 151 103
95 45 146 46
96 34 129 33
97 35 165 146
98 36 165 35
99 118 166 143
100 50 148 51
101 117 144 63
102 122 127 100
103 99 127 122
104 52 131 119
105 94 140 110
106 53 132 54
107 97 166 118
108 47 162 48
109 58 135 59
110 51 131 52
111 40 134 39
112 67 126 120
113 17 150 18
114 48 159 49
115 11 139 40
116 44 129 45
117 60 149 61
118 15 152 16
119 56 143 123
120 55 143 56
121 49 156 50
122 65 138 64
123 123 143 108
124 46 165 47
125 62 139 11
126 38 148 10
127 120 126 99
128 63 144 62
129 120 142 112
130 37 159 9
131 43 110 44
132 10 156 37
133 49 159 156
134 146 165 46
135 48 162 159
136 78 121 77
137 96 142 122
138 9 162 36
139 62 144 139
140 7 133 31
141 156 159 37
142 76 124 75
143 74 125 73
144 99 142 120
145 102 137 98
146 34 146 129
147 159 162 9
148 123 160 115
149 122 142 99
150 94 125 114
151 106 128 42
152 143 166 108
153 139 144 109
154 108 147 141
155 31 133 98
156 129 146 45
157 114 124 104
158 18 150 130
159 108 160 123
160 8 140 104
161 104 121 102
162 61 149 136
163 136 152 15
164 131 148 38
165 51 148 131
166 94 128 106
167 81 161 98
168 98 137 80
169 98 161 30
170 108 166 147
171 80 137 79
172 141 147 107
173 104 140 114
174 136 149 105
175 141 160 108
176 130 150 101
177 105 152 136
178 96 160 141
179 1 153 41
180 147 166 97
181 42 128 43
182 77 157 76
183 73 158 72
184 72 158 106
185 106 153 71
186 75 163 74
187 79 164 78
188 110 129 44
189 33 129 110
190 114 140 94
191 43 128 110
192 41 153 106
193 110 128 94
194 71 153 1
195 121 157 77
196 78 164 121
197 76 157 124
198 125 158 73
199 124 163 75
200 74 163 125
201 30 161 6
202 6 161 81
203 137 164 79
204 102 164 137
205 121 164 102
206 124 157 104
207 104 157 121
208 114 163 124
209 125 163 114
2 50 2 27
210 23 167 22
211 22 167 21
212 27 169 26
213 29 167 28
214 16 168 17
215 2 168 15
216 18 169 3
217 28 168 2
218 3 169 27
219 26 169 167
220 167 171 26
221 21 170 20
222 24 171 23
223 26 171 5
224 4 170 29
225 19 170 4
226 5 171 25
227 15 168 16
228 17 169 18
229 167 168 28
230 23 171 167
231 167 170 21
232 25 171 24
233 20 170 19
234 168 169 17
235 29 170 167
236 167 169 168
2 41 2 25
237 86 172 85
238 84 172 83
239 31 173 30
240 82 174 7
241 12 175 82
242 88 173 87
243 173 174 172
244 174 175 172
245 172 177 85
246 86 176 172
247 7 174 31
248 82 175 174
249 83 175 12
250 31 174 173
251 84 177 172
252 172 175 83
253 87 176 86
254 172 176 173
255 173 176 87
256 88 178 173
257 173 178 30
258 30 178 6
259 13 177 84
260 85 177 13
261 6 178 88
2 10000 2 32
262 40 11 89
263 38 180 10
264 40 180 39
265 9 183 36
266 89 180 40
267 34 179 33
268 36 183 35
269 93 179 92
270 7 179 82
271 8 179 32
272 90 180 89
273 34 182 179
274 181 183 9
275 179 182 92
276 37 181 9
277 35 183 182
278 82 179 93
279 180 184 10
280 39 180 38
281 14 181 90
282 91 183 14
283 92 182 91
284 35 182 34
285 90 184 180
286 33 179 8
287 10 184 37
288 182 183 91
289 181 184 90
290 32 179 7
291 14 183 181
292 37 184 181
293 93 12 82
2 10 2 209
294 273 287 255
295 255 314 273
296 260 287 273
297 292 311 278
298 263 311 292
299 275 295 234
300 233 275 234
301 272 301 267
302 271 287 259
303 64 298 277
304 255 287 271
305 256 301 272
306 64 277 63
307 279 292 229
308 70 305 69
309 260 295 275
310 235 273 236
311 215 279 214
312 290 305 70
313 269 277 257
314 66 272 65
315 228 279 229
316 270 300 190
317 279 291 214
318 263 292 279
319 68 305 271
320 217 266 218
321 278 311 257
322 194 276 195
323 277 298 267
324 314 315 276
325 265 314 276
326 271 315 255
327 261 315 271
328 269 294 216
329 216 299 269
330 256 282 275
331 275 282 260
332 257 311 269
333 248 258 247
334 69 305 68
335 190 262 208
336 207 258 206
337 271 286 68
338 209 270 190
339 273 309 236
340 235 295 273
341 273 295 260
342 3 290 70
343 271 305 261
344 230 278 231
345 267 298 272
346 259 286 271
347 196 290 3
348 66 280 272
349 273 314 309
350 309 314 265
351 233 283 275
352 266 318 254
353 272 298 65
354 223 325 212
355 254 318 285
356 212 322 223
357 190 264 262
358 258 293 262
359 186 296 193
360 237 296 186
361 215 294 279
362 269 311 294
363 194 312 276
364 267 307 277
365 277 307 257
366 208 293 189
367 239 266 238
368 279 294 263
369 262 293 208
370 276 312 265
371 275 320 256
372 230 292 278
373 276 310 195
374 278 303 231
375 261 310 276
376 255 315 314
377 272 302 256
378 276 315 261
379 261 305 290
380 269 304 277
381 232 283 233
382 67 280 66
383 68 286 67
384 226 316 308
385 308 316 192
386 211 306 210
387 294 311 263
388 221 306 222
389 210 289 209
390 211 325 306
391 212 325 211
392 278 326 303
393 226 308 227
394 277 304 63
395 282 287 260
396 259 287 282
397 228 291 279
398 254 300 270
399 229 292 230
400 257 326 278
401 223 322 224
402 234 295 235
403 227 291 228
404 216 294 215
405 67 286 280
406 195 310 196
407 224 319 225
408 11 299 216
409 220 289 221
410 236 309 237
411 193 312 194
412 232 303 283
413 231 303 232
414 225 316 226
415 65 298 64
416 283 303 268
417 222 325 223
418 62 299 11
419 214 308 192
420 280 286 259
421 63 304 62
422 280 302 272
423 213 319 191
424 219 270 220
425 192 316 213
426 225 319 316
427 306 325 222
428 224 322 319
429 245 281 244
430 256 302 282
431 191 322 212
432 62 304 299
433 189 293 207
434 316 319 213
435 243 284 242
436 241 285 240
437 259 302 280
438 262 297 258
439 210 306 289
440 319 322 191
441 283 320 275
442 282 302 259
443 254 285 274
444 266 288 218
445 303 326 268
446 299 304 269
447 268 307 301
448 207 293 258
449 289 306 221
450 274 284 264
451 196 310 290
452 268 320 283
453 190 300 264
454 264 281 262
455 237 309 296
456 296 312 193
457 291 308 214
458 227 308 291
459 254 288 266
460 248 321 258
461 258 297 247
462 258 321 206
463 268 326 307
464 247 297 246
465 301 307 267
466 264 300 274
467 296 309 265
468 301 320 268
469 290 310 261
470 265 312 296
471 256 320 301
472 185 313 217
473 307 326 257
474 218 288 219
475 244 317 243
476 240 318 239
477 239 318 266
478 266 313 238
479 242 323 241
480 246 324 245
481 270 289 220
482 209 289 270
483 274 300 254
484 219 288 270
485 217 313 266
486 270 288 254
487 238 313 185
488 281 317 244
489 245 324 281
490 243 317 284
491 285 318 240
492 284 323 242
493 241 323 285
494 206 321 188
495 188 321 248
496 297 324 246
497 262 324 297
498 281 324 262
499 284 317 264
500 264 317 281
501 274 323 284
502 285 323 274
2 50 2 27
503 201 327 200
504 200 327 199
505 27 329 26
506 205 327 204
507 194 328 195
508 186 328 193
509 196 329 3
510 204 328 186
511 3 329 27
512 26 329 327
513 327 331 26
514 199 330 198
515 202 331 201
516 26 331 5
517 187 330 205
518 197 330 187
519 5 331 203
520 193 328 194
521 195 329 196
522 327 328 204
523 201 331 327
524 327 330 199
525 203 331 202
526 198 330 197
527 328 329 195
528 205 330 327
529 327 329 328
2 41 2 25
530 251 332 250
531 84 332 83
532 207 333 206
533 249 334 189
534 12 335 249
535 253 333 252
536 333 334 332
537 334 335 332
538 332 337 250
539 251 336 332
540 189 334 207
541 249 335 334
542 83 335 12
543 207 334 333
544 84 337 332
545 332 335 83
546 252 336 251
547 332 336 333
548 333 336 252
549 253 338 333
550 333 338 206
551 206 338 188
552 13 337 84
553 250 337 13
554 188 338 253
2 10000 2 32
555 216 11 89
556 214 340 192
557 216 340 215
558 191 343 212
559 89 340 216
560 210 339 209
561 212 343 211
562 93 339 92
563 189 339 249
564 190 339 208
565 90 340 89
566 210 342 339
567 341 343 191
568 339 342 92
569 213 341 191
570 211 343 342
571 249 339 93
572 340 344 192
573 215 340 214
574 14 341 90
575 91 343 14
576 92 342 91
577 211 342 210
578 90 344 340
579 209 339 190
580 192 344 213
581 342 343 91
582 341 344 90
583 208 339 189
584 14 343 341
585 213 344 341
586 93 12 249
2 10 2 209
587 431 445 413
588 413 472 431
589 418 445 431
590 450 469 436
591 421 469 450
592 433 453 234
593 233 433 234
594 430 459 425
595 429 445 417
596 382 456 435
597 413 445 429
598 414 459 430
599 382 435 381
600 437 450 229
601 388 463 387
602 418 453 433
603 235 431 236
604 378 437 377
605 448 463 388
606 427 435 415
607 384 430 383
608 228 437 229
609 428 458 349
610 437 449 377
611 421 450 437
612 386 463 429
613 217 424 218
614 436 469 415
615 357 434 358
616 435 456 425
617 472 473 434
618 423 472 434
619 429 473 413
620 419 473 429
621 427 452 379
622 379 457 427
623 414 440 433
624 433 440 418
625 415 469 427
626 399 416 398
627 387 463 386
628 349 420 371
629 370 416 369
630 429 444 386
631 372 428 349
632 431 467 236
633 235 453 431
634 431 453 418
635 345 448 388
636 429 463 419
637 230 436 231
638 425 456 430
639 417 444 429
640 359 448 345
641 384 438 430
642 431 472 467
643 467 472 423
644 233 441 433
645 424 476 412
646 430 456 383
647 223 483 375
648 412 476 443
649 375 480 223
650 349 422 420
651 416 451 420
652 186 454 356
653 237 454 186
654 378 452 437
655 427 469 452
656 357 470 434
657 425 465 435
658 435 465 415
659 371 451 348
660 390 424 389
661 437 452 421
662 420 451 371
663 434 470 423
664 433 478 414
665 230 450 436
666 434 468 358
667 436 461 231
668 419 468 434
669 413 473 472
670 430 460 414
671 434 473 419
672 419 463 448
673 427 462 435
674 232 441 233
675 385 438 384
676 386 444 385
677 226 474 466
678 466 474 351
679 374 464 373
680 452 469 421
681 221 464 222
682 373 447 372
683 374 483 464
684 375 483 374
685 436 484 461
686 226 466 227
687 435 462 381
688 440 445 418
689 417 445 440
690 228 449 437
691 412 458 428
692 229 450 230
693 415 484 436
694 223 480 224
695 234 453 235
696 227 449 228
697 379 452 378
698 385 444 438
699 358 468 359
700 224 477 225
701 352 457 379
702 220 447 221
703 236 467 237
704 356 470 357
705 232 461 441
706 231 461 232
707 225 474 226
708 383 456 382
709 441 461 426
710 222 483 223
711 380 457 352
712 377 466 351
713 438 444 417
714 381 462 380
715 438 460 430
716 376 477 350
717 219 428 220
718 351 474 376
719 225 477 474
720 464 483 222
721 224 480 477
722 396 439 395
723 414 460 440
724 350 480 375
725 380 462 457
726 348 451 370
727 474 477 376
728 394 442 393
729 392 443 391
730 417 460 438
731 420 455 416
732 373 464 447
733 477 480 350
734 441 478 433
735 440 460 417
736 412 443 432
737 424 446 218
738 461 484 426
739 457 462 427
740 426 465 459
741 370 451 416
742 447 464 221
743 432 442 422
744 359 468 448
745 426 478 441
746 349 458 422
747 422 439 420
748 237 467 454
749 454 470 356
750 449 466 377
751 227 466 449
752 412 446 424
753 399 479 416
754 416 455 398
755 416 479 369
756 426 484 465
757 398 455 397
758 459 465 425
759 422 458 432
760 454 467 423
761 459 478 426
762 448 468 419
763 423 470 454
764 414 478 459
765 185 471 217
766 465 484 415
767 218 446 219
768 395 475 394
769 391 476 390
770 390 476 424
771 424 471 389
772 393 481 392
773 397 482 396
774 428 447 220
775 372 447 428
776 432 458 412
777 219 446 428
778 217 471 424
779 428 446 412
780 389 471 185
781 439 475 395
782 396 482 439
783 394 475 442
784 443 476 391
785 442 481 393
786 392 481 443
787 369 479 347
788 347 479 399
789 455 482 397
790 420 482 455
791 439 482 420
792 442 475 422
793 422 475 439
794 432 481 442
795 443 481 432
2 50 2 27
796 364 485 363
797 363 485 362
798 368 487 367
799 205 485 204
800 357 486 358
801 186 486 356
802 359 487 345
803 204 486 186
804 345 487 368
805 367 487 485
806 485 489 367
807 362 488 361
808 365 489 364
809 367 489 346
810 187 488 205
811 360 488 187
812 346 489 366
813 356 486 357
814 358 487 359
815 485 486 204
816 364 489 485
817 485 488 362
818 366 489 365
819 361 488 360
820 486 487 358
821 205 488 485
822 485 487 486
2 41 2 25
823 404 490 403
824 402 490 401
825 370 491 369
826 400 492 348
827 353 493 400
828 406 491 405
829 491 492 490
830 492 493 490
831 490 495 403
832 404 494 490
833 348 492 370
834 400 493 492
835 401 493 353
836 370 492 491
837 402 495 490
838 490 493 401
839 405 494 404
840 490 494 491
841 491 494 405
842 406 496 491
843 491 496 369
844 369 496 347
845 354 495 402
846 403 495 354
847 347 496 406
2 10001 2 32
848 379 352 407
849 377 498 351
850 379 498 378
851 350 501 375
852 407 498 379
853 373 497 372
854 375 501 374
855 411 497 410
856 348 497 400
857 349 497 371
858 408 498 407
859 373 500 497
860 499 501 350
861 497 500 410
862 376 499 350
863 374 501 500
864 400 497 411
865 498 502 351
866 378 498 377
867 355 499 408
868 409 501 355
869 410 500 409
870 374 500 373
871 408 502 498
872 372 497 349
873 351 502 376
874 500 501 409
875 499 502 408
876 371 497 348
877 355 501 499
878 376 502 499
879 411 353 400
2 10 2 209
880 591 605 573
881 573 632 591
882 578 605 591
883 610 629 596
884 581 629 610
885 593 613 552
886 551 593 552
887 590 619 585
888 589 605 577
889 382 616 595
890 573 605 589
891 574 619 590
892 382 595 381
893 597 610 547
894 388 623 387
895 578 613 593
896 553 591 554
897 533 597 532
898 608 623 388
899 587 595 575
900 384 590 383
901 546 597 547
902 588 618 508
903 597 609 532
904 581 610 597
905 386 623 589
906 535 584 536
907 596 629 575
908 512 594 513
909 595 616 585
910 632 633 594
911 583 632 594
912 589 633 573
913 579 633 589
914 587 612 534
915 534 617 587
916 574 600 593
917 593 600 578
918 575 629 587
919 566 576 565
920 387 623 386
921 508 580 526
922 525 576 524
923 589 604 386
924 527 588 508
925 591 627 554
926 553 613 591
927 591 613 578
928 345 608 388
929 589 623 579
930 548 596 549
931 585 616 590
932 577 604 589
933 514 608 345
934 384 598 590
935 591 632 627
936 627 632 583
937 551 601 593
938 584 636 572
939 590 616 383
940 541 643 530
941 572 636 603
942 530 640 541
943 508 582 580
944 576 611 580
945 504 614 511
946 555 614 504
947 533 612 597
948 587 629 612
949 512 630 594
950 585 625 595
951 595 625 575
952 526 611 507
953 557 584 556
954 597 612 581
955 580 611 526
956 594 630 583
957 593 638 574
958 548 610 596
959 594 628 513
960 596 621 549
961 579 628 594
962 573 633 632
963 590 620 574
964 594 633 579
965 579 623 608
966 587 622 595
967 550 601 551
968 385 598 384
969 386 604 385
970 544 634 626
971 626 634 510
972 529 624 528
973 612 629 581
974 539 624 540
975 528 607 527
976 529 643 624
977 530 643 529
978 596 644 621
979 544 626 545
980 595 622 381
981 600 605 578
982 577 605 600
983 546 609 597
984 572 618 588
985 547 610 548
986 575 644 596
987 541 640 542
988 552 613 553
989 545 609 546
990 534 612 533
991 385 604 598
992 513 628 514
993 542 637 543
994 352 617 534
995 538 607 539
996 554 627 555
997 511 630 512
998 550 621 601
999 549 621 550
1000 543 634 544
1001 383 616 382
1002 601 621 586
1003 540 643 541
1004 380 617 352
1005 532 626 510
1006 598 604 577
1007 381 622 380
1008 598 620 590
1009 531 637 509
1010 537 588 538
1011 510 634 531
1012 543 637 634
1013 624 643 540
1014 542 640 637
1015 563 599 562
1016 574 620 600
1017 509 640 530
1018 380 622 617
1019 507 611 525
1020 634 637 531
1021 561 602 560
1022 559 603 558
1023 577 620 598
1024 580 615 576
1025 528 624 607
1026 637 640 509
1027 601 638 593
1028 600 620 577
1029 572 603 592
1030 584 606 536
1031 621 644 586
1032 617 622 587
1033 586 625 619
1034 525 611 576
1035 607 624 539
1036 592 602 582
1037 514 628 608
1038 586 638 601
1039 508 618 582
1040 582 599 580
1041 555 627 614
1042 614 630 511
1043 609 626 532
1044 545 626 609
1045 572 606 584
1046 566 639 576
1047 576 615 565
1048 576 639 524
1049 586 644 625
1050 565 615 564
1051 619 625 585
1052 582 618 592
1053 614 627 583
1054 619 638 586
1055 608 628 579
1056 583 630 614
1057 574 638 619
1058 503 631 535
1059 625 644 575
1060 536 606 537
1061 562 635 561
1062 558 636 557
1063 557 636 584
1064 584 631 556
1065 560 641 559
1066 564 642 563
1067 588 607 538
1068 527 607 588
1069 592 618 572
1070 537 606 588
1071 535 631 584
1072 588 606 572
1073 556 631 503
1074 599 635 562
1075 563 642 599
1076 561 635 602
1077 603 636 558
1078 602 641 560
1079 559 641 603
1080 524 639 506
1081 506 639 566
1082 615 642 564
1083 580 642 615
1084 599 642 580
1085 602 635 582
1086 582 635 599
1087 592 641 602
1088 603 641 592
2 50 2 27
1089 519 645 518
1090 518 645 517
1091 368 647 367
1092 523 645 522
1093 512 646 513
1094 504 646 511
1095 514 647 345
1096 522 646 504
1097 345 647 368
1098 367 647 645
1099 645 649 367
1100 517 648 516
1101 520 649 519
1102 367 649 346
1103 505 648 523
1104 515 648 505
1105 346 649 521
1106 511 646 512
1107 513 647 514
1108 645 646 522
1109 519 649 645
1110 645 648 517
1111 521 649 520
1112 516 648 515
1113 646 647 513
1114 523 648 645
1115 645 647 646
2 41 2 25
1116 569 650 568
1117 402 650 401
1118 525 651 524
1119 567 652 507
1120 353 653 567
1121 571 651 570
1122 651 652 650
1123 652 653 650
1124 650 655 568
1125 569 654 650
1126 507 652 525
1127 567 653 652
1128 401 653 353
1129 525 652 651
1130 402 655 650
1131 650 653 401
1132 570 654 569
1133 650 654 651
1134 651 654 570
1135 571 656 651
1136 651 656 524
1137 524 656 506
1138 354 655 402
1139 568 655 354
1140 506 656 571
2 10001 2 32
1141 534 352 407
1142 532 658 510
1143 534 658 533
1144 509 661 530
1145 407 658 534
1146 528 657 527
1147 530 661 529
1148 411 657 410
1149 507 657 567
1150 508 657 526
1151 408 658 407
1152 528 660 657
1153 659 661 509
1154 657 660 410
1155 531 659 509
1156 529 661 660
1157 567 657 411
1158 658 662 510
1159 533 658 532
1160 355 659 408
1161 409 661 355
1162 410 660 409
1163 529 660 528
1164 408 662 658
1165 527 657 508
1166 510 662 531
1167 660 661 409
1168 659 662 408
1169 526 657 507
1170 355 661 659
1171 531 662 659
1172 411 353 567
2 10 2 209
1173 749 763 731
1174 731 790 749
1175 736 763 749
1176 768 787 754
1177 739 787 768
1178 751 771 552
1179 551 751 552
1180 748 777 743
1181 747 763 735
1182 700 774 753
1183 731 763 747
1184 732 777 748
1185 700 753 699
1186 755 768 547
1187 706 781 705
1188 736 771 751
1189 553 749 554
1190 696 755 695
1191 766 781 706
1192 745 753 733
1193 702 748 701
1194 546 755 547
1195 746 776 667
1196 755 767 695
1197 739 768 755
1198 704 781 747
1199 535 742 536
1200 754 787 733
1201 675 752 676
1202 753 774 743
1203 790 791 752
1204 741 790 752
1205 747 791 731
1206 737 791 747
1207 745 770 697
1208 697 775 745
1209 732 758 751
1210 751 758 736
1211 733 787 745
1212 717 734 716
1213 705 781 704
1214 667 738 689
1215 688 734 687
1216 747 762 704
1217 690 746 667
1218 749 785 554
1219 553 771 749
1220 749 771 736
1221 663 766 706
1222 747 781 737
1223 548 754 549
1224 743 774 748
1225 735 762 747
1226 677 766 663
1227 702 756 748
1228 749 790 785
1229 785 790 741
1230 551 759 751
1231 742 794 730
1232 748 774 701
1233 541 801 693
1234 730 794 761
1235 693 798 541
1236 667 740 738
1237 734 769 738
1238 504 772 674
1239 555 772 504
1240 696 770 755
1241 745 787 770
1242 675 788 752
1243 743 783 753
1244 753 783 733
1245 689 769 666
1246 708 742 707
1247 755 770 739
1248 738 769 689
1249 752 788 741
1250 751 796 732
1251 548 768 754
1252 752 786 676
1253 754 779 549
1254 737 786 752
1255 731 791 790
1256 748 778 732
1257 752 791 737
1258 737 781 766
1259 745 780 753
1260 550 759 551
1261 703 756 702
1262 704 762 703
1263 544 792 784
1264 784 792 669
1265 692 782 691
1266 770 787 739
1267 539 782 540
1268 691 765 690
1269 692 801 782
1270 693 801 692
1271 754 802 779
1272 544 784 545
1273 753 780 699
1274 758 763 736
1275 735 763 758
1276 546 767 755
1277 730 776 746
1278 547 768 548
1279 733 802 754
1280 541 798 542
1281 552 771 553
1282 545 767 546
1283 697 770 696
1284 703 762 756
1285 676 786 677
1286 542 795 543
1287 670 775 697
1288 538 765 539
1289 554 785 555
1290 674 788 675
1291 550 779 759
1292 549 779 550
1293 543 792 544
1294 701 774 700
1295 759 779 744
1296 540 801 541
1297 698 775 670
1298 695 784 669
1299 756 762 735
1300 699 780 698
1301 756 778 748
1302 694 795 668
1303 537 746 538
1304 669 792 694
1305 543 795 792
1306 782 801 540
1307 542 798 795
1308 714 757 713
1309 732 778 758
1310 668 798 693
1311 698 780 775
1312 666 769 688
1313 792 795 694
1314 712 760 711
1315 710 761 709
1316 735 778 756
1317 738 773 734
1318 691 782 765
1319 795 798 668
1320 759 796 751
1321 758 778 735
1322 730 761 750
1323 742 764 536
1324 779 802 744
1325 775 780 745
1326 744 783 777
1327 688 769 734
1328 765 782 539
1329 750 760 740
1330 677 786 766
1331 744 796 759
1332 667 776 740
1333 740 757 738
1334 555 785 772
1335 772 788 674
1336 767 784 695
1337 545 784 767
1338 730 764 742
1339 717 797 734
1340 734 773 716
1341 734 797 687
1342 744 802 783
1343 716 773 715
1344 777 783 743
1345 740 776 750
1346 772 785 741
1347 777 796 744
1348 766 786 737
1349 741 788 772
1350 732 796 777
1351 503 789 535
1352 783 802 733
1353 536 764 537
1354 713 793 712
1355 709 794 708
1356 708 794 742
1357 742 789 707
1358 711 799 710
1359 715 800 714
1360 746 765 538
1361 690 765 746
1362 750 776 730
1363 537 764 746
1364 535 789 742
1365 746 764 730
1366 707 789 503
1367 757 793 713
1368 714 800 757
1369 712 793 760
1370 761 794 709
1371 760 799 711
1372 710 799 761
1373 687 797 665
1374 665 797 717
1375 773 800 715
1376 738 800 773
1377 757 800 738
1378 760 793 740
1379 740 793 757
1380 750 799 760
1381 761 799 750
2 50 2 27
1382 682 803 681
1383 681 803 680
1384 686 805 685
1385 523 803 522
1386 675 804 676
1387 504 804 674
1388 677 805 663
1389 522 804 504
1390 663 805 686
1391 685 805 803
1392 803 807 685
1393 680 806 679
1394 683 807 682
1395 685 807 664
1396 505 806 523
1397 678 806 505
1398 664 807 684
1399 674 804 675
1400 676 805 677
1401 803 804 522
1402 682 807 803
1403 803 806 680
1404 684 807 683
1405 679 806 678
1406 804 805 676
1407 523 806 803
1408 803 805 804
2 41 2 25
1409 722 808 721
1410 720 808 719
1411 688 809 687
1412 718 810 666
1413 671 811 718
1414 724 809 723
1415 809 810 808
1416 810 811 808
1417 808 813 721
1418 722 812 808
1419 666 810 688
1420 718 811 810
1421 719 811 671
1422 688 810 809
1423 720 813 808
1424 808 811 719
1425 723 812 722
1426 808 812 809
1427 809 812 723
1428 724 814 809
1429 809 814 687
1430 687 814 665
1431 672 813 720
1432 721 813 672
1433 665 814 724
2 10002 2 32
1434 697 670 725
1435 695 816 669
1436 697 816 696
1437 668 819 693
1438 725 816 697
1439 691 815 690
1440 693 819 692
1441 729 815 728
1442 666 815 718
1443 667 815 689
1444 726 816 725
1445 691 818 815
1446 817 819 668
1447 815 818 728
1448 694 817 668
1449 692 819 818
1450 718 815 729
1451 816 820 669
1452 696 816 695
1453 673 817 726
1454 727 819 673
1455 728 818 727
1456 692 818 691
1457 726 820 816
1458 690 815 667
1459 669 820 694
1460 818 819 727
1461 817 820 726
1462 689 815 666
1463 673 819 817
1464 694 820 817
1465 729 671 718
2 10 2 209
1466 909 923 891
1467 891 950 909
1468 896 923 909
1469 928 947 914
1470 899 947 928
1471 911 931 870
1472 869 911 870
1473 908 937 903
1474 907 923 895
1475 700 934 913
1476 891 923 907
1477 892 937 908
1478 700 913 699
1479 915 928 865
1480 706 941 705
1481 896 931 911
1482 871 909 872
1483 851 915 850
1484 926 941 706
1485 905 913 893
1486 702 908 701
1487 864 915 865
1488 906 936 826
1489 915 927 850
1490 899 928 915
1491 704 941 907
1492 853 902 854
1493 914 947 893
1494 830 912 831
1495 913 934 903
1496 950 951 912
1497 901 950 912
1498 907 951 891
1499 897 951 907
1500 905 930 852
1501 852 935 905
1502 892 918 911
1503 911 918 896
1504 893 947 905
1505 884 894 883
1506 705 941 704
1507 826 898 844
1508 843 894 842
1509 907 922 704
1510 845 906 826
1511 909 945 872
1512 871 931 909
1513 909 931 896
1514 663 926 706
1515 907 941 897
1516 866 914 867
1517 903 934 908
1518 895 922 907
1519 832 926 663
1520 702 916 908
1521 909 950 945
1522 945 950 901
1523 869 919 911
1524 902 954 890
1525 908 934 701
1526 859 961 848
1527 890 954 921
1528 848 958 859
1529 826 900 898
1530 894 929 898
1531 822 932 829
1532 873 932 822
1533 851 930 915
1534 905 947 930
1535 830 948 912
1536 903 943 913
1537 913 943 893
1538 844 929 825
1539 875 902 874
1540 915 930 899
1541 898 929 844
1542 912 948 901
1543 911 956 892
1544 866 928 914
1545 912 946 831
1546 914 939 867
1547 897 946 912
1548 891 951 950
1549 908 938 892
1550 912 951 897
1551 897 941 926
1552 905 940 913
1553 868 919 869
1554 703 916 702
1555 704 922 703
1556 862 952 944
1557 944 952 828
1558 847 942 846
1559 930 947 899
1560 857 942 858
1561 846 925 845
1562 847 961 942
1563 848 961 847
1564 914 962 939
1565 862 944 863
1566 913 940 699
1567 918 923 896
1568 895 923 918
1569 864 927 915
1570 890 936 906
1571 865 928 866
1572 893 962 914
1573 859 958 860
1574 870 931 871
1575 863 927 864
1576 852 930 851
1577 703 922 916
1578 831 946 832
1579 860 955 861
1580 670 935 852
1581 856 925 857
1582 872 945 873
1583 829 948 830
1584 868 939 919
1585 867 939 868
1586 861 952 862
1587 701 934 700
1588 919 939 904
1589 858 961 859
1590 698 935 670
1591 850 944 828
1592 916 922 895
1593 699 940 698
1594 916 938 908
1595 849 955 827
1596 855 906 856
1597 828 952 849
1598 861 955 952
1599 942 961 858
1600 860 958 955
1601 881 917 880
1602 892 938 918
1603 827 958 848
1604 698 940 935
1605 825 929 843
1606 952 955 849
1607 879 920 878
1608 877 921 876
1609 895 938 916
1610 898 933 894
1611 846 942 925
1612 955 958 827
1613 919 956 911
1614 918 938 895
1615 890 921 910
1616 902 924 854
1617 939 962 904
1618 935 940 905
1619 904 943 937
1620 843 929 894
1621 925 942 857
1622 910 920 900
1623 832 946 926
1624 904 956 919
1625 826 936 900
1626 900 917 898
1627 873 945 932
1628 932 948 829
1629 927 944 850
1630 863 944 927
1631 890 924 902
1632 884 957 894
1633 894 933 883
1634 894 957 842
1635 904 962 943
1636 883 933 882
1637 937 943 903
1638 900 936 910
1639 932 945 901
1640 937 956 904
1641 926 946 897
1642 901 948 932
1643 892 956 937
1644 821 949 853
1645 943 962 893
1646 854 924 855
1647 880 953 879
1648 876 954 875
1649 875 954 902
1650 902 949 874
1651 878 959 877
1652 882 960 881
1653 906 925 856
1654 845 925 906
1655 910 936 890
1656 855 924 906
1657 853 949 902
1658 906 924 890
1659 874 949 821
1660 917 953 880
1661 881 960 917
1662 879 953 920
1663 921 954 876
1664 920 959 878
1665 877 959 921
1666 842 957 824
1667 824 957 884
1668 933 960 882
1669 898 960 933
1670 917 960 898
1671 920 953 900
1672 900 953 917
1673 910 959 920
1674 921 959 910
2 50 2 27
1675 837 963 836
1676 836 963 835
1677 686 965 685
1678 841 963 840
1679 830 964 831
1680 822 964 829
1681 832 965 663
1682 840 964 822
1683 663 965 686
1684 685 965 963
1685 963 967 685
1686 835 966 834
1687 838 967 837
1688 685 967 664
1689 823 966 841
1690 833 966 823
1691 664 967 839
1692 829 964 830
1693 831 965 832
1694 963 964 840
1695 837 967 963
1696 963 966 835
1697 839 967 838
1698 834 966 833
1699 964 965 831
1700 841 966 963
1701 963 965 964
2 41 2 25
1702 887 968 886
1703 720 968 719
1704 843 969 842
1705 885 970 825
1706 671 971 885
1707 889 969 888
1708 969 970 968
1709 970 971 968
1710 968 973 886
1711 887 972 968
1712 825 970 843
1713 885 971 970
1714 719 971 671
1715 843 970 969
1716 720 973 968
1717 968 971 719
1718 888 972 887
1719 968 972 969
1720 969 972 888
1721 889 974 969
1722 969 974 842
1723 842 974 824
1724 672 973 720
1725 886 973 672
1726 824 974 889
2 10002 2 32
1727 852 670 725
1728 850 976 828
1729 852 976 851
1730 827 979 848
1731 725 976 852
1732 846 975 845
1733 848 979 847
1734 729 975 728
1735 825 975 885
1736 826 975 844
1737 726 976 725
1738 846 978 975
1739 977 979 827
1740 975 978 728
1741 849 977 827
1742 847 979 978
1743 885 975 729
1744 976 980 828
1745 851 976 850
1746 673 977 726
1747 727 979 673
1748 728 978 727
1749 847 978 846
1750 726 980 976
1751 845 975 826
1752 828 980 849
1753 978 979 727
1754 977 980 726
1755 844 975 825
1756 673 979 977
1757 849 980 977
1758 729 671 885
2 10 2 209
1759 1067 1081 1049
1760 1049 1108 1067
1761 1054 1081 1067
1762 1086 1105 1072
1763 1057 1105 1086
1764 1069 1089 870
1765 869 1069 870
1766 1066 1095 1061
1767 1065 1081 1053
1768 1018 1092 1071
1769 1049 1081 1065
1770 1050 1095 1066
1771 1018 1071 1017
1772 1073 1086 865
1773 1024 1099 1023
1774 1054 1089 1069
1775 871 1067 872
1776 1014 1073 1013
1777 1084 1099 1024
1778 1063 1071 1051
1779 1020 1066 1019
1780 864 1073 865
1781 1064 1094 985
1782 1073 1085 1013
1783 1057 1086 1073
1784 1022 1099 1065
1785 853 1060 854
1786 1072 1105 1051
1787 993 1070 994
1788 1071 1092 1061
1789 1108 1109 1070
1790 1059 1108 1070
1791 1065 1109 1049
1792 1055 1109 1065
1793 1063 1088 1015
1794 1015 1093 1063
1795 1050 1076 1069
1796 1069 1076 1054
1797 1051 1105 1063
1798 1035 1052 1034
1799 1023 1099 1022
1800 985 1056 1007
1801 1006 1052 1005
1802 1065 1080 1022
1803 1008 1064 985
1804 1067 1103 872
1805 871 1089 1067
1806 1067 1089 1054
1807 981 1084 1024
1808 1065 1099 1055
1809 866 1072 867
1810 1061 1092 1066
1811 1053 1080 1065
1812 995 1084 981
1813 1020 1074 1066
1814 1067 1108 1103
1815 1103 1108 1059
1816 869 1077 1069
1817 1060 1112 1048
1818 1066 1092 1019
1819 859 1119 1011
1820 1048 1112 1079
1821 1011 1116 859
1822 985 1058 1056
1823 1052 1087 1056
1824 822 1090 992
1825 873 1090 822
1826 1014 1088 1073
1827 1063 1105 1088
1828 993 1106 1070
1829 1061 1101 1071
1830 1071 1101 1051
1831 1007 1087 984
1832 1026 1060 1025
1833 1073 1088 1057
1834 1056 1087 1007
1835 1070 1106 1059
1836 1069 1114 1050
1837 866 1086 1072
1838 1070 1104 994
1839 1072 1097 867
1840 1055 1104 1070
1841 1049 1109 1108
1842 1066 1096 1050
1843 1070 1109 1055
1844 1055 1099 1084
1845 1063 1098 1071
1846 868 1077 869
1847 1021 1074 1020
1848 1022 1080 1021
1849 862 1110 1102
1850 1102 1110 987
1851 1010 1100 1009
1852 1088 1105 1057
1853 857 1100 858
1854 1009 1083 1008
1855 1010 1119 1100
1856 1011 1119 1010
1857 1072 1120 1097
1858 862 1102 863
1859 1071 1098 1017
1860 1076 1081 1054
1861 1053 1081 1076
1862 864 1085 1073
1863 1048 1094 1064
1864 865 1086 866
1865 1051 1120 1072
1866 859 1116 860
1867 870 1089 871
1868 863 1085 864
1869 1015 1088 1014
1870 1021 1080 1074
1871 994 1104 995
1872 860 1113 861
1873 988 1093 1015
1874 856 1083 857
1875 872 1103 873
1876 992 1106 993
1877 868 1097 1077
1878 867 1097 868
1879 861 1110 862
1880 1019 1092 1018
1881 1077 1097 1062
1882 858 1119 859
1883 1016 1093 988
1884 1013 1102 987
1885 1074 1080 1053
1886 1017 1098 1016
1887 1074 1096 1066
1888 1012 1113 986
1889 855 1064 856
1890 987 1110 1012
1891 861 1113 1110
1892 1100 1119 858
1893 860 1116 1113
1894 1032 1075 1031
1895 1050 1096 1076
1896 986 1116 1011
1897 1016 1098 1093
1898 984 1087 1006
1899 1110 1113 1012
1900 1030 1078 1029
1901 1028 1079 1027
1902 1053 1096 1074
1903 1056 1091 1052
1904 1009 1100 1083
1905 1113 1116 986
1906 1077 1114 1069
1907 1076 1096 1053
1908 1048 1079 1068
1909 1060 1082 854
1910 1097 1120 1062
1911 1093 1098 1063
1912 1062 1101 1095
1913 1006 1087 1052
1914 1083 1100 857
1915 1068 1078 1058
1916 995 1104 1084
1917 1062 1114 1077
1918 985 1094 1058
1919 1058 1075 1056
1920 873 1103 1090
1921 1090 1106 992
1922 1085 1102 1013
1923 863 1102 1085
1924 1048 1082 1060
1925 1035 1115 1052
1926 1052 1091 1034
1927 1052 1115 1005
1928 1062 1120 1101
1929 1034 1091 1033
1930 1095 1101 1061
1931 1058 1094 1068
1932 1090 1103 1059
1933 1095 1114 1062
1934 1084 1104 1055
1935 1059 1106 1090
1936 1050 1114 1095
1937 821 1107 853
1938 1101 1120 1051
1939 854 1082 855
1940 1031 1111 1030
1941 1027 1112 1026
1942 1026 1112 1060
1943 1060 1107 1025
1944 1029 1117 1028
1945 1033 1118 1032
1946 1064 1083 856
1947 1008 1083 1064
1948 1068 1094 1048
1949 855 1082 1064
1950 853 1107 1060
1951 1064 1082 1048
1952 1025 1107 821
1953 1075 1111 1031
1954 1032 1118 1075
1955 1030 1111 1078
1956 1079 1112 1027
1957 1078 1117 1029
1958 1028 1117 1079
1959 1005 1115 983
1960 983 1115 1035
1961 1091 1118 1033
1962 1056 1118 1091
1963 1075 1118 1056
1964 1078 1111 1058
1965 1058 1111 1075
1966 1068 1117 1078
1967 1079 1117 1068
2 50 2 27
1968 1000 1121 999
1969 999 1121 998
1970 1004 1123 1003
1971 841 1121 840
1972 993 1122 994
1973 822 1122 992
1974 995 1123 981
1975 840 1122 822
1976 981 1123 1004
1977 1003 1123 1121
1978 1121 1125 1003
1979 998 1124 997
1980 1001 1125 1000
1981 1003 1125 982
1982 823 1124 841
1983 996 1124 823
1984 982 1125 1002
1985 992 1122 993
1986 994 1123 995
1987 1121 1122 840
1988 1000 1125 1121
1989 1121 1124 998
1990 1002 1125 1001
1991 997 1124 996
1992 1122 1123 994
1993 841 1124 1121
1994 1121 1123 1122
2 41 2 25
1995 1040 1126 1039
1996 1038 1126 1037
1997 1006 1127 1005
1998 1036 1128 984
1999 989 1129 1036
2000 1042 1127 1041
2001 1127 1128 1126
2002 1128 1129 1126
2003 1126 1131 1039
2004 1040 1130 1126
2005 984 1128 1006
2006 1036 1129 1128
2007 1037 1129 989
2008 1006 1128 1127
2009 1038 1131 1126
2010 1126 1129 1037
2011 1041 1130 1040
2012 1126 1130 1127
2013 1127 1130 1041
2014 1042 1132 1127
2015 1127 1132 1005
2016 1005 1132 983
2017 990 1131 1038
2018 1039 1131 990
2019 983 1132 1042
2 10003 2 32
2020 1015 988 1043
2021 1013 1134 987
2022 1015 1134 1014
2023 986 1137 1011
2024 1043 1134 1015
2025 1009 1133 1008
2026 1011 1137 1010
2027 1047 1133 1046
2028 984 1133 1036
2029 985 1133 1007
2030 1044 1134 1043
2031 1009 1136 1133
2032 1135 1137 986
2033 1133 1136 1046
2034 1012 1135 986
2035 1010 1137 1136
2036 1036 1133 1047
2037 1134 1138 987
2038 1014 1134 1013
2039 991 1135 1044
2040 1045 1137 991
2041 1046 1136 1045
2042 1010 1136 1009
2043 1044 1138 1134
2044 1008 1133 985
2045 987 1138 1012
2046 1136 1137 1045
2047 1135 1138 1044
2048 1007 1133 984
2049 991 1137 1135
2050 1012 1138 1135
2051 1047 989 1036
2 10 2 209
2052 1227 1241 1209
2053 1209 1268 1227
2054 1214 1241 1227
2055 1246 1265 1232
2056 1217 1265 1246
2057 1229 1249 1188
2058 1187 1229 1188
2059 1226 1255 1221
2060 1225 1241 1213
2061 1018 1252 1231
2062 1209 1241 1225
2063 1210 1255 1226
2064 1018 1231 1017
2065 1233 1246 1183
2066 1024 1259 1023
2067 1214 1249 1229
2068 1189 1227 1190
2069 1169 1233 1168
2070 1244 1259 1024
2071 1223 1231 1211
2072 1020 1226 1019
2073 1182 1233 1183
2074 1224 1254 1144
2075 1233 1245 1168
2076 1217 1246 1233
2077 1022 1259 1225
2078 1171 1220 1172
2079 1232 1265 1211
2080 1148 1230 1149
2081 1231 1252 1221
2082 1268 1269 1230
2083 1219 1268 1230
2084 1225 1269 1209
2085 1215 1269 1225
2086 1223 1248 1170
2087 1170 1253 1223
2088 1210 1236 1229
2089 1229 1236 1214
2090 1211 1265 1223
2091 1202 1212 1201
2092 1023 1259 1022
2093 1144 1216 1162
2094 1161 1212 1160
2095 1225 1240 1022
2096 1163 1224 1144
2097 1227 1263 1190
2098 1189 1249 1227
2099 1227 1249 1214
2100 981 1244 1024
2101 1225 1259 1215
2102 1184 1232 1185
2103 1221 1252 1226
2104 1213 1240 1225
2105 1150 1244 981
2106 1020 1234 1226
2107 1227 1268 1263
2108 1263 1268 1219
2109 1187 1237 1229
2110 1220 1272 1208
2111 1226 1252 1019
2112 1177 1279 1166
2113 1208 1272 1239
2114 1166 1276 1177
2115 1144 1218 1216
2116 1212 1247 1216
2117 1140 1250 1147
2118 1191 1250 1140
2119 1169 1248 1233
2120 1223 1265 1248
2121 1148 1266 1230
2122 1221 1261 1231
2123 1231 1261 1211
2124 1162 1247 1143
2125 1193 1220 1192
2126 1233 1248 1217
2127 1216 1247 1162
2128 1230 1266 1219
2129 1229 1274 1210
2130 1184 1246 1232
2131 1230 1264 1149
2132 1232 1257 1185
2133 1215 1264 1230
2134 1209 1269 1268
2135 1226 1256 1210
2136 1230 1269 1215
2137 1215 1259 1244
2138 1223 1258 1231
2139 1186 1237 1187
2140 1021 1234 1020
2141 1022 1240 1021
2142 1180 1270 1262
2143 1262 1270 1146
2144 1165 1260 1164
2145 1248 1265 1217
2146 1175 1260 1176
2147 1164 1243 1163
2148 1165 1279 1260
2149 1166 1279 1165
2150 1232 1280 1257
2151 1180 1262 1181
2152 1231 1258 1017
2153 1236 1241 1214
2154 1213 1241 1236
2155 1182 1245 1233
2156 1208 1254 1224
2157 1183 1246 1184
2158 1211 1280 1232
2159 1177 1276 1178
2160 1188 1249 1189
2161 1181 1245 1182
2162 1170 1248 1169
2163 1021 1240 1234
2164 1149 1264 1150
2165 1178 1273 1179
2166 988 1253 1170
2167 1174 1243 1175
2168 1190 1263 1191
2169 1147 1266 1148
2170 1186 1257 1237
2171 1185 1257 1186
2172 1179 1270 1180
2173 1019 1252 1018
2174 1237 1257 1222
2175 1176 1279 1177
2176 1016 1253 988
2177 1168 1262 1146
2178 1234 1240 1213
2179 1017 1258 1016
2180 1234 1256 1226
2181 1167 1273 1145
2182 1173 1224 1174
2183 1146 1270 1167
2184 1179 1273 1270
2185 1260 1279 1176
2186 1178 1276 1273
2187 1199 1235 1198
2188 1210 1256 1236
2189 1145 1276 1166
2190 1016 1258 1253
2191 1143 1247 1161
2192 1270 1273 1167
2193 1197 1238 1196
2194 1195 1239 1194
2195 1213 1256 1234
2196 1216 1251 1212
2197 1164 1260 1243
2198 1273 1276 1145
2199 1237 1274 1229
2200 1236 1256 1213
2201 1208 1239 1228
2202 1220 1242 1172
2203 1257 1280 1222
2204 1253 1258 1223
2205 1222 1261 1255
2206 1161 1247 1212
2207 1243 1260 1175
2208 1228 1238 1218
2209 1150 1264 1244
2210 1222 1274 1237
2211 1144 1254 1218
2212 1218 1235 1216
2213 1191 1263 1250
2214 1250 1266 1147
2215 1245 1262 1168
2216 1181 1262 1245
2217 1208 1242 1220
2218 1202 1275 1212
2219 1212 1251 1201
2220 1212 1275 1160
2221 1222 1280 1261
2222 1201 1251 1200
2223 1255 1261 1221
2224 1218 1254 1228
2225 1250 1263 1219
2226 1255 1274 1222
2227 1244 1264 1215
2228 1219 1266 1250
2229 1210 1274 1255
2230 1139 1267 1171
2231 1261 1280 1211
2232 1172 1242 1173
2233 1198 1271 1197
2234 1194 1272 1193
2235 1193 1272 1220
2236 1220 1267 1192
2237 1196 1277 1195
2238 1200 1278 1199
2239 1224 1243 1174
2240 1163 1243 1224
2241 1228 1254 1208
2242 1173 1242 1224
2243 1171 1267 1220
2244 1224 1242 1208
2245 1192 1267 1139
2246 1235 1271 1198
2247 1199 1278 1235
2248 1197 1271 1238
2249 1239 1272 1194
2250 1238 1277 1196
2251 1195 1277 1239
2252 1160 1275 1142
2253 1142 1275 1202
2254 1251 1278 1200
2255 1216 1278 1251
2256 1235 1278 1216
2257 1238 1271 1218
2258 1218 1271 1235
2259 1228 1277 1238
2260 1239 1277 1228
2 50 2 27
2261 1155 1281 1154
2262 1154 1281 1153
2263 1004 1283 1003
2264 1159 1281 1158
2265 1148 1282 1149
2266 1140 1282 1147
2267 1150 1283 981
2268 1158 1282 1140
2269 981 1283 1004
2270 1003 1283 1281
2271 1281 1285 1003
2272 1153 1284 1152
2273 1156 1285 1155
2274 1003 1285 982
2275 1141 1284 1159
2276 1151 1284 1141
2277 982 1285 1157
2278 1147 1282 1148
2279 1149 1283 1150
2280 1281 1282 1158
2281 1155 1285 1281
2282 1281 1284 1153
2283 1157 1285 1156
2284 1152 1284 1151
2285 1282 1283 1149
2286 1159 1284 1281
2287 1281 1283 1282
2 41 2 25
2288 1205 1286 1204
2289 1038 1286 1037
2290 1161 1287 1160
2291 1203 1288 1143
2292 989 1289 1203
2293 1207 1287 1206
2294 1287 1288 1286
2295 1288 1289 1286
2296 1286 1291 1204
2297 1205 1290 1286
2298 1143 1288 1161
2299 1203 1289 1288
2300 1037 1289 989
2301 1161 1288 1287
2302 1038 1291 1286
2303 1286 1289 1037
2304 1206 1290 1205
2305 1286 1290 1287
2306 1287 1290 1206
2307 1207 1292 1287
2308 1287 1292 1160
2309 1160 1292 1142
2310 990 1291 1038
2311 1204 1291 990
2312 1142 1292 1207
2 10003 2 32
2313 1170 988 1043
2314 1168 1294 1146
2315 1170 1294 1169
2316 1145 1297 1166
2317 1043 1294 1170
2318 1164 1293 1163
2319 1166 1297 1165
2320 1047 1293 1046
2321 1143 1293 1203
2322 1144 1293 1162
2323 1044 1294 1043
2324 1164 1296 1293
2325 1295 1297 1145
2326 1293 1296 1046
2327 1167 1295 1145
2328 1165 1297 1296
2329 1203 1293 1047
2330 1294 1298 1146
2331 1169 1294 1168
2332 991 1295 1044
2333 1045 1297 991
2334 1046 1296 1045
2335 1165 1296 1164
2336 1044 1298 1294
2337 1163 1293 1144
2338 1146 1298 1167
2339 1296 1297 1045
2340 1295 1298 1044
2341 1162 1293 1143
2342 991 1297 1295
2343 1167 1298 1295
2344 1047 989 1203
2 10 2 209
2345 1385 1399 1367
2346 1367 1426 1385
2347 1372 1399 1385
2348 1404 1423 1390
2349 1375 1423 1404
2350 1387 1407 1188
2351 1187 1387 1188
2352 1384 1413 1379
2353 1383 1399 1371
2354 1336 1410 1389
2355 1367 1399 1383
2356 1368 1413 1384
2357 1336 1389 1335
2358 1391 1404 1183
2359 1342 1417 1341
2360 1372 1407 1387
2361 1189 1385 1190
2362 1332 1391 1331
2363 1402 1417 1342
2364 1381 1389 1369
2365 1338 1384 1337
2366 1182 1391 1183
2367 1382 1412 1303
2368 1391 1403 1331
2369 1375 1404 1391
2370 1340 1417 1383
2371 1171 1378 1172
2372 1390 1423 1369
2373 1311 1388 1312
2374 1389 1410 1379
2375 1426 1427 1388
2376 1377 1426 1388
2377 1383 1427 1367
2378 1373 1427 1383
2379 1381 1406 1333
2380 1333 1411 1381
2381 1368 1394 1387
2382 1387 1394 1372
2383 1369 1423 1381
2384 1353 1370 1352
2385 1341 1417 1340
2386 1303 1374 1325
2387 1324 1370 1323
2388 1383 1398 1340
2389 1326 1382 1303
2390 1385 1421 1190
2391 1189 1407 1385
2392 1385 1407 1372
2393 1299 1402 1342
2394 1383 1417 1373
2395 1184 1390 1185
2396 1379 1410 1384
2397 1371 1398 1383
2398 1313 1402 1299
2399 1338 1392 1384
2400 1385 1426 1421
2401 1421 1426 1377
2402 1187 1395 1387
2403 1378 1430 1366
2404 1384 1410 1337
2405 1177 1437 1329
2406 1366 1430 1397
2407 1329 1434 1177
2408 1303 1376 1374
2409 1370 1405 1374
2410 1140 1408 1310
2411 1191 1408 1140
2412 1332 1406 1391
2413 1381 1423 1406
2414 1311 1424 1388
2415 1379 1419 1389
2416 1389 1419 1369
2417 1325 1405 1302
2418 1344 1378 1343
2419 1391 1406 1375
2420 1374 1405 1325
2421 1388 1424 1377
2422 1387 1432 1368
2423 1184 1404 1390
2424 1388 1422 1312
2425 1390 1415 1185
2426 1373 1422 1388
2427 1367 1427 1426
2428 1384 1414 1368
2429 1388 1427 1373
2430 1373 1417 1402
2431 1381 1416 1389
2432 1186 1395 1187
2433 1339 1392 1338
2434 1340 1398 1339
2435 1180 1428 1420
2436 1420 1428 1305
2437 1328 1418 1327
2438 1406 1423 1375
2439 1175 1418 1176
2440 1327 1401 1326
2441 1328 1437 1418
2442 1329 1437 1328
2443 1390 1438 1415
2444 1180 1420 1181
2445 1389 1416 1335
2446 1394 1399 1372
2447 1371 1399 1394
2448 1182 1403 1391
2449 1366 1412 1382
2450 1183 1404 1184
2451 1369 1438 1390
2452 1177 1434 1178
2453 1188 1407 1189
2454 1181 1403 1182
2455 1333 1406 1332
2456 1339 1398 1392
2457 1312 1422 1313
2458 1178 1431 1179
2459 1306 1411 1333
2460 1174 1401 1175
2461 1190 1421 1191
2462 1310 1424 1311
2463 1186 1415 1395
2464 1185 1415 1186
2465 1179 1428 1180
2466 1337 1410 1336
2467 1395 1415 1380
2468 1176 1437 1177
2469 1334 1411 1306
2470 1331 1420 1305
2471 1392 1398 1371
2472 1335 1416 1334
2473 1392 1414 1384
2474 1330 1431 1304
2475 1173 1382 1174
2476 1305 1428 1330
2477 1179 1431 1428
2478 1418 1437 1176
2479 1178 1434 1431
2480 1350 1393 1349
2481 1368 1414 1394
2482 1304 1434 1329
2483 1334 1416 1411
2484 1302 1405 1324
2485 1428 1431 1330
2486 1348 1396 1347
2487 1346 1397 1345
2488 1371 1414 1392
2489 1374 1409 1370
2490 1327 1418 1401
2491 1431 1434 1304
2492 1395 1432 1387
2493 1394 1414 1371
2494 1366 1397 1386
2495 1378 1400 1172
2496 1415 1438 1380
2497 1411 1416 1381
2498 1380 1419 1413
2499 1324 1405 1370
2500 1401 1418 1175
2501 1386 1396 1376
2502 1313 1422 1402
2503 1380 1432 1395
2504 1303 1412 1376
2505 1376 1393 1374
2506 1191 1421 1408
2507 1408 1424 1310
2508 1403 1420 1331
2509 1181 1420 1403
2510 1366 1400 1378
2511 1353 1433 1370
2512 1370 1409 1352
2513 1370 1433 1323
2514 1380 1438 1419
2515 1352 1409 1351
2516 1413 1419 1379
2517 1376 1412 1386
2518 1408 1421 1377
2519 1413 1432 1380
2520 1402 1422 1373
2521 1377 1424 1408
2522 1368 1432 1413
2523 1139 1425 1171
2524 1419 1438 1369
2525 1172 1400 1173
2526 1349 1429 1348
2527 1345 1430 1344
2528 1344 1430 1378
2529 1378 1425 1343
2530 1347 1435 1346
2531 1351 1436 1350
2532 1382 1401 1174
2533 1326 1401 1382
2534 1386 1412 1366
2535 1173 1400 1382
2536 1171 1425 1378
2537 1382 1400 1366
2538 1343 1425 1139
2539 1393 1429 1349
2540 1350 1436 1393
2541 1348 1429 1396
2542 1397 1430 1345
2543 1396 1435 1347
2544 1346 1435 1397
2545 1323 1433 1301
2546 1301 1433 1353
2547 1409 1436 1351
2548 1374 1436 1409
2549 1393 1436 1374
2550 1396 1429 1376
2551 1376 1429 1393
2552 1386 1435 1396
2553 1397 1435 1386
2 50 2 27
2554 1318 1439 1317
2555 1317 1439 1316
2556 1322 1441 1321
2557 1159 1439 1158
2558 1311 1440 1312
2559 1140 1440 1310
2560 1313 1441 1299
2561 1158 1440 1140
2562 1299 1441 1322
2563 1321 1441 1439
2564 1439 1443 1321
2565 1316 1442 1315
2566 1319 1443 1318
2567 1321 1443 1300
2568 1141 1442 1159
2569 1314 1442 1141
2570 1300 1443 1320
2571 1310 1440 1311
2572 1312 1441 1313
2573 1439 1440 1158
2574 1318 1443 1439
2575 1439 1442 1316
2576 1320 1443 1319
2577 1315 1442 1314
2578 1440 1441 1312
2579 1159 1442 1439
2580 1439 1441 1440
2 41 2 25
2581 1358 1444 1357
2582 1356 1444 1355
2583 1324 1445 1323
2584 1354 1446 1302
2585 1307 1447 1354
2586 1360 1445 1359
2587 1445 1446 1444
2588 1446 1447 1444
2589 1444 1449 1357
2590 1358 1448 1444
2591 1302 1446 1324
2592 1354 1447 1446
2593 1355 1447 1307
2594 1324 1446 1445
2595 1356 1449 1444
2596 1444 1447 1355
2597 1359 1448 1358
2598 1444 1448 1445
2599 1445 1448 1359
2600 1360 1450 1445
2601 1445 1450 1323
2602 1323 1450 1301
2603 1308 1449 1356
2604 1357 1449 1308
2605 1301 1450 1360
2 10004 2 32
2606 1333 1306 1361
2607 1331 1452 1305
2608 1333 1452 1332
2609 1304 1455 1329
2610 1361 1452 1333
2611 1327 1451 1326
2612 1329 1455 1328
2613 1365 1451 1364
2614 1302 1451 1354
2615 1303 1451 1325
2616 1362 1452 1361
2617 1327 1454 1451
2618 1453 1455 1304
2619 1451 1454 1364
2620 1330 1453 1304
2621 1328 1455 1454
2622 1354 1451 1365
2623 1452 1456 1305
2624 1332 1452 1331
2625 1309 1453 1362
2626 1363 1455 1309
2627 1364 1454 1363
2628 1328 1454 1327
2629 1362 1456 1452
2630 1326 1451 1303
2631 1305 1456 1330
2632 1454 1455 1363
2633 1453 1456 1362
2634 1325 1451 1302
2635 1309 1455 1453
2636 1330 1456 1453
2637 1365 1307 1354
2 10 2 209
2638 1545 1559 1527
2639 1527 1586 1545
2640 1532 1559 1545
2641 1564 1583 1550
2642 1535 1583 1564
2643 1547 1567 1506
2644 1505 1547 1506
2645 1544 1573 1539
2646 1543 1559 1531
2647 1336 1570 1549
2648 1527 1559 1543
2649 1528 1573 1544
2650 1336 1549 1335
2651 1551 1564 1501
2652 1342 1577 1341
2653 1532 1567 1547
2654 1507 1545 1508
2655 1487 1551 1486
2656 1562 1577 1342
2657 1541 1549 1529
2658 1338 1544 1337
2659 1500 1551 1501
2660 1542 1572 1462
2661 1551 1563 1486
2662 1535 1564 1551
2663 1340 1577 1543
2664 1489 1538 1490
2665 1550 1583 1529
2666 1466 1548 1467
2667 1549 1570 1539
2668 1586 1587 1548
2669 1537 1586 1548
2670 1543 1587 1527
2671 1533 1587 1543
2672 1541 1566 1488
2673 1488 1571 1541
2674 1528 1554 1547
2675 1547 1554 1532
2676 1529 1583 1541
2677 1520 1530 1519
2678 1341 1577 1340
2679 1462 1534 1480
2680 1479 1530 1478
2681 1543 1558 1340
2682 1481 1542 1462
2683 1545 1581 1508
2684 1507 1567 1545
2685 1545 1567 1532
2686 1299 1562 1342
2687 1543 1577 1533
2688 1502 1550 1503
2689 1539 1570 1544
2690 1531 1558 1543
2691 1468 1562 1299
2692 1338 1552 1544
2693 1545 1586 1581
2694 1581 1586 1537
2695 1505 1555 1547
2696 1538 1590 1526
2697 1544 1570 1337
2698 1495 1597 1484
2699 1526 1590 1557
2700 1484 1594 1495
2701 1462 1536 1534
2702 1530 1565 1534
2703 1458 1568 1465
2704 1509 1568 1458
2705 1487 1566 1551
2706 1541 1583 1566
2707 1466 1584 1548
2708 1539 1579 1549
2709 1549 1579 1529
2710 1480 1565 1461
2711 1511 1538 1510
2712 1551 1566 1535
2713 1534 1565 1480
2714 1548 1584 1537
2715 1547 1592 1528
2716 1502 1564 1550
2717 1548 1582 1467
2718 1550 1575 1503
2719 1533 1582 1548
2720 1527 1587 1586
2721 1544 1574 1528
2722 1548 1587 1533
2723 1533 1577 1562
2724 1541 1576 1549
2725 1504 1555 1505
2726 1339 1552 1338
2727 1340 1558 1339
2728 1498 1588 1580
2729 1580 1588 1464
2730 1483 1578 1482
2731 1566 1583 1535
2732 1493 1578 1494
2733 1482 1561 1481
2734 1483 1597 1578
2735 1484 1597 1483
2736 1550 1598 1575
2737 1498 1580 1499
2738 1549 1576 1335
2739 1554 1559 1532
2740 1531 1559 1554
2741 1500 1563 1551
2742 1526 1572 1542
2743 1501 1564 1502
2744 1529 1598 1550
2745 1495 1594 1496
2746 1506 1567 1507
2747 1499 1563 1500
2748 1488 1566 1487
2749 1339 1558 1552
2750 1467 1582 1468
2751 1496 1591 1497
2752 1306 1571 1488
2753 1492 1561 1493
2754 1508 1581 1509
2755 1465 1584 1466
2756 1504 1575 1555
2757 1503 1575 1504
2758 1497 1588 1498
2759 1337 1570 1336
2760 1555 1575 1540
2761 1494 1597 1495
2762 1334 1571 1306
2763 1486 1580 1464
2764 1552 1558 1531
2765 1335 1576 1334
2766 1552 1574 1544
2767 1485 1591 1463
2768 1491 1542 1492
2769 1464 1588 1485
2770 1497 1591 1588
2771 1578 1597 1494
2772 1496 1594 1591
2773 1517 1553 1516
2774 1528 1574 1554
2775 1463 1594 1484
2776 1334 1576 1571
2777 1461 1565 1479
2778 1588 1591 1485
2779 1515 1556 1514
2780 1513 1557 1512
2781 1531 1574 1552
2782 1534 1569 1530
2783 1482 1578 1561
2784 1591 1594 1463
2785 1555 1592 1547
2786 1554 1574 1531
2787 1526 1557 1546
2788 1538 1560 1490
2789 1575 1598 1540
2790 1571 1576 1541
2791 1540 1579 1573
2792 1479 1565 1530
2793 1561 1578 1493
2794 1546 1556 1536
2795 1468 1582 1562
2796 1540 1592 1555
2797 1462 1572 1536
2798 1536 1553 1534
2799 1509 1581 1568
2800 1568 1584 1465
2801 1563 1580 1486
2802 1499 1580 1563
2803 1526 1560 1538
2804 1520 1593 1530
2805 1530 1569 1519
2806 1530 1593 1478
2807 1540 1598 1579
2808 1519 1569 1518
2809 1573 1579 1539
2810 1536 1572 1546
2811 1568 1581 1537
2812 1573 1592 1540
2813 1562 1582 1533
2814 1537 1584 1568
2815 1528 1592 1573
2816 1457 1585 1489
2817 1579 1598 1529
2818 1490 1560 1491
2819 1516 1589 1515
2820 1512 1590 1511
2821 1511 1590 1538
2822 1538 1585 1510
2823 1514 1595 1513
2824 1518 1596 1517
2825 1542 1561 1492
2826 1481 1561 1542
2827 1546 1572 1526
2828 1491 1560 1542
2829 1489 1585 1538
2830 1542 1560 1526
2831 1510 1585 1457
2832 1553 1589 1516
2833 1517 1596 1553
2834 1515 1589 1556
2835 1557 1590 1512
2836 1556 1595 1514
2837 1513 1595 1557
2838 1478 1593 1460
2839 1460 1593 1520
2840 1569 1596 1518
2841 1534 1596 1569
2842 1553 1596 1534
2843 1556 1589 1536
2844 1536 1589 1553
2845 1546 1595 1556
2846 1557 1595 1546
2 50 2 27
2847 1473 1599 1472
2848 1472 1599 1471
2849 1322 1601 1321
2850 1477 1599 1476
2851 1466 1600 1467
2852 1458 1600 1465
2853 1468 1601 1299
2854 1476 1600 1458
2855 1299 1601 1322
2856 1321 1601 1599
2857 1599 1603 1321
2858 1471 1602 1470
2859 1474 1603 1473
2860 1321 1603 1300
2861 1459 1602 1477
2862 1469 1602 1459
2863 1300 1603 1475
2864 1465 1600 1466
2865 1467 1601 1468
2866 1599 1600 1476
2867 1473 1603 1599
2868 1599 1602 1471
2869 1475 1603 1474
2870 1470 1602 1469
2871 1600 1601 1467
2872 1477 1602 1599
2873 1599 1601 1600
2 41 2 25
2874 1523 1604 1522
2875 1356 1604 1355
2876 1479 1605 1478
2877 1521 1606 1461
2878 1307 1607 1521
2879 1525 1605 1524
2880 1605 1606 1604
2881 1606 1607 1604
2882 1604 1609 1522
2883 1523 1608 1604
2884 1461 1606 1479
2885 1521 1607 1606
2886 1355 1607 1307
2887 1479 1606 1605
2888 1356 1609 1604
2889 1604 1607 1355
2890 1524 1608 1523
2891 1604 1608 1605
2892 1605 1608 1524
2893 1525 1610 1605
2894 1605 1610 1478
2895 1478 1610 1460
2896 1308 1609 1356
2897 1522 1609 1308
2898 1460 1610 1525
2 10004 2 32
2899 1488 1306 1361
2900 1486 1612 1464
2901 1488 1612 1487
2902 1463 1615 1484
2903 1361 1612 1488
2904 1482 1611 1481
2905 1484 1615 1483
2906 1365 1611 1364
2907 1461 1611 1521
2908 1462 1611 1480
2909 1362 1612 1361
2910 1482 1614 1611
2911 1613 1615 1463
2912 1611 1614 1364
2913 1485 1613 1463
2914 1483 1615 1614
2915 1521 1611 1365
2916 1612 1616 1464
2917 1487 1612 1486
2918 1309 1613 1362
2919 1363 1615 1309
2920 1364 1614 1363
2921 1483 1614 1482
2922 1362 1616 1612
2923 1481 1611 1462
2924 1464 1616 1485
2925 1614 1615 1363
2926 1613 1616 1362
2927 1480 1611 1461
2928 1309 1615 1613
2929 1485 1616 1613
2930 1365 1307 1521
2 10 2 209
2931 1703 1717 1685
2932 1685 1744 1703
2933 1690 1717 1703
2934 1722 1741 1708
2935 1693 1741 1722
2936 1705 1725 1506
2937 1505 1705 1506
2938 1702 1731 1697
2939 1701 1717 1689
2940 1654 1728 1707
2941 1685 1717 1701
2942 1686 1731 1702
2943 1654 1707 1653
2944 1709 1722 1501
2945 1660 1735 1659
2946 1690 1725 1705
2947 1507 1703 1508
2948 1650 1709 1649
2949 1720 1735 1660
2950 1699 1707 1687
2951 1656 1702 1655
2952 1500 1709 1501
2953 1700 1730 1621
2954 1709 1721 1649
2955 1693 1722 1709
2956 1658 1735 1701
2957 1489 1696 1490
2958 1708 1741 1687
2959 1629 1706 1630
2960 1707 1728 1697
2961 1744 1745 1706
2962 1695 1744 1706
2963 1701 1745 1685
2964 1691 1745 1701
2965 1699 1724 1651
2966 1651 1729 1699
2967 1686 1712 1705
2968 1705 1712 1690
2969 1687 1741 1699
2970 1671 1688 1670
2971 1659 1735 1658
2972 1621 1692 1643
2973 1642 1688 1641
2974 1701 1716 1658
2975 1644 1700 1621
2976 1703 1739 1508
2977 1507 1725 1703
2978 1703 1725 1690
2979 1617 1720 1660
2980 1701 1735 1691
2981 1502 1708 1503
2982 1697 1728 1702
2983 1689 1716 1701
2984 1631 1720 1617
2985 1656 1710 1702
2986 1703 1744 1739
2987 1739 1744 1695
2988 1505 1713 1705
2989 1696 1748 1684
2990 1702 1728 1655
2991 1495 1755 1647
2992 1684 1748 1715
2993 1647 1752 1495
2994 1621 1694 1692
2995 1688 1723 1692
2996 1458 1726 1628
2997 1509 1726 1458
2998 1650 1724 1709
2999 1699 1741 1724
3000 1629 1742 1706
3001 1697 1737 1707
3002 1707 1737 1687
3003 1643 1723 1620
3004 1662 1696 1661
3005 1709 1724 1693
3006 1692 1723 1643
3007 1706 1742 1695
3008 1705 1750 1686
3009 1502 1722 1708
3010 1706 1740 1630
3011 1708 1733 1503
3012 1691 1740 1706
3013 1685 1745 1744
3014 1702 1732 1686
3015 1706 1745 1691
3016 1691 1735 1720
3017 1699 1734 1707
3018 1504 1713 1505
3019 1657 1710 1656
3020 1658 1716 1657
3021 1498 1746 1738
3022 1738 1746 1623
3023 1646 1736 1645
3024 1724 1741 1693
3025 1493 1736 1494
3026 1645 1719 1644
3027 1646 1755 1736
3028 1647 1755 1646
3029 1708 1756 1733
3030 1498 1738 1499
3031 1707 1734 1653
3032 1712 1717 1690
3033 1689 1717 1712
3034 1500 1721 1709
3035 1684 1730 1700
3036 1501 1722 1502
3037 1687 1756 1708
3038 1495 1752 1496
3039 1506 1725 1507
3040 1499 1721 1500
3041 1651 1724 1650
3042 1657 1716 1710
3043 1630 1740 1631
3044 1496 1749 1497
3045 1624 1729 1651
3046 1492 1719 1493
3047 1508 1739 1509
3048 1628 1742 1629
3049 1504 1733 1713
3050 1503 1733 1504
3051 1497 1746 1498
3052 1655 1728 1654
3053 1713 1733 1698
3054 1494 1755 1495
3055 1652 1729 1624
3056 1649 1738 1623
3057 1710 1716 1689
3058 1653 1734 1652
3059 1710 1732 1702
3060 1648 1749 1622
3061 1491 1700 1492
3062 1623 1746 1648
3063 1497 1749 1746
3064 1736 1755 1494
3065 1496 1752 1749
3066 1668 1711 1667
3067 1686 1732 1712
3068 1622 1752 1647
3069 1652 1734 1729
3070 1620 1723 1642
3071 1746 1749 1648
3072 1666 1714 1665
3073 1664 1715 1663
3074 1689 1732 1710
3075 1692 1727 1688
3076 1645 1736 1719
3077 1749 1752 1622
3078 1713 1750 1705
3079 1712 1732 1689
3080 1684 1715 1704
3081 1696 1718 1490
3082 1733 1756 1698
3083 1729 1734 1699
3084 1698 1737 1731
3085 1642 1723 1688
3086 1719 1736 1493
3087 1704 1714 1694
3088 1631 1740 1720
3089 1698 1750 1713
3090 1621 1730 1694
3091 1694 1711 1692
3092 1509 1739 1726
3093 1726 1742 1628
3094 1721 1738 1649
3095 1499 1738 1721
3096 1684 1718 1696
3097 1671 1751 1688
3098 1688 1727 1670
3099 1688 1751 1641
3100 1698 1756 1737
3101 1670 1727 1669
3102 1731 1737 1697
3103 1694 1730 1704
3104 1726 1739 1695
3105 1731 1750 1698
3106 1720 1740 1691
3107 1695 1742 1726
3108 1686 1750 1731
3109 1457 1743 1489
3110 1737 1756 1687
3111 1490 1718 1491
3112 1667 1747 1666
3113 1663 1748 1662
3114 1662 1748 1696
3115 1696 1743 1661
3116 1665 1753 1664
3117 1669 1754 1668
3118 1700 1719 1492
3119 1644 1719 1700
3120 1704 1730 1684
3121 1491 1718 1700
3122 1489 1743 1696
3123 1700 1718 1684
3124 1661 1743 1457
3125 1711 1747 1667
3126 1668 1754 1711
3127 1666 1747 1714
3128 1715 1748 1663
3129 1714 1753 1665
3130 1664 1753 1715
3131 1641 1751 1619
3132 1619 1751 1671
3133 1727 1754 1669
3134 1692 1754 1727
3135 1711 1754 1692
3136 1714 1747 1694
3137 1694 1747 1711
3138 1704 1753 1714
3139 1715 1753 1704
2 50 2 27
3140 1636 1757 1635
3141 1635 1757 1634
3142 1640 1759 1639
3143 1477 1757 1476
3144 1629 1758 1630
3145 1458 1758 1628
3146 1631 1759 1617
3147 1476 1758 1458
3148 1617 1759 1640
3149 1639 1759 1757
3150 1757 1761 1639
3151 1634 1760 1633
3152 1637 1761 1636
3153 1639 1761 1618
3154 1459 1760 1477
3155 1632 1760 1459
3156 1618 1761 1638
3157 1628 1758 1629
3158 1630 1759 1631
3159 1757 1758 1476
3160 1636 1761 1757
3161 1757 1760 1634
3162 1638 1761 1637
3163 1633 1760 1632
3164 1758 1759 1630
3165 1477 1760 1757
3166 1757 1759 1758
2 41 2 25
3167 1676 1762 1675
3168 1674 1762 1673
3169 1642 1763 1641
3170 1672 1764 1620
3171 1625 1765 1672
3172 1678 1763 1677
3173 1763 1764 1762
3174 1764 1765 1762
3175 1762 1767 1675
3176 1676 1766 1762
3177 1620 1764 1642
3178 1672 1765 1764
3179 1673 1765 1625
3180 1642 1764 1763
3181 1674 1767 1762
3182 1762 1765 1673
3183 1677 1766 1676
3184 1762 1766 1763
3185 1763 1766 1677
3186 1678 1768 1763
3187 1763 1768 1641
3188 1641 1768 1619
3189 1626 1767 1674
3190 1675 1767 1626
3191 1619 1768 1678
2 10005 2 32
3192 1651 1624 1679
3193 1649 1770 1623
3194 1651 1770 1650
3195 1622 1773 1647
3196 1679 1770 1651
3197 1645 1769 1644
3198 1647 1773 1646
3199 1683 1769 1682
3200 1620 1769 1672
3201 1621 1769 1643
3202 1680 1770 1679
3203 1645 1772 1769
3204 1771 1773 1622
3205 1769 1772 1682
3206 1648 1771 1622
3207 1646 1773 1772
3208 1672 1769 1683
3209 1770 1774 1623
3210 1650 1770 1649
3211 1627 1771 1680
3212 1681 1773 1627
3213 1682 1772 1681
3214 1646 1772 1645
3215 1680 1774 1770
3216 1644 1769 1621
3217 1623 1774 1648
3218 1772 1773 1681
3219 1771 1774 1680
3220 1643 1769 1620
3221 1627 1773 1771
3222 1648 1774 1771
3223 1683 1625 1672
2 10 2 209
3224 1863 1877 1845
3225 1845 1904 1863
3226 1850 1877 1863
3227 1882 1901 1868
3228 1853 1901 1882
3229 1865 1885 1824
3230 1823 1865 1824
3231 1862 1891 1857
3232 1861 1877 1849
3233 1654 1888 1867
3234 1845 1877 1861
3235 1846 1891 1862
3236 1654 1867 1653
3237 1869 1882 1819
3238 1660 1895 1659
3239 1850 1885 1865
3240 1825 1863 1826
3241 1805 1869 1804
3242 1880 1895 1660
3243 1859 1867 1847
3244 1656 1862 1655
3245 1818 1869 1819
3246 1860 1890 1780
3247 1869 1881 1804
3248 1853 1882 1869
3249 1658 1895 1861
3250 1807 1856 1808
3251 1868 1901 1847
3252 1784 1866 1785
3253 1867 1888 1857
3254 1904 1905 1866
3255 1855 1904 1866
3256 1861 1905 1845
3257 1851 1905 1861
3258 1859 1884 1806
3259 1806 1889 1859
3260 1846 1872 1865
3261 1865 1872 1850
3262 1847 1901 1859
3263 1838 1848 1837
3264 1659 1895 1658
3265 1780 1852 1798
3266 1797 1848 1796
3267 1861 1876 1658
3268 1799 1860 1780
3269 1863 1899 1826
3270 1825 1885 1863
3271 1863 1885 1850
3272 1617 1880 1660
3273 1861 1895 1851
3274 1820 1868 1821
3275 1857 1888 1862
3276 1849 1876 1861
3277 1786 1880 1617
3278 1656 1870 1862
3279 1863 1904 1899
3280 1899 1904 1855
3281 1823 1873 1865
3282 1856 1908 1844
3283 1862 1888 1655
3284 1813 1915 1802
3285 1844 1908 1875
3286 1802 1912 1813
3287 1780 1854 1852
3288 1848 1883 1852
3289 1776 1886 1783
3290 1827 1886 1776
3291 1805 1884 1869
3292 1859 1901 1884
3293 1784 1902 1866
3294 1857 1897 1867
3295 1867 1897 1847
3296 1798 1883 1779
3297 1829 1856 1828
3298 1869 1884 1853
3299 1852 1883 1798
3300 1866 1902 1855
3301 1865 1910 1846
3302 1820 1882 1868
3303 1866 1900 1785
3304 1868 1893 1821
3305 1851 1900 1866
3306 1845 1905 1904
3307 1862 1892 1846
3308 1866 1905 1851
3309 1851 1895 1880
3310 1859 1894 1867
3311 1822 1873 1823
3312 1657 1870 1656
3313 1658 1876 1657
3314 1816 1906 1898
3315 1898 1906 1782
3316 1801 1896 1800
3317 1884 1901 1853
3318 1811 1896 1812
3319 1800 1879 1799
3320 1801 1915 1896
3321 1802 1915 1801
3322 1868 1916 1893
3323 1816 1898 1817
3324 1867 1894 1653
3325 1872 1877 1850
3326 1849 1877 1872
3327 1818 1881 1869
3328 1844 1890 1860
3329 1819 1882 1820
3330 1847 1916 1868
3331 1813 1912 1814
3332 1824 1885 1825
3333 1817 1881 1818
3334 1806 1884 1805
3335 1657 1876 1870
3336 1785 1900 1786
3337 1814 1909 1815
3338 1624 1889 1806
3339 1810 1879 1811
3340 1826 1899 1827
3341 1783 1902 1784
3342 1822 1893 1873
3343 1821 1893 1822
3344 1815 1906 1816
3345 1655 1888 1654
3346 1873 1893 1858
3347 1812 1915 1813
3348 1652 1889 1624
3349 1804 1898 1782
3350 1870 1876 1849
3351 1653 1894 1652
3352 1870 1892 1862
3353 1803 1909 1781
3354 1809 1860 1810
3355 1782 1906 1803
3356 1815 1909 1906
3357 1896 1915 1812
3358 1814 1912 1909
3359 1835 1871 1834
3360 1846 1892 1872
3361 1781 1912 1802
3362 1652 1894 1889
3363 1779 1883 1797
3364 1906 1909 1803
3365 1833 1874 1832
3366 1831 1875 1830
3367 1849 1892 1870
3368 1852 1887 1848
3369 1800 1896 1879
3370 1909 1912 1781
3371 1873 1910 1865
3372 1872 1892 1849
3373 1844 1875 1864
3374 1856 1878 1808
3375 1893 1916 1858
3376 1889 1894 1859
3377 1858 1897 1891
3378 1797 1883 1848
3379 1879 1896 1811
3380 1864 1874 1854
3381 1786 1900 1880
3382 1858 1910 1873
3383 1780 1890 1854
3384 1854 1871 1852
3385 1827 1899 1886
3386 1886 1902 1783
3387 1881 1898 1804
3388 1817 1898 1881
3389 1844 1878 1856
3390 1838 1911 1848
3391 1848 1887 1837
3392 1848 1911 1796
3393 1858 1916 1897
3394 1837 1887 1836
3395 1891 1897 1857
3396 1854 1890 1864
3397 1886 1899 1855
3398 1891 1910 1858
3399 1880 1900 1851
3400 1855 1902 1886
3401 1846 1910 1891
3402 1775 1903 1807
3403 1897 1916 1847
3404 1808 1878 1809
3405 1834 1907 1833
3406 1830 1908 1829
3407 1829 1908 1856
3408 1856 1903 1828
3409 1832 1913 1831
3410 1836 1914 1835
3411 1860 1879 1810
3412 1799 1879 1860
3413 1864 1890 1844
3414 1809 1878 1860
3415 1807 1903 1856
3416 1860 1878 1844
3417 1828 1903 1775
3418 1871 1907 1834
3419 1835 1914 1871
3420 1833 1907 1874
3421 1875 1908 1830
3422 1874 1913 1832
3423 1831 1913 1875
3424 1796 1911 1778
3425 1778 1911 1838
3426 1887 1914 1836
3427 1852 1914 1887
3428 1871 1914 1852
3429 1874 1907 1854
3430 1854 1907 1871
3431 1864 1913 1874
3432 1875 1913 1864
2 50 2 27
3433 1791 1917 1790
3434 1790 1917 1789
3435 1640 1919 1639
3436 1795 1917 1794
3437 1784 1918 1785
3438 1776 1918 1783
3439 1786 1919 1617
3440 1794 1918 1776
3441 1617 1919 1640
3442 1639 1919 1917
3443 1917 1921 1639
3444 1789 1920 1788
3445 1792 1921 1791
3446 1639 1921 1618
3447 1777 1920 1795
3448 1787 1920 1777
3449 1618 1921 1793
3450 1783 1918 1784
3451 1785 1919 1786
3452 1917 1918 1794
3453 1791 1921 1917
3454 1917 1920 1789
3455 1793 1921 1792
3456 1788 1920 1787
3457 1918 1919 1785
3458 1795 1920 1917
3459 1917 1919 1918
2 41 2 25
3460 1841 1922 1840
3461 1674 1922 1673
3462 1797 1923 1796
3463 1839 1924 1779
3464 1625 1925 1839
3465 1843 1923 1842
3466 1923 1924 1922
3467 1924 1925 1922
3468 1922 1927 1840
3469 1841 1926 1922
3470 1779 1924 1797
3471 1839 1925 1924
3472 1673 1925 1625
3473 1797 1924 1923
3474 1674 1927 1922
3475 1922 1925 1673
3476 1842 1926 1841
3477 1922 1926 1923
3478 1923 1926 1842
3479 1843 1928 1923
3480 1923 1928 1796
3481 1796 1928 1778
3482 1626 1927 1674
3483 1840 1927 1626
3484 1778 1928 1843
2 10005 2 32
3485 1806 1624 1679
3486 1804 1930 1782
3487 1806 1930 1805
3488 1781 1933 1802
3489 1679 1930 1806
3490 1800 1929 1799
3491 1802 1933 1801
3492 1683 1929 1682
3493 1779 1929 1839
3494 1780 1929 1798
3495 1680 1930 1679
3496 1800 1932 1929
3497 1931 1933 1781
3498 1929 1932 1682
3499 1803 1931 1781
3500 1801 1933 1932
3501 1839 1929 1683
3502 1930 1934 1782
3503 1805 1930 1804
3504 1627 1931 1680
3505 1681 1933 1627
3506 1682 1932 1681
3507 1801 1932 1800
3508 1680 1934 1930
3509 1799 1929 1780
3510 1782 1934 1803
3511 1932 1933 1681
3512 1931 1934 1680
3513 1798 1929 1779
3514 1627 1933 1931
3515 1803 1934 1931
3516 1683 1625 1839
2 41 3 181
3517 2124 2117 2118 2123
3518 1935 1937 2121 2120
3519 2122 2119 2120 2121
3520 1938 1936 1941 2300
3521 2285 1956 1957 2284
3522 2276 1965 1966 2275
3523 2131 2110 2111 2130
3524 2299 1942 1943 2298
3525 2127 2114 2115 2126
3526 2125 2116 2117 2124
3527 2293 1948 1949 2292
3528 2287 1954 1955 2286
3529 2297 1944 1945 2296
3530 2281 1960 1961 2280
3531 2292 1949 1950 2291
3532 2295 1946 1947 2294
3533 2282 1959 1960 2281
3534 2280 1961 1962 2279
3535 2126 2115 2116 2125
3536 2290 1951 1952 2289
3537 2291 1950 1951 2290
3538 2298 1943 1944 2297
3539 2300 1941 1942 2299
3540 2296 1945 1946 2295
3541 2286 1955 1956 2285
3542 2138 2103 2104 2137
3543 2148 2093 2094 2147
3544 2142 2099 2100 2141
3545 2123 2118 2119 2122
3546 2134 2107 2108 2133
3547 2128 2113 2114 2127
3548 2132 2109 2110 2131
3549 2137 2104 2105 2136
3550 2133 2108 2109 2132
3551 2143 2098 2099 2142
3552 2129 2112 2113 2128
3553 2246 1995 1996 2245
3554 2263 1978 1979 2262
3555 2277 1964 1965 2276
3556 2154 2087 2088 2153
3557 2264 1977 1978 2263
3558 2269 1972 1973 2268
3559 2275 1966 1967 2274
3560 2261 1980 1981 2260
3561 2241 2000 2001 2240
3562 2267 1974 1975 2266
3563 2278 1963 1964 2277
3564 2271 1970 1971 2270
3565 2274 1967 1968 2273
3566 2294 1947 1948 2293
3567 2253 1988 1989 2252
3568 2284 1957 1958 2283
3569 2288 1953 1954 2287
3570 2289 1952 1953 2288
3571 2130 2111 2112 2129
3572 2251 1990 1991 2250
3573 2135 2106 2107 2134
3574 2283 1958 1959 2282
3575 2258 1983 1984 2257
3576 2252 1989 1990 2251
3577 2150 2091 2092 2149
3578 2144 2097 2098 2143
3579 2146 2095 2096 2145
3580 2257 1984 1985 2256
3581 2259 1982 1983 2258
3582 2140 2101 2102 2139
3583 2242 1999 2000 2241
3584 2149 2092 2093 2148
3585 2256 1985 1986 2255
3586 2141 2100 2101 2140
3587 2247 1994 1995 2246
3588 2268 1973 1974 2267
3589 2279 1962 1963 2278
3590 2272 1969 1970 2271
3591 2136 2105 2106 2135
3592 2139 2102 2103 2138
3593 2270 1971 1972 2269
3594 2273 1968 1969 2272
3595 2155 2086 2087 2154
3596 2266 1975 1976 2265
3597 2145 2096 2097 2144
3598 2262 1979 1980 2261
3599 2189 2052 2053 2188
3600 2183 2058 2059 2182
3601 2153 2088 2089 2152
3602 2172 2069 2070 2171
3603 2158 2083 2084 2157
3604 2162 2079 2080 2161
3605 2151 2090 2091 2150
3606 2156 2085 2086 2155
3607 2147 2094 2095 2146
3608 2178 2063 2064 2177
3609 2161 2080 2081 2160
3610 2167 2074 2075 2166
3611 2152 2089 2090 2151
3612 2157 2084 2085 2156
3613 2166 2075 2076 2165
3614 2192 2049 2050 2191
3615 2222 2019 2020 2221
3616 2212 2029 2030 2211
3617 2240 2001 2002 2239
3618 2245 1996 1997 2244
3619 2238 2003 2004 2237
3620 2180 2061 2062 2179
3621 2234 2007 2008 2233
3622 2235 2006 2007 2234
3623 2217 2024 2025 2216
3624 2175 2066 2067 2174
3625 2229 2012 2013 2228
3626 2202 2039 2040 2201
3627 2179 2062 2063 2178
3628 2196 2045 2046 2195
3629 2163 2078 2079 2162
3630 2239 2002 2003 2238
3631 2236 2005 2006 2235
3632 2165 2076 2077 2164
3633 2197 2044 2045 2196
3634 2169 2072 2073 2168
3635 2201 2040 2041 2200
3636 2186 2055 2056 2185
3637 2233 2008 2009 2232
3638 2224 2017 2018 2223
3639 2160 2081 2082 2159
3640 2249 1992 1993 2248
3641 2265 1976 1977 2264
3642 2208 2033 2034 2207
3643 2181 2060 2061 2180
3644 2159 2082 2083 2158
3645 2237 2004 2005 2236
3646 2260 1981 1982 2259
3647 2174 2067 2068 2173
3648 2218 2023 2024 2217
3649 2255 1986 1987 2254
3650 2207 2034 2035 2206
3651 2244 1997 1998 2243
3652 2250 1991 1992 2249
3653 2243 1998 1999 2242
3654 2227 2014 2015 2226
3655 2184 2057 2058 2183
3656 2248 1993 1994 2247
3657 2254 1987 1988 2253
3658 2164 2077 2078 2163
3659 2230 2011 2012 2229
3660 2173 2068 2069 2172
3661 2225 2016 2017 2224
3662 2228 2013 2014 2227
3663 2190 2051 2052 2189
3664 2191 2050 2051 2190
3665 2223 2018 2019 2222
3666 2232 2009 2010 2231
3667 2168 2073 2074 2167
3668 2213 2028 2029 2212
3669 2185 2056 2057 2184
3670 2198 2043 2044 2197
3671 2194 2047 2048 2193
3672 2187 2054 2055 2186
3673 2182 2059 2060 2181
3674 2205 2036 2037 2204
3675 2199 2042 2043 2198
3676 2203 2038 2039 2202
3677 2171 2070 2071 2170
3678 2210 2031 2032 2209
3679 2176 2065 2066 2175
3680 2177 2064 2065 2176
3681 2216 2025 2026 2215
3682 2214 2027 2028 2213
3683 2209 2032 2033 2208
3684 2204 2037 2038 2203
3685 2215 2026 2027 2214
3686 2170 2071 2072 2169
3687 2200 2041 2042 2199
3688 2193 2048 2049 2192
3689 2219 2022 2023 2218
3690 2188 2053 2054 2187
3691 2211 2030 2031 2210
3692 2195 2046 2047 2194
3693 2206 2035 2036 2205
3694 2231 2010 2011 2230
3695 2221 2020 2021 2220
3696 2226 2015 2016 2225
3697 2220 2021 2022 2219
2 41 3 181
3698 2331 2151 2152 2332
3699 2352 2172 2173 2353
3700 2247 2248 2428 2427
3701 2319 2139 2140 2320
3702 2338 2158 2159 2339
3703 2318 2138 2139 2319
3704 2445 2265 2266 2446
3705 2178 2179 2359 2358
3706 2126 2127 2307 2306
3707 2291 2292 2472 2471
3708 2288 2289 2469 2468
3709 2350 2170 2171 2351
3710 2462 2282 2283 2463
3711 2293 2294 2474 2473
3712 2307 2127 2128 2308
3713 2353 2173 2174 2354
3714 2313 2133 2134 2314
3715 2355 2175 2176 2356
3716 2467 2287 2288 2468
3717 2146 2147 2327 2326
3718 2278 2279 2459 2458
3719 2450 2270 2271 2451
3720 2124 2125 2305 2304
3721 2145 2146 2326 2325
3722 2129 2130 2310 2309
3723 2321 2141 2142 2322
3724 2297 2298 2478 2477
3725 2320 2140 2141 2321
3726 2312 2132 2133 2313
3727 1938 1940 2480 2300
3728 1939 1937 2121 2301
3729 2357 2177 2178 2358
3730 2122 2123 2303 2302
3731 2301 2121 2122 2302
3732 2296 2297 2477 2476
3733 2123 2124 2304 2303
3734 2299 2300 2480 2479
3735 2478 2298 2299 2479
3736 2128 2129 2309 2308
3737 2144 2145 2325 2324
3738 2135 2136 2316 2315
3739 2311 2131 2132 2312
3740 2289 2290 2470 2469
3741 2277 2278 2458 2457
3742 2323 2143 2144 2324
3743 2284 2285 2465 2464
3744 2316 2136 2137 2317
3745 2474 2294 2295 2475
3746 2314 2134 2135 2315
3747 2125 2126 2306 2305
3748 2295 2296 2476 2475
3749 2336 2156 2157 2337
3750 2276 2277 2457 2456
3751 2343 2163 2164 2344
3752 2290 2291 2471 2470
3753 2174 2175 2355 2354
3754 2328 2148 2149 2329
3755 2176 2177 2357 2356
3756 2283 2284 2464 2463
3757 2181 2182 2362 2361
3758 2266 2267 2447 2446
3759 2259 2260 2440 2439
3760 2271 2272 2452 2451
3761 2183 2184 2364 2363
3762 2333 2153 2154 2334
3763 2179 2180 2360 2359
3764 2444 2264 2265 2445
3765 2190 2191 2371 2370
3766 2332 2152 2153 2333
3767 2184 2185 2365 2364
3768 2341 2161 2162 2342
3769 2189 2190 2370 2369
3770 2187 2188 2368 2367
3771 2339 2159 2160 2340
3772 2347 2167 2168 2348
3773 2348 2168 2169 2349
3774 2337 2157 2158 2338
3775 2334 2154 2155 2335
3776 2349 2169 2170 2350
3777 2185 2186 2366 2365
3778 2340 2160 2161 2341
3779 2345 2165 2166 2346
3780 2322 2142 2143 2323
3781 2310 2130 2131 2311
3782 2335 2155 2156 2336
3783 2329 2149 2150 2330
3784 2182 2183 2363 2362
3785 2317 2137 2138 2318
3786 2351 2171 2172 2352
3787 2180 2181 2361 2360
3788 2327 2147 2148 2328
3789 2330 2150 2151 2331
3790 2344 2164 2165 2345
3791 2342 2162 2163 2343
3792 2186 2187 2367 2366
3793 2346 2166 2167 2347
3794 2192 2193 2373 2372
3795 2188 2189 2369 2368
3796 2195 2196 2376 2375
3797 2230 2231 2411 2410
3798 2231 2232 2412 2411
3799 2258 2259 2439 2438
3800 2256 2257 2437 2436
3801 2227 2228 2408 2407
3802 2253 2254 2434 2433
3803 2226 2227 2407 2406
3804 2255 2256 2436 2435
3805 2272 2273 2453 2452
3806 2236 2237 2417 2416
3807 2269 2270 2450 2449
3808 2254 2255 2435 2434
3809 2279 2280 2460 2459
3810 2262 2263 2443 2442
3811 2220 2221 2401 2400
3812 2275 2276 2456 2455
3813 2250 2251 2431 2430
3814 2219 2220 2400 2399
3815 2194 2195 2375 2374
3816 2252 2253 2433 2432
3817 2225 2226 2406 2405
3818 2242 2243 2423 2422
3819 2285 2286 2466 2465
3820 2203 2204 2384 2383
3821 2274 2275 2455 2454
3822 2191 2192 2372 2371
3823 2281 2282 2462 2461
3824 2267 2268 2448 2447
3825 2257 2258 2438 2437
3826 2234 2235 2415 2414
3827 2201 2202 2382 2381
3828 2222 2223 2403 2402
3829 2243 2244 2424 2423
3830 2292 2293 2473 2472
3831 2263 2264 2444 2443
3832 2286 2287 2467 2466
3833 2205 2206 2386 2385
3834 2200 2201 2381 2380
3835 2245 2246 2426 2425
3836 2260 2261 2441 2440
3837 2237 2238 2418 2417
3838 2239 2240 2420 2419
3839 2248 2249 2429 2428
3840 2273 2274 2454 2453
3841 2280 2281 2461 2460
3842 2202 2203 2383 2382
3843 2233 2234 2414 2413
3844 2196 2197 2377 2376
3845 2249 2250 2430 2429
3846 2240 2241 2421 2420
3847 2261 2262 2442 2441
3848 2232 2233 2413 2412
3849 2238 2239 2419 2418
3850 2244 2245 2425 2424
3851 2268 2269 2449 2448
3852 2246 2247 2427 2426
3853 2199 2200 2380 2379
3854 2221 2222 2402 2401
3855 2251 2252 2432 2431
3856 2197 2198 2378 2377
3857 2198 2199 2379 2378
3858 2193 2194 2374 2373
3859 2214 2215 2395 2394
3860 2210 2211 2391 2390
3861 2217 2218 2398 2397
3862 2212 2213 2393 2392
3863 2213 2214 2394 2393
3864 2218 2219 2399 2398
3865 2207 2208 2388 2387
3866 2216 2217 2397 2396
3867 2204 2205 2385 2384
3868 2211 2212 2392 2391
3869 2209 2210 2390 2389
3870 2208 2209 2389 2388
3871 2206 2207 2387 2386
3872 2215 2216 2396 2395
3873 2224 2225 2405 2404
3874 2235 2236 2416 2415
3875 2229 2230 2410 2409
3876 2241 2242 2422 2421
3877 2223 2224 2404 2403
3878 2228 2229 2409 2408
2 41 2 385
3879 1343 2422 2421
3880 1139 2421 2420
3881 1343 2421 1139
3882 2420 2419 1192
3883 1192 2419 1193
3884 2420 1192 1139
3885 1346 2424 1345
3886 2424 1346 2425
3887 1345 2424 2423
3888 2422 1344 2423
3889 1344 2422 1343
3890 2423 1344 1345
3891 2416 2415 1197
3892 1197 2415 1198
3893 2416 1197 1196
3894 1198 2414 1199
3895 2414 1198 2415
3896 1199 2414 2413
3897 1193 2418 1194
3898 2418 1193 2419
3899 1194 2418 2417
3900 2417 1196 1195
3901 1196 2417 2416
3902 2417 1195 1194
3903 2433 2432 1360
3904 1360 2432 1301
3905 2433 1360 1359
3906 1301 2431 1353
3907 2431 1301 2432
3908 1353 2431 2430
3909 1308 2436 2435
3910 1357 2435 1358
3911 1308 2435 1357
3912 2434 1359 1358
3913 1359 2434 2433
3914 2434 1358 2435
3915 1349 2427 1348
3916 1348 2427 2426
3917 2427 1349 2428
3918 2426 1347 1348
3919 1347 2426 2425
3920 1347 2425 1346
3921 2430 2429 1352
3922 1352 2429 1351
3923 2430 1352 1353
3924 1351 2428 1350
3925 2428 1351 2429
3926 1350 2428 1349
3927 2399 2398 1033
3928 1033 2398 1032
3929 2399 1033 1034
3930 1032 2397 1031
3931 2397 1032 2398
3932 1031 2397 2396
3933 2402 2401 983
3934 983 2401 1035
3935 2402 983 1042
3936 1035 2400 1034
3937 2400 1035 2401
3938 1034 2400 2399
3939 1027 2393 1026
3940 1026 2393 2392
3941 2393 1027 2394
3942 2392 1025 1026
3943 1025 2392 2391
3944 1025 2391 821
3945 1030 2396 1029
3946 1029 2396 2395
3947 2396 1030 1031
3948 2395 1028 1029
3949 1028 2395 2394
3950 1028 2394 1027
3951 2410 2409 1142
3952 1142 2409 1207
3953 2410 1142 1202
3954 1207 2408 1206
3955 2408 1207 2409
3956 1206 2408 1205
3957 2413 2412 1200
3958 1200 2412 1201
3959 2413 1200 1199
3960 1201 2411 1202
3961 2411 1201 2412
3962 1202 2411 2410
3963 1039 2405 2404
3964 1040 2404 1041
3965 1039 2404 1040
3966 2403 1042 1041
3967 1042 2403 2402
3968 2403 1041 2404
3969 2407 1204 1205
3970 1204 2407 2406
3971 2407 1205 2408
3972 2405 990 2406
3973 990 2405 1039
3974 2406 990 1204
3975 1840 2467 2466
3976 1841 2468 2467
3977 2466 1675 1626
3978 1675 2466 2465
3979 1675 2465 1676
3980 1626 1840 2466
3981 1838 2471 2470
3982 1837 2472 2471
3983 2469 2468 1842
3984 1841 2467 1840
3985 2470 2469 1843
3986 1842 2468 1841
3987 1619 2462 2461
3988 1671 2461 2460
3989 1619 2461 1671
3990 1670 2460 1669
3991 1669 2460 2459
3992 2460 1670 1671
3993 1676 2464 1677
3994 2464 1676 2465
3995 1677 2464 2463
3996 2462 1678 2463
3997 1678 2462 1619
3998 2463 1678 1677
3999 2480 2479 1829
4000 1940 2480 1828
4001 2477 2476 1832
4002 2478 2477 1831
4003 2479 2478 1830
4004 1940 1828 1775
4005 2480 1829 1828
4006 2478 1831 1830
4007 1830 1829 2479
4008 1831 2477 1832
4009 2476 1833 1832
4010 1835 2474 2473
4011 1834 2475 2474
4012 1778 1838 2470
4013 2470 1843 1778
4014 2469 1842 1843
4015 1837 2471 1838
4016 2474 1835 1834
4017 1834 1833 2475
4018 2472 1836 2473
4019 2473 1836 1835
4020 1836 2472 1837
4021 2475 1833 2476
4022 2444 2443 1517
4023 1517 2443 1518
4024 2444 1517 1516
4025 1518 2442 1519
4026 2442 1518 2443
4027 1519 2442 2441
4028 2447 2446 1514
4029 1514 2446 1515
4030 2447 1514 1513
4031 1515 2445 1516
4032 2445 1515 2446
4033 1516 2445 2444
4034 1524 2439 2438
4035 1523 2438 2437
4036 1524 2438 1523
4037 2436 1522 2437
4038 1522 2436 1308
4039 2437 1522 1523
4040 2441 2440 1520
4041 1520 2440 1460
4042 2441 1520 1519
4043 2439 1460 2440
4044 2439 1525 1460
4045 2439 1524 1525
4046 2456 2455 1665
4047 1665 2455 1664
4048 2456 1665 1666
4049 1664 2454 1663
4050 2454 1664 2455
4051 1663 2454 2453
4052 2459 1668 1669
4053 1668 2459 2458
4054 1668 2458 1667
4055 1667 2457 1666
4056 2457 1667 2458
4057 1666 2457 2456
4058 1510 2450 2449
4059 1511 2449 1512
4060 1510 2449 1511
4061 2448 1513 1512
4062 1513 2448 2447
4063 2448 1512 2449
4064 2453 2452 1662
4065 1662 2452 1661
4066 2453 1662 1663
4067 2450 1457 2451
4068 1457 2450 1510
4069 1457 1661 2451
4070 2451 1661 2452
4071 2330 2329 238
4072 2331 2330 185
4073 2330 238 185
4074 239 238 2329
4075 239 2329 2328
4076 2331 185 389
4077 392 2333 391
4078 391 2333 2332
4079 2333 392 2334
4080 2332 390 391
4081 390 2332 389
4082 2332 2331 389
4083 2325 2324 243
4084 243 2324 244
4085 2325 243 242
4086 244 2323 245
4087 245 2323 2322
4088 2323 244 2324
4089 2328 240 239
4090 241 2327 2326
4091 240 2328 2327
4092 2327 241 240
4093 241 2326 242
4094 2326 2325 242
4095 406 2342 347
4096 347 2342 2341
4097 2342 406 405
4098 2341 399 347
4099 399 2341 2340
4100 399 2340 398
4101 2345 2344 403
4102 403 2344 404
4103 2345 403 354
4104 2343 405 404
4105 405 2343 2342
4106 2343 404 2344
4107 395 2336 394
4108 394 2336 2335
4109 2336 395 2337
4110 2335 393 394
4111 393 2335 2334
4112 393 2334 392
4113 398 2339 397
4114 397 2339 2338
4115 2339 398 2340
4116 2338 396 397
4117 396 2338 2337
4118 396 2337 395
4119 77 2307 2306
4120 78 2308 2307
4121 74 2304 2303
4122 75 2305 2304
4123 76 2306 2305
4124 2310 2309 80
4125 2311 2310 81
4126 80 81 2310
4127 2308 79 2309
4128 79 80 2309
4129 2311 81 6
4130 2303 2302 73
4131 2302 72 73
4132 71 2301 1939
4133 73 74 2303
4134 2301 71 72
4135 71 1939 1
4136 78 79 2308
4137 77 78 2307
4138 77 2306 76
4139 75 76 2305
4140 74 75 2304
4141 72 2302 2301
4142 188 2319 253
4143 253 2319 2318
4144 2319 188 2320
4145 252 2318 2317
4146 251 2317 2316
4147 2318 252 253
4148 2322 246 245
4149 246 2322 2321
4150 246 2321 247
4151 248 247 2321
4152 248 2320 188
4153 248 2321 2320
4154 86 2313 87
4155 87 2313 2312
4156 2313 86 2314
4157 2312 88 87
4158 2312 2311 88
4159 2311 6 88
4160 2317 251 252
4161 2316 2315 250
4162 2316 250 251
4163 85 13 2315
4164 85 2314 86
4165 250 2315 13
4166 2315 2314 85
4167 886 2376 672
4168 672 2376 2375
4169 2376 886 2377
4170 2375 721 672
4171 721 2375 2374
4172 721 2374 722
4173 2379 2378 889
4174 889 2378 888
4175 2379 889 824
4176 888 2377 887
4177 2377 888 2378
4178 887 2377 886
4179 2371 2370 717
4180 717 2370 716
4181 2371 717 665
4182 2369 715 716
4183 715 2369 2368
4184 2369 716 2370
4185 722 2373 723
4186 2373 722 2374
4187 723 2373 724
4188 2372 665 724
4189 665 2372 2371
4190 2372 724 2373
4191 876 2388 2387
4192 877 2387 2386
4193 876 2387 877
4194 2386 2385 878
4195 878 2385 879
4196 2386 878 877
4197 821 2390 874
4198 2390 821 2391
4199 874 2390 2389
4200 2388 875 2389
4201 875 2388 876
4202 2389 875 874
4203 2382 2381 883
4204 883 2381 884
4205 2382 883 882
4206 884 2380 824
4207 2380 884 2381
4208 824 2380 2379
4209 2385 880 879
4210 880 2385 2384
4211 880 2384 881
4212 2383 882 881
4213 882 2383 2382
4214 2383 881 2384
4215 563 2353 564
4216 564 2353 2352
4217 2353 563 562
4218 2352 565 564
4219 565 2352 2351
4220 565 2351 566
4221 2356 2355 560
4222 560 2355 561
4223 2356 560 559
4224 561 2354 562
4225 2354 561 2355
4226 562 2354 2353
4227 2347 569 570
4228 569 2347 2346
4229 2347 570 2348
4230 2346 354 568
4231 354 2346 2345
4232 2346 568 569
4233 566 2350 506
4234 506 2350 2349
4235 2350 566 2351
4236 2349 571 506
4237 571 2349 2348
4238 571 2348 570
4239 2365 2364 711
4240 711 2364 710
4241 2365 711 712
4242 2364 709 710
4243 709 2364 2363
4244 709 2363 708
4245 2368 2367 714
4246 714 2367 713
4247 2368 714 715
4248 713 2366 712
4249 2366 713 2367
4250 712 2366 2365
4251 2359 2358 557
4252 557 2358 558
4253 2359 557 556
4254 2357 559 558
4255 559 2357 2356
4256 2357 558 2358
4257 708 2362 707
4258 707 2362 2361
4259 2362 708 2363
4260 2360 556 503
4261 556 2360 2359
4262 707 2361 503
4263 503 2361 2360
$EndElements
