$MeshFormat
4.1 0 8
$EndMeshFormat
$PhysicalNames
10
2 10 "stator"
2 41 "air"
2 30 "shaft"
2 50 "outair"
2 10000 "single_winding_0"
2 10001 "single_winding_1"
2 10002 "single_winding_2"
2 10003 "single_winding_3"
2 10004 "single_winding_4"
2 10005 "single_winding_5"
$EndPhysicalNames
$Entities
0 0 10 0
10 0 0 0 1 1 1 1 10 0
30 0 0 0 1 1 1 1 30 0
41 0 0 0 1 1 1 1 41 0
50 0 0 0 1 1 1 1 50 0
10000 0 0 0 1 1 1 1 10000 0
10001 0 0 0 1 1 1 1 10001 0
10002 0 0 0 1 1 1 1 10002 0
10003 0 0 0 1 1 1 1 10003 0
10004 0 0 0 1 1 1 1 10004 0
10005 0 0 0 1 1 1 1 10005 0
$EndEntities
$Nodes
1 2261 1 2261
2 1 0 2261
1
2
3
4
5
6
7
8
9
10
11
12
13
14
15
16
17
18
19
20
21
22
23
24
25
26
27
28
29
30
31
32
33
34
35
36
37
38
39
40
41
42
43
44
45
46
47
48
49
50
51
52
53
54
55
56
57
58
59
60
61
62
63
64
65
66
67
68
69
70
71
72
73
74
75
76
77
78
79
80
81
82
83
84
85
86
87
88
89
90
91
92
93
94
95
96
97
98
99
100
101
102
103
104
105
106
107
108
109
110
111
112
113
114
115
116
117
118
119
120
121
122
123
124
125
126
127
128
129
130
131
132
133
134
135
136
137
138
139
140
141
142
143
144
145
146
147
148
149
150
151
152
153
154
155
156
157
158
159
160
161
162
163
164
165
166
167
168
169
170
171
172
173
174
175
176
177
178
179
180
181
182
183
184
185
186
187
188
189
190
191
192
193
194
195
196
197
198
199
200
201
202
203
204
205
206
207
208
209
210
211
212
213
214
215
216
217
218
219
220
221
222
223
224
225
226
227
228
229
230
231
232
233
234
235
236
237
238
239
240
241
242
243
244
245
246
247
248
249
250
251
252
253
254
255
256
257
258
259
260
261
262
263
264
265
266
267
268
269
270
271
272
273
274
275
276
277
278
279
280
281
282
283
284
285
286
287
288
289
290
291
292
293
294
295
296
297
298
299
300
301
302
303
304
305
306
307
308
309
310
311
312
313
314
315
316
317
318
319
320
321
322
323
324
325
326
327
328
329
330
331
332
333
334
335
336
337
338
339
340
341
342
343
344
345
346
347
348
349
350
351
352
353
354
355
356
357
358
359
360
361
362
363
364
365
366
367
368
369
370
371
372
373
374
375
376
377
378
379
380
381
382
383
384
385
386
387
388
389
390
391
392
393
394
395
396
397
398
399
400
401
402
403
404
405
406
407
408
409
410
411
412
413
414
415
416
417
418
419
420
421
422
423
424
425
426
427
428
429
430
431
432
433
434
435
436
437
438
439
440
441
442
443
444
445
446
447
448
449
450
451
452
453
454
455
456
457
458
459
460
461
462
463
464
465
466
467
468
469
470
471
472
473
474
475
476
477
478
479
480
481
482
483
484
485
486
487
488
489
490
491
492
493
494
495
496
497
498
499
500
501
502
503
504
505
506
507
508
509
510
511
512
513
514
515
516
517
518
519
520
521
522
523
524
525
526
527
528
529
530
531
532
533
534
535
536
537
538
539
540
541
542
543
544
545
546
547
548
549
550
551
552
553
554
555
556
557
558
559
560
561
562
563
564
565
566
567
568
569
570
571
572
573
574
575
576
577
578
579
580
581
582
583
584
585
586
587
588
589
590
591
592
593
594
595
596
597
598
599
600
601
602
603
604
605
606
607
608
609
610
611
612
613
614
615
616
617
618
619
620
621
622
623
624
625
626
627
628
629
630
631
632
633
634
635
636
637
638
639
640
641
642
643
644
645
646
647
648
649
650
651
652
653
654
655
656
657
658
659
660
661
662
663
664
665
666
667
668
669
670
671
672
673
674
675
676
677
678
679
680
681
682
683
684
685
686
687
688
689
690
691
692
693
694
695
696
697
698
699
700
701
702
703
704
705
706
707
708
709
710
711
712
713
714
715
716
717
718
719
720
721
722
723
724
725
726
727
728
729
730
731
732
733
734
735
736
737
738
739
740
741
742
743
744
745
746
747
748
749
750
751
752
753
754
755
756
757
758
759
760
761
762
763
764
765
766
767
768
769
770
771
772
773
774
775
776
777
778
779
780
781
782
783
784
785
786
787
788
789
790
791
792
793
794
795
796
797
798
799
800
801
802
803
804
805
806
807
808
809
810
811
812
813
814
815
816
817
818
819
820
821
822
823
824
825
826
827
828
829
830
831
832
833
834
835
836
837
838
839
840
841
842
843
844
845
846
847
848
849
850
851
852
853
854
855
856
857
858
859
860
861
862
863
864
865
866
867
868
869
870
871
872
873
874
875
876
877
878
879
880
881
882
883
884
885
886
887
888
889
890
891
892
893
894
895
896
897
898
899
900
901
902
903
904
905
906
907
908
909
910
911
912
913
914
915
916
917
918
919
920
921
922
923
924
925
926
927
928
929
930
931
932
933
934
935
936
937
938
939
940
941
942
943
944
945
946
947
948
949
950
951
952
953
954
955
956
957
958
959
960
961
962
963
964
965
966
967
968
969
970
971
972
973
974
975
976
977
978
979
980
981
982
983
984
985
986
987
988
989
990
991
992
993
994
995
996
997
998
999
1000
1001
1002
1003
1004
1005
1006
1007
1008
1009
1010
1011
1012
1013
1014
1015
1016
1017
1018
1019
1020
1021
1022
1023
1024
1025
1026
1027
1028
1029
1030
1031
1032
1033
1034
1035
1036
1037
1038
1039
1040
1041
1042
1043
1044
1045
1046
1047
1048
1049
1050
1051
1052
1053
1054
1055
1056
1057
1058
1059
1060
1061
1062
1063
1064
1065
1066
1067
1068
1069
1070
1071
1072
1073
1074
1075
1076
1077
1078
1079
1080
1081
1082
1083
1084
1085
1086
1087
1088
1089
1090
1091
1092
1093
1094
1095
1096
1097
1098
1099
1100
1101
1102
1103
1104
1105
1106
1107
1108
1109
1110
1111
1112
1113
1114
1115
1116
1117
1118
1119
1120
1121
1122
1123
1124
1125
1126
1127
1128
1129
1130
1131
1132
1133
1134
1135
1136
1137
1138
1139
1140
1141
1142
1143
1144
1145
1146
1147
1148
1149
1150
1151
1152
1153
1154
1155
1156
1157
1158
1159
1160
1161
1162
1163
1164
1165
1166
1167
1168
1169
1170
1171
1172
1173
1174
1175
1176
1177
1178
1179
1180
1181
1182
1183
1184
1185
1186
1187
1188
1189
1190
1191
1192
1193
1194
1195
1196
1197
1198
1199
1200
1201
1202
1203
1204
1205
1206
1207
1208
1209
1210
1211
1212
1213
1214
1215
1216
1217
1218
1219
1220
1221
1222
1223
1224
1225
1226
1227
1228
1229
1230
1231
1232
1233
1234
1235
1236
1237
1238
1239
1240
1241
1242
1243
1244
1245
1246
1247
1248
1249
1250
1251
1252
1253
1254
1255
1256
1257
1258
1259
1260
1261
1262
1263
1264
1265
1266
1267
1268
1269
1270
1271
1272
1273
1274
1275
1276
1277
1278
1279
1280
1281
1282
1283
1284
1285
1286
1287
1288
1289
1290
1291
1292
1293
1294
1295
1296
1297
1298
1299
1300
1301
1302
1303
1304
1305
1306
1307
1308
1309
1310
1311
1312
1313
1314
1315
1316
1317
1318
1319
1320
1321
1322
1323
1324
1325
1326
1327
1328
1329
1330
1331
1332
1333
1334
1335
1336
1337
1338
1339
1340
1341
1342
1343
1344
1345
1346
1347
1348
1349
1350
1351
1352
1353
1354
1355
1356
1357
1358
1359
1360
1361
1362
1363
1364
1365
1366
1367
1368
1369
1370
1371
1372
1373
1374
1375
1376
1377
1378
1379
1380
1381
1382
1383
1384
1385
1386
1387
1388
1389
1390
1391
1392
1393
1394
1395
1396
1397
1398
1399
1400
1401
1402
1403
1404
1405
1406
1407
1408
1409
1410
1411
1412
1413
1414
1415
1416
1417
1418
1419
1420
1421
1422
1423
1424
1425
1426
1427
1428
1429
1430
1431
1432
1433
1434
1435
1436
1437
1438
1439
1440
1441
1442
1443
1444
1445
1446
1447
1448
1449
1450
1451
1452
1453
1454
1455
1456
1457
1458
1459
1460
1461
1462
1463
1464
1465
1466
1467
1468
1469
1470
1471
1472
1473
1474
1475
1476
1477
1478
1479
1480
1481
1482
1483
1484
1485
1486
1487
1488
1489
1490
1491
1492
1493
1494
1495
1496
1497
1498
1499
1500
1501
1502
1503
1504
1505
1506
1507
1508
1509
1510
1511
1512
1513
1514
1515
1516
1517
1518
1519
1520
1521
1522
1523
1524
1525
1526
1527
1528
1529
1530
1531
1532
1533
1534
1535
1536
1537
1538
1539
1540
1541
1542
1543
1544
1545
1546
1547
1548
1549
1550
1551
1552
1553
1554
1555
1556
1557
1558
1559
1560
1561
1562
1563
1564
1565
1566
1567
1568
1569
1570
1571
1572
1573
1574
1575
1576
1577
1578
1579
1580
1581
1582
1583
1584
1585
1586
1587
1588
1589
1590
1591
1592
1593
1594
1595
1596
1597
1598
1599
1600
1601
1602
1603
1604
1605
1606
1607
1608
1609
1610
1611
1612
1613
1614
1615
1616
1617
1618
1619
1620
1621
1622
1623
1624
1625
1626
1627
1628
1629
1630
1631
1632
1633
1634
1635
1636
1637
1638
1639
1640
1641
1642
1643
1644
1645
1646
1647
1648
1649
1650
1651
1652
1653
1654
1655
1656
1657
1658
1659
1660
1661
1662
1663
1664
1665
1666
1667
1668
1669
1670
1671
1672
1673
1674
1675
1676
1677
1678
1679
1680
1681
1682
1683
1684
1685
1686
1687
1688
1689
1690
1691
1692
1693
1694
1695
1696
1697
1698
1699
1700
1701
1702
1703
1704
1705
1706
1707
1708
1709
1710
1711
1712
1713
1714
1715
1716
1717
1718
1719
1720
1721
1722
1723
1724
1725
1726
1727
1728
1729
1730
1731
1732
1733
1734
1735
1736
1737
1738
1739
1740
1741
1742
1743
1744
1745
1746
1747
1748
1749
1750
1751
1752
1753
1754
1755
1756
1757
1758
1759
1760
1761
1762
1763
1764
1765
1766
1767
1768
1769
1770
1771
1772
1773
1774
1775
1776
1777
1778
1779
1780
1781
1782
1783
1784
1785
1786
1787
1788
1789
1790
1791
1792
1793
1794
1795
1796
1797
1798
1799
1800
1801
1802
1803
1804
1805
1806
1807
1808
1809
1810
1811
1812
1813
1814
1815
1816
1817
1818
1819
1820
1821
1822
1823
1824
1825
1826
1827
1828
1829
1830
1831
1832
1833
1834
1835
1836
1837
1838
1839
1840
1841
1842
1843
1844
1845
1846
1847
1848
1849
1850
1851
1852
1853
1854
1855
1856
1857
1858
1859
1860
1861
1862
1863
1864
1865
1866
1867
1868
1869
1870
1871
1872
1873
1874
1875
1876
1877
1878
1879
1880
1881
1882
1883
1884
1885
1886
1887
1888
1889
1890
1891
1892
1893
1894
1895
1896
1897
1898
1899
1900
1901
1902
1903
1904
1905
1906
1907
1908
1909
1910
1911
1912
1913
1914
1915
1916
1917
1918
1919
1920
1921
1922
1923
1924
1925
1926
1927
1928
1929
1930
1931
1932
1933
1934
1935
1936
1937
1938
1939
1940
1941
1942
1943
1944
1945
1946
1947
1948
1949
1950
1951
1952
1953
1954
1955
1956
1957
1958
1959
1960
1961
1962
1963
1964
1965
1966
1967
1968
1969
1970
1971
1972
1973
1974
1975
1976
1977
1978
1979
1980
1981
1982
1983
1984
1985
1986
1987
1988
1989
1990
1991
1992
1993
1994
1995
1996
1997
1998
1999
2000
2001
2002
2003
2004
2005
2006
2007
2008
2009
2010
2011
2012
2013
2014
2015
2016
2017
2018
2019
2020
2021
2022
2023
2024
2025
2026
2027
2028
2029
2030
2031
2032
2033
2034
2035
2036
2037
2038
2039
2040
2041
2042
2043
2044
2045
2046
2047
2048
2049
2050
2051
2052
2053
2054
2055
2056
2057
2058
2059
2060
2061
2062
2063
2064
2065
2066
2067
2068
2069
2070
2071
2072
2073
2074
2075
2076
2077
2078
2079
2080
2081
2082
2083
2084
2085
2086
2087
2088
2089
2090
2091
2092
2093
2094
2095
2096
2097
2098
2099
2100
2101
2102
2103
2104
2105
2106
2107
2108
2109
2110
2111
2112
2113
2114
2115
2116
2117
2118
2119
2120
2121
2122
2123
2124
2125
2126
2127
2128
2129
2130
2131
2132
2133
2134
2135
2136
2137
2138
2139
2140
2141
2142
2143
2144
2145
2146
2147
2148
2149
2150
2151
2152
2153
2154
2155
2156
2157
2158
2159
2160
2161
2162
2163
2164
2165
2166
2167
2168
2169
2170
2171
2172
2173
2174
2175
2176
2177
2178
2179
2180
2181
2182
2183
2184
2185
2186
2187
2188
2189
2190
2191
2192
2193
2194
2195
2196
2197
2198
2199
2200
2201
2202
2203
2204
2205
2206
2207
2208
2209
2210
2211
2212
2213
2214
2215
2216
2217
2218
2219
2220
2221
2222
2223
2224
2225
2226
2227
2228
2229
2230
2231
2232
2233
2234
2235
2236
2237
2238
2239
2240
2241
2242
2243
2244
2245
2246
2247
2248
2249
2250
2251
2252
2253
2254
2255
2256
2257
2258
2259
2260
2261
2.8000000000000001e-02 0.0000000000000000e+00 0.0000000000000000e+00
5.6000000000000001e-02 0.0000000000000000e+00 0.0000000000000000e+00
5.5520912236933381e-02 7.3094667643228894e-03 0.0000000000000000e+00
6.5333333333333340e-02 0.0000000000000000e+00 0.0000000000000000e+00
6.4774397609755618e-02 8.5277112250433697e-03 0.0000000000000000e+00
2.7873272289031921e-02 2.6609569522044502e-03 0.0000000000000000e+00
2.8765572664268348e-02 2.7784305252024962e-03 0.0000000000000000e+00
2.8914133361265120e-02 1.6500000000000000e-03 0.0000000000000000e+00
3.5652788167694668e-02 1.6500000000000000e-03 0.0000000000000000e+00
3.8494133361265108e-02 1.6500000000000000e-03 0.0000000000000000e+00
4.1882741990455108e-02 5.5139675888519150e-03 0.0000000000000000e+00
2.8635046472048301e-02 3.7698753865763059e-03 0.0000000000000000e+00
2.7760456118466691e-02 3.6547333821614438e-03 0.0000000000000000e+00
3.5258894231251711e-02 4.6419214877141107e-03 0.0000000000000000e+00
5.5980810198631208e-02 1.4659091052408981e-03 0.0000000000000000e+00
5.5923253946256142e-02 2.9308135496048638e-03 0.0000000000000000e+00
5.5827370689055168e-02 4.3937093607593347e-03 0.0000000000000000e+00
5.5693226140623303e-02 5.8535939429886202e-03 0.0000000000000000e+00
6.5324587676758042e-02 1.0689664662638010e-03 0.0000000000000000e+00
6.5298353048455895e-02 2.1376467443560460e-03 0.0000000000000000e+00
6.5254636472071276e-02 3.2057547227246539e-03 0.0000000000000000e+00
6.5193449651588770e-02 4.2730044430360301e-03 0.0000000000000000e+00
6.5114808968199794e-02 5.3391101767330130e-03 0.0000000000000000e+00
6.5018735475916870e-02 6.4037865015313224e-03 0.0000000000000000e+00
6.4905254895937042e-02 7.4667483778339989e-03 0.0000000000000000e+00
6.1689902485481528e-02 8.1216297381365415e-03 0.0000000000000000e+00
5.8605407361207451e-02 7.7155482512297141e-03 0.0000000000000000e+00
5.9111111111111121e-02 0.0000000000000000e+00 0.0000000000000000e+00
6.2222222222222227e-02 0.0000000000000000e+00 0.0000000000000000e+00
2.8094560104447299e-02 2.6900900457895419e-03 0.0000000000000000e+00
2.8385516485477390e-02 2.7283951800411450e-03 0.0000000000000000e+00
2.8814854618656779e-02 2.4040969174734749e-03 0.0000000000000000e+00
2.8864346420285489e-02 2.0281693617059901e-03 0.0000000000000000e+00
2.9493736662364489e-02 1.6500000000000000e-03 0.0000000000000000e+00
3.0292627125017020e-02 1.6500000000000000e-03 0.0000000000000000e+00
3.1398359242706668e-02 1.6500000000000000e-03 0.0000000000000000e+00
3.2803555945738069e-02 1.6500000000000000e-03 0.0000000000000000e+00
3.4228172056716369e-02 1.6500000000000000e-03 0.0000000000000000e+00
3.7073460764479892e-02 1.6500000000000000e-03 0.0000000000000000e+00
3.9904703587616067e-02 1.9546539689827601e-03 0.0000000000000000e+00
4.1063808144653040e-02 2.8143044968956320e-03 0.0000000000000000e+00
4.1764810738914589e-02 4.0756996638133224e-03 0.0000000000000000e+00
2.8285454774534868e-02 0.0000000000000000e+00 0.0000000000000000e+00
2.8685309008311712e-02 0.0000000000000000e+00 0.0000000000000000e+00
2.9213742133347039e-02 0.0000000000000000e+00 0.0000000000000000e+00
2.9919664430699090e-02 0.0000000000000000e+00 0.0000000000000000e+00
3.0909754622981560e-02 0.0000000000000000e+00 0.0000000000000000e+00
3.2274525684348777e-02 0.0000000000000000e+00 0.0000000000000000e+00
3.3757367829076977e-02 0.0000000000000000e+00 0.0000000000000000e+00
3.5240209973805177e-02 0.0000000000000000e+00 0.0000000000000000e+00
3.6723052118533370e-02 0.0000000000000000e+00 0.0000000000000000e+00
3.8205894263261569e-02 0.0000000000000000e+00 0.0000000000000000e+00
3.9688736407989762e-02 0.0000000000000000e+00 0.0000000000000000e+00
4.1171578552717962e-02 0.0000000000000000e+00 0.0000000000000000e+00
4.2654420697446148e-02 0.0000000000000000e+00 0.0000000000000000e+00
4.4137262842174348e-02 0.0000000000000000e+00 0.0000000000000000e+00
4.5620104986902540e-02 0.0000000000000000e+00 0.0000000000000000e+00
4.7102947131630740e-02 0.0000000000000000e+00 0.0000000000000000e+00
4.8585789276358947e-02 0.0000000000000000e+00 0.0000000000000000e+00
5.0068631421087147e-02 0.0000000000000000e+00 0.0000000000000000e+00
5.1551473565815367e-02 0.0000000000000000e+00 0.0000000000000000e+00
5.3034315710543581e-02 0.0000000000000000e+00 0.0000000000000000e+00
5.4517157855271788e-02 0.0000000000000000e+00 0.0000000000000000e+00
4.3246559015102937e-02 5.6935175063990116e-03 0.0000000000000000e+00
4.4610376039750772e-02 5.8730674239461092e-03 0.0000000000000000e+00
4.5974193064398587e-02 6.0526173414932067e-03 0.0000000000000000e+00
4.7338010089046423e-02 6.2321672590403034e-03 0.0000000000000000e+00
4.8701827113694238e-02 6.4117171765874018e-03 0.0000000000000000e+00
5.0065644138342080e-02 6.5912670941344984e-03 0.0000000000000000e+00
5.1429461162989909e-02 6.7708170116815968e-03 0.0000000000000000e+00
5.2793278187637731e-02 6.9503669292286926e-03 0.0000000000000000e+00
5.4157095212285560e-02 7.1299168467757919e-03 0.0000000000000000e+00
2.7998951879090909e-02 2.4226776994006429e-04 0.0000000000000000e+00
2.7995807594832021e-02 4.8451740231476783e-04 0.0000000000000000e+00
2.7990567382622629e-02 7.2673076091658850e-04 0.0000000000000000e+00
2.7983231634775299e-02 9.6888971225370937e-04 0.0000000000000000e+00
2.7973800900486519e-02 1.2109761269075560e-03 0.0000000000000000e+00
2.7962275885795539e-02 1.4529718808900310e-03 0.0000000000000000e+00
2.7948657453531599e-02 1.6948588570004570e-03 0.0000000000000000e+00
2.7932946623249209e-02 1.9366189461818969e-03 0.0000000000000000e+00
2.7915144571151941e-02 2.1782340488768642e-03 0.0000000000000000e+00
2.7895252630004280e-02 2.4196860763824502e-03 0.0000000000000000e+00
2.8700250595629431e-02 3.2746008967183019e-03 0.0000000000000000e+00
2.8263290037475429e-02 3.7209327234706021e-03 0.0000000000000000e+00
2.7978156602156141e-02 3.6833941945651448e-03 0.0000000000000000e+00
2.7785858214369800e-02 3.4563106473432898e-03 0.0000000000000000e+00
2.7809842067327221e-02 3.2577114958690120e-03 0.0000000000000000e+00
2.7832406453157599e-02 3.0589460646162779e-03 0.0000000000000000e+00
2.7853550220131831e-02 2.8600244989499929e-03 0.0000000000000000e+00
4.0557977339435537e-02 5.3395590138296933e-03 0.0000000000000000e+00
3.9233206562389593e-02 5.1651496323007976e-03 0.0000000000000000e+00
3.7908435785343628e-02 4.9907402507719028e-03 0.0000000000000000e+00
3.6583665008297669e-02 4.8163308692430063e-03 0.0000000000000000e+00
3.3862667561314133e-02 4.4581047594186964e-03 0.0000000000000000e+00
3.2466440891376548e-02 4.2742880311232804e-03 0.0000000000000000e+00
3.1088273910426571e-02 4.0928489059887350e-03 0.0000000000000000e+00
2.9999020194473650e-02 3.9494459337771817e-03 0.0000000000000000e+00
2.9208589543451131e-02 3.8453837644004340e-03 0.0000000000000000e+00
5.1571571749990802e-02 5.3846139433255764e-03 0.0000000000000000e+00
4.8817991818941142e-02 4.9424599214651557e-03 0.0000000000000000e+00
4.5958464770474827e-02 4.6112824606528262e-03 0.0000000000000000e+00
2.8776477320210759e-02 6.1192125949040580e-04 0.0000000000000000e+00
5.0171660096297692e-02 1.4519692220433290e-03 0.0000000000000000e+00
2.8267899175400020e-02 1.0997408183181399e-03 0.0000000000000000e+00
2.8205609588291079e-02 1.4637550793973979e-03 0.0000000000000000e+00
2.8158862825440549e-02 1.9138464819993210e-03 0.0000000000000000e+00
4.4198725856504112e-02 1.6115387312009460e-03 0.0000000000000000e+00
4.3273588180411451e-02 4.4961729371950088e-03 0.0000000000000000e+00
5.4408025678228389e-02 4.2834968876962979e-03 0.0000000000000000e+00
5.3034502075972691e-02 1.4074109458815660e-03 0.0000000000000000e+00
2.9303360792303369e-02 5.7582842307851451e-04 0.0000000000000000e+00
2.8161339095059149e-02 2.3797456873558089e-03 0.0000000000000000e+00
5.2928320429724639e-02 5.5491745367347526e-03 0.0000000000000000e+00
5.4497813583834688e-02 1.4364344228971070e-03 0.0000000000000000e+00
4.7241948181029517e-02 1.5946769386638820e-03 0.0000000000000000e+00
3.0079490540476279e-02 8.2942216636185465e-04 0.0000000000000000e+00
2.9392058848317339e-02 1.1259719971019389e-03 0.0000000000000000e+00
4.1139815277820790e-02 1.1592199704566460e-03 0.0000000000000000e+00
2.8256069425709029e-02 3.1717061443322682e-04 0.0000000000000000e+00
5.4298548567479427e-02 5.7038207850270833e-03 0.0000000000000000e+00
2.8473387579632151e-02 1.6473426944173700e-03 0.0000000000000000e+00
2.8486690723424229e-02 2.4271181448142702e-03 0.0000000000000000e+00
4.2363149023108393e-02 1.7913747256335930e-03 0.0000000000000000e+00
2.8334008756164202e-02 6.7762052807879931e-04 0.0000000000000000e+00
3.1123596545251851e-02 7.5757885635823396e-04 0.0000000000000000e+00
4.4552337393613202e-02 4.5203427449189253e-03 0.0000000000000000e+00
2.8785146661615600e-02 1.1861303526787799e-03 0.0000000000000000e+00
5.1600051700669988e-02 1.3891429715679219e-03 0.0000000000000000e+00
4.8732456624328062e-02 1.5551011028734020e-03 0.0000000000000000e+00
4.5742541265351211e-02 1.5799927756936980e-03 0.0000000000000000e+00
5.4466162222256531e-02 2.8622047219826708e-03 0.0000000000000000e+00
5.0209439257053491e-02 5.1808220981924991e-03 0.0000000000000000e+00
4.7383040958291357e-02 4.7444413656812356e-03 0.0000000000000000e+00
5.3008630272306533e-02 4.1614884440524334e-03 0.0000000000000000e+00
4.3029305821103772e-02 3.2582018295626292e-03 0.0000000000000000e+00
2.8456619866408610e-02 2.0807189237622530e-03 0.0000000000000000e+00
5.1649491503745600e-02 4.0434989144738963e-03 0.0000000000000000e+00
4.9018395959174503e-02 3.2684793987905040e-03 0.0000000000000000e+00
4.5864719651864408e-02 3.1235196721358630e-03 0.0000000000000000e+00
4.4385681911027423e-02 3.1214772000863361e-03 0.0000000000000000e+00
5.3036058609135163e-02 2.7876157595033389e-03 0.0000000000000000e+00
5.0391965596961068e-02 2.7018901781093378e-03 0.0000000000000000e+00
4.7358226753907787e-02 3.1845862292282142e-03 0.0000000000000000e+00
5.1659124641021778e-02 2.7281290152921982e-03 0.0000000000000000e+00
5.0413689388965309e-02 3.9444455440080257e-03 0.0000000000000000e+00
6.1283435859023502e-02 4.1433721806765607e-03 0.0000000000000000e+00
6.3968779291028233e-02 3.4918995006781271e-03 0.0000000000000000e+00
6.3207699996504246e-02 6.3769059923355466e-03 0.0000000000000000e+00
6.4136481778159782e-02 1.8764139624896431e-03 0.0000000000000000e+00
5.7161992473144588e-02 5.1606910448296029e-03 0.0000000000000000e+00
5.7959302164204800e-02 2.8398345121335359e-03 0.0000000000000000e+00
2.7996078743664811e-02 3.2266522888279039e-03 0.0000000000000000e+00
2.8031829913520118e-02 2.9095016446210068e-03 0.0000000000000000e+00
2.8281781704972229e-02 3.4293388022995550e-03 0.0000000000000000e+00
2.8251789082960069e-02 3.0802117603099359e-03 0.0000000000000000e+00
2.8014351601793379e-02 3.4427919568993000e-03 0.0000000000000000e+00
2.9397585133626510e-02 2.6671562529347291e-03 0.0000000000000000e+00
3.1180367415413950e-02 2.8680670209910541e-03 0.0000000000000000e+00
3.9242782838305533e-02 3.6137402406174390e-03 0.0000000000000000e+00
3.7907303110614569e-02 3.8419324434707880e-03 0.0000000000000000e+00
3.6687543898018288e-02 3.3306402318840590e-03 0.0000000000000000e+00
3.5248632063128671e-02 3.3034194721145698e-03 0.0000000000000000e+00
3.4000985971478791e-02 3.0794728365061640e-03 0.0000000000000000e+00
4.0565238077883203e-02 4.0294322576392167e-03 0.0000000000000000e+00
3.8144629538147463e-02 2.7678189503095251e-03 0.0000000000000000e+00
2.9227648303617172e-02 2.0598944525100620e-03 0.0000000000000000e+00
3.2620768099380193e-02 2.9656836564215900e-03 0.0000000000000000e+00
3.7316076833351537e-02 2.5272223208105500e-03 0.0000000000000000e+00
2.7045923136093913e-02 7.2469332628705809e-03 0.0000000000000000e+00
5.4091846272187827e-02 1.4493866525741162e-02 0.0000000000000000e+00
6.3107153984219136e-02 1.6909510946698025e-02 0.0000000000000000e+00
2.7612219904591818e-02 4.6438466749520700e-03 0.0000000000000000e+00
2.8504520279828246e-02 4.7613202479501165e-03 0.0000000000000000e+00
2.8355959582831488e-02 5.8897507731526140e-03 0.0000000000000000e+00
3.4865000294808747e-02 7.6338429754282218e-03 0.0000000000000000e+00
3.7609528998680745e-02 8.3692372252347595e-03 0.0000000000000000e+00
5.4452715542269887e-02 1.3072940375930700e-02 0.0000000000000000e+00
5.4776265641093128e-02 1.1643054685794515e-02 0.0000000000000000e+00
5.5062274823581461e-02 1.0205189427560239e-02 0.0000000000000000e+00
5.5310547073327714e-02 8.7603300422529010e-03 0.0000000000000000e+00
6.3375375208710213e-02 1.5874705087013240e-02 0.0000000000000000e+00
6.3626629312785801e-02 1.4835649184912380e-02 0.0000000000000000e+00
6.3860849029646713e-02 1.3792621420785715e-02 0.0000000000000000e+00
6.4077971653011073e-02 1.2745901038387030e-02 0.0000000000000000e+00
6.4277939053902403e-02 1.1695768270073315e-02 0.0000000000000000e+00
6.4460697696212099e-02 1.0642504261779769e-02 0.0000000000000000e+00
6.4626198651032377e-02 9.5863909977502680e-03 0.0000000000000000e+00
5.7096948842864939e-02 1.5299081332726784e-02 0.0000000000000000e+00
6.0102051413542031e-02 1.6104296139712402e-02 0.0000000000000000e+00
2.7833507720007197e-02 4.6729797685371643e-03 0.0000000000000000e+00
2.8124464101037288e-02 4.7112849027887644e-03 0.0000000000000000e+00
2.8455238325439825e-02 5.1356538556791391e-03 0.0000000000000000e+00
2.8405746523811108e-02 5.5115814114466231e-03 0.0000000000000000e+00
2.8915813380365769e-02 6.0397631460814222e-03 0.0000000000000000e+00
2.9687482310617869e-02 6.2465312127666607e-03 0.0000000000000000e+00
3.0755537520051605e-02 6.5327157436062830e-03 0.0000000000000000e+00
3.2112853306525885e-02 6.8964074124660815e-03 0.0000000000000000e+00
3.3488926800667312e-02 7.2651251939471516e-03 0.0000000000000000e+00
3.6237264646744753e-02 8.0015401003314911e-03 0.0000000000000000e+00
3.9050885459446370e-02 8.4400465275470439e-03 0.0000000000000000e+00
4.0392988415214021e-02 7.9096862156792600e-03 0.0000000000000000e+00
4.1396578017905458e-02 6.8727048688584161e-03 0.0000000000000000e+00
2.7321651275054665e-02 7.3208143950356510e-03 0.0000000000000000e+00
2.7707880806210745e-02 7.4243042860019735e-03 0.0000000000000000e+00
2.8218308009149009e-02 7.5610728428241580e-03 0.0000000000000000e+00
2.8900176587514665e-02 7.7437789777413928e-03 0.0000000000000000e+00
2.9856530274595814e-02 8.0000331758733126e-03 0.0000000000000000e+00
3.1174797889742350e-02 8.3532619187599300e-03 0.0000000000000000e+00
3.2607113413645195e-02 8.7370497066962573e-03 0.0000000000000000e+00
3.4039428937548029e-02 9.1208374946325829e-03 0.0000000000000000e+00
3.5471744461450863e-02 9.5046252825689084e-03 0.0000000000000000e+00
3.6904059985353704e-02 9.8884130705052340e-03 0.0000000000000000e+00
3.8336375509256539e-02 1.0272200858441560e-02 0.0000000000000000e+00
3.9768691033159380e-02 1.0655988646377885e-02 0.0000000000000000e+00
4.1201006557062207e-02 1.1039776434314209e-02 0.0000000000000000e+00
4.2633322080965048e-02 1.1423564222250535e-02 0.0000000000000000e+00
4.4065637604867883e-02 1.1807352010186860e-02 0.0000000000000000e+00
4.5497953128770724e-02 1.2191139798123186e-02 0.0000000000000000e+00
4.6930268652673572e-02 1.2574927586059515e-02 0.0000000000000000e+00
4.8362584176576413e-02 1.2958715373995842e-02 0.0000000000000000e+00
4.9794899700479268e-02 1.3342503161932173e-02 0.0000000000000000e+00
5.1227215224382124e-02 1.3726290949868504e-02 0.0000000000000000e+00
5.2659530748284972e-02 1.4110078737804831e-02 0.0000000000000000e+00
2.7107614241913752e-02 7.0126492933551710e-03 0.0000000000000000e+00
2.7167275915070555e-02 6.7778403163859966e-03 0.0000000000000000e+00
2.7224903688946665e-02 6.5425239111201131e-03 0.0000000000000000e+00
2.7280493249193887e-02 6.3067176947035515e-03 0.0000000000000000e+00
2.7334040434056486e-02 6.0704393209524386e-03 0.0000000000000000e+00
2.7385541234682717e-02 5.8337064790313590e-03 0.0000000000000000e+00
2.7434991795425044e-02 5.5965368921289853e-03 0.0000000000000000e+00
2.7482388414128679e-02 5.3589483161312285e-03 0.0000000000000000e+00
2.7527727542408845e-02 5.1209585382919936e-03 0.0000000000000000e+00
2.7571005785916362e-02 4.8825853759014159e-03 0.0000000000000000e+00
2.8569842348467170e-02 4.2651498764343116e-03 0.0000000000000000e+00
2.7733637076189109e-02 3.8529695724504515e-03 0.0000000000000000e+00
2.7705402456431862e-02 4.0510090998588707e-03 0.0000000000000000e+00
2.7675753700343548e-02 4.2488418560733135e-03 0.0000000000000000e+00
2.7644692321252950e-02 4.4464577433343758e-03 0.0000000000000000e+00
5.1207953694693081e-02 8.1465672823143580e-03 0.0000000000000000e+00
4.8433761842814796e-02 7.8609763428591807e-03 0.0000000000000000e+00
4.5585955781562104e-02 7.4407691452137645e-03 0.0000000000000000e+00
2.7954319509272449e-02 6.8568298332341753e-03 0.0000000000000000e+00
4.8837899522378124e-02 1.1582886586783515e-02 0.0000000000000000e+00
2.7589327736911702e-02 6.2540026129936010e-03 0.0000000000000000e+00
2.7623374439470525e-02 5.8862701056242471e-03 0.0000000000000000e+00
2.7694712760968073e-02 5.4394162431377711e-03 0.0000000000000000e+00
4.3109787709422899e-02 9.8828451403963763e-03 0.0000000000000000e+00
4.2962771605877401e-02 6.8570592115151834e-03 0.0000000000000000e+00
5.3662767734172778e-02 9.9442929812978021e-03 0.0000000000000000e+00
5.1591659996643134e-02 1.2366884603961974e-02 0.0000000000000000e+00
2.8453908348956392e-02 7.0280603131957584e-03 0.0000000000000000e+00
2.7817688241189922e-02 4.9900330739744876e-03 0.0000000000000000e+00
5.2561063699879257e-02 8.3387663528837978e-03 0.0000000000000000e+00
5.3012622202599752e-02 1.2717582965096329e-02 0.0000000000000000e+00
4.6044950594778283e-02 1.0686776277353793e-02 0.0000000000000000e+00
2.9269227007748404e-02 6.9839847274708322e-03 0.0000000000000000e+00
2.8681971726499948e-02 6.5196191730395462e-03 0.0000000000000000e+00
4.0038038271426046e-02 9.5280471980855458e-03 0.0000000000000000e+00
2.7375357003271459e-02 7.0068456192915159e-03 0.0000000000000000e+00
5.3924627840356287e-02 8.5440306859058228e-03 0.0000000000000000e+00
2.7929544088230798e-02 5.7782441309080093e-03 0.0000000000000000e+00
2.8144214675856517e-02 5.0284819916365806e-03 0.0000000000000000e+00
4.1383301620262186e-02 9.2340546656457176e-03 0.0000000000000000e+00
2.7543931917898824e-02 6.6788499217019315e-03 0.0000000000000000e+00
3.0259161546252484e-02 7.3236145551912428e-03 0.0000000000000000e+00
4.4204204102811208e-02 7.1646776203046882e-03 0.0000000000000000e+00
2.8111309699220505e-02 6.3044302310975671e-03 0.0000000000000000e+00
5.0201359232940397e-02 1.2013267035762712e-02 0.0000000000000000e+00
4.7474428214433831e-02 1.1110775571252569e-02 0.0000000000000000e+00
4.4592834189770093e-02 1.0312885023468157e-02 0.0000000000000000e+00
5.3351065842359061e-02 1.1332202635673840e-02 0.0000000000000000e+00
4.9839489530180400e-02 7.9908692575903495e-03 0.0000000000000000e+00
4.6996454773536860e-02 7.6808549684529151e-03 0.0000000000000000e+00
5.2279477461524233e-02 9.6999539053571945e-03 0.0000000000000000e+00
4.2406402466173367e-02 7.9896225496055781e-03 0.0000000000000000e+00
2.8025513742829546e-02 5.3552950349589424e-03 0.0000000000000000e+00
5.0936112286082892e-02 9.4621520409680446e-03 0.0000000000000000e+00
4.8194079337162576e-02 9.5297857706252917e-03 0.0000000000000000e+00
4.5110343606144736e-02 8.8535746239523701e-03 0.0000000000000000e+00
4.3681174223548551e-02 8.4727443647004633e-03 0.0000000000000000e+00
5.1950386784131726e-02 1.1034111989342996e-02 0.0000000000000000e+00
4.9374201643445061e-02 1.0432574913811958e-02 0.0000000000000000e+00
4.6568765875748923e-02 9.1811369413390131e-03 0.0000000000000000e+00
5.0604974400903335e-02 1.0735195037102057e-02 0.0000000000000000e+00
4.9716782208475800e-02 9.2379811263988976e-03 0.0000000000000000e+00
6.0267637051267454e-02 1.1859130152390896e-02 0.0000000000000000e+00
6.2692866087748961e-02 1.3183422461966925e-02 0.0000000000000000e+00
6.2704414566599739e-02 1.0199738366407408e-02 0.0000000000000000e+00
6.2436735826831367e-02 1.4787266262880384e-02 0.0000000000000000e+00
5.6549929940243618e-02 9.8097675463571302e-03 0.0000000000000000e+00
5.6719390090776894e-02 1.2257901743291151e-02 0.0000000000000000e+00
2.7877254557600557e-02 4.1292115888166983e-03 0.0000000000000000e+00
2.7829702908996567e-02 4.4448086705236043e-03 0.0000000000000000e+00
2.8205681556446548e-02 4.0073768184424917e-03 0.0000000000000000e+00
2.8086350180619658e-02 4.3368449831668642e-03 0.0000000000000000e+00
2.7950845845686068e-02 3.9251660650331194e-03 0.0000000000000000e+00
2.9086197545625199e-02 5.0323798051472397e-03 0.0000000000000000e+00
3.0860232527393394e-02 5.2997329132999796e-03 0.0000000000000000e+00
3.8840922237297903e-02 6.6661745534633710e-03 0.0000000000000000e+00
3.7610008365878050e-02 6.1001102234947771e-03 0.0000000000000000e+00
3.6299479278606051e-02 6.2782836607876815e-03 0.0000000000000000e+00
3.4902551924482675e-02 5.9321591085673940e-03 0.0000000000000000e+00
3.3639456688107347e-02 5.8255603775453869e-03 0.0000000000000000e+00
4.0225904918219590e-02 6.6069235007381582e-03 0.0000000000000000e+00
3.7561247062861264e-02 7.1990487862564631e-03 0.0000000000000000e+00
2.8764880253368336e-02 5.5749667734254563e-03 0.0000000000000000e+00
3.2276817792609082e-02 5.5782456136513423e-03 0.0000000000000000e+00
3.6698655616955407e-02 7.2170020645352341e-03 0.0000000000000000e+00
5.1737253820632059e-02 2.1430272212445027e-02 0.0000000000000000e+00
6.0360129457404071e-02 2.5001984247852532e-02 0.0000000000000000e+00
2.6234807229734876e-02 9.7844207605075183e-03 0.0000000000000000e+00
2.7066298808995037e-02 1.0128835849636099e-02 0.0000000000000000e+00
2.7501856733993166e-02 9.0773059999065386e-03 0.0000000000000000e+00
3.4010897445970432e-02 1.0821398202182147e-02 0.0000000000000000e+00
3.6755426149842431e-02 1.1556792451988686e-02 0.0000000000000000e+00
3.9028502338309304e-02 1.6166134987637765e-02 0.0000000000000000e+00
2.6683615376629950e-02 1.1052715382147386e-02 0.0000000000000000e+00
2.5868626910316030e-02 1.0715136106222512e-02 0.0000000000000000e+00
3.2856058857469631e-02 1.3609425184892578e-02 0.0000000000000000e+00
5.3693905152618814e-02 1.5904859303419665e-02 0.0000000000000000e+00
5.3259164912528606e-02 1.7304951684997065e-02 0.0000000000000000e+00
5.2787923501161987e-02 1.8693184117091189e-02 0.0000000000000000e+00
5.2280503883843289e-02 2.0068605174536836e-02 0.0000000000000000e+00
6.2822037448620180e-02 1.7939789721415578e-02 0.0000000000000000e+00
6.2520101934504316e-02 1.8965265580624880e-02 0.0000000000000000e+00
6.2201428277309727e-02 1.9985663979641504e-02 0.0000000000000000e+00
6.1866101793680239e-02 2.1000711733139905e-02 0.0000000000000000e+00
6.1514212258624031e-02 2.2010137088291734e-02 0.0000000000000000e+00
6.1145853881478605e-02 2.3013669797520619e-02 0.0000000000000000e+00
6.0761125280688791e-02 2.4011041190854000e-02 0.0000000000000000e+00
5.7485837578480060e-02 2.3811413569383356e-02 0.0000000000000000e+00
5.4611545699556056e-02 2.2620842890914192e-02 0.0000000000000000e+00
2.6441014646225103e-02 9.8698346690796867e-03 0.0000000000000000e+00
2.6712142830716146e-02 9.9821396402374734e-03 0.0000000000000000e+00
2.7210786188411027e-02 9.7800124586582757e-03 0.0000000000000000e+00
2.7355888808805240e-02 9.4297037445666837e-03 0.0000000000000000e+00
2.8061710531527447e-02 9.2273183728353476e-03 0.0000000000000000e+00
2.8833379461779548e-02 9.4340864395205861e-03 0.0000000000000000e+00
2.9901434671213284e-02 9.7202709703602085e-03 0.0000000000000000e+00
3.1258750457687570e-02 1.0083962639220007e-02 0.0000000000000000e+00
3.2634823951828998e-02 1.0452680420701077e-02 0.0000000000000000e+00
3.5383161797906439e-02 1.1189095327085417e-02 0.0000000000000000e+00
3.8039082111930432e-02 1.2216148027744803e-02 0.0000000000000000e+00
3.8936197210185500e-02 1.3346505008865169e-02 0.0000000000000000e+00
3.9286840627679800e-02 1.4746351999808338e-02 0.0000000000000000e+00
4.0299377486541582e-02 1.6692548710118493e-02 0.0000000000000000e+00
4.1570252634773867e-02 1.7218962432599221e-02 0.0000000000000000e+00
4.2841127783006132e-02 1.7745376155079942e-02 0.0000000000000000e+00
4.4112002931238417e-02 1.8271789877560670e-02 0.0000000000000000e+00
4.5382878079470675e-02 1.8798203600041394e-02 0.0000000000000000e+00
4.6653753227702960e-02 1.9324617322522122e-02 0.0000000000000000e+00
4.7924628375935238e-02 1.9851031045002850e-02 0.0000000000000000e+00
4.9195503524167510e-02 2.0377444767483575e-02 0.0000000000000000e+00
5.0466378672399788e-02 2.0903858489964299e-02 0.0000000000000000e+00
2.6982207216163744e-02 7.4806746850803046e-03 0.0000000000000000e+00
2.6916471252265230e-02 7.7138560607506465e-03 0.0000000000000000e+00
2.6848720165772548e-02 7.9464599325761911e-03 0.0000000000000000e+00
2.6778959028923566e-02 8.1784688864868348e-03 0.0000000000000000e+00
2.6707193064440162e-02 8.4098655529514718e-03 0.0000000000000000e+00
2.6633427645137174e-02 8.6406326082783293e-03 0.0000000000000000e+00
2.6557668293520229e-02 8.8707527759120091e-03 0.0000000000000000e+00
2.6479920681372185e-02 9.1002088277268561e-03 0.0000000000000000e+00
2.6400190629328631e-02 9.3289835853167299e-03 0.0000000000000000e+00
2.6318484106442018e-02 9.5570599212811604e-03 0.0000000000000000e+00
2.6874784194106195e-02 1.0591193030293411e-02 0.0000000000000000e+00
2.6337193528716663e-02 1.0909222754439353e-02 0.0000000000000000e+00
2.6071491465809102e-02 1.0799165356432534e-02 0.0000000000000000e+00
2.5944519033542980e-02 1.0530049008343995e-02 0.0000000000000000e+00
2.6019086899271217e-02 1.0344424436776216e-02 0.0000000000000000e+00
2.6092326701415352e-02 1.0158271866149657e-02 0.0000000000000000e+00
2.6164234701676847e-02 9.9716007980448773e-03 0.0000000000000000e+00
3.7794018208979617e-02 1.5654794918735070e-02 0.0000000000000000e+00
3.6559528371102136e-02 1.5143452485274451e-02 0.0000000000000000e+00
3.5325038533224634e-02 1.4632110051813826e-02 0.0000000000000000e+00
3.4090548695347132e-02 1.4120767618353201e-02 0.0000000000000000e+00
3.1554982727714634e-02 1.3070501806268162e-02 0.0000000000000000e+00
3.0253906597959627e-02 1.2531578427643740e-02 0.0000000000000000e+00
2.8969659419232772e-02 1.1999625828775690e-02 0.0000000000000000e+00
2.7954636543945161e-02 1.1579189587712630e-02 0.0000000000000000e+00
2.7218072435541418e-02 1.1274094744454552e-02 0.0000000000000000e+00
4.8420672416578589e-02 1.8548842627223151e-02 0.0000000000000000e+00
4.5875356328152608e-02 1.7409075709942851e-02 0.0000000000000000e+00
4.3198980335233769e-02 1.6349082787330504e-02 0.0000000000000000e+00
2.7637565757153974e-02 8.0389709296284102e-03 0.0000000000000000e+00
4.8086304947243121e-02 1.4387875727880511e-02 0.0000000000000000e+00
2.7020059999996973e-02 8.3785387302691312e-03 0.0000000000000000e+00
2.6865679055643330e-02 8.7140277747277516e-03 0.0000000000000000e+00
2.6704032923080306e-02 9.1366837321690125e-03 0.0000000000000000e+00
4.2275593878312583e-02 1.2996098901460598e-02 0.0000000000000000e+00
4.0635381233436185e-02 1.5542998330512455e-02 0.0000000000000000e+00
5.1445466585826424e-02 1.8219373522607201e-02 0.0000000000000000e+00
5.0863130482483331e-02 1.5085793765619837e-02 0.0000000000000000e+00
2.8155837623748250e-02 8.1404754039214496e-03 0.0000000000000000e+00
2.6585841228413377e-02 9.5873487128085005e-03 0.0000000000000000e+00
4.9688599590469437e-02 1.9058948352119347e-02 0.0000000000000000e+00
5.2269069031226509e-02 1.5492561178790226e-02 0.0000000000000000e+00
4.5219485069754289e-02 1.3767455556639859e-02 0.0000000000000000e+00
2.8839886501579124e-02 8.5863053102419196e-03 0.0000000000000000e+00
2.8099125732295744e-02 8.6948300363976321e-03 0.0000000000000000e+00
3.9437981859791318e-02 1.1767488213713796e-02 0.0000000000000000e+00
2.7211177412147087e-02 7.6195721949335682e-03 0.0000000000000000e+00
5.0972112942323053e-02 1.9562966295469917e-02 0.0000000000000000e+00
2.7076816761979365e-02 8.9606658374807250e-03 0.0000000000000000e+00
2.6887845874672855e-02 9.7173141906984097e-03 0.0000000000000000e+00
4.0456017828443630e-02 1.2694724889747679e-02 0.0000000000000000e+00
2.7193169721860384e-02 7.9879122586918299e-03 0.0000000000000000e+00
2.9867009873867489e-02 8.7871445208051527e-03 0.0000000000000000e+00
4.1864302517259165e-02 1.5897309222295906e-02 0.0000000000000000e+00
2.7497323448725627e-02 8.5958581130931560e-03 0.0000000000000000e+00
4.9482285918116216e-02 1.4696885181053504e-02 0.0000000000000000e+00
4.6669448649466691e-02 1.4115000206764632e-02 0.0000000000000000e+00
4.3774969746822247e-02 1.3365196678253545e-02 0.0000000000000000e+00
5.1869479656296097e-02 1.6861557557853010e-02 0.0000000000000000e+00
4.7157698673579954e-02 1.7999448989696857e-02 0.0000000000000000e+00
4.4540551205915831e-02 1.6846411861304280e-02 0.0000000000000000e+00
5.0125332530934576e-02 1.7739332233184708e-02 0.0000000000000000e+00
4.0719833093615994e-02 1.4283985138479251e-02 0.0000000000000000e+00
2.6948454372879762e-02 9.3749353263796534e-03 0.0000000000000000e+00
4.8843043230248469e-02 1.7273592101092344e-02 0.0000000000000000e+00
4.6502189903298144e-02 1.5844003098596321e-02 0.0000000000000000e+00
4.3493490848342455e-02 1.4887751264428357e-02 0.0000000000000000e+00
4.2065378727077281e-02 1.4502975252172227e-02 0.0000000000000000e+00
5.0507410686156946e-02 1.6419372101092379e-02 0.0000000000000000e+00
4.7975600371704778e-02 1.5652225919477118e-02 0.0000000000000000e+00
4.4920302741957956e-02 1.5333285111051115e-02 0.0000000000000000e+00
4.9192790907594527e-02 1.6005535583740654e-02 0.0000000000000000e+00
4.7674986950157698e-02 1.6858064769095269e-02 0.0000000000000000e+00
5.8122869788653338e-02 1.9863510546877187e-02 0.0000000000000000e+00
6.0885325899030000e-02 1.9929254282988734e-02 0.0000000000000000e+00
5.9403485127310078e-02 2.2518974746036254e-02 0.0000000000000000e+00
6.1465432486854148e-02 1.8412219677236691e-02 0.0000000000000000e+00
5.3878559683659760e-02 1.9779457069756388e-02 0.0000000000000000e+00
5.5249383577417724e-02 1.7744040738604749e-02 0.0000000000000000e+00
2.6207016429055954e-02 1.0362625145283912e-02 0.0000000000000000e+00
2.6323634034226519e-02 1.0065534230863503e-02 0.0000000000000000e+00
2.6430525168158161e-02 1.0632350650915215e-02 0.0000000000000000e+00
2.6491915247585710e-02 1.0287357162612224e-02 0.0000000000000000e+00
2.6168725592143439e-02 1.0576129396451748e-02 0.0000000000000000e+00
2.7705575876577633e-02 1.0184930020063307e-02 0.0000000000000000e+00
2.9375611792067526e-02 1.0840412927506400e-02 0.0000000000000000e+00
3.6970312640647582e-02 1.3647384609288283e-02 0.0000000000000000e+00
3.5621277793143044e-02 1.3522153763507377e-02 0.0000000000000000e+00
3.4575413029813512e-02 1.2712586496896130e-02 0.0000000000000000e+00
3.3192576177791144e-02 1.2313875474930722e-02 0.0000000000000000e+00
3.2045404250180001e-02 1.1774645065819302e-02 0.0000000000000000e+00
3.8140117299764631e-02 1.4391188866610132e-02 0.0000000000000000e+00
3.6128518547389715e-02 1.2546064399449003e-02 0.0000000000000000e+00
2.7698600422947067e-02 9.5543772756435559e-03 0.0000000000000000e+00
3.0741666968546709e-02 1.1307506486333363e-02 0.0000000000000000e+00
3.5390469081287478e-02 1.2099220681425448e-02 0.0000000000000000e+00
2.4248711305964284e-02 1.4000000000000000e-02 0.0000000000000000e+00
4.8497422611928569e-02 2.8000000000000001e-02 0.0000000000000000e+00
5.6580326380583336e-02 3.2666666666666670e-02 0.0000000000000000e+00
2.5469440365004700e-02 1.1632179825530092e-02 0.0000000000000000e+00
2.6300931944264857e-02 1.1976594914658672e-02 0.0000000000000000e+00
2.5865374019266738e-02 1.3028124764388235e-02 0.0000000000000000e+00
3.1701220268968835e-02 1.6397452167603008e-02 0.0000000000000000e+00
3.4161897387521643e-02 1.7818124764388227e-02 0.0000000000000000e+00
4.9213758309070064e-02 2.6720890574538067e-02 0.0000000000000000e+00
4.9896365354548611e-02 2.5423467985414616e-02 0.0000000000000000e+00
5.0544775923592210e-02 2.4108621421264510e-02 0.0000000000000000e+00
5.1158545627985663e-02 2.2777252012244783e-02 0.0000000000000000e+00
5.7107235652948257e-02 3.1736541722800882e-02 0.0000000000000000e+00
5.7618855937425870e-02 3.0797920139298510e-02 0.0000000000000000e+00
5.8115050260894613e-02 2.9851053207854146e-02 0.0000000000000000e+00
5.8595685780135659e-02 2.8896194427641405e-02 0.0000000000000000e+00
5.9060633817398310e-02 2.7933599437445077e-02 0.0000000000000000e+00
5.9509769894850163e-02 2.6963525947220429e-02 0.0000000000000000e+00
5.9942973767902794e-02 2.5986233669098028e-02 0.0000000000000000e+00
5.1191723868146834e-02 2.9555555555555561e-02 0.0000000000000000e+00
5.3886025124365071e-02 3.1111111111111110e-02 0.0000000000000000e+00
2.5675647781494927e-02 1.1717593734102262e-02 0.0000000000000000e+00
2.5946775965985970e-02 1.1829898705260045e-02 0.0000000000000000e+00
2.6156444564848873e-02 1.2325418305636498e-02 0.0000000000000000e+00
2.6011341944454654e-02 1.2675727019728088e-02 0.0000000000000000e+00
2.6367325202136114e-02 1.3317926414937920e-02 0.0000000000000000e+00
2.7059184637634306e-02 1.3717371646264185e-02 0.0000000000000000e+00
2.8016776741333908e-02 1.4270237705109009e-02 0.0000000000000000e+00
2.9233712783473236e-02 1.4972836056624710e-02 0.0000000000000000e+00
3.0467466526221027e-02 1.5685144112113858e-02 0.0000000000000000e+00
3.2931558828245243e-02 1.7107788465995619e-02 0.0000000000000000e+00
3.5535814021854926e-02 1.8259571801060880e-02 0.0000000000000000e+00
3.6969453277847689e-02 1.8094644884030120e-02 0.0000000000000000e+00
3.8207236916055834e-02 1.7352745922399260e-02 0.0000000000000000e+00
2.4495922392343040e-02 1.4142727387267434e-02 0.0000000000000000e+00
2.4842206316604547e-02 1.4342654504155854e-02 0.0000000000000000e+00
2.5299842827086340e-02 1.4606871066673520e-02 0.0000000000000000e+00
2.5911189469691089e-02 1.4959832215349545e-02 0.0000000000000000e+00
2.6768632728245530e-02 1.5454877311490778e-02 0.0000000000000000e+00
2.7950559137739389e-02 1.6137262842174389e-02 0.0000000000000000e+00
2.9234738104876215e-02 1.6878683914538489e-02 0.0000000000000000e+00
3.0518917072013034e-02 1.7620104986902585e-02 0.0000000000000000e+00
3.1803096039149846e-02 1.8361526059266681e-02 0.0000000000000000e+00
3.3087275006286665e-02 1.9102947131630781e-02 0.0000000000000000e+00
3.4371453973423484e-02 1.9844368203994878e-02 0.0000000000000000e+00
3.5655632940560310e-02 2.0585789276358981e-02 0.0000000000000000e+00
3.6939811907697122e-02 2.1327210348723074e-02 0.0000000000000000e+00
3.8223990874833948e-02 2.2068631421087174e-02 0.0000000000000000e+00
3.9508169841970760e-02 2.2810052493451270e-02 0.0000000000000000e+00
4.0792348809107579e-02 2.3551473565815370e-02 0.0000000000000000e+00
4.2076527776244411e-02 2.4292894638179473e-02 0.0000000000000000e+00
4.3360706743381230e-02 2.5034315710543573e-02 0.0000000000000000e+00
4.4644885710518070e-02 2.5775736782907680e-02 0.0000000000000000e+00
4.5929064677654910e-02 2.6517157855271787e-02 0.0000000000000000e+00
4.7213243644791729e-02 2.7258578927635890e-02 0.0000000000000000e+00
2.4368937491600805e-02 1.3789665896259153e-02 0.0000000000000000e+00
2.4487339277743242e-02 1.3578299418435776e-02 0.0000000000000000e+00
2.4603907800149594e-02 1.3365916390645952e-02 0.0000000000000000e+00
2.4718634331826611e-02 1.3152532713110541e-02 0.0000000000000000e+00
2.4831510283683113e-02 1.2938164360964826e-02 0.0000000000000000e+00
2.4942527205172971e-02 1.2722827383062544e-02 0.0000000000000000e+00
2.5051676784927892e-02 1.2506537900774346e-02 0.0000000000000000e+00
2.5158950851379515e-02 1.2289312106780833e-02 0.0000000000000000e+00
2.5264341373371274e-02 1.2071166263860371e-02 0.0000000000000000e+00
2.5367840460759610e-02 1.1852116703671443e-02 0.0000000000000000e+00
2.6492446559153705e-02 1.1514237734001362e-02 0.0000000000000000e+00
2.5791414403268414e-02 1.0899676283214971e-02 0.0000000000000000e+00
2.5712885453473035e-02 1.1083660120040442e-02 0.0000000000000000e+00
2.5633044069196566e-02 1.1267078225814667e-02 0.0000000000000000e+00
2.5551894325694807e-02 1.1449921238529358e-02 0.0000000000000000e+00
4.7354598220246721e-02 2.1122573410503546e-02 0.0000000000000000e+00
4.4748851037676514e-02 2.0128700060295303e-02 0.0000000000000000e+00
4.2106839240489781e-02 1.8985744630286447e-02 0.0000000000000000e+00
2.5227121020474464e-02 1.3858299304270917e-02 0.0000000000000000e+00
4.4175916804453479e-02 2.3828387816346192e-02 0.0000000000000000e+00
2.5030589206672671e-02 1.3181546101457813e-02 0.0000000000000000e+00
2.5158651972384715e-02 1.2835155710468883e-02 0.0000000000000000e+00
2.5343213789512431e-02 1.2421991740365384e-02 0.0000000000000000e+00
3.9082988772237162e-02 2.0703729447849494e-02 0.0000000000000000e+00
3.9724113145739849e-02 1.7742994106786751e-02 0.0000000000000000e+00
4.9260480850950000e-02 2.3494395717337621e-02 0.0000000000000000e+00
4.6632931547791689e-02 2.5298397405288622e-02 0.0000000000000000e+00
2.5665369073934872e-02 1.4152998353544556e-02 0.0000000000000000e+00
2.5578307904587004e-02 1.2019749327732983e-02 0.0000000000000000e+00
4.8611857340151811e-02 2.1658434096016279e-02 0.0000000000000000e+00
4.7914708225758058e-02 2.6004918090818008e-02 0.0000000000000000e+00
4.1710065718371561e-02 2.2239943350802635e-02 0.0000000000000000e+00
2.6464314024127102e-02 1.4321444603706849e-02 0.0000000000000000e+00
2.6017255630720978e-02 1.3720909070718490e-02 0.0000000000000000e+00
3.6207735122820293e-02 1.9565993695920693e-02 0.0000000000000000e+00
2.4629059240977406e-02 1.3853356903421418e-02 0.0000000000000000e+00
4.9875832840573862e-02 2.2209620585272555e-02 0.0000000000000000e+00
2.5482348322970440e-02 1.2810053167711926e-02 0.0000000000000000e+00
2.5883756908643030e-02 1.2141399390316799e-02 0.0000000000000000e+00
3.7583250601134585e-02 1.9630198491458122e-02 0.0000000000000000e+00
2.4876781637928322e-02 1.3580167786640033e-02 0.0000000000000000e+00
2.7332614693504814e-02 1.4905715737649731e-02 0.0000000000000000e+00
4.0843627353303880e-02 1.8361437045894127e-02 0.0000000000000000e+00
2.5521733436959331e-02 1.3365354313188180e-02 0.0000000000000000e+00
4.5381527095154604e-02 2.4596992747468571e-02 0.0000000000000000e+00
4.2981095976928056e-02 2.3019471251622466e-02 0.0000000000000000e+00
4.0404199157298981e-02 2.1502956751128972e-02 0.0000000000000000e+00
4.8600182492109796e-02 2.4754339111059495e-02 0.0000000000000000e+00
4.6073060955476253e-02 2.0617996079004244e-02 0.0000000000000000e+00
4.3407137861279484e-02 1.9582713729699990e-02 0.0000000000000000e+00
4.7987564657660499e-02 2.2900360426048479e-02 0.0000000000000000e+00
3.8893572863066807e-02 1.8692967355493712e-02 0.0000000000000000e+00
2.5684515172027925e-02 1.2426354487091177e-02 0.0000000000000000e+00
4.6751521192029168e-02 2.2322972971763604e-02 0.0000000000000000e+00
4.4085415852804850e-02 2.1678611788488584e-02 0.0000000000000000e+00
4.1281772192033883e-02 2.0227312440642103e-02 0.0000000000000000e+00
3.9999866699288351e-02 1.9489562402905020e-02 0.0000000000000000e+00
4.7324381951863101e-02 2.4103883240847834e-02 0.0000000000000000e+00
4.4991667442654419e-02 2.2856077266002185e-02 0.0000000000000000e+00
4.2605720561682103e-02 2.0921180801900165e-02 0.0000000000000000e+00
4.6102178784037634e-02 2.3466933288466420e-02 0.0000000000000000e+00
4.5631758481345965e-02 2.1790854649527371e-02 0.0000000000000000e+00
5.5144698375446860e-02 2.7053452363712122e-02 0.0000000000000000e+00
5.7144537665449420e-02 2.8960315970464657e-02 0.0000000000000000e+00
5.7927926907926038e-02 2.6081287411344321e-02 0.0000000000000000e+00
5.6482029510488939e-02 3.0443218729548038e-02 0.0000000000000000e+00
5.2084083135092892e-02 2.4111706690666999e-02 0.0000000000000000e+00
5.1614145315886525e-02 2.6520282252050970e-02 0.0000000000000000e+00
2.5858641542777210e-02 1.1203676520528236e-02 0.0000000000000000e+00
2.5731027641983473e-02 1.1496212620165662e-02 0.0000000000000000e+00
2.6207410821941703e-02 1.1170996331510998e-02 0.0000000000000000e+00
2.6006872928358262e-02 1.1458352908016044e-02 0.0000000000000000e+00
2.5982536136152000e-02 1.1025630506277154e-02 0.0000000000000000e+00
2.6792633662103674e-02 1.2388967495909264e-02 0.0000000000000000e+00
2.8437023791576546e-02 1.3106364807772362e-02 0.0000000000000000e+00
3.5792116973477311e-02 1.6491800568099974e-02 0.0000000000000000e+00
3.4749653704484483e-02 1.5626440459637961e-02 0.0000000000000000e+00
3.3437665134082639e-02 1.5459352897331054e-02 0.0000000000000000e+00
3.2177920551377401e-02 1.4763470849356936e-02 0.0000000000000000e+00
3.0985454023272040e-02 1.4333591279060932e-02 0.0000000000000000e+00
3.7145242814830302e-02 1.6793028340997555e-02 0.0000000000000000e+00
3.4418127673136747e-02 1.6675313245029702e-02 0.0000000000000000e+00
2.6341833150064657e-02 1.2829903226820233e-02 0.0000000000000000e+00
2.9733255693235063e-02 1.3742026663640678e-02 0.0000000000000000e+00
3.3580281667659681e-02 1.6469399685842764e-02 0.0000000000000000e+00
4.4427787056309176e-02 3.4090640024488354e-02 0.0000000000000000e+00
5.1832418232360705e-02 3.9772413361903076e-02 0.0000000000000000e+00
2.2808483412800250e-02 1.6241092463501826e-02 0.0000000000000000e+00
2.3522501419062359e-02 1.6788977749609673e-02 0.0000000000000000e+00
2.4215374019266735e-02 1.5886008596876881e-02 0.0000000000000000e+00
3.0051220268968833e-02 1.9255336000091654e-02 0.0000000000000000e+00
3.2511897387521652e-02 2.0676008596876874e-02 0.0000000000000000e+00
3.3514534749457391e-02 2.5716607002817339e-02 0.0000000000000000e+00
2.2913739990053646e-02 1.7582331089900909e-02 0.0000000000000000e+00
2.2213893528154588e-02 1.7045320012244174e-02 0.0000000000000000e+00
2.8214137369755525e-02 2.1649469046359126e-02 0.0000000000000000e+00
4.7747849203829164e-02 2.9259919624093134e-02 0.0000000000000000e+00
4.6965551804943745e-02 3.0499785960841522e-02 0.0000000000000000e+00
4.6151066562832875e-02 3.1718749267790648e-02 0.0000000000000000e+00
4.5304951684997041e-02 3.2915974128378510e-02 0.0000000000000000e+00
5.6038269186684454e-02 3.3588045953957146e-02 0.0000000000000000e+00
5.5481209193069828e-02 3.4500432909157379e-02 0.0000000000000000e+00
5.4909295538169964e-02 3.5403583264217123e-02 0.0000000000000000e+00
5.4322681337099624e-02 3.6297255223947354e-02 0.0000000000000000e+00
5.3721523640665313e-02 3.7181209530754704e-02 0.0000000000000000e+00
5.3105983393318852e-02 3.8055209528696426e-02 0.0000000000000000e+00
5.2476225390068798e-02 3.8919021226839004e-02 0.0000000000000000e+00
4.9364207840343517e-02 3.7878488916098164e-02 0.0000000000000000e+00
4.6895997448326336e-02 3.5984564470293252e-02 0.0000000000000000e+00
2.2985557735705382e-02 1.6376966370345036e-02 0.0000000000000000e+00
2.3218380785944827e-02 1.6555617780217344e-02 0.0000000000000000e+00
2.3752347647375400e-02 1.6489436313020280e-02 0.0000000000000000e+00
2.3983172582748666e-02 1.6188619400557401e-02 0.0000000000000000e+00
2.4717325202136112e-02 1.6175810247426568e-02 0.0000000000000000e+00
2.5409184637634308e-02 1.6575255478752833e-02 0.0000000000000000e+00
2.6366776741333905e-02 1.7128121537597654e-02 0.0000000000000000e+00
2.7583712783473237e-02 1.7830719889113354e-02 0.0000000000000000e+00
2.8817466526221035e-02 1.8543027944602504e-02 0.0000000000000000e+00
3.1281558828245244e-02 1.9965672298484265e-02 0.0000000000000000e+00
3.3581160052872164e-02 2.1645131786555180e-02 0.0000000000000000e+00
3.4155148780952056e-02 2.2969163260622916e-02 0.0000000000000000e+00
3.4131537252242508e-02 2.4412064816515325e-02 0.0000000000000000e+00
3.4605859980142574e-02 2.6554010304984440e-02 0.0000000000000000e+00
3.5697185210827757e-02 2.7391413607151544e-02 0.0000000000000000e+00
3.6788510441512927e-02 2.8228816909318642e-02 0.0000000000000000e+00
3.7879835672198110e-02 2.9066220211485746e-02 0.0000000000000000e+00
3.8971160902883280e-02 2.9903623513652840e-02 0.0000000000000000e+00
4.0062486133568463e-02 3.0741026815819951e-02 0.0000000000000000e+00
4.1153811364253647e-02 3.1578430117987055e-02 0.0000000000000000e+00
4.2245136594938823e-02 3.2415833420154153e-02 0.0000000000000000e+00
4.3336461825623999e-02 3.3253236722321257e-02 0.0000000000000000e+00
2.4126669721660738e-02 1.4209285982831752e-02 0.0000000000000000e+00
2.4002821875428473e-02 1.4417508176396244e-02 0.0000000000000000e+00
2.3877177039233009e-02 1.4624650991976674e-02 0.0000000000000000e+00
2.3749744619572903e-02 1.4830698921664755e-02 0.0000000000000000e+00
2.3620534156775553e-02 1.5035636539521689e-02 0.0000000000000000e+00
2.3489555324282940e-02 1.5239448502732992e-02 0.0000000000000000e+00
2.3356817927927438e-02 1.5442119552757250e-02 0.0000000000000000e+00
2.3222331905197621e-02 1.5643634516468375e-02 0.0000000000000000e+00
2.3086107324494412e-02 1.5843978307291569e-02 0.0000000000000000e+00
2.2948154384377157e-02 1.6043135926332833e-02 0.0000000000000000e+00
2.3217845662435406e-02 1.7186012861628068e-02 0.0000000000000000e+00
2.2616260805246063e-02 1.7354067283036071e-02 0.0000000000000000e+00
2.2388097271243960e-02 1.7178991245723606e-02 0.0000000000000000e+00
2.2335103755925127e-02 1.6886181931154827e-02 0.0000000000000000e+00
2.2455173957604022e-02 1.6726181947286776e-02 0.0000000000000000e+00
2.2574098004580288e-02 1.6565328227342930e-02 0.0000000000000000e+00
2.2691869826744811e-02 1.6403628981602469e-02 0.0000000000000000e+00
3.2454459195149929e-02 2.4903182420700463e-02 0.0000000000000000e+00
3.1394378738801333e-02 2.4089754077115135e-02 0.0000000000000000e+00
3.0334298282452727e-02 2.3276325733529800e-02 0.0000000000000000e+00
2.9274217826104128e-02 2.2462897389944461e-02 0.0000000000000000e+00
2.7096877968295938e-02 2.0792165755045968e-02 0.0000000000000000e+00
2.5979618566836348e-02 1.9934862463732803e-02 0.0000000000000000e+00
2.4876810513244037e-02 1.9088648081650877e-02 0.0000000000000000e+00
2.4005190610167981e-02 1.8419830606761018e-02 0.0000000000000000e+00
2.3372688671140986e-02 1.7934494798996576e-02 0.0000000000000000e+00
4.1969984276921148e-02 3.0448998339487249e-02 0.0000000000000000e+00
3.9806391116211350e-02 2.8689291758645836e-02 0.0000000000000000e+00
3.7495556779836951e-02 2.6972720140188373e-02 0.0000000000000000e+00
2.4615199760984065e-02 1.4918178015939839e-02 0.0000000000000000e+00
4.2723947582410160e-02 2.6343272279951493e-02 0.0000000000000000e+00
2.3930848388354537e-02 1.5086353073942205e-02 0.0000000000000000e+00
2.3694896892987320e-02 1.5370453877822193e-02 0.0000000000000000e+00
2.3429367307513112e-02 1.5736871085075162e-02 0.0000000000000000e+00
3.7471450041036213e-02 2.3494996408654614e-02 0.0000000000000000e+00
3.5227940208544840e-02 2.5530594073624697e-02 0.0000000000000000e+00
4.4976983963253697e-02 3.0913629960890764e-02 0.0000000000000000e+00
4.5225520601910117e-02 2.7736104670684065e-02 0.0000000000000000e+00
2.5089540650856355e-02 1.5150362438758809e-02 0.0000000000000000e+00
2.3198562217231194e-02 1.6141589767326162e-02 0.0000000000000000e+00
4.3062682803417060e-02 3.1269886333708356e-02 0.0000000000000000e+00
4.6478273802860952e-02 2.8492895493016673e-02 0.0000000000000000e+00
4.0115388779707675e-02 2.5002004830226875e-02 0.0000000000000000e+00
2.5634891857765248e-02 1.5758045936769428e-02 0.0000000000000000e+00
2.4891283633619039e-02 1.5671149777598845e-02 0.0000000000000000e+00
3.5048515152363645e-02 2.1573821581900094e-02 0.0000000000000000e+00
2.4311888626544181e-02 1.4402712522287607e-02 0.0000000000000000e+00
4.4172012055546786e-02 3.2088927982206861e-02 0.0000000000000000e+00
2.3835005628553070e-02 1.5663334411920221e-02 0.0000000000000000e+00
2.3456638763828756e-02 1.6345291333107428e-02 0.0000000000000000e+00
3.5791875875500999e-02 2.2732950531650264e-02 0.0000000000000000e+00
2.4199161109849526e-02 1.4753840969524167e-02 0.0000000000000000e+00
2.6575035837146578e-02 1.6217880807602118e-02 0.0000000000000000e+00
3.6323284608384958e-02 2.6190900347719068e-02 0.0000000000000000e+00
2.4335603084280545e-02 1.5419792348427417e-02 0.0000000000000000e+00
4.3992384123586678e-02 2.7003058953201417e-02 0.0000000000000000e+00
4.1425994874054649e-02 2.5712985372705593e-02 0.0000000000000000e+00
3.8824206381605289e-02 2.4239584514222232e-02 0.0000000000000000e+00
4.5737977770127114e-02 2.9711823111197033e-02 0.0000000000000000e+00
4.0892238857283748e-02 2.9591443178049244e-02 0.0000000000000000e+00
3.8662696495598253e-02 2.7800327228591361e-02 0.0000000000000000e+00
4.3826076213608067e-02 3.0108269846258046e-02 0.0000000000000000e+00
3.5635371033504178e-02 2.4336338465610056e-02 0.0000000000000000e+00
2.3603796248265672e-02 1.6030265379317430e-02 0.0000000000000000e+00
4.2708022277555276e-02 2.9326518531981993e-02 0.0000000000000000e+00
4.0816936454014345e-02 2.7339784170685912e-02 0.0000000000000000e+00
3.8158252519898024e-02 2.5637407211222298e-02 0.0000000000000000e+00
3.6878389499202018e-02 2.4896119508122396e-02 0.0000000000000000e+00
4.4536766192359765e-02 2.8932175368287322e-02 0.0000000000000000e+00
4.2289777264545088e-02 2.7535888330958880e-02 0.0000000000000000e+00
3.9421134332453894e-02 2.6437045952007618e-02 0.0000000000000000e+00
4.3374049768745433e-02 2.8192191352555355e-02 0.0000000000000000e+00
4.1687312937337941e-02 2.8622834739437931e-02 0.0000000000000000e+00
5.1001326194770297e-02 3.4229983495311374e-02 0.0000000000000000e+00
5.3652638164771303e-02 3.5008463320563565e-02 0.0000000000000000e+00
5.1551020915590481e-02 3.7126412585159918e-02 0.0000000000000000e+00
5.4605615547999302e-02 3.3693263048611734e-02 0.0000000000000000e+00
4.6923392090263284e-02 3.3050285782477581e-02 0.0000000000000000e+00
4.8774310803752989e-02 3.1439019912153823e-02 0.0000000000000000e+00
2.2631989253949308e-02 1.6792402223136573e-02 0.0000000000000000e+00
2.2821525997362466e-02 1.6535617293354454e-02 0.0000000000000000e+00
2.2778072019642149e-02 1.7110785373461227e-02 0.0000000000000000e+00
2.2926661168048326e-02 1.6793436174944023e-02 0.0000000000000000e+00
2.2539744179252700e-02 1.6988721095516222e-02 0.0000000000000000e+00
2.4125477409168948e-02 1.7008617637717244e-02 0.0000000000000000e+00
2.5568956770585495e-02 1.8074002607641582e-02 0.0000000000000000e+00
3.2178376732859872e-02 2.2750982270205555e-02 0.0000000000000000e+00
3.0907721261013699e-02 2.2280862650976604e-02 0.0000000000000000e+00
3.0107024902198579e-02 2.1228191000687228e-02 0.0000000000000000e+00
2.8874501079262833e-02 2.0485161213771731e-02 0.0000000000000000e+00
2.7905981186765873e-02 1.9667394692417853e-02 0.0000000000000000e+00
3.3115810557191080e-02 2.3772209736885642e-02 0.0000000000000000e+00
3.1650308722827217e-02 2.1469316293117754e-02 0.0000000000000000e+00
2.4281938697554593e-02 1.6397745076796935e-02 0.0000000000000000e+00
2.6767572036813476e-02 1.8878741435739511e-02 0.0000000000000000e+00
3.1053059346849130e-02 2.0846677147508767e-02 0.0000000000000000e+00
1.9798989873223333e-02 1.9798989873223330e-02 0.0000000000000000e+00
3.9597979746446667e-02 3.9597979746446660e-02 0.0000000000000000e+00
4.6197643037521115e-02 4.6197643037521101e-02 0.0000000000000000e+00
2.1590960554782813e-02 1.7827799144084298e-02 0.0000000000000000e+00
2.2304978561044918e-02 1.8375684430192146e-02 0.0000000000000000e+00
2.1612105960840559e-02 1.9278653582924944e-02 0.0000000000000000e+00
2.6377054470542210e-02 2.4043602092626598e-02 0.0000000000000000e+00
2.8386188924607671e-02 2.6052736546692056e-02 0.0000000000000000e+00
4.0620964776688112e-02 3.8547856238850216e-02 0.0000000000000000e+00
4.1616110226734095e-02 3.7471313956096056e-02 0.0000000000000000e+00
4.2582734073601747e-02 3.6369090706490269e-02 0.0000000000000000e+00
4.3520173841590383e-02 3.5241941898790874e-02 0.0000000000000000e+00
4.6947332361606954e-02 4.5435585487294622e-02 0.0000000000000000e+00
4.7684452749591932e-02 4.4661363732160918e-02 0.0000000000000000e+00
4.8408806856524017e-02 4.3875185050005198e-02 0.0000000000000000e+00
4.9120200755293213e-02 4.3077259919871151e-02 0.0000000000000000e+00
4.9818443988550710e-02 4.2267801965610662e-02 0.0000000000000000e+00
5.0503349619698844e-02 4.1447027898691480e-02 0.0000000000000000e+00
5.1174734282938526e-02 4.0615157460178367e-02 0.0000000000000000e+00
4.1797867510138156e-02 4.1797867510138149e-02 0.0000000000000000e+00
4.3997755273829632e-02 4.3997755273829625e-02 0.0000000000000000e+00
2.1768034877687942e-02 1.7963673050927508e-02 0.0000000000000000e+00
2.2000857927927386e-02 1.8142324460799813e-02 0.0000000000000000e+00
2.2075132332731891e-02 1.8675225866781546e-02 0.0000000000000000e+00
2.1844307397358622e-02 1.8976042779244421e-02 0.0000000000000000e+00
2.2021947385446029e-02 1.9688495007530418e-02 0.0000000000000000e+00
2.2586848249012893e-02 2.0253395871097282e-02 0.0000000000000000e+00
2.3368718927607005e-02 2.1035266549691393e-02 0.0000000000000000e+00
2.4362343045221484e-02 2.2028890667305873e-02 0.0000000000000000e+00
2.5369698757881844e-02 2.3036246379966232e-02 0.0000000000000000e+00
2.7381621697574948e-02 2.5048169319659332e-02 0.0000000000000000e+00
2.9599035584383392e-02 2.6834737431701561e-02 0.0000000000000000e+00
3.1026510994506245e-02 2.7046483406348847e-02 0.0000000000000000e+00
3.2414135758821391e-02 2.6650226018097113e-02 0.0000000000000000e+00
2.0000836880019017e-02 2.0000836880019014e-02 0.0000000000000000e+00
2.0283576520208773e-02 2.0283576520208770e-02 0.0000000000000000e+00
2.0657235166324853e-02 2.0657235166324849e-02 0.0000000000000000e+00
2.1156397609773274e-02 2.1156397609773267e-02 0.0000000000000000e+00
2.1856497098722501e-02 2.1856497098722498e-02 0.0000000000000000e+00
2.2821535970982420e-02 2.2821535970982416e-02 0.0000000000000000e+00
2.3870063706948941e-02 2.3870063706948930e-02 0.0000000000000000e+00
2.4918591442915448e-02 2.4918591442915441e-02 0.0000000000000000e+00
2.5967119178881958e-02 2.5967119178881951e-02 0.0000000000000000e+00
2.7015646914848476e-02 2.7015646914848465e-02 0.0000000000000000e+00
2.8064174650814986e-02 2.8064174650814976e-02 0.0000000000000000e+00
2.9112702386781493e-02 2.9112702386781489e-02 0.0000000000000000e+00
3.0161230122747996e-02 3.0161230122747993e-02 0.0000000000000000e+00
3.1209757858714514e-02 3.1209757858714507e-02 0.0000000000000000e+00
3.2258285594681024e-02 3.2258285594681017e-02 0.0000000000000000e+00
3.3306813330647542e-02 3.3306813330647528e-02 0.0000000000000000e+00
3.4355341066614059e-02 3.4355341066614052e-02 0.0000000000000000e+00
3.5403868802580570e-02 3.5403868802580563e-02 0.0000000000000000e+00
3.6452396538547101e-02 3.6452396538547094e-02 0.0000000000000000e+00
3.7500924274513625e-02 3.7500924274513618e-02 0.0000000000000000e+00
3.8549452010480142e-02 3.8549452010480136e-02 0.0000000000000000e+00
1.9969557922808575e-02 1.9626939556833443e-02 0.0000000000000000e+00
2.0138630935879236e-02 1.9453419854319906e-02 0.0000000000000000e+00
2.0306196254652437e-02 1.9278443756370472e-02 0.0000000000000000e+00
2.0472241334220015e-02 1.9102024362707051e-02 0.0000000000000000e+00
2.0636753743487724e-02 1.8924174881105010e-02 0.0000000000000000e+00
2.0799721166105817e-02 1.8744908626404384e-02 0.0000000000000000e+00
2.0961131401391244e-02 1.8564239019513033e-02 0.0000000000000000e+00
2.1120972365240957e-02 1.8382179586401821e-02 0.0000000000000000e+00
2.1279232091036635e-02 1.8198743957092114e-02 0.0000000000000000e+00
2.1435898730540606e-02 1.8013945864635200e-02 0.0000000000000000e+00
2.2609634317671882e-02 1.7978649318173757e-02 0.0000000000000000e+00
2.2091549461092527e-02 1.7203588067845110e-02 0.0000000000000000e+00
2.1968077799412348e-02 1.7360978019655644e-02 0.0000000000000000e+00
2.1843484845342039e-02 1.7517481834193889e-02 0.0000000000000000e+00
2.1717776958342472e-02 1.7673091523208069e-02 0.0000000000000000e+00
4.0274105134264236e-02 3.2659111067469930e-02 0.0000000000000000e+00
3.8014379985293438e-02 3.1024686132871938e-02 0.0000000000000000e+00
3.5758211190020012e-02 2.9236872994231593e-02 0.0000000000000000e+00
2.0780735923919796e-02 1.9915348579644034e-02 0.0000000000000000e+00
3.6503418360459602e-02 3.4450023794497610e-02 0.0000000000000000e+00
2.0766057387003371e-02 1.9210789006642567e-02 0.0000000000000000e+00
2.0979408950019082e-02 1.8909346664742772e-02 0.0000000000000000e+00
2.1264616679942540e-02 1.8558029028799057e-02 0.0000000000000000e+00
3.2392748737916213e-02 3.0113688807962297e-02 0.0000000000000000e+00
3.3778322021921006e-02 2.7419773275364937e-02 0.0000000000000000e+00
4.1501173604528631e-02 3.5443394211565574e-02 0.0000000000000000e+00
3.8496245878521358e-02 3.6505866231023289e-02 0.0000000000000000e+00
2.1127777310552494e-02 2.0313432945034939e-02 0.0000000000000000e+00
2.1595808154438893e-02 1.8230339528381420e-02 0.0000000000000000e+00
4.1349833237585634e-02 3.3502115347759910e-02 0.0000000000000000e+00
3.9551486066130188e-02 3.7520061023809517e-02 0.0000000000000000e+00
3.4532708792400502e-02 3.2277495038138419e-02 0.0000000000000000e+00
2.1855901774108295e-02 2.0682921697506480e-02 0.0000000000000000e+00
2.1579506559256199e-02 1.9987141690102312e-02 0.0000000000000000e+00
2.9909934661705780e-02 2.8270550057712243e-02 0.0000000000000000e+00
2.0204331792855568e-02 1.9755784808337888e-02 0.0000000000000000e+00
4.2428082256417227e-02 3.4361661544886367e-02 0.0000000000000000e+00
2.1298572631071357e-02 1.8968878250750068e-02 0.0000000000000000e+00
2.1859363883036276e-02 1.8426900485158104e-02 0.0000000000000000e+00
3.1221963162797916e-02 2.8688576730514503e-02 0.0000000000000000e+00
2.0514319800158453e-02 1.9556019659206992e-02 0.0000000000000000e+00
2.2543395318676249e-02 2.1472017025447328e-02 0.0000000000000000e+00
3.4699624896954474e-02 2.8306894880515299e-02 0.0000000000000000e+00
2.1192893217628066e-02 1.9515451586127344e-02 0.0000000000000000e+00
3.7469018882353516e-02 3.5504474051886885e-02 0.0000000000000000e+00
3.5558673078214129e-02 3.3359428007669195e-02 0.0000000000000000e+00
3.3462084723354095e-02 3.1227637511516543e-02 0.0000000000000000e+00
4.0537277020622264e-02 3.6489508284506048e-02 0.0000000000000000e+00
3.9166829415989611e-02 3.1840040540483540e-02 0.0000000000000000e+00
3.6859696237462915e-02 3.0150042912232573e-02 0.0000000000000000e+00
4.0425378625577393e-02 3.4540145228339522e-02 0.0000000000000000e+00
3.2730210544010423e-02 2.8122417327694108e-02 0.0000000000000000e+00
2.1593159337920824e-02 1.8650578416449889e-02 0.0000000000000000e+00
3.9380891189280419e-02 3.3662520184990545e-02 0.0000000000000000e+00
3.6972404132672852e-02 3.2350076238566249e-02 0.0000000000000000e+00
3.4639916224390083e-02 3.0222592341716377e-02 0.0000000000000000e+00
3.3592634362376812e-02 2.9178198971376319e-02 0.0000000000000000e+00
3.9473298696813951e-02 3.5531014683039347e-02 0.0000000000000000e+00
3.7543025457892829e-02 3.3721975723967935e-02 0.0000000000000000e+00
3.5739165800618942e-02 3.1235480764697805e-02 0.0000000000000000e+00
3.8457595870492467e-02 3.4599438817162674e-02 0.0000000000000000e+00
3.8437005823758807e-02 3.2858717439380528e-02 0.0000000000000000e+00
4.6263739636262444e-02 4.0404126504390264e-02 0.0000000000000000e+00
4.7701903437063077e-02 4.2763611804760217e-02 0.0000000000000000e+00
4.9203746760902681e-02 4.0185439820563468e-02 0.0000000000000000e+00
4.6678166223973777e-02 4.4024516149594677e-02 0.0000000000000000e+00
4.4068792137302637e-02 3.6770472870487222e-02 0.0000000000000000e+00
4.2991481834126578e-02 3.8975349352172138e-02 0.0000000000000000e+00
2.2077804840239256e-02 1.7514629412316643e-02 0.0000000000000000e+00
2.1878825363702920e-02 1.7764168678133060e-02 0.0000000000000000e+00
2.2423148349715670e-02 1.7573330905531332e-02 0.0000000000000000e+00
2.2155070264418850e-02 1.7798993018007428e-02 0.0000000000000000e+00
2.2243559527110320e-02 1.7374716449234315e-02 0.0000000000000000e+00
2.2673196071430396e-02 1.8901267525561892e-02 0.0000000000000000e+00
2.4075878878767543e-02 2.0019819599886989e-02 0.0000000000000000e+00
3.0304138087184219e-02 2.5193537628009615e-02 0.0000000000000000e+00
2.9521167569648270e-02 2.4087854602370670e-02 0.0000000000000000e+00
2.8297129369025828e-02 2.3586892781709917e-02 0.0000000000000000e+00
2.7260417069223750e-02 2.2588676449551946e-02 0.0000000000000000e+00
2.6219843872634610e-02 2.1864811622288042e-02 0.0000000000000000e+00
3.1533193799026478e-02 2.5834716051609453e-02 0.0000000000000000e+00
2.8929469761133260e-02 2.5015182663412256e-02 0.0000000000000000e+00
2.2123633649521614e-02 1.9210502977724777e-02 0.0000000000000000e+00
2.5163421354895365e-02 2.0969311306275714e-02 0.0000000000000000e+00
2.8173467016752250e-02 2.4599434935529955e-02 0.0000000000000000e+00
3.4090640024488354e-02 4.4427787056309169e-02 0.0000000000000000e+00
3.9772413361903083e-02 5.1832418232360705e-02 0.0000000000000000e+00
1.7827799144084298e-02 2.1590960554782809e-02 0.0000000000000000e+00
1.8375684430192146e-02 2.2304978561044918e-02 0.0000000000000000e+00
1.9278653582924948e-02 2.1612105960840556e-02 0.0000000000000000e+00
2.4043602092626602e-02 2.6377054470542210e-02 0.0000000000000000e+00
2.6052736546692063e-02 2.8386188924607671e-02 0.0000000000000000e+00
2.5716607002817343e-02 3.3514534749457398e-02 0.0000000000000000e+00
1.7582331089900916e-02 2.2913739990053642e-02 0.0000000000000000e+00
1.7045320012244177e-02 2.2213893528154584e-02 0.0000000000000000e+00
2.1649469046359133e-02 2.8214137369755522e-02 0.0000000000000000e+00
3.8547856238850223e-02 4.0620964776688112e-02 0.0000000000000000e+00
3.7471313956096056e-02 4.1616110226734088e-02 0.0000000000000000e+00
3.6369090706490276e-02 4.2582734073601747e-02 0.0000000000000000e+00
3.5241941898790881e-02 4.3520173841590383e-02 0.0000000000000000e+00
4.5435585487294636e-02 4.6947332361606947e-02 0.0000000000000000e+00
4.4661363732160932e-02 4.7684452749591939e-02 0.0000000000000000e+00
4.3875185050005205e-02 4.8408806856524017e-02 0.0000000000000000e+00
4.3077259919871165e-02 4.9120200755293213e-02 0.0000000000000000e+00
4.2267801965610682e-02 4.9818443988550717e-02 0.0000000000000000e+00
4.1447027898691487e-02 5.0503349619698844e-02 0.0000000000000000e+00
4.0615157460178374e-02 5.1174734282938526e-02 0.0000000000000000e+00
3.7878488916098164e-02 4.9364207840343517e-02 0.0000000000000000e+00
3.5984564470293259e-02 4.6895997448326343e-02 0.0000000000000000e+00
1.7963673050927512e-02 2.1768034877687942e-02 0.0000000000000000e+00
1.8142324460799816e-02 2.2000857927927386e-02 0.0000000000000000e+00
1.8675225866781549e-02 2.2075132332731891e-02 0.0000000000000000e+00
1.8976042779244421e-02 2.1844307397358615e-02 0.0000000000000000e+00
1.9688495007530418e-02 2.2021947385446026e-02 0.0000000000000000e+00
2.0253395871097282e-02 2.2586848249012890e-02 0.0000000000000000e+00
2.1035266549691393e-02 2.3368718927607002e-02 0.0000000000000000e+00
2.2028890667305876e-02 2.4362343045221484e-02 0.0000000000000000e+00
2.3036246379966239e-02 2.5369698757881847e-02 0.0000000000000000e+00
2.5048169319659336e-02 2.7381621697574944e-02 0.0000000000000000e+00
2.6834737431701564e-02 2.9599035584383381e-02 0.0000000000000000e+00
2.7046483406348850e-02 3.1026510994506245e-02 0.0000000000000000e+00
2.6650226018097117e-02 3.2414135758821384e-02 0.0000000000000000e+00
2.6554010304984443e-02 3.4605859980142574e-02 0.0000000000000000e+00
2.7391413607151551e-02 3.5697185210827757e-02 0.0000000000000000e+00
2.8228816909318645e-02 3.6788510441512927e-02 0.0000000000000000e+00
2.9066220211485756e-02 3.7879835672198110e-02 0.0000000000000000e+00
2.9903623513652843e-02 3.8971160902883273e-02 0.0000000000000000e+00
3.0741026815819961e-02 4.0062486133568470e-02 0.0000000000000000e+00
3.1578430117987062e-02 4.1153811364253647e-02 0.0000000000000000e+00
3.2415833420154160e-02 4.2245136594938816e-02 0.0000000000000000e+00
3.3253236722321257e-02 4.3336461825623999e-02 0.0000000000000000e+00
1.9626939556833450e-02 1.9969557922808572e-02 0.0000000000000000e+00
1.9453419854319910e-02 2.0138630935879236e-02 0.0000000000000000e+00
1.9278443756370476e-02 2.0306196254652433e-02 0.0000000000000000e+00
1.9102024362707054e-02 2.0472241334220015e-02 0.0000000000000000e+00
1.8924174881105014e-02 2.0636753743487720e-02 0.0000000000000000e+00
1.8744908626404388e-02 2.0799721166105813e-02 0.0000000000000000e+00
1.8564239019513037e-02 2.0961131401391244e-02 0.0000000000000000e+00
1.8382179586401828e-02 2.1120972365240957e-02 0.0000000000000000e+00
1.8198743957092117e-02 2.1279232091036639e-02 0.0000000000000000e+00
1.8013945864635200e-02 2.1435898730540602e-02 0.0000000000000000e+00
1.7978649318173761e-02 2.2609634317671882e-02 0.0000000000000000e+00
1.7354067283036078e-02 2.2616260805246060e-02 0.0000000000000000e+00
1.7178991245723609e-02 2.2388097271243957e-02 0.0000000000000000e+00
1.7203588067845117e-02 2.2091549461092527e-02 0.0000000000000000e+00
1.7360978019655644e-02 2.1968077799412344e-02 0.0000000000000000e+00
1.7517481834193892e-02 2.1843484845342039e-02 0.0000000000000000e+00
1.7673091523208076e-02 2.1717776958342469e-02 0.0000000000000000e+00
2.4903182420700470e-02 3.2454459195149929e-02 0.0000000000000000e+00
2.4089754077115142e-02 3.1394378738801333e-02 0.0000000000000000e+00
2.3276325733529803e-02 3.0334298282452727e-02 0.0000000000000000e+00
2.2462897389944468e-02 2.9274217826104128e-02 0.0000000000000000e+00
2.0792165755045975e-02 2.7096877968295938e-02 0.0000000000000000e+00
1.9934862463732807e-02 2.5979618566836345e-02 0.0000000000000000e+00
1.9088648081650877e-02 2.4876810513244033e-02 0.0000000000000000e+00
1.8419830606761018e-02 2.4005190610167985e-02 0.0000000000000000e+00
1.7934494798996579e-02 2.3372688671140979e-02 0.0000000000000000e+00
3.2659111067469930e-02 4.0274105134264236e-02 0.0000000000000000e+00
3.1024686132871938e-02 3.8014379985293424e-02 0.0000000000000000e+00
2.9236872994231593e-02 3.5758211190019998e-02 0.0000000000000000e+00
1.9915348579644040e-02 2.0780735923919796e-02 0.0000000000000000e+00
3.4450023794497617e-02 3.6503418360459602e-02 0.0000000000000000e+00
1.9210789006642571e-02 2.0766057387003368e-02 0.0000000000000000e+00
1.8909346664742775e-02 2.0979408950019082e-02 0.0000000000000000e+00
1.8558029028799061e-02 2.1264616679942536e-02 0.0000000000000000e+00
3.0113688807962301e-02 3.2392748737916206e-02 0.0000000000000000e+00
2.7419773275364941e-02 3.3778322021920999e-02 0.0000000000000000e+00
3.5443394211565581e-02 4.1501173604528631e-02 0.0000000000000000e+00
3.6505866231023296e-02 3.8496245878521351e-02 0.0000000000000000e+00
2.0313432945034942e-02 2.1127777310552490e-02 0.0000000000000000e+00
1.8230339528381424e-02 2.1595808154438890e-02 0.0000000000000000e+00
3.3502115347759910e-02 4.1349833237585641e-02 0.0000000000000000e+00
3.7520061023809524e-02 3.9551486066130188e-02 0.0000000000000000e+00
3.2277495038138419e-02 3.4532708792400495e-02 0.0000000000000000e+00
2.0682921697506487e-02 2.1855901774108292e-02 0.0000000000000000e+00
1.9987141690102319e-02 2.1579506559256199e-02 0.0000000000000000e+00
2.8270550057712247e-02 2.9909934661705776e-02 0.0000000000000000e+00
1.9755784808337892e-02 2.0204331792855568e-02 0.0000000000000000e+00
3.4361661544886374e-02 4.2428082256417227e-02 0.0000000000000000e+00
1.8968878250750072e-02 2.1298572631071353e-02 0.0000000000000000e+00
1.8426900485158108e-02 2.1859363883036272e-02 0.0000000000000000e+00
2.8688576730514507e-02 3.1221963162797916e-02 0.0000000000000000e+00
1.9556019659206995e-02 2.0514319800158450e-02 0.0000000000000000e+00
2.1472017025447331e-02 2.2543395318676242e-02 0.0000000000000000e+00
2.8306894880515306e-02 3.4699624896954474e-02 0.0000000000000000e+00
1.9515451586127344e-02 2.1192893217628059e-02 0.0000000000000000e+00
3.5504474051886885e-02 3.7469018882353509e-02 0.0000000000000000e+00
3.3359428007669202e-02 3.5558673078214122e-02 0.0000000000000000e+00
3.1227637511516550e-02 3.3462084723354088e-02 0.0000000000000000e+00
3.6489508284506054e-02 4.0537277020622257e-02 0.0000000000000000e+00
3.1840040540483540e-02 3.9166829415989611e-02 0.0000000000000000e+00
3.0150042912232580e-02 3.6859696237462915e-02 0.0000000000000000e+00
3.4540145228339529e-02 4.0425378625577386e-02 0.0000000000000000e+00
2.8122417327694112e-02 3.2730210544010416e-02 0.0000000000000000e+00
1.8650578416449893e-02 2.1593159337920820e-02 0.0000000000000000e+00
3.3662520184990552e-02 3.9380891189280426e-02 0.0000000000000000e+00
3.2350076238566255e-02 3.6972404132672845e-02 0.0000000000000000e+00
3.0222592341716384e-02 3.4639916224390083e-02 0.0000000000000000e+00
2.9178198971376329e-02 3.3592634362376819e-02 0.0000000000000000e+00
3.5531014683039354e-02 3.9473298696813951e-02 0.0000000000000000e+00
3.3721975723967942e-02 3.7543025457892829e-02 0.0000000000000000e+00
3.1235480764697808e-02 3.5739165800618942e-02 0.0000000000000000e+00
3.4599438817162681e-02 3.8457595870492467e-02 0.0000000000000000e+00
3.2858717439380535e-02 3.8437005823758801e-02 0.0000000000000000e+00
4.0404126504390264e-02 4.6263739636262444e-02 0.0000000000000000e+00
4.2763611804760231e-02 4.7701903437063077e-02 0.0000000000000000e+00
4.0185439820563482e-02 4.9203746760902667e-02 0.0000000000000000e+00
4.4024516149594677e-02 4.6678166223973770e-02 0.0000000000000000e+00
3.6770472870487229e-02 4.4068792137302630e-02 0.0000000000000000e+00
3.8975349352172145e-02 4.2991481834126571e-02 0.0000000000000000e+00
1.7514629412316643e-02 2.2077804840239253e-02 0.0000000000000000e+00
1.7764168678133064e-02 2.1878825363702916e-02 0.0000000000000000e+00
1.7573330905531336e-02 2.2423148349715670e-02 0.0000000000000000e+00
1.7798993018007428e-02 2.2155070264418847e-02 0.0000000000000000e+00
1.7374716449234322e-02 2.2243559527110317e-02 0.0000000000000000e+00
1.8901267525561895e-02 2.2673196071430392e-02 0.0000000000000000e+00
2.0019819599886995e-02 2.4075878878767547e-02 0.0000000000000000e+00
2.5193537628009618e-02 3.0304138087184213e-02 0.0000000000000000e+00
2.4087854602370673e-02 2.9521167569648267e-02 0.0000000000000000e+00
2.3586892781709924e-02 2.8297129369025828e-02 0.0000000000000000e+00
2.2588676449551953e-02 2.7260417069223747e-02 0.0000000000000000e+00
2.1864811622288045e-02 2.6219843872634610e-02 0.0000000000000000e+00
2.5834716051609457e-02 3.1533193799026478e-02 0.0000000000000000e+00
2.5015182663412260e-02 2.8929469761133253e-02 0.0000000000000000e+00
1.9210502977724780e-02 2.2123633649521614e-02 0.0000000000000000e+00
2.0969311306275721e-02 2.5163421354895365e-02 0.0000000000000000e+00
2.4599434935529955e-02 2.8173467016752246e-02 0.0000000000000000e+00
1.4000000000000002e-02 2.4248711305964284e-02 0.0000000000000000e+00
2.8000000000000004e-02 4.8497422611928569e-02 0.0000000000000000e+00
3.2666666666666670e-02 5.6580326380583336e-02 0.0000000000000000e+00
1.6241092463501833e-02 2.2808483412800250e-02 0.0000000000000000e+00
1.6788977749609676e-02 2.3522501419062362e-02 0.0000000000000000e+00
1.5886008596876885e-02 2.4215374019266735e-02 0.0000000000000000e+00
1.9255336000091657e-02 3.0051220268968833e-02 0.0000000000000000e+00
2.0676008596876877e-02 3.2511897387521645e-02 0.0000000000000000e+00
2.9259919624093141e-02 4.7747849203829164e-02 0.0000000000000000e+00
3.0499785960841529e-02 4.6965551804943745e-02 0.0000000000000000e+00
3.1718749267790655e-02 4.6151066562832868e-02 0.0000000000000000e+00
3.2915974128378517e-02 4.5304951684997041e-02 0.0000000000000000e+00
3.3588045953957160e-02 5.6038269186684447e-02 0.0000000000000000e+00
3.4500432909157386e-02 5.5481209193069828e-02 0.0000000000000000e+00
3.5403583264217137e-02 5.4909295538169964e-02 0.0000000000000000e+00
3.6297255223947375e-02 5.4322681337099624e-02 0.0000000000000000e+00
3.7181209530754711e-02 5.3721523640665306e-02 0.0000000000000000e+00
3.8055209528696433e-02 5.3105983393318852e-02 0.0000000000000000e+00
3.8919021226839018e-02 5.2476225390068798e-02 0.0000000000000000e+00
2.9555555555555568e-02 5.1191723868146834e-02 0.0000000000000000e+00
3.1111111111111117e-02 5.3886025124365078e-02 0.0000000000000000e+00
1.6376966370345039e-02 2.2985557735705382e-02 0.0000000000000000e+00
1.6555617780217344e-02 2.3218380785944827e-02 0.0000000000000000e+00
1.6489436313020283e-02 2.3752347647375400e-02 0.0000000000000000e+00
1.6188619400557408e-02 2.3983172582748666e-02 0.0000000000000000e+00
1.6175810247426571e-02 2.4717325202136112e-02 0.0000000000000000e+00
1.6575255478752837e-02 2.5409184637634304e-02 0.0000000000000000e+00
1.7128121537597664e-02 2.6366776741333905e-02 0.0000000000000000e+00
1.7830719889113361e-02 2.7583712783473241e-02 0.0000000000000000e+00
1.8543027944602507e-02 2.8817466526221035e-02 0.0000000000000000e+00
1.9965672298484276e-02 3.1281558828245244e-02 0.0000000000000000e+00
2.1645131786555187e-02 3.3581160052872164e-02 0.0000000000000000e+00
2.2969163260622927e-02 3.4155148780952056e-02 0.0000000000000000e+00
2.4412064816515332e-02 3.4131537252242508e-02 0.0000000000000000e+00
1.4142727387267438e-02 2.4495922392343040e-02 0.0000000000000000e+00
1.4342654504155858e-02 2.4842206316604547e-02 0.0000000000000000e+00
1.4606871066673521e-02 2.5299842827086340e-02 0.0000000000000000e+00
1.4959832215349548e-02 2.5911189469691089e-02 0.0000000000000000e+00
1.5454877311490783e-02 2.6768632728245527e-02 0.0000000000000000e+00
1.6137262842174389e-02 2.7950559137739386e-02 0.0000000000000000e+00
1.6878683914538492e-02 2.9234738104876215e-02 0.0000000000000000e+00
1.7620104986902588e-02 3.0518917072013031e-02 0.0000000000000000e+00
1.8361526059266685e-02 3.1803096039149846e-02 0.0000000000000000e+00
1.9102947131630788e-02 3.3087275006286672e-02 0.0000000000000000e+00
1.9844368203994881e-02 3.4371453973423484e-02 0.0000000000000000e+00
2.0585789276358984e-02 3.5655632940560310e-02 0.0000000000000000e+00
2.1327210348723077e-02 3.6939811907697122e-02 0.0000000000000000e+00
2.2068631421087177e-02 3.8223990874833941e-02 0.0000000000000000e+00
2.2810052493451274e-02 3.9508169841970760e-02 0.0000000000000000e+00
2.3551473565815370e-02 4.0792348809107579e-02 0.0000000000000000e+00
2.4292894638179480e-02 4.2076527776244411e-02 0.0000000000000000e+00
2.5034315710543580e-02 4.3360706743381237e-02 0.0000000000000000e+00
2.5775736782907687e-02 4.4644885710518070e-02 0.0000000000000000e+00
2.6517157855271790e-02 4.5929064677654903e-02 0.0000000000000000e+00
2.7258578927635894e-02 4.7213243644791729e-02 0.0000000000000000e+00
1.4209285982831756e-02 2.4126669721660741e-02 0.0000000000000000e+00
1.4417508176396247e-02 2.4002821875428473e-02 0.0000000000000000e+00
1.4624650991976676e-02 2.3877177039233005e-02 0.0000000000000000e+00
1.4830698921664756e-02 2.3749744619572900e-02 0.0000000000000000e+00
1.5035636539521693e-02 2.3620534156775553e-02 0.0000000000000000e+00
1.5239448502732995e-02 2.3489555324282940e-02 0.0000000000000000e+00
1.5442119552757254e-02 2.3356817927927438e-02 0.0000000000000000e+00
1.5643634516468375e-02 2.3222331905197621e-02 0.0000000000000000e+00
1.5843978307291572e-02 2.3086107324494409e-02 0.0000000000000000e+00
1.6043135926332840e-02 2.2948154384377157e-02 0.0000000000000000e+00
1.7186012861628071e-02 2.3217845662435403e-02 0.0000000000000000e+00
1.6886181931154827e-02 2.2335103755925123e-02 0.0000000000000000e+00
1.6726181947286780e-02 2.2455173957604022e-02 0.0000000000000000e+00
1.6565328227342933e-02 2.2574098004580288e-02 0.0000000000000000e+00
1.6403628981602473e-02 2.2691869826744811e-02 0.0000000000000000e+00
3.0448998339487256e-02 4.1969984276921148e-02 0.0000000000000000e+00
2.8689291758645846e-02 3.9806391116211357e-02 0.0000000000000000e+00
2.6972720140188384e-02 3.7495556779836951e-02 0.0000000000000000e+00
1.4918178015939842e-02 2.4615199760984061e-02 0.0000000000000000e+00
2.6343272279951500e-02 4.2723947582410153e-02 0.0000000000000000e+00
1.5086353073942209e-02 2.3930848388354534e-02 0.0000000000000000e+00
1.5370453877822196e-02 2.3694896892987316e-02 0.0000000000000000e+00
1.5736871085075165e-02 2.3429367307513108e-02 0.0000000000000000e+00
2.3494996408654621e-02 3.7471450041036213e-02 0.0000000000000000e+00
2.5530594073624704e-02 3.5227940208544840e-02 0.0000000000000000e+00
3.0913629960890775e-02 4.4976983963253704e-02 0.0000000000000000e+00
2.7736104670684075e-02 4.5225520601910124e-02 0.0000000000000000e+00
1.5150362438758813e-02 2.5089540650856359e-02 0.0000000000000000e+00
1.6141589767326169e-02 2.3198562217231194e-02 0.0000000000000000e+00
3.1269886333708363e-02 4.3062682803417060e-02 0.0000000000000000e+00
2.8492895493016680e-02 4.6478273802860952e-02 0.0000000000000000e+00
2.5002004830226882e-02 4.0115388779707675e-02 0.0000000000000000e+00
1.5758045936769431e-02 2.5634891857765248e-02 0.0000000000000000e+00
1.5671149777598849e-02 2.4891283633619039e-02 0.0000000000000000e+00
2.1573821581900101e-02 3.5048515152363652e-02 0.0000000000000000e+00
1.4402712522287609e-02 2.4311888626544178e-02 0.0000000000000000e+00
3.2088927982206868e-02 4.4172012055546779e-02 0.0000000000000000e+00
1.5663334411920228e-02 2.3835005628553070e-02 0.0000000000000000e+00
1.6345291333107432e-02 2.3456638763828756e-02 0.0000000000000000e+00
2.2732950531650267e-02 3.5791875875500999e-02 0.0000000000000000e+00
1.4753840969524170e-02 2.4199161109849526e-02 0.0000000000000000e+00
1.6217880807602121e-02 2.6575035837146578e-02 0.0000000000000000e+00
2.6190900347719072e-02 3.6323284608384958e-02 0.0000000000000000e+00
1.5419792348427424e-02 2.4335603084280549e-02 0.0000000000000000e+00
2.7003058953201427e-02 4.3992384123586685e-02 0.0000000000000000e+00
2.5712985372705596e-02 4.1425994874054656e-02 0.0000000000000000e+00
2.4239584514222236e-02 3.8824206381605282e-02 0.0000000000000000e+00
2.9711823111197043e-02 4.5737977770127121e-02 0.0000000000000000e+00
2.9591443178049254e-02 4.0892238857283755e-02 0.0000000000000000e+00
2.7800327228591368e-02 3.8662696495598253e-02 0.0000000000000000e+00
3.0108269846258053e-02 4.3826076213608067e-02 0.0000000000000000e+00
2.4336338465610063e-02 3.5635371033504178e-02 0.0000000000000000e+00
1.6030265379317437e-02 2.3603796248265672e-02 0.0000000000000000e+00
2.9326518531981996e-02 4.2708022277555269e-02 0.0000000000000000e+00
2.7339784170685923e-02 4.0816936454014345e-02 0.0000000000000000e+00
2.5637407211222301e-02 3.8158252519898017e-02 0.0000000000000000e+00
2.4896119508122403e-02 3.6878389499202011e-02 0.0000000000000000e+00
2.8932175368287329e-02 4.4536766192359765e-02 0.0000000000000000e+00
2.7535888330958890e-02 4.2289777264545088e-02 0.0000000000000000e+00
2.6437045952007621e-02 3.9421134332453887e-02 0.0000000000000000e+00
2.8192191352555362e-02 4.3374049768745433e-02 0.0000000000000000e+00
2.8622834739437934e-02 4.1687312937337941e-02 0.0000000000000000e+00
3.4229983495311388e-02 5.1001326194770304e-02 0.0000000000000000e+00
3.5008463320563565e-02 5.3652638164771296e-02 0.0000000000000000e+00
3.7126412585159932e-02 5.1551020915590481e-02 0.0000000000000000e+00
3.3693263048611748e-02 5.4605615547999302e-02 0.0000000000000000e+00
3.3050285782477588e-02 4.6923392090263284e-02 0.0000000000000000e+00
3.1439019912153837e-02 4.8774310803752982e-02 0.0000000000000000e+00
1.6792402223136577e-02 2.2631989253949311e-02 0.0000000000000000e+00
1.6535617293354461e-02 2.2821525997362466e-02 0.0000000000000000e+00
1.7110785373461234e-02 2.2778072019642149e-02 0.0000000000000000e+00
1.6793436174944026e-02 2.2926661168048326e-02 0.0000000000000000e+00
1.6988721095516225e-02 2.2539744179252696e-02 0.0000000000000000e+00
1.7008617637717247e-02 2.4125477409168945e-02 0.0000000000000000e+00
1.8074002607641585e-02 2.5568956770585492e-02 0.0000000000000000e+00
2.2750982270205562e-02 3.2178376732859872e-02 0.0000000000000000e+00
2.2280862650976611e-02 3.0907721261013696e-02 0.0000000000000000e+00
2.1228191000687235e-02 3.0107024902198576e-02 0.0000000000000000e+00
2.0485161213771738e-02 2.8874501079262836e-02 0.0000000000000000e+00
1.9667394692417860e-02 2.7905981186765873e-02 0.0000000000000000e+00
2.3772209736885652e-02 3.3115810557191080e-02 0.0000000000000000e+00
2.1469316293117761e-02 3.1650308722827224e-02 0.0000000000000000e+00
1.6397745076796942e-02 2.4281938697554593e-02 0.0000000000000000e+00
1.8878741435739518e-02 2.6767572036813472e-02 0.0000000000000000e+00
2.0846677147508774e-02 3.1053059346849130e-02 0.0000000000000000e+00
2.1430272212445034e-02 5.1737253820632059e-02 0.0000000000000000e+00
2.5001984247852542e-02 6.0360129457404064e-02 0.0000000000000000e+00
1.1632179825530095e-02 2.5469440365004700e-02 0.0000000000000000e+00
1.1976594914658675e-02 2.6300931944264853e-02 0.0000000000000000e+00
1.3028124764388241e-02 2.5865374019266731e-02 0.0000000000000000e+00
1.6397452167603015e-02 3.1701220268968829e-02 0.0000000000000000e+00
1.7818124764388234e-02 3.4161897387521643e-02 0.0000000000000000e+00
1.6166134987637769e-02 3.9028502338309304e-02 0.0000000000000000e+00
1.1052715382147391e-02 2.6683615376629947e-02 0.0000000000000000e+00
1.0715136106222517e-02 2.5868626910316026e-02 0.0000000000000000e+00
1.3609425184892585e-02 3.2856058857469631e-02 0.0000000000000000e+00
2.6720890574538077e-02 4.9213758309070058e-02 0.0000000000000000e+00
2.5423467985414623e-02 4.9896365354548611e-02 0.0000000000000000e+00
2.4108621421264520e-02 5.0544775923592203e-02 0.0000000000000000e+00
2.2777252012244793e-02 5.1158545627985656e-02 0.0000000000000000e+00
3.1736541722800896e-02 5.7107235652948243e-02 0.0000000000000000e+00
3.0797920139298520e-02 5.7618855937425863e-02 0.0000000000000000e+00
2.9851053207854156e-02 5.8115050260894606e-02 0.0000000000000000e+00
2.8896194427641412e-02 5.8595685780135652e-02 0.0000000000000000e+00
2.7933599437445090e-02 5.9060633817398317e-02 0.0000000000000000e+00
2.6963525947220440e-02 5.9509769894850170e-02 0.0000000000000000e+00
2.5986233669098038e-02 5.9942973767902787e-02 0.0000000000000000e+00
2.3811413569383367e-02 5.7485837578480053e-02 0.0000000000000000e+00
2.2620842890914199e-02 5.4611545699556056e-02 0.0000000000000000e+00
1.1717593734102267e-02 2.5675647781494924e-02 0.0000000000000000e+00
1.1829898705260050e-02 2.5946775965985967e-02 0.0000000000000000e+00
1.2325418305636503e-02 2.6156444564848870e-02 0.0000000000000000e+00
1.2675727019728092e-02 2.6011341944454650e-02 0.0000000000000000e+00
1.3317926414937925e-02 2.6367325202136107e-02 0.0000000000000000e+00
1.3717371646264191e-02 2.7059184637634303e-02 0.0000000000000000e+00
1.4270237705109014e-02 2.8016776741333901e-02 0.0000000000000000e+00
1.4972836056624715e-02 2.9233712783473233e-02 0.0000000000000000e+00
1.5685144112113865e-02 3.0467466526221031e-02 0.0000000000000000e+00
1.7107788465995626e-02 3.2931558828245236e-02 0.0000000000000000e+00
1.8259571801060887e-02 3.5535814021854920e-02 0.0000000000000000e+00
1.8094644884030123e-02 3.6969453277847689e-02 0.0000000000000000e+00
1.7352745922399264e-02 3.8207236916055827e-02 0.0000000000000000e+00
1.6692548710118497e-02 4.0299377486541582e-02 0.0000000000000000e+00
1.7218962432599228e-02 4.1570252634773860e-02 0.0000000000000000e+00
1.7745376155079949e-02 4.2841127783006125e-02 0.0000000000000000e+00
1.8271789877560680e-02 4.4112002931238403e-02 0.0000000000000000e+00
1.8798203600041401e-02 4.5382878079470675e-02 0.0000000000000000e+00
1.9324617322522136e-02 4.6653753227702960e-02 0.0000000000000000e+00
1.9851031045002861e-02 4.7924628375935238e-02 0.0000000000000000e+00
2.0377444767483585e-02 4.9195503524167510e-02 0.0000000000000000e+00
2.0903858489964310e-02 5.0466378672399781e-02 0.0000000000000000e+00
1.3789665896259158e-02 2.4368937491600805e-02 0.0000000000000000e+00
1.3578299418435779e-02 2.4487339277743238e-02 0.0000000000000000e+00
1.3365916390645957e-02 2.4603907800149594e-02 0.0000000000000000e+00
1.3152532713110546e-02 2.4718634331826608e-02 0.0000000000000000e+00
1.2938164360964831e-02 2.4831510283683109e-02 0.0000000000000000e+00
1.2722827383062549e-02 2.4942527205172968e-02 0.0000000000000000e+00
1.2506537900774351e-02 2.5051676784927892e-02 0.0000000000000000e+00
1.2289312106780836e-02 2.5158950851379515e-02 0.0000000000000000e+00
1.2071166263860376e-02 2.5264341373371271e-02 0.0000000000000000e+00
1.1852116703671449e-02 2.5367840460759607e-02 0.0000000000000000e+00
1.1514237734001367e-02 2.6492446559153702e-02 0.0000000000000000e+00
1.0909222754439360e-02 2.6337193528716663e-02 0.0000000000000000e+00
1.0799165356432537e-02 2.6071491465809102e-02 0.0000000000000000e+00
1.0899676283214976e-02 2.5791414403268410e-02 0.0000000000000000e+00
1.1083660120040445e-02 2.5712885453473031e-02 0.0000000000000000e+00
1.1267078225814671e-02 2.5633044069196562e-02 0.0000000000000000e+00
1.1449921238529365e-02 2.5551894325694803e-02 0.0000000000000000e+00
1.5654794918735074e-02 3.7794018208979617e-02 0.0000000000000000e+00
1.5143452485274458e-02 3.6559528371102136e-02 0.0000000000000000e+00
1.4632110051813830e-02 3.5325038533224634e-02 0.0000000000000000e+00
1.4120767618353208e-02 3.4090548695347125e-02 0.0000000000000000e+00
1.3070501806268167e-02 3.1554982727714634e-02 0.0000000000000000e+00
1.2531578427643745e-02 3.0253906597959623e-02 0.0000000000000000e+00
1.1999625828775697e-02 2.8969659419232768e-02 0.0000000000000000e+00
1.1579189587712636e-02 2.7954636543945161e-02 0.0000000000000000e+00
1.1274094744454559e-02 2.7218072435541415e-02 0.0000000000000000e+00
2.1122573410503557e-02 4.7354598220246721e-02 0.0000000000000000e+00
2.0128700060295313e-02 4.4748851037676500e-02 0.0000000000000000e+00
1.8985744630286454e-02 4.2106839240489774e-02 0.0000000000000000e+00
1.3858299304270922e-02 2.5227121020474464e-02 0.0000000000000000e+00
2.3828387816346202e-02 4.4175916804453479e-02 0.0000000000000000e+00
1.3181546101457817e-02 2.5030589206672671e-02 0.0000000000000000e+00
1.2835155710468888e-02 2.5158651972384712e-02 0.0000000000000000e+00
1.2421991740365389e-02 2.5343213789512428e-02 0.0000000000000000e+00
2.0703729447849498e-02 3.9082988772237148e-02 0.0000000000000000e+00
1.7742994106786758e-02 3.9724113145739842e-02 0.0000000000000000e+00
2.3494395717337628e-02 4.9260480850949993e-02 0.0000000000000000e+00
2.5298397405288629e-02 4.6632931547791683e-02 0.0000000000000000e+00
1.4152998353544562e-02 2.5665369073934869e-02 0.0000000000000000e+00
1.2019749327732986e-02 2.5578307904587001e-02 0.0000000000000000e+00
2.1658434096016286e-02 4.8611857340151811e-02 0.0000000000000000e+00
2.6004918090818018e-02 4.7914708225758051e-02 0.0000000000000000e+00
2.2239943350802645e-02 4.1710065718371554e-02 0.0000000000000000e+00
1.4321444603706854e-02 2.6464314024127099e-02 0.0000000000000000e+00
1.3720909070718495e-02 2.6017255630720975e-02 0.0000000000000000e+00
1.9565993695920696e-02 3.6207735122820293e-02 0.0000000000000000e+00
1.3853356903421423e-02 2.4629059240977403e-02 0.0000000000000000e+00
2.2209620585272566e-02 4.9875832840573862e-02 0.0000000000000000e+00
1.2810053167711931e-02 2.5482348322970437e-02 0.0000000000000000e+00
1.2141399390316802e-02 2.5883756908643023e-02 0.0000000000000000e+00
1.9630198491458129e-02 3.7583250601134585e-02 0.0000000000000000e+00
1.3580167786640037e-02 2.4876781637928322e-02 0.0000000000000000e+00
1.4905715737649736e-02 2.7332614693504811e-02 0.0000000000000000e+00
1.8361437045894134e-02 4.0843627353303880e-02 0.0000000000000000e+00
1.3365354313188185e-02 2.5521733436959328e-02 0.0000000000000000e+00
2.4596992747468578e-02 4.5381527095154590e-02 0.0000000000000000e+00
2.3019471251622473e-02 4.2981095976928056e-02 0.0000000000000000e+00
2.1502956751128979e-02 4.0404199157298974e-02 0.0000000000000000e+00
2.4754339111059502e-02 4.8600182492109782e-02 0.0000000000000000e+00
2.0617996079004251e-02 4.6073060955476239e-02 0.0000000000000000e+00
1.9582713729700000e-02 4.3407137861279484e-02 0.0000000000000000e+00
2.2900360426048490e-02 4.7987564657660499e-02 0.0000000000000000e+00
1.8692967355493716e-02 3.8893572863066800e-02 0.0000000000000000e+00
1.2426354487091180e-02 2.5684515172027921e-02 0.0000000000000000e+00
2.2322972971763611e-02 4.6751521192029161e-02 0.0000000000000000e+00
2.1678611788488594e-02 4.4085415852804843e-02 0.0000000000000000e+00
2.0227312440642110e-02 4.1281772192033883e-02 0.0000000000000000e+00
1.9489562402905027e-02 3.9999866699288344e-02 0.0000000000000000e+00
2.4103883240847845e-02 4.7324381951863101e-02 0.0000000000000000e+00
2.2856077266002191e-02 4.4991667442654419e-02 0.0000000000000000e+00
2.0921180801900172e-02 4.2605720561682096e-02 0.0000000000000000e+00
2.3466933288466427e-02 4.6102178784037627e-02 0.0000000000000000e+00
2.1790854649527382e-02 4.5631758481345965e-02 0.0000000000000000e+00
2.7053452363712129e-02 5.5144698375446853e-02 0.0000000000000000e+00
2.8960315970464667e-02 5.7144537665449427e-02 0.0000000000000000e+00
2.6081287411344332e-02 5.7927926907926024e-02 0.0000000000000000e+00
3.0443218729548045e-02 5.6482029510488932e-02 0.0000000000000000e+00
2.4111706690667006e-02 5.2084083135092885e-02 0.0000000000000000e+00
2.6520282252050977e-02 5.1614145315886518e-02 0.0000000000000000e+00
1.1203676520528241e-02 2.5858641542777207e-02 0.0000000000000000e+00
1.1496212620165668e-02 2.5731027641983466e-02 0.0000000000000000e+00
1.1170996331511003e-02 2.6207410821941703e-02 0.0000000000000000e+00
1.1458352908016049e-02 2.6006872928358259e-02 0.0000000000000000e+00
1.1025630506277159e-02 2.5982536136151996e-02 0.0000000000000000e+00
1.2388967495909269e-02 2.6792633662103674e-02 0.0000000000000000e+00
1.3106364807772369e-02 2.8437023791576546e-02 0.0000000000000000e+00
1.6491800568099978e-02 3.5792116973477305e-02 0.0000000000000000e+00
1.5626440459637965e-02 3.4749653704484483e-02 0.0000000000000000e+00
1.5459352897331059e-02 3.3437665134082632e-02 0.0000000000000000e+00
1.4763470849356941e-02 3.2177920551377401e-02 0.0000000000000000e+00
1.4333591279060937e-02 3.0985454023272033e-02 0.0000000000000000e+00
1.6793028340997562e-02 3.7145242814830295e-02 0.0000000000000000e+00
1.6675313245029709e-02 3.4418127673136747e-02 0.0000000000000000e+00
1.2829903226820238e-02 2.6341833150064654e-02 0.0000000000000000e+00
1.3742026663640682e-02 2.9733255693235060e-02 0.0000000000000000e+00
1.6469399685842771e-02 3.3580281667659674e-02 0.0000000000000000e+00
7.2469332628705861e-03 2.7045923136093913e-02 0.0000000000000000e+00
1.4493866525741172e-02 5.4091846272187827e-02 0.0000000000000000e+00
1.6909510946698035e-02 6.3107153984219136e-02 0.0000000000000000e+00
9.7844207605075235e-03 2.6234807229734879e-02 0.0000000000000000e+00
1.0128835849636104e-02 2.7066298808995033e-02 0.0000000000000000e+00
9.0773059999065455e-03 2.7501856733993170e-02 0.0000000000000000e+00
1.0821398202182151e-02 3.4010897445970426e-02 0.0000000000000000e+00
1.1556792451988689e-02 3.6755426149842424e-02 0.0000000000000000e+00
1.5904859303419675e-02 5.3693905152618807e-02 0.0000000000000000e+00
1.7304951684997075e-02 5.3259164912528606e-02 0.0000000000000000e+00
1.8693184117091199e-02 5.2787923501161980e-02 0.0000000000000000e+00
2.0068605174536847e-02 5.2280503883843282e-02 0.0000000000000000e+00
1.7939789721415592e-02 6.2822037448620180e-02 0.0000000000000000e+00
1.8965265580624887e-02 6.2520101934504302e-02 0.0000000000000000e+00
1.9985663979641518e-02 6.2201428277309727e-02 0.0000000000000000e+00
2.1000711733139922e-02 6.1866101793680239e-02 0.0000000000000000e+00
2.2010137088291741e-02 6.1514212258624024e-02 0.0000000000000000e+00
2.3013669797520623e-02 6.1145853881478598e-02 0.0000000000000000e+00
2.4011041190854013e-02 6.0761125280688791e-02 0.0000000000000000e+00
1.5299081332726797e-02 5.7096948842864932e-02 0.0000000000000000e+00
1.6104296139712412e-02 6.0102051413542031e-02 0.0000000000000000e+00
9.8698346690796919e-03 2.6441014646225103e-02 0.0000000000000000e+00
9.9821396402374786e-03 2.6712142830716146e-02 0.0000000000000000e+00
9.7800124586582809e-03 2.7210786188411027e-02 0.0000000000000000e+00
9.4297037445666906e-03 2.7355888808805240e-02 0.0000000000000000e+00
9.2273183728353528e-03 2.8061710531527447e-02 0.0000000000000000e+00
9.4340864395205913e-03 2.8833379461779551e-02 0.0000000000000000e+00
9.7202709703602154e-03 2.9901434671213284e-02 0.0000000000000000e+00
1.0083962639220012e-02 3.1258750457687563e-02 0.0000000000000000e+00
1.0452680420701081e-02 3.2634823951828991e-02 0.0000000000000000e+00
1.1189095327085423e-02 3.5383161797906432e-02 0.0000000000000000e+00
1.2216148027744811e-02 3.8039082111930425e-02 0.0000000000000000e+00
1.3346505008865174e-02 3.8936197210185507e-02 0.0000000000000000e+00
1.4746351999808345e-02 3.9286840627679800e-02 0.0000000000000000e+00
7.3208143950356562e-03 2.7321651275054665e-02 0.0000000000000000e+00
7.4243042860019787e-03 2.7707880806210741e-02 0.0000000000000000e+00
7.5610728428241632e-03 2.8218308009149009e-02 0.0000000000000000e+00
7.7437789777413989e-03 2.8900176587514665e-02 0.0000000000000000e+00
8.0000331758733195e-03 2.9856530274595811e-02 0.0000000000000000e+00
8.3532619187599352e-03 3.1174797889742346e-02 0.0000000000000000e+00
8.7370497066962642e-03 3.2607113413645195e-02 0.0000000000000000e+00
9.1208374946325881e-03 3.4039428937548029e-02 0.0000000000000000e+00
9.5046252825689119e-03 3.5471744461450863e-02 0.0000000000000000e+00
9.8884130705052409e-03 3.6904059985353704e-02 0.0000000000000000e+00
1.0272200858441565e-02 3.8336375509256539e-02 0.0000000000000000e+00
1.0655988646377892e-02 3.9768691033159380e-02 0.0000000000000000e+00
1.1039776434314214e-02 4.1201006557062207e-02 0.0000000000000000e+00
1.1423564222250542e-02 4.2633322080965048e-02 0.0000000000000000e+00
1.1807352010186867e-02 4.4065637604867876e-02 0.0000000000000000e+00
1.2191139798123194e-02 4.5497953128770717e-02 0.0000000000000000e+00
1.2574927586059525e-02 4.6930268652673572e-02 0.0000000000000000e+00
1.2958715373995853e-02 4.8362584176576413e-02 0.0000000000000000e+00
1.3342503161932183e-02 4.9794899700479268e-02 0.0000000000000000e+00
1.3726290949868512e-02 5.1227215224382124e-02 0.0000000000000000e+00
1.4110078737804843e-02 5.2659530748284965e-02 0.0000000000000000e+00
7.4806746850803090e-03 2.6982207216163741e-02 0.0000000000000000e+00
7.7138560607506509e-03 2.6916471252265230e-02 0.0000000000000000e+00
7.9464599325761963e-03 2.6848720165772545e-02 0.0000000000000000e+00
8.1784688864868400e-03 2.6778959028923566e-02 0.0000000000000000e+00
8.4098655529514770e-03 2.6707193064440159e-02 0.0000000000000000e+00
8.6406326082783345e-03 2.6633427645137171e-02 0.0000000000000000e+00
8.8707527759120143e-03 2.6557668293520229e-02 0.0000000000000000e+00
9.1002088277268578e-03 2.6479920681372181e-02 0.0000000000000000e+00
9.3289835853167333e-03 2.6400190629328631e-02 0.0000000000000000e+00
9.5570599212811656e-03 2.6318484106442018e-02 0.0000000000000000e+00
1.0591193030293416e-02 2.6874784194106188e-02 0.0000000000000000e+00
1.0530049008344000e-02 2.5944519033542977e-02 0.0000000000000000e+00
1.0344424436776221e-02 2.6019086899271217e-02 0.0000000000000000e+00
1.0158271866149662e-02 2.6092326701415348e-02 0.0000000000000000e+00
9.9716007980448825e-03 2.6164234701676843e-02 0.0000000000000000e+00
1.8548842627223158e-02 4.8420672416578589e-02 0.0000000000000000e+00
1.7409075709942864e-02 4.5875356328152608e-02 0.0000000000000000e+00
1.6349082787330514e-02 4.3198980335233769e-02 0.0000000000000000e+00
8.0389709296284171e-03 2.7637565757153971e-02 0.0000000000000000e+00
1.4387875727880518e-02 4.8086304947243114e-02 0.0000000000000000e+00
8.3785387302691364e-03 2.7020059999996970e-02 0.0000000000000000e+00
8.7140277747277568e-03 2.6865679055643327e-02 0.0000000000000000e+00
9.1366837321690177e-03 2.6704032923080306e-02 0.0000000000000000e+00
1.2996098901460605e-02 4.2275593878312583e-02 0.0000000000000000e+00
1.5542998330512463e-02 4.0635381233436178e-02 0.0000000000000000e+00
1.8219373522607208e-02 5.1445466585826424e-02 0.0000000000000000e+00
1.5085793765619849e-02 5.0863130482483324e-02 0.0000000000000000e+00
8.1404754039214548e-03 2.8155837623748247e-02 0.0000000000000000e+00
9.5873487128085057e-03 2.6585841228413377e-02 0.0000000000000000e+00
1.9058948352119354e-02 4.9688599590469430e-02 0.0000000000000000e+00
1.5492561178790236e-02 5.2269069031226509e-02 0.0000000000000000e+00
1.3767455556639868e-02 4.5219485069754289e-02 0.0000000000000000e+00
8.5863053102419266e-03 2.8839886501579124e-02 0.0000000000000000e+00
8.6948300363976373e-03 2.8099125732295741e-02 0.0000000000000000e+00
1.1767488213713803e-02 3.9437981859791318e-02 0.0000000000000000e+00
7.6195721949335734e-03 2.7211177412147083e-02 0.0000000000000000e+00
1.9562966295469927e-02 5.0972112942323046e-02 0.0000000000000000e+00
8.9606658374807319e-03 2.7076816761979362e-02 0.0000000000000000e+00
9.7173141906984149e-03 2.6887845874672852e-02 0.0000000000000000e+00
1.2694724889747684e-02 4.0456017828443637e-02 0.0000000000000000e+00
7.9879122586918334e-03 2.7193169721860380e-02 0.0000000000000000e+00
8.7871445208051579e-03 2.9867009873867489e-02 0.0000000000000000e+00
1.5897309222295909e-02 4.1864302517259158e-02 0.0000000000000000e+00
8.5958581130931647e-03 2.7497323448725630e-02 0.0000000000000000e+00
1.4696885181053517e-02 4.9482285918116223e-02 0.0000000000000000e+00
1.4115000206764639e-02 4.6669448649466691e-02 0.0000000000000000e+00
1.3365196678253550e-02 4.3774969746822247e-02 0.0000000000000000e+00
1.6861557557853020e-02 5.1869479656296097e-02 0.0000000000000000e+00
1.7999448989696867e-02 4.7157698673579954e-02 0.0000000000000000e+00
1.6846411861304290e-02 4.4540551205915824e-02 0.0000000000000000e+00
1.7739332233184718e-02 5.0125332530934583e-02 0.0000000000000000e+00
1.4283985138479260e-02 4.0719833093615994e-02 0.0000000000000000e+00
9.3749353263796586e-03 2.6948454372879762e-02 0.0000000000000000e+00
1.7273592101092354e-02 4.8843043230248469e-02 0.0000000000000000e+00
1.5844003098596328e-02 4.6502189903298137e-02 0.0000000000000000e+00
1.4887751264428361e-02 4.3493490848342455e-02 0.0000000000000000e+00
1.4502975252172234e-02 4.2065378727077281e-02 0.0000000000000000e+00
1.6419372101092386e-02 5.0507410686156939e-02 0.0000000000000000e+00
1.5652225919477132e-02 4.7975600371704778e-02 0.0000000000000000e+00
1.5333285111051120e-02 4.4920302741957956e-02 0.0000000000000000e+00
1.6005535583740665e-02 4.9192790907594520e-02 0.0000000000000000e+00
1.6858064769095280e-02 4.7674986950157698e-02 0.0000000000000000e+00
1.9863510546877197e-02 5.8122869788653338e-02 0.0000000000000000e+00
1.9929254282988744e-02 6.0885325899029993e-02 0.0000000000000000e+00
2.2518974746036272e-02 5.9403485127310078e-02 0.0000000000000000e+00
1.8412219677236698e-02 6.1465432486854155e-02 0.0000000000000000e+00
1.9779457069756402e-02 5.3878559683659760e-02 0.0000000000000000e+00
1.7744040738604763e-02 5.5249383577417724e-02 0.0000000000000000e+00
1.0362625145283917e-02 2.6207016429055954e-02 0.0000000000000000e+00
1.0065534230863508e-02 2.6323634034226519e-02 0.0000000000000000e+00
1.0632350650915220e-02 2.6430525168158161e-02 0.0000000000000000e+00
1.0287357162612231e-02 2.6491915247585714e-02 0.0000000000000000e+00
1.0576129396451755e-02 2.6168725592143435e-02 0.0000000000000000e+00
1.0184930020063310e-02 2.7705575876577633e-02 0.0000000000000000e+00
1.0840412927506407e-02 2.9375611792067519e-02 0.0000000000000000e+00
1.3647384609288290e-02 3.6970312640647582e-02 0.0000000000000000e+00
1.3522153763507383e-02 3.5621277793143044e-02 0.0000000000000000e+00
1.2712586496896133e-02 3.4575413029813512e-02 0.0000000000000000e+00
1.2313875474930729e-02 3.3192576177791137e-02 0.0000000000000000e+00
1.1774645065819307e-02 3.2045404250179994e-02 0.0000000000000000e+00
1.4391188866610139e-02 3.8140117299764638e-02 0.0000000000000000e+00
1.2546064399449009e-02 3.6128518547389715e-02 0.0000000000000000e+00
9.5543772756435628e-03 2.7698600422947067e-02 0.0000000000000000e+00
1.1307506486333368e-02 3.0741666968546702e-02 0.0000000000000000e+00
1.2099220681425453e-02 3.5390469081287484e-02 0.0000000000000000e+00
7.3094667643229007e-03 5.5520912236933374e-02 0.0000000000000000e+00
8.5277112250433853e-03 6.4774397609755618e-02 0.0000000000000000e+00
4.6438466749520761e-03 2.7612219904591818e-02 0.0000000000000000e+00
4.7613202479501225e-03 2.8504520279828242e-02 0.0000000000000000e+00
5.8897507731526209e-03 2.8355959582831484e-02 0.0000000000000000e+00
7.6338429754282304e-03 3.4865000294808747e-02 0.0000000000000000e+00
8.3692372252347682e-03 3.7609528998680745e-02 0.0000000000000000e+00
5.5139675888519228e-03 4.1882741990455108e-02 0.0000000000000000e+00
3.7698753865763146e-03 2.8635046472048297e-02 0.0000000000000000e+00
3.6547333821614512e-03 2.7760456118466687e-02 0.0000000000000000e+00
4.6419214877141193e-03 3.5258894231251711e-02 0.0000000000000000e+00
1.3072940375930712e-02 5.4452715542269881e-02 0.0000000000000000e+00
1.1643054685794527e-02 5.4776265641093121e-02 0.0000000000000000e+00
1.0205189427560253e-02 5.5062274823581454e-02 0.0000000000000000e+00
8.7603300422529132e-03 5.5310547073327707e-02 0.0000000000000000e+00
1.5874705087013257e-02 6.3375375208710213e-02 0.0000000000000000e+00
1.4835649184912394e-02 6.3626629312785801e-02 0.0000000000000000e+00
1.3792621420785732e-02 6.3860849029646713e-02 0.0000000000000000e+00
1.2745901038387047e-02 6.4077971653011059e-02 0.0000000000000000e+00
1.1695768270073329e-02 6.4277939053902416e-02 0.0000000000000000e+00
1.0642504261779784e-02 6.4460697696212099e-02 0.0000000000000000e+00
9.5863909977502819e-03 6.4626198651032377e-02 0.0000000000000000e+00
8.1216297381365571e-03 6.1689902485481521e-02 0.0000000000000000e+00
7.7155482512297280e-03 5.8605407361207451e-02 0.0000000000000000e+00
4.6729797685371704e-03 2.7833507720007193e-02 0.0000000000000000e+00
4.7112849027887713e-03 2.8124464101037288e-02 0.0000000000000000e+00
5.1356538556791452e-03 2.8455238325439822e-02 0.0000000000000000e+00
5.5115814114466291e-03 2.8405746523811105e-02 0.0000000000000000e+00
6.0397631460814283e-03 2.8915813380365765e-02 0.0000000000000000e+00
6.2465312127666676e-03 2.9687482310617866e-02 0.0000000000000000e+00
6.5327157436062900e-03 3.0755537520051602e-02 0.0000000000000000e+00
6.8964074124660884e-03 3.2112853306525878e-02 0.0000000000000000e+00
7.2651251939471586e-03 3.3488926800667312e-02 0.0000000000000000e+00
8.0015401003314997e-03 3.6237264646744746e-02 0.0000000000000000e+00
8.4400465275470526e-03 3.9050885459446363e-02 0.0000000000000000e+00
7.9096862156792687e-03 4.0392988415214014e-02 0.0000000000000000e+00
6.8727048688584265e-03 4.1396578017905451e-02 0.0000000000000000e+00
5.6935175063990203e-03 4.3246559015102930e-02 0.0000000000000000e+00
5.8730674239461213e-03 4.4610376039750765e-02 0.0000000000000000e+00
6.0526173414932154e-03 4.5974193064398580e-02 0.0000000000000000e+00
6.2321672590403164e-03 4.7338010089046423e-02 0.0000000000000000e+00
6.4117171765874096e-03 4.8701827113694238e-02 0.0000000000000000e+00
6.5912670941345123e-03 5.0065644138342080e-02 0.0000000000000000e+00
6.7708170116816090e-03 5.1429461162989909e-02 0.0000000000000000e+00
6.9503669292287074e-03 5.2793278187637724e-02 0.0000000000000000e+00
7.1299168467758032e-03 5.4157095212285553e-02 0.0000000000000000e+00
7.0126492933551771e-03 2.7107614241913748e-02 0.0000000000000000e+00
6.7778403163860027e-03 2.7167275915070555e-02 0.0000000000000000e+00
6.5425239111201192e-03 2.7224903688946662e-02 0.0000000000000000e+00
6.3067176947035576e-03 2.7280493249193884e-02 0.0000000000000000e+00
6.0704393209524456e-03 2.7334040434056482e-02 0.0000000000000000e+00
5.8337064790313651e-03 2.7385541234682714e-02 0.0000000000000000e+00
5.5965368921289914e-03 2.7434991795425044e-02 0.0000000000000000e+00
5.3589483161312346e-03 2.7482388414128679e-02 0.0000000000000000e+00
5.1209585382919996e-03 2.7527727542408842e-02 0.0000000000000000e+00
4.8825853759014229e-03 2.7571005785916359e-02 0.0000000000000000e+00
4.2651498764343185e-03 2.8569842348467170e-02 0.0000000000000000e+00
3.7209327234706104e-03 2.8263290037475425e-02 0.0000000000000000e+00
3.6833941945651504e-03 2.7978156602156138e-02 0.0000000000000000e+00
3.8529695724504585e-03 2.7733637076189109e-02 0.0000000000000000e+00
4.0510090998588776e-03 2.7705402456431858e-02 0.0000000000000000e+00
4.2488418560733205e-03 2.7675753700343544e-02 0.0000000000000000e+00
4.4464577433343828e-03 2.7644692321252946e-02 0.0000000000000000e+00
5.3395590138297011e-03 4.0557977339435537e-02 0.0000000000000000e+00
5.1651496323008089e-03 3.9233206562389586e-02 0.0000000000000000e+00
4.9907402507719106e-03 3.7908435785343621e-02 0.0000000000000000e+00
4.8163308692430150e-03 3.6583665008297669e-02 0.0000000000000000e+00
4.4581047594187033e-03 3.3862667561314133e-02 0.0000000000000000e+00
4.2742880311232882e-03 3.2466440891376541e-02 0.0000000000000000e+00
4.0928489059887420e-03 3.1088273910426571e-02 0.0000000000000000e+00
3.9494459337771886e-03 2.9999020194473650e-02 0.0000000000000000e+00
3.8453837644004435e-03 2.9208589543451128e-02 0.0000000000000000e+00
8.1465672823143702e-03 5.1207953694693081e-02 0.0000000000000000e+00
7.8609763428591928e-03 4.8433761842814789e-02 0.0000000000000000e+00
7.4407691452137758e-03 4.5585955781562097e-02 0.0000000000000000e+00
6.8568298332341822e-03 2.7954319509272445e-02 0.0000000000000000e+00
1.1582886586783525e-02 4.8837899522378124e-02 0.0000000000000000e+00
6.2540026129936071e-03 2.7589327736911699e-02 0.0000000000000000e+00
5.8862701056242549e-03 2.7623374439470525e-02 0.0000000000000000e+00
5.4394162431377771e-03 2.7694712760968073e-02 0.0000000000000000e+00
9.8828451403963867e-03 4.3109787709422899e-02 0.0000000000000000e+00
6.8570592115151947e-03 4.2962771605877394e-02 0.0000000000000000e+00
9.9442929812978142e-03 5.3662767734172771e-02 0.0000000000000000e+00
1.2366884603961986e-02 5.1591659996643127e-02 0.0000000000000000e+00
7.0280603131957645e-03 2.8453908348956388e-02 0.0000000000000000e+00
4.9900330739744946e-03 2.7817688241189922e-02 0.0000000000000000e+00
8.3387663528838099e-03 5.2561063699879250e-02 0.0000000000000000e+00
1.2717582965096341e-02 5.3012622202599745e-02 0.0000000000000000e+00
1.0686776277353805e-02 4.6044950594778276e-02 0.0000000000000000e+00
6.9839847274708391e-03 2.9269227007748401e-02 0.0000000000000000e+00
6.5196191730395531e-03 2.8681971726499944e-02 0.0000000000000000e+00
9.5280471980855545e-03 4.0038038271426039e-02 0.0000000000000000e+00
7.0068456192915228e-03 2.7375357003271455e-02 0.0000000000000000e+00
8.5440306859058349e-03 5.3924627840356287e-02 0.0000000000000000e+00
5.7782441309080154e-03 2.7929544088230795e-02 0.0000000000000000e+00
5.0284819916365867e-03 2.8144214675856514e-02 0.0000000000000000e+00
9.2340546656457263e-03 4.1383301620262186e-02 0.0000000000000000e+00
6.6788499217019376e-03 2.7543931917898820e-02 0.0000000000000000e+00
7.3236145551912506e-03 3.0259161546252480e-02 0.0000000000000000e+00
7.1646776203046995e-03 4.4204204102811208e-02 0.0000000000000000e+00
6.3044302310975749e-03 2.8111309699220502e-02 0.0000000000000000e+00
1.2013267035762724e-02 5.0201359232940390e-02 0.0000000000000000e+00
1.1110775571252580e-02 4.7474428214433831e-02 0.0000000000000000e+00
1.0312885023468167e-02 4.4592834189770093e-02 0.0000000000000000e+00
1.1332202635673853e-02 5.3351065842359054e-02 0.0000000000000000e+00
7.9908692575903599e-03 4.9839489530180393e-02 0.0000000000000000e+00
7.6808549684529255e-03 4.6996454773536853e-02 0.0000000000000000e+00
9.6999539053572066e-03 5.2279477461524233e-02 0.0000000000000000e+00
7.9896225496055885e-03 4.2406402466173360e-02 0.0000000000000000e+00
5.3552950349589493e-03 2.8025513742829543e-02 0.0000000000000000e+00
9.4621520409680568e-03 5.0936112286082885e-02 0.0000000000000000e+00
9.5297857706253021e-03 4.8194079337162576e-02 0.0000000000000000e+00
8.8535746239523806e-03 4.5110343606144736e-02 0.0000000000000000e+00
8.4727443647004737e-03 4.3681174223548544e-02 0.0000000000000000e+00
1.1034111989343008e-02 5.1950386784131719e-02 0.0000000000000000e+00
1.0432574913811972e-02 4.9374201643445061e-02 0.0000000000000000e+00
9.1811369413390236e-03 4.6568765875748916e-02 0.0000000000000000e+00
1.0735195037102069e-02 5.0604974400903335e-02 0.0000000000000000e+00
9.2379811263989097e-03 4.9716782208475800e-02 0.0000000000000000e+00
1.1859130152390908e-02 6.0267637051267448e-02 0.0000000000000000e+00
1.3183422461966939e-02 6.2692866087748961e-02 0.0000000000000000e+00
1.0199738366407422e-02 6.2704414566599725e-02 0.0000000000000000e+00
1.4787266262880398e-02 6.2436735826831360e-02 0.0000000000000000e+00
9.8097675463571440e-03 5.6549929940243611e-02 0.0000000000000000e+00
1.2257901743291165e-02 5.6719390090776887e-02 0.0000000000000000e+00
4.1292115888167044e-03 2.7877254557600553e-02 0.0000000000000000e+00
4.4448086705236112e-03 2.7829702908996563e-02 0.0000000000000000e+00
4.0073768184424987e-03 2.8205681556446545e-02 0.0000000000000000e+00
4.3368449831668720e-03 2.8086350180619654e-02 0.0000000000000000e+00
3.9251660650331272e-03 2.7950845845686065e-02 0.0000000000000000e+00
5.0323798051472458e-03 2.9086197545625195e-02 0.0000000000000000e+00
5.2997329132999874e-03 3.0860232527393394e-02 0.0000000000000000e+00
6.6661745534633797e-03 3.8840922237297897e-02 0.0000000000000000e+00
6.1001102234947858e-03 3.7610008365878043e-02 0.0000000000000000e+00
6.2782836607876884e-03 3.6299479278606044e-02 0.0000000000000000e+00
5.9321591085674035e-03 3.4902551924482668e-02 0.0000000000000000e+00
5.8255603775453947e-03 3.3639456688107347e-02 0.0000000000000000e+00
6.6069235007381677e-03 4.0225904918219584e-02 0.0000000000000000e+00
7.1990487862564727e-03 3.7561247062861264e-02 0.0000000000000000e+00
5.5749667734254632e-03 2.8764880253368333e-02 0.0000000000000000e+00
5.5782456136513501e-03 3.2276817792609075e-02 0.0000000000000000e+00
7.2170020645352410e-03 3.6698655616955407e-02 0.0000000000000000e+00
6.4209690351719964e-18 2.8000000000000001e-02 0.0000000000000000e+00
1.2841938070343993e-17 5.6000000000000001e-02 0.0000000000000000e+00
1.5649166144318223e-17 6.5333333333333340e-02 0.0000000000000000e+00
2.6609569522044567e-03 2.7873272289031921e-02 0.0000000000000000e+00
2.7784305252025027e-03 2.8765572664268348e-02 0.0000000000000000e+00
1.6500000000000069e-03 2.8914133361265120e-02 0.0000000000000000e+00
1.6500000000000078e-03 3.5652788167694661e-02 0.0000000000000000e+00
1.6500000000000082e-03 3.8494133361265101e-02 0.0000000000000000e+00
1.4659091052409113e-03 5.5980810198631208e-02 0.0000000000000000e+00
2.9308135496048772e-03 5.5923253946256142e-02 0.0000000000000000e+00
4.3937093607593477e-03 5.5827370689055168e-02 0.0000000000000000e+00
5.8535939429886332e-03 5.5693226140623296e-02 0.0000000000000000e+00
1.0689664662638183e-03 6.5324587676758042e-02 0.0000000000000000e+00
2.1376467443560581e-03 6.5298353048455895e-02 0.0000000000000000e+00
3.2057547227246712e-03 6.5254636472071276e-02 0.0000000000000000e+00
4.2730044430360475e-03 6.5193449651588770e-02 0.0000000000000000e+00
5.3391101767330251e-03 6.5114808968199780e-02 0.0000000000000000e+00
6.4037865015313345e-03 6.5018735475916856e-02 0.0000000000000000e+00
7.4667483778340146e-03 6.4905254895937042e-02 0.0000000000000000e+00
1.4415031189388538e-17 5.9111111111111121e-02 0.0000000000000000e+00
1.5810796501250488e-17 6.2222222222222220e-02 0.0000000000000000e+00
2.6900900457895484e-03 2.8094560104447299e-02 0.0000000000000000e+00
2.7283951800411523e-03 2.8385516485477390e-02 0.0000000000000000e+00
2.4040969174734814e-03 2.8814854618656779e-02 0.0000000000000000e+00
2.0281693617059970e-03 2.8864346420285489e-02 0.0000000000000000e+00
1.6500000000000071e-03 2.9493736662364493e-02 0.0000000000000000e+00
1.6500000000000078e-03 3.0292627125017020e-02 0.0000000000000000e+00
1.6500000000000082e-03 3.1398359242706668e-02 0.0000000000000000e+00
1.6500000000000076e-03 3.2803555945738069e-02 0.0000000000000000e+00
1.6500000000000078e-03 3.4228172056716369e-02 0.0000000000000000e+00
1.6500000000000102e-03 3.7073460764479892e-02 0.0000000000000000e+00
1.9546539689827705e-03 3.9904703587616067e-02 0.0000000000000000e+00
2.8143044968956428e-03 4.1063808144653040e-02 0.0000000000000000e+00
4.0756996638133328e-03 4.1764810738914589e-02 0.0000000000000000e+00
6.9842935856205144e-18 2.8285454774534868e-02 0.0000000000000000e+00
7.2146029535665734e-18 2.8685309008311712e-02 0.0000000000000000e+00
7.1765065753856090e-18 2.9213742133347039e-02 0.0000000000000000e+00
7.7206098587454663e-18 2.9919664430699090e-02 0.0000000000000000e+00
8.9566186486520230e-18 3.0909754622981563e-02 0.0000000000000000e+00
8.6462427811922811e-18 3.2274525684348777e-02 0.0000000000000000e+00
7.9437747694762212e-18 3.3757367829076977e-02 0.0000000000000000e+00
8.9169209646761026e-18 3.5240209973805170e-02 0.0000000000000000e+00
8.1553436838991783e-18 3.6723052118533370e-02 0.0000000000000000e+00
9.1284898790990612e-18 3.8205894263261569e-02 0.0000000000000000e+00
8.3669125983221355e-18 3.9688736407989762e-02 0.0000000000000000e+00
1.1074782269498824e-17 4.1171578552717955e-02 0.0000000000000000e+00
1.0254095719661034e-17 4.2654420697446148e-02 0.0000000000000000e+00
1.1227241914860917e-17 4.4137262842174348e-02 0.0000000000000000e+00
1.0465664634083992e-17 4.5620104986902540e-02 0.0000000000000000e+00
1.3173534305260681e-17 4.7102947131630740e-02 0.0000000000000000e+00
1.2530175562605487e-17 4.8585789276358947e-02 0.0000000000000000e+00
1.1827707550889426e-17 5.0068631421087147e-02 0.0000000000000000e+00
1.1243458077295096e-17 5.1551473565815360e-02 0.0000000000000000e+00
1.2393932079677574e-17 5.3034315710543581e-02 0.0000000000000000e+00
1.3426187543938322e-17 5.4517157855271788e-02 0.0000000000000000e+00
2.4226776994007088e-04 2.7998951879090909e-02 0.0000000000000000e+00
4.8451740231477417e-04 2.7995807594832021e-02 0.0000000000000000e+00
7.2673076091659468e-04 2.7990567382622625e-02 0.0000000000000000e+00
9.6888971225371598e-04 2.7983231634775296e-02 0.0000000000000000e+00
1.2109761269075629e-03 2.7973800900486519e-02 0.0000000000000000e+00
1.4529718808900379e-03 2.7962275885795539e-02 0.0000000000000000e+00
1.6948588570004626e-03 2.7948657453531596e-02 0.0000000000000000e+00
1.9366189461819028e-03 2.7932946623249206e-02 0.0000000000000000e+00
2.1782340488768702e-03 2.7915144571151941e-02 0.0000000000000000e+00
2.4196860763824575e-03 2.7895252630004280e-02 0.0000000000000000e+00
3.2746008967183085e-03 2.8700250595629428e-02 0.0000000000000000e+00
3.4563106473432968e-03 2.7785858214369796e-02 0.0000000000000000e+00
3.2577114958690190e-03 2.7809842067327221e-02 0.0000000000000000e+00
3.0589460646162849e-03 2.7832406453157595e-02 0.0000000000000000e+00
2.8600244989499999e-03 2.7853550220131827e-02 0.0000000000000000e+00
5.3846139433255885e-03 5.1571571749990795e-02 0.0000000000000000e+00
4.9424599214651704e-03 4.8817991818941142e-02 0.0000000000000000e+00
4.6112824606528392e-03 4.5958464770474827e-02 0.0000000000000000e+00
6.1192125949041307e-04 2.8776477320210755e-02 0.0000000000000000e+00
1.4519692220433394e-03 5.0171660096297685e-02 0.0000000000000000e+00
1.0997408183181466e-03 2.8267899175400020e-02 0.0000000000000000e+00
1.4637550793974053e-03 2.8205609588291075e-02 0.0000000000000000e+00
1.9138464819993279e-03 2.8158862825440546e-02 0.0000000000000000e+00
1.6115387312009568e-03 4.4198725856504112e-02 0.0000000000000000e+00
4.4961729371950200e-03 4.3273588180411451e-02 0.0000000000000000e+00
4.2834968876963100e-03 5.4408025678228389e-02 0.0000000000000000e+00
1.4074109458815803e-03 5.3034502075972691e-02 0.0000000000000000e+00
5.7582842307852156e-04 2.9303360792303369e-02 0.0000000000000000e+00
2.3797456873558159e-03 2.8161339095059149e-02 0.0000000000000000e+00
5.5491745367347647e-03 5.2928320429724632e-02 0.0000000000000000e+00
1.4364344228971196e-03 5.4497813583834688e-02 0.0000000000000000e+00
1.5946769386638944e-03 4.7241948181029524e-02 0.0000000000000000e+00
8.2942216636186256e-04 3.0079490540476279e-02 0.0000000000000000e+00
1.1259719971019454e-03 2.9392058848317339e-02 0.0000000000000000e+00
1.1592199704566558e-03 4.1139815277820790e-02 0.0000000000000000e+00
3.1717061443323332e-04 2.8256069425709025e-02 0.0000000000000000e+00
5.7038207850270955e-03 5.4298548567479427e-02 0.0000000000000000e+00
1.6473426944173767e-03 2.8473387579632151e-02 0.0000000000000000e+00
2.4271181448142771e-03 2.8486690723424229e-02 0.0000000000000000e+00
1.7913747256336030e-03 4.2363149023108393e-02 0.0000000000000000e+00
6.7762052807880592e-04 2.8334008756164202e-02 0.0000000000000000e+00
7.5757885635824188e-04 3.1123596545251851e-02 0.0000000000000000e+00
4.5203427449189357e-03 4.4552337393613202e-02 0.0000000000000000e+00
1.1861303526787886e-03 2.8785146661615600e-02 0.0000000000000000e+00
1.3891429715679352e-03 5.1600051700669988e-02 0.0000000000000000e+00
1.5551011028734115e-03 4.8732456624328062e-02 0.0000000000000000e+00
1.5799927756937079e-03 4.5742541265351204e-02 0.0000000000000000e+00
2.8622047219826856e-03 5.4466162222256531e-02 0.0000000000000000e+00
5.1808220981925113e-03 5.0209439257053491e-02 0.0000000000000000e+00
4.7444413656812469e-03 4.7383040958291350e-02 0.0000000000000000e+00
4.1614884440524472e-03 5.3008630272306533e-02 0.0000000000000000e+00
3.2582018295626413e-03 4.3029305821103772e-02 0.0000000000000000e+00
2.0807189237622603e-03 2.8456619866408610e-02 0.0000000000000000e+00
4.0434989144739085e-03 5.1649491503745593e-02 0.0000000000000000e+00
3.2684793987905157e-03 4.9018395959174503e-02 0.0000000000000000e+00
3.1235196721358721e-03 4.5864719651864401e-02 0.0000000000000000e+00
3.1214772000863478e-03 4.4385681911027423e-02 0.0000000000000000e+00
2.7876157595033515e-03 5.3036058609135163e-02 0.0000000000000000e+00
2.7018901781093512e-03 5.0391965596961061e-02 0.0000000000000000e+00
3.1845862292282246e-03 4.7358226753907780e-02 0.0000000000000000e+00
2.7281290152922104e-03 5.1659124641021778e-02 0.0000000000000000e+00
3.9444455440080378e-03 5.0413689388965302e-02 0.0000000000000000e+00
4.1433721806765755e-03 6.1283435859023509e-02 0.0000000000000000e+00
3.4918995006781419e-03 6.3968779291028219e-02 0.0000000000000000e+00
6.3769059923355631e-03 6.3207699996504246e-02 0.0000000000000000e+00
1.8764139624896561e-03 6.4136481778159782e-02 0.0000000000000000e+00
5.1606910448296177e-03 5.7161992473144588e-02 0.0000000000000000e+00
2.8398345121335507e-03 5.7959302164204800e-02 0.0000000000000000e+00
3.2266522888279108e-03 2.7996078743664811e-02 0.0000000000000000e+00
2.9095016446210138e-03 2.8031829913520118e-02 0.0000000000000000e+00
3.4293388022995619e-03 2.8281781704972229e-02 0.0000000000000000e+00
3.0802117603099437e-03 2.8251789082960069e-02 0.0000000000000000e+00
3.4427919568993065e-03 2.8014351601793379e-02 0.0000000000000000e+00
2.6671562529347352e-03 2.9397585133626506e-02 0.0000000000000000e+00
2.8680670209910615e-03 3.1180367415413947e-02 0.0000000000000000e+00
3.6137402406174490e-03 3.9242782838305533e-02 0.0000000000000000e+00
3.8419324434707963e-03 3.7907303110614569e-02 0.0000000000000000e+00
3.3306402318840677e-03 3.6687543898018281e-02 0.0000000000000000e+00
3.3034194721145785e-03 3.5248632063128671e-02 0.0000000000000000e+00
3.0794728365061714e-03 3.4000985971478784e-02 0.0000000000000000e+00
4.0294322576392263e-03 4.0565238077883203e-02 0.0000000000000000e+00
2.7678189503095338e-03 3.8144629538147463e-02 0.0000000000000000e+00
2.0598944525100703e-03 2.9227648303617172e-02 0.0000000000000000e+00
2.9656836564215983e-03 3.2620768099380193e-02 0.0000000000000000e+00
2.5272223208105586e-03 3.7316076833351537e-02 0.0000000000000000e+00
2.7750000000000000e-02 0.0000000000000000e+00 0.0000000000000000e+00
1.6991974338169530e-18 2.7750000000000000e-02 0.0000000000000000e+00
2.7833333333333331e-02 0.0000000000000000e+00 0.0000000000000000e+00
1.7043001288134000e-18 2.7833333333333331e-02 0.0000000000000000e+00
2.7916666666666669e-02 0.0000000000000000e+00 0.0000000000000000e+00
1.7094028238098470e-18 2.7916666666666669e-02 0.0000000000000000e+00
2.4216136007988121e-04 2.7748943365030750e-02 0.0000000000000000e+00
4.8430427863460689e-04 2.7745773540589859e-02 0.0000000000000000e+00
7.2641031554347897e-04 2.7740490768071710e-02 0.0000000000000000e+00
9.6846103349438597e-04 2.7733095449779911e-02 0.0000000000000000e+00
1.2104379993880671e-03 2.7723588148896559e-02 0.0000000000000000e+00
1.4523227857416950e-03 2.7711969589439420e-02 0.0000000000000000e+00
1.6940969720922660e-03 2.7698240656206810e-02 0.0000000000000000e+00
1.9357421463994751e-03 2.7682402394710121e-02 0.0000000000000000e+00
2.1772399064476800e-03 2.7664456011094300e-02 0.0000000000000000e+00
2.4185718612475060e-03 2.7644402872045941e-02 0.0000000000000000e+00
2.6597196324362180e-03 2.7622244504689211e-02 0.0000000000000000e+00
2.9006648556773700e-03 2.7597982596469589e-02 0.0000000000000000e+00
3.1413891820594080e-03 2.7571618995025301e-02 0.0000000000000000e+00
3.3818742794928238e-03 2.7543155708046690e-02 0.0000000000000000e+00
3.6221018341064228e-03 2.7512594903123241e-02 0.0000000000000000e+00
3.8620535516418171e-03 2.7479938907578581e-02 0.0000000000000000e+00
4.1017111588466807e-03 2.7445190208293200e-02 0.0000000000000000e+00
4.3410564048664011e-03 2.7408351451515069e-02 0.0000000000000000e+00
4.5800710626337851e-03 2.7369425442658180e-02 0.0000000000000000e+00
4.8187369302573066e-03 2.7328415146088771e-02 0.0000000000000000e+00
5.0570358324070674e-03 2.7285323684899741e-02 0.0000000000000000e+00
5.2949496216991030e-03 2.7240154340672680e-02 0.0000000000000000e+00
5.5324601800772148e-03 2.7192910553228020e-02 0.0000000000000000e+00
5.7695494201928004e-03 2.7143595920363112e-02 0.0000000000000000e+00
6.0061992867823429e-03 2.7092214197578159e-02 0.0000000000000000e+00
6.2423917580422270e-03 2.7038769297790290e-02 0.0000000000000000e+00
6.4781088470013577e-03 2.6983265291035528e-02 0.0000000000000000e+00
6.7133326028907718e-03 2.6925706404158901e-02 0.0000000000000000e+00
6.9480451125107272e-03 2.6866097020492499e-02 0.0000000000000000e+00
7.1822285015949380e-03 2.6804441679521649e-02 0.0000000000000000e+00
7.4158649361716006e-03 2.6740745076539299e-02 0.0000000000000000e+00
7.6489366239217080e-03 2.6675012062288350e-02 0.0000000000000000e+00
7.8814258155338445e-03 2.6607247642592358e-02 0.0000000000000000e+00
8.1133148060559216e-03 2.6537456977974241e-02 0.0000000000000000e+00
8.3445859362435652e-03 2.6465645383263299e-02 0.0000000000000000e+00
8.5752215939047631e-03 2.6391818327190519e-02 0.0000000000000000e+00
8.8052042152412871e-03 2.6315981431972040e-02 0.0000000000000000e+00
9.0345162861860881e-03 2.6238140472881050e-02 0.0000000000000000e+00
9.2631403437371199e-03 2.6158301377807960e-02 0.0000000000000000e+00
9.4910589772872912e-03 2.6076470226808961e-02 0.0000000000000000e+00
9.7182548299501927e-03 2.5992653251643041e-02 0.0000000000000000e+00
9.9447105998820631e-03 2.5906856835297361e-02 0.0000000000000000e+00
1.0170409041599240e-02 2.5819087511501190e-02 0.0000000000000000e+00
1.0395332967291530e-02 2.5729351964228361e-02 0.0000000000000000e+00
1.0619465248131231e-02 2.5637657027188211e-02 0.0000000000000000e+00
1.0842788815577320e-02 2.5544009683305231e-02 0.0000000000000000e+00
1.1065286662675561e-02 2.5448417064187202e-02 0.0000000000000000e+00
1.1286941845353440e-02 2.5350886449582180e-02 0.0000000000000000e+00
1.1507737483710610e-02 2.5251425266824092e-02 0.0000000000000000e+00
1.1727656763304390e-02 2.5150041090267049e-02 0.0000000000000000e+00
1.1946682936430159e-02 2.5046741640708650e-02 0.0000000000000000e+00
1.2164799323396879e-02 2.4941534784801891e-02 0.0000000000000000e+00
1.2381989313797180e-02 2.4834428534456200e-02 0.0000000000000000e+00
1.2598236367772400e-02 2.4725431046227219e-02 0.0000000000000000e+00
1.2813524017272170e-02 2.4614550620695660e-02 0.0000000000000000e+00
1.3027835867308440e-02 2.4501795701835239e-02 0.0000000000000000e+00
1.3241155597204110e-02 2.4387174876369551e-02 0.0000000000000000e+00
1.3453466961835839e-02 2.4270696873118239e-02 0.0000000000000000e+00
1.3664753792871191e-02 2.4152370562332229e-02 0.0000000000000000e+00
1.3874999999999979e-02 2.4032204955018181e-02 0.0000000000000000e+00
1.4084189572159509e-02 2.3910209202252359e-02 0.0000000000000000e+00
1.4292306578753980e-02 2.3786392594483629e-02 0.0000000000000000e+00
1.4499335170867570e-02 2.3660764560826070e-02 0.0000000000000000e+00
1.4705259582471410e-02 2.3533334668340841e-02 0.0000000000000000e+00
1.4910064131624341e-02 2.3404112621307590e-02 0.0000000000000000e+00
1.5113733221666970e-02 2.3273108260485540e-02 0.0000000000000000e+00
1.5316251342409590e-02 2.3140331562363930e-02 0.0000000000000000e+00
1.5517603071313210e-02 2.3005792638402418e-02 0.0000000000000000e+00
1.5717773074664081e-02 2.2869501734260951e-02 0.0000000000000000e+00
1.5916746108741511e-02 2.2731469229019540e-02 0.0000000000000000e+00
1.6114507020978549e-02 2.2591705634387879e-02 0.0000000000000000e+00
1.6311040751116109e-02 2.2450221593904810e-02 0.0000000000000000e+00
1.6506332332349681e-02 2.2307027882127808e-02 0.0000000000000000e+00
1.6700366892469311e-02 2.2162135403812400e-02 0.0000000000000000e+00
1.6893129654991981e-02 2.2015555193081789e-02 0.0000000000000000e+00
1.7084605940286979e-02 2.1867298412586559e-02 0.0000000000000000e+00
1.7274781166693919e-02 2.1717376352654510e-02 0.0000000000000000e+00
1.7463640851632951e-02 2.1565800430430972e-02 0.0000000000000000e+00
1.7651170612707920e-02 2.1412582189009249e-02 0.0000000000000000e+00
1.7837356168801451e-02 2.1257733296551659e-02 0.0000000000000000e+00
1.8022183341162561e-02 2.1101265545400889e-02 0.0000000000000000e+00
1.8205638054486550e-02 2.0943190851181941e-02 0.0000000000000000e+00
1.8387706337986680e-02 2.0783521251894841e-02 0.0000000000000000e+00
1.8568374326458290e-02 2.0622268906997719e-02 0.0000000000000000e+00
1.8747628261334550e-02 2.0459446096480961e-02 0.0000000000000000e+00
1.8925454491734300e-02 2.0295065219932011e-02 0.0000000000000000e+00
1.9101839475501651e-02 2.0129138795591011e-02 0.0000000000000000e+00
1.9276769780237141e-02 1.9961679459397610e-02 0.0000000000000000e+00
1.9450232084320840e-02 1.9792699964028569e-02 0.0000000000000000e+00
1.9622213177926659e-02 1.9622213177926728e-02 0.0000000000000000e+00
1.9792699964028510e-02 1.9450232084320899e-02 0.0000000000000000e+00
1.9961679459397540e-02 1.9276769780237200e-02 0.0000000000000000e+00
2.0129138795590949e-02 1.9101839475501710e-02 0.0000000000000000e+00
2.0295065219931949e-02 1.8925454491734359e-02 0.0000000000000000e+00
2.0459446096480920e-02 1.8747628261334599e-02 0.0000000000000000e+00
2.0622268906997660e-02 1.8568374326458349e-02 0.0000000000000000e+00
2.0783521251894789e-02 1.8387706337986739e-02 0.0000000000000000e+00
2.0943190851181889e-02 1.8205638054486620e-02 0.0000000000000000e+00
2.1101265545400830e-02 1.8022183341162630e-02 0.0000000000000000e+00
2.1257733296551621e-02 1.7837356168801489e-02 0.0000000000000000e+00
2.1412582189009200e-02 1.7651170612707989e-02 0.0000000000000000e+00
2.1565800430430920e-02 1.7463640851633020e-02 0.0000000000000000e+00
2.1717376352654472e-02 1.7274781166693971e-02 0.0000000000000000e+00
2.1867298412586510e-02 1.7084605940287049e-02 0.0000000000000000e+00
2.2015555193081751e-02 1.6893129654992029e-02 0.0000000000000000e+00
2.2162135403812341e-02 1.6700366892469381e-02 0.0000000000000000e+00
2.2307027882127760e-02 1.6506332332349750e-02 0.0000000000000000e+00
2.2450221593904768e-02 1.6311040751116151e-02 0.0000000000000000e+00
2.2591705634387831e-02 1.6114507020978611e-02 0.0000000000000000e+00
2.2731469229019498e-02 1.5916746108741560e-02 0.0000000000000000e+00
2.2869501734260920e-02 1.5717773074664130e-02 0.0000000000000000e+00
2.3005792638402380e-02 1.5517603071313260e-02 0.0000000000000000e+00
2.3140331562363899e-02 1.5316251342409640e-02 0.0000000000000000e+00
2.3273108260485509e-02 1.5113733221667021e-02 0.0000000000000000e+00
2.3404112621307559e-02 1.4910064131624391e-02 0.0000000000000000e+00
2.3533334668340809e-02 1.4705259582471460e-02 0.0000000000000000e+00
2.3660764560826039e-02 1.4499335170867621e-02 0.0000000000000000e+00
2.3786392594483601e-02 1.4292306578754030e-02 0.0000000000000000e+00
2.3910209202252331e-02 1.4084189572159560e-02 0.0000000000000000e+00
2.4032204955018149e-02 1.3875000000000030e-02 0.0000000000000000e+00
2.4152370562332201e-02 1.3664753792871241e-02 0.0000000000000000e+00
2.4270696873118211e-02 1.3453466961835889e-02 0.0000000000000000e+00
2.4387174876369520e-02 1.3241155597204160e-02 0.0000000000000000e+00
2.4501795701835211e-02 1.3027835867308490e-02 0.0000000000000000e+00
2.4614550620695629e-02 1.2813524017272230e-02 0.0000000000000000e+00
2.4725431046227191e-02 1.2598236367772450e-02 0.0000000000000000e+00
2.4834428534456190e-02 1.2381989313797210e-02 0.0000000000000000e+00
2.4941534784801871e-02 1.2164799323396929e-02 0.0000000000000000e+00
2.5046741640708619e-02 1.1946682936430210e-02 0.0000000000000000e+00
2.5150041090267031e-02 1.1727656763304419e-02 0.0000000000000000e+00
2.5251425266824060e-02 1.1507737483710661e-02 0.0000000000000000e+00
2.5350886449582170e-02 1.1286941845353480e-02 0.0000000000000000e+00
2.5448417064187181e-02 1.1065286662675620e-02 0.0000000000000000e+00
2.5544009683305210e-02 1.0842788815577370e-02 0.0000000000000000e+00
2.5637657027188201e-02 1.0619465248131260e-02 0.0000000000000000e+00
2.5729351964228341e-02 1.0395332967291591e-02 0.0000000000000000e+00
2.5819087511501169e-02 1.0170409041599269e-02 0.0000000000000000e+00
2.5906856835297341e-02 9.9447105998820961e-03 0.0000000000000000e+00
2.5992653251643020e-02 9.7182548299502500e-03 0.0000000000000000e+00
2.6076470226808951e-02 9.4910589772873276e-03 0.0000000000000000e+00
2.6158301377807940e-02 9.2631403437371772e-03 0.0000000000000000e+00
2.6238140472881030e-02 9.0345162861861211e-03 0.0000000000000000e+00
2.6315981431972030e-02 8.8052042152413218e-03 0.0000000000000000e+00
2.6391818327190501e-02 8.5752215939048203e-03 0.0000000000000000e+00
2.6465645383263289e-02 8.3445859362435999e-03 0.0000000000000000e+00
2.6537456977974230e-02 8.1133148060559563e-03 0.0000000000000000e+00
2.6607247642592351e-02 7.8814258155338775e-03 0.0000000000000000e+00
2.6675012062288339e-02 7.6489366239217444e-03 0.0000000000000000e+00
2.6740745076539289e-02 7.4158649361716353e-03 0.0000000000000000e+00
2.6804441679521639e-02 7.1822285015949736e-03 0.0000000000000000e+00
2.6866097020492492e-02 6.9480451125107628e-03 0.0000000000000000e+00
2.6925706404158901e-02 6.7133326028908074e-03 0.0000000000000000e+00
2.6983265291035521e-02 6.4781088470013942e-03 0.0000000000000000e+00
2.7038769297790279e-02 6.2423917580422634e-03 0.0000000000000000e+00
2.7092214197578141e-02 6.0061992867823776e-03 0.0000000000000000e+00
2.7143595920363101e-02 5.7695494201928368e-03 0.0000000000000000e+00
2.7192910553228020e-02 5.5324601800772512e-03 0.0000000000000000e+00
2.7240154340672670e-02 5.2949496216991394e-03 0.0000000000000000e+00
2.7285323684899741e-02 5.0570358324071021e-03 0.0000000000000000e+00
2.7328415146088771e-02 4.8187369302573179e-03 0.0000000000000000e+00
2.7369425442658170e-02 4.5800710626338224e-03 0.0000000000000000e+00
2.7408351451515069e-02 4.3410564048664132e-03 0.0000000000000000e+00
2.7445190208293190e-02 4.1017111588467162e-03 0.0000000000000000e+00
2.7479938907578570e-02 3.8620535516418280e-03 0.0000000000000000e+00
2.7512594903123241e-02 3.6221018341064341e-03 0.0000000000000000e+00
2.7543155708046690e-02 3.3818742794928598e-03 0.0000000000000000e+00
2.7571618995025301e-02 3.1413891820594201e-03 0.0000000000000000e+00
2.7597982596469589e-02 2.9006648556774068e-03 0.0000000000000000e+00
2.7622244504689211e-02 2.6597196324362289e-03 0.0000000000000000e+00
2.7644402872045941e-02 2.4185718612475182e-03 0.0000000000000000e+00
2.7664456011094300e-02 2.1772399064477160e-03 0.0000000000000000e+00
2.7682402394710121e-02 1.9357421463994859e-03 0.0000000000000000e+00
2.7698240656206810e-02 1.6940969720922780e-03 0.0000000000000000e+00
2.7711969589439420e-02 1.4523227857417061e-03 0.0000000000000000e+00
2.7723588148896559e-02 1.2104379993880790e-03 0.0000000000000000e+00
2.7733095449779911e-02 9.6846103349439790e-04 0.0000000000000000e+00
2.7740490768071710e-02 7.2641031554349089e-04 0.0000000000000000e+00
2.7745773540589859e-02 4.8430427863461881e-04 0.0000000000000000e+00
2.7748943365030750e-02 2.4216136007989311e-04 0.0000000000000000e+00
2.7832273525286100e-02 2.4288857137140171e-04 0.0000000000000000e+00
2.7829094181852889e-02 4.8575864583771548e-04 0.0000000000000000e+00
2.7823795545153011e-02 7.2859172790247018e-04 0.0000000000000000e+00
2.7816378018698171e-02 9.7136932488627514e-04 0.0000000000000000e+00
2.7806842167361710e-02 1.2140729483351811e-03 0.0000000000000000e+00
2.7795188717335641e-02 1.4566841154285959e-03 0.0000000000000000e+00
2.7781418556075299e-02 1.6991843503868390e-03 0.0000000000000000e+00
2.7765532732231781e-02 1.9415551858781410e-03 0.0000000000000000e+00
2.7747532455572061e-02 2.1837781644250139e-03 0.0000000000000000e+00
2.7727419096886918e-02 2.4258348398098128e-03 0.0000000000000000e+00
2.7705194187886480e-02 2.6677067784795592e-03 0.0000000000000000e+00
2.7680859421083611e-02 2.9093755609496770e-03 0.0000000000000000e+00
2.7654416649665021e-02 3.1508227832067232e-03 0.0000000000000000e+00
2.7625867887350129e-02 3.3920300581099338e-03 0.0000000000000000e+00
2.7595215308237730e-02 3.6329790167914291e-03 0.0000000000000000e+00
2.7562461246640382e-02 3.8736513100551448e-03 0.0000000000000000e+00
2.7527608196906691e-02 4.1140286097741501e-03 0.0000000000000000e+00
2.7490658813231341e-02 4.3540926102864103e-03 0.0000000000000000e+00
2.7451615909452949e-02 4.5938250297888434e-03 0.0000000000000000e+00
2.7410482458839799e-02 4.8332076117295524e-03 0.0000000000000000e+00
2.7367261593863410e-02 5.0722221261980923e-03 0.0000000000000000e+00
2.7321956605959982e-02 5.3108503713138171e-03 0.0000000000000000e+00
2.7274570945279759e-02 5.5490741746119718e-03 0.0000000000000000e+00
2.7225108220424260e-02 5.7868753944276151e-03 0.0000000000000000e+00
2.7173572198171479e-02 6.0242359212771867e-03 0.0000000000000000e+00
2.7119966803189049e-02 6.2611376792375628e-03 0.0000000000000000e+00
2.7064296117735340e-02 6.4975626273226861e-03 0.0000000000000000e+00
2.7006564381348571e-02 6.7334927608574003e-03 0.0000000000000000e+00
2.6946775990524009e-02 6.9689101128485994e-03 0.0000000000000000e+00
2.6884935498379080e-02 7.2037967553534709e-03 0.0000000000000000e+00
2.6821047614306679e-02 7.4381348008448018e-03 0.0000000000000000e+00
2.6755117203616549e-02 7.6719064035731281e-03 0.0000000000000000e+00
2.6687149287164719e-02 7.9050937609258277e-03 0.0000000000000000e+00
2.6617149040971160e-02 8.1376791147828170e-03 0.0000000000000000e+00
2.6545121795825660e-02 8.3696447528689103e-03 0.0000000000000000e+00
2.6471073036881780e-02 8.6009730101026770e-03 0.0000000000000000e+00
2.6395008403239221e-02 8.8316462699417134e-03 0.0000000000000000e+00
2.6316933687514331e-02 9.0616469657241738e-03 0.0000000000000000e+00
2.6236854835398969e-02 9.2909575820066016e-03 0.0000000000000000e+00
2.6154777945207791e-02 9.5195606558977543e-03 0.0000000000000000e+00
2.6070709267413741e-02 9.7474387783884828e-03 0.0000000000000000e+00
2.5984655204172129e-02 9.9745745956774934e-03 0.0000000000000000e+00
2.5896622308833030e-02 1.0200950810492920e-02 0.0000000000000000e+00
2.5806617285442261e-02 1.0426550183409530e-02 0.0000000000000000e+00
2.5714646988230831e-02 1.0651355534161640e-02 0.0000000000000000e+00
2.5620718421092939e-02 1.0875349742951420e-02 0.0000000000000000e+00
2.5524838737052628e-02 1.1098515751752660e-02 0.0000000000000000e+00
2.5427015237719071e-02 1.1320836565609740e-02 0.0000000000000000e+00
2.5327255372730471e-02 1.1542295253931960e-02 0.0000000000000000e+00
2.5225566739186769e-02 1.1762874951782770e-02 0.0000000000000000e+00
2.5121957081071140e-02 1.1982558861164189e-02 0.0000000000000000e+00
2.5016434288660169e-02 1.2201330252295960e-02 0.0000000000000000e+00
2.4909006397923039e-02 1.2419172464889661e-02 0.0000000000000000e+00
2.4799681589909590e-02 1.2636068909417359e-02 0.0000000000000000e+00
2.4688468190127190e-02 1.2852003068375081e-02 0.0000000000000000e+00
2.4575374667906821e-02 1.3066958497540601e-02 0.0000000000000000e+00
2.4460409635758049e-02 1.3280918827225751e-02 0.0000000000000000e+00
2.4343581848713200e-02 1.3493867763523021e-02 0.0000000000000000e+00
2.4224900203660561e-02 1.3705789089546481e-02 0.0000000000000000e+00
2.4104373738666890e-02 1.3916666666666640e-02 0.0000000000000000e+00
2.3982011632289149e-02 1.4126484435739580e-02 0.0000000000000000e+00
2.3857823202875470e-02 1.4335226418329820e-02 0.0000000000000000e+00
2.3731817907855581e-02 1.4542876717927221e-02 0.0000000000000000e+00
2.3604005343020540e-02 1.4749419521157509e-02 0.0000000000000000e+00
2.3474395241792002e-02 1.4954839098986580e-02 0.0000000000000000e+00
2.3342997474480980e-02 1.5159119807918229e-02 0.0000000000000000e+00
2.3209822047536199e-02 1.5362246091185600e-02 0.0000000000000000e+00
2.3074879102782012e-02 1.5564202479935760e-02 0.0000000000000000e+00
2.2938178916646120e-02 1.5764973594407820e-02 0.0000000000000000e+00
2.2799731899376952e-02 1.5964544145104100e-02 0.0000000000000000e+00
2.2659548594250900e-02 1.6162898933954471e-02 0.0000000000000000e+00
2.2517639676769390e-02 1.6360022855473812e-02 0.0000000000000000e+00
2.2374015953845899e-02 1.6555900897912319e-02 0.0000000000000000e+00
2.2228688362983001e-02 1.6750518144398659e-02 0.0000000000000000e+00
2.2081667971439400e-02 1.6943859774076041e-02 0.0000000000000000e+00
2.1932965975387110e-02 1.7135911063230799e-02 0.0000000000000000e+00
2.1782593699058869e-02 1.7326657386413719e-02 0.0000000000000000e+00
2.1630562593885700e-02 1.7516084217553789e-02 0.0000000000000000e+00
2.1476884237624890e-02 1.7704177131064411e-02 0.0000000000000000e+00
2.1321570333478240e-02 1.7890921802941991e-02 0.0000000000000000e+00
2.1164632709200881e-02 1.8076304011856760e-02 0.0000000000000000e+00
2.1006083316200509e-02 1.8260309640235759e-02 0.0000000000000000e+00
2.0845934228627239e-02 1.8442924675338011e-02 0.0000000000000000e+00
2.0684197642454161e-02 1.8624135210321541e-02 0.0000000000000000e+00
2.0520885874548471e-02 1.8803927445302519e-02 0.0000000000000000e+00
2.0356011361733602e-02 1.8982287688406190e-02 0.0000000000000000e+00
2.0189586659842020e-02 1.9159202356809471e-02 0.0000000000000000e+00
2.0021624442759140e-02 1.9334657977775411e-02 0.0000000000000000e+00
1.9852137501458068e-02 1.9508641189679161e-02 0.0000000000000000e+00
1.9681138743025590e-02 1.9681138743025559e-02 0.0000000000000000e+00
1.9508641189679210e-02 1.9852137501458030e-02 0.0000000000000000e+00
1.9334657977775439e-02 2.0021624442759109e-02 0.0000000000000000e+00
1.9159202356809499e-02 2.0189586659841989e-02 0.0000000000000000e+00
1.8982287688406228e-02 2.0356011361733560e-02 0.0000000000000000e+00
1.8803927445302571e-02 2.0520885874548429e-02 0.0000000000000000e+00
1.8624135210321580e-02 2.0684197642454119e-02 0.0000000000000000e+00
1.8442924675338049e-02 2.0845934228627211e-02 0.0000000000000000e+00
1.8260309640235811e-02 2.1006083316200470e-02 0.0000000000000000e+00
1.8076304011856791e-02 2.1164632709200850e-02 0.0000000000000000e+00
1.7890921802942040e-02 2.1321570333478201e-02 0.0000000000000000e+00
1.7704177131064449e-02 2.1476884237624859e-02 0.0000000000000000e+00
1.7516084217553841e-02 2.1630562593885669e-02 0.0000000000000000e+00
1.7326657386413761e-02 2.1782593699058841e-02 0.0000000000000000e+00
1.7135911063230841e-02 2.1932965975387089e-02 0.0000000000000000e+00
1.6943859774076080e-02 2.2081667971439359e-02 0.0000000000000000e+00
1.6750518144398700e-02 2.2228688362982970e-02 0.0000000000000000e+00
1.6555900897912361e-02 2.2374015953845861e-02 0.0000000000000000e+00
1.6360022855473860e-02 2.2517639676769351e-02 0.0000000000000000e+00
1.6162898933954509e-02 2.2659548594250879e-02 0.0000000000000000e+00
1.5964544145104152e-02 2.2799731899376920e-02 0.0000000000000000e+00
1.5764973594407872e-02 2.2938178916646089e-02 0.0000000000000000e+00
1.5564202479935800e-02 2.3074879102781991e-02 0.0000000000000000e+00
1.5362246091185640e-02 2.3209822047536161e-02 0.0000000000000000e+00
1.5159119807918269e-02 2.3342997474480959e-02 0.0000000000000000e+00
1.4954839098986631e-02 2.3474395241791970e-02 0.0000000000000000e+00
1.4749419521157560e-02 2.3604005343020509e-02 0.0000000000000000e+00
1.4542876717927261e-02 2.3731817907855560e-02 0.0000000000000000e+00
1.4335226418329870e-02 2.3857823202875439e-02 0.0000000000000000e+00
1.4126484435739620e-02 2.3982011632289121e-02 0.0000000000000000e+00
1.3916666666666680e-02 2.4104373738666869e-02 0.0000000000000000e+00
1.3705789089546529e-02 2.4224900203660530e-02 0.0000000000000000e+00
1.3493867763523060e-02 2.4343581848713179e-02 0.0000000000000000e+00
1.3280918827225799e-02 2.4460409635758022e-02 0.0000000000000000e+00
1.3066958497540649e-02 2.4575374667906789e-02 0.0000000000000000e+00
1.2852003068375129e-02 2.4688468190127169e-02 0.0000000000000000e+00
1.2636068909417410e-02 2.4799681589909559e-02 0.0000000000000000e+00
1.2419172464889701e-02 2.4909006397923029e-02 0.0000000000000000e+00
1.2201330252296000e-02 2.5016434288660142e-02 0.0000000000000000e+00
1.1982558861164240e-02 2.5121957081071108e-02 0.0000000000000000e+00
1.1762874951782821e-02 2.5225566739186751e-02 0.0000000000000000e+00
1.1542295253932021e-02 2.5327255372730440e-02 0.0000000000000000e+00
1.1320836565609791e-02 2.5427015237719050e-02 0.0000000000000000e+00
1.1098515751752700e-02 2.5524838737052621e-02 0.0000000000000000e+00
1.0875349742951479e-02 2.5620718421092911e-02 0.0000000000000000e+00
1.0651355534161680e-02 2.5714646988230810e-02 0.0000000000000000e+00
1.0426550183409581e-02 2.5806617285442240e-02 0.0000000000000000e+00
1.0200950810492960e-02 2.5896622308833009e-02 0.0000000000000000e+00
9.9745745956775368e-03 2.5984655204172109e-02 0.0000000000000000e+00
9.7474387783885383e-03 2.6070709267413721e-02 0.0000000000000000e+00
9.5195606558977977e-03 2.6154777945207781e-02 0.0000000000000000e+00
9.2909575820066329e-03 2.6236854835398969e-02 0.0000000000000000e+00
9.0616469657242172e-03 2.6316933687514310e-02 0.0000000000000000e+00
8.8316462699417463e-03 2.6395008403239210e-02 0.0000000000000000e+00
8.6009730101027082e-03 2.6471073036881770e-02 0.0000000000000000e+00
8.3696447528689537e-03 2.6545121795825650e-02 0.0000000000000000e+00
8.1376791147828500e-03 2.6617149040971150e-02 0.0000000000000000e+00
7.9050937609258711e-03 2.6687149287164699e-02 0.0000000000000000e+00
7.6719064035731593e-03 2.6755117203616539e-02 0.0000000000000000e+00
7.4381348008448218e-03 2.6821047614306669e-02 0.0000000000000000e+00
7.2037967553535160e-03 2.6884935498379059e-02 0.0000000000000000e+00
6.9689101128486324e-03 2.6946775990523999e-02 0.0000000000000000e+00
6.7334927608574454e-03 2.7006564381348561e-02 0.0000000000000000e+00
6.4975626273227173e-03 2.7064296117735330e-02 0.0000000000000000e+00
6.2611376792375837e-03 2.7119966803189049e-02 0.0000000000000000e+00
6.0242359212772196e-03 2.7173572198171469e-02 0.0000000000000000e+00
5.7868753944276480e-03 2.7225108220424260e-02 0.0000000000000000e+00
5.5490741746120160e-03 2.7274570945279748e-02 0.0000000000000000e+00
5.3108503713138492e-03 2.7321956605959982e-02 0.0000000000000000e+00
5.0722221261981131e-03 2.7367261593863400e-02 0.0000000000000000e+00
4.8332076117295611e-03 2.7410482458839789e-02 0.0000000000000000e+00
4.5938250297888764e-03 2.7451615909452939e-02 0.0000000000000000e+00
4.3540926102864311e-03 2.7490658813231331e-02 0.0000000000000000e+00
4.1140286097741821e-03 2.7527608196906680e-02 0.0000000000000000e+00
3.8736513100551661e-03 2.7562461246640371e-02 0.0000000000000000e+00
3.6329790167914369e-03 2.7595215308237719e-02 0.0000000000000000e+00
3.3920300581099538e-03 2.7625867887350129e-02 0.0000000000000000e+00
3.1508227832067440e-03 2.7654416649665021e-02 0.0000000000000000e+00
2.9093755609497091e-03 2.7680859421083611e-02 0.0000000000000000e+00
2.6677067784795800e-03 2.7705194187886480e-02 0.0000000000000000e+00
2.4258348398098211e-03 2.7727419096886918e-02 0.0000000000000000e+00
2.1837781644250352e-03 2.7747532455572061e-02 0.0000000000000000e+00
1.9415551858781620e-03 2.7765532732231771e-02 0.0000000000000000e+00
1.6991843503868481e-03 2.7781418556075299e-02 0.0000000000000000e+00
1.4566841154286169e-03 2.7795188717335641e-02 0.0000000000000000e+00
1.2140729483351891e-03 2.7806842167361710e-02 0.0000000000000000e+00
9.7136932488629596e-04 2.7816378018698160e-02 0.0000000000000000e+00
7.2859172790247864e-04 2.7823795545153011e-02 0.0000000000000000e+00
4.8575864583772399e-04 2.7829094181852889e-02 0.0000000000000000e+00
2.4288857137142261e-04 2.7832273525286100e-02 0.0000000000000000e+00
2.7915603685541451e-02 2.4361578266293281e-04 0.0000000000000000e+00
2.7912414823115919e-02 4.8721301304082239e-04 0.0000000000000000e+00
2.7907100322234309e-02 7.3077314026145956e-04 0.0000000000000000e+00
2.7899660587616421e-02 9.7427761627815010e-04 0.0000000000000000e+00
2.7890096185826860e-02 1.2177078972822920e-03 0.0000000000000000e+00
2.7878407845231851e-02 1.4610454451155080e-03 0.0000000000000000e+00
2.7864596455943792e-02 1.7042717286814110e-03 0.0000000000000000e+00
2.7848663069753421e-02 1.9473682253568310e-03 0.0000000000000000e+00
2.7830608900049819e-02 2.1903164224023339e-03 0.0000000000000000e+00
2.7810435321727899e-02 2.4330978183721170e-03 0.0000000000000000e+00
2.7788143871083741e-02 2.6756939245229099e-03 0.0000000000000000e+00
2.7763736245697630e-02 2.9180862662219809e-03 0.0000000000000000e+00
2.7737214304304741e-02 3.1602563843540479e-03 0.0000000000000000e+00
2.7708580066653579e-02 3.4021858367270291e-03 0.0000000000000000e+00
2.7677835713352208e-02 3.6438561994764332e-03 0.0000000000000000e+00
2.7644983585702169e-02 3.8852490684684830e-03 0.0000000000000000e+00
2.7610026185520178e-02 4.1263460607016168e-03 0.0000000000000000e+00
2.7572966174947599e-02 4.3671288157064291e-03 0.0000000000000000e+00
2.7533806376247711e-02 4.6075789969439113e-03 0.0000000000000000e+00
2.7492549771590810e-02 4.8476782932017964e-03 0.0000000000000000e+00
2.7449199502827069e-02 5.0874084199891041e-03 0.0000000000000000e+00
2.7403758871247290e-02 5.3267511209285287e-03 0.0000000000000000e+00
2.7356231337331491e-02 5.5656881691467366e-03 0.0000000000000000e+00
2.7306620520485408e-02 5.8042013686624401e-03 0.0000000000000000e+00
2.7254930198764810e-02 6.0422725557720287e-03 0.0000000000000000e+00
2.7201164308587818e-02 6.2798836004328848e-03 0.0000000000000000e+00
2.7145326944435139e-02 6.5170164076440110e-03 0.0000000000000000e+00
2.7087422358538241e-02 6.7536529188240383e-03 0.0000000000000000e+00
2.7027454960555509e-02 6.9897751131864812e-03 0.0000000000000000e+00
2.6965429317236490e-02 7.2253650091120263e-03 0.0000000000000000e+00
2.6901350152074059e-02 7.4604046655179891e-03 0.0000000000000000e+00
2.6835222344944738e-02 7.6948761832245447e-03 0.0000000000000000e+00
2.6767050931737060e-02 7.9287617063178197e-03 0.0000000000000000e+00
2.6696841103968080e-02 8.1620434235097246e-03 0.0000000000000000e+00
2.6624598208388001e-02 8.3947035694942780e-03 0.0000000000000000e+00
2.6550327746573042e-02 8.6267244263006013e-03 0.0000000000000000e+00
2.6474035374506402e-02 8.8580883246421362e-03 0.0000000000000000e+00
2.6395726902147601e-02 9.0887776452622700e-03 0.0000000000000000e+00
2.6315408292989981e-02 9.3187748202760937e-03 0.0000000000000000e+00
2.6233085663606610e-02 9.5480623345082366e-03 0.0000000000000000e+00
2.6148765283184439e-02 9.7766227268267832e-03 0.0000000000000000e+00
2.6062453573046891e-02 1.0004438591472950e-02 0.0000000000000000e+00
2.5974157106164859e-02 1.0231492579386610e-02 0.0000000000000000e+00
2.5883882606656149e-02 1.0457767399527531e-02 0.0000000000000000e+00
2.5791636949273430e-02 1.0683245820192070e-02 0.0000000000000000e+00
2.5697427158880629e-02 1.0907910670325540e-02 0.0000000000000000e+00
2.5601260409918059e-02 1.1131744840829769e-02 0.0000000000000000e+00
2.5503144025855951e-02 1.1354731285866070e-02 0.0000000000000000e+00
2.5403085478636841e-02 1.1576853024153309e-02 0.0000000000000000e+00
2.5301092388106489e-02 1.1798093140261159e-02 0.0000000000000000e+00
2.5197172521433619e-02 1.2018434785898219e-02 0.0000000000000000e+00
2.5091333792518419e-02 1.2237861181195060e-02 0.0000000000000000e+00
2.4983584261389871e-02 1.2456355615982141e-02 0.0000000000000000e+00
2.4873932133591951e-02 1.2673901451062321e-02 0.0000000000000000e+00
2.4762385759558709e-02 1.2890482119478000e-02 0.0000000000000000e+00
2.4648953633978388e-02 1.3106081127772749e-02 0.0000000000000000e+00
2.4533644395146551e-02 1.3320682057247370e-02 0.0000000000000000e+00
2.4416466824308151e-02 1.3534268565210219e-02 0.0000000000000000e+00
2.4297429844988880e-02 1.3746824386221761e-02 0.0000000000000000e+00
2.4176542522315599e-02 1.3958333333333310e-02 0.0000000000000000e+00
2.4053814062325939e-02 1.4168779299319629e-02 0.0000000000000000e+00
2.3929253811267322e-02 1.4378146257905650e-02 0.0000000000000000e+00
2.3802871254885099e-02 1.4586418264986870e-02 0.0000000000000000e+00
2.3674676017700250e-02 1.4793579459843600e-02 0.0000000000000000e+00
2.3544677862276410e-02 1.4999614066348799e-02 0.0000000000000000e+00
2.3412886688476440e-02 1.5204506394169469e-02 0.0000000000000000e+00
2.3279312532708471e-02 1.5408240839961590e-02 0.0000000000000000e+00
2.3143965567161601e-02 1.5610801888558311e-02 0.0000000000000000e+00
2.3006856099031300e-02 1.5812174114151541e-02 0.0000000000000000e+00
2.2867994569734380e-02 1.6012342181466660e-02 0.0000000000000000e+00
2.2727391554113938e-02 1.6211290846930359e-02 0.0000000000000000e+00
2.2585057759633969e-02 1.6409004959831511e-02 0.0000000000000000e+00
2.2441004025564010e-02 1.6605469463474909e-02 0.0000000000000000e+00
2.2295241322153620e-02 1.6800669396327982e-02 0.0000000000000000e+00
2.2147780749797012e-02 1.6994589893160082e-02 0.0000000000000000e+00
2.1998633538187689e-02 1.7187216186174591e-02 0.0000000000000000e+00
2.1847811045463260e-02 1.7378533606133499e-02 0.0000000000000000e+00
2.1695324757340470e-02 1.7568527583474589e-02 0.0000000000000000e+00
2.1541186286240549e-02 1.7757183649420871e-02 0.0000000000000000e+00
2.1385407370404841e-02 1.7944487437082522e-02 0.0000000000000000e+00
2.1227999873000902e-02 1.8130424682550921e-02 0.0000000000000000e+00
2.1068975781219090e-02 1.8314981225984951e-02 0.0000000000000000e+00
2.0908347205359681e-02 1.8498143012689289e-02 0.0000000000000000e+00
2.0746126377910630e-02 1.8679896094184741e-02 0.0000000000000000e+00
2.0582325652616008e-02 1.8860226629270470e-02 0.0000000000000000e+00
2.0416957503535210e-02 1.9039120885078038e-02 0.0000000000000000e+00
2.0250034524093071e-02 1.9216565238117260e-02 0.0000000000000000e+00
2.0081569426120719e-02 1.9392546175313628e-02 0.0000000000000000e+00
1.9911575038887609e-02 1.9567050295037459e-02 0.0000000000000000e+00
1.9740064308124500e-02 1.9740064308124399e-02 0.0000000000000000e+00
1.9567050295037549e-02 1.9911575038887519e-02 0.0000000000000000e+00
1.9392546175313729e-02 2.0081569426120629e-02 0.0000000000000000e+00
1.9216565238117340e-02 2.0250034524092981e-02 0.0000000000000000e+00
1.9039120885078128e-02 2.0416957503535130e-02 0.0000000000000000e+00
1.8860226629270560e-02 2.0582325652615922e-02 0.0000000000000000e+00
1.8679896094184849e-02 2.0746126377910540e-02 0.0000000000000000e+00
1.8498143012689389e-02 2.0908347205359591e-02 0.0000000000000000e+00
1.8314981225985041e-02 2.1068975781219010e-02 0.0000000000000000e+00
1.8130424682551011e-02 2.1227999873000818e-02 0.0000000000000000e+00
1.7944487437082601e-02 2.1385407370404761e-02 0.0000000000000000e+00
1.7757183649420961e-02 2.1541186286240469e-02 0.0000000000000000e+00
1.7568527583474679e-02 2.1695324757340401e-02 0.0000000000000000e+00
1.7378533606133610e-02 2.1847811045463170e-02 0.0000000000000000e+00
1.7187216186174682e-02 2.1998633538187609e-02 0.0000000000000000e+00
1.6994589893160161e-02 2.2147780749796949e-02 0.0000000000000000e+00
1.6800669396328068e-02 2.2295241322153551e-02 0.0000000000000000e+00
1.6605469463474999e-02 2.2441004025563940e-02 0.0000000000000000e+00
1.6409004959831580e-02 2.2585057759633920e-02 0.0000000000000000e+00
1.6211290846930460e-02 2.2727391554113869e-02 0.0000000000000000e+00
1.6012342181466750e-02 2.2867994569734321e-02 0.0000000000000000e+00
1.5812174114151620e-02 2.3006856099031241e-02 0.0000000000000000e+00
1.5610801888558399e-02 2.3143965567161539e-02 0.0000000000000000e+00
1.5408240839961670e-02 2.3279312532708419e-02 0.0000000000000000e+00
1.5204506394169540e-02 2.3412886688476391e-02 0.0000000000000000e+00
1.4999614066348879e-02 2.3544677862276361e-02 0.0000000000000000e+00
1.4793579459843680e-02 2.3674676017700201e-02 0.0000000000000000e+00
1.4586418264986960e-02 2.3802871254885040e-02 0.0000000000000000e+00
1.4378146257905729e-02 2.3929253811267270e-02 0.0000000000000000e+00
1.4168779299319700e-02 2.4053814062325901e-02 0.0000000000000000e+00
1.3958333333333390e-02 2.4176542522315551e-02 0.0000000000000000e+00
1.3746824386221840e-02 2.4297429844988842e-02 0.0000000000000000e+00
1.3534268565210280e-02 2.4416466824308109e-02 0.0000000000000000e+00
1.3320682057247450e-02 2.4533644395146510e-02 0.0000000000000000e+00
1.3106081127772831e-02 2.4648953633978350e-02 0.0000000000000000e+00
1.2890482119478059e-02 2.4762385759558671e-02 0.0000000000000000e+00
1.2673901451062401e-02 2.4873932133591910e-02 0.0000000000000000e+00
1.2456355615982200e-02 2.4983584261389850e-02 0.0000000000000000e+00
1.2237861181195110e-02 2.5091333792518399e-02 0.0000000000000000e+00
1.2018434785898280e-02 2.5197172521433591e-02 0.0000000000000000e+00
1.1798093140261231e-02 2.5301092388106461e-02 0.0000000000000000e+00
1.1576853024153389e-02 2.5403085478636810e-02 0.0000000000000000e+00
1.1354731285866129e-02 2.5503144025855920e-02 0.0000000000000000e+00
1.1131744840829820e-02 2.5601260409918031e-02 0.0000000000000000e+00
1.0907910670325611e-02 2.5697427158880601e-02 0.0000000000000000e+00
1.0683245820192130e-02 2.5791636949273410e-02 0.0000000000000000e+00
1.0457767399527571e-02 2.5883882606656139e-02 0.0000000000000000e+00
1.0231492579386679e-02 2.5974157106164839e-02 0.0000000000000000e+00
1.0004438591473000e-02 2.6062453573046870e-02 0.0000000000000000e+00
9.7766227268268266e-03 2.6148765283184421e-02 0.0000000000000000e+00
9.5480623345082938e-03 2.6233085663606590e-02 0.0000000000000000e+00
9.3187748202761371e-03 2.6315408292989971e-02 0.0000000000000000e+00
9.0887776452623359e-03 2.6395726902147580e-02 0.0000000000000000e+00
8.8580883246421934e-03 2.6474035374506381e-02 0.0000000000000000e+00
8.6267244263006446e-03 2.6550327746573031e-02 0.0000000000000000e+00
8.3947035694943353e-03 2.6624598208387990e-02 0.0000000000000000e+00
8.1620434235097680e-03 2.6696841103968059e-02 0.0000000000000000e+00
7.9287617063178630e-03 2.6767050931737049e-02 0.0000000000000000e+00
7.6948761832246002e-03 2.6835222344944721e-02 0.0000000000000000e+00
7.4604046655180343e-03 2.6901350152074049e-02 0.0000000000000000e+00
7.2253650091120584e-03 2.6965429317236479e-02 0.0000000000000000e+00
6.9897751131865254e-03 2.7027454960555499e-02 0.0000000000000000e+00
6.7536529188240834e-03 2.7087422358538230e-02 0.0000000000000000e+00
6.5170164076440423e-03 2.7145326944435139e-02 0.0000000000000000e+00
6.2798836004329299e-03 2.7201164308587811e-02 0.0000000000000000e+00
6.0422725557720608e-03 2.7254930198764800e-02 0.0000000000000000e+00
5.8042013686624852e-03 2.7306620520485402e-02 0.0000000000000000e+00
5.5656881691467817e-03 2.7356231337331491e-02 0.0000000000000000e+00
5.3267511209285608e-03 2.7403758871247279e-02 0.0000000000000000e+00
5.0874084199891492e-03 2.7449199502827058e-02 0.0000000000000000e+00
4.8476782932018294e-03 2.7492549771590800e-02 0.0000000000000000e+00
4.6075789969439321e-03 2.7533806376247711e-02 0.0000000000000000e+00
4.3671288157064742e-03 2.7572966174947589e-02 0.0000000000000000e+00
4.1263460607016489e-03 2.7610026185520171e-02 0.0000000000000000e+00
3.8852490684685042e-03 2.7644983585702169e-02 0.0000000000000000e+00
3.6438561994764649e-03 2.7677835713352202e-02 0.0000000000000000e+00
3.4021858367270490e-03 2.7708580066653572e-02 0.0000000000000000e+00
3.1602563843540930e-03 2.7737214304304730e-02 0.0000000000000000e+00
2.9180862662220139e-03 2.7763736245697630e-02 0.0000000000000000e+00
2.6756939245229320e-03 2.7788143871083741e-02 0.0000000000000000e+00
2.4330978183721508e-03 2.7810435321727889e-02 0.0000000000000000e+00
2.1903164224023560e-03 2.7830608900049819e-02 0.0000000000000000e+00
1.9473682253568390e-03 2.7848663069753421e-02 0.0000000000000000e+00
1.7042717286814440e-03 2.7864596455943781e-02 0.0000000000000000e+00
1.4610454451155280e-03 2.7878407845231851e-02 0.0000000000000000e+00
1.2177078972823001e-03 2.7890096185826860e-02 0.0000000000000000e+00
9.7427761627817103e-04 2.7899660587616421e-02 0.0000000000000000e+00
7.3077314026146801e-04 2.7907100322234309e-02 0.0000000000000000e+00
4.8721301304083101e-04 2.7912414823115919e-02 0.0000000000000000e+00
2.4361578266295379e-04 2.7915603685541451e-02 0.0000000000000000e+00
$EndNodes
$Elements
99 2448 1 2448
2 10 2 14
1 8 127 121
2 43 119 44
3 47 125 48
4 138 145 142
5 106 136 121
6 108 135 42
7 111 117 116
8 82 112 81
9 74 119 73
10 77 104 76
11 79 105 78
12 122 136 112
13 106 80 81
14 80 106 79
2 10 3 72
15 70 71 113 99
16 57 130 115 58
17 59 129 103 60
18 61 128 110 62
19 124 75 76 104
20 115 129 59 58
21 103 128 61 60
22 107 130 57 56
23 114 131 16 15
24 17 16 131 109
25 120 18 17 109
26 2 63 114 15
27 137 145 132 99
28 67 133 101 66
29 69 132 100 68
30 72 3 18 120
31 71 72 120 113
32 114 63 62 110
33 100 132 145 138
34 137 99 113 134
35 101 126 65 66
36 100 133 67 68
37 99 132 69 70
38 112 82 6 30
39 101 133 143 139
40 120 109 134 113
41 110 141 131 114
42 119 43 1 73
43 138 143 133 100
44 39 10 52 51
45 122 31 7 32
46 126 108 64 65
47 41 42 135 123
48 9 39 51 50
49 106 81 112 136
50 38 9 50 49
51 108 42 11 64
52 107 123 135 140
53 117 34 35 116
54 49 48 37 38
55 103 142 144 128
56 111 102 127 117
57 144 141 110 128
58 108 126 140 135
59 105 79 106 121
60 53 40 118 54
61 32 33 136 122
62 143 138 129 115
63 10 40 53 52
64 139 143 115 130
65 8 34 117 127
66 140 139 130 107
67 131 141 134 109
68 121 136 33 8
69 45 44 102 111
70 139 140 126 101
71 112 30 31 122
72 129 138 142 103
73 125 36 37 48
74 107 56 55 123
75 55 54 118 123
76 46 45 111 116
77 127 102 124 104
78 102 44 119 124
79 105 121 127 104
80 47 46 116 125
81 35 36 125 116
82 144 142 145 137
83 141 144 137 134
84 118 40 41 123
85 124 119 74 75
86 105 104 77 78
2 50 2 3
87 17 150 18
88 15 151 16
89 20 149 19
2 50 3 13
90 28 29 146 151
91 23 148 146 147
92 147 149 20 21
93 147 146 29 149
94 146 27 150 151
95 28 151 15 2
96 151 150 17 16
97 150 27 3 18
98 149 29 4 19
99 26 27 146 148
100 5 26 148 25
101 148 23 24 25
102 22 23 147 21
2 41 2 3
103 89 153 88
104 154 155 83
105 88 152 87
2 41 3 9
106 89 6 30 153
107 13 86 156 85
108 156 86 87 152
109 7 83 155 31
110 12 84 154 83
111 154 156 152 155
112 152 88 153 155
113 31 155 153 30
114 156 154 84 85
2 10000 2 8
115 36 158 35
116 161 162 9
117 98 12 83
118 42 164 41
119 160 165 159
120 97 158 96
121 157 7 32
122 7 157 83
2 10000 3 21
123 162 14 94 163
124 163 94 95 167
125 164 90 91 159
126 42 11 90 164
127 92 160 159 91
128 37 38 163 167
129 38 9 162 163
130 160 92 93 161
131 168 39 10 165
132 96 158 167 95
133 14 162 161 93
134 157 35 158 97
135 164 159 40 41
136 168 161 9 39
137 167 158 36 37
138 160 161 168 165
139 8 34 166 33
140 40 159 165 10
141 34 35 157 166
142 157 97 98 83
143 166 157 32 33
2 10 2 14
144 174 267 261
145 203 259 204
146 207 265 208
147 278 285 282
148 246 276 261
149 248 275 202
150 251 257 256
151 233 252 232
152 225 259 224
153 228 244 227
154 230 245 229
155 262 276 252
156 246 231 232
157 231 246 230
2 10 3 72
158 70 71 253 239
159 217 270 255 218
160 219 269 243 220
161 221 268 250 222
162 264 226 227 244
163 255 269 219 218
164 243 268 221 220
165 247 270 217 216
166 254 271 178 177
167 179 178 271 249
168 260 180 179 249
169 170 223 254 177
170 277 285 272 239
171 67 273 241 66
172 69 272 240 68
173 72 3 180 260
174 71 72 260 253
175 254 223 222 250
176 240 272 285 278
177 277 239 253 274
178 241 266 65 66
179 240 273 67 68
180 239 272 69 70
181 252 233 172 190
182 241 273 283 279
183 260 249 274 253
184 250 281 271 254
185 259 203 169 224
186 278 283 273 240
187 199 176 212 211
188 262 191 173 192
189 266 248 64 65
190 201 202 275 263
191 175 199 211 210
192 246 232 252 276
193 198 175 210 209
194 248 202 11 64
195 247 263 275 280
196 257 194 195 256
197 209 208 197 198
198 243 282 284 268
199 251 242 267 257
200 284 281 250 268
201 248 266 280 275
202 245 230 246 261
203 213 200 258 214
204 192 193 276 262
205 283 278 269 255
206 176 200 213 212
207 279 283 255 270
208 174 194 257 267
209 280 279 270 247
210 271 281 274 249
211 261 276 193 174
212 205 204 242 251
213 279 280 266 241
214 252 190 191 262
215 269 278 282 243
216 265 196 197 208
217 247 216 215 263
218 215 214 258 263
219 206 205 251 256
220 267 242 264 244
221 242 204 259 264
222 245 261 267 244
223 207 206 256 265
224 195 196 265 256
225 284 282 285 277
226 281 284 277 274
227 258 200 201 263
228 264 259 225 226
229 245 244 228 229
2 50 2 3
230 179 290 180
231 177 291 178
232 182 289 181
2 50 3 13
233 188 189 286 291
234 185 288 286 287
235 287 289 182 183
236 287 286 189 289
237 286 27 290 291
238 188 291 177 170
239 291 290 179 178
240 290 27 3 180
241 289 189 171 181
242 26 27 286 288
243 5 26 288 187
244 288 185 186 187
245 184 185 287 183
2 41 2 3
246 238 293 237
247 294 295 234
248 237 292 236
2 41 3 9
249 238 172 190 293
250 13 235 296 85
251 296 235 236 292
252 173 234 295 191
253 12 84 294 234
254 294 296 292 295
255 292 237 293 295
256 191 295 293 190
257 296 294 84 85
2 10000 2 8
258 196 298 195
259 301 302 175
260 98 12 234
261 202 304 201
262 300 305 299
263 97 298 96
264 297 173 192
265 173 297 234
2 10000 3 21
266 302 14 94 303
267 303 94 95 307
268 304 90 91 299
269 202 11 90 304
270 92 300 299 91
271 197 198 303 307
272 198 175 302 303
273 300 92 93 301
274 308 199 176 305
275 96 298 307 95
276 14 302 301 93
277 297 195 298 97
278 304 299 200 201
279 308 301 175 199
280 307 298 196 197
281 300 301 308 305
282 174 194 306 193
283 200 299 305 176
284 194 195 297 306
285 297 97 98 234
286 306 297 192 193
2 10 2 14
287 313 409 403
288 203 401 204
289 207 407 208
290 420 427 424
291 388 418 403
292 390 417 345
293 393 399 398
294 364 394 363
295 356 401 355
296 359 386 358
297 361 387 360
298 404 418 394
299 388 362 363
300 362 388 361
2 10 3 72
301 352 353 395 381
302 217 412 397 218
303 219 411 385 220
304 221 410 392 222
305 406 357 358 386
306 397 411 219 218
307 385 410 221 220
308 389 412 217 216
309 396 413 321 320
310 322 321 413 391
311 402 323 322 391
312 170 223 396 320
313 419 427 414 381
314 349 415 383 348
315 351 414 382 350
316 354 309 323 402
317 353 354 402 395
318 396 223 222 392
319 382 414 427 420
320 419 381 395 416
321 383 408 347 348
322 382 415 349 350
323 381 414 351 352
324 394 364 311 333
325 383 415 425 421
326 402 391 416 395
327 392 423 413 396
328 401 203 169 355
329 420 425 415 382
330 342 315 212 211
331 404 334 312 335
332 408 390 346 347
333 344 345 417 405
334 314 342 211 210
335 388 363 394 418
336 341 314 210 209
337 390 345 316 346
338 389 405 417 422
339 399 337 338 398
340 209 208 340 341
341 385 424 426 410
342 393 384 409 399
343 426 423 392 410
344 390 408 422 417
345 387 361 388 403
346 213 343 400 214
347 335 336 418 404
348 425 420 411 397
349 315 343 213 212
350 421 425 397 412
351 313 337 399 409
352 422 421 412 389
353 413 423 416 391
354 403 418 336 313
355 205 204 384 393
356 421 422 408 383
357 394 333 334 404
358 411 420 424 385
359 407 339 340 208
360 389 216 215 405
361 215 214 400 405
362 206 205 393 398
363 409 384 406 386
364 384 204 401 406
365 387 403 409 386
366 207 206 398 407
367 338 339 407 398
368 426 424 427 419
369 423 426 419 416
370 400 343 344 405
371 406 401 356 357
372 387 386 359 360
2 50 2 3
373 322 432 323
374 320 433 321
375 325 431 324
2 50 3 13
376 188 189 428 433
377 328 430 428 429
378 429 431 325 326
379 429 428 189 431
380 428 332 432 433
381 188 433 320 170
382 433 432 322 321
383 432 332 309 323
384 431 189 171 324
385 331 332 428 430
386 310 331 430 330
387 430 328 329 330
388 327 328 429 326
2 41 2 3
389 371 435 370
390 436 437 365
391 370 434 369
2 41 3 9
392 371 311 333 435
393 318 368 438 367
394 438 368 369 434
395 312 365 437 334
396 317 366 436 365
397 436 438 434 437
398 434 370 435 437
399 334 437 435 333
400 438 436 366 367
2 10001 2 8
401 339 440 338
402 443 444 314
403 380 317 365
404 345 446 344
405 442 447 441
406 379 440 378
407 439 312 335
408 312 439 365
2 10001 3 21
409 444 319 376 445
410 445 376 377 449
411 446 372 373 441
412 345 316 372 446
413 374 442 441 373
414 340 341 445 449
415 341 314 444 445
416 442 374 375 443
417 450 342 315 447
418 378 440 449 377
419 319 444 443 375
420 439 338 440 379
421 446 441 343 344
422 450 443 314 342
423 449 440 339 340
424 442 443 450 447
425 313 337 448 336
426 343 441 447 315
427 337 338 439 448
428 439 379 380 365
429 448 439 335 336
2 10 2 14
430 456 549 543
431 485 541 486
432 489 547 490
433 560 567 564
434 528 558 543
435 530 557 484
436 533 539 538
437 515 534 514
438 507 541 506
439 510 526 509
440 512 527 511
441 544 558 534
442 528 513 514
443 513 528 512
2 10 3 72
444 352 353 535 521
445 499 552 537 500
446 501 551 525 502
447 503 550 532 504
448 546 508 509 526
449 537 551 501 500
450 525 550 503 502
451 529 552 499 498
452 536 553 460 459
453 461 460 553 531
454 542 462 461 531
455 452 505 536 459
456 559 567 554 521
457 349 555 523 348
458 351 554 522 350
459 354 309 462 542
460 353 354 542 535
461 536 505 504 532
462 522 554 567 560
463 559 521 535 556
464 523 548 347 348
465 522 555 349 350
466 521 554 351 352
467 534 515 454 472
468 523 555 565 561
469 542 531 556 535
470 532 563 553 536
471 541 485 451 506
472 560 565 555 522
473 481 458 494 493
474 544 473 455 474
475 548 530 346 347
476 483 484 557 545
477 457 481 493 492
478 528 514 534 558
479 480 457 492 491
480 530 484 316 346
481 529 545 557 562
482 539 476 477 538
483 491 490 479 480
484 525 564 566 550
485 533 524 549 539
486 566 563 532 550
487 530 548 562 557
488 527 512 528 543
489 495 482 540 496
490 474 475 558 544
491 565 560 551 537
492 458 482 495 494
493 561 565 537 552
494 456 476 539 549
495 562 561 552 529
496 553 563 556 531
497 543 558 475 456
498 487 486 524 533
499 561 562 548 523
500 534 472 473 544
501 551 560 564 525
502 547 478 479 490
503 529 498 497 545
504 497 496 540 545
505 488 487 533 538
506 549 524 546 526
507 524 486 541 546
508 527 543 549 526
509 489 488 538 547
510 477 478 547 538
511 566 564 567 559
512 563 566 559 556
513 540 482 483 545
514 546 541 507 508
515 527 526 510 511
2 50 2 3
516 461 572 462
517 459 573 460
518 464 571 463
2 50 3 13
519 470 471 568 573
520 467 570 568 569
521 569 571 464 465
522 569 568 471 571
523 568 332 572 573
524 470 573 459 452
525 573 572 461 460
526 572 332 309 462
527 571 471 453 463
528 331 332 568 570
529 310 331 570 469
530 570 467 468 469
531 466 467 569 465
2 41 2 3
532 520 575 519
533 576 577 516
534 519 574 518
2 41 3 9
535 520 454 472 575
536 318 517 578 367
537 578 517 518 574
538 455 516 577 473
539 317 366 576 516
540 576 578 574 577
541 574 519 575 577
542 473 577 575 472
543 578 576 366 367
2 10001 2 8
544 478 580 477
545 583 584 457
546 380 317 516
547 484 586 483
548 582 587 581
549 379 580 378
550 579 455 474
551 455 579 516
2 10001 3 21
552 584 319 376 585
553 585 376 377 589
554 586 372 373 581
555 484 316 372 586
556 374 582 581 373
557 479 480 585 589
558 480 457 584 585
559 582 374 375 583
560 590 481 458 587
561 378 580 589 377
562 319 584 583 375
563 579 477 580 379
564 586 581 482 483
565 590 583 457 481
566 589 580 478 479
567 582 583 590 587
568 456 476 588 475
569 482 581 587 458
570 476 477 579 588
571 579 379 380 516
572 588 579 474 475
2 10 2 14
573 595 691 685
574 485 683 486
575 489 689 490
576 702 709 706
577 670 700 685
578 672 699 627
579 675 681 680
580 646 676 645
581 638 683 637
582 641 668 640
583 643 669 642
584 686 700 676
585 670 644 645
586 644 670 643
2 10 3 72
587 634 635 677 663
588 499 694 679 500
589 501 693 667 502
590 503 692 674 504
591 688 639 640 668
592 679 693 501 500
593 667 692 503 502
594 671 694 499 498
595 678 695 603 602
596 604 603 695 673
597 684 605 604 673
598 452 505 678 602
599 701 709 696 663
600 631 697 665 630
601 633 696 664 632
602 636 591 605 684
603 635 636 684 677
604 678 505 504 674
605 664 696 709 702
606 701 663 677 698
607 665 690 629 630
608 664 697 631 632
609 663 696 633 634
610 676 646 593 615
611 665 697 707 703
612 684 673 698 677
613 674 705 695 678
614 683 485 451 637
615 702 707 697 664
616 624 597 494 493
617 686 616 594 617
618 690 672 628 629
619 626 627 699 687
620 596 624 493 492
621 670 645 676 700
622 623 596 492 491
623 672 627 598 628
624 671 687 699 704
625 681 619 620 680
626 491 490 622 623
627 667 706 708 692
628 675 666 691 681
629 708 705 674 692
630 672 690 704 699
631 669 643 670 685
632 495 625 682 496
633 617 618 700 686
634 707 702 693 679
635 597 625 495 494
636 703 707 679 694
637 595 619 681 691
638 704 703 694 671
639 695 705 698 673
640 685 700 618 595
641 487 486 666 675
642 703 704 690 665
643 676 615 616 686
644 693 702 706 667
645 689 621 622 490
646 671 498 497 687
647 497 496 682 687
648 488 487 675 680
649 691 666 688 668
650 666 486 683 688
651 669 685 691 668
652 489 488 680 689
653 620 621 689 680
654 708 706 709 701
655 705 708 701 698
656 682 625 626 687
657 688 683 638 639
658 669 668 641 642
2 50 2 3
659 604 714 605
660 602 715 603
661 607 713 606
2 50 3 13
662 470 471 710 715
663 610 712 710 711
664 711 713 607 608
665 711 710 471 713
666 710 614 714 715
667 470 715 602 452
668 715 714 604 603
669 714 614 591 605
670 713 471 453 606
671 613 614 710 712
672 592 613 712 612
673 712 610 611 612
674 609 610 711 608
2 41 2 3
675 653 717 652
676 718 719 647
677 652 716 651
2 41 3 9
678 653 593 615 717
679 600 650 720 649
680 720 650 651 716
681 594 647 719 616
682 599 648 718 647
683 718 720 716 719
684 716 652 717 719
685 616 719 717 615
686 720 718 648 649
2 10002 2 8
687 621 722 620
688 725 726 596
689 662 599 647
690 627 728 626
691 724 729 723
692 661 722 660
693 721 594 617
694 594 721 647
2 10002 3 21
695 726 601 658 727
696 727 658 659 731
697 728 654 655 723
698 627 598 654 728
699 656 724 723 655
700 622 623 727 731
701 623 596 726 727
702 724 656 657 725
703 732 624 597 729
704 660 722 731 659
705 601 726 725 657
706 721 620 722 661
707 728 723 625 626
708 732 725 596 624
709 731 722 621 622
710 724 725 732 729
711 595 619 730 618
712 625 723 729 597
713 619 620 721 730
714 721 661 662 647
715 730 721 617 618
2 10 2 14
716 738 831 825
717 767 823 768
718 771 829 772
719 842 849 846
720 810 840 825
721 812 839 766
722 815 821 820
723 797 816 796
724 789 823 788
725 792 808 791
726 794 809 793
727 826 840 816
728 810 795 796
729 795 810 794
2 10 3 72
730 634 635 817 803
731 781 834 819 782
732 783 833 807 784
733 785 832 814 786
734 828 790 791 808
735 819 833 783 782
736 807 832 785 784
737 811 834 781 780
738 818 835 742 741
739 743 742 835 813
740 824 744 743 813
741 734 787 818 741
742 841 849 836 803
743 631 837 805 630
744 633 836 804 632
745 636 591 744 824
746 635 636 824 817
747 818 787 786 814
748 804 836 849 842
749 841 803 817 838
750 805 830 629 630
751 804 837 631 632
752 803 836 633 634
753 816 797 736 754
754 805 837 847 843
755 824 813 838 817
756 814 845 835 818
757 823 767 733 788
758 842 847 837 804
759 763 740 776 775
760 826 755 737 756
761 830 812 628 629
762 765 766 839 827
763 739 763 775 774
764 810 796 816 840
765 762 739 774 773
766 812 766 598 628
767 811 827 839 844
768 821 758 759 820
769 773 772 761 762
770 807 846 848 832
771 815 806 831 821
772 848 845 814 832
773 812 830 844 839
774 809 794 810 825
775 777 764 822 778
776 756 757 840 826
777 847 842 833 819
778 740 764 777 776
779 843 847 819 834
780 738 758 821 831
781 844 843 834 811
782 835 845 838 813
783 825 840 757 738
784 769 768 806 815
785 843 844 830 805
786 816 754 755 826
787 833 842 846 807
788 829 760 761 772
789 811 780 779 827
790 779 778 822 827
791 770 769 815 820
792 831 806 828 808
793 806 768 823 828
794 809 825 831 808
795 771 770 820 829
796 759 760 829 820
797 848 846 849 841
798 845 848 841 838
799 822 764 765 827
800 828 823 789 790
801 809 808 792 793
2 50 2 3
802 743 854 744
803 741 855 742
804 746 853 745
2 50 3 13
805 752 753 850 855
806 749 852 850 851
807 851 853 746 747
808 851 850 753 853
809 850 614 854 855
810 752 855 741 734
811 855 854 743 742
812 854 614 591 744
813 853 753 735 745
814 613 614 850 852
815 592 613 852 751
816 852 749 750 751
817 748 749 851 747
2 41 2 3
818 802 857 801
819 858 859 798
820 801 856 800
2 41 3 9
821 802 736 754 857
822 600 799 860 649
823 860 799 800 856
824 737 798 859 755
825 599 648 858 798
826 858 860 856 859
827 856 801 857 859
828 755 859 857 754
829 860 858 648 649
2 10002 2 8
830 760 862 759
831 865 866 739
832 662 599 798
833 766 868 765
834 864 869 863
835 661 862 660
836 861 737 756
837 737 861 798
2 10002 3 21
838 866 601 658 867
839 867 658 659 871
840 868 654 655 863
841 766 598 654 868
842 656 864 863 655
843 761 762 867 871
844 762 739 866 867
845 864 656 657 865
846 872 763 740 869
847 660 862 871 659
848 601 866 865 657
849 861 759 862 661
850 868 863 764 765
851 872 865 739 763
852 871 862 760 761
853 864 865 872 869
854 738 758 870 757
855 764 863 869 740
856 758 759 861 870
857 861 661 662 798
858 870 861 756 757
2 10 2 14
859 877 973 967
860 767 965 768
861 771 971 772
862 984 991 988
863 952 982 967
864 954 981 909
865 957 963 962
866 928 958 927
867 920 965 919
868 923 950 922
869 925 951 924
870 968 982 958
871 952 926 927
872 926 952 925
2 10 3 72
873 916 917 959 945
874 781 976 961 782
875 783 975 949 784
876 785 974 956 786
877 970 921 922 950
878 961 975 783 782
879 949 974 785 784
880 953 976 781 780
881 960 977 885 884
882 886 885 977 955
883 966 887 886 955
884 734 787 960 884
885 983 991 978 945
886 913 979 947 912
887 915 978 946 914
888 918 873 887 966
889 917 918 966 959
890 960 787 786 956
891 946 978 991 984
892 983 945 959 980
893 947 972 911 912
894 946 979 913 914
895 945 978 915 916
896 958 928 875 897
897 947 979 989 985
898 966 955 980 959
899 956 987 977 960
900 965 767 733 919
901 984 989 979 946
902 906 879 776 775
903 968 898 876 899
904 972 954 910 911
905 908 909 981 969
906 878 906 775 774
907 952 927 958 982
908 905 878 774 773
909 954 909 880 910
910 953 969 981 986
911 963 901 902 962
912 773 772 904 905
913 949 988 990 974
914 957 948 973 963
915 990 987 956 974
916 954 972 986 981
917 951 925 952 967
918 777 907 964 778
919 899 900 982 968
920 989 984 975 961
921 879 907 777 776
922 985 989 961 976
923 877 901 963 973
924 986 985 976 953
925 977 987 980 955
926 967 982 900 877
927 769 768 948 957
928 985 986 972 947
929 958 897 898 968
930 975 984 988 949
931 971 903 904 772
932 953 780 779 969
933 779 778 964 969
934 770 769 957 962
935 973 948 970 950
936 948 768 965 970
937 951 967 973 950
938 771 770 962 971
939 902 903 971 962
940 990 988 991 983
941 987 990 983 980
942 964 907 908 969
943 970 965 920 921
944 951 950 923 924
2 50 2 3
945 886 996 887
946 884 997 885
947 889 995 888
2 50 3 13
948 752 753 992 997
949 892 994 992 993
950 993 995 889 890
951 993 992 753 995
952 992 896 996 997
953 752 997 884 734
954 997 996 886 885
955 996 896 873 887
956 995 753 735 888
957 895 896 992 994
958 874 895 994 894
959 994 892 893 894
960 891 892 993 890
2 41 2 3
961 935 999 934
962 1000 1001 929
963 934 998 933
2 41 3 9
964 935 875 897 999
965 882 932 1002 931
966 1002 932 933 998
967 876 929 1001 898
968 881 930 1000 929
969 1000 1002 998 1001
970 998 934 999 1001
971 898 1001 999 897
972 1002 1000 930 931
2 10003 2 8
973 903 1004 902
974 1007 1008 878
975 944 881 929
976 909 1010 908
977 1006 1011 1005
978 943 1004 942
979 1003 876 899
980 876 1003 929
2 10003 3 21
981 1008 883 940 1009
982 1009 940 941 1013
983 1010 936 937 1005
984 909 880 936 1010
985 938 1006 1005 937
986 904 905 1009 1013
987 905 878 1008 1009
988 1006 938 939 1007
989 1014 906 879 1011
990 942 1004 1013 941
991 883 1008 1007 939
992 1003 902 1004 943
993 1010 1005 907 908
994 1014 1007 878 906
995 1013 1004 903 904
996 1006 1007 1014 1011
997 877 901 1012 900
998 907 1005 1011 879
999 901 902 1003 1012
1000 1003 943 944 929
1001 1012 1003 899 900
2 10 2 14
1002 1020 1113 1107
1003 1049 1105 1050
1004 1053 1111 1054
1005 1124 1131 1128
1006 1092 1122 1107
1007 1094 1121 1048
1008 1097 1103 1102
1009 1079 1098 1078
1010 1071 1105 1070
1011 1074 1090 1073
1012 1076 1091 1075
1013 1108 1122 1098
1014 1092 1077 1078
1015 1077 1092 1076
2 10 3 72
1016 916 917 1099 1085
1017 1063 1116 1101 1064
1018 1065 1115 1089 1066
1019 1067 1114 1096 1068
1020 1110 1072 1073 1090
1021 1101 1115 1065 1064
1022 1089 1114 1067 1066
1023 1093 1116 1063 1062
1024 1100 1117 1024 1023
1025 1025 1024 1117 1095
1026 1106 1026 1025 1095
1027 1016 1069 1100 1023
1028 1123 1131 1118 1085
1029 913 1119 1087 912
1030 915 1118 1086 914
1031 918 873 1026 1106
1032 917 918 1106 1099
1033 1100 1069 1068 1096
1034 1086 1118 1131 1124
1035 1123 1085 1099 1120
1036 1087 1112 911 912
1037 1086 1119 913 914
1038 1085 1118 915 916
1039 1098 1079 1018 1036
1040 1087 1119 1129 1125
1041 1106 1095 1120 1099
1042 1096 1127 1117 1100
1043 1105 1049 1015 1070
1044 1124 1129 1119 1086
1045 1045 1022 1058 1057
1046 1108 1037 1019 1038
1047 1112 1094 910 911
1048 1047 1048 1121 1109
1049 1021 1045 1057 1056
1050 1092 1078 1098 1122
1051 1044 1021 1056 1055
1052 1094 1048 880 910
1053 1093 1109 1121 1126
1054 1103 1040 1041 1102
1055 1055 1054 1043 1044
1056 1089 1128 1130 1114
1057 1097 1088 1113 1103
1058 1130 1127 1096 1114
1059 1094 1112 1126 1121
1060 1091 1076 1092 1107
1061 1059 1046 1104 1060
1062 1038 1039 1122 1108
1063 1129 1124 1115 1101
1064 1022 1046 1059 1058
1065 1125 1129 1101 1116
1066 1020 1040 1103 1113
1067 1126 1125 1116 1093
1068 1117 1127 1120 1095
1069 1107 1122 1039 1020
1070 1051 1050 1088 1097
1071 1125 1126 1112 1087
1072 1098 1036 1037 1108
1073 1115 1124 1128 1089
1074 1111 1042 1043 1054
1075 1093 1062 1061 1109
1076 1061 1060 1104 1109
1077 1052 1051 1097 1102
1078 1113 1088 1110 1090
1079 1088 1050 1105 1110
1080 1091 1107 1113 1090
1081 1053 1052 1102 1111
1082 1041 1042 1111 1102
1083 1130 1128 1131 1123
1084 1127 1130 1123 1120
1085 1104 1046 1047 1109
1086 1110 1105 1071 1072
1087 1091 1090 1074 1075
2 50 2 3
1088 1025 1136 1026
1089 1023 1137 1024
1090 1028 1135 1027
2 50 3 13
1091 1034 1035 1132 1137
1092 1031 1134 1132 1133
1093 1133 1135 1028 1029
1094 1133 1132 1035 1135
1095 1132 896 1136 1137
1096 1034 1137 1023 1016
1097 1137 1136 1025 1024
1098 1136 896 873 1026
1099 1135 1035 1017 1027
1100 895 896 1132 1134
1101 874 895 1134 1033
1102 1134 1031 1032 1033
1103 1030 1031 1133 1029
2 41 2 3
1104 1084 1139 1083
1105 1140 1141 1080
1106 1083 1138 1082
2 41 3 9
1107 1084 1018 1036 1139
1108 882 1081 1142 931
1109 1142 1081 1082 1138
1110 1019 1080 1141 1037
1111 881 930 1140 1080
1112 1140 1142 1138 1141
1113 1138 1083 1139 1141
1114 1037 1141 1139 1036
1115 1142 1140 930 931
2 10003 2 8
1116 1042 1144 1041
1117 1147 1148 1021
1118 944 881 1080
1119 1048 1150 1047
1120 1146 1151 1145
1121 943 1144 942
1122 1143 1019 1038
1123 1019 1143 1080
2 10003 3 21
1124 1148 883 940 1149
1125 1149 940 941 1153
1126 1150 936 937 1145
1127 1048 880 936 1150
1128 938 1146 1145 937
1129 1043 1044 1149 1153
1130 1044 1021 1148 1149
1131 1146 938 939 1147
1132 1154 1045 1022 1151
1133 942 1144 1153 941
1134 883 1148 1147 939
1135 1143 1041 1144 943
1136 1150 1145 1046 1047
1137 1154 1147 1021 1045
1138 1153 1144 1042 1043
1139 1146 1147 1154 1151
1140 1020 1040 1152 1039
1141 1046 1145 1151 1022
1142 1040 1041 1143 1152
1143 1143 943 944 1080
1144 1152 1143 1038 1039
2 10 2 14
1145 1159 1255 1249
1146 1049 1247 1050
1147 1053 1253 1054
1148 1266 1273 1270
1149 1234 1264 1249
1150 1236 1263 1191
1151 1239 1245 1244
1152 1210 1240 1209
1153 1202 1247 1201
1154 1205 1232 1204
1155 1207 1233 1206
1156 1250 1264 1240
1157 1234 1208 1209
1158 1208 1234 1207
2 10 3 72
1159 1198 1199 1241 1227
1160 1063 1258 1243 1064
1161 1065 1257 1231 1066
1162 1067 1256 1238 1068
1163 1252 1203 1204 1232
1164 1243 1257 1065 1064
1165 1231 1256 1067 1066
1166 1235 1258 1063 1062
1167 1242 1259 1167 1166
1168 1168 1167 1259 1237
1169 1248 1169 1168 1237
1170 1016 1069 1242 1166
1171 1265 1273 1260 1227
1172 1195 1261 1229 1194
1173 1197 1260 1228 1196
1174 1200 1155 1169 1248
1175 1199 1200 1248 1241
1176 1242 1069 1068 1238
1177 1228 1260 1273 1266
1178 1265 1227 1241 1262
1179 1229 1254 1193 1194
1180 1228 1261 1195 1196
1181 1227 1260 1197 1198
1182 1240 1210 1157 1179
1183 1229 1261 1271 1267
1184 1248 1237 1262 1241
1185 1238 1269 1259 1242
1186 1247 1049 1015 1201
1187 1266 1271 1261 1228
1188 1188 1161 1058 1057
1189 1250 1180 1158 1181
1190 1254 1236 1192 1193
1191 1190 1191 1263 1251
1192 1160 1188 1057 1056
1193 1234 1209 1240 1264
1194 1187 1160 1056 1055
1195 1236 1191 1162 1192
1196 1235 1251 1263 1268
1197 1245 1183 1184 1244
1198 1055 1054 1186 1187
1199 1231 1270 1272 1256
1200 1239 1230 1255 1245
1201 1272 1269 1238 1256
1202 1236 1254 1268 1263
1203 1233 1207 1234 1249
1204 1059 1189 1246 1060
1205 1181 1182 1264 1250
1206 1271 1266 1257 1243
1207 1161 1189 1059 1058
1208 1267 1271 1243 1258
1209 1159 1183 1245 1255
1210 1268 1267 1258 1235
1211 1259 1269 1262 1237
1212 1249 1264 1182 1159
1213 1051 1050 1230 1239
1214 1267 1268 1254 1229
1215 1240 1179 1180 1250
1216 1257 1266 1270 1231
1217 1253 1185 1186 1054
1218 1235 1062 1061 1251
1219 1061 1060 1246 1251
1220 1052 1051 1239 1244
1221 1255 1230 1252 1232
1222 1230 1050 1247 1252
1223 1233 1249 1255 1232
1224 1053 1052 1244 1253
1225 1184 1185 1253 1244
1226 1272 1270 1273 1265
1227 1269 1272 1265 1262
1228 1246 1189 1190 1251
1229 1252 1247 1202 1203
1230 1233 1232 1205 1206
2 50 2 3
1231 1168 1278 1169
1232 1166 1279 1167
1233 1171 1277 1170
2 50 3 13
1234 1034 1035 1274 1279
1235 1174 1276 1274 1275
1236 1275 1277 1171 1172
1237 1275 1274 1035 1277
1238 1274 1178 1278 1279
1239 1034 1279 1166 1016
1240 1279 1278 1168 1167
1241 1278 1178 1155 1169
1242 1277 1035 1017 1170
1243 1177 1178 1274 1276
1244 1156 1177 1276 1176
1245 1276 1174 1175 1176
1246 1173 1174 1275 1172
2 41 2 3
1247 1217 1281 1216
1248 1282 1283 1211
1249 1216 1280 1215
2 41 3 9
1250 1217 1157 1179 1281
1251 1164 1214 1284 1213
1252 1284 1214 1215 1280
1253 1158 1211 1283 1180
1254 1163 1212 1282 1211
1255 1282 1284 1280 1283
1256 1280 1216 1281 1283
1257 1180 1283 1281 1179
1258 1284 1282 1212 1213
2 10004 2 8
1259 1185 1286 1184
1260 1289 1290 1160
1261 1226 1163 1211
1262 1191 1292 1190
1263 1288 1293 1287
1264 1225 1286 1224
1265 1285 1158 1181
1266 1158 1285 1211
2 10004 3 21
1267 1290 1165 1222 1291
1268 1291 1222 1223 1295
1269 1292 1218 1219 1287
1270 1191 1162 1218 1292
1271 1220 1288 1287 1219
1272 1186 1187 1291 1295
1273 1187 1160 1290 1291
1274 1288 1220 1221 1289
1275 1296 1188 1161 1293
1276 1224 1286 1295 1223
1277 1165 1290 1289 1221
1278 1285 1184 1286 1225
1279 1292 1287 1189 1190
1280 1296 1289 1160 1188
1281 1295 1286 1185 1186
1282 1288 1289 1296 1293
1283 1159 1183 1294 1182
1284 1189 1287 1293 1161
1285 1183 1184 1285 1294
1286 1285 1225 1226 1211
1287 1294 1285 1181 1182
2 10 2 14
1288 1302 1395 1389
1289 1331 1387 1332
1290 1335 1393 1336
1291 1406 1413 1410
1292 1374 1404 1389
1293 1376 1403 1330
1294 1379 1385 1384
1295 1361 1380 1360
1296 1353 1387 1352
1297 1356 1372 1355
1298 1358 1373 1357
1299 1390 1404 1380
1300 1374 1359 1360
1301 1359 1374 1358
2 10 3 72
1302 1198 1199 1381 1367
1303 1345 1398 1383 1346
1304 1347 1397 1371 1348
1305 1349 1396 1378 1350
1306 1392 1354 1355 1372
1307 1383 1397 1347 1346
1308 1371 1396 1349 1348
1309 1375 1398 1345 1344
1310 1382 1399 1306 1305
1311 1307 1306 1399 1377
1312 1388 1308 1307 1377
1313 1298 1351 1382 1305
1314 1405 1413 1400 1367
1315 1195 1401 1369 1194
1316 1197 1400 1368 1196
1317 1200 1155 1308 1388
1318 1199 1200 1388 1381
1319 1382 1351 1350 1378
1320 1368 1400 1413 1406
1321 1405 1367 1381 1402
1322 1369 1394 1193 1194
1323 1368 1401 1195 1196
1324 1367 1400 1197 1198
1325 1380 1361 1300 1318
1326 1369 1401 1411 1407
1327 1388 1377 1402 1381
1328 1378 1409 1399 1382
1329 1387 1331 1297 1352
1330 1406 1411 1401 1368
1331 1327 1304 1340 1339
1332 1390 1319 1301 1320
1333 1394 1376 1192 1193
1334 1329 1330 1403 1391
1335 1303 1327 1339 1338
1336 1374 1360 1380 1404
1337 1326 1303 1338 1337
1338 1376 1330 1162 1192
1339 1375 1391 1403 1408
1340 1385 1322 1323 1384
1341 1337 1336 1325 1326
1342 1371 1410 1412 1396
1343 1379 1370 1395 1385
1344 1412 1409 1378 1396
1345 1376 1394 1408 1403
1346 1373 1358 1374 1389
1347 1341 1328 1386 1342
1348 1320 1321 1404 1390
1349 1411 1406 1397 1383
1350 1304 1328 1341 1340
1351 1407 1411 1383 1398
1352 1302 1322 1385 1395
1353 1408 1407 1398 1375
1354 1399 1409 1402 1377
1355 1389 1404 1321 1302
1356 1333 1332 1370 1379
1357 1407 1408 1394 1369
1358 1380 1318 1319 1390
1359 1397 1406 1410 1371
1360 1393 1324 1325 1336
1361 1375 1344 1343 1391
1362 1343 1342 1386 1391
1363 1334 1333 1379 1384
1364 1395 1370 1392 1372
1365 1370 1332 1387 1392
1366 1373 1389 1395 1372
1367 1335 1334 1384 1393
1368 1323 1324 1393 1384
1369 1412 1410 1413 1405
1370 1409 1412 1405 1402
1371 1386 1328 1329 1391
1372 1392 1387 1353 1354
1373 1373 1372 1356 1357
2 50 2 3
1374 1307 1418 1308
1375 1305 1419 1306
1376 1310 1417 1309
2 50 3 13
1377 1316 1317 1414 1419
1378 1313 1416 1414 1415
1379 1415 1417 1310 1311
1380 1415 1414 1317 1417
1381 1414 1178 1418 1419
1382 1316 1419 1305 1298
1383 1419 1418 1307 1306
1384 1418 1178 1155 1308
1385 1417 1317 1299 1309
1386 1177 1178 1414 1416
1387 1156 1177 1416 1315
1388 1416 1313 1314 1315
1389 1312 1313 1415 1311
2 41 2 3
1390 1366 1421 1365
1391 1422 1423 1362
1392 1365 1420 1364
2 41 3 9
1393 1366 1300 1318 1421
1394 1164 1363 1424 1213
1395 1424 1363 1364 1420
1396 1301 1362 1423 1319
1397 1163 1212 1422 1362
1398 1422 1424 1420 1423
1399 1420 1365 1421 1423
1400 1319 1423 1421 1318
1401 1424 1422 1212 1213
2 10004 2 8
1402 1324 1426 1323
1403 1429 1430 1303
1404 1226 1163 1362
1405 1330 1432 1329
1406 1428 1433 1427
1407 1225 1426 1224
1408 1425 1301 1320
1409 1301 1425 1362
2 10004 3 21
1410 1430 1165 1222 1431
1411 1431 1222 1223 1435
1412 1432 1218 1219 1427
1413 1330 1162 1218 1432
1414 1220 1428 1427 1219
1415 1325 1326 1431 1435
1416 1326 1303 1430 1431
1417 1428 1220 1221 1429
1418 1436 1327 1304 1433
1419 1224 1426 1435 1223
1420 1165 1430 1429 1221
1421 1425 1323 1426 1225
1422 1432 1427 1328 1329
1423 1436 1429 1303 1327
1424 1435 1426 1324 1325
1425 1428 1429 1436 1433
1426 1302 1322 1434 1321
1427 1328 1427 1433 1304
1428 1322 1323 1425 1434
1429 1425 1225 1226 1362
1430 1434 1425 1320 1321
2 10 2 14
1431 1441 1537 1531
1432 1331 1529 1332
1433 1335 1535 1336
1434 1548 1555 1552
1435 1516 1546 1531
1436 1518 1545 1473
1437 1521 1527 1526
1438 1492 1522 1491
1439 1484 1529 1483
1440 1487 1514 1486
1441 1489 1515 1488
1442 1532 1546 1522
1443 1516 1490 1491
1444 1490 1516 1489
2 10 3 72
1445 1480 1481 1523 1509
1446 1345 1540 1525 1346
1447 1347 1539 1513 1348
1448 1349 1538 1520 1350
1449 1534 1485 1486 1514
1450 1525 1539 1347 1346
1451 1513 1538 1349 1348
1452 1517 1540 1345 1344
1453 1524 1541 1449 1448
1454 1450 1449 1541 1519
1455 1530 1451 1450 1519
1456 1298 1351 1524 1448
1457 1547 1555 1542 1509
1458 1477 1543 1511 1476
1459 1479 1542 1510 1478
1460 1482 1437 1451 1530
1461 1481 1482 1530 1523
1462 1524 1351 1350 1520
1463 1510 1542 1555 1548
1464 1547 1509 1523 1544
1465 1511 1536 1475 1476
1466 1510 1543 1477 1478
1467 1509 1542 1479 1480
1468 1522 1492 1439 1461
1469 1511 1543 1553 1549
1470 1530 1519 1544 1523
1471 1520 1551 1541 1524
1472 1529 1331 1297 1483
1473 1548 1553 1543 1510
1474 1470 1443 1340 1339
1475 1532 1462 1440 1463
1476 1536 1518 1474 1475
1477 1472 1473 1545 1533
1478 1442 1470 1339 1338
1479 1516 1491 1522 1546
1480 1469 1442 1338 1337
1481 1518 1473 1444 1474
1482 1517 1533 1545 1550
1483 1527 1465 1466 1526
1484 1337 1336 1468 1469
1485 1513 1552 1554 1538
1486 1521 1512 1537 1527
1487 1554 1551 1520 1538
1488 1518 1536 1550 1545
1489 1515 1489 1516 1531
1490 1341 1471 1528 1342
1491 1463 1464 1546 1532
1492 1553 1548 1539 1525
1493 1443 1471 1341 1340
1494 1549 1553 1525 1540
1495 1441 1465 1527 1537
1496 1550 1549 1540 1517
1497 1541 1551 1544 1519
1498 1531 1546 1464 1441
1499 1333 1332 1512 1521
1500 1549 1550 1536 1511
1501 1522 1461 1462 1532
1502 1539 1548 1552 1513
1503 1535 1467 1468 1336
1504 1517 1344 1343 1533
1505 1343 1342 1528 1533
1506 1334 1333 1521 1526
1507 1537 1512 1534 1514
1508 1512 1332 1529 1534
1509 1515 1531 1537 1514
1510 1335 1334 1526 1535
1511 1466 1467 1535 1526
1512 1554 1552 1555 1547
1513 1551 1554 1547 1544
1514 1528 1471 1472 1533
1515 1534 1529 1484 1485
1516 1515 1514 1487 1488
2 50 2 3
1517 1450 1560 1451
1518 1448 1561 1449
1519 1453 1559 1452
2 50 3 13
1520 1316 1317 1556 1561
1521 1456 1558 1556 1557
1522 1557 1559 1453 1454
1523 1557 1556 1317 1559
1524 1556 1460 1560 1561
1525 1316 1561 1448 1298
1526 1561 1560 1450 1449
1527 1560 1460 1437 1451
1528 1559 1317 1299 1452
1529 1459 1460 1556 1558
1530 1438 1459 1558 1458
1531 1558 1456 1457 1458
1532 1455 1456 1557 1454
2 41 2 3
1533 1499 1563 1498
1534 1564 1565 1493
1535 1498 1562 1497
2 41 3 9
1536 1499 1439 1461 1563
1537 1446 1496 1566 1495
1538 1566 1496 1497 1562
1539 1440 1493 1565 1462
1540 1445 1494 1564 1493
1541 1564 1566 1562 1565
1542 1562 1498 1563 1565
1543 1462 1565 1563 1461
1544 1566 1564 1494 1495
2 10005 2 8
1545 1467 1568 1466
1546 1571 1572 1442
1547 1508 1445 1493
1548 1473 1574 1472
1549 1570 1575 1569
1550 1507 1568 1506
1551 1567 1440 1463
1552 1440 1567 1493
2 10005 3 21
1553 1572 1447 1504 1573
1554 1573 1504 1505 1577
1555 1574 1500 1501 1569
1556 1473 1444 1500 1574
1557 1502 1570 1569 1501
1558 1468 1469 1573 1577
1559 1469 1442 1572 1573
1560 1570 1502 1503 1571
1561 1578 1470 1443 1575
1562 1506 1568 1577 1505
1563 1447 1572 1571 1503
1564 1567 1466 1568 1507
1565 1574 1569 1471 1472
1566 1578 1571 1442 1470
1567 1577 1568 1467 1468
1568 1570 1571 1578 1575
1569 1441 1465 1576 1464
1570 1471 1569 1575 1443
1571 1465 1466 1567 1576
1572 1567 1507 1508 1493
1573 1576 1567 1463 1464
2 10 2 14
1574 1584 1677 1671
1575 1613 1669 1614
1576 1617 1675 1618
1577 1688 1695 1692
1578 1656 1686 1671
1579 1658 1685 1612
1580 1661 1667 1666
1581 1643 1662 1642
1582 1635 1669 1634
1583 1638 1654 1637
1584 1640 1655 1639
1585 1672 1686 1662
1586 1656 1641 1642
1587 1641 1656 1640
2 10 3 72
1588 1480 1481 1663 1649
1589 1627 1680 1665 1628
1590 1629 1679 1653 1630
1591 1631 1678 1660 1632
1592 1674 1636 1637 1654
1593 1665 1679 1629 1628
1594 1653 1678 1631 1630
1595 1657 1680 1627 1626
1596 1664 1681 1588 1587
1597 1589 1588 1681 1659
1598 1670 1590 1589 1659
1599 1580 1633 1664 1587
1600 1687 1695 1682 1649
1601 1477 1683 1651 1476
1602 1479 1682 1650 1478
1603 1482 1437 1590 1670
1604 1481 1482 1670 1663
1605 1664 1633 1632 1660
1606 1650 1682 1695 1688
1607 1687 1649 1663 1684
1608 1651 1676 1475 1476
1609 1650 1683 1477 1478
1610 1649 1682 1479 1480
1611 1662 1643 1582 1600
1612 1651 1683 1693 1689
1613 1670 1659 1684 1663
1614 1660 1691 1681 1664
1615 1669 1613 1579 1634
1616 1688 1693 1683 1650
1617 1609 1586 1622 1621
1618 1672 1601 1583 1602
1619 1676 1658 1474 1475
1620 1611 1612 1685 1673
1621 1585 1609 1621 1620
1622 1656 1642 1662 1686
1623 1608 1585 1620 1619
1624 1658 1612 1444 1474
1625 1657 1673 1685 1690
1626 1667 1604 1605 1666
1627 1619 1618 1607 1608
1628 1653 1692 1694 1678
1629 1661 1652 1677 1667
1630 1694 1691 1660 1678
1631 1658 1676 1690 1685
1632 1655 1640 1656 1671
1633 1623 1610 1668 1624
1634 1602 1603 1686 1672
1635 1693 1688 1679 1665
1636 1586 1610 1623 1622
1637 1689 1693 1665 1680
1638 1584 1604 1667 1677
1639 1690 1689 1680 1657
1640 1681 1691 1684 1659
1641 1671 1686 1603 1584
1642 1615 1614 1652 1661
1643 1689 1690 1676 1651
1644 1662 1600 1601 1672
1645 1679 1688 1692 1653
1646 1675 1606 1607 1618
1647 1657 1626 1625 1673
1648 1625 1624 1668 1673
1649 1616 1615 1661 1666
1650 1677 1652 1674 1654
1651 1652 1614 1669 1674
1652 1655 1671 1677 1654
1653 1617 1616 1666 1675
1654 1605 1606 1675 1666
1655 1694 1692 1695 1687
1656 1691 1694 1687 1684
1657 1668 1610 1611 1673
1658 1674 1669 1635 1636
1659 1655 1654 1638 1639
2 50 2 3
1660 1589 1700 1590
1661 1587 1701 1588
1662 1592 1699 1591
2 50 3 13
1663 1598 1599 1696 1701
1664 1595 1698 1696 1697
1665 1697 1699 1592 1593
1666 1697 1696 1599 1699
1667 1696 1460 1700 1701
1668 1598 1701 1587 1580
1669 1701 1700 1589 1588
1670 1700 1460 1437 1590
1671 1699 1599 1581 1591
1672 1459 1460 1696 1698
1673 1438 1459 1698 1597
1674 1698 1595 1596 1597
1675 1594 1595 1697 1593
2 41 2 3
1676 1648 1703 1647
1677 1704 1705 1644
1678 1647 1702 1646
2 41 3 9
1679 1648 1582 1600 1703
1680 1446 1645 1706 1495
1681 1706 1645 1646 1702
1682 1583 1644 1705 1601
1683 1445 1494 1704 1644
1684 1704 1706 1702 1705
1685 1702 1647 1703 1705
1686 1601 1705 1703 1600
1687 1706 1704 1494 1495
2 10005 2 8
1688 1606 1708 1605
1689 1711 1712 1585
1690 1508 1445 1644
1691 1612 1714 1611
1692 1710 1715 1709
1693 1507 1708 1506
1694 1707 1583 1602
1695 1583 1707 1644
2 10005 3 21
1696 1712 1447 1504 1713
1697 1713 1504 1505 1717
1698 1714 1500 1501 1709
1699 1612 1444 1500 1714
1700 1502 1710 1709 1501
1701 1607 1608 1713 1717
1702 1608 1585 1712 1713
1703 1710 1502 1503 1711
1704 1718 1609 1586 1715
1705 1506 1708 1717 1505
1706 1447 1712 1711 1503
1707 1707 1605 1708 1507
1708 1714 1709 1610 1611
1709 1718 1711 1585 1609
1710 1717 1708 1606 1607
1711 1710 1711 1718 1715
1712 1584 1604 1716 1603
1713 1610 1709 1715 1586
1714 1604 1605 1707 1716
1715 1707 1507 1508 1644
1716 1716 1707 1602 1603
2 41 3 180
1717 1908 1899 1900 1907
1718 1719 1721 1904 1903
1719 2081 1726 1727 2080
1720 2078 1729 1730 2077
1721 1907 1900 1901 1906
1722 1911 1896 1897 1910
1723 2076 1731 1732 2075
1724 2064 1743 1744 2063
1725 1919 1888 1889 1918
1726 2066 1741 1742 2065
1727 2082 1725 1726 2081
1728 2073 1734 1735 2072
1729 2074 1733 1734 2073
1730 1722 1720 1725 2082
1731 1914 1893 1894 1913
1732 2077 1730 1731 2076
1733 2068 1739 1740 2067
1734 2071 1736 1737 2070
1735 2079 1728 1729 2078
1736 1909 1898 1899 1908
1737 1906 1901 1902 1905
1738 1924 1883 1884 1923
1739 2069 1738 1739 2068
1740 1917 1890 1891 1916
1741 1912 1895 1896 1911
1742 1905 1902 1903 1904
1743 1925 1882 1883 1924
1744 1913 1894 1895 1912
1745 1920 1887 1888 1919
1746 1915 1892 1893 1914
1747 1922 1885 1886 1921
1748 1910 1897 1898 1909
1749 1935 1872 1873 1934
1750 1918 1889 1890 1917
1751 1930 1877 1878 1929
1752 2021 1786 1787 2020
1753 2048 1759 1760 2047
1754 2053 1754 1755 2052
1755 2034 1773 1774 2033
1756 1936 1871 1872 1935
1757 2016 1791 1792 2015
1758 1769 2038 2039 1768
1759 2070 1737 1738 2069
1760 2045 1762 1763 2044
1761 2055 1752 1753 2054
1762 2044 1763 1764 2043
1763 2056 1751 1752 2055
1764 1931 1876 1877 1930
1765 2049 1758 1759 2048
1766 1926 1881 1882 1925
1767 2067 1740 1741 2066
1768 1941 1866 1867 1940
1769 2061 1746 1747 2060
1770 2063 1744 1745 2062
1771 1772 2035 2036 1771
1772 2072 1735 1736 2071
1773 1929 1878 1879 1928
1774 1766 2041 2042 1765
1775 2080 1727 1728 2079
1776 2065 1742 1743 2064
1777 1921 1886 1887 1920
1778 2051 1756 1757 2050
1779 2060 1747 1748 2059
1780 1767 2040 2041 1766
1781 2057 1750 1751 2056
1782 2062 1745 1746 2061
1783 2052 1755 1756 2051
1784 1933 1874 1875 1932
1785 1916 1891 1892 1915
1786 2031 1776 1777 2030
1787 2075 1732 1733 2074
1788 2029 1778 1779 2028
1789 1771 2036 2037 1770
1790 2026 1781 1782 2025
1791 2032 1775 1776 2031
1792 2047 1760 1761 2046
1793 1923 1884 1885 1922
1794 2046 1761 1762 2045
1795 2054 1753 1754 2053
1796 2058 1749 1750 2057
1797 2050 1757 1758 2049
1798 2059 1748 1749 2058
1799 1928 1879 1880 1927
1800 2024 1783 1784 2023
1801 1938 1869 1870 1937
1802 1965 1842 1843 1964
1803 1954 1853 1854 1953
1804 1927 1880 1881 1926
1805 1861 1946 1947 1860
1806 1957 1850 1851 1956
1807 1937 1870 1871 1936
1808 1859 1948 1949 1858
1809 1932 1875 1876 1931
1810 1970 1837 1838 1969
1811 1942 1865 1866 1941
1812 1939 1868 1869 1938
1813 1862 1945 1946 1861
1814 1934 1873 1874 1933
1815 1944 1863 1864 1943
1816 2003 1804 1805 2002
1817 2022 1785 1786 2021
1818 2007 1800 1801 2006
1819 2010 1797 1798 2009
1820 2004 1803 1804 2003
1821 2013 1794 1795 2012
1822 2019 1788 1789 2018
1823 1992 1815 1816 1991
1824 2005 1802 1803 2004
1825 2015 1792 1793 2014
1826 2028 1779 1780 2027
1827 2017 1790 1791 2016
1828 1940 1867 1868 1939
1829 1856 1951 1952 1855
1830 1981 1826 1827 1980
1831 1961 1846 1847 1960
1832 1987 1820 1821 1986
1833 1969 1838 1839 1968
1834 1997 1810 1811 1996
1835 1979 1828 1829 1978
1836 1976 1831 1832 1975
1837 1943 1864 1865 1942
1838 1860 1947 1948 1859
1839 2027 1780 1781 2026
1840 2009 1798 1799 2008
1841 1968 1839 1840 1967
1842 1999 1808 1809 1998
1843 2033 1774 1775 2032
1844 1863 1944 1945 1862
1845 2002 1805 1806 2001
1846 1768 2039 2040 1767
1847 2025 1782 1783 2024
1848 1958 1849 1850 1957
1849 1982 1825 1826 1981
1850 2043 1764 1765 2042
1851 1971 1836 1837 1970
1852 1955 1852 1853 1954
1853 2012 1795 1796 2011
1854 2023 1784 1785 2022
1855 1773 2034 2035 1772
1856 2030 1777 1778 2029
1857 1960 1847 1848 1959
1858 1984 1823 1824 1983
1859 1963 1844 1845 1962
1860 1953 1854 1855 1952
1861 1966 1841 1842 1965
1862 1989 1818 1819 1988
1863 1977 1830 1831 1976
1864 2020 1787 1788 2019
1865 1973 1834 1835 1972
1866 1974 1833 1834 1973
1867 2018 1789 1790 2017
1868 2008 1799 1800 2007
1869 1770 2037 2038 1769
1870 2014 1793 1794 2013
1871 1858 1949 1950 1857
1872 1988 1819 1820 1987
1873 1995 1812 1813 1994
1874 2001 1806 1807 2000
1875 1996 1811 1812 1995
1876 1857 1950 1951 1856
1877 2000 1807 1808 1999
1878 1967 1840 1841 1966
1879 1993 1814 1815 1992
1880 1980 1827 1828 1979
1881 1956 1851 1852 1955
1882 1990 1817 1818 1989
1883 1964 1843 1844 1963
1884 1959 1848 1849 1958
1885 1998 1809 1810 1997
1886 1983 1824 1825 1982
1887 1991 1816 1817 1990
1888 1972 1835 1836 1971
1889 1975 1832 1833 1974
1890 1985 1822 1823 1984
1891 1962 1845 1846 1961
1892 1978 1829 1830 1977
1893 1994 1813 1814 1993
1894 2011 1796 1797 2010
1895 2006 1801 1802 2005
1896 1986 1821 1822 1985
2 41 3 180
1897 2118 1939 1940 2119
1898 2134 1955 1956 2135
1899 1959 1960 2139 2138
1900 2058 2059 2238 2237
1901 2053 2054 2233 2232
1902 2075 2076 2255 2254
1903 2050 2051 2230 2229
1904 1957 1958 2137 2136
1905 2112 1933 1934 2113
1906 2042 2043 2222 2221
1907 2069 2070 2249 2248
1908 2245 2066 2067 2246
1909 2141 1962 1963 2142
1910 2072 2073 2252 2251
1911 2061 2062 2241 2240
1912 2108 1929 1930 2109
1913 2079 2080 2259 2258
1914 2098 1919 1920 2099
1915 1907 1908 2087 2086
1916 2056 2057 2236 2235
1917 1917 1918 2097 2096
1918 1913 1914 2093 2092
1919 1723 1721 1904 2083
1920 1914 1915 2094 2093
1921 2090 1911 1912 2091
1922 2102 1923 1924 2103
1923 1918 1919 2098 2097
1924 2081 2082 2261 2260
1925 2124 1945 1946 2125
1926 2095 1916 1917 2096
1927 2114 1935 1936 2115
1928 2039 2040 2219 2218
1929 1722 1724 2261 2082
1930 2140 1961 1962 2141
1931 2083 1904 1905 2084
1932 2064 2065 2244 2243
1933 2078 2079 2258 2257
1934 2080 2081 2260 2259
1935 1905 1906 2085 2084
1936 1952 1953 2132 2131
1937 1912 1913 2092 2091
1938 2107 1928 1929 2108
1939 1915 1916 2095 2094
1940 2106 1927 1928 2107
1941 2101 1922 1923 2102
1942 2085 1906 1907 2086
1943 2109 1930 1931 2110
1944 1934 1935 2114 2113
1945 2234 2055 2056 2235
1946 2239 2060 2061 2240
1947 2103 1924 1925 2104
1948 2067 2068 2247 2246
1949 1963 1964 2143 2142
1950 2071 2072 2251 2250
1951 1909 1910 2089 2088
1952 2135 1956 1957 2136
1953 2256 2077 2078 2257
1954 2074 2075 2254 2253
1955 1920 1921 2100 2099
1956 2130 1951 1952 2131
1957 1908 1909 2088 2087
1958 1925 1926 2105 2104
1959 1940 1941 2120 2119
1960 1958 1959 2138 2137
1961 1971 1972 2151 2150
1962 2128 1949 1950 2129
1963 1969 1970 2149 2148
1964 1964 1965 2144 2143
1965 2133 1954 1955 2134
1966 2125 1946 1947 2126
1967 2132 1953 1954 2133
1968 2120 1941 1942 2121
1969 2126 1947 1948 2127
1970 1965 1966 2145 2144
1971 2116 1937 1938 2117
1972 2121 1942 1943 2122
1973 1975 1976 2155 2154
1974 2100 1921 1922 2101
1975 2122 1943 1944 2123
1976 2089 1910 1911 2090
1977 1960 1961 2140 2139
1978 1972 1973 2152 2151
1979 1970 1971 2150 2149
1980 2105 1926 1927 2106
1981 2117 1938 1939 2118
1982 2129 1950 1951 2130
1983 2111 1932 1933 2112
1984 1968 1969 2148 2147
1985 2110 1931 1932 2111
1986 1967 1968 2147 2146
1987 2115 1936 1937 2116
1988 2123 1944 1945 2124
1989 1966 1967 2146 2145
1990 2127 1948 1949 2128
1991 2013 2014 2193 2192
1992 1982 1983 2162 2161
1993 2005 2006 2185 2184
1994 2037 2038 2217 2216
1995 2029 2030 2209 2208
1996 1984 1985 2164 2163
1997 1976 1977 2156 2155
1998 2032 2033 2212 2211
1999 1974 1975 2154 2153
2000 2040 2041 2220 2219
2001 1973 1974 2153 2152
2002 1979 1980 2159 2158
2003 1977 1978 2157 2156
2004 1989 1990 2169 2168
2005 2028 2029 2208 2207
2006 2068 2069 2248 2247
2007 2049 2050 2229 2228
2008 2045 2046 2225 2224
2009 2073 2074 2253 2252
2010 2011 2012 2191 2190
2011 2026 2027 2206 2205
2012 2014 2015 2194 2193
2013 1983 1984 2163 2162
2014 2065 2066 2245 2244
2015 2054 2055 2234 2233
2016 2047 2048 2227 2226
2017 2035 2036 2215 2214
2018 2017 2018 2197 2196
2019 2018 2019 2198 2197
2020 2021 2022 2201 2200
2021 2033 2034 2213 2212
2022 2025 2026 2205 2204
2023 2030 2031 2210 2209
2024 2024 2025 2204 2203
2025 2016 2017 2196 2195
2026 2070 2071 2250 2249
2027 1985 1986 2165 2164
2028 2062 2063 2242 2241
2029 2063 2064 2243 2242
2030 2031 2032 2211 2210
2031 2076 2077 2256 2255
2032 2022 2023 2202 2201
2033 2057 2058 2237 2236
2034 2027 2028 2207 2206
2035 2051 2052 2231 2230
2036 2052 2053 2232 2231
2037 2041 2042 2221 2220
2038 2038 2039 2218 2217
2039 1978 1979 2158 2157
2040 2059 2060 2239 2238
2041 2010 2011 2190 2189
2042 2036 2037 2216 2215
2043 2043 2044 2223 2222
2044 2046 2047 2226 2225
2045 2008 2009 2188 2187
2046 1980 1981 2160 2159
2047 2044 2045 2224 2223
2048 2019 2020 2199 2198
2049 2034 2035 2214 2213
2050 2048 2049 2228 2227
2051 2003 2004 2183 2182
2052 1998 1999 2178 2177
2053 1988 1989 2168 2167
2054 1981 1982 2161 2160
2055 1997 1998 2177 2176
2056 1990 1991 2170 2169
2057 1986 1987 2166 2165
2058 1992 1993 2172 2171
2059 2001 2002 2181 2180
2060 1999 2000 2179 2178
2061 1996 1997 2176 2175
2062 1987 1988 2167 2166
2063 1994 1995 2174 2173
2064 1991 1992 2171 2170
2065 1993 1994 2173 2172
2066 2023 2024 2203 2202
2067 2004 2005 2184 2183
2068 2012 2013 2192 2191
2069 2000 2001 2180 2179
2070 2007 2008 2187 2186
2071 2002 2003 2182 2181
2072 2009 2010 2189 2188
2073 2006 2007 2186 2185
2074 2020 2021 2200 2199
2075 1995 1996 2175 2174
2076 2015 2016 2195 2194
2 41 2 372
2077 2113 2112 355
2078 2085 2084 75
2079 2086 2085 76
2080 2087 2086 77
2081 2088 2087 78
2082 2089 2088 79
2083 2090 2089 80
2084 2091 2090 81
2085 2092 2091 82
2086 2093 2092 6
2087 2094 2093 89
2088 2095 2094 88
2089 2096 2095 87
2090 2097 2096 86
2091 2098 2097 235
2092 2099 2098 236
2093 2100 2099 237
2094 2101 2100 238
2095 2102 2101 172
2096 2103 2102 233
2097 2104 2103 232
2098 2105 2104 231
2099 2106 2105 230
2100 2107 2106 229
2101 2108 2107 228
2102 2109 2108 227
2103 2110 2109 226
2104 2111 2110 225
2105 2112 2111 224
2106 2114 2113 356
2107 2115 2114 357
2108 2116 2115 358
2109 2117 2116 359
2110 2118 2117 360
2111 2119 2118 361
2112 2120 2119 362
2113 2121 2120 363
2114 2122 2121 364
2115 2123 2122 311
2116 2124 2123 371
2117 2125 2124 370
2118 2126 2125 369
2119 2127 2126 368
2120 2128 2127 517
2121 2129 2128 518
2122 2130 2129 519
2123 2131 2130 520
2124 2132 2131 454
2125 2133 2132 515
2126 2134 2133 514
2127 2135 2134 513
2128 2136 2135 512
2129 2137 2136 511
2130 2138 2137 510
2131 2139 2138 509
2132 2140 2139 508
2133 2141 2140 507
2134 2142 2141 506
2135 2143 2142 637
2136 2144 2143 638
2137 2145 2144 639
2138 2146 2145 640
2139 2147 2146 641
2140 2148 2147 642
2141 2149 2148 643
2142 2150 2149 644
2143 2151 2150 645
2144 2152 2151 646
2145 2153 2152 593
2146 2154 2153 653
2147 2155 2154 652
2148 2156 2155 651
2149 2157 2156 650
2150 2158 2157 799
2151 2159 2158 800
2152 2160 2159 801
2153 2161 2160 802
2154 2162 2161 736
2155 2163 2162 797
2156 2164 2163 796
2157 2165 2164 795
2158 2166 2165 794
2159 2167 2166 793
2160 2168 2167 792
2161 2169 2168 791
2162 2170 2169 790
2163 2171 2170 789
2164 2172 2171 788
2165 2173 2172 919
2166 2174 2173 920
2167 2175 2174 921
2168 2176 2175 922
2169 2177 2176 923
2170 2178 2177 924
2171 2179 2178 925
2172 2180 2179 926
2173 788 733 2172
2174 2182 2181 928
2175 2183 2182 875
2176 2184 2183 935
2177 2185 2184 934
2178 2186 2185 933
2179 2187 2186 932
2180 2188 2187 1081
2181 2189 2188 1082
2182 2190 2189 1083
2183 2191 2190 1084
2184 2192 2191 1018
2185 2193 2192 1079
2186 2194 2193 1078
2187 2195 2194 1077
2188 2196 2195 1076
2189 2197 2196 1075
2190 2198 2197 1074
2191 2199 2198 1073
2192 2200 2199 1072
2193 2201 2200 1071
2194 2202 2201 1070
2195 2203 2202 1201
2196 2204 2203 1202
2197 2205 2204 1203
2198 2206 2205 1204
2199 2207 2206 1205
2200 2208 2207 1206
2201 2209 2208 1207
2202 2210 2209 1208
2203 2211 2210 1209
2204 2212 2211 1210
2205 2213 2212 1157
2206 2214 2213 1217
2207 2215 2214 1216
2208 2216 2215 1215
2209 2217 2216 1214
2210 2218 2217 1363
2211 2219 2218 1364
2212 2220 2219 1365
2213 2221 2220 1366
2214 2222 2221 1300
2215 2223 2222 1361
2216 2224 2223 1360
2217 2225 2224 1359
2218 2226 2225 1358
2219 2227 2226 1357
2220 2228 2227 1356
2221 2229 2228 1355
2222 2230 2229 1354
2223 2231 2230 1353
2224 2232 2231 1352
2225 2233 2232 1483
2226 2234 2233 1484
2227 2235 2234 1485
2228 2236 2235 1486
2229 2237 2236 1487
2230 2238 2237 1488
2231 2239 2238 1489
2232 2240 2239 1490
2233 2241 2240 1491
2234 2242 2241 1492
2235 2243 2242 1439
2236 2244 2243 1499
2237 2245 2244 1498
2238 2246 2245 1497
2239 2247 2246 1496
2240 2248 2247 1645
2241 2249 2248 1646
2242 2250 2249 1647
2243 2251 2250 1648
2244 2252 2251 1582
2245 2253 2252 1643
2246 2254 2253 1642
2247 2255 2254 1641
2248 2256 2255 1640
2249 2257 2256 1639
2250 2258 2257 1638
2251 2259 2258 1637
2252 2260 2259 1636
2253 2261 2260 1635
2254 1724 2261 1634
2255 1724 1634 1579
2256 2084 2083 74
2257 2083 1723 73
2258 1 73 1723
2259 73 74 2083
2260 74 75 2084
2261 75 76 2085
2262 76 77 2086
2263 77 78 2087
2264 78 79 2088
2265 79 80 2089
2266 80 81 2090
2267 81 82 2091
2268 82 6 2092
2269 6 89 2093
2270 89 88 2094
2271 88 87 2095
2272 87 86 2096
2273 86 13 2097
2274 13 235 2097
2275 235 236 2098
2276 236 237 2099
2277 237 238 2100
2278 238 172 2101
2279 172 233 2102
2280 233 232 2103
2281 232 231 2104
2282 231 230 2105
2283 230 229 2106
2284 229 228 2107
2285 228 227 2108
2286 227 226 2109
2287 226 225 2110
2288 225 224 2111
2289 224 169 2112
2290 169 355 2112
2291 355 356 2113
2292 356 357 2114
2293 357 358 2115
2294 358 359 2116
2295 359 360 2117
2296 360 361 2118
2297 361 362 2119
2298 362 363 2120
2299 363 364 2121
2300 364 311 2122
2301 311 371 2123
2302 371 370 2124
2303 370 369 2125
2304 369 368 2126
2305 368 318 2127
2306 318 517 2127
2307 517 518 2128
2308 518 519 2129
2309 519 520 2130
2310 520 454 2131
2311 454 515 2132
2312 515 514 2133
2313 514 513 2134
2314 513 512 2135
2315 512 511 2136
2316 511 510 2137
2317 510 509 2138
2318 509 508 2139
2319 508 507 2140
2320 507 506 2141
2321 506 451 2142
2322 451 637 2142
2323 637 638 2143
2324 638 639 2144
2325 639 640 2145
2326 640 641 2146
2327 641 642 2147
2328 642 643 2148
2329 643 644 2149
2330 644 645 2150
2331 645 646 2151
2332 646 593 2152
2333 593 653 2153
2334 653 652 2154
2335 652 651 2155
2336 651 650 2156
2337 650 600 2157
2338 600 799 2157
2339 799 800 2158
2340 800 801 2159
2341 801 802 2160
2342 802 736 2161
2343 736 797 2162
2344 797 796 2163
2345 796 795 2164
2346 795 794 2165
2347 794 793 2166
2348 793 792 2167
2349 792 791 2168
2350 791 790 2169
2351 790 789 2170
2352 789 788 2171
2353 2181 2180 927
2354 733 919 2172
2355 919 920 2173
2356 920 921 2174
2357 921 922 2175
2358 922 923 2176
2359 923 924 2177
2360 924 925 2178
2361 925 926 2179
2362 926 927 2180
2363 927 928 2181
2364 928 875 2182
2365 875 935 2183
2366 935 934 2184
2367 934 933 2185
2368 933 932 2186
2369 932 882 2187
2370 882 1081 2187
2371 1081 1082 2188
2372 1082 1083 2189
2373 1083 1084 2190
2374 1084 1018 2191
2375 1018 1079 2192
2376 1079 1078 2193
2377 1078 1077 2194
2378 1077 1076 2195
2379 1076 1075 2196
2380 1075 1074 2197
2381 1074 1073 2198
2382 1073 1072 2199
2383 1072 1071 2200
2384 1071 1070 2201
2385 1070 1015 2202
2386 1015 1201 2202
2387 1201 1202 2203
2388 1202 1203 2204
2389 1203 1204 2205
2390 1204 1205 2206
2391 1205 1206 2207
2392 1206 1207 2208
2393 1207 1208 2209
2394 1208 1209 2210
2395 1209 1210 2211
2396 1210 1157 2212
2397 1157 1217 2213
2398 1217 1216 2214
2399 1216 1215 2215
2400 1215 1214 2216
2401 1214 1164 2217
2402 1164 1363 2217
2403 1363 1364 2218
2404 1364 1365 2219
2405 1365 1366 2220
2406 1366 1300 2221
2407 1300 1361 2222
2408 1361 1360 2223
2409 1360 1359 2224
2410 1359 1358 2225
2411 1358 1357 2226
2412 1357 1356 2227
2413 1356 1355 2228
2414 1355 1354 2229
2415 1354 1353 2230
2416 1353 1352 2231
2417 1352 1297 2232
2418 1297 1483 2232
2419 1483 1484 2233
2420 1484 1485 2234
2421 1485 1486 2235
2422 1486 1487 2236
2423 1487 1488 2237
2424 1488 1489 2238
2425 1489 1490 2239
2426 1490 1491 2240
2427 1491 1492 2241
2428 1492 1439 2242
2429 1439 1499 2243
2430 1499 1498 2244
2431 1498 1497 2245
2432 1497 1496 2246
2433 1496 1446 2247
2434 1446 1645 2247
2435 1645 1646 2248
2436 1646 1647 2249
2437 1647 1648 2250
2438 1648 1582 2251
2439 1582 1643 2252
2440 1643 1642 2253
2441 1642 1641 2254
2442 1641 1640 2255
2443 1640 1639 2256
2444 1639 1638 2257
2445 1638 1637 2258
2446 1637 1636 2259
2447 1636 1635 2260
2448 1635 1634 2261
$EndElements
