$MeshFormat
4.1 0 8
$EndMeshFormat
$PhysicalNames
8
0 99 "slide_point"
2 20 "rotor"
2 40 "air"
2 30 "shaft"
2 50 "outair"
2 600000 "hole_0"
2 50000 "magnet_0_0_0"
2 50001 "magnet_1_0_0"
$EndPhysicalNames
$Entities
1 0 7 0
99 0.02775 0.0 0.0 1 99
20 0 0 0 1 1 1 1 20 0
30 0 0 0 1 1 1 1 30 0
40 0 0 0 1 1 1 1 40 0
50 0 0 0 1 1 1 1 50 0
50000 0 0 0 1 1 1 1 50000 0
50001 0 0 0 1 1 1 1 50001 0
600000 0 0 0 1 1 1 1 600000 0
$EndEntities
$Nodes
2 4963 1 4963
0 99 0 1
4421
2.7750000000000000e-02 0.0000000000000000e+00 0.0000000000000000e+00
2 1 0 4962
1
2
3
4
5
6
7
8
9
10
11
12
13
14
15
16
17
18
19
20
21
22
23
24
25
26
27
28
29
30
31
32
33
34
35
36
37
38
39
40
41
42
43
44
45
46
47
48
49
50
51
52
53
54
55
56
57
58
59
60
61
62
63
64
65
66
67
68
69
70
71
72
73
74
75
76
77
78
79
80
81
82
83
84
85
86
87
88
89
90
91
92
93
94
95
96
97
98
99
100
101
102
103
104
105
106
107
108
109
110
111
112
113
114
115
116
117
118
119
120
121
122
123
124
125
126
127
128
129
130
131
132
133
134
135
136
137
138
139
140
141
142
143
144
145
146
147
148
149
150
151
152
153
154
155
156
157
158
159
160
161
162
163
164
165
166
167
168
169
170
171
172
173
174
175
176
177
178
179
180
181
182
183
184
185
186
187
188
189
190
191
192
193
194
195
196
197
198
199
200
201
202
203
204
205
206
207
208
209
210
211
212
213
214
215
216
217
218
219
220
221
222
223
224
225
226
227
228
229
230
231
232
233
234
235
236
237
238
239
240
241
242
243
244
245
246
247
248
249
250
251
252
253
254
255
256
257
258
259
260
261
262
263
264
265
266
267
268
269
270
271
272
273
274
275
276
277
278
279
280
281
282
283
284
285
286
287
288
289
290
291
292
293
294
295
296
297
298
299
300
301
302
303
304
305
306
307
308
309
310
311
312
313
314
315
316
317
318
319
320
321
322
323
324
325
326
327
328
329
330
331
332
333
334
335
336
337
338
339
340
341
342
343
344
345
346
347
348
349
350
351
352
353
354
355
356
357
358
359
360
361
362
363
364
365
366
367
368
369
370
371
372
373
374
375
376
377
378
379
380
381
382
383
384
385
386
387
388
389
390
391
392
393
394
395
396
397
398
399
400
401
402
403
404
405
406
407
408
409
410
411
412
413
414
415
416
417
418
419
420
421
422
423
424
425
426
427
428
429
430
431
432
433
434
435
436
437
438
439
440
441
442
443
444
445
446
447
448
449
450
451
452
453
454
455
456
457
458
459
460
461
462
463
464
465
466
467
468
469
470
471
472
473
474
475
476
477
478
479
480
481
482
483
484
485
486
487
488
489
490
491
492
493
494
495
496
497
498
499
500
501
502
503
504
505
506
507
508
509
510
511
512
513
514
515
516
517
518
519
520
521
522
523
524
525
526
527
528
529
530
531
532
533
534
535
536
537
538
539
540
541
542
543
544
545
546
547
548
549
550
551
552
553
554
555
556
557
558
559
560
561
562
563
564
565
566
567
568
569
570
571
572
573
574
575
576
577
578
579
580
581
582
583
584
585
586
587
588
589
590
591
592
593
594
595
596
597
598
599
600
601
602
603
604
605
606
607
608
609
610
611
612
613
614
615
616
617
618
619
620
621
622
623
624
625
626
627
628
629
630
631
632
633
634
635
636
637
638
639
640
641
642
643
644
645
646
647
648
649
650
651
652
653
654
655
656
657
658
659
660
661
662
663
664
665
666
667
668
669
670
671
672
673
674
675
676
677
678
679
680
681
682
683
684
685
686
687
688
689
690
691
692
693
694
695
696
697
698
699
700
701
702
703
704
705
706
707
708
709
710
711
712
713
714
715
716
717
718
719
720
721
722
723
724
725
726
727
728
729
730
731
732
733
734
735
736
737
738
739
740
741
742
743
744
745
746
747
748
749
750
751
752
753
754
755
756
757
758
759
760
761
762
763
764
765
766
767
768
769
770
771
772
773
774
775
776
777
778
779
780
781
782
783
784
785
786
787
788
789
790
791
792
793
794
795
796
797
798
799
800
801
802
803
804
805
806
807
808
809
810
811
812
813
814
815
816
817
818
819
820
821
822
823
824
825
826
827
828
829
830
831
832
833
834
835
836
837
838
839
840
841
842
843
844
845
846
847
848
849
850
851
852
853
854
855
856
857
858
859
860
861
862
863
864
865
866
867
868
869
870
871
872
873
874
875
876
877
878
879
880
881
882
883
884
885
886
887
888
889
890
891
892
893
894
895
896
897
898
899
900
901
902
903
904
905
906
907
908
909
910
911
912
913
914
915
916
917
918
919
920
921
922
923
924
925
926
927
928
929
930
931
932
933
934
935
936
937
938
939
940
941
942
943
944
945
946
947
948
949
950
951
952
953
954
955
956
957
958
959
960
961
962
963
964
965
966
967
968
969
970
971
972
973
974
975
976
977
978
979
980
981
982
983
984
985
986
987
988
989
990
991
992
993
994
995
996
997
998
999
1000
1001
1002
1003
1004
1005
1006
1007
1008
1009
1010
1011
1012
1013
1014
1015
1016
1017
1018
1019
1020
1021
1022
1023
1024
1025
1026
1027
1028
1029
1030
1031
1032
1033
1034
1035
1036
1037
1038
1039
1040
1041
1042
1043
1044
1045
1046
1047
1048
1049
1050
1051
1052
1053
1054
1055
1056
1057
1058
1059
1060
1061
1062
1063
1064
1065
1066
1067
1068
1069
1070
1071
1072
1073
1074
1075
1076
1077
1078
1079
1080
1081
1082
1083
1084
1085
1086
1087
1088
1089
1090
1091
1092
1093
1094
1095
1096
1097
1098
1099
1100
1101
1102
1103
1104
1105
1106
1107
1108
1109
1110
1111
1112
1113
1114
1115
1116
1117
1118
1119
1120
1121
1122
1123
1124
1125
1126
1127
1128
1129
1130
1131
1132
1133
1134
1135
1136
1137
1138
1139
1140
1141
1142
1143
1144
1145
1146
1147
1148
1149
1150
1151
1152
1153
1154
1155
1156
1157
1158
1159
1160
1161
1162
1163
1164
1165
1166
1167
1168
1169
1170
1171
1172
1173
1174
1175
1176
1177
1178
1179
1180
1181
1182
1183
1184
1185
1186
1187
1188
1189
1190
1191
1192
1193
1194
1195
1196
1197
1198
1199
1200
1201
1202
1203
1204
1205
1206
1207
1208
1209
1210
1211
1212
1213
1214
1215
1216
1217
1218
1219
1220
1221
1222
1223
1224
1225
1226
1227
1228
1229
1230
1231
1232
1233
1234
1235
1236
1237
1238
1239
1240
1241
1242
1243
1244
1245
1246
1247
1248
1249
1250
1251
1252
1253
1254
1255
1256
1257
1258
1259
1260
1261
1262
1263
1264
1265
1266
1267
1268
1269
1270
1271
1272
1273
1274
1275
1276
1277
1278
1279
1280
1281
1282
1283
1284
1285
1286
1287
1288
1289
1290
1291
1292
1293
1294
1295
1296
1297
1298
1299
1300
1301
1302
1303
1304
1305
1306
1307
1308
1309
1310
1311
1312
1313
1314
1315
1316
1317
1318
1319
1320
1321
1322
1323
1324
1325
1326
1327
1328
1329
1330
1331
1332
1333
1334
1335
1336
1337
1338
1339
1340
1341
1342
1343
1344
1345
1346
1347
1348
1349
1350
1351
1352
1353
1354
1355
1356
1357
1358
1359
1360
1361
1362
1363
1364
1365
1366
1367
1368
1369
1370
1371
1372
1373
1374
1375
1376
1377
1378
1379
1380
1381
1382
1383
1384
1385
1386
1387
1388
1389
1390
1391
1392
1393
1394
1395
1396
1397
1398
1399
1400
1401
1402
1403
1404
1405
1406
1407
1408
1409
1410
1411
1412
1413
1414
1415
1416
1417
1418
1419
1420
1421
1422
1423
1424
1425
1426
1427
1428
1429
1430
1431
1432
1433
1434
1435
1436
1437
1438
1439
1440
1441
1442
1443
1444
1445
1446
1447
1448
1449
1450
1451
1452
1453
1454
1455
1456
1457
1458
1459
1460
1461
1462
1463
1464
1465
1466
1467
1468
1469
1470
1471
1472
1473
1474
1475
1476
1477
1478
1479
1480
1481
1482
1483
1484
1485
1486
1487
1488
1489
1490
1491
1492
1493
1494
1495
1496
1497
1498
1499
1500
1501
1502
1503
1504
1505
1506
1507
1508
1509
1510
1511
1512
1513
1514
1515
1516
1517
1518
1519
1520
1521
1522
1523
1524
1525
1526
1527
1528
1529
1530
1531
1532
1533
1534
1535
1536
1537
1538
1539
1540
1541
1542
1543
1544
1545
1546
1547
1548
1549
1550
1551
1552
1553
1554
1555
1556
1557
1558
1559
1560
1561
1562
1563
1564
1565
1566
1567
1568
1569
1570
1571
1572
1573
1574
1575
1576
1577
1578
1579
1580
1581
1582
1583
1584
1585
1586
1587
1588
1589
1590
1591
1592
1593
1594
1595
1596
1597
1598
1599
1600
1601
1602
1603
1604
1605
1606
1607
1608
1609
1610
1611
1612
1613
1614
1615
1616
1617
1618
1619
1620
1621
1622
1623
1624
1625
1626
1627
1628
1629
1630
1631
1632
1633
1634
1635
1636
1637
1638
1639
1640
1641
1642
1643
1644
1645
1646
1647
1648
1649
1650
1651
1652
1653
1654
1655
1656
1657
1658
1659
1660
1661
1662
1663
1664
1665
1666
1667
1668
1669
1670
1671
1672
1673
1674
1675
1676
1677
1678
1679
1680
1681
1682
1683
1684
1685
1686
1687
1688
1689
1690
1691
1692
1693
1694
1695
1696
1697
1698
1699
1700
1701
1702
1703
1704
1705
1706
1707
1708
1709
1710
1711
1712
1713
1714
1715
1716
1717
1718
1719
1720
1721
1722
1723
1724
1725
1726
1727
1728
1729
1730
1731
1732
1733
1734
1735
1736
1737
1738
1739
1740
1741
1742
1743
1744
1745
1746
1747
1748
1749
1750
1751
1752
1753
1754
1755
1756
1757
1758
1759
1760
1761
1762
1763
1764
1765
1766
1767
1768
1769
1770
1771
1772
1773
1774
1775
1776
1777
1778
1779
1780
1781
1782
1783
1784
1785
1786
1787
1788
1789
1790
1791
1792
1793
1794
1795
1796
1797
1798
1799
1800
1801
1802
1803
1804
1805
1806
1807
1808
1809
1810
1811
1812
1813
1814
1815
1816
1817
1818
1819
1820
1821
1822
1823
1824
1825
1826
1827
1828
1829
1830
1831
1832
1833
1834
1835
1836
1837
1838
1839
1840
1841
1842
1843
1844
1845
1846
1847
1848
1849
1850
1851
1852
1853
1854
1855
1856
1857
1858
1859
1860
1861
1862
1863
1864
1865
1866
1867
1868
1869
1870
1871
1872
1873
1874
1875
1876
1877
1878
1879
1880
1881
1882
1883
1884
1885
1886
1887
1888
1889
1890
1891
1892
1893
1894
1895
1896
1897
1898
1899
1900
1901
1902
1903
1904
1905
1906
1907
1908
1909
1910
1911
1912
1913
1914
1915
1916
1917
1918
1919
1920
1921
1922
1923
1924
1925
1926
1927
1928
1929
1930
1931
1932
1933
1934
1935
1936
1937
1938
1939
1940
1941
1942
1943
1944
1945
1946
1947
1948
1949
1950
1951
1952
1953
1954
1955
1956
1957
1958
1959
1960
1961
1962
1963
1964
1965
1966
1967
1968
1969
1970
1971
1972
1973
1974
1975
1976
1977
1978
1979
1980
1981
1982
1983
1984
1985
1986
1987
1988
1989
1990
1991
1992
1993
1994
1995
1996
1997
1998
1999
2000
2001
2002
2003
2004
2005
2006
2007
2008
2009
2010
2011
2012
2013
2014
2015
2016
2017
2018
2019
2020
2021
2022
2023
2024
2025
2026
2027
2028
2029
2030
2031
2032
2033
2034
2035
2036
2037
2038
2039
2040
2041
2042
2043
2044
2045
2046
2047
2048
2049
2050
2051
2052
2053
2054
2055
2056
2057
2058
2059
2060
2061
2062
2063
2064
2065
2066
2067
2068
2069
2070
2071
2072
2073
2074
2075
2076
2077
2078
2079
2080
2081
2082
2083
2084
2085
2086
2087
2088
2089
2090
2091
2092
2093
2094
2095
2096
2097
2098
2099
2100
2101
2102
2103
2104
2105
2106
2107
2108
2109
2110
2111
2112
2113
2114
2115
2116
2117
2118
2119
2120
2121
2122
2123
2124
2125
2126
2127
2128
2129
2130
2131
2132
2133
2134
2135
2136
2137
2138
2139
2140
2141
2142
2143
2144
2145
2146
2147
2148
2149
2150
2151
2152
2153
2154
2155
2156
2157
2158
2159
2160
2161
2162
2163
2164
2165
2166
2167
2168
2169
2170
2171
2172
2173
2174
2175
2176
2177
2178
2179
2180
2181
2182
2183
2184
2185
2186
2187
2188
2189
2190
2191
2192
2193
2194
2195
2196
2197
2198
2199
2200
2201
2202
2203
2204
2205
2206
2207
2208
2209
2210
2211
2212
2213
2214
2215
2216
2217
2218
2219
2220
2221
2222
2223
2224
2225
2226
2227
2228
2229
2230
2231
2232
2233
2234
2235
2236
2237
2238
2239
2240
2241
2242
2243
2244
2245
2246
2247
2248
2249
2250
2251
2252
2253
2254
2255
2256
2257
2258
2259
2260
2261
2262
2263
2264
2265
2266
2267
2268
2269
2270
2271
2272
2273
2274
2275
2276
2277
2278
2279
2280
2281
2282
2283
2284
2285
2286
2287
2288
2289
2290
2291
2292
2293
2294
2295
2296
2297
2298
2299
2300
2301
2302
2303
2304
2305
2306
2307
2308
2309
2310
2311
2312
2313
2314
2315
2316
2317
2318
2319
2320
2321
2322
2323
2324
2325
2326
2327
2328
2329
2330
2331
2332
2333
2334
2335
2336
2337
2338
2339
2340
2341
2342
2343
2344
2345
2346
2347
2348
2349
2350
2351
2352
2353
2354
2355
2356
2357
2358
2359
2360
2361
2362
2363
2364
2365
2366
2367
2368
2369
2370
2371
2372
2373
2374
2375
2376
2377
2378
2379
2380
2381
2382
2383
2384
2385
2386
2387
2388
2389
2390
2391
2392
2393
2394
2395
2396
2397
2398
2399
2400
2401
2402
2403
2404
2405
2406
2407
2408
2409
2410
2411
2412
2413
2414
2415
2416
2417
2418
2419
2420
2421
2422
2423
2424
2425
2426
2427
2428
2429
2430
2431
2432
2433
2434
2435
2436
2437
2438
2439
2440
2441
2442
2443
2444
2445
2446
2447
2448
2449
2450
2451
2452
2453
2454
2455
2456
2457
2458
2459
2460
2461
2462
2463
2464
2465
2466
2467
2468
2469
2470
2471
2472
2473
2474
2475
2476
2477
2478
2479
2480
2481
2482
2483
2484
2485
2486
2487
2488
2489
2490
2491
2492
2493
2494
2495
2496
2497
2498
2499
2500
2501
2502
2503
2504
2505
2506
2507
2508
2509
2510
2511
2512
2513
2514
2515
2516
2517
2518
2519
2520
2521
2522
2523
2524
2525
2526
2527
2528
2529
2530
2531
2532
2533
2534
2535
2536
2537
2538
2539
2540
2541
2542
2543
2544
2545
2546
2547
2548
2549
2550
2551
2552
2553
2554
2555
2556
2557
2558
2559
2560
2561
2562
2563
2564
2565
2566
2567
2568
2569
2570
2571
2572
2573
2574
2575
2576
2577
2578
2579
2580
2581
2582
2583
2584
2585
2586
2587
2588
2589
2590
2591
2592
2593
2594
2595
2596
2597
2598
2599
2600
2601
2602
2603
2604
2605
2606
2607
2608
2609
2610
2611
2612
2613
2614
2615
2616
2617
2618
2619
2620
2621
2622
2623
2624
2625
2626
2627
2628
2629
2630
2631
2632
2633
2634
2635
2636
2637
2638
2639
2640
2641
2642
2643
2644
2645
2646
2647
2648
2649
2650
2651
2652
2653
2654
2655
2656
2657
2658
2659
2660
2661
2662
2663
2664
2665
2666
2667
2668
2669
2670
2671
2672
2673
2674
2675
2676
2677
2678
2679
2680
2681
2682
2683
2684
2685
2686
2687
2688
2689
2690
2691
2692
2693
2694
2695
2696
2697
2698
2699
2700
2701
2702
2703
2704
2705
2706
2707
2708
2709
2710
2711
2712
2713
2714
2715
2716
2717
2718
2719
2720
2721
2722
2723
2724
2725
2726
2727
2728
2729
2730
2731
2732
2733
2734
2735
2736
2737
2738
2739
2740
2741
2742
2743
2744
2745
2746
2747
2748
2749
2750
2751
2752
2753
2754
2755
2756
2757
2758
2759
2760
2761
2762
2763
2764
2765
2766
2767
2768
2769
2770
2771
2772
2773
2774
2775
2776
2777
2778
2779
2780
2781
2782
2783
2784
2785
2786
2787
2788
2789
2790
2791
2792
2793
2794
2795
2796
2797
2798
2799
2800
2801
2802
2803
2804
2805
2806
2807
2808
2809
2810
2811
2812
2813
2814
2815
2816
2817
2818
2819
2820
2821
2822
2823
2824
2825
2826
2827
2828
2829
2830
2831
2832
2833
2834
2835
2836
2837
2838
2839
2840
2841
2842
2843
2844
2845
2846
2847
2848
2849
2850
2851
2852
2853
2854
2855
2856
2857
2858
2859
2860
2861
2862
2863
2864
2865
2866
2867
2868
2869
2870
2871
2872
2873
2874
2875
2876
2877
2878
2879
2880
2881
2882
2883
2884
2885
2886
2887
2888
2889
2890
2891
2892
2893
2894
2895
2896
2897
2898
2899
2900
2901
2902
2903
2904
2905
2906
2907
2908
2909
2910
2911
2912
2913
2914
2915
2916
2917
2918
2919
2920
2921
2922
2923
2924
2925
2926
2927
2928
2929
2930
2931
2932
2933
2934
2935
2936
2937
2938
2939
2940
2941
2942
2943
2944
2945
2946
2947
2948
2949
2950
2951
2952
2953
2954
2955
2956
2957
2958
2959
2960
2961
2962
2963
2964
2965
2966
2967
2968
2969
2970
2971
2972
2973
2974
2975
2976
2977
2978
2979
2980
2981
2982
2983
2984
2985
2986
2987
2988
2989
2990
2991
2992
2993
2994
2995
2996
2997
2998
2999
3000
3001
3002
3003
3004
3005
3006
3007
3008
3009
3010
3011
3012
3013
3014
3015
3016
3017
3018
3019
3020
3021
3022
3023
3024
3025
3026
3027
3028
3029
3030
3031
3032
3033
3034
3035
3036
3037
3038
3039
3040
3041
3042
3043
3044
3045
3046
3047
3048
3049
3050
3051
3052
3053
3054
3055
3056
3057
3058
3059
3060
3061
3062
3063
3064
3065
3066
3067
3068
3069
3070
3071
3072
3073
3074
3075
3076
3077
3078
3079
3080
3081
3082
3083
3084
3085
3086
3087
3088
3089
3090
3091
3092
3093
3094
3095
3096
3097
3098
3099
3100
3101
3102
3103
3104
3105
3106
3107
3108
3109
3110
3111
3112
3113
3114
3115
3116
3117
3118
3119
3120
3121
3122
3123
3124
3125
3126
3127
3128
3129
3130
3131
3132
3133
3134
3135
3136
3137
3138
3139
3140
3141
3142
3143
3144
3145
3146
3147
3148
3149
3150
3151
3152
3153
3154
3155
3156
3157
3158
3159
3160
3161
3162
3163
3164
3165
3166
3167
3168
3169
3170
3171
3172
3173
3174
3175
3176
3177
3178
3179
3180
3181
3182
3183
3184
3185
3186
3187
3188
3189
3190
3191
3192
3193
3194
3195
3196
3197
3198
3199
3200
3201
3202
3203
3204
3205
3206
3207
3208
3209
3210
3211
3212
3213
3214
3215
3216
3217
3218
3219
3220
3221
3222
3223
3224
3225
3226
3227
3228
3229
3230
3231
3232
3233
3234
3235
3236
3237
3238
3239
3240
3241
3242
3243
3244
3245
3246
3247
3248
3249
3250
3251
3252
3253
3254
3255
3256
3257
3258
3259
3260
3261
3262
3263
3264
3265
3266
3267
3268
3269
3270
3271
3272
3273
3274
3275
3276
3277
3278
3279
3280
3281
3282
3283
3284
3285
3286
3287
3288
3289
3290
3291
3292
3293
3294
3295
3296
3297
3298
3299
3300
3301
3302
3303
3304
3305
3306
3307
3308
3309
3310
3311
3312
3313
3314
3315
3316
3317
3318
3319
3320
3321
3322
3323
3324
3325
3326
3327
3328
3329
3330
3331
3332
3333
3334
3335
3336
3337
3338
3339
3340
3341
3342
3343
3344
3345
3346
3347
3348
3349
3350
3351
3352
3353
3354
3355
3356
3357
3358
3359
3360
3361
3362
3363
3364
3365
3366
3367
3368
3369
3370
3371
3372
3373
3374
3375
3376
3377
3378
3379
3380
3381
3382
3383
3384
3385
3386
3387
3388
3389
3390
3391
3392
3393
3394
3395
3396
3397
3398
3399
3400
3401
3402
3403
3404
3405
3406
3407
3408
3409
3410
3411
3412
3413
3414
3415
3416
3417
3418
3419
3420
3421
3422
3423
3424
3425
3426
3427
3428
3429
3430
3431
3432
3433
3434
3435
3436
3437
3438
3439
3440
3441
3442
3443
3444
3445
3446
3447
3448
3449
3450
3451
3452
3453
3454
3455
3456
3457
3458
3459
3460
3461
3462
3463
3464
3465
3466
3467
3468
3469
3470
3471
3472
3473
3474
3475
3476
3477
3478
3479
3480
3481
3482
3483
3484
3485
3486
3487
3488
3489
3490
3491
3492
3493
3494
3495
3496
3497
3498
3499
3500
3501
3502
3503
3504
3505
3506
3507
3508
3509
3510
3511
3512
3513
3514
3515
3516
3517
3518
3519
3520
3521
3522
3523
3524
3525
3526
3527
3528
3529
3530
3531
3532
3533
3534
3535
3536
3537
3538
3539
3540
3541
3542
3543
3544
3545
3546
3547
3548
3549
3550
3551
3552
3553
3554
3555
3556
3557
3558
3559
3560
3561
3562
3563
3564
3565
3566
3567
3568
3569
3570
3571
3572
3573
3574
3575
3576
3577
3578
3579
3580
3581
3582
3583
3584
3585
3586
3587
3588
3589
3590
3591
3592
3593
3594
3595
3596
3597
3598
3599
3600
3601
3602
3603
3604
3605
3606
3607
3608
3609
3610
3611
3612
3613
3614
3615
3616
3617
3618
3619
3620
3621
3622
3623
3624
3625
3626
3627
3628
3629
3630
3631
3632
3633
3634
3635
3636
3637
3638
3639
3640
3641
3642
3643
3644
3645
3646
3647
3648
3649
3650
3651
3652
3653
3654
3655
3656
3657
3658
3659
3660
3661
3662
3663
3664
3665
3666
3667
3668
3669
3670
3671
3672
3673
3674
3675
3676
3677
3678
3679
3680
3681
3682
3683
3684
3685
3686
3687
3688
3689
3690
3691
3692
3693
3694
3695
3696
3697
3698
3699
3700
3701
3702
3703
3704
3705
3706
3707
3708
3709
3710
3711
3712
3713
3714
3715
3716
3717
3718
3719
3720
3721
3722
3723
3724
3725
3726
3727
3728
3729
3730
3731
3732
3733
3734
3735
3736
3737
3738
3739
3740
3741
3742
3743
3744
3745
3746
3747
3748
3749
3750
3751
3752
3753
3754
3755
3756
3757
3758
3759
3760
3761
3762
3763
3764
3765
3766
3767
3768
3769
3770
3771
3772
3773
3774
3775
3776
3777
3778
3779
3780
3781
3782
3783
3784
3785
3786
3787
3788
3789
3790
3791
3792
3793
3794
3795
3796
3797
3798
3799
3800
3801
3802
3803
3804
3805
3806
3807
3808
3809
3810
3811
3812
3813
3814
3815
3816
3817
3818
3819
3820
3821
3822
3823
3824
3825
3826
3827
3828
3829
3830
3831
3832
3833
3834
3835
3836
3837
3838
3839
3840
3841
3842
3843
3844
3845
3846
3847
3848
3849
3850
3851
3852
3853
3854
3855
3856
3857
3858
3859
3860
3861
3862
3863
3864
3865
3866
3867
3868
3869
3870
3871
3872
3873
3874
3875
3876
3877
3878
3879
3880
3881
3882
3883
3884
3885
3886
3887
3888
3889
3890
3891
3892
3893
3894
3895
3896
3897
3898
3899
3900
3901
3902
3903
3904
3905
3906
3907
3908
3909
3910
3911
3912
3913
3914
3915
3916
3917
3918
3919
3920
3921
3922
3923
3924
3925
3926
3927
3928
3929
3930
3931
3932
3933
3934
3935
3936
3937
3938
3939
3940
3941
3942
3943
3944
3945
3946
3947
3948
3949
3950
3951
3952
3953
3954
3955
3956
3957
3958
3959
3960
3961
3962
3963
3964
3965
3966
3967
3968
3969
3970
3971
3972
3973
3974
3975
3976
3977
3978
3979
3980
3981
3982
3983
3984
3985
3986
3987
3988
3989
3990
3991
3992
3993
3994
3995
3996
3997
3998
3999
4000
4001
4002
4003
4004
4005
4006
4007
4008
4009
4010
4011
4012
4013
4014
4015
4016
4017
4018
4019
4020
4021
4022
4023
4024
4025
4026
4027
4028
4029
4030
4031
4032
4033
4034
4035
4036
4037
4038
4039
4040
4041
4042
4043
4044
4045
4046
4047
4048
4049
4050
4051
4052
4053
4054
4055
4056
4057
4058
4059
4060
4061
4062
4063
4064
4065
4066
4067
4068
4069
4070
4071
4072
4073
4074
4075
4076
4077
4078
4079
4080
4081
4082
4083
4084
4085
4086
4087
4088
4089
4090
4091
4092
4093
4094
4095
4096
4097
4098
4099
4100
4101
4102
4103
4104
4105
4106
4107
4108
4109
4110
4111
4112
4113
4114
4115
4116
4117
4118
4119
4120
4121
4122
4123
4124
4125
4126
4127
4128
4129
4130
4131
4132
4133
4134
4135
4136
4137
4138
4139
4140
4141
4142
4143
4144
4145
4146
4147
4148
4149
4150
4151
4152
4153
4154
4155
4156
4157
4158
4159
4160
4161
4162
4163
4164
4165
4166
4167
4168
4169
4170
4171
4172
4173
4174
4175
4176
4177
4178
4179
4180
4181
4182
4183
4184
4185
4186
4187
4188
4189
4190
4191
4192
4193
4194
4195
4196
4197
4198
4199
4200
4201
4202
4203
4204
4205
4206
4207
4208
4209
4210
4211
4212
4213
4214
4215
4216
4217
4218
4219
4220
4221
4222
4223
4224
4225
4226
4227
4228
4229
4230
4231
4232
4233
4234
4235
4236
4237
4238
4239
4240
4241
4242
4243
4244
4245
4246
4247
4248
4249
4250
4251
4252
4253
4254
4255
4256
4257
4258
4259
4260
4261
4262
4263
4264
4265
4266
4267
4268
4269
4270
4271
4272
4273
4274
4275
4276
4277
4278
4279
4280
4281
4282
4283
4284
4285
4286
4287
4288
4289
4290
4291
4292
4293
4294
4295
4296
4297
4298
4299
4300
4301
4302
4303
4304
4305
4306
4307
4308
4309
4310
4311
4312
4313
4314
4315
4316
4317
4318
4319
4320
4321
4322
4323
4324
4325
4326
4327
4328
4329
4330
4331
4332
4333
4334
4335
4336
4337
4338
4339
4340
4341
4342
4343
4344
4345
4346
4347
4348
4349
4350
4351
4352
4353
4354
4355
4356
4357
4358
4359
4360
4361
4362
4363
4364
4365
4366
4367
4368
4369
4370
4371
4372
4373
4374
4375
4376
4377
4378
4379
4380
4381
4382
4383
4384
4385
4386
4387
4388
4389
4390
4391
4392
4393
4394
4395
4396
4397
4398
4399
4400
4401
4402
4403
4404
4405
4406
4407
4408
4409
4410
4411
4412
4413
4414
4415
4416
4417
4418
4419
4420
4422
4423
4424
4425
4426
4427
4428
4429
4430
4431
4432
4433
4434
4435
4436
4437
4438
4439
4440
4441
4442
4443
4444
4445
4446
4447
4448
4449
4450
4451
4452
4453
4454
4455
4456
4457
4458
4459
4460
4461
4462
4463
4464
4465
4466
4467
4468
4469
4470
4471
4472
4473
4474
4475
4476
4477
4478
4479
4480
4481
4482
4483
4484
4485
4486
4487
4488
4489
4490
4491
4492
4493
4494
4495
4496
4497
4498
4499
4500
4501
4502
4503
4504
4505
4506
4507
4508
4509
4510
4511
4512
4513
4514
4515
4516
4517
4518
4519
4520
4521
4522
4523
4524
4525
4526
4527
4528
4529
4530
4531
4532
4533
4534
4535
4536
4537
4538
4539
4540
4541
4542
4543
4544
4545
4546
4547
4548
4549
4550
4551
4552
4553
4554
4555
4556
4557
4558
4559
4560
4561
4562
4563
4564
4565
4566
4567
4568
4569
4570
4571
4572
4573
4574
4575
4576
4577
4578
4579
4580
4581
4582
4583
4584
4585
4586
4587
4588
4589
4590
4591
4592
4593
4594
4595
4596
4597
4598
4599
4600
4601
4602
4603
4604
4605
4606
4607
4608
4609
4610
4611
4612
4613
4614
4615
4616
4617
4618
4619
4620
4621
4622
4623
4624
4625
4626
4627
4628
4629
4630
4631
4632
4633
4634
4635
4636
4637
4638
4639
4640
4641
4642
4643
4644
4645
4646
4647
4648
4649
4650
4651
4652
4653
4654
4655
4656
4657
4658
4659
4660
4661
4662
4663
4664
4665
4666
4667
4668
4669
4670
4671
4672
4673
4674
4675
4676
4677
4678
4679
4680
4681
4682
4683
4684
4685
4686
4687
4688
4689
4690
4691
4692
4693
4694
4695
4696
4697
4698
4699
4700
4701
4702
4703
4704
4705
4706
4707
4708
4709
4710
4711
4712
4713
4714
4715
4716
4717
4718
4719
4720
4721
4722
4723
4724
4725
4726
4727
4728
4729
4730
4731
4732
4733
4734
4735
4736
4737
4738
4739
4740
4741
4742
4743
4744
4745
4746
4747
4748
4749
4750
4751
4752
4753
4754
4755
4756
4757
4758
4759
4760
4761
4762
4763
4764
4765
4766
4767
4768
4769
4770
4771
4772
4773
4774
4775
4776
4777
4778
4779
4780
4781
4782
4783
4784
4785
4786
4787
4788
4789
4790
4791
4792
4793
4794
4795
4796
4797
4798
4799
4800
4801
4802
4803
4804
4805
4806
4807
4808
4809
4810
4811
4812
4813
4814
4815
4816
4817
4818
4819
4820
4821
4822
4823
4824
4825
4826
4827
4828
4829
4830
4831
4832
4833
4834
4835
4836
4837
4838
4839
4840
4841
4842
4843
4844
4845
4846
4847
4848
4849
4850
4851
4852
4853
4854
4855
4856
4857
4858
4859
4860
4861
4862
4863
4864
4865
4866
4867
4868
4869
4870
4871
4872
4873
4874
4875
4876
4877
4878
4879
4880
4881
4882
4883
4884
4885
4886
4887
4888
4889
4890
4891
4892
4893
4894
4895
4896
4897
4898
4899
4900
4901
4902
4903
4904
4905
4906
4907
4908
4909
4910
4911
4912
4913
4914
4915
4916
4917
4918
4919
4920
4921
4922
4923
4924
4925
4926
4927
4928
4929
4930
4931
4932
4933
4934
4935
4936
4937
4938
4939
4940
4941
4942
4943
4944
4945
4946
4947
4948
4949
4950
4951
4952
4953
4954
4955
4956
4957
4958
4959
4960
4961
4962
4963
2.7500000000000000e-02 0.0000000000000000e+00 0.0000000000000000e+00
1.9445436482630061e-02 1.9445436482630061e-02 0.0000000000000000e+00
8.0000000000000002e-03 0.0000000000000000e+00 0.0000000000000000e+00
5.6568542494923810e-03 5.6568542494923810e-03 0.0000000000000000e+00
2.7300000000000001e-02 0.0000000000000000e+00 0.0000000000000000e+00
1.9304015126392751e-02 1.9304015126392751e-02 0.0000000000000000e+00
5.3333333333333340e-03 0.0000000000000000e+00 0.0000000000000000e+00
3.7712361663282540e-03 3.7712361663282540e-03 0.0000000000000000e+00
2.7498929221532700e-02 2.4267605801746219e-04 0.0000000000000000e+00
2.7495716969517459e-02 4.8533321768603430e-04 0.0000000000000000e+00
2.7490363494107758e-02 7.2795258212848780e-04 0.0000000000000000e+00
2.7482869212204400e-02 9.7051525741094198e-04 0.0000000000000000e+00
2.7473234707423081e-02 1.2130023540141239e-03 0.0000000000000000e+00
2.7461460730048910e-02 1.4553949883044850e-03 0.0000000000000000e+00
2.7447548196977981e-02 1.6976742840046600e-03 0.0000000000000000e+00
2.7431498191646000e-02 1.9398213736635530e-03 0.0000000000000000e+00
2.7413311963943889e-02 2.1818174001255368e-03 0.0000000000000000e+00
2.7392990930120448e-02 2.4236435179990391e-03 0.0000000000000000e+00
2.7370536672672072e-02 2.6652808951240820e-03 0.0000000000000000e+00
2.7345950940219511e-02 2.9067107140387989e-03 0.0000000000000000e+00
2.7319235647371699e-02 3.1479141734449280e-03 0.0000000000000000e+00
2.7290392874576679e-02 3.3888724896718580e-03 0.0000000000000000e+00
2.7259424867959521e-02 3.6295668981395010e-03 0.0000000000000000e+00
2.7226334039147499e-02 3.8699786548194838e-03 0.0000000000000000e+00
2.7191122965082189e-02 4.1100890376949356e-03 0.0000000000000000e+00
2.7153794387818869e-02 4.3498793482183561e-03 0.0000000000000000e+00
2.7114351214312930e-02 4.5893309127678561e-03 0.0000000000000000e+00
2.7072796516193539e-02 4.8284250841013170e-03 0.0000000000000000e+00
2.7029133529524400e-02 5.0671432428085099e-03 0.0000000000000000e+00
2.6983365654551748e-02 5.3054667987611614e-03 0.0000000000000000e+00
2.6935496455439609e-02 5.5433771925605573e-03 0.0000000000000000e+00
2.6885529659992149e-02 5.7808558969829546e-03 0.0000000000000000e+00
2.6833469159363469e-02 6.0178844184222823e-03 0.0000000000000000e+00
2.6779319007754512e-02 6.2544442983304260e-03 0.0000000000000000e+00
2.6723083422097380e-02 6.4905171146545891e-03 0.0000000000000000e+00
2.6664766781726929e-02 6.7260844832719878e-03 0.0000000000000000e+00
2.6604373628039711e-02 6.9611280594214769e-03 0.0000000000000000e+00
2.6541908664140371e-02 7.1956295391321081e-03 0.0000000000000000e+00
2.6477376754475299e-02 7.4295706606486303e-03 0.0000000000000000e+00
2.6410782924453931e-02 7.6629332058535263e-03 0.0000000000000000e+00
2.6342132360057290e-02 7.8956990016858294e-03 0.0000000000000000e+00
2.6271430407434179e-02 8.1278499215563030e-03 0.0000000000000000e+00
2.6198682572484859e-02 8.3593678867590268e-03 0.0000000000000000e+00
2.6123894520432251e-02 8.5902348678793330e-03 0.0000000000000000e+00
2.6047072075380769e-02 8.8204328861977693e-03 0.0000000000000000e+00
2.5968221219862780e-02 9.0499440150902700e-03 0.0000000000000000e+00
2.5887348094372709e-02 9.2787503814240942e-03 0.0000000000000000e+00
2.5804458996888820e-02 9.5068341669497826e-03 0.0000000000000000e+00
2.5719560382382801e-02 9.7341776096887093e-03 0.0000000000000000e+00
2.5632658862317099e-02 9.9607630053162571e-03 0.0000000000000000e+00
2.5543761204129972e-02 1.0186572708540620e-02 0.0000000000000000e+00
2.5452874330708589e-02 1.0411589134476830e-02 0.0000000000000000e+00
2.5360005319849801e-02 1.0635794760016290e-02 0.0000000000000000e+00
2.5265161403709050e-02 1.0859172125191250e-02 0.0000000000000000e+00
2.5168349968237101e-02 1.1081703834534631e-02 0.0000000000000000e+00
2.5069578552604908e-02 1.1303372558434589e-02 0.0000000000000000e+00
2.4968854848616460e-02 1.1524161034484131e-02 0.0000000000000000e+00
2.4866186700109840e-02 1.1744052068825330e-02 0.0000000000000000e+00
2.4761582102346320e-02 1.1963028537488429e-02 0.0000000000000000e+00
2.4655049201387790e-02 1.2181073387725210e-02 0.0000000000000000e+00
2.4546596293462342e-02 1.2398169639337131e-02 0.0000000000000000e+00
2.4436231824318241e-02 1.2614300385997481e-02 0.0000000000000000e+00
2.4323964388566190e-02 1.2829448796568150e-02 0.0000000000000000e+00
2.4209802729010011e-02 1.3043598116410180e-02 0.0000000000000000e+00
2.4093755735965859e-02 1.3256731668688650e-02 0.0000000000000000e+00
2.3975832446569811e-02 1.3468832855671280e-02 0.0000000000000000e+00
2.3856042044074179e-02 1.3679885160021081e-02 0.0000000000000000e+00
2.3734393857132319e-02 1.3889872146082550e-02 0.0000000000000000e+00
2.3610897359072149e-02 1.4098777461161661e-02 0.0000000000000000e+00
2.3485562167158480e-02 1.4306584836799261e-02 0.0000000000000000e+00
2.3358398041843999e-02 1.4513278090038041e-02 0.0000000000000000e+00
2.3229414886009259e-02 1.4718841124682729e-02 0.0000000000000000e+00
2.3098622744191381e-02 1.4923257932553620e-02 0.0000000000000000e+00
2.2966031801801980e-02 1.5126512594733131e-02 0.0000000000000000e+00
2.2831652384333830e-02 1.5328589282805630e-02 0.0000000000000000e+00
2.2695494956556879e-02 1.5529472260089890e-02 0.0000000000000000e+00
2.2557570121703261e-02 1.5729145882864729e-02 0.0000000000000000e+00
2.2417888620641580e-02 1.5927594601587169e-02 0.0000000000000000e+00
2.2276461331040460e-02 1.6124802962103429e-02 0.0000000000000000e+00
2.2133299266521460e-02 1.6320755606852300e-02 0.0000000000000000e+00
2.1988413575801370e-02 1.6515437276061268e-02 0.0000000000000000e+00
2.1841815541824051e-02 1.6708832808934721e-02 0.0000000000000000e+00
2.1693516580881710e-02 1.6900927144834699e-02 0.0000000000000000e+00
2.1543528241725941e-02 1.7091705324453640e-02 0.0000000000000000e+00
2.1391862204668280e-02 1.7281152490979439e-02 0.0000000000000000e+00
2.1238530280670690e-02 1.7469253891252319e-02 0.0000000000000000e+00
2.1083544410425700e-02 1.7655994876913821e-02 0.0000000000000000e+00
2.0926916663426609e-02 1.7841360905547471e-02 0.0000000000000000e+00
2.0768659237027500e-02 1.8025337541811320e-02 0.0000000000000000e+00
2.0608784455493440e-02 1.8207910458562019e-02 0.0000000000000000e+00
2.0447304769040671e-02 1.8389065437970649e-02 0.0000000000000000e+00
2.0284232752867101e-02 1.8568788372629850e-02 0.0000000000000000e+00
2.0119581106172992e-02 1.8747065266652450e-02 0.0000000000000000e+00
1.9953362651172011e-02 1.8923882236761402e-02 0.0000000000000000e+00
1.9785590332092699e-02 1.9099225513370961e-02 0.0000000000000000e+00
1.9616277214170450e-02 1.9273081441658919e-02 0.0000000000000000e+00
7.9970662897862720e-03 2.1663507740907599e-04 0.0000000000000000e+00
7.9882673108089917e-03 4.3311126868333759e-04 0.0000000000000000e+00
7.9736095164817822e-03 6.4926980421944858e-04 0.0000000000000000e+00
7.9531036572348772e-03 8.6495214739153354e-04 0.0000000000000000e+00
7.9267647726304537e-03 1.0800001108263180e-03 0.0000000000000000e+00
7.8946121803322097e-03 1.2942559724221159e-03 0.0000000000000000e+00
7.8566694619372490e-03 1.5075625910265450e-03 0.0000000000000000e+00
7.8129644456806941e-03 1.7197635216881890e-03 0.0000000000000000e+00
7.7635291860256922e-03 1.9307031303976421e-03 0.0000000000000000e+00
7.7083999401537841e-03 2.1402267082337649e-03 0.0000000000000000e+00
7.6476171413728941e-03 2.3481805848314741e-03 0.0000000000000000e+00
7.5812253694624203e-03 2.5544122410878370e-03 0.0000000000000000e+00
7.5092733179772048e-03 2.7587704210237608e-03 0.0000000000000000e+00
7.4318137585343324e-03 2.9611052427193129e-03 0.0000000000000000e+00
7.3489035021089746e-03 3.1612683082412399e-03 0.0000000000000000e+00
7.2606033573676581e-03 3.3591128124821142e-03 0.0000000000000000e+00
7.1669780860695049e-03 3.5544936508312272e-03 0.0000000000000000e+00
7.0680963555681854e-03 3.7472675255983199e-03 0.0000000000000000e+00
6.9640306884493769e-03 3.9372930511120587e-03 0.0000000000000000e+00
6.8548574093407130e-03 4.1244308574161746e-03 0.0000000000000000e+00
6.7406565889331924e-03 4.3085436924872357e-03 0.0000000000000000e+00
6.6215119852551232e-03 4.4894965228990608e-03 0.0000000000000000e+00
6.4975109822416870e-03 4.6671566328599541e-03 0.0000000000000000e+00
6.3687445256451489e-03 4.8413937215501220e-03 0.0000000000000000e+00
6.2353070563327317e-03 5.0120799986878954e-03 0.0000000000000000e+00
6.0972964410210898e-03 5.1790902782546232e-03 0.0000000000000000e+00
5.9548139004981593e-03 5.3423020703095682e-03 0.0000000000000000e+00
5.8079639353850430e-03 5.5015956708273899e-03 0.0000000000000000e+00
2.7098662363095879e-02 0.0000000000000000e+00 0.0000000000000000e+00
2.6855586081474800e-02 0.0000000000000000e+00 0.0000000000000000e+00
2.6516044625259839e-02 0.0000000000000000e+00 0.0000000000000000e+00
2.6122086995731000e-02 0.0000000000000000e+00 0.0000000000000000e+00
2.5728128582780320e-02 0.0000000000000000e+00 0.0000000000000000e+00
2.5334170169829650e-02 0.0000000000000000e+00 0.0000000000000000e+00
2.4940211756878970e-02 0.0000000000000000e+00 0.0000000000000000e+00
2.4546253343928300e-02 0.0000000000000000e+00 0.0000000000000000e+00
2.4152294930977630e-02 0.0000000000000000e+00 0.0000000000000000e+00
2.3758336518026949e-02 0.0000000000000000e+00 0.0000000000000000e+00
2.3364378105076279e-02 0.0000000000000000e+00 0.0000000000000000e+00
2.2970419692125599e-02 0.0000000000000000e+00 0.0000000000000000e+00
2.2576461279174929e-02 0.0000000000000000e+00 0.0000000000000000e+00
2.2182502866224248e-02 0.0000000000000000e+00 0.0000000000000000e+00
2.1788544453273578e-02 0.0000000000000000e+00 0.0000000000000000e+00
2.1394586040322901e-02 0.0000000000000000e+00 0.0000000000000000e+00
2.1000627627372231e-02 0.0000000000000000e+00 0.0000000000000000e+00
2.0606669214421561e-02 0.0000000000000000e+00 0.0000000000000000e+00
2.0212710801470881e-02 0.0000000000000000e+00 0.0000000000000000e+00
1.9818752388520211e-02 0.0000000000000000e+00 0.0000000000000000e+00
1.9424793975569541e-02 0.0000000000000000e+00 0.0000000000000000e+00
1.9030835562618861e-02 0.0000000000000000e+00 0.0000000000000000e+00
1.8636877149668191e-02 0.0000000000000000e+00 0.0000000000000000e+00
1.8242918736717521e-02 0.0000000000000000e+00 0.0000000000000000e+00
1.7848960323766840e-02 0.0000000000000000e+00 0.0000000000000000e+00
1.7455001910816170e-02 0.0000000000000000e+00 0.0000000000000000e+00
1.7061043497865490e-02 0.0000000000000000e+00 0.0000000000000000e+00
1.6667085084914820e-02 0.0000000000000000e+00 0.0000000000000000e+00
1.6273126671964139e-02 0.0000000000000000e+00 0.0000000000000000e+00
1.5879168259013469e-02 0.0000000000000000e+00 0.0000000000000000e+00
1.5485209846062791e-02 0.0000000000000000e+00 0.0000000000000000e+00
1.5091251433112121e-02 0.0000000000000000e+00 0.0000000000000000e+00
1.4697293020161451e-02 0.0000000000000000e+00 0.0000000000000000e+00
1.4303334607210781e-02 0.0000000000000000e+00 0.0000000000000000e+00
1.3909376194260100e-02 0.0000000000000000e+00 0.0000000000000000e+00
1.3515417781309430e-02 0.0000000000000000e+00 0.0000000000000000e+00
1.3121459368358760e-02 0.0000000000000000e+00 0.0000000000000000e+00
1.2727500955408090e-02 0.0000000000000000e+00 0.0000000000000000e+00
1.2333542542457420e-02 0.0000000000000000e+00 0.0000000000000000e+00
1.1939584129506740e-02 0.0000000000000000e+00 0.0000000000000000e+00
1.1545625716556070e-02 0.0000000000000000e+00 0.0000000000000000e+00
1.1151667303605390e-02 0.0000000000000000e+00 0.0000000000000000e+00
1.0757708890654720e-02 0.0000000000000000e+00 0.0000000000000000e+00
1.0363750477704039e-02 0.0000000000000000e+00 0.0000000000000000e+00
9.9697920647533710e-03 0.0000000000000000e+00 0.0000000000000000e+00
9.5758336518026975e-03 0.0000000000000000e+00 0.0000000000000000e+00
9.1818752388520240e-03 0.0000000000000000e+00 0.0000000000000000e+00
8.7879168259013506e-03 0.0000000000000000e+00 0.0000000000000000e+00
8.3939584129506736e-03 0.0000000000000000e+00 0.0000000000000000e+00
1.9161647918029771e-02 1.9161647918029771e-02 0.0000000000000000e+00
1.8989767030949900e-02 1.8989767030949900e-02 0.0000000000000000e+00
1.8749674964766351e-02 1.8749674964766351e-02 0.0000000000000000e+00
1.8471104853426321e-02 1.8471104853426321e-02 0.0000000000000000e+00
1.8192534188123409e-02 1.8192534188123409e-02 0.0000000000000000e+00
1.7913963522820500e-02 1.7913963522820500e-02 0.0000000000000000e+00
1.7635392857517591e-02 1.7635392857517591e-02 0.0000000000000000e+00
1.7356822192214679e-02 1.7356822192214679e-02 0.0000000000000000e+00
1.7078251526911770e-02 1.7078251526911770e-02 0.0000000000000000e+00
1.6799680861608851e-02 1.6799680861608851e-02 0.0000000000000000e+00
1.6521110196305939e-02 1.6521110196305939e-02 0.0000000000000000e+00
1.6242539531003030e-02 1.6242539531003030e-02 0.0000000000000000e+00
1.5963968865700121e-02 1.5963968865700121e-02 0.0000000000000000e+00
1.5685398200397209e-02 1.5685398200397209e-02 0.0000000000000000e+00
1.5406827535094290e-02 1.5406827535094290e-02 0.0000000000000000e+00
1.5128256869791379e-02 1.5128256869791379e-02 0.0000000000000000e+00
1.4849686204488470e-02 1.4849686204488470e-02 0.0000000000000000e+00
1.4571115539185549e-02 1.4571115539185549e-02 0.0000000000000000e+00
1.4292544873882641e-02 1.4292544873882641e-02 0.0000000000000000e+00
1.4013974208579730e-02 1.4013974208579730e-02 0.0000000000000000e+00
1.3735403543276820e-02 1.3735403543276820e-02 0.0000000000000000e+00
1.3456832877973911e-02 1.3456832877973911e-02 0.0000000000000000e+00
1.3178262212670990e-02 1.3178262212670990e-02 0.0000000000000000e+00
1.2899691547368079e-02 1.2899691547368079e-02 0.0000000000000000e+00
1.2621120882065170e-02 1.2621120882065170e-02 0.0000000000000000e+00
1.2342550216762260e-02 1.2342550216762260e-02 0.0000000000000000e+00
1.2063979551459349e-02 1.2063979551459349e-02 0.0000000000000000e+00
1.1785408886156430e-02 1.1785408886156430e-02 0.0000000000000000e+00
1.1506838220853520e-02 1.1506838220853520e-02 0.0000000000000000e+00
1.1228267555550611e-02 1.1228267555550611e-02 0.0000000000000000e+00
1.0949696890247700e-02 1.0949696890247700e-02 0.0000000000000000e+00
1.0671126224944779e-02 1.0671126224944779e-02 0.0000000000000000e+00
1.0392555559641879e-02 1.0392555559641879e-02 0.0000000000000000e+00
1.0113984894338970e-02 1.0113984894338970e-02 0.0000000000000000e+00
9.8354142290360529e-03 9.8354142290360529e-03 0.0000000000000000e+00
9.5568435637331424e-03 9.5568435637331424e-03 0.0000000000000000e+00
9.2782728984302319e-03 9.2782728984302319e-03 0.0000000000000000e+00
8.9997022331273231e-03 8.9997022331273231e-03 0.0000000000000000e+00
8.7211315678244108e-03 8.7211315678244108e-03 0.0000000000000000e+00
8.4425609025215002e-03 8.4425609025215002e-03 0.0000000000000000e+00
8.1639902372185897e-03 8.1639902372185897e-03 0.0000000000000000e+00
7.8854195719156774e-03 7.8854195719156774e-03 0.0000000000000000e+00
7.6068489066127669e-03 7.6068489066127669e-03 0.0000000000000000e+00
7.3282782413098529e-03 7.3282782413098529e-03 0.0000000000000000e+00
7.0497075760069406e-03 7.0497075760069406e-03 0.0000000000000000e+00
6.7711369107040301e-03 6.7711369107040301e-03 0.0000000000000000e+00
6.4925662454011178e-03 6.4925662454011178e-03 0.0000000000000000e+00
6.2139955800982073e-03 6.2139955800982073e-03 0.0000000000000000e+00
5.9354249147952932e-03 5.9354249147952932e-03 0.0000000000000000e+00
5.2308548288172302e-03 1.0404817174193490e-03 0.0000000000000000e+00
4.9273575067268639e-03 2.0409783059471449e-03 0.0000000000000000e+00
4.4345045989469074e-03 2.9630412427712142e-03 0.0000000000000000e+00
6.0000000000000010e-03 0.0000000000000000e+00 0.0000000000000000e+00
6.6666666666666680e-03 0.0000000000000000e+00 0.0000000000000000e+00
7.3333333333333349e-03 0.0000000000000000e+00 0.0000000000000000e+00
5.1854497287013492e-03 5.1854497287013492e-03 0.0000000000000000e+00
4.7140452079103166e-03 4.7140452079103166e-03 0.0000000000000000e+00
4.2426406871192849e-03 4.2426406871192849e-03 0.0000000000000000e+00
2.7299264219659201e-02 2.0043219610400609e-04 0.0000000000000000e+00
2.7297057700863280e-02 4.0080029408739559e-04 0.0000000000000000e+00
2.7293380401243059e-02 6.0115411754521164e-04 0.0000000000000000e+00
2.7288232553173499e-02 8.0147621544397545e-04 0.0000000000000000e+00
2.7281614733833750e-02 1.0017472309246070e-03 0.0000000000000000e+00
2.7273526823747729e-02 1.2019711287353740e-03 0.0000000000000000e+00
2.7263969392473799e-02 1.4021315795074260e-03 0.0000000000000000e+00
2.7252943473611329e-02 1.6022084833584370e-03 0.0000000000000000e+00
2.7240448893763258e-02 1.8022053341037909e-03 0.0000000000000000e+00
2.7226486504402962e-02 2.0021070464797158e-03 0.0000000000000000e+00
2.7211057819218520e-02 2.2018929036505121e-03 0.0000000000000000e+00
2.7194162649623741e-02 2.4015656946686581e-03 0.0000000000000000e+00
2.7175802065596180e-02 2.6011117030105219e-03 0.0000000000000000e+00
2.7155978076991001e-02 2.8005097182449371e-03 0.0000000000000000e+00
2.7134690533884891e-02 2.9997615955769030e-03 0.0000000000000000e+00
2.7111940653686939e-02 3.1988551062774690e-03 0.0000000000000000e+00
2.7087730950589511e-02 3.3977686720074148e-03 0.0000000000000000e+00
2.7062061382501130e-02 3.5965029861993710e-03 0.0000000000000000e+00
2.7034933235297862e-02 3.7950474256571581e-03 0.0000000000000000e+00
2.7006349527924970e-02 3.9933801691733432e-03 0.0000000000000000e+00
2.6976310410804769e-02 4.1915005212819004e-03 0.0000000000000000e+00
2.6944817151052170e-02 4.3893995826724402e-03 0.0000000000000000e+00
2.6911873265289751e-02 4.5870554120244454e-03 0.0000000000000000e+00
2.6877479196407560e-02 4.7844657012752131e-03 0.0000000000000000e+00
2.6841636097573791e-02 4.9816233905649512e-03 0.0000000000000000e+00
2.6804347968505549e-02 5.1785065398503383e-03 0.0000000000000000e+00
2.6765615659078281e-02 5.3751110119237347e-03 0.0000000000000000e+00
2.6725440106143691e-02 5.5714316950786161e-03 0.0000000000000000e+00
2.6683825777311879e-02 5.7674467389015674e-03 0.0000000000000000e+00
2.6640774037555191e-02 5.9631500635088496e-03 0.0000000000000000e+00
2.6596285518576290e-02 6.1585385128591326e-03 0.0000000000000000e+00
2.6550365147609192e-02 6.3535903651887413e-03 0.0000000000000000e+00
2.6503014863175980e-02 6.5482977301183527e-03 0.0000000000000000e+00
2.6454234959780519e-02 6.7426591707371898e-03 0.0000000000000000e+00
2.6404030795658881e-02 6.9366532089976344e-03 0.0000000000000000e+00
2.6352404930477760e-02 7.1302702880137424e-03 0.0000000000000000e+00
2.6299357307507740e-02 7.3235104432259326e-03 0.0000000000000000e+00
2.6244893678674181e-02 7.5163525592595922e-03 0.0000000000000000e+00
2.6189017264914401e-02 7.7087855527323704e-03 0.0000000000000000e+00
2.6131727658946249e-02 7.9008106899649180e-03 0.0000000000000000e+00
2.6073030961790991e-02 8.0924073343775944e-03 0.0000000000000000e+00
2.6012931087552989e-02 8.2835630156484815e-03 0.0000000000000000e+00
2.5951427294158350e-02 8.4742799927789228e-03 0.0000000000000000e+00
2.5888525980483020e-02 8.6645382195392005e-03 0.0000000000000000e+00
2.5824231776479790e-02 8.8543239806690779e-03 0.0000000000000000e+00
2.5758543636971588e-02 9.0436402904046642e-03 0.0000000000000000e+00
2.5691468199286270e-02 9.2324678047130092e-03 0.0000000000000000e+00
2.5623010825038799e-02 9.4207917002736181e-03 0.0000000000000000e+00
2.5553170212091060e-02 9.6086155148336714e-03 0.0000000000000000e+00
2.5481953169491200e-02 9.7959207156783964e-03 0.0000000000000000e+00
2.5409365798533881e-02 9.9826915066176698e-03 0.0000000000000000e+00
2.5335406600380490e-02 1.0168931723312770e-02 0.0000000000000000e+00
2.5260082482552609e-02 1.0354623748579140e-02 0.0000000000000000e+00
2.5183400286000079e-02 1.0539750947488800e-02 0.0000000000000000e+00
2.5105358390224961e-02 1.0724317232269890e-02 0.0000000000000000e+00
2.5025963720615590e-02 1.0908306002970040e-02 0.0000000000000000e+00
2.4945223850047289e-02 1.1091699918003200e-02 0.0000000000000000e+00
2.4863137126136879e-02 1.1274502749430419e-02 0.0000000000000000e+00
2.4779710404210720e-02 1.1456699013391740e-02 0.0000000000000000e+00
2.4694951974152959e-02 1.1638270790554709e-02 0.0000000000000000e+00
2.4608860255149270e-02 1.1819221503235090e-02 0.0000000000000000e+00
2.4521441937635800e-02 1.1999536878528110e-02 0.0000000000000000e+00
2.4432706006609892e-02 1.2179198544837381e-02 0.0000000000000000e+00
2.4342651069736539e-02 1.2358209372601471e-02 0.0000000000000000e+00
2.4251283551298249e-02 1.2536556389795849e-02 0.0000000000000000e+00
2.4158613101431421e-02 1.2714220896906990e-02 0.0000000000000000e+00
2.4064638647506350e-02 1.2891205016015530e-02 0.0000000000000000e+00
2.3969366239682530e-02 1.3067497161582529e-02 0.0000000000000000e+00
2.3872806156151841e-02 1.3243078427269040e-02 0.0000000000000000e+00
2.3774957789482319e-02 1.3417949996491050e-02 0.0000000000000000e+00
2.3675826699262170e-02 1.3592101754567060e-02 0.0000000000000000e+00
2.3575423749090541e-02 1.3765514703447080e-02 0.0000000000000000e+00
2.3473748954021031e-02 1.3938188908305000e-02 0.0000000000000000e+00
2.3370807261834829e-02 1.4110115801444310e-02 0.0000000000000000e+00
2.3266610070959981e-02 1.4281276406746840e-02 0.0000000000000000e+00
2.3161158189200139e-02 1.4451669499917561e-02 0.0000000000000000e+00
2.3054455825153950e-02 1.4621288130873610e-02 0.0000000000000000e+00
2.2946514854347230e-02 1.4790113455927990e-02 0.0000000000000000e+00
2.2837337061756929e-02 1.4958142796741290e-02 0.0000000000000000e+00
2.2726925781328920e-02 1.5125370889005240e-02 0.0000000000000000e+00
2.2615293304561249e-02 1.5291779123066991e-02 0.0000000000000000e+00
2.2502442583522089e-02 1.5457363221949979e-02 0.0000000000000000e+00
2.2388375942706349e-02 1.5622119659253910e-02 0.0000000000000000e+00
2.2273106067840331e-02 1.5786030092798331e-02 0.0000000000000000e+00
2.2156637135585720e-02 1.5949088715095421e-02 0.0000000000000000e+00
2.2038970464818720e-02 1.6111293580927881e-02 0.0000000000000000e+00
2.1920119083768230e-02 1.6272626688811478e-02 0.0000000000000000e+00
2.1800088389211429e-02 1.6433080849997939e-02 0.0000000000000000e+00
2.1678878766552400e-02 1.6592655466353901e-02 0.0000000000000000e+00
2.1556503510998231e-02 1.6751332973238900e-02 0.0000000000000000e+00
2.1432969225031309e-02 1.6909104949667231e-02 0.0000000000000000e+00
2.1308275448083829e-02 1.7065971915733020e-02 0.0000000000000000e+00
2.1182435660543380e-02 1.7221916835443739e-02 0.0000000000000000e+00
2.1055457648588859e-02 1.7376930200944031e-02 0.0000000000000000e+00
2.0927340206404060e-02 1.7531013430073690e-02 0.0000000000000000e+00
2.0798096910846449e-02 1.7684150103610841e-02 0.0000000000000000e+00
2.0667736704374530e-02 1.7836329765920169e-02 0.0000000000000000e+00
2.0536257748180960e-02 1.7987554522510212e-02 0.0000000000000000e+00
2.0403673620941601e-02 1.8137808654026859e-02 0.0000000000000000e+00
2.0269994387466218e-02 1.8287080891495180e-02 0.0000000000000000e+00
2.0135217699864452e-02 1.8435373828025979e-02 0.0000000000000000e+00
1.9999357040034301e-02 1.8582672519991052e-02 0.0000000000000000e+00
1.9862423551844640e-02 1.8728965018044309e-02 0.0000000000000000e+00
1.9724414516277419e-02 1.8874254210168539e-02 0.0000000000000000e+00
1.9585343212571649e-02 1.9018526000870142e-02 0.0000000000000000e+00
1.9445221816157550e-02 1.9161767886091061e-02 0.0000000000000000e+00
2.5061255162910159e-02 1.0271930214358609e-02 0.0000000000000000e+00
1.8240045573859841e-02 3.9773178816402809e-04 0.0000000000000000e+00
2.5746905174665120e-02 8.3994497933441957e-03 0.0000000000000000e+00
1.3182765776833080e-02 1.2620551757408010e-02 0.0000000000000000e+00
2.4358657553579560e-02 1.1892838482483041e-02 0.0000000000000000e+00
1.5880971293919341e-02 3.9769459555991012e-04 0.0000000000000000e+00
1.0952729858469420e-02 1.0390302226948450e-02 0.0000000000000000e+00
1.5133066268666850e-02 1.4570831659820500e-02 0.0000000000000000e+00
1.3910219754631950e-02 3.9756289483777220e-04 0.0000000000000000e+00
2.0999390487498340e-02 3.9753464797104721e-04 0.0000000000000000e+00
2.3590667472270680e-02 1.3294581523337829e-02 0.0000000000000000e+00
2.6259328080951359e-02 6.7074038773759347e-03 0.0000000000000000e+00
2.2772277834267631e-02 1.4636233511302599e-02 0.0000000000000000e+00
9.5596673836348296e-03 8.9972288005988645e-03 0.0000000000000000e+00
2.6548772421063811e-02 5.3166756073299067e-03 0.0000000000000000e+00
7.5184452242404668e-03 3.3709575682348940e-03 0.0000000000000000e+00
1.6246780250671260e-02 1.5684236982778370e-02 0.0000000000000000e+00
2.1874623511341180e-02 1.5954690075233868e-02 0.0000000000000000e+00
2.3364206952229741e-02 3.9769325527075962e-04 0.0000000000000000e+00
2.6756418089308971e-02 4.1429479316372059e-03 0.0000000000000000e+00
2.6913439821136260e-02 2.9692645700538900e-03 0.0000000000000000e+00
1.7639434644897381e-02 1.7077250441651159e-02 0.0000000000000000e+00
1.1936183988428569e-02 3.9776548099173208e-04 0.0000000000000000e+00
7.9192960025362309e-03 2.2779105521156060e-03 0.0000000000000000e+00
2.1155556994236161e-02 1.6929942432425418e-02 0.0000000000000000e+00
2.0397985373110560e-02 1.7814577444502031e-02 0.0000000000000000e+00
8.4474803780547215e-03 7.8852392823812682e-03 0.0000000000000000e+00
2.5336705947413728e-02 3.9580345089877851e-04 0.0000000000000000e+00
7.0990765552872009e-03 4.2901781129968068e-03 0.0000000000000000e+00
2.7007201113769731e-02 1.9722131401327262e-03 0.0000000000000000e+00
2.7051314984298150e-02 1.3854394392667820e-03 0.0000000000000000e+00
8.1102117510212738e-03 1.4690229690866340e-03 0.0000000000000000e+00
1.0365617952122919e-02 3.9787740039047038e-04 0.0000000000000000e+00
7.6123349741949800e-03 7.0503061234028341e-03 0.0000000000000000e+00
1.8748483486462710e-02 1.8196383754236770e-02 0.0000000000000000e+00
6.5487379400888043e-03 5.0109520879970731e-03 0.0000000000000000e+00
2.5501104483357601e-02 9.1243375593544028e-03 0.0000000000000000e+00
2.6505259195286669e-02 3.3580006802647402e-04 0.0000000000000000e+00
1.9838251514109870e-02 1.8419614767039891e-02 0.0000000000000000e+00
1.4298049495043860e-02 1.3735573534573799e-02 0.0000000000000000e+00
1.9817928758701881e-02 3.9743556539875707e-04 0.0000000000000000e+00
1.2346876025715849e-02 1.1784912824026970e-02 0.0000000000000000e+00
2.6397585880235479e-02 6.1050295093336374e-03 0.0000000000000000e+00
2.3883694285768111e-02 1.2775732505500639e-02 0.0000000000000000e+00
2.4864319166734140e-02 1.0816039248703330e-02 0.0000000000000000e+00
2.2432844128929590e-02 1.5165955621421650e-02 0.0000000000000000e+00
1.9159167455308469e-02 1.8818937391416060e-02 0.0000000000000000e+00
9.5878143380559513e-03 3.9854265194822018e-04 0.0000000000000000e+00
7.0575069601126628e-03 6.4987664086255106e-03 0.0000000000000000e+00
8.2065272158610546e-03 7.5073133719644799e-04 0.0000000000000000e+00
2.7087031485383720e-02 8.0044123578703642e-04 0.0000000000000000e+00
2.4547279797531581e-02 3.9752042206113621e-04 0.0000000000000000e+00
2.2576956601090430e-02 3.9744128867538151e-04 0.0000000000000000e+00
1.5093474514496811e-02 3.9754921570542111e-04 0.0000000000000000e+00
1.0394873211725320e-02 9.8325862576736783e-03 0.0000000000000000e+00
1.7452324162752969e-02 3.9773639584196689e-04 0.0000000000000000e+00
2.0667882973995692e-02 1.7553082556481341e-02 0.0000000000000000e+00
2.6953703994255059e-02 2.5743097056839131e-03 0.0000000000000000e+00
2.6892436193281591e-02 3.3493320649206960e-03 0.0000000000000000e+00
2.1397113301883940e-02 1.6594708020325082e-02 0.0000000000000000e+00
2.6727611976520731e-02 4.5339229580741870e-03 0.0000000000000000e+00
2.2118937090201751e-02 1.5631336434176649e-02 0.0000000000000000e+00
2.4508319248204510e-02 1.1528933790779830e-02 0.0000000000000000e+00
2.4155988685965201e-02 1.2246472823767099e-02 0.0000000000000000e+00
2.5225530989816350e-02 9.9029093050275047e-03 0.0000000000000000e+00
6.1301171061577137e-03 5.4712970143021766e-03 0.0000000000000000e+00
7.8470580901896028e-03 2.6220284709490759e-03 0.0000000000000000e+00
2.7084358997309380e-02 2.2707307746304070e-04 0.0000000000000000e+00
1.9454799995131080e-02 1.8874176433788529e-02 0.0000000000000000e+00
1.3740522751381070e-02 1.3178054169476429e-02 0.0000000000000000e+00
1.8196012599394271e-02 1.7635296861174810e-02 0.0000000000000000e+00
1.5690234552851162e-02 1.5127763093055160e-02 0.0000000000000000e+00
1.6666913615277081e-02 3.9772661387042953e-04 0.0000000000000000e+00
1.1150391683028000e-02 3.9778583089469891e-04 0.0000000000000000e+00
1.2068110483921840e-02 1.1506228715418371e-02 0.0000000000000000e+00
1.1789230535131820e-02 1.1227298086900031e-02 0.0000000000000000e+00
1.9424024733341840e-02 3.9743032365662038e-04 0.0000000000000000e+00
1.9029654337655709e-02 3.9755512940185459e-04 0.0000000000000000e+00
9.0042250232047621e-03 8.4417788143630774e-03 0.0000000000000000e+00
6.7866978311510000e-03 6.2305877629113210e-03 0.0000000000000000e+00
1.4854767774678181e-02 1.4292454039919800e-02 0.0000000000000000e+00
1.2724480102105480e-02 3.9775048625736743e-04 0.0000000000000000e+00
2.2182786161464279e-02 3.9740873631693199e-04 0.0000000000000000e+00
2.1788173760722521e-02 3.9750041137061841e-04 0.0000000000000000e+00
1.1510317041432089e-02 1.0948155197724910e-02 0.0000000000000000e+00
2.4152526376565720e-02 3.9763701418748642e-04 0.0000000000000000e+00
9.2168423316768989e-03 4.0231793473030202e-04 0.0000000000000000e+00
1.0115943757956540e-02 9.5536030896736322e-03 0.0000000000000000e+00
1.6803128974537510e-02 1.6240607068189649e-02 0.0000000000000000e+00
1.7360439986440299e-02 1.6798094353585199e-02 0.0000000000000000e+00
8.1690927017418410e-03 7.6067852672788020e-03 0.0000000000000000e+00
1.4699368240942860e-02 3.9758965814351652e-04 0.0000000000000000e+00
1.3514966381887421e-02 3.9765091486251852e-04 0.0000000000000000e+00
2.0605553122693371e-02 3.9758984049697698e-04 0.0000000000000000e+00
1.2904088282080190e-02 1.2341873332464981e-02 0.0000000000000000e+00
2.0116769778183979e-02 1.8121385228450679e-02 0.0000000000000000e+00
2.0896938658944309e-02 1.7262873014271152e-02 0.0000000000000000e+00
2.5345522332247770e-02 9.5118105732481355e-03 0.0000000000000000e+00
2.4679167927958951e-02 1.1151274392969800e-02 0.0000000000000000e+00
2.1653795128574880e-02 1.6301030210808840e-02 0.0000000000000000e+00
2.6833206673146742e-02 3.7592851200135440e-03 0.0000000000000000e+00
2.6642250468718921e-02 4.9636192215017153e-03 0.0000000000000000e+00
2.3004732379411690e-02 1.4301114074286870e-02 0.0000000000000000e+00
2.3215932121195691e-02 1.3996865280614770e-02 0.0000000000000000e+00
2.6988722214485481e-02 2.1784010607940711e-03 0.0000000000000000e+00
2.7095410744541280e-02 9.9167594203241217e-04 0.0000000000000000e+00
2.7042898235951442e-02 1.7836509486805260e-03 0.0000000000000000e+00
2.6280687199937570e-02 6.5034620578942768e-03 0.0000000000000000e+00
2.5653539786152431e-02 8.7825475520716158e-03 0.0000000000000000e+00
1.9585095805573459e-02 1.8733834319259700e-02 0.0000000000000000e+00
2.3785586888835829e-02 1.2952976998784751e-02 0.0000000000000000e+00
2.5868355222257101e-02 8.0153350130892555e-03 0.0000000000000000e+00
2.6044544703570000e-02 7.4412885023470493e-03 0.0000000000000000e+00
2.3989451752117551e-02 1.2617921808986091e-02 0.0000000000000000e+00
2.3388074960128648e-02 1.3642236718201030e-02 0.0000000000000000e+00
2.6493785082695360e-02 5.6994178595147467e-03 0.0000000000000000e+00
2.6216501320193372e-02 6.9060352039446169e-03 0.0000000000000000e+00
2.4932477842378099e-02 1.0654738043488460e-02 0.0000000000000000e+00
2.5984353019471940e-02 7.6356272331856816e-03 0.0000000000000000e+00
2.2345749279122570e-02 1.5336129384866001e-02 0.0000000000000000e+00
2.6116576475663279e-02 7.2658000897478396e-03 0.0000000000000000e+00
2.2541752401072951e-02 1.4986258972715419e-02 0.0000000000000000e+00
1.9306682240118351e-02 1.8998210768572499e-02 0.0000000000000000e+00
2.6127683321953699e-02 3.7355978628034967e-04 0.0000000000000000e+00
2.7110031635087649e-02 6.1052670041702312e-04 0.0000000000000000e+00
8.8990614656041904e-03 4.3248577717680710e-04 0.0000000000000000e+00
8.2605624949937204e-03 3.5777377569589508e-04 0.0000000000000000e+00
8.0210488719758694e-03 1.8780351644595670e-03 0.0000000000000000e+00
7.4113680697761187e-03 3.6986650466240768e-03 0.0000000000000000e+00
7.7344290880085667e-03 2.8587858967430040e-03 0.0000000000000000e+00
7.2318288688987750e-03 3.9832466467306588e-03 0.0000000000000000e+00
6.9379516463037756e-03 4.5407273077018792e-03 0.0000000000000000e+00
6.3398878733537892e-03 5.2393006551006167e-03 0.0000000000000000e+00
6.7198544732238151e-03 4.7427325109859787e-03 0.0000000000000000e+00
8.2008313254173636e-03 1.1136652827846479e-03 0.0000000000000000e+00
7.6367837954956063e-03 3.0964161328063040e-03 0.0000000000000000e+00
6.5275111217192507e-03 5.9664239415899416e-03 0.0000000000000000e+00
2.4620889341962361e-02 1.0778337855959649e-02 0.0000000000000000e+00
1.3466035806671909e-02 1.2340701062730761e-02 0.0000000000000000e+00
2.3693537952625288e-02 1.2655764336838651e-02 0.0000000000000000e+00
1.9423547405429821e-02 7.9553760665900409e-04 0.0000000000000000e+00
2.5833768819766401e-02 7.3599112823730072e-03 0.0000000000000000e+00
1.5095487119686070e-02 7.9572869068888011e-04 0.0000000000000000e+00
1.0396687692593120e-02 9.2712430282925837e-03 0.0000000000000000e+00
1.5416820521838220e-02 1.4291459529766610e-02 0.0000000000000000e+00
2.2356052132357630e-02 1.4852253354468490e-02 0.0000000000000000e+00
2.2183608122214440e-02 7.9549018594400438e-04 0.0000000000000000e+00
8.7308882394075502e-03 7.6055073121372406e-03 0.0000000000000000e+00
1.7921842501633211e-02 1.6796764538879381e-02 0.0000000000000000e+00
2.4548327951281469e-02 7.9555807208191338e-04 0.0000000000000000e+00
2.6754191069270600e-02 1.9458371267321521e-03 0.0000000000000000e+00
7.8522354685073049e-03 3.5146359931154032e-03 0.0000000000000000e+00
1.2071414702018890e-02 1.0946592142164389e-02 0.0000000000000000e+00
8.3853782595759378e-03 1.9762798484511510e-03 0.0000000000000000e+00
7.1907386476432779e-03 4.7792144933399526e-03 0.0000000000000000e+00
1.3910227675311280e-02 7.9577489338085450e-04 0.0000000000000000e+00
9.6030840534307195e-03 7.9800823049709473e-04 0.0000000000000000e+00
7.0597759529310890e-03 5.9630800580353551e-03 0.0000000000000000e+00
2.6564056254600919e-02 7.0678070276105395e-04 0.0000000000000000e+00
1.9366386294124752e-02 1.8645621924469429e-02 0.0000000000000000e+00
6.5837263873412526e-03 5.4680757533532749e-03 0.0000000000000000e+00
7.9663265518478358e-03 3.1120493235727732e-03 0.0000000000000000e+00
2.6894297761532081e-02 5.3782436664014284e-04 0.0000000000000000e+00
2.6868885993298151e-02 8.0691413072312649e-04 0.0000000000000000e+00
2.6830090678397530e-02 2.7709464987570222e-04 0.0000000000000000e+00
8.2762231033260188e-03 2.3726323438648419e-03 0.0000000000000000e+00
9.2398422288529972e-03 8.0026195750596777e-04 0.0000000000000000e+00
8.5276654882053340e-03 1.1602511022687869e-03 0.0000000000000000e+00
7.8907034948178696e-03 7.3283545353328306e-03 0.0000000000000000e+00
1.7918146874878860e-02 1.7356209510755050e-02 0.0000000000000000e+00
1.4019444099345069e-02 1.3456866588878879e-02 0.0000000000000000e+00
1.5411756738101370e-02 1.4849275044990271e-02 0.0000000000000000e+00
1.6274269966103139e-02 3.9777087641422628e-04 0.0000000000000000e+00
1.0757948694820401e-02 3.9786730000344542e-04 0.0000000000000000e+00
1.4576563613510250e-02 1.4014083789893869e-02 0.0000000000000000e+00
1.6525001775071092e-02 1.5962374607429521e-02 0.0000000000000000e+00
2.4941978932647341e-02 3.9725345623915082e-04 0.0000000000000000e+00
2.3758154775748230e-02 3.9774465611660138e-04 0.0000000000000000e+00
2.2970757943245001e-02 3.9766772899481849e-04 0.0000000000000000e+00
1.8634883180898149e-02 3.9772242316726738e-04 0.0000000000000000e+00
1.1231463656400960e-02 1.0669044149513911e-02 0.0000000000000000e+00
1.7059613087581370e-02 3.9778078156814303e-04 0.0000000000000000e+00
1.5968719077123689e-02 1.5406122040939470e-02 0.0000000000000000e+00
8.7259854812780212e-03 8.1635074636541832e-03 0.0000000000000000e+00
1.3461719894974361e-02 1.2899242295234630e-02 0.0000000000000000e+00
1.7845881205625441e-02 3.9779989013944561e-04 0.0000000000000000e+00
1.5487413676901950e-02 3.9771165744617592e-04 0.0000000000000000e+00
1.1543107900073320e-02 3.9783269245495181e-04 0.0000000000000000e+00
9.9758033190001233e-03 3.9821980833215209e-04 0.0000000000000000e+00
9.2821165885849412e-03 8.7195808741670298e-03 0.0000000000000000e+00
1.4304880305190190e-02 3.9766937468028492e-04 0.0000000000000000e+00
2.1393627399953839e-02 3.9760636104070168e-04 0.0000000000000000e+00
2.0211753453873670e-02 3.9761440958558872e-04 0.0000000000000000e+00
1.2329958385643280e-02 3.9782036817001890e-04 0.0000000000000000e+00
1.0673879712550460e-02 1.0111399692804361e-02 0.0000000000000000e+00
9.8375900220428678e-03 9.2750942985081932e-03 0.0000000000000000e+00
1.3119622549744180e-02 3.9776883702763270e-04 0.0000000000000000e+00
1.2625515487221911e-02 1.2063299929744699e-02 0.0000000000000000e+00
7.3339683789521090e-03 6.7730837103149649e-03 0.0000000000000000e+00
1.7081655612044860e-02 1.6519125827489101e-02 0.0000000000000000e+00
2.5732816624837292e-02 3.8947977872601838e-04 0.0000000000000000e+00
1.8472336059913150e-02 1.7915068670071230e-02 0.0000000000000000e+00
1.2629479706296831e-02 1.1504521707286551e-02 0.0000000000000000e+00
2.5003201963660581e-02 1.0467429022995439e-02 0.0000000000000000e+00
2.5421474993485332e-02 9.3162664721946203e-03 0.0000000000000000e+00
2.4585852914713550e-02 1.1341393382865441e-02 0.0000000000000000e+00
2.4078809446012692e-02 1.2439393797229260e-02 0.0000000000000000e+00
2.5807531763580610e-02 8.2063739457576869e-03 0.0000000000000000e+00
2.3488008233949541e-02 1.3465930969894310e-02 0.0000000000000000e+00
2.6172089948810751e-02 7.0773699137238787e-03 0.0000000000000000e+00
2.2889555141328181e-02 1.4468388881593890e-02 0.0000000000000000e+00
2.6405436931241890e-02 5.8847337185922548e-03 0.0000000000000000e+00
2.7082677154640630e-02 1.1873211692043390e-03 0.0000000000000000e+00
1.9979704147764499e-02 1.8269884777036640e-02 0.0000000000000000e+00
2.6972345917468839e-02 2.3786005753701068e-03 0.0000000000000000e+00
2.0772982749138639e-02 1.7400613625791869e-02 0.0000000000000000e+00
2.1536658979959229e-02 1.6458315242250811e-02 0.0000000000000000e+00
2.6820788217030860e-02 3.5427428734367949e-03 0.0000000000000000e+00
2.2240996548177190e-02 1.5492825154708140e-02 0.0000000000000000e+00
2.6676829163026779e-02 4.7431800621747884e-03 0.0000000000000000e+00
2.0989730530790750e-02 1.7072667031012800e-02 0.0000000000000000e+00
2.0253791905123070e-02 1.7966852635098490e-02 0.0000000000000000e+00
2.6932717493585091e-02 2.7717853988840301e-03 0.0000000000000000e+00
2.7056639934913581e-02 1.5866807996368680e-03 0.0000000000000000e+00
2.1748998553174671e-02 1.6124639287444269e-02 0.0000000000000000e+00
2.6787888393309079e-02 3.9402995517370939e-03 0.0000000000000000e+00
2.6592215879467699e-02 5.1210228021997383e-03 0.0000000000000000e+00
1.9696458406164009e-02 1.8577313066964429e-02 0.0000000000000000e+00
2.3119981563630591e-02 1.4157023969570050e-02 0.0000000000000000e+00
2.6332433543072641e-02 6.2871610389538942e-03 0.0000000000000000e+00
2.0541709660830191e-02 1.7692828741736871e-02 0.0000000000000000e+00
2.3690249036569480e-02 1.3124889843873260e-02 0.0000000000000000e+00
2.5690354931011919e-02 8.5973540242316321e-03 0.0000000000000000e+00
2.4266185452898721e-02 1.2072130447828041e-02 0.0000000000000000e+00
2.4782361832821051e-02 1.0989277639397220e-02 0.0000000000000000e+00
2.5270934097884050e-02 9.7112453901244955e-03 0.0000000000000000e+00
2.6897726671343509e-02 3.1669523119998038e-03 0.0000000000000000e+00
2.1260531313131749e-02 1.6764450582244770e-02 0.0000000000000000e+00
2.6734633539999612e-02 4.3462190202316004e-03 0.0000000000000000e+00
2.1998283209173890e-02 1.5793096328091449e-02 0.0000000000000000e+00
2.5153467284730929e-02 1.0090725431090540e-02 0.0000000000000000e+00
2.5589426602797279e-02 8.9592968130024521e-03 0.0000000000000000e+00
2.4426435158309730e-02 1.1712144608021630e-02 0.0000000000000000e+00
2.5926764913430551e-02 7.8260591272463990e-03 0.0000000000000000e+00
2.6515145823353750e-02 5.5160121821690011e-03 0.0000000000000000e+00
2.2652865127087651e-02 1.4805983574291880e-02 0.0000000000000000e+00
2.3290894298016080e-02 1.3823616950712089e-02 0.0000000000000000e+00
7.5484854826106101e-03 4.1790518757613597e-03 0.0000000000000000e+00
2.7108257365719649e-02 4.2057713794922512e-04 0.0000000000000000e+00
1.9041768952414450e-02 1.8497574133706372e-02 0.0000000000000000e+00
2.2226738652204269e-02 1.5018737159518620e-02 0.0000000000000000e+00
8.5883122450075705e-03 4.2068166355452898e-04 0.0000000000000000e+00
6.2953872965199748e-03 5.6974838446846752e-03 0.0000000000000000e+00
2.6468510012464370e-02 4.8445638603456936e-03 0.0000000000000000e+00
2.2177825531542440e-02 1.4644436407892199e-02 0.0000000000000000e+00
1.6530851805460569e-02 1.5405010223508771e-02 0.0000000000000000e+00
2.1420138204163209e-02 1.6229205336323240e-02 0.0000000000000000e+00
2.6622179102542758e-02 3.6646592308505060e-03 0.0000000000000000e+00
1.1933112618137350e-02 7.9608348594720994e-04 0.0000000000000000e+00
2.0753583360557930e-02 1.7102891361690169e-02 0.0000000000000000e+00
8.3578636293868969e-03 3.2731922317021950e-03 0.0000000000000000e+00
1.7451631922858611e-02 7.9595452043790607e-04 0.0000000000000000e+00
2.6195906457203579e-02 5.9829362447120678e-03 0.0000000000000000e+00
2.0245091110582071e-02 1.7613357668670459e-02 0.0000000000000000e+00
2.4106139745599709e-02 1.1843209260789999e-02 0.0000000000000000e+00
2.4959058830522109e-02 9.9001135782579384e-03 0.0000000000000000e+00
2.5429120020428232e-02 8.7800470426551164e-03 0.0000000000000000e+00
2.2986077864744901e-02 1.3930642231650610e-02 0.0000000000000000e+00
8.7591785002095399e-03 2.0978893087661020e-03 0.0000000000000000e+00
2.5340148655527851e-02 7.9258516800430681e-04 0.0000000000000000e+00
1.8477386792221911e-02 1.7356925935592030e-02 0.0000000000000000e+00
2.6693474055007750e-02 2.9401614928831789e-03 0.0000000000000000e+00
2.1960650189519201e-02 1.5467930776123561e-02 0.0000000000000000e+00
1.4582695800245319e-02 1.3456953690473649e-02 0.0000000000000000e+00
9.6186837537708594e-03 1.1938808741767050e-03 0.0000000000000000e+00
2.3416974300246661e-02 1.3177289271120900e-02 0.0000000000000000e+00
2.5661246218652810e-02 7.9494771689861323e-03 0.0000000000000000e+00
2.6145776696893861e-02 7.5727939717870878e-04 0.0000000000000000e+00
1.6668770962986600e-02 7.9592996277996590e-04 0.0000000000000000e+00
1.7085601031347718e-02 1.5959781547732688e-02 0.0000000000000000e+00
1.1150644872849891e-02 7.9613074739765671e-04 0.0000000000000000e+00
1.2908113996078510e-02 1.1782906450329219e-02 0.0000000000000000e+00
1.4700708902540801e-02 7.9577707974267699e-04 0.0000000000000000e+00
1.5138684126506260e-02 1.4013217770822621e-02 0.0000000000000000e+00
9.2877544738024388e-03 8.1620682709660792e-03 0.0000000000000000e+00
1.8238438147041180e-02 7.9600961230442101e-04 0.0000000000000000e+00
1.2721596606310269e-02 7.9607832970774155e-04 0.0000000000000000e+00
2.2846053531660710e-02 1.4137592464102729e-02 0.0000000000000000e+00
1.9959246051982311e-02 1.7960880444835011e-02 0.0000000000000000e+00
1.9279467185237781e-02 1.8190442550289641e-02 0.0000000000000000e+00
2.5136320493162612e-02 9.4055374625620913e-03 0.0000000000000000e+00
2.6732281623385170e-02 2.5502620249062049e-03 0.0000000000000000e+00
2.4354800418216721e-02 1.1446245797938360e-02 0.0000000000000000e+00
2.6327866580171690e-02 5.2591068408993653e-03 0.0000000000000000e+00
2.6531846536923989e-02 4.0994536286702837e-03 0.0000000000000000e+00
2.0949826015661518e-02 1.6834139353267871e-02 0.0000000000000000e+00
2.3928013912353649e-02 1.2112016693101789e-02 0.0000000000000000e+00
2.4826481106468831e-02 1.0174406409470810e-02 0.0000000000000000e+00
6.9231112687171050e-03 5.1602540372694657e-03 0.0000000000000000e+00
1.9676433141586840e-02 1.8253756617081150e-02 0.0000000000000000e+00
2.6804105460038689e-02 1.3664801544190611e-03 0.0000000000000000e+00
2.2104115307649250e-02 1.5265345679853749e-02 0.0000000000000000e+00
8.4762227132356861e-03 1.5670335891028060e-03 0.0000000000000000e+00
1.9028907246423081e-02 7.9574474290346978e-04 0.0000000000000000e+00
2.1788162241359980e-02 7.9565670187651226e-04 0.0000000000000000e+00
2.4153122915706659e-02 7.9580904162999001e-04 0.0000000000000000e+00
2.3365090213014281e-02 7.9593730609391587e-04 0.0000000000000000e+00
1.3513935553485890e-02 7.9591368966192705e-04 0.0000000000000000e+00
1.0675744410501370e-02 9.5501908139252085e-03 0.0000000000000000e+00
1.1233886147866360e-02 1.0108232514397450e-02 0.0000000000000000e+00
1.4024844163059449e-02 1.2899115222731090e-02 0.0000000000000000e+00
1.5883838129545230e-02 7.9591412207354571e-04 0.0000000000000000e+00
1.0370437981259200e-02 7.9644324579470141e-04 0.0000000000000000e+00
9.8414772317095087e-03 8.7158175368789413e-03 0.0000000000000000e+00
8.4522298287835109e-03 7.3268256926218604e-03 0.0000000000000000e+00
7.8948485173951852e-03 6.7710519197428810e-03 0.0000000000000000e+00
1.1792082094273470e-02 1.0666880622064201e-02 0.0000000000000000e+00
1.7642463849618688e-02 1.6516979074358059e-02 0.0000000000000000e+00
1.2350475904310879e-02 1.1225576488560150e-02 0.0000000000000000e+00
2.0998460313077019e-02 7.9575175348751189e-04 0.0000000000000000e+00
7.3349119650086541e-03 6.2216712233789289e-03 0.0000000000000000e+00
1.5974499082294449e-02 1.4848775990137290e-02 0.0000000000000000e+00
2.0604785351232710e-02 7.9580789143844297e-04 0.0000000000000000e+00
1.3186905080459690e-02 1.2061560725358441e-02 0.0000000000000000e+00
1.4305514509521630e-02 7.9585145367236636e-04 0.0000000000000000e+00
2.2578368072775429e-02 7.9563627218411353e-04 0.0000000000000000e+00
1.9817519829684271e-02 7.9565687109507243e-04 0.0000000000000000e+00
1.5695623657276111e-02 1.4569973447370221e-02 0.0000000000000000e+00
1.8200325645592309e-02 1.7076595641717152e-02 0.0000000000000000e+00
1.3745446489603739e-02 1.2619794078556391e-02 0.0000000000000000e+00
9.0095172983678026e-03 7.8838656404809915e-03 0.0000000000000000e+00
9.9845947483249570e-03 7.9685077087957457e-04 0.0000000000000000e+00
1.5489862334168780e-02 7.9590231299633135e-04 0.0000000000000000e+00
1.0118649108618250e-02 8.9929913509631913e-03 0.0000000000000000e+00
2.4943728395022499e-02 7.9480603121180691e-04 0.0000000000000000e+00
8.1526908544675477e-03 2.7418913387158069e-03 0.0000000000000000e+00
2.2610380855609579e-02 1.4459398981056160e-02 0.0000000000000000e+00
8.5545776054637736e-03 7.7623347171991777e-04 0.0000000000000000e+00
2.6552443855488349e-02 1.0509111809899219e-03 0.0000000000000000e+00
2.6859456580767920e-02 1.0738836648367671e-03 0.0000000000000000e+00
1.9021700050952529e-02 1.7921998855013260e-02 0.0000000000000000e+00
7.7103682226508062e-03 3.8556779220878892e-03 0.0000000000000000e+00
2.0461000921976301e-02 1.7465321483587880e-02 0.0000000000000000e+00
2.1726820921187068e-02 1.5781202630833619e-02 0.0000000000000000e+00
2.6019432706152399e-02 6.4490783107527044e-03 0.0000000000000000e+00
2.5989474052158901e-02 6.7643159874174073e-03 0.0000000000000000e+00
2.5539782505157319e-02 8.3334687081826758e-03 0.0000000000000000e+00
2.3207227096172019e-02 1.3518561288885310e-02 0.0000000000000000e+00
2.3817467200728290e-02 1.2415525212273191e-02 0.0000000000000000e+00
2.6278211222897752e-02 5.6694802099717459e-03 0.0000000000000000e+00
2.6515151532088759e-02 4.5212303490042016e-03 0.0000000000000000e+00
2.4744859193512679e-02 1.0470295328522091e-02 0.0000000000000000e+00
2.5912684974038969e-02 7.1021650737712510e-03 0.0000000000000000e+00
7.3799110183723534e-03 4.4816647882407693e-03 0.0000000000000000e+00
2.4496430946121809e-02 1.1008860815170720e-02 0.0000000000000000e+00
2.5289161284584898e-02 8.9921948182961516e-03 0.0000000000000000e+00
2.6761080369218381e-02 2.1640039171875922e-03 0.0000000000000000e+00
2.1209728616079931e-02 1.6406841173554180e-02 0.0000000000000000e+00
2.6806911339617639e-02 1.6631584091531110e-03 0.0000000000000000e+00
2.6675261896485392e-02 3.3460358873909010e-03 0.0000000000000000e+00
1.9505584817907980e-02 1.8410532855111190e-02 0.0000000000000000e+00
2.3598993434653000e-02 1.2851144796496400e-02 0.0000000000000000e+00
2.5774617661035431e-02 7.5722901191319983e-03 0.0000000000000000e+00
6.8086298160925946e-03 5.7153308262027306e-03 0.0000000000000000e+00
8.8938506096283201e-03 7.9761232542956573e-04 0.0000000000000000e+00
2.2434700620211322e-02 1.4619414749069770e-02 0.0000000000000000e+00
1.3748885557353980e-02 1.2059588085521940e-02 0.0000000000000000e+00
1.5886901703939599e-02 1.1946186057130181e-03 0.0000000000000000e+00
1.2073406543685970e-02 1.0384444749561119e-02 0.0000000000000000e+00
1.9424208557570551e-02 1.1942923131872741e-03 0.0000000000000000e+00
2.5019875129859929e-02 8.8468199756892591e-03 0.0000000000000000e+00
1.0677690223722220e-02 8.9882939979311419e-03 0.0000000000000000e+00
1.3908497901521230e-02 1.1945692318897170e-03 0.0000000000000000e+00
1.5700224862085870e-02 1.4010905768622919e-02 0.0000000000000000e+00
2.5969395862744691e-02 5.7214685262401551e-03 0.0000000000000000e+00
2.2580401080229979e-02 1.1942806341618409e-03 0.0000000000000000e+00
9.0135953384265187e-03 7.3242659130137791e-03 0.0000000000000000e+00
2.6372840318205939e-02 3.4449242479566091e-03 0.0000000000000000e+00
2.0970339966169319e-02 1.6193598186397672e-02 0.0000000000000000e+00
1.7923899532542850e-02 1.6234659428300321e-02 0.0000000000000000e+00
2.5341172886048261e-02 1.1891484252904570e-03 0.0000000000000000e+00
2.5521756334772910e-02 7.3916609711568828e-03 0.0000000000000000e+00
7.8775241257536249e-03 4.3618890007006842e-03 0.0000000000000000e+00
2.4565338159224580e-02 1.0059850677338779e-02 0.0000000000000000e+00
2.0045300357251859e-02 1.7374142999925950e-02 0.0000000000000000e+00
2.6467311849499030e-02 2.2707173159474030e-03 0.0000000000000000e+00
2.6708702289806621e-02 4.8755648460359806e-03 0.0000000000000000e+00
8.5056206203500389e-03 2.8809116452392911e-03 0.0000000000000000e+00
2.2577806511484170e-02 1.4024812714305749e-02 0.0000000000000000e+00
2.3385546538701871e-02 1.2645672617212811e-02 0.0000000000000000e+00
2.3642342710385119e-02 1.1952734278290520e-02 0.0000000000000000e+00
2.5633971068157631e-02 6.6924679679169364e-03 0.0000000000000000e+00
2.4549171431725431e-02 1.1935188458581901e-03 0.0000000000000000e+00
2.6189937906028669e-02 1.1849285179118419e-03 0.0000000000000000e+00
8.2079085099106986e-03 3.6546002251115249e-03 0.0000000000000000e+00
7.4994587953009558e-03 4.9865056149012233e-03 0.0000000000000000e+00
2.4243504865571600e-02 1.0910364950497971e-02 0.0000000000000000e+00
8.8997741494022536e-03 1.6585916021013200e-03 0.0000000000000000e+00
2.0623610042932040e-02 1.6808260250437381e-02 0.0000000000000000e+00
1.8754376956394599e-02 1.7077386150812290e-02 0.0000000000000000e+00
7.0075720212156682e-03 5.5271670686718984e-03 0.0000000000000000e+00
8.6388087208596406e-03 2.4906185079491940e-03 0.0000000000000000e+00
9.2559139692267606e-03 1.1957330738740720e-03 0.0000000000000000e+00
2.2361654372535299e-02 1.4272488391960660e-02 0.0000000000000000e+00
1.2352722967671760e-02 1.0664043937435280e-02 0.0000000000000000e+00
1.2910878115506010e-02 1.1222095366419811e-02 0.0000000000000000e+00
1.8202575096684371e-02 1.6514397363009681e-02 0.0000000000000000e+00
1.7363660172163481e-02 1.6237883344686670e-02 0.0000000000000000e+00
9.5649283420882435e-03 8.4391459167354969e-03 0.0000000000000000e+00
1.6276876953209680e-02 7.9599106907802131e-04 0.0000000000000000e+00
1.1512844599384229e-02 1.0387258315786709e-02 0.0000000000000000e+00
1.4303995689358631e-02 1.3178138367190050e-02 0.0000000000000000e+00
1.0760674577660920e-02 7.9629464775026436e-04 0.0000000000000000e+00
2.2972060784199839e-02 7.9587954509911102e-04 0.0000000000000000e+00
2.0211258730880120e-02 7.9581961412184508e-04 0.0000000000000000e+00
1.8750210647993849e-02 1.7638675104667881e-02 0.0000000000000000e+00
2.2184731388000169e-02 1.1942598109101451e-03 0.0000000000000000e+00
1.5096400047057449e-02 1.1944985716918701e-03 0.0000000000000000e+00
1.9561973914344891e-02 1.7956021777764130e-02 0.0000000000000000e+00
1.8633776127882740e-02 7.9597107765109511e-04 0.0000000000000000e+00
2.1392998141239600e-02 7.9580170127969193e-04 0.0000000000000000e+00
1.3117606826585731e-02 7.9607281132014918e-04 0.0000000000000000e+00
2.5742491543431119e-02 7.8393949918318957e-04 0.0000000000000000e+00
1.7060484677102101e-02 7.9597533727680369e-04 0.0000000000000000e+00
1.6253069084879401e-02 1.5127193266890500e-02 0.0000000000000000e+00
1.6808314971321119e-02 1.5682387844458159e-02 0.0000000000000000e+00
1.1541644356985381e-02 7.9615398195121215e-04 0.0000000000000000e+00
8.1735074226381554e-03 7.0484275978727230e-03 0.0000000000000000e+00
2.3758800538331831e-02 7.9597339323867703e-04 0.0000000000000000e+00
1.0954801149134901e-02 9.8290892884725974e-03 0.0000000000000000e+00
7.6149115172850397e-03 6.4952112363603470e-03 0.0000000000000000e+00
1.3469136319781500e-02 1.1779953582651810e-02 0.0000000000000000e+00
1.4700542601048130e-02 1.1945072470748799e-03 0.0000000000000000e+00
1.4860792767014890e-02 1.3735102134898579e-02 0.0000000000000000e+00
9.5712254522306341e-03 7.8815603512778915e-03 0.0000000000000000e+00
1.6258894254909430e-02 1.4569207197986270e-02 0.0000000000000000e+00
1.4308732033076411e-02 1.2619029251531020e-02 0.0000000000000000e+00
1.7844749221428341e-02 7.9604489422646293e-04 0.0000000000000000e+00
1.2326782474227660e-02 7.9614297152167009e-04 0.0000000000000000e+00
1.0123687799559831e-02 8.4340752962196053e-03 0.0000000000000000e+00
9.9938823106843176e-03 1.1959360424023591e-03 0.0000000000000000e+00
7.3025782223897530e-03 5.6477704208599709e-03 0.0000000000000000e+00
2.6528152028869979e-02 1.3455842506867859e-03 0.0000000000000000e+00
8.8917344791506064e-03 1.1937916971007550e-03 0.0000000000000000e+00
2.4314842287433878e-02 1.0621410892247770e-02 0.0000000000000000e+00
2.6445228182777988e-02 1.9387163523543491e-03 0.0000000000000000e+00
2.1998589334005531e-02 1.4818020864721660e-02 0.0000000000000000e+00
2.1683635388342070e-02 1.5369892765878169e-02 0.0000000000000000e+00
2.6749469214138490e-02 2.3724567944894150e-03 0.0000000000000000e+00
2.0618505812981480e-02 1.7254347622581379e-02 0.0000000000000000e+00
2.1841100570081609e-02 1.5639636548273231e-02 0.0000000000000000e+00
2.6090029168887582e-02 6.1870766355312237e-03 0.0000000000000000e+00
2.1048344408490492e-02 1.6620371533122649e-02 0.0000000000000000e+00
2.4335262094462809e-02 1.1225887764054410e-02 0.0000000000000000e+00
2.5604920177239310e-02 8.1278486447316466e-03 0.0000000000000000e+00
2.6299371318213909e-02 5.4759602709657578e-03 0.0000000000000000e+00
2.6518066023434358e-02 4.3217653786699504e-03 0.0000000000000000e+00
2.6206481747638840e-02 4.5967396874780856e-03 0.0000000000000000e+00
2.3297554741429010e-02 1.3335335659186629e-02 0.0000000000000000e+00
2.5223518634608741e-02 9.2054389530333708e-03 0.0000000000000000e+00
2.6358476974056352e-02 5.0426899919597638e-03 0.0000000000000000e+00
2.6546160979613580e-02 3.8770536724945762e-03 0.0000000000000000e+00
2.0102569878617121e-02 1.7794619834785311e-02 0.0000000000000000e+00
2.1535640747125832e-02 1.5931790250694199e-02 0.0000000000000000e+00
2.3517904936829020e-02 1.3009894799834609e-02 0.0000000000000000e+00
2.5722400879993151e-02 7.7500492650320286e-03 0.0000000000000000e+00
2.5027422693829449e-02 9.6056262284482351e-03 0.0000000000000000e+00
2.6680546227857552e-02 3.1544112218541420e-03 0.0000000000000000e+00
2.2725648130574899e-02 1.4310355282714239e-02 0.0000000000000000e+00
1.9831103818936290e-02 1.8099286066716760e-02 0.0000000000000000e+00
2.6711384406819371e-02 2.7579647094817159e-03 0.0000000000000000e+00
2.5487072411421920e-02 8.5247621391355104e-03 0.0000000000000000e+00
2.4234448019096060e-02 1.1576630868264930e-02 0.0000000000000000e+00
2.3104208969766098e-02 1.3706719496151411e-02 0.0000000000000000e+00
1.3750634082629431e-02 1.1497124281914951e-02 0.0000000000000000e+00
1.4699375574459351e-02 1.5935670887981201e-03 0.0000000000000000e+00
1.1932662617092219e-02 1.1948092642231191e-03 0.0000000000000000e+00
2.2312643791012030e-02 1.3773790721625479e-02 0.0000000000000000e+00
2.2582481289396241e-02 1.5933510477214891e-03 0.0000000000000000e+00
8.7410719378926104e-03 3.4117467977068951e-03 0.0000000000000000e+00
1.8203323887441381e-02 1.5950160326238919e-02 0.0000000000000000e+00
1.7455405375060681e-02 1.1945093590910070e-03 0.0000000000000000e+00
9.1263627213779459e-03 2.2234068201389982e-03 0.0000000000000000e+00
2.3879263003923391e-02 1.0864378740752689e-02 0.0000000000000000e+00
2.6437394809602610e-02 2.6411371550406431e-03 0.0000000000000000e+00
2.6243857634010850e-02 3.8067923223111971e-03 0.0000000000000000e+00
2.6059316963890820e-02 4.9449361312348828e-03 0.0000000000000000e+00
1.8240252584215320e-02 1.1946939365408359e-03 0.0000000000000000e+00
1.2719043239159200e-02 1.1948799291952681e-03 0.0000000000000000e+00
1.4866559161811000e-02 1.3176883693859890e-02 0.0000000000000000e+00
1.7368202512581591e-02 1.5678442656799109e-02 0.0000000000000000e+00
1.1514616561893480e-02 9.8250490849890876e-03 0.0000000000000000e+00
1.9291190518131839e-02 1.7650575129055969e-02 0.0000000000000000e+00
1.1155057320196541e-02 1.1949747662793780e-03 0.0000000000000000e+00
2.3367477753543569e-02 1.1946196051239020e-03 0.0000000000000000e+00
2.2943452737304419e-02 1.3441533667621360e-02 0.0000000000000000e+00
2.5797815985965328e-02 6.0551086753588123e-03 0.0000000000000000e+00
9.6194906199746251e-03 1.5818257262754059e-03 0.0000000000000000e+00
2.1994702658610352e-02 1.4312548598989399e-02 0.0000000000000000e+00
8.8898215538873396e-03 3.0097535364052340e-03 0.0000000000000000e+00
2.6235928262548940e-02 4.1751982666865571e-03 0.0000000000000000e+00
2.6028048761479631e-02 5.3078780182618671e-03 0.0000000000000000e+00
2.6401678190946281e-02 3.0283086482907869e-03 0.0000000000000000e+00
2.0782995128862090e-02 1.6457154852730759e-02 0.0000000000000000e+00
2.0330661414158371e-02 1.7129025732547421e-02 0.0000000000000000e+00
2.3488692952538671e-02 1.2278682244759779e-02 0.0000000000000000e+00
2.5563771247452668e-02 7.0261631393631176e-03 0.0000000000000000e+00
2.1788447131611530e-02 1.1944030937173220e-03 0.0000000000000000e+00
1.3511705660065499e-02 1.1947086270190010e-03 0.0000000000000000e+00
1.9029657893546228e-02 1.1944749235082200e-03 0.0000000000000000e+00
2.4154395295493500e-02 1.1942068997729219e-03 0.0000000000000000e+00
7.6078038214825987e-03 5.9459722507530510e-03 0.0000000000000000e+00
8.1741426344319450e-03 6.4900452392986138e-03 0.0000000000000000e+00
1.0956426472666560e-02 9.2669546438151132e-03 0.0000000000000000e+00
1.6815479115516570e-02 1.5125702923590750e-02 0.0000000000000000e+00
1.3189761854212421e-02 1.1500680731046740e-02 0.0000000000000000e+00
1.4304454135892271e-02 1.1945837638496449e-03 0.0000000000000000e+00
1.8479207949724030e-02 1.6794914794023279e-02 0.0000000000000000e+00
9.2927225252373239e-03 7.6031309984837753e-03 0.0000000000000000e+00
1.4028765840272069e-02 1.2339175463813650e-02 0.0000000000000000e+00
1.5979366902868129e-02 1.4289782165040420e-02 0.0000000000000000e+00
1.5491770243219899e-02 1.1946324378085350e-03 0.0000000000000000e+00
1.0400146444728050e-02 8.7105841812799168e-03 0.0000000000000000e+00
2.4944577779998929e-02 1.1916277706080149e-03 0.0000000000000000e+00
2.0998032243468811e-02 1.1945403730563109e-03 0.0000000000000000e+00
1.2631721711106610e-02 1.0943047060665539e-02 0.0000000000000000e+00
2.6117635883915639e-02 1.5906507761097970e-03 0.0000000000000000e+00
1.4587807639524410e-02 1.2898020542277511e-02 0.0000000000000000e+00
1.7645374826461089e-02 1.5955760066572431e-02 0.0000000000000000e+00
1.5421926988921570e-02 1.3732569824077660e-02 0.0000000000000000e+00
8.7341705568606057e-03 7.0451006800029206e-03 0.0000000000000000e+00
1.9818277665215201e-02 1.1944032853425379e-03 0.0000000000000000e+00
2.0604758321334730e-02 1.1945737196204669e-03 0.0000000000000000e+00
1.1793928603008340e-02 1.0104510732334379e-02 0.0000000000000000e+00
2.5745681106710810e-02 1.1840745515754880e-03 0.0000000000000000e+00
1.6280674481200571e-02 1.1946176121128080e-03 0.0000000000000000e+00
2.4655406121115109e-02 9.7780477791339516e-03 0.0000000000000000e+00
1.6537650588907469e-02 1.4847849410440230e-02 0.0000000000000000e+00
1.9022875843575870e-02 1.7362331780711671e-02 0.0000000000000000e+00
1.0378919229937699e-02 1.1963079496954789e-03 0.0000000000000000e+00
2.2974426871115120e-02 1.1945387880033971e-03 0.0000000000000000e+00
1.6673218760144520e-02 1.1945586499426100e-03 0.0000000000000000e+00
1.9829338293540121e-02 1.7670531807156369e-02 0.0000000000000000e+00
9.8478808839412464e-03 8.1581504034281584e-03 0.0000000000000000e+00
8.0512628709719595e-03 4.0172782206110971e-03 0.0000000000000000e+00
2.5421619955451301e-02 7.7661867553142257e-03 0.0000000000000000e+00
2.5305369539566989e-02 8.1398414940743163e-03 0.0000000000000000e+00
2.3274727259673660e-02 1.2971174481536190e-02 0.0000000000000000e+00
7.6937893110857487e-03 4.6796533031735156e-03 0.0000000000000000e+00
2.4951929956891109e-02 9.1661354766783623e-03 0.0000000000000000e+00
2.5704981887800779e-02 6.3679459116652111e-03 0.0000000000000000e+00
9.2840497489111787e-03 1.5500509107456231e-03 0.0000000000000000e+00
2.6469998792107919e-02 1.6267304153441361e-03 0.0000000000000000e+00
2.1829207319837889e-02 1.5060852793638980e-02 0.0000000000000000e+00
2.2734237848693991e-02 1.3711651714033549e-02 0.0000000000000000e+00
2.4430989786915071e-02 1.0317414803407889e-02 0.0000000000000000e+00
2.1514624698607609e-02 1.5621143127248469e-02 0.0000000000000000e+00
2.3999872998730229e-02 1.1326555004922410e-02 0.0000000000000000e+00
2.5177217388230821e-02 8.5231892602148432e-03 0.0000000000000000e+00
2.3802519428713309e-02 1.1647334808191820e-02 0.0000000000000000e+00
2.1186179911253801e-02 1.5930881876151340e-02 0.0000000000000000e+00
7.6267728393714530e-03 5.4450668187399432e-03 0.0000000000000000e+00
2.6075831781604240e-02 2.2728720679648842e-03 0.0000000000000000e+00
7.3375511013556924e-03 5.2705639837393771e-03 0.0000000000000000e+00
1.9426786975031821e-02 1.5933656749640790e-03 0.0000000000000000e+00
1.0406079649209810e-02 8.1520198305880583e-03 0.0000000000000000e+00
1.1795895271378819e-02 9.5419883848945758e-03 0.0000000000000000e+00
2.4797937264551921e-02 8.3570589773898432e-03 0.0000000000000000e+00
1.5703844850821561e-02 1.3450181140988509e-02 0.0000000000000000e+00
1.7098683245988799e-02 1.4844588281643201e-02 0.0000000000000000e+00
2.5690640935841998e-02 4.8360445215222571e-03 0.0000000000000000e+00
9.1231959850502746e-03 3.5612047733700821e-03 0.0000000000000000e+00
9.0153786673507832e-03 6.7624845851396026e-03 0.0000000000000000e+00
2.4549213693808490e-02 1.5904930521620411e-03 0.0000000000000000e+00
2.2931174588351869e-02 1.2554329636940991e-02 0.0000000000000000e+00
1.4590726492271180e-02 1.2336631585338560e-02 0.0000000000000000e+00
1.5889235341715359e-02 1.5937109265495839e-03 0.0000000000000000e+00
2.5129053975664419e-02 7.3006182211363601e-03 0.0000000000000000e+00
1.9023600455724848e-02 1.6794788301319290e-02 0.0000000000000000e+00
2.5356426072259769e-02 6.2672588374065100e-03 0.0000000000000000e+00
8.2438220833621588e-03 4.5454236928894644e-03 0.0000000000000000e+00
1.9800747086904619e-02 1.7102717042094869e-02 0.0000000000000000e+00
7.8752519798596498e-03 5.6792195642030776e-03 0.0000000000000000e+00
1.6542205509943540e-02 1.4288095338236700e-02 0.0000000000000000e+00
1.3905494545315261e-02 1.5936875953036799e-03 0.0000000000000000e+00
1.3191090289728820e-02 1.0938012224698470e-02 0.0000000000000000e+00
9.8542796838102676e-03 7.6001439754987818e-03 0.0000000000000000e+00
2.1355949627520590e-02 1.5135362319531659e-02 0.0000000000000000e+00
9.0141144128569745e-03 2.6077250650674158e-03 0.0000000000000000e+00
8.5823079425083153e-03 3.7989115660056381e-03 0.0000000000000000e+00
1.8479521915619010e-02 1.6228325977957089e-02 0.0000000000000000e+00
1.0767430624857180e-02 1.1956303915110311e-03 0.0000000000000000e+00
2.0211788298877410e-02 1.1945574437393380e-03 0.0000000000000000e+00
2.2185861668987769e-02 1.5933664038480331e-03 0.0000000000000000e+00
2.1392761975673771e-02 1.1945507299109331e-03 0.0000000000000000e+00
1.3115028907135820e-02 1.1948625347341390e-03 0.0000000000000000e+00
1.8635083749877959e-02 1.1946671143996739e-03 0.0000000000000000e+00
8.4543822229977399e-03 6.7666992943608336e-03 0.0000000000000000e+00
1.7091781477862951e-02 1.5401932891760900e-02 0.0000000000000000e+00
1.2633055305309490e-02 1.0380091501574391e-02 0.0000000000000000e+00
1.2354171095954960e-02 1.0100818933909191e-02 0.0000000000000000e+00
2.3760748856590339e-02 1.1945519487810250e-03 0.0000000000000000e+00
1.1235503416039730e-02 9.5458950942740872e-03 0.0000000000000000e+00
1.4030797863762450e-02 1.1777052969590690e-02 0.0000000000000000e+00
1.5982678661887701e-02 1.3728892015427679e-02 0.0000000000000000e+00
9.2957432073958197e-03 7.0421102702813623e-03 0.0000000000000000e+00
1.5144110607159320e-02 1.3454531958069130e-02 0.0000000000000000e+00
1.0959158744561499e-02 8.7053766914268107e-03 0.0000000000000000e+00
2.5338837244681899e-02 1.5802286858452889e-03 0.0000000000000000e+00
1.5096192366210541e-02 1.5936374226114629e-03 0.0000000000000000e+00
1.7847789817147099e-02 1.1946270014688840e-03 0.0000000000000000e+00
1.2325058618945020e-02 1.1948724866881230e-03 0.0000000000000000e+00
7.8909507440498450e-03 6.2171745597725267e-03 0.0000000000000000e+00
2.5763574142060111e-02 4.4718433236587947e-03 0.0000000000000000e+00
2.5877997023345450e-02 3.7364393415288350e-03 0.0000000000000000e+00
2.5934595123268601e-02 3.3707001173834618e-03 0.0000000000000000e+00
1.4302365356365161e-02 1.5936475100812900e-03 0.0000000000000000e+00
2.0278853751031001e-02 1.6550398073169981e-02 0.0000000000000000e+00
1.5148022882970459e-02 1.2894049042796290e-02 0.0000000000000000e+00
1.7926252257735101e-02 1.5672477645540729e-02 0.0000000000000000e+00
1.7064895430978520e-02 1.1945238880569230e-03 0.0000000000000000e+00
1.3470644731982871e-02 1.1217276609091340e-02 0.0000000000000000e+00
2.5734025273567988e-02 1.5744463435247401e-03 0.0000000000000000e+00
1.0388176846813891e-02 1.6011777286670460e-03 0.0000000000000000e+00
9.9958385204012568e-03 1.6002836474636501e-03 0.0000000000000000e+00
1.1543832547405999e-02 1.1948661284100521e-03 0.0000000000000000e+00
2.2977379711544409e-02 1.5935167188605691e-03 0.0000000000000000e+00
1.6678555288344079e-02 1.5934554876251359e-03 0.0000000000000000e+00
2.4686917598559791e-02 8.7077623098057531e-03 0.0000000000000000e+00
2.3316851135362311e-02 1.1779781054492580e-02 0.0000000000000000e+00
2.6093912648032971e-02 1.9360816380329521e-03 0.0000000000000000e+00
2.5541092725057911e-02 5.5672469362163619e-03 0.0000000000000000e+00
2.3981101095726539e-02 1.0473401293860160e-02 0.0000000000000000e+00
2.1170482269834461e-02 1.5491810820789070e-02 0.0000000000000000e+00
2.0682328834709190e-02 1.5978328139005991e-02 0.0000000000000000e+00
9.5723451183257341e-03 1.9578014384078629e-03 0.0000000000000000e+00
2.4696302932609149e-02 9.4322852548517147e-03 0.0000000000000000e+00
2.3483996970096489e-02 1.1460936062145540e-02 0.0000000000000000e+00
2.5038195495992590e-02 7.6500684317912827e-03 0.0000000000000000e+00
1.9550902456578249e-02 1.7376081250758159e-02 0.0000000000000000e+00
2.6034687279343410e-02 2.6223311065961671e-03 0.0000000000000000e+00
2.5274163439707859e-02 6.6087914140418088e-03 0.0000000000000000e+00
2.2478151328556940e-02 1.3494114542742981e-02 0.0000000000000000e+00
2.3108782400755989e-02 1.3196546861871741e-02 0.0000000000000000e+00
2.1741668146025302e-02 1.4567405544397760e-02 0.0000000000000000e+00
2.2126559201309629e-02 1.3963573921316761e-02 0.0000000000000000e+00
9.2396667699240296e-03 1.8917042404189230e-03 0.0000000000000000e+00
2.4281528507447421e-02 9.7860973164704823e-03 0.0000000000000000e+00
2.3623295340988931e-02 1.1160596178357440e-02 0.0000000000000000e+00
7.8194247824581557e-03 5.1822398076586508e-03 0.0000000000000000e+00
1.4031514630309150e-02 1.1213376455918231e-02 0.0000000000000000e+00
1.4697817310008649e-02 1.9928774282259800e-03 0.0000000000000000e+00
1.5984663062425668e-02 1.3166401799676200e-02 0.0000000000000000e+00
2.2100031582034080e-02 1.3389939469355379e-02 0.0000000000000000e+00
2.2584106169041541e-02 1.9926353125699582e-03 0.0000000000000000e+00
1.1936033386027859e-02 1.5935886883996729e-03 0.0000000000000000e+00
1.8479653441157179e-02 1.5663804368286322e-02 0.0000000000000000e+00
9.2973203288959985e-03 6.4808491453693072e-03 0.0000000000000000e+00
2.0819947791589001e-02 1.5202051468604070e-02 0.0000000000000000e+00
2.5575432363680518e-02 3.3410281445693879e-03 0.0000000000000000e+00
2.4316948422515940e-02 8.5693895434409660e-03 0.0000000000000000e+00
2.5367254717362061e-02 4.3634376980308670e-03 0.0000000000000000e+00
2.4695599292728281e-02 7.5403960035794783e-03 0.0000000000000000e+00
2.4906138886280470e-02 6.5138063655999024e-03 0.0000000000000000e+00
8.9619478756097302e-03 3.9411208239380586e-03 0.0000000000000000e+00
2.2630196183603041e-02 1.2745397048529540e-02 0.0000000000000000e+00
1.2716726999402361e-02 1.5938938874244259e-03 0.0000000000000000e+00
1.1237743120716541e-02 8.9839342831620952e-03 0.0000000000000000e+00
1.7374319970212770e-02 1.5120176281262580e-02 0.0000000000000000e+00
1.7462814115842790e-02 1.5932453294491659e-03 0.0000000000000000e+00
1.8246553716119249e-02 1.5935353006129021e-03 0.0000000000000000e+00
8.1277472288934574e-03 5.4068750001968809e-03 0.0000000000000000e+00
2.1660571818887829e-02 1.4014153561785571e-02 0.0000000000000000e+00
2.5334321507792600e-02 1.9672427097801900e-03 0.0000000000000000e+00
2.5733914572400509e-02 2.2649491379606568e-03 0.0000000000000000e+00
9.3236199153803601e-03 3.1426158022840500e-03 0.0000000000000000e+00
2.2648334891732139e-02 1.3108861358634540e-02 0.0000000000000000e+00
8.4242349074986553e-03 4.1762874777904677e-03 0.0000000000000000e+00
8.4500058719843736e-03 6.2080015807821787e-03 0.0000000000000000e+00
8.1616773558390362e-03 5.9392889744892116e-03 0.0000000000000000e+00
1.9547912874883399e-02 1.6812162220836899e-02 0.0000000000000000e+00
1.3508432296997981e-02 1.5938293096006419e-03 0.0000000000000000e+00
1.9033086867166812e-02 1.5934754909265321e-03 0.0000000000000000e+00
2.4155653691382319e-02 1.5921783248250680e-03 0.0000000000000000e+00
2.1788993879313299e-02 1.5935247965430169e-03 0.0000000000000000e+00
9.5755186935047240e-03 7.3215182122754654e-03 0.0000000000000000e+00
1.8753042389197151e-02 1.6508938254534811e-02 0.0000000000000000e+00
1.6262286424931230e-02 1.4008280485255370e-02 0.0000000000000000e+00
1.0682059061296420e-02 8.4281010804506586e-03 0.0000000000000000e+00
2.0998614895231811e-02 1.5936702564138070e-03 0.0000000000000000e+00
1.5492808609220929e-02 1.5937265245863691e-03 0.0000000000000000e+00
1.2911843053085729e-02 1.0658904528447170e-02 0.0000000000000000e+00
1.4869390707312280e-02 1.2615292723625529e-02 0.0000000000000000e+00
1.2075193708063200e-02 9.8214562991726442e-03 0.0000000000000000e+00
2.4943589160862711e-02 1.5861864626538649e-03 0.0000000000000000e+00
1.4310747901335061e-02 1.2056766693283510e-02 0.0000000000000000e+00
1.6284293571863541e-02 1.5936375044220180e-03 0.0000000000000000e+00
1.6820811026373301e-02 1.4566665036062030e-02 0.0000000000000000e+00
2.4923559683849950e-02 8.0024658227241269e-03 0.0000000000000000e+00
2.3138211989730890e-02 1.2127232885001411e-02 0.0000000000000000e+00
2.3157066169679729e-02 1.1272478833296120e-02 0.0000000000000000e+00
2.5984445970029999e-02 2.9946363426921010e-03 0.0000000000000000e+00
1.3902541289018419e-02 1.9929890098430280e-03 0.0000000000000000e+00
1.9820642051299291e-02 1.5934706464488370e-03 0.0000000000000000e+00
2.0606079860879090e-02 1.5936668481223630e-03 0.0000000000000000e+00
1.1516881086952500e-02 9.2629598667659570e-03 0.0000000000000000e+00
8.0367707300829719e-03 4.8808950791317841e-03 0.0000000000000000e+00
2.5446423206303342e-02 5.9231501549815721e-03 0.0000000000000000e+00
2.0483549383510619e-02 1.6259741602950881e-02 0.0000000000000000e+00
1.3471183544335220e-02 1.0653547078391020e-02 0.0000000000000000e+00
1.1164981712446790e-02 1.5941600294672969e-03 0.0000000000000000e+00
1.0778916550603529e-02 1.5963730885590820e-03 0.0000000000000000e+00
2.1540937781258412e-02 1.4838270643300400e-02 0.0000000000000000e+00
2.3488412147779681e-02 1.0639074537013760e-02 0.0000000000000000e+00
8.7337193538959672e-03 6.4842269741388920e-03 0.0000000000000000e+00
2.5824051185279129e-02 4.1013793583216593e-03 0.0000000000000000e+00
2.3370835758759111e-02 1.5935323885517081e-03 0.0000000000000000e+00
1.5425604530049311e-02 1.3171759493886990e-02 0.0000000000000000e+00
1.0130704397564879e-02 7.8765364519604378e-03 0.0000000000000000e+00
1.7649909429377539e-02 1.5395824827817740e-02 0.0000000000000000e+00
9.4803016472127001e-03 2.3225705066122321e-03 0.0000000000000000e+00
1.9286992656472789e-02 1.7085295345397059e-02 0.0000000000000000e+00
1.7071053988531312e-02 1.5933261276946760e-03 0.0000000000000000e+00
1.0407848347811961e-02 2.0087128543287151e-03 0.0000000000000000e+00
9.9776422710546962e-03 2.0510566997781641e-03 0.0000000000000000e+00
2.5620263152831699e-02 5.2002369114750382e-03 0.0000000000000000e+00
2.4107073671770621e-02 1.0139841309742870e-02 0.0000000000000000e+00
2.0048992076212250e-02 1.6835280220698679e-02 0.0000000000000000e+00
2.4614338166568439e-02 9.0355785559180866e-03 0.0000000000000000e+00
2.5200595651140960e-02 6.9526331950349393e-03 0.0000000000000000e+00
2.0862212378339601e-02 1.5720183214886441e-02 0.0000000000000000e+00
2.5721878491950199e-02 1.9439966556209160e-03 0.0000000000000000e+00
2.4319930306215230e-02 9.4012908077497799e-03 0.0000000000000000e+00
1.6682248012335320e-02 1.9925906542909541e-03 0.0000000000000000e+00
1.2078588749163391e-02 9.2601106643925273e-03 0.0000000000000000e+00
1.9824055846089060e-02 1.9926504353959700e-03 0.0000000000000000e+00
1.0688647030090049e-02 7.8698704427843016e-03 0.0000000000000000e+00
1.7378762269497500e-02 1.4560191524175269e-02 0.0000000000000000e+00
9.4911723976211209e-03 3.7204080478174099e-03 0.0000000000000000e+00
2.4544242656969400e-02 1.9853325436190541e-03 0.0000000000000000e+00
1.4870214299023261e-02 1.2051600984428200e-02 0.0000000000000000e+00
1.0435761750226050e-02 2.4051374576342260e-03 0.0000000000000000e+00
2.5537223886241300e-02 2.9544430586079381e-03 0.0000000000000000e+00
1.6823206246924561e-02 1.4004491183781760e-02 0.0000000000000000e+00
1.5890377531021911e-02 1.9929991707050439e-03 0.0000000000000000e+00
1.3505198834651700e-02 1.9931091581582602e-03 0.0000000000000000e+00
1.0137091802319319e-02 7.3182329264510453e-03 0.0000000000000000e+00
2.5433102385609471e-02 4.0069564732730933e-03 0.0000000000000000e+00
2.4430021790339030e-02 8.2058141644477580e-03 0.0000000000000000e+00
2.0005140915525271e-02 1.6334037117372531e-02 0.0000000000000000e+00
2.4820271092251579e-02 6.8722695377373428e-03 0.0000000000000000e+00
1.9295693926649139e-02 1.6511543702339000e-02 0.0000000000000000e+00
8.7133415588664716e-03 4.7598364081871992e-03 0.0000000000000000e+00
9.7899982355621473e-03 2.4124775585317969e-03 0.0000000000000000e+00
2.0377024439599611e-02 1.5766035199626181e-02 0.0000000000000000e+00
8.8173808945137353e-03 4.3156718751667274e-03 0.0000000000000000e+00
2.2242233758820621e-02 1.2960972277510280e-02 0.0000000000000000e+00
2.5339000723078989e-02 2.3956088434247198e-03 0.0000000000000000e+00
2.2580029680455312e-02 1.2276541059410020e-02 0.0000000000000000e+00
8.7263275173425411e-03 5.9278884687370050e-03 0.0000000000000000e+00
8.4302896002382780e-03 5.6606033488429148e-03 0.0000000000000000e+00
2.3980720680320960e-02 9.2928665842473539e-03 0.0000000000000000e+00
9.3892759125904258e-03 2.6975582690068872e-03 0.0000000000000000e+00
2.0213755920954330e-02 1.5936181167207071e-03 0.0000000000000000e+00
2.2186976169476409e-02 1.9926735829377722e-03 0.0000000000000000e+00
1.3111941995669269e-02 1.5939386666769301e-03 0.0000000000000000e+00
1.8639952051567758e-02 1.5935686468935260e-03 0.0000000000000000e+00
1.8752296010925550e-02 1.5938420445044180e-02 0.0000000000000000e+00
2.3763254845020811e-02 1.5931067775333950e-03 0.0000000000000000e+00
1.4311429568128600e-02 1.1493077139315159e-02 0.0000000000000000e+00
1.6264072642972010e-02 1.3445634707976051e-02 0.0000000000000000e+00
9.5782868061328064e-03 6.7603293960006826e-03 0.0000000000000000e+00
2.1393193040828599e-02 1.5936637217561530e-03 0.0000000000000000e+00
1.1241589034403580e-02 8.4231698590748940e-03 0.0000000000000000e+00
1.7930516147654320e-02 1.5112222188481640e-02 0.0000000000000000e+00
1.8205555485860659e-02 1.5388401642681539e-02 0.0000000000000000e+00
1.5095526305956109e-02 1.9929471317083679e-03 0.0000000000000000e+00
1.2325016958730719e-02 1.5937183173126590e-03 0.0000000000000000e+00
1.7854798748063949e-02 1.5933791318585840e-03 0.0000000000000000e+00
2.3880971855039429e-02 9.6186090914626501e-03 0.0000000000000000e+00
1.5427322395846150e-02 1.2608898020668471e-02 0.0000000000000000e+00
1.9430946502931430e-02 1.9925091845749421e-03 0.0000000000000000e+00
1.2635132598827309e-02 9.8172837531402650e-03 0.0000000000000000e+00
1.3751325243023260e-02 1.0933384144299150e-02 0.0000000000000000e+00
1.4300204870326700e-02 1.9929306356646320e-03 0.0000000000000000e+00
1.1178758381916150e-02 1.9933617522912448e-03 0.0000000000000000e+00
1.0795202483406419e-02 1.9975601996457619e-03 0.0000000000000000e+00
2.1031999077024199e-02 1.4896403600874981e-02 0.0000000000000000e+00
9.0143118222720531e-03 6.2038155172722846e-03 0.0000000000000000e+00
1.1520410256297700e-02 8.7020253297926727e-03 0.0000000000000000e+00
1.2913104224082331e-02 1.0095623235487929e-02 0.0000000000000000e+00
1.3191804566655540e-02 1.0374355457948240e-02 0.0000000000000000e+00
2.4937233187589999e-02 1.9810711932888741e-03 0.0000000000000000e+00
2.3373421138214209e-02 1.9924301600222991e-03 0.0000000000000000e+00
2.2979532009656991e-02 1.9926610990499589e-03 0.0000000000000000e+00
2.4991014552795451e-02 6.1601389439498323e-03 0.0000000000000000e+00
1.1550751358905730e-02 1.5937150520333209e-03 0.0000000000000000e+00
2.5151609803015298e-02 5.4415068728210477e-03 0.0000000000000000e+00
1.5705729459909491e-02 1.2887407168380400e-02 0.0000000000000000e+00
2.3627509530906990e-02 1.0303801247766481e-02 0.0000000000000000e+00
2.3325767497537502e-02 1.0959673566578629e-02 0.0000000000000000e+00
1.7469893601486298e-02 1.9921599211928341e-03 0.0000000000000000e+00
2.1449790430768549e-02 1.4303434160659510e-02 0.0000000000000000e+00
2.5503922572429179e-02 3.6602484973918019e-03 0.0000000000000000e+00
8.3878938566669219e-03 5.1128471515706217e-03 0.0000000000000000e+00
2.5301012141702339e-02 4.7208394179468361e-03 0.0000000000000000e+00
2.4218973919873189e-02 8.9849310560032002e-03 0.0000000000000000e+00
2.4557383354258659e-02 7.8496371103207556e-03 0.0000000000000000e+00
2.2978866855566101e-02 1.1595694505701691e-02 0.0000000000000000e+00
1.9798240187734378e-02 1.6591893825597118e-02 0.0000000000000000e+00
2.4781608391123838e-02 7.2111984266832706e-03 0.0000000000000000e+00
2.1857209136528680e-02 1.3716421084596900e-02 0.0000000000000000e+00
2.5682430019592650e-02 2.5912377035468841e-03 0.0000000000000000e+00
2.0593488979576791e-02 1.5488936394961510e-02 0.0000000000000000e+00
2.2985894904334881e-02 1.2951545502388549e-02 0.0000000000000000e+00
1.3751937818177490e-02 1.0369611526589301e-02 0.0000000000000000e+00
1.4696497831733560e-02 2.3922878618824949e-03 0.0000000000000000e+00
1.5706406671394588e-02 1.2323433442012350e-02 0.0000000000000000e+00
1.1803841098506710e-02 8.4207659555229231e-03 0.0000000000000000e+00
1.9827479895949952e-02 2.3918882816509092e-03 0.0000000000000000e+00
2.4186750881301872e-02 7.6833137055211933e-03 0.0000000000000000e+00
2.2584729864640590e-02 2.3919677296869940e-03 0.0000000000000000e+00
1.8212959278879878e-02 1.4828841666102139e-02 0.0000000000000000e+00
2.5149802645010589e-02 3.5613061600544421e-03 0.0000000000000000e+00
9.5817438916615642e-03 6.2029432597157019e-03 0.0000000000000000e+00
9.0904091693637355e-03 4.6944715684886472e-03 0.0000000000000000e+00
1.8755314780657749e-02 1.5382496089255749e-02 0.0000000000000000e+00
2.0066279374113451e-02 1.5553580092660380e-02 0.0000000000000000e+00
2.3809496216758590e-02 8.7695131127032318e-03 0.0000000000000000e+00
1.4312008978532050e-02 1.0929193829098580e-02 0.0000000000000000e+00
1.3900449596919681e-02 2.3923846903491090e-03 0.0000000000000000e+00
1.6264926264100109e-02 1.2881982838186279e-02 0.0000000000000000e+00
1.2714767276703320e-02 1.9929114021008608e-03 0.0000000000000000e+00
1.9624914574248330e-02 1.6218276025576100e-02 0.0000000000000000e+00
2.4153695472361039e-02 1.9887423703644968e-03 0.0000000000000000e+00
1.8254794586244089e-02 1.9924233437492618e-03 0.0000000000000000e+00
2.0495899672445941e-02 1.4950566857799750e-02 0.0000000000000000e+00
2.5197208636575159e-02 2.7762877595959700e-03 0.0000000000000000e+00
9.0116581222959499e-03 5.6559937792929147e-03 0.0000000000000000e+00
2.4356556673322281e-02 7.2673199215527434e-03 0.0000000000000000e+00
9.7464432229609141e-03 2.7475415342789601e-03 0.0000000000000000e+00
9.6420863312343189e-03 3.4040024743209139e-03 0.0000000000000000e+00
9.3374164412514359e-03 4.0847074958889461e-03 0.0000000000000000e+00
8.7130703188564168e-03 5.3815056801434927e-03 0.0000000000000000e+00
2.2391909421754341e-02 1.2607175832045139e-02 0.0000000000000000e+00
1.9038562267000271e-02 1.9925031661421010e-03 0.0000000000000000e+00
2.1790166573812341e-02 1.9928432245012932e-03 0.0000000000000000e+00
1.0964509532919210e-02 8.1458793817234358e-03 0.0000000000000000e+00
1.5493021425881350e-02 1.9930244060413749e-03 0.0000000000000000e+00
1.9028443356115251e-02 1.6218837851106161e-02 0.0000000000000000e+00
1.6543570625787912e-02 1.3724935806918571e-02 0.0000000000000000e+00
1.5148725458027200e-02 1.2330168613988999e-02 0.0000000000000000e+00
9.8582902051742236e-03 7.0396906663415743e-03 0.0000000000000000e+00
2.1000923226773782e-02 1.9929865366793559e-03 0.0000000000000000e+00
2.0216848459565499e-02 1.9928386894908058e-03 0.0000000000000000e+00
1.7101147733821941e-02 1.4282498399693019e-02 0.0000000000000000e+00
1.2357190908875810e-02 9.5389296309879509e-03 0.0000000000000000e+00
1.1941693251000560e-02 1.9921443625677479e-03 0.0000000000000000e+00
1.1799738066252121e-02 8.9812619070534453e-03 0.0000000000000000e+00
1.4590796921588619e-02 1.1772265366311130e-02 0.0000000000000000e+00
2.3373009273059742e-02 2.3910372898522081e-03 0.0000000000000000e+00
1.6286564032771358e-02 1.9928547464156698e-03 0.0000000000000000e+00
2.3524527760463688e-02 9.4502410747757011e-03 0.0000000000000000e+00
2.2785900828514741e-02 1.1936987008255720e-02 0.0000000000000000e+00
1.7076151565551270e-02 1.9923434336908698e-03 0.0000000000000000e+00
2.1731710555797919e-02 1.3121447980291450e-02 0.0000000000000000e+00
1.3109001695557050e-02 1.9931216340779629e-03 0.0000000000000000e+00
2.1237185448212771e-02 1.4593363452144211e-02 0.0000000000000000e+00
1.3193794951856380e-02 9.8118065886900353e-03 0.0000000000000000e+00
2.4571641772567921e-02 6.3996689393624670e-03 0.0000000000000000e+00
2.3763634248838549e-02 1.9910958463117650e-03 0.0000000000000000e+00
2.5070017728556951e-02 5.8028046980859614e-03 0.0000000000000000e+00
1.0413457941722531e-02 7.5945803624968798e-03 0.0000000000000000e+00
2.4529307911984440e-02 2.3745536646953740e-03 0.0000000000000000e+00
1.7654697341203569e-02 1.4836102037465750e-02 0.0000000000000000e+00
2.3149625635014749e-02 1.0457520313836141e-02 0.0000000000000000e+00
2.2831510352005761e-02 1.1081245685324811e-02 0.0000000000000000e+00
1.7862393218300399e-02 1.9922642818711151e-03 0.0000000000000000e+00
1.0811401809674420e-02 2.3956407053337641e-03 0.0000000000000000e+00
2.5229463228085811e-02 5.0804216258814256e-03 0.0000000000000000e+00
1.1560744126088070e-02 1.9923704993525890e-03 0.0000000000000000e+00
2.3756598020558840e-02 9.9620506860458573e-03 0.0000000000000000e+00
2.4911589882277270e-02 2.3709245298548830e-03 0.0000000000000000e+00
2.5260007003373362e-02 3.2521782028834731e-03 0.0000000000000000e+00
2.1353444183105721e-02 1.3750669066345670e-02 0.0000000000000000e+00
2.4984590034465650e-02 4.2502701181688354e-03 0.0000000000000000e+00
2.3941130159902790e-02 8.4123230737662945e-03 0.0000000000000000e+00
2.0172592656840019e-02 1.6056314411968121e-02 0.0000000000000000e+00
1.0107744816169800e-02 2.4387246478761149e-03 0.0000000000000000e+00
1.7473636280179089e-02 2.3912594125639250e-03 0.0000000000000000e+00
2.3899492763797419e-02 7.1534379855409400e-03 0.0000000000000000e+00
9.8626450920522406e-03 3.8623469051225490e-03 0.0000000000000000e+00
1.0441655974638780e-02 2.7868282464906138e-03 0.0000000000000000e+00
1.0420071943709900e-02 7.0365188306920866e-03 0.0000000000000000e+00
1.5890375082176639e-02 2.3923886251837560e-03 0.0000000000000000e+00
2.3571833509987358e-02 8.2491836379321951e-03 0.0000000000000000e+00
1.2362129131215691e-02 8.9790470529263131e-03 0.0000000000000000e+00
1.5148491360160809e-02 1.1765358249823440e-02 0.0000000000000000e+00
2.0220468831250289e-02 2.3921745597911032e-03 0.0000000000000000e+00
1.0971804366917580e-02 7.5882334030789129e-03 0.0000000000000000e+00
1.7656842744536109e-02 1.4273043670409890e-02 0.0000000000000000e+00
1.7101356770135009e-02 1.3718085301552319e-02 0.0000000000000000e+00
2.3760962135784471e-02 2.3882958737123979e-03 0.0000000000000000e+00
2.4958276255392431e-02 3.0819853422004080e-03 0.0000000000000000e+00
2.3396968606950411e-02 9.7918358213634482e-03 0.0000000000000000e+00
1.9022469613956060e-02 1.5652758839538532e-02 0.0000000000000000e+00
9.1892377451311784e-03 4.4358431198853569e-03 0.0000000000000000e+00
2.2245759845052931e-02 1.2071641083714699e-02 0.0000000000000000e+00
2.1895892840425570e-02 1.2768490633224680e-02 0.0000000000000000e+00
2.2188210652067442e-02 2.3920373110969629e-03 0.0000000000000000e+00
1.8646667281834450e-02 1.9925069351199630e-03 0.0000000000000000e+00
1.8487197784946459e-02 1.5108106563153680e-02 0.0000000000000000e+00
1.4591122087259510e-02 1.1208159164519010e-02 0.0000000000000000e+00
1.6544084886725860e-02 1.3160975741993090e-02 0.0000000000000000e+00
9.8618793155697965e-03 6.4802770466446356e-03 0.0000000000000000e+00
2.1394918179721681e-02 1.9929789926113480e-03 0.0000000000000000e+00
1.5094664162068810e-02 2.3923573013508470e-03 0.0000000000000000e+00
1.2326089625082699e-02 1.9924528398948720e-03 0.0000000000000000e+00
1.9434577491357529e-02 2.3915970097309878e-03 0.0000000000000000e+00
2.2979703569488200e-02 2.3917780929392091e-03 0.0000000000000000e+00
1.6683608556384070e-02 2.3918689257945609e-03 0.0000000000000000e+00
1.3503076394644761e-02 2.3924569199427759e-03 0.0000000000000000e+00
1.1525016223245451e-02 8.1418124783629014e-03 0.0000000000000000e+00
1.3472436076528271e-02 1.0090390704346530e-02 0.0000000000000000e+00
1.4032168972297429e-02 1.0649536921574771e-02 0.0000000000000000e+00
1.4298480186279980e-02 2.3923279317982472e-03 0.0000000000000000e+00
1.5985669695152260e-02 1.2602738946080329e-02 0.0000000000000000e+00
2.0714321379897260e-02 1.4644004009325680e-02 0.0000000000000000e+00
1.9855732530114169e-02 1.5855453655446650e-02 0.0000000000000000e+00
9.2999514818187835e-03 5.9295490511638814e-03 0.0000000000000000e+00
1.2714602427218700e-02 2.3918648209238021e-03 0.0000000000000000e+00
2.4060824434730180e-02 8.0497287536236677e-03 0.0000000000000000e+00
1.2083295327529190e-02 8.7001808819748300e-03 0.0000000000000000e+00
2.3663555353889199e-02 9.1128833763533378e-03 0.0000000000000000e+00
1.2916723240796979e-02 9.5343870078555115e-03 0.0000000000000000e+00
2.1142558423096199e-02 1.4044561677588770e-02 0.0000000000000000e+00
2.4373594068075471e-02 6.7573161962267156e-03 0.0000000000000000e+00
2.2641711512861640e-02 1.1402676310157730e-02 0.0000000000000000e+00
1.5427380899970771e-02 1.2044309879701180e-02 0.0000000000000000e+00
2.0608983049983470e-02 1.9929401755335828e-03 0.0000000000000000e+00
2.4617675742555550e-02 6.0557883955490834e-03 0.0000000000000000e+00
2.4771237232975279e-02 5.3193323747023442e-03 0.0000000000000000e+00
1.7935462900931450e-02 1.4550200416191719e-02 0.0000000000000000e+00
1.8259940036504319e-02 2.3913767634792492e-03 0.0000000000000000e+00
1.1192143859967640e-02 2.3924793632186920e-03 0.0000000000000000e+00
2.4146040634874581e-02 2.3826828043444601e-03 0.0000000000000000e+00
1.1948488676442579e-02 2.3907734087996410e-03 0.0000000000000000e+00
2.4916792585469971e-02 4.6075193091111473e-03 0.0000000000000000e+00
2.0275388129885639e-02 1.5254370441393401e-02 0.0000000000000000e+00
2.5062539130343141e-02 3.8988198603381748e-03 0.0000000000000000e+00
2.3274656017424358e-02 1.0131387755889320e-02 0.0000000000000000e+00
2.1550381693011791e-02 1.3448461835896919e-02 0.0000000000000000e+00
1.9302320134025979e-02 1.5924025934787381e-02 0.0000000000000000e+00
2.3002638052162652e-02 1.0772263930898730e-02 0.0000000000000000e+00
9.0171044904472225e-03 5.1217275715237766e-03 0.0000000000000000e+00
9.7257360274824248e-03 3.0761703544062110e-03 0.0000000000000000e+00
2.4867879440546640e-02 2.7224322172941019e-03 0.0000000000000000e+00
1.4592957859080510e-02 1.0645503348308150e-02 0.0000000000000000e+00
1.2644668282306560e-02 8.6970222561450431e-03 0.0000000000000000e+00
1.4695418477929370e-02 2.7917479427237791e-03 0.0000000000000000e+00
1.5986655851002500e-02 1.2039053173744060e-02 0.0000000000000000e+00
1.9829480432312360e-02 2.7911700045517821e-03 0.0000000000000000e+00
2.2583686045477749e-02 2.7910867384148491e-03 0.0000000000000000e+00
1.7935003715974621e-02 1.3983143051462241e-02 0.0000000000000000e+00
9.8661752584232702e-03 5.9295317150350477e-03 0.0000000000000000e+00
1.3475095374190201e-02 9.5286746578159467e-03 0.0000000000000000e+00
1.9035499120556010e-02 1.5121651368122230e-02 0.0000000000000000e+00
2.3947346482764170e-02 6.7854938741865019e-03 0.0000000000000000e+00
2.3370945714811540e-02 2.7891180602859708e-03 0.0000000000000000e+00
1.2087320585240910e-02 8.1394906054779760e-03 0.0000000000000000e+00
1.3899255065679980e-02 2.7918234283896312e-03 0.0000000000000000e+00
1.6545038395321499e-02 1.2597493858553410e-02 0.0000000000000000e+00
2.1005155168940661e-02 2.3924099046937789e-03 0.0000000000000000e+00
1.9776318208835911e-02 1.5377860130015859e-02 0.0000000000000000e+00
1.9042639278032420e-02 2.3914807624514380e-03 0.0000000000000000e+00
2.3802209792844881e-02 7.5341561980300847e-03 0.0000000000000000e+00
2.2912818513144830e-02 9.9803160068552971e-03 0.0000000000000000e+00
2.4216636500117020e-02 6.3435187850499671e-03 0.0000000000000000e+00
9.7104822137812769e-03 4.2387202506445707e-03 0.0000000000000000e+00
2.2062607225281680e-02 1.2415097317602651e-02 0.0000000000000000e+00
2.1792551683076939e-02 2.3922218763857950e-03 0.0000000000000000e+00
1.1247808915317639e-02 7.8644043660636553e-03 0.0000000000000000e+00
1.8511549790544271e-02 1.4543711530922109e-02 0.0000000000000000e+00
1.6822712692833430e-02 1.3439475158687840e-02 0.0000000000000000e+00
1.2639623051243221e-02 9.2568639419871937e-03 0.0000000000000000e+00
1.7378996455381261e-02 1.3995470500432860e-02 0.0000000000000000e+00
1.0141422552640500e-02 6.7585404228002587e-03 0.0000000000000000e+00
1.4869832092082751e-02 1.1486745625385040e-02 0.0000000000000000e+00
1.6287136075633910e-02 2.3921918008678400e-03 0.0000000000000000e+00
1.3107592820253901e-02 2.3923195271820458e-03 0.0000000000000000e+00
2.2443546637582600e-02 1.1735030896210490e-02 0.0000000000000000e+00
1.4033424414235430e-02 1.0086361321215331e-02 0.0000000000000000e+00
1.5492618621309139e-02 2.3924242999934391e-03 0.0000000000000000e+00
1.7866730587239161e-02 2.3912826509593188e-03 0.0000000000000000e+00
1.7078597813908410e-02 2.3915273253462461e-03 0.0000000000000000e+00
1.1571105539548061e-02 2.3913453489866668e-03 0.0000000000000000e+00
2.3172727476749880e-02 9.2723994322447389e-03 0.0000000000000000e+00
2.0928232626009700e-02 1.4341277017170931e-02 0.0000000000000000e+00
9.3054049629958148e-03 5.3939411531882748e-03 0.0000000000000000e+00
1.5428275022543819e-02 1.1480598503656099e-02 0.0000000000000000e+00
9.3046388138663151e-03 4.8784823094781644e-03 0.0000000000000000e+00
2.0613089010519330e-02 2.3923390532813362e-03 0.0000000000000000e+00
2.3445137699150020e-02 8.5941232219245624e-03 0.0000000000000000e+00
1.0696574203078769e-02 7.3129488917094386e-03 0.0000000000000000e+00
2.1050273941419631e-02 1.3496933409222110e-02 0.0000000000000000e+00
2.1408111523989710e-02 1.2894252378764799e-02 0.0000000000000000e+00
2.4520922747880161e-02 2.7594447551067712e-03 0.0000000000000000e+00
1.8650912172523331e-02 2.3914511806335591e-03 0.0000000000000000e+00
2.4685288155020389e-02 5.6843714634904558e-03 0.0000000000000000e+00
2.2509424574903489e-02 1.0881606862801081e-02 0.0000000000000000e+00
2.4849612167824560e-02 4.9642565899662939e-03 0.0000000000000000e+00
1.1197680368984071e-02 2.7930519636720401e-03 0.0000000000000000e+00
1.0813174774395921e-02 2.7905057101037878e-03 0.0000000000000000e+00
2.4139387480510501e-02 2.7745722377704820e-03 0.0000000000000000e+00
1.2329220088329850e-02 2.3911784416177388e-03 0.0000000000000000e+00
2.0177814713581821e-02 1.4688948287755120e-02 0.0000000000000000e+00
2.4598389822859092e-02 4.1357915966199910e-03 0.0000000000000000e+00
2.3689089714443220e-02 7.8985160108834308e-03 0.0000000000000000e+00
1.9287153318473561e-02 1.5387519424465821e-02 0.0000000000000000e+00
1.9556361796816659e-02 1.5636151868332979e-02 0.0000000000000000e+00
2.4832620726462411e-02 3.4486103958211991e-03 0.0000000000000000e+00
9.9785578699362974e-03 3.4899820356637671e-03 0.0000000000000000e+00
1.0088836567317270e-02 2.7735884834825552e-03 0.0000000000000000e+00
2.2837661695395379e-02 1.0309280024658420e-02 0.0000000000000000e+00
1.7472800431867989e-02 2.7904542937666451e-03 0.0000000000000000e+00
2.3417371361049679e-02 7.4099249037318723e-03 0.0000000000000000e+00
2.3802610821151760e-02 6.3622350921433007e-03 0.0000000000000000e+00
1.0293009952461071e-02 3.9931724259714470e-03 0.0000000000000000e+00
1.0703145900046569e-02 6.7556741140380730e-03 0.0000000000000000e+00
1.5889327529346142e-02 2.7918231104293971e-03 0.0000000000000000e+00
1.0411481756061949e-02 3.1633198230935152e-03 0.0000000000000000e+00
1.8258954152428501e-02 2.7903799804303540e-03 0.0000000000000000e+00
1.4871631277695530e-02 1.0924112385032030e-02 0.0000000000000000e+00
1.1256242725766389e-02 7.3080260135051827e-03 0.0000000000000000e+00
1.7378052012299729e-02 1.3430426325559301e-02 0.0000000000000000e+00
1.2921465414010560e-02 8.9742832777246345e-03 0.0000000000000000e+00
2.3217055425381241e-02 8.1009830328604097e-03 0.0000000000000000e+00
1.1957532778505670e-02 2.7923070933061509e-03 0.0000000000000000e+00
1.2718641331903310e-02 2.7908511244631221e-03 0.0000000000000000e+00
9.5911013205670567e-03 5.1271919271553418e-03 0.0000000000000000e+00
2.2425356202736859e-02 1.0296845354674620e-02 0.0000000000000000e+00
2.1905926035810670e-02 1.1871871976700411e-02 0.0000000000000000e+00
1.6823165288217770e-02 1.2875548593189770e-02 0.0000000000000000e+00
1.0144322198967630e-02 6.2025614919053642e-03 0.0000000000000000e+00
2.1398450699873610e-02 2.3923724708088501e-03 0.0000000000000000e+00
1.8782894276338190e-02 1.4838702871674500e-02 0.0000000000000000e+00
2.2188852867320832e-02 2.7912317860205381e-03 0.0000000000000000e+00
1.6682505667655251e-02 2.7912155430578258e-03 0.0000000000000000e+00
1.3502421358850471e-02 2.7918127932073942e-03 0.0000000000000000e+00
1.9435636815602519e-02 2.7907107077645450e-03 0.0000000000000000e+00
1.1808991924881870e-02 7.8610128466100587e-03 0.0000000000000000e+00
1.3753782552438100e-02 9.8071222992377263e-03 0.0000000000000000e+00
2.0617356031613309e-02 2.7918001999516049e-03 0.0000000000000000e+00
2.0223544753185711e-02 2.7915774737000939e-03 0.0000000000000000e+00
2.2978013459338399e-02 2.7906052437275519e-03 0.0000000000000000e+00
9.5296028776872162e-03 4.5896726349452088e-03 0.0000000000000000e+00
1.2366066141514399e-02 8.4182930791688315e-03 0.0000000000000000e+00
1.5093698600396790e-02 2.7918148084776682e-03 0.0000000000000000e+00
1.4297276252420050e-02 2.7917786979233679e-03 0.0000000000000000e+00
1.5707535405659039e-02 1.1759877960408661e-02 0.0000000000000000e+00
1.6266180564936509e-02 1.2318620226079810e-02 0.0000000000000000e+00
1.4313567671450049e-02 1.0366213138372391e-02 0.0000000000000000e+00
2.1560769346436082e-02 1.2560650137181380e-02 0.0000000000000000e+00
9.5862894246459725e-03 5.6607157929834664e-03 0.0000000000000000e+00
1.8224371797600499e-02 1.4258207990131109e-02 0.0000000000000000e+00
1.1185357523990139e-02 3.2032126320908510e-03 0.0000000000000000e+00
2.3757376015870021e-02 2.7825943107542368e-03 0.0000000000000000e+00
2.4229772927023260e-02 5.9775104042042370e-03 0.0000000000000000e+00
2.2305820843232630e-02 1.1204953353829631e-02 0.0000000000000000e+00
1.9899082325525730e-02 1.5008259318294160e-02 0.0000000000000000e+00
2.0837943150050720e-02 1.3787870814026520e-02 0.0000000000000000e+00
2.3312753969772771e-02 8.9342058534959273e-03 0.0000000000000000e+00
2.3031754234362729e-02 9.6199051125404438e-03 0.0000000000000000e+00
1.5150154448196101e-02 1.1202533043413520e-02 0.0000000000000000e+00
1.7655546116146729e-02 1.3707194522727419e-02 0.0000000000000000e+00
1.3197989312611661e-02 9.2513160506506181e-03 0.0000000000000000e+00
1.9042667423880180e-02 2.7904702557778761e-03 0.0000000000000000e+00
2.4434039084733270e-02 5.1939908397087287e-03 0.0000000000000000e+00
2.4532574862348080e-02 4.5065323949164213e-03 0.0000000000000000e+00
2.0404881143505370e-02 1.4386019548450190e-02 0.0000000000000000e+00
2.3508982725941100e-02 7.0507249550567173e-03 0.0000000000000000e+00
1.0050083022287050e-02 3.1264192112717662e-03 0.0000000000000000e+00
2.4694215849636620e-02 3.7653854069908659e-03 0.0000000000000000e+00
1.9528557691048248e-02 1.5157804956987790e-02 0.0000000000000000e+00
1.1577974874694030e-02 2.7948277988413938e-03 0.0000000000000000e+00
2.2702268763704070e-02 1.0609627395479399e-02 0.0000000000000000e+00
2.4129606438808130e-02 3.1458183947011709e-03 0.0000000000000000e+00
2.4541827936948819e-02 3.1791207690112788e-03 0.0000000000000000e+00
2.1242669711840131e-02 1.3204312587291491e-02 0.0000000000000000e+00
1.4875330935097171e-02 1.0363227091010429e-02 0.0000000000000000e+00
1.3756233793024229e-02 9.2453413805200189e-03 0.0000000000000000e+00
1.4694421696157421e-02 3.1912280590743599e-03 0.0000000000000000e+00
1.6269110515189492e-02 1.1756849023213360e-02 0.0000000000000000e+00
1.2369243638599529e-02 7.8567125123605967e-03 0.0000000000000000e+00
1.9039924026726669e-02 3.1895284779508439e-03 0.0000000000000000e+00
2.3040352113578310e-02 7.2924812111964743e-03 0.0000000000000000e+00
2.2579640639237342e-02 3.1894381010523099e-03 0.0000000000000000e+00
1.7655901668023149e-02 1.3144816340185040e-02 0.0000000000000000e+00
1.8876149481446391e-02 1.4224037389440961e-02 0.0000000000000000e+00
1.9880126996527251e-02 1.4415116092838871e-02 0.0000000000000000e+00
2.3833947207408029e-02 5.9180952384583606e-03 0.0000000000000000e+00
9.9040865548005695e-03 4.8201378049181377e-03 0.0000000000000000e+00
2.4261140507657149e-02 3.5865368458491190e-03 0.0000000000000000e+00
1.5711218919383409e-02 1.1198988677062189e-02 0.0000000000000000e+00
1.9830022564048120e-02 3.1905212555725210e-03 0.0000000000000000e+00
1.3898762931779621e-02 3.1912677591765799e-03 0.0000000000000000e+00
1.0140048618019660e-02 5.6610896243925232e-03 0.0000000000000000e+00
1.9326079927901120e-02 1.4893334988863910e-02 0.0000000000000000e+00
2.2177804707629031e-02 1.0670158086496351e-02 0.0000000000000000e+00
1.0356922264218650e-02 3.5467513353404840e-03 0.0000000000000000e+00
1.0084680036374400e-02 4.4064586742152152e-03 0.0000000000000000e+00
1.7100816211444041e-02 1.3153210878291679e-02 0.0000000000000000e+00
2.1795254479764981e-02 2.7914871149831290e-03 0.0000000000000000e+00
1.1532270248345741e-02 7.5841421337546006e-03 0.0000000000000000e+00
1.6286005991633452e-02 2.7915841517145339e-03 0.0000000000000000e+00
2.0620242546525360e-02 3.1912279848934398e-03 0.0000000000000000e+00
1.3108770831756900e-02 2.7914827466282459e-03 0.0000000000000000e+00
1.0423669875267071e-02 6.4784789458431627e-03 0.0000000000000000e+00
1.4315470611372901e-02 9.8036322591717549e-03 0.0000000000000000e+00
2.3371778032540948e-02 3.1875465616222399e-03 0.0000000000000000e+00
1.5491659076792990e-02 2.7918712826673561e-03 0.0000000000000000e+00
1.0790343900968309e-02 3.1837863048206341e-03 0.0000000000000000e+00
1.8208540094619731e-02 1.3689503765537439e-02 0.0000000000000000e+00
1.7865729652280140e-02 2.7903698711583829e-03 0.0000000000000000e+00
1.2924481648308240e-02 8.4124054110305858e-03 0.0000000000000000e+00
1.8650186174706720e-02 2.7904244008618590e-03 0.0000000000000000e+00
1.6826143520310258e-02 1.2314151780599461e-02 0.0000000000000000e+00
1.2336873783841041e-02 2.7911218292832841e-03 0.0000000000000000e+00
2.1724825506533929e-02 1.2215787648711290e-02 0.0000000000000000e+00
2.2103336370767321e-02 1.1535837865643691e-02 0.0000000000000000e+00
1.7077617568911289e-02 2.7907922583649309e-03 0.0000000000000000e+00
2.4247548514167761e-02 5.5386972780064794e-03 0.0000000000000000e+00
2.2856067934083870e-02 9.0876937495860035e-03 0.0000000000000000e+00
2.4193748600329908e-02 4.0426613068183914e-03 0.0000000000000000e+00
2.0757709519353029e-02 1.3234535941426401e-02 0.0000000000000000e+00
2.1117328014069219e-02 1.2696723082355921e-02 0.0000000000000000e+00
2.3093177297914009e-02 8.4304526041167928e-03 0.0000000000000000e+00
1.5154327718673430e-02 1.0642260946463970e-02 0.0000000000000000e+00
2.1009989225044400e-02 2.7918334889281871e-03 0.0000000000000000e+00
2.3583852547462470e-02 6.7122435519928088e-03 0.0000000000000000e+00
1.0980444454788440e-02 7.0324633342299259e-03 0.0000000000000000e+00
1.3478448846594269e-02 8.9674149141223559e-03 0.0000000000000000e+00
2.2524718685221119e-02 9.8538921613718702e-03 0.0000000000000000e+00
2.3768649978307081e-02 3.1798492235865991e-03 0.0000000000000000e+00
2.4477179443867351e-02 4.8648505128714870e-03 0.0000000000000000e+00
2.3320904441519841e-02 7.7631153974988933e-03 0.0000000000000000e+00
2.0621898161336791e-02 1.4084561112540330e-02 0.0000000000000000e+00
1.9616844396899719e-02 1.4670274870752970e-02 0.0000000000000000e+00
1.1581133861639651e-02 3.2148687623596620e-03 0.0000000000000000e+00
9.8656707386550035e-03 5.3967793880656378e-03 0.0000000000000000e+00
1.5438483611421789e-02 1.0361813625509260e-02 0.0000000000000000e+00
1.6678539437562610e-02 3.1905477396263131e-03 0.0000000000000000e+00
1.3758031521016590e-02 8.6826086094351530e-03 0.0000000000000000e+00
1.0985394178083229e-02 6.4759401648491607e-03 0.0000000000000000e+00
1.0608145605713199e-02 4.2639286236992330e-03 0.0000000000000000e+00
2.3845668521459439e-02 5.5570829098242009e-03 0.0000000000000000e+00
1.7467085860682258e-02 3.1896201626196289e-03 0.0000000000000000e+00
1.5886931257863439e-02 3.1912595838970671e-03 0.0000000000000000e+00
2.1012709981620050e-02 3.1911818806799109e-03 0.0000000000000000e+00
1.1541569917261289e-02 7.0290851201600633e-03 0.0000000000000000e+00
1.7103449992741038e-02 1.2591559757188370e-02 0.0000000000000000e+00
1.1139200251771980e-02 3.6164490378999530e-03 0.0000000000000000e+00
1.9606044717255400e-02 1.4163516703309511e-02 0.0000000000000000e+00
2.3774260336664500e-02 3.9948911118011131e-03 0.0000000000000000e+00
2.2894029388874609e-02 7.9712255107332996e-03 0.0000000000000000e+00
2.2005147436180841e-02 1.0106010459690531e-02 0.0000000000000000e+00
2.4086200884764011e-02 5.1381785212317619e-03 0.0000000000000000e+00
1.0444316484705920e-02 4.5803547473439246e-03 0.0000000000000000e+00
1.0119405582751101e-02 5.1719669837663419e-03 0.0000000000000000e+00
1.0745608917818780e-02 3.5756694451830932e-03 0.0000000000000000e+00
2.3371029985167428e-02 3.5860842275136670e-03 0.0000000000000000e+00
2.0225340036581201e-02 3.1909881978337109e-03 0.0000000000000000e+00
1.0419017940911050e-02 5.9256691480907373e-03 0.0000000000000000e+00
2.1402369756527071e-02 2.7917043964643729e-03 0.0000000000000000e+00
2.2185964226137340e-02 3.1899015637710461e-03 0.0000000000000000e+00
1.3502987123906010e-02 3.1911149165040620e-03 0.0000000000000000e+00
1.2092400407438230e-02 7.5797239065692641e-03 0.0000000000000000e+00
1.8253077622967451e-02 3.1893933976613041e-03 0.0000000000000000e+00
1.2726629983105040e-02 3.1898251765695952e-03 0.0000000000000000e+00
1.4035458006207681e-02 9.5241272930067650e-03 0.0000000000000000e+00
1.2646573677576481e-02 8.1342264457117293e-03 0.0000000000000000e+00
2.2974914789112240e-02 3.1886244838103170e-03 0.0000000000000000e+00
1.8504378023780351e-02 1.3949543337298210e-02 0.0000000000000000e+00
1.5092372543254009e-02 3.1912884199272501e-03 0.0000000000000000e+00
1.5990336791677589e-02 1.1478069405932051e-02 0.0000000000000000e+00
1.5433090269493979e-02 1.0920934667839740e-02 0.0000000000000000e+00
1.6548203194604601e-02 1.2036047546927000e-02 0.0000000000000000e+00
1.4595756486763881e-02 1.0083643145417350e-02 0.0000000000000000e+00
1.9434541884658211e-02 3.1899522414578960e-03 0.0000000000000000e+00
2.1225628226030410e-02 1.2369857946158590e-02 0.0000000000000000e+00
1.7930986390070430e-02 1.3419746024167990e-02 0.0000000000000000e+00
1.9091043731463930e-02 1.4602485490820530e-02 0.0000000000000000e+00
1.4296458902383850e-02 3.1912499312682090e-03 0.0000000000000000e+00
1.3201258335591571e-02 8.6896926133695259e-03 0.0000000000000000e+00
2.3137320553752911e-02 6.9329329615411090e-03 0.0000000000000000e+00
2.1563974140372460e-02 1.1672272244758900e-02 0.0000000000000000e+00
2.1966812198399979e-02 1.1004135872099681e-02 0.0000000000000000e+00
2.3784077777905518e-02 3.5880259216535980e-03 0.0000000000000000e+00
2.2961409905904440e-02 8.7631368174864322e-03 0.0000000000000000e+00
1.8645919038748220e-02 3.1894255320124628e-03 0.0000000000000000e+00
1.7380313285488939e-02 1.2868675066846341e-02 0.0000000000000000e+00
2.2613886281510939e-02 9.4103580160177971e-03 0.0000000000000000e+00
2.3363514207330991e-02 6.2039336910543023e-03 0.0000000000000000e+00
2.0537119541412220e-02 1.3526210587002889e-02 0.0000000000000000e+00
2.4140720813985220e-02 4.4303329238825663e-03 0.0000000000000000e+00
2.0103685121047099e-02 1.4124211281548159e-02 0.0000000000000000e+00
1.9373602512203970e-02 1.4397311270180010e-02 0.0000000000000000e+00
1.1970670466509190e-02 3.2048353545076169e-03 0.0000000000000000e+00
2.2952598633575679e-02 7.6485580630450004e-03 0.0000000000000000e+00
2.0965098178234949e-02 1.2986457132301831e-02 0.0000000000000000e+00
1.8245970457189661e-02 3.5884661649080172e-03 0.0000000000000000e+00
1.4693172363729200e-02 3.5907107726898249e-03 0.0000000000000000e+00
1.6554045666928259e-02 1.1477143607320609e-02 0.0000000000000000e+00
1.2648339001753399e-02 7.5712166122388720e-03 0.0000000000000000e+00
1.9829679069094941e-02 3.5899081642316762e-03 0.0000000000000000e+00
1.7937234336834671e-02 1.2864694502208261e-02 0.0000000000000000e+00
2.2485592931074661e-02 7.9576619099725673e-03 0.0000000000000000e+00
2.3692963145115060e-02 5.1632252711448570e-03 0.0000000000000000e+00
1.0939325682567639e-02 4.3680192748483974e-03 0.0000000000000000e+00
1.8468258159363510e-02 1.3401287384256140e-02 0.0000000000000000e+00
1.3898668855208121e-02 3.5907495386432731e-03 0.0000000000000000e+00
2.3743125326047821e-02 4.3818709173815019e-03 0.0000000000000000e+00
2.1794373208027441e-02 3.1904460314574881e-03 0.0000000000000000e+00
2.2569348444801560e-02 3.5864312017158278e-03 0.0000000000000000e+00
2.2665501519802369e-02 7.1699235447040457e-03 0.0000000000000000e+00
1.9803559688554288e-02 1.3875049883942701e-02 0.0000000000000000e+00
2.2132818942788238e-02 9.7282383452140016e-03 0.0000000000000000e+00
1.1053028115154479e-02 4.0051705764372336e-03 0.0000000000000000e+00
2.1825199175106030e-02 1.0464847998501940e-02 0.0000000000000000e+00
1.1816809905561550e-02 7.3041253546871944e-03 0.0000000000000000e+00
2.0619856188274620e-02 3.5905475171600209e-03 0.0000000000000000e+00
1.3111928886871810e-02 3.1905148850959672e-03 0.0000000000000000e+00
1.5489797510021610e-02 3.1913283553003679e-03 0.0000000000000000e+00
1.7859860945328411e-02 3.1894517897631141e-03 0.0000000000000000e+00
1.0702163591764480e-02 6.1987912248312738e-03 0.0000000000000000e+00
1.3202214170944269e-02 8.1257770930803132e-03 0.0000000000000000e+00
1.9041753433949048e-02 1.3821287579505201e-02 0.0000000000000000e+00
1.5996601377852190e-02 1.0919812311539790e-02 0.0000000000000000e+00
1.2349841434134199e-02 3.1925995360980509e-03 0.0000000000000000e+00
1.7072707668781540e-02 3.1900335712526828e-03 0.0000000000000000e+00
1.7109868164314802e-02 1.2033500620165449e-02 0.0000000000000000e+00
1.4037145166283510e-02 8.9616086207670483e-03 0.0000000000000000e+00
1.4597825308957200e-02 9.5211592997693200e-03 0.0000000000000000e+00
1.9036427802917959e-02 3.5887354284721141e-03 0.0000000000000000e+00
1.5158805617477631e-02 1.0081953548448520e-02 0.0000000000000000e+00
2.4101166423008240e-02 4.7989239583365612e-03 0.0000000000000000e+00
2.1384269889409960e-02 1.2018135745566740e-02 0.0000000000000000e+00
1.6282790184376079e-02 3.1909699186365298e-03 0.0000000000000000e+00
2.3248121792259779e-02 6.5732092449445733e-03 0.0000000000000000e+00
1.0387541228896430e-02 5.3907453590734764e-03 0.0000000000000000e+00
2.1761894042250311e-02 1.1336221416533039e-02 0.0000000000000000e+00
1.5717820718046761e-02 1.0641117797146420e-02 0.0000000000000000e+00
2.1403293986523991e-02 3.1908832152261861e-03 0.0000000000000000e+00
1.1264691851314779e-02 6.7532898776184571e-03 0.0000000000000000e+00
1.3479874892059309e-02 8.4039764455910108e-03 0.0000000000000000e+00
1.7386874977137770e-02 1.2310892307216640e-02 0.0000000000000000e+00
2.2967301590908061e-02 3.5852195165634142e-03 0.0000000000000000e+00
2.2507101578691339e-02 8.9778488403173956e-03 0.0000000000000000e+00
2.3447541719697530e-02 5.8297414426296598e-03 0.0000000000000000e+00
2.0462961932636421e-02 1.2957306084557640e-02 0.0000000000000000e+00
2.0727109100873390e-02 1.2616887001543450e-02 0.0000000000000000e+00
2.2773430865574710e-02 8.2721779706423481e-03 0.0000000000000000e+00
2.0318537658979400e-02 1.3824453088716040e-02 0.0000000000000000e+00
1.2001954660583521e-02 3.6093174006767621e-03 0.0000000000000000e+00
1.1588303885789780e-02 3.7139535096986898e-03 0.0000000000000000e+00
1.9333565897326450e-02 1.3973746285605019e-02 0.0000000000000000e+00
2.3358643203919220e-02 3.9810551686315383e-03 0.0000000000000000e+00
1.0309924393324470e-02 4.9011137063105668e-03 0.0000000000000000e+00
1.9211636238297289e-02 1.4197339197488900e-02 0.0000000000000000e+00
1.0711730252774051e-02 3.9275854422274083e-03 0.0000000000000000e+00
1.5722915779086060e-02 1.0081526536779101e-02 0.0000000000000000e+00
1.6671320403429460e-02 3.5898030515496811e-03 0.0000000000000000e+00
1.4038077489734461e-02 8.3980626879461388e-03 0.0000000000000000e+00
1.7672764170347049e-02 1.2032846814909289e-02 0.0000000000000000e+00
1.1825438317487891e-02 6.7490542926047390e-03 0.0000000000000000e+00
2.0151479088229150e-02 1.2696390038686320e-02 0.0000000000000000e+00
1.1267517259008229e-02 6.1980880264881910e-03 0.0000000000000000e+00
1.9497971917491221e-02 1.3671334652224689e-02 0.0000000000000000e+00
1.5882361815190659e-02 3.5906533513429331e-03 0.0000000000000000e+00
2.1785851775653179e-02 3.5890162736545469e-03 0.0000000000000000e+00
1.2373032329284529e-02 7.2957471323126443e-03 0.0000000000000000e+00
1.2035322297525949e-02 3.9767902248970602e-03 0.0000000000000000e+00
2.3341747427056771e-02 4.3670715984795907e-03 0.0000000000000000e+00
1.0792902412862321e-02 4.7722921444081964e-03 0.0000000000000000e+00
1.2733949719190150e-02 3.5877727083463329e-03 0.0000000000000000e+00
2.2264442770618710e-02 8.2697145432124256e-03 0.0000000000000000e+00
1.1291427917552849e-02 4.4685273717646346e-03 0.0000000000000000e+00
2.2203794934479590e-02 9.3740659236930448e-03 0.0000000000000000e+00
2.1635640369619669e-02 9.9304951755012534e-03 0.0000000000000000e+00
2.0225451200702970e-02 3.5903704679163088e-03 0.0000000000000000e+00
1.3503919287260170e-02 3.5904260394271628e-03 0.0000000000000000e+00
1.2924743332127441e-02 7.8479172051766459e-03 0.0000000000000000e+00
1.8743809363822191e-02 1.3635821515264809e-02 0.0000000000000000e+00
1.5090162096070970e-02 3.5907522719587988e-03 0.0000000000000000e+00
1.6832561155831871e-02 1.1755839702347020e-02 0.0000000000000000e+00
2.1010000832889199e-02 3.5903284055988768e-03 0.0000000000000000e+00
1.4878509876419289e-02 9.8015867351442243e-03 0.0000000000000000e+00
1.9432968732702640e-02 3.5892623817405161e-03 0.0000000000000000e+00
1.6275534786409890e-02 1.1198655723296400e-02 0.0000000000000000e+00
1.7458161813674190e-02 3.5887268931939962e-03 0.0000000000000000e+00
2.2766802062175330e-02 6.8048543146139494e-03 0.0000000000000000e+00
1.4317250891171271e-02 9.2411703793805547e-03 0.0000000000000000e+00
2.0875888901970029e-02 1.2186871290060830e-02 0.0000000000000000e+00
1.7663222992935729e-02 1.2588229672736310e-02 0.0000000000000000e+00
1.8205104618802391e-02 1.3139336486292770e-02 0.0000000000000000e+00
1.4295787127180441e-02 3.5907462653146432e-03 0.0000000000000000e+00
1.8640895708980781e-02 3.5885550969991260e-03 0.0000000000000000e+00
2.3716564913318978e-02 4.7538941076251517e-03 0.0000000000000000e+00
2.0231125467235950e-02 1.3259181287554831e-02 0.0000000000000000e+00
2.2549078052036351e-02 3.9828663012041561e-03 0.0000000000000000e+00
2.2950952329158759e-02 3.9801614654023047e-03 0.0000000000000000e+00
2.1220433730934629e-02 1.1472392055918729e-02 0.0000000000000000e+00
1.0681349151348270e-02 5.6430511432480363e-03 0.0000000000000000e+00
2.1622003022158380e-02 1.0803320216381021e-02 0.0000000000000000e+00
2.2983056759486250e-02 6.0765481634321179e-03 0.0000000000000000e+00
2.2174724789424491e-02 3.5877779011312620e-03 0.0000000000000000e+00
1.6282468411211060e-02 1.0641039872747129e-02 0.0000000000000000e+00
1.7851757972362419e-02 3.5885292161699162e-03 0.0000000000000000e+00
1.3480208331283420e-02 7.8390194977994293e-03 0.0000000000000000e+00
2.2573304326150099e-02 7.5381383711887791e-03 0.0000000000000000e+00
2.2559800436661451e-02 8.5811131556132337e-03 0.0000000000000000e+00
2.3501437375550830e-02 5.4937714675514036e-03 0.0000000000000000e+00
1.2364748632221499e-02 3.5902770929423442e-03 0.0000000000000000e+00
1.0591881790271420e-02 5.1011663570918872e-03 0.0000000000000000e+00
2.0006235001897361e-02 1.3564798300825281e-02 0.0000000000000000e+00
1.9206537797587790e-02 1.3507032141510561e-02 0.0000000000000000e+00
1.8239966666106042e-02 3.9876648145931500e-03 0.0000000000000000e+00
1.4691320322223559e-02 3.9901707230164856e-03 0.0000000000000000e+00
1.9828520087843530e-02 3.9892963956279712e-03 0.0000000000000000e+00
1.0944504165338660e-02 5.3272726752914314e-03 0.0000000000000000e+00
1.9322199345777131e-02 1.3277536137977400e-02 0.0000000000000000e+00
1.8222786781071719e-02 1.2589588457249661e-02 0.0000000000000000e+00
1.3898909281382720e-02 3.9905627662858070e-03 0.0000000000000000e+00
1.6840563898827619e-02 1.1199039826072571e-02 0.0000000000000000e+00
1.2925548940652719e-02 7.2830909663651562e-03 0.0000000000000000e+00
2.2096674657271980e-02 8.9614427977382990e-03 0.0000000000000000e+00
2.3353219193965449e-02 4.7119321073267016e-03 0.0000000000000000e+00
1.1209771904811851e-02 4.7721715434930582e-03 0.0000000000000000e+00
1.1402336160062710e-02 4.1184861056806034e-03 0.0000000000000000e+00
2.2932524271171571e-02 4.3777981475700426e-03 0.0000000000000000e+00
2.0346994178431482e-02 1.2356264489656699e-02 0.0000000000000000e+00
1.3114909107818920e-02 3.5892855362407352e-03 0.0000000000000000e+00
1.5486364769520880e-02 3.5907607758082442e-03 0.0000000000000000e+00
2.0615761568017029e-02 3.9896817193122627e-03 0.0000000000000000e+00
1.4318316849714151e-02 8.6780515739571986e-03 0.0000000000000000e+00
1.4880295440420689e-02 9.2387504090567299e-03 0.0000000000000000e+00
1.9033789569062400e-02 3.9880600339382271e-03 0.0000000000000000e+00
1.5442356942049229e-02 9.8006953696981782e-03 0.0000000000000000e+00
1.7064545596385691e-02 3.5892121845842169e-03 0.0000000000000000e+00
2.1397321612376730e-02 3.5897761640018080e-03 0.0000000000000000e+00
1.1548576986714380e-02 6.4746397493527187e-03 0.0000000000000000e+00
1.7396242573309802e-02 1.1755556884293691e-02 0.0000000000000000e+00
1.3759028772313549e-02 8.1185195560362963e-03 0.0000000000000000e+00
1.8710787497467459e-02 1.3142685388279210e-02 0.0000000000000000e+00
1.6002815383698250e-02 1.0361444007540931e-02 0.0000000000000000e+00
2.1039718215191940e-02 1.1821668976539740e-02 0.0000000000000000e+00
1.6276852232763629e-02 3.5902950186494490e-03 0.0000000000000000e+00
2.2875919811948170e-02 6.4411405000700268e-03 0.0000000000000000e+00
2.1765565889778699e-02 9.5848018673069420e-03 0.0000000000000000e+00
2.2071185461367462e-02 7.7719504691990187e-03 0.0000000000000000e+00
2.2291429056357191e-02 7.0355256623902624e-03 0.0000000000000000e+00
1.0978029254746920e-02 5.9179946685088006e-03 0.0000000000000000e+00
1.9929974733575009e-02 1.2997808505380921e-02 0.0000000000000000e+00
2.1418365394999781e-02 1.1135980307643321e-02 0.0000000000000000e+00
1.6561645808567491e-02 1.0920121025492750e-02 0.0000000000000000e+00
2.1467014785408519e-02 1.0271863981614251e-02 0.0000000000000000e+00
1.2098844331845030e-02 7.0217401334791889e-03 0.0000000000000000e+00
1.3202523961059000e-02 7.5604187022356734e-03 0.0000000000000000e+00
1.7948587842435571e-02 1.2310731205597581e-02 0.0000000000000000e+00
1.7449331723124961e-02 3.9878715281348844e-03 0.0000000000000000e+00
2.3077190813126810e-02 5.7146665946317824e-03 0.0000000000000000e+00
2.1766871618330731e-02 3.9870216778040146e-03 0.0000000000000000e+00
2.2153332886032821e-02 3.9853392795164396e-03 0.0000000000000000e+00
1.2373206172182020e-02 3.9777183084438450e-03 0.0000000000000000e+00
1.9635772564718341e-02 1.3288366330751610e-02 0.0000000000000000e+00
1.8947000521092740e-02 1.3363267194647400e-02 0.0000000000000000e+00
2.3298358697989741e-02 5.0472640564780827e-03 0.0000000000000000e+00
1.1791586963839751e-02 3.9916682495102747e-03 0.0000000000000000e+00
1.6006741074906829e-02 9.8005209778818693e-03 0.0000000000000000e+00
1.4319174916129940e-02 8.1143173523868812e-03 0.0000000000000000e+00
1.7959425606219721e-02 1.1756205383728589e-02 0.0000000000000000e+00
1.3206199167169910e-02 6.9912827783137283e-03 0.0000000000000000e+00
1.9840268033387929e-02 1.2474321871041690e-02 0.0000000000000000e+00
2.1736831523584070e-02 4.3841775124649389e-03 0.0000000000000000e+00
1.5875428206370210e-02 3.9899719137621026e-03 0.0000000000000000e+00
1.7127011064455730e-02 1.0920839684059410e-02 0.0000000000000000e+00
1.2105628415246719e-02 6.4652508508125902e-03 0.0000000000000000e+00
2.2936519429065171e-02 4.8255534702800456e-03 0.0000000000000000e+00
1.2026796632869249e-02 4.3205201809016778e-03 0.0000000000000000e+00
1.5086648470702809e-02 3.9901610367429619e-03 0.0000000000000000e+00
1.9133388554075700e-02 1.2974187717664180e-02 0.0000000000000000e+00
2.1001505734026409e-02 3.9891632589763608e-03 0.0000000000000000e+00
2.1934804253085981e-02 8.1172637936620159e-03 0.0000000000000000e+00
1.1551769488979050e-02 5.9233464016339990e-03 0.0000000000000000e+00
1.1260094405519991e-02 5.6426753803034881e-03 0.0000000000000000e+00
2.0520171908012991e-02 1.1988162061564830e-02 0.0000000000000000e+00
2.0223455110326121e-02 3.9896659340518462e-03 0.0000000000000000e+00
1.3505017183579359e-02 3.9904946711566700e-03 0.0000000000000000e+00
1.7118821244574429e-02 1.1477588734927760e-02 0.0000000000000000e+00
1.5161439942058730e-02 9.5196533592913930e-03 0.0000000000000000e+00
1.9431321770479421e-02 3.9886338361148337e-03 0.0000000000000000e+00
1.8492288890659878e-02 1.2874332812974530e-02 0.0000000000000000e+00
1.8636803289469220e-02 3.9878128084178052e-03 0.0000000000000000e+00
1.6662255125386900e-02 3.9890032259480308e-03 0.0000000000000000e+00
2.2396690193521689e-02 6.6695267866426116e-03 0.0000000000000000e+00
1.6567538208023189e-02 1.0361356754071340e-02 0.0000000000000000e+00
1.3761027777789189e-02 7.5525758743399656e-03 0.0000000000000000e+00
1.4599176408569180e-02 8.9582702564188661e-03 0.0000000000000000e+00
1.4295104790537130e-02 3.9903280140433442e-03 0.0000000000000000e+00
1.2650939858369511e-02 7.0079572216852418e-03 0.0000000000000000e+00
1.7844481098605480e-02 3.9876978704597964e-03 0.0000000000000000e+00
2.0875229882647010e-02 1.1270841428960491e-02 0.0000000000000000e+00
2.2621353191121199e-02 5.9604858915940726e-03 0.0000000000000000e+00
2.1274057082910091e-02 1.0604266335089270e-02 0.0000000000000000e+00
2.1862293457280271e-02 9.2677783139576402e-03 0.0000000000000000e+00
2.2520236098173569e-02 4.3851951351536970e-03 0.0000000000000000e+00
2.1383258092661669e-02 3.9881701799698507e-03 0.0000000000000000e+00
1.7055626049193619e-02 3.9883857719829000e-03 0.0000000000000000e+00
2.1283107715960949e-02 9.7518797885523222e-03 0.0000000000000000e+00
1.8507752788260331e-02 1.2312764733490520e-02 0.0000000000000000e+00
1.1629580740255181e-02 4.5739239967202382e-03 0.0000000000000000e+00
2.3177541149635199e-02 5.3631909512728464e-03 0.0000000000000000e+00
2.2189406505752570e-02 7.4050187696685314e-03 0.0000000000000000e+00
1.2736926600801189e-02 3.9838252828624148e-03 0.0000000000000000e+00
2.2144214673188920e-02 8.5813802291007466e-03 0.0000000000000000e+00
1.7442859894188971e-02 4.3871234176146457e-03 0.0000000000000000e+00
1.9031564026331708e-02 4.3874428569037043e-03 0.0000000000000000e+00
1.4689094681645420e-02 4.3893715527880701e-03 0.0000000000000000e+00
2.0605863506026240e-02 4.3882122133405759e-03 0.0000000000000000e+00
2.1921291553593219e-02 6.8911088525963459e-03 0.0000000000000000e+00
2.2806872137330899e-02 5.2489863201728047e-03 0.0000000000000000e+00
1.3900723632787900e-02 4.3906228964939523e-03 0.0000000000000000e+00
1.7683338257518229e-02 1.1478527301696790e-02 0.0000000000000000e+00
1.2929515053155149e-02 6.7161576177839711e-03 0.0000000000000000e+00
1.1524491601947250e-02 4.8764305618462928e-03 0.0000000000000000e+00
2.1689362682680281e-02 8.7774854729655051e-03 0.0000000000000000e+00
2.2718055549218921e-02 5.6127908209587093e-03 0.0000000000000000e+00
1.8788880052715541e-02 1.2603990674757690e-02 0.0000000000000000e+00
1.9824848979900729e-02 4.3885730979111338e-03 0.0000000000000000e+00
1.3116820796334470e-02 3.9885967110837323e-03 0.0000000000000000e+00
1.4599970358735450e-02 8.3948615255797603e-03 0.0000000000000000e+00
1.5162798170070079e-02 8.9563344407166783e-03 0.0000000000000000e+00
1.5725648308160891e-02 9.5191099365316209e-03 0.0000000000000000e+00
1.8236077309102119e-02 4.3869845156226973e-03 0.0000000000000000e+00
1.6268854977654280e-02 3.9895562245495456e-03 0.0000000000000000e+00
1.6847305795994579e-02 1.0641069939536460e-02 0.0000000000000000e+00
2.1698592620149070e-02 7.6141084866674386e-03 0.0000000000000000e+00
1.3484509856949481e-02 7.2707538331674097e-03 0.0000000000000000e+00
2.2120159291220201e-02 4.3837190796366240e-03 0.0000000000000000e+00
2.0013170628239992e-02 1.2147596521399150e-02 0.0000000000000000e+00
1.4039778160863809e-02 7.8337955245628265e-03 0.0000000000000000e+00
2.0691476055742258e-02 1.1622217991224881e-02 0.0000000000000000e+00
1.6287219905529789e-02 1.0081062879657829e-02 0.0000000000000000e+00
1.8233266320793019e-02 1.2033461926149069e-02 0.0000000000000000e+00
2.2510443508804680e-02 6.3116186513748652e-03 0.0000000000000000e+00
1.5481091486460680e-02 3.9901226356782622e-03 0.0000000000000000e+00
1.1830941775134230e-02 6.1950714777369411e-03 0.0000000000000000e+00
2.1073426835665009e-02 1.0934873409744391e-02 0.0000000000000000e+00
1.7405638726669261e-02 1.1199930957935920e-02 0.0000000000000000e+00
2.1115849249603379e-02 1.0079726181889050e-02 0.0000000000000000e+00
1.2377596119492259e-02 6.7351982475631674e-03 0.0000000000000000e+00
2.1418616514764632e-02 9.4222580514259809e-03 0.0000000000000000e+00
1.6654279235122540e-02 4.3882317449502207e-03 0.0000000000000000e+00
2.0985604905590940e-02 4.3869887871961933e-03 0.0000000000000000e+00
2.1360109540511790e-02 4.3853726099873846e-03 0.0000000000000000e+00
1.1549912272073731e-02 5.3769673937077572e-03 0.0000000000000000e+00
2.2478068610315510e-02 4.7934314550913907e-03 0.0000000000000000e+00
1.2365257849081650e-02 4.3580062868293062e-03 0.0000000000000000e+00
1.9643303537204011e-02 1.2771732209869061e-02 0.0000000000000000e+00
1.9492584224608971e-02 1.2987115688361920e-02 0.0000000000000000e+00
2.1811573248016209e-02 8.4501845828552635e-03 0.0000000000000000e+00
1.1716862548931990e-02 4.2388670852180881e-03 0.0000000000000000e+00
1.6290005279914921e-02 9.5188803416643430e-03 0.0000000000000000e+00
1.4601098679642660e-02 7.8311921056746659e-03 0.0000000000000000e+00
1.7412348152377449e-02 1.0641504487924770e-02 0.0000000000000000e+00
1.3502410435621989e-02 6.6895544383739017e-03 0.0000000000000000e+00
2.0960777964936152e-02 4.7817344870735336e-03 0.0000000000000000e+00
1.8244335120798861e-02 1.1478544845405910e-02 0.0000000000000000e+00
1.8782896039889849e-02 1.2028496718084199e-02 0.0000000000000000e+00
1.5868004962552709e-02 4.3892071291003346e-03 0.0000000000000000e+00
1.9563040682915929e-02 1.2292722253747451e-02 0.0000000000000000e+00
1.2381897185364820e-02 6.1771087990418116e-03 0.0000000000000000e+00
2.1375888524611739e-02 8.6154969351786292e-03 0.0000000000000000e+00
2.0939023955762161e-02 9.5601670898658904e-03 0.0000000000000000e+00
1.5444297520467710e-02 9.2376033978984508e-03 0.0000000000000000e+00
1.9428583863808621e-02 4.3879867139789558e-03 0.0000000000000000e+00
2.0216672401875340e-02 4.3886058642371162e-03 0.0000000000000000e+00
1.3508175107662409e-02 4.3926235340652903e-03 0.0000000000000000e+00
1.8633888994121470e-02 4.3871641102007581e-03 0.0000000000000000e+00
1.6851643668318671e-02 1.0080617981856201e-02 0.0000000000000000e+00
1.7839307933504089e-02 4.3869796739646957e-03 0.0000000000000000e+00
1.4047101254987190e-02 7.2685292618176536e-03 0.0000000000000000e+00
1.4881293340220720e-02 8.6755004581506867e-03 0.0000000000000000e+00
1.4294967000610091e-02 4.3895782619038084e-03 0.0000000000000000e+00
2.0529259323089119e-02 1.1064831648277200e-02 0.0000000000000000e+00
2.1574672910400921e-02 7.9647430491112791e-03 0.0000000000000000e+00
1.5082465734619081e-02 4.3893379486951234e-03 0.0000000000000000e+00
2.0168586927437750e-02 1.1788814242635410e-02 0.0000000000000000e+00
1.1833558368145159e-02 5.6496839822119272e-03 0.0000000000000000e+00
1.7048424599604279e-02 4.3876265462857948e-03 0.0000000000000000e+00
2.2293955533899630e-02 5.8613339168908131e-03 0.0000000000000000e+00
1.2733202584306869e-02 4.3809280455088216e-03 0.0000000000000000e+00
2.1814893529632121e-02 7.2538058738905124e-03 0.0000000000000000e+00
1.7969204203537710e-02 1.1200508746706070e-02 0.0000000000000000e+00
1.9355035698079320e-02 1.2561059976656680e-02 0.0000000000000000e+00
2.0927457772382429e-02 1.0406025203662661e-02 0.0000000000000000e+00
1.6261235144105608e-02 4.3887977730328754e-03 0.0000000000000000e+00
1.1967876068342730e-02 4.6704723869159916e-03 0.0000000000000000e+00
2.2383865355886479e-02 5.5374224633352844e-03 0.0000000000000000e+00
2.1696943575976350e-02 4.7784760072257567e-03 0.0000000000000000e+00
2.2030926708078529e-02 6.5277801870929769e-03 0.0000000000000000e+00
1.2654413785432601e-02 6.4451883734355057e-03 0.0000000000000000e+00
2.2077955871549100e-02 4.7820038095893651e-03 0.0000000000000000e+00
1.1256615221244191e-02 5.1009069639232586e-03 0.0000000000000000e+00
2.1551682237863169e-02 9.0974112462795294e-03 0.0000000000000000e+00
2.2421597561985810e-02 5.1935971785059716e-03 0.0000000000000000e+00
1.7439025951960070e-02 4.7864721996350047e-03 0.0000000000000000e+00
1.9027598114807930e-02 4.7867195022901080e-03 0.0000000000000000e+00
1.5863632700052002e-02 4.7883298865421843e-03 0.0000000000000000e+00
1.4688605087865561e-02 4.7870405735439894e-03 0.0000000000000000e+00
1.3907381889935150e-02 4.7870517329640441e-03 0.0000000000000000e+00
2.1558661617758022e-02 6.7445547718291360e-03 0.0000000000000000e+00
1.2654675464007019e-02 5.8867389879050241e-03 0.0000000000000000e+00
1.8525161108055271e-02 1.1197213851248840e-02 0.0000000000000000e+00
1.9814294067844830e-02 4.7874437657964989e-03 0.0000000000000000e+00
1.3213259487092290e-02 6.4172810842154770e-03 0.0000000000000000e+00
2.1180830342835751e-02 8.9005608494110607e-03 0.0000000000000000e+00
2.1982409104435340e-02 5.6157525885490696e-03 0.0000000000000000e+00
2.1654028275057639e-02 5.1647153461435854e-03 0.0000000000000000e+00
1.3117922877918161e-02 4.3916170662405551e-03 0.0000000000000000e+00
1.4882041739603551e-02 8.1119893990369962e-03 0.0000000000000000e+00
1.5445309060233000e-02 8.6738951440731120e-03 0.0000000000000000e+00
1.6008622647629370e-02 9.2371576021983252e-03 0.0000000000000000e+00
1.8233451540481310e-02 4.7863662531049981e-03 0.0000000000000000e+00
1.7131990979738661e-02 1.0360971074473089e-02 0.0000000000000000e+00
1.3780203523760980e-02 6.9790871860829166e-03 0.0000000000000000e+00
1.5475486527049109e-02 4.3893112740152826e-03 0.0000000000000000e+00
2.0584766092673030e-02 4.7848634873265466e-03 0.0000000000000000e+00
1.6649495548149131e-02 4.7875233693751703e-03 0.0000000000000000e+00
1.7691340784416681e-02 1.0921214910021310e-02 0.0000000000000000e+00
1.9711450283714880e-02 1.1984837495092561e-02 0.0000000000000000e+00
1.6570892114127409e-02 9.7998620607949605e-03 0.0000000000000000e+00
1.4322378971349961e-02 7.5505428524327272e-03 0.0000000000000000e+00
1.8512217255316779e-02 1.1754133763583450e-02 0.0000000000000000e+00
1.2107708027202881e-02 5.9144187510910629e-03 0.0000000000000000e+00
2.1336195468201528e-02 7.4520138835725827e-03 0.0000000000000000e+00
2.0337492271659860e-02 1.1419381841410651e-02 0.0000000000000000e+00
2.0730566363986319e-02 1.0732546582287811e-02 0.0000000000000000e+00
1.9063474392712540e-02 1.2306805921228460e-02 0.0000000000000000e+00
2.0768777957893340e-02 9.8844369309838854e-03 0.0000000000000000e+00
1.2329687651429101e-02 4.7411333426205498e-03 0.0000000000000000e+00
2.1462481405925882e-02 8.3048512865297221e-03 0.0000000000000000e+00
2.1327937089495829e-02 4.7779846384486298e-03 0.0000000000000000e+00
1.1853498694024019e-02 5.0691851499127510e-03 0.0000000000000000e+00
2.2156661529569788e-02 6.1715615031963994e-03 0.0000000000000000e+00
2.2032978393270099e-02 5.1780906078890002e-03 0.0000000000000000e+00
2.1094879479681649e-02 9.2691620844015596e-03 0.0000000000000000e+00
1.0973828379396131e-02 5.0355973223319677e-03 0.0000000000000000e+00
1.6572894840271760e-02 9.2368299383773743e-03 0.0000000000000000e+00
1.4882753853942960e-02 7.5487750984715666e-03 0.0000000000000000e+00
1.7696399578587201e-02 1.0360789072148990e-02 0.0000000000000000e+00
1.3861224555314709e-02 6.3471500617453980e-03 0.0000000000000000e+00
2.1607444815551480e-02 5.5162524790571318e-03 0.0000000000000000e+00
1.5080562461091190e-02 4.7875809384477974e-03 0.0000000000000000e+00
1.2271328807751560e-02 5.0954457994451781e-03 0.0000000000000000e+00
2.0931426366230171e-02 5.1704476498960136e-03 0.0000000000000000e+00
2.0593104894705561e-02 9.3560663786168528e-03 0.0000000000000000e+00
1.5727026497065449e-02 8.9553906920484504e-03 0.0000000000000000e+00
1.9421386018007171e-02 4.7870652043124351e-03 0.0000000000000000e+00
1.3519839352958181e-02 4.7945645427073689e-03 0.0000000000000000e+00
1.8630812458630939e-02 4.7865013513119876e-03 0.0000000000000000e+00
1.7135044787806340e-02 9.7990753757041301e-03 0.0000000000000000e+00
1.7836085887318529e-02 4.7863454062376937e-03 0.0000000000000000e+00
1.4330385097234839e-02 6.9985522939215814e-03 0.0000000000000000e+00
2.0200754856550911e-02 4.7867461472164020e-03 0.0000000000000000e+00
1.6256760270391361e-02 4.7880328654431193e-03 0.0000000000000000e+00
1.5163586625899041e-02 8.3928512527430710e-03 0.0000000000000000e+00
1.8251655415783181e-02 1.0919793775237410e-02 0.0000000000000000e+00
1.4297233005618011e-02 4.7863356181491188e-03 0.0000000000000000e+00
1.9806150967570438e-02 1.1628561603574689e-02 0.0000000000000000e+00
1.7044018980068909e-02 4.7869443028140434e-03 0.0000000000000000e+00
1.2928306975214189e-02 6.1561047235233254e-03 0.0000000000000000e+00
2.0202069630064670e-02 1.0851907182753260e-02 0.0000000000000000e+00
2.1453700904683549e-02 7.0998375103119857e-03 0.0000000000000000e+00
2.0583258351692300e-02 1.0209567759351879e-02 0.0000000000000000e+00
1.2715153817440190e-02 4.7902654926821331e-03 0.0000000000000000e+00
1.9023834672157180e-02 1.1745625397883741e-02 0.0000000000000000e+00
1.8791078712229070e-02 1.1473012427273390e-02 0.0000000000000000e+00
2.1041506832368169e-02 8.5211948752189695e-03 0.0000000000000000e+00
1.5472457183522810e-02 4.7880733789671349e-03 0.0000000000000000e+00
2.1670278955347431e-02 6.3853516588744091e-03 0.0000000000000000e+00
2.1802925612622578e-02 6.0198270360920601e-03 0.0000000000000000e+00
2.1205822419160650e-02 7.8060831614836772e-03 0.0000000000000000e+00
1.2373329896267601e-02 5.6232415081001186e-03 0.0000000000000000e+00
1.9340922455251600e-02 1.1987981189522040e-02 0.0000000000000000e+00
2.1293812920781790e-02 5.1583841130786769e-03 0.0000000000000000e+00
1.2092375473048630e-02 5.4035290335151410e-03 0.0000000000000000e+00
1.7437401735803451e-02 5.1858292700637798e-03 0.0000000000000000e+00
1.9017614376916219e-02 5.1855926691336679e-03 0.0000000000000000e+00
1.5865153478548260e-02 5.1871289693087973e-03 0.0000000000000000e+00
1.4693809564758629e-02 5.1801517579071546e-03 0.0000000000000000e+00
2.1198597106927029e-02 6.5990273179091403e-03 0.0000000000000000e+00
1.9793220894877509e-02 5.1854557792693403e-03 0.0000000000000000e+00
1.8797308953717659e-02 1.0911680669267331e-02 0.0000000000000000e+00
1.3916038445354859e-02 5.1775263474509326e-03 0.0000000000000000e+00
1.2920808453417070e-02 5.6288662548819278e-03 0.0000000000000000e+00
2.0766195924876829e-02 8.9948659517437163e-03 0.0000000000000000e+00
1.9384414367314289e-02 1.1488565719048169e-02 0.0000000000000000e+00
2.1415618345747251e-02 5.8636170076246091e-03 0.0000000000000000e+00
1.2648753315222470e-02 5.2593865000798903e-03 0.0000000000000000e+00
1.5164026981368419e-02 7.8297701577446348e-03 0.0000000000000000e+00
1.5727687736136930e-02 8.3916641104212573e-03 0.0000000000000000e+00
1.3120123207970839e-02 4.8062456110817961e-03 0.0000000000000000e+00
1.6291349278915641e-02 8.9549830891048673e-03 0.0000000000000000e+00
1.8229874509204078e-02 5.1856713071845254e-03 0.0000000000000000e+00
1.7415799639810461e-02 1.0079846086100590e-02 0.0000000000000000e+00
1.4090175047923060e-02 6.7243560005979756e-03 0.0000000000000000e+00
2.0558025719803249e-02 5.1805182629720004e-03 0.0000000000000000e+00
1.6649114665840872e-02 5.1867530054700321e-03 0.0000000000000000e+00
1.7974989212665510e-02 1.0640725426363041e-02 0.0000000000000000e+00
1.6854034668959010e-02 9.5180654005069809e-03 0.0000000000000000e+00
1.4602620962750510e-02 7.2703315395582424e-03 0.0000000000000000e+00
1.3473351313061030e-02 6.1179265993211102e-03 0.0000000000000000e+00
1.9950636047718909e-02 1.1195766903707891e-02 0.0000000000000000e+00
2.0395277241749010e-02 1.0533649338849720e-02 0.0000000000000000e+00
2.0423528722115569e-02 9.6865212530841509e-03 0.0000000000000000e+00
1.5084693555166100e-02 5.1833142493461770e-03 0.0000000000000000e+00
2.1098332980838869e-02 8.1715646941168674e-03 0.0000000000000000e+00
2.1018234068780211e-02 7.2864469843950614e-03 0.0000000000000000e+00
2.0924683136517439e-02 5.5632646352353314e-03 0.0000000000000000e+00
2.1271503022556041e-02 5.5063612901179526e-03 0.0000000000000000e+00
1.6855461936614000e-02 8.9546765581227268e-03 0.0000000000000000e+00
1.7979982771861341e-02 1.0079004677555599e-02 0.0000000000000000e+00
1.5161589576050630e-02 7.2690570937961052e-03 0.0000000000000000e+00
1.4578303877299420e-02 6.7328113866818202e-03 0.0000000000000000e+00
1.5095637722402230e-02 5.5740187993998996e-03 0.0000000000000000e+00
2.0534837936329570e-02 5.5814351036423352e-03 0.0000000000000000e+00
1.3557010538550299e-02 5.1648985418409690e-03 0.0000000000000000e+00
1.4335016237462080e-02 6.3086686346753382e-03 0.0000000000000000e+00
2.0954691563048931e-02 6.0245935089405381e-03 0.0000000000000000e+00
2.0631071734472820e-02 8.4965759706333403e-03 0.0000000000000000e+00
1.6009569054823970e-02 8.6731867603781852e-03 0.0000000000000000e+00
1.7418123397725430e-02 9.5169499800455224e-03 0.0000000000000000e+00
1.8624173699839361e-02 5.1856268743034686e-03 0.0000000000000000e+00
1.7833575247768151e-02 5.1856895365669804e-03 0.0000000000000000e+00
1.6257453264855261e-02 5.1871320119280338e-03 0.0000000000000000e+00
2.0176018521059321e-02 5.1842794052757522e-03 0.0000000000000000e+00
1.8529446879244439e-02 1.0637614471472490e-02 0.0000000000000000e+00
1.3193754149452990e-02 5.8710103498270947e-03 0.0000000000000000e+00
1.9405627376604541e-02 5.1854410203895709e-03 0.0000000000000000e+00
1.5445729662104909e-02 8.1107420348890749e-03 0.0000000000000000e+00
1.4304352941610220e-02 5.1765849626489221e-03 0.0000000000000000e+00
1.5475432329432310e-02 5.1854548037041726e-03 0.0000000000000000e+00
1.7043008163500659e-02 5.1862195994981800e-03 0.0000000000000000e+00
1.9924006472897490e-02 1.0658981071752270e-02 0.0000000000000000e+00
2.0244410213658841e-02 9.1567678560428925e-03 0.0000000000000000e+00
1.3149403595997190e-02 5.2591117694083299e-03 0.0000000000000000e+00
1.9064325795891120e-02 1.1183670876561341e-02 0.0000000000000000e+00
2.0237289256205319e-02 1.0016095083648610e-02 0.0000000000000000e+00
2.0787091032230209e-02 7.6092907337555202e-03 0.0000000000000000e+00
2.1099441582700950e-02 6.9576890216905447e-03 0.0000000000000000e+00
2.1329845959371301e-02 6.2691528315910652e-03 0.0000000000000000e+00
1.9568249001489370e-02 1.1118285238365871e-02 0.0000000000000000e+00
1.7437205672513351e-02 5.5853703351098037e-03 0.0000000000000000e+00
1.8997880454320430e-02 5.5842628432938336e-03 0.0000000000000000e+00
1.5872506409918139e-02 5.5852653273389596e-03 0.0000000000000000e+00
1.9060377769154639e-02 1.0631941746900211e-02 0.0000000000000000e+00
2.0501844622519382e-02 5.9869540542855388e-03 0.0000000000000000e+00
1.4707729213795829e-02 5.5654166223827149e-03 0.0000000000000000e+00
1.3643423338409370e-02 5.8932317688264154e-03 0.0000000000000000e+00
2.0709106386562391e-02 8.0478607766198973e-03 0.0000000000000000e+00
2.0823790767761811e-02 6.4715520426877034e-03 0.0000000000000000e+00
1.5443913100165890e-02 7.5508022664182656e-03 0.0000000000000000e+00
1.6008721811096350e-02 8.1109490145517427e-03 0.0000000000000000e+00
1.8221318488626761e-02 5.5847051632621830e-03 0.0000000000000000e+00
1.6573548722280122e-02 8.6730021387793951e-03 0.0000000000000000e+00
1.7699371807300461e-02 9.7978124548534287e-03 0.0000000000000000e+00
1.6654457179650310e-02 5.5854146025117891e-03 0.0000000000000000e+00
1.8256971793600869e-02 1.0359383723621060e-02 0.0000000000000000e+00
1.9764536440552129e-02 5.5810104530861311e-03 0.0000000000000000e+00
1.7136840886770099e-02 9.2359505472734051e-03 0.0000000000000000e+00
1.4872560911701671e-02 6.9887110639159011e-03 0.0000000000000000e+00
1.4335847949188839e-02 6.5783527025532274e-03 0.0000000000000000e+00
2.0057706494584309e-02 1.0352415639245931e-02 0.0000000000000000e+00
2.0373441160036129e-02 8.8304925200667194e-03 0.0000000000000000e+00
1.5483223291113230e-02 5.5804407487460598e-03 0.0000000000000000e+00
2.0081954253747949e-02 9.4895010364785572e-03 0.0000000000000000e+00
2.0675914391888480e-02 7.1932535613112763e-03 0.0000000000000000e+00
1.3928620585196630e-02 5.5564128474644529e-03 0.0000000000000000e+00
1.3512086441311490e-02 5.5953046219602781e-03 0.0000000000000000e+00
1.9315415716077210e-02 1.0893470218954570e-02 0.0000000000000000e+00
2.0146834015034160e-02 5.5803932268981204e-03 0.0000000000000000e+00
1.9755055902046140e-02 1.0887927201438680e-02 0.0000000000000000e+00
1.7137113786456031e-02 8.6736619587203991e-03 0.0000000000000000e+00
1.8265244775626709e-02 9.7965685874481200e-03 0.0000000000000000e+00
1.5883975459129951e-02 5.9858009680997474e-03 0.0000000000000000e+00
1.5435221223575331e-02 6.9964221074765524e-03 0.0000000000000000e+00
1.5110784757450721e-02 5.9503426528301640e-03 0.0000000000000000e+00
2.0430693223689050e-02 6.3825607224010589e-03 0.0000000000000000e+00
2.0379656005536501e-02 7.5849798942598653e-03 0.0000000000000000e+00
1.4798873449097361e-02 6.3799504802817524e-03 0.0000000000000000e+00
1.4325898885577950e-02 5.9412877793229377e-03 0.0000000000000000e+00
1.7700665405699940e-02 9.2347799652317698e-03 0.0000000000000000e+00
1.7829316072528481e-02 5.5850497488496584e-03 0.0000000000000000e+00
1.6291077767377059e-02 8.3917852030528078e-03 0.0000000000000000e+00
1.8609497643786041e-02 5.5845333037958869e-03 0.0000000000000000e+00
1.6264719018962901e-02 5.5854953360093490e-03 0.0000000000000000e+00
1.8804605258847931e-02 1.0361374827723710e-02 0.0000000000000000e+00
1.9381486229383120e-02 5.5827618277128604e-03 0.0000000000000000e+00
1.5725846054826260e-02 7.8314655810857031e-03 0.0000000000000000e+00
1.7045715276771092e-02 5.5854844154269289e-03 0.0000000000000000e+00
1.9897625642406699e-02 9.8169759747866129e-03 0.0000000000000000e+00
1.9898871963289461e-02 8.9654857335720421e-03 0.0000000000000000e+00
2.0206222679938379e-02 8.2848330063298135e-03 0.0000000000000000e+00
2.0732029230960309e-02 6.8505995924258841e-03 0.0000000000000000e+00
1.4315935887504509e-02 5.5589242254616127e-03 0.0000000000000000e+00
1.9738391214037001e-02 5.9673633730299679e-03 0.0000000000000000e+00
2.0115252120225469e-02 5.9649647735756000e-03 0.0000000000000000e+00
1.9583818624864479e-02 1.0618241661138920e-02 0.0000000000000000e+00
1.7436537603871760e-02 5.9873826166655869e-03 0.0000000000000000e+00
1.6284379770967489e-02 7.8338795023964822e-03 0.0000000000000000e+00
1.8204329126762200e-02 5.9829992994524907e-03 0.0000000000000000e+00
1.5717295325760699e-02 7.2804952582589096e-03 0.0000000000000000e+00
2.0259438558545451e-02 7.1943425948277030e-03 0.0000000000000000e+00
1.9662946774079419e-02 1.0175575915813400e-02 0.0000000000000000e+00
1.8969185073766048e-02 5.9845858283812392e-03 0.0000000000000000e+00
1.7983084979203961e-02 9.5150022257146465e-03 0.0000000000000000e+00
1.6853677333222301e-02 8.3924981184694807e-03 0.0000000000000000e+00
1.8541003664714509e-02 1.0080296281632581e-02 0.0000000000000000e+00
1.5486477200154039e-02 5.9706179918219927e-03 0.0000000000000000e+00
1.7418878840820249e-02 8.9546828441247582e-03 0.0000000000000000e+00
1.5139819005800640e-02 6.7089166882451238e-03 0.0000000000000000e+00
2.0335767363067570e-02 6.7699889124679200e-03 0.0000000000000000e+00
1.6664956145325080e-02 5.9818654291347046e-03 0.0000000000000000e+00
1.9731990428812681e-02 6.3135801749825103e-03 0.0000000000000000e+00
2.0082048883194519e-02 6.3102370123211040e-03 0.0000000000000000e+00
1.9737551659174069e-02 9.3015356718894257e-03 0.0000000000000000e+00
1.6280718572117301e-02 5.9806590874121723e-03 0.0000000000000000e+00
2.0055629520709359e-02 8.6310968480307337e-03 0.0000000000000000e+00
2.0317925644899350e-02 7.9275899779352454e-03 0.0000000000000000e+00
1.9356471478251019e-02 5.9800314369680098e-03 0.0000000000000000e+00
1.9300011999633420e-02 1.0378908921504939e-02 0.0000000000000000e+00
1.3928557672090520e-02 5.9205422310847546e-03 0.0000000000000000e+00
1.4730820925197820e-02 5.9462055261218782e-03 0.0000000000000000e+00
1.7416931741455161e-02 8.3978869884835331e-03 0.0000000000000000e+00
1.7979694950011071e-02 8.9558237599823686e-03 0.0000000000000000e+00
1.5919797720386139e-02 6.4160055194289953e-03 0.0000000000000000e+00
1.8553539875463088e-02 9.5116862452318957e-03 0.0000000000000000e+00
1.9374505915622880e-02 9.8884247637787553e-03 0.0000000000000000e+00
1.9817922727329691e-02 7.0744414103615641e-03 0.0000000000000000e+00
1.6568522227040961e-02 8.1124356552736317e-03 0.0000000000000000e+00
1.8584634995875399e-02 5.9823935822462711e-03 0.0000000000000000e+00
1.7820719765158310e-02 5.9851670674745394e-03 0.0000000000000000e+00
1.7050046637523960e-02 5.9872792344367320e-03 0.0000000000000000e+00
1.5999448794471571e-02 7.5578569579831771e-03 0.0000000000000000e+00
1.9555493644503319e-02 8.7776904371372963e-03 0.0000000000000000e+00
1.6668999517624739e-02 6.3781806317374044e-03 0.0000000000000000e+00
1.5698630137935800e-02 6.7598490372500339e-03 0.0000000000000000e+00
1.9845653504544650e-02 8.1283724818489375e-03 0.0000000000000000e+00
1.9594512354147268e-02 9.6175334664952861e-03 0.0000000000000000e+00
1.5117891106655580e-02 6.2316439602351312e-03 0.0000000000000000e+00
2.0032633994175840e-02 7.5113681846615656e-03 0.0000000000000000e+00
1.8926945907678221e-02 6.3777295525408520e-03 0.0000000000000000e+00
1.9345977894756151e-02 6.4097804172606396e-03 0.0000000000000000e+00
1.9090754527033849e-02 1.0103328557937670e-02 0.0000000000000000e+00
1.9888821889000881e-02 6.6734015163652308e-03 0.0000000000000000e+00
1.7437109926156710e-02 6.3965253840484364e-03 0.0000000000000000e+00
1.6548247733408350e-02 7.5595387825504031e-03 0.0000000000000000e+00
1.5980651467850149e-02 7.0129858482326337e-03 0.0000000000000000e+00
1.9700263559123840e-02 7.4135042943674033e-03 0.0000000000000000e+00
1.8880236979763130e-02 6.7401213760263558e-03 0.0000000000000000e+00
1.9480894672515871e-02 7.0165281055712498e-03 0.0000000000000000e+00
1.9179334349961889e-02 9.5064826400241623e-03 0.0000000000000000e+00
1.8834406382563389e-02 9.8048326256068730e-03 0.0000000000000000e+00
1.7130458421177979e-02 8.1151601029682933e-03 0.0000000000000000e+00
1.8181050147511500e-02 6.3772871427077316e-03 0.0000000000000000e+00
1.8262974417266931e-02 9.2327174688738387e-03 0.0000000000000000e+00
1.6315240860892130e-02 6.3406653484616186e-03 0.0000000000000000e+00
1.7698207941239559e-02 8.6789906716156339e-03 0.0000000000000000e+00
1.7053396553413560e-02 6.4009533911507984e-03 0.0000000000000000e+00
1.9707689211249890e-02 8.4522715640456911e-03 0.0000000000000000e+00
1.9953843886629241e-02 7.8140444406603459e-03 0.0000000000000000e+00
1.9384881721582741e-02 9.1146202152070279e-03 0.0000000000000000e+00
1.5427147341617880e-02 6.3923215610071820e-03 0.0000000000000000e+00
1.8553275877931770e-02 6.3730672541063649e-03 0.0000000000000000e+00
1.9500087221152120e-02 6.7399365006205634e-03 0.0000000000000000e+00
1.7698690619684539e-02 8.1336523692864572e-03 0.0000000000000000e+00
1.8250547081971331e-02 8.6878483088988611e-03 0.0000000000000000e+00
1.9221365659750359e-02 8.5987579126594049e-03 0.0000000000000000e+00
1.6651123881148630e-02 6.7401305110109441e-03 0.0000000000000000e+00
1.8825172536104110e-02 9.2182645377861111e-03 0.0000000000000000e+00
1.9626898535405359e-02 7.7154851142854034e-03 0.0000000000000000e+00
1.6838666566608301e-02 7.8332546715990051e-03 0.0000000000000000e+00
1.7810504538607240e-02 6.3827974220269377e-03 0.0000000000000000e+00
1.6262294415377989e-02 7.2902959635190454e-03 0.0000000000000000e+00
1.7466478112603490e-02 6.7877405664413578e-03 0.0000000000000000e+00
1.8159005700397159e-02 6.7584684802159322e-03 0.0000000000000000e+00
1.8525531050327539e-02 6.7466544510646591e-03 0.0000000000000000e+00
1.9284640395584789e-02 7.3335093769859921e-03 0.0000000000000000e+00
1.9171189741446160e-02 7.0208154637968782e-03 0.0000000000000000e+00
1.9186607752222608e-02 6.7552299642951409e-03 0.0000000000000000e+00
1.9522233192539540e-02 8.0078808766796891e-03 0.0000000000000000e+00
1.9215636771743771e-02 7.7645310056909016e-03 0.0000000000000000e+00
1.8145040570901921e-02 7.1205564808724002e-03 0.0000000000000000e+00
1.6795324639832510e-02 7.2694280849537243e-03 0.0000000000000000e+00
1.7412037972971649e-02 7.8376157413433557e-03 0.0000000000000000e+00
1.8528770621057171e-02 8.9570702516473220e-03 0.0000000000000000e+00
1.7057916500751020e-02 6.8919892929586446e-03 0.0000000000000000e+00
1.7972625489103489e-02 8.4178687042077670e-03 0.0000000000000000e+00
1.9370720277566790e-02 8.2864564611070390e-03 0.0000000000000000e+00
1.9049030439908739e-02 8.9132936977150065e-03 0.0000000000000000e+00
1.7806912930755151e-02 6.7588101120881891e-03 0.0000000000000000e+00
1.6260584249903190e-02 6.7354904019906476e-03 0.0000000000000000e+00
1.8894957731574291e-02 7.3629511005874112e-03 0.0000000000000000e+00
1.8868681139890601e-02 7.0660611125307020e-03 0.0000000000000000e+00
1.8819241427509681e-02 7.6686342163364641e-03 0.0000000000000000e+00
1.8538798560714550e-02 8.4218239304810691e-03 0.0000000000000000e+00
1.8000383641852209e-02 7.9044846809779926e-03 0.0000000000000000e+00
1.7105819543575190e-02 7.5427615005488023e-03 0.0000000000000000e+00
1.7791758637469939e-02 7.1061485320834776e-03 0.0000000000000000e+00
1.8530821115289271e-02 7.4523591236332733e-03 0.0000000000000000e+00
1.7532850826106349e-02 7.0585139573408574e-03 0.0000000000000000e+00
1.9022374857187989e-02 8.1346704769245989e-03 0.0000000000000000e+00
1.8918342033581181e-02 8.4455595970606145e-03 0.0000000000000000e+00
1.8516641366197021e-02 7.0944281227161591e-03 0.0000000000000000e+00
1.8761554401753321e-02 8.7231982890768854e-03 0.0000000000000000e+00
1.7359242551837621e-02 7.2557730571234944e-03 0.0000000000000000e+00
1.6503292802046439e-02 7.0492132149088827e-03 0.0000000000000000e+00
1.8222241336999030e-02 8.1824975389472986e-03 0.0000000000000000e+00
1.8299342539803622e-02 7.7272344211326612e-03 0.0000000000000000e+00
1.8154726615321470e-02 7.4373562295001888e-03 0.0000000000000000e+00
1.7745536153791201e-02 7.5143209622815337e-03 0.0000000000000000e+00
1.8602420584061731e-02 7.9878629716403308e-03 0.0000000000000000e+00
7.4228724094388739e-03 2.1823354522249911e-03 0.0000000000000000e+00
6.7066891273040892e-03 3.8858556039129580e-03 0.0000000000000000e+00
7.6082468235352764e-03 1.5432329703715011e-03 0.0000000000000000e+00
6.3188338878486317e-03 4.4667426305920882e-03 0.0000000000000000e+00
7.0189042633386298e-03 3.2117776435007239e-03 0.0000000000000000e+00
6.2157615623219678e-03 1.3651169862022420e-03 0.0000000000000000e+00
5.4060068026087881e-03 3.4418901868205950e-03 0.0000000000000000e+00
7.3591030872240306e-03 6.6404837588593976e-04 0.0000000000000000e+00
5.1253564588556611e-03 4.3253999288558383e-03 0.0000000000000000e+00
6.0767166979711221e-03 4.7883234666221989e-03 0.0000000000000000e+00
6.5744703181062633e-03 6.3458741638944185e-04 0.0000000000000000e+00
7.7189369332153583e-03 9.1791975370366101e-04 0.0000000000000000e+00
4.8162467615317844e-03 3.5845732242643490e-03 0.0000000000000000e+00
6.2289722302513277e-03 8.4573110683905015e-04 0.0000000000000000e+00
7.7313045411382727e-03 4.0120281809696059e-04 0.0000000000000000e+00
5.8129414920254493e-03 5.1423163489155849e-03 0.0000000000000000e+00
7.6410189908601260e-03 1.2083272348745349e-03 0.0000000000000000e+00
7.4803928062040859e-03 1.8396834465834991e-03 0.0000000000000000e+00
7.2098684111861688e-03 2.8658349380052640e-03 0.0000000000000000e+00
6.8722602004530012e-03 3.6255723504962228e-03 0.0000000000000000e+00
6.4876554296564772e-03 4.1545175634358639e-03 0.0000000000000000e+00
7.2908862186736468e-03 2.4970678337688530e-03 0.0000000000000000e+00
4.5740798683646016e-03 3.9462724639379911e-03 0.0000000000000000e+00
6.0887782194302418e-03 3.9474446365524027e-04 0.0000000000000000e+00
5.6663898685675434e-03 2.1990378214296218e-03 0.0000000000000000e+00
6.8878407577265830e-03 2.7313851764006161e-03 0.0000000000000000e+00
6.6576403656983321e-03 3.3503708772091210e-03 0.0000000000000000e+00
7.0625649312470312e-03 2.0839640175847329e-03 0.0000000000000000e+00
6.2108401055476379e-03 3.9681705111286247e-03 0.0000000000000000e+00
6.0016533016543239e-03 4.2557758474802863e-03 0.0000000000000000e+00
5.7647297708763694e-03 4.5282496580897136e-03 0.0000000000000000e+00
7.2249401913342228e-03 1.2667934067864661e-03 0.0000000000000000e+00
5.6904827225328063e-03 2.5885686774419501e-03 0.0000000000000000e+00
5.4822263709936661e-03 4.8194107134482533e-03 0.0000000000000000e+00
7.1714112807592144e-03 1.7580115749968601e-03 0.0000000000000000e+00
6.1108811502974553e-03 2.5670387168530689e-03 0.0000000000000000e+00
6.7825804153481082e-03 1.6025947317797921e-03 0.0000000000000000e+00
5.6744198844773464e-03 3.9927650426446566e-03 0.0000000000000000e+00
6.4160968281794066e-03 3.6711675980788810e-03 0.0000000000000000e+00
5.7322222823578224e-03 1.3543592996695690e-03 0.0000000000000000e+00
5.0663707868725000e-03 3.1473014945788630e-03 0.0000000000000000e+00
6.9607569585209174e-03 2.4206124068225578e-03 0.0000000000000000e+00
6.7632840237389696e-03 3.0038038740588689e-03 0.0000000000000000e+00
5.5431194391461960e-03 4.2928480591799961e-03 0.0000000000000000e+00
5.9683353784247446e-03 3.7658000297399671e-03 0.0000000000000000e+00
6.2933689088866670e-03 3.1408866131646348e-03 0.0000000000000000e+00
6.0688050703572296e-03 1.7671535222620160e-03 0.0000000000000000e+00
5.5854267426046359e-03 3.1382251194302371e-03 0.0000000000000000e+00
6.5033996481461192e-03 2.7574965971932058e-03 0.0000000000000000e+00
6.7524455024406292e-03 1.9909605255044442e-03 0.0000000000000000e+00
5.2453043846537378e-03 3.8123734990363231e-03 0.0000000000000000e+00
6.5715717436161704e-03 9.5589351172704765e-04 0.0000000000000000e+00
5.7514789218460561e-03 9.7691027362748319e-04 0.0000000000000000e+00
6.2598994785519396e-03 2.3679196013279549e-03 0.0000000000000000e+00
6.1264784017756764e-03 3.4814069181313971e-03 0.0000000000000000e+00
5.7578161590893439e-03 5.1892637154752870e-04 0.0000000000000000e+00
5.6720067612668649e-03 1.7515546191471569e-03 0.0000000000000000e+00
5.3292137932904474e-03 2.7867231366414951e-03 0.0000000000000000e+00
6.6140363660418854e-03 1.2484705226656579e-03 0.0000000000000000e+00
6.8544899283176893e-03 1.0122342405815420e-03 0.0000000000000000e+00
5.9222340358626854e-03 2.9718653933277889e-03 0.0000000000000000e+00
5.7037127164563358e-03 3.5989339502142770e-03 0.0000000000000000e+00
6.4115817628397839e-03 1.7108649250527220e-03 0.0000000000000000e+00
6.9140445482432956e-03 6.2403603471976451e-04 0.0000000000000000e+00
6.5733406163203537e-03 2.3282348799400902e-03 0.0000000000000000e+00
5.8484664292315124e-03 3.3423151771618900e-03 0.0000000000000000e+00
6.4393471382923721e-03 2.0073745419758459e-03 0.0000000000000000e+00
6.1047689501167214e-03 2.1559661077662881e-03 0.0000000000000000e+00
1.6838893488276106e-18 2.7500000000000000e-02 0.0000000000000000e+00
4.8985871965894126e-19 8.0000000000000002e-03 0.0000000000000000e+00
1.6716428808361371e-18 2.7300000000000001e-02 0.0000000000000000e+00
3.2657247977262759e-19 5.3333333333333340e-03 0.0000000000000000e+00
2.4267605801746387e-04 2.7498929221532700e-02 0.0000000000000000e+00
4.8533321768603598e-04 2.7495716969517459e-02 0.0000000000000000e+00
7.2795258212848954e-04 2.7490363494107758e-02 0.0000000000000000e+00
9.7051525741094372e-04 2.7482869212204400e-02 0.0000000000000000e+00
1.2130023540141257e-03 2.7473234707423081e-02 0.0000000000000000e+00
1.4553949883044867e-03 2.7461460730048910e-02 0.0000000000000000e+00
1.6976742840046617e-03 2.7447548196977981e-02 0.0000000000000000e+00
1.9398213736635547e-03 2.7431498191646000e-02 0.0000000000000000e+00
2.1818174001255386e-03 2.7413311963943889e-02 0.0000000000000000e+00
2.4236435179990409e-03 2.7392990930120448e-02 0.0000000000000000e+00
2.6652808951240837e-03 2.7370536672672072e-02 0.0000000000000000e+00
2.9067107140388006e-03 2.7345950940219511e-02 0.0000000000000000e+00
3.1479141734449298e-03 2.7319235647371699e-02 0.0000000000000000e+00
3.3888724896718597e-03 2.7290392874576679e-02 0.0000000000000000e+00
3.6295668981395027e-03 2.7259424867959521e-02 0.0000000000000000e+00
3.8699786548194856e-03 2.7226334039147499e-02 0.0000000000000000e+00
4.1100890376949374e-03 2.7191122965082189e-02 0.0000000000000000e+00
4.3498793482183579e-03 2.7153794387818869e-02 0.0000000000000000e+00
4.5893309127678578e-03 2.7114351214312930e-02 0.0000000000000000e+00
4.8284250841013187e-03 2.7072796516193539e-02 0.0000000000000000e+00
5.0671432428085117e-03 2.7029133529524400e-02 0.0000000000000000e+00
5.3054667987611631e-03 2.6983365654551748e-02 0.0000000000000000e+00
5.5433771925605590e-03 2.6935496455439609e-02 0.0000000000000000e+00
5.7808558969829563e-03 2.6885529659992149e-02 0.0000000000000000e+00
6.0178844184222841e-03 2.6833469159363469e-02 0.0000000000000000e+00
6.2544442983304277e-03 2.6779319007754512e-02 0.0000000000000000e+00
6.4905171146545908e-03 2.6723083422097380e-02 0.0000000000000000e+00
6.7260844832719895e-03 2.6664766781726929e-02 0.0000000000000000e+00
6.9611280594214786e-03 2.6604373628039711e-02 0.0000000000000000e+00
7.1956295391321099e-03 2.6541908664140371e-02 0.0000000000000000e+00
7.4295706606486321e-03 2.6477376754475299e-02 0.0000000000000000e+00
7.6629332058535280e-03 2.6410782924453931e-02 0.0000000000000000e+00
7.8956990016858311e-03 2.6342132360057290e-02 0.0000000000000000e+00
8.1278499215563047e-03 2.6271430407434179e-02 0.0000000000000000e+00
8.3593678867590285e-03 2.6198682572484859e-02 0.0000000000000000e+00
8.5902348678793348e-03 2.6123894520432251e-02 0.0000000000000000e+00
8.8204328861977710e-03 2.6047072075380769e-02 0.0000000000000000e+00
9.0499440150902718e-03 2.5968221219862780e-02 0.0000000000000000e+00
9.2787503814240960e-03 2.5887348094372709e-02 0.0000000000000000e+00
9.5068341669497843e-03 2.5804458996888820e-02 0.0000000000000000e+00
9.7341776096887111e-03 2.5719560382382801e-02 0.0000000000000000e+00
9.9607630053162588e-03 2.5632658862317099e-02 0.0000000000000000e+00
1.0186572708540622e-02 2.5543761204129972e-02 0.0000000000000000e+00
1.0411589134476831e-02 2.5452874330708589e-02 0.0000000000000000e+00
1.0635794760016292e-02 2.5360005319849801e-02 0.0000000000000000e+00
1.0859172125191252e-02 2.5265161403709050e-02 0.0000000000000000e+00
1.1081703834534632e-02 2.5168349968237101e-02 0.0000000000000000e+00
1.1303372558434591e-02 2.5069578552604908e-02 0.0000000000000000e+00
1.1524161034484132e-02 2.4968854848616460e-02 0.0000000000000000e+00
1.1744052068825332e-02 2.4866186700109840e-02 0.0000000000000000e+00
1.1963028537488431e-02 2.4761582102346320e-02 0.0000000000000000e+00
1.2181073387725212e-02 2.4655049201387790e-02 0.0000000000000000e+00
1.2398169639337132e-02 2.4546596293462342e-02 0.0000000000000000e+00
1.2614300385997482e-02 2.4436231824318241e-02 0.0000000000000000e+00
1.2829448796568152e-02 2.4323964388566190e-02 0.0000000000000000e+00
1.3043598116410182e-02 2.4209802729010011e-02 0.0000000000000000e+00
1.3256731668688652e-02 2.4093755735965859e-02 0.0000000000000000e+00
1.3468832855671282e-02 2.3975832446569811e-02 0.0000000000000000e+00
1.3679885160021082e-02 2.3856042044074179e-02 0.0000000000000000e+00
1.3889872146082552e-02 2.3734393857132319e-02 0.0000000000000000e+00
1.4098777461161663e-02 2.3610897359072149e-02 0.0000000000000000e+00
1.4306584836799262e-02 2.3485562167158480e-02 0.0000000000000000e+00
1.4513278090038042e-02 2.3358398041843999e-02 0.0000000000000000e+00
1.4718841124682731e-02 2.3229414886009259e-02 0.0000000000000000e+00
1.4923257932553622e-02 2.3098622744191381e-02 0.0000000000000000e+00
1.5126512594733132e-02 2.2966031801801980e-02 0.0000000000000000e+00
1.5328589282805631e-02 2.2831652384333830e-02 0.0000000000000000e+00
1.5529472260089891e-02 2.2695494956556879e-02 0.0000000000000000e+00
1.5729145882864729e-02 2.2557570121703261e-02 0.0000000000000000e+00
1.5927594601587169e-02 2.2417888620641580e-02 0.0000000000000000e+00
1.6124802962103429e-02 2.2276461331040460e-02 0.0000000000000000e+00
1.6320755606852300e-02 2.2133299266521460e-02 0.0000000000000000e+00
1.6515437276061268e-02 2.1988413575801370e-02 0.0000000000000000e+00
1.6708832808934721e-02 2.1841815541824051e-02 0.0000000000000000e+00
1.6900927144834699e-02 2.1693516580881710e-02 0.0000000000000000e+00
1.7091705324453640e-02 2.1543528241725941e-02 0.0000000000000000e+00
1.7281152490979439e-02 2.1391862204668280e-02 0.0000000000000000e+00
1.7469253891252319e-02 2.1238530280670690e-02 0.0000000000000000e+00
1.7655994876913821e-02 2.1083544410425700e-02 0.0000000000000000e+00
1.7841360905547471e-02 2.0926916663426609e-02 0.0000000000000000e+00
1.8025337541811320e-02 2.0768659237027500e-02 0.0000000000000000e+00
1.8207910458562019e-02 2.0608784455493440e-02 0.0000000000000000e+00
1.8389065437970649e-02 2.0447304769040671e-02 0.0000000000000000e+00
1.8568788372629850e-02 2.0284232752867101e-02 0.0000000000000000e+00
1.8747065266652450e-02 2.0119581106172992e-02 0.0000000000000000e+00
1.8923882236761402e-02 1.9953362651172011e-02 0.0000000000000000e+00
1.9099225513370961e-02 1.9785590332092699e-02 0.0000000000000000e+00
1.9273081441658919e-02 1.9616277214170450e-02 0.0000000000000000e+00
2.1663507740907648e-04 7.9970662897862720e-03 0.0000000000000000e+00
4.3311126868333808e-04 7.9882673108089917e-03 0.0000000000000000e+00
6.4926980421944913e-04 7.9736095164817822e-03 0.0000000000000000e+00
8.6495214739153398e-04 7.9531036572348772e-03 0.0000000000000000e+00
1.0800001108263184e-03 7.9267647726304537e-03 0.0000000000000000e+00
1.2942559724221164e-03 7.8946121803322097e-03 0.0000000000000000e+00
1.5075625910265455e-03 7.8566694619372490e-03 0.0000000000000000e+00
1.7197635216881894e-03 7.8129644456806941e-03 0.0000000000000000e+00
1.9307031303976425e-03 7.7635291860256922e-03 0.0000000000000000e+00
2.1402267082337653e-03 7.7083999401537841e-03 0.0000000000000000e+00
2.3481805848314745e-03 7.6476171413728941e-03 0.0000000000000000e+00
2.5544122410878375e-03 7.5812253694624203e-03 0.0000000000000000e+00
2.7587704210237612e-03 7.5092733179772048e-03 0.0000000000000000e+00
2.9611052427193133e-03 7.4318137585343324e-03 0.0000000000000000e+00
3.1612683082412403e-03 7.3489035021089746e-03 0.0000000000000000e+00
3.3591128124821146e-03 7.2606033573676581e-03 0.0000000000000000e+00
3.5544936508312276e-03 7.1669780860695049e-03 0.0000000000000000e+00
3.7472675255983204e-03 7.0680963555681854e-03 0.0000000000000000e+00
3.9372930511120587e-03 6.9640306884493769e-03 0.0000000000000000e+00
4.1244308574161746e-03 6.8548574093407130e-03 0.0000000000000000e+00
4.3085436924872357e-03 6.7406565889331924e-03 0.0000000000000000e+00
4.4894965228990608e-03 6.6215119852551232e-03 0.0000000000000000e+00
4.6671566328599541e-03 6.4975109822416870e-03 0.0000000000000000e+00
4.8413937215501220e-03 6.3687445256451489e-03 0.0000000000000000e+00
5.0120799986878954e-03 6.2353070563327317e-03 0.0000000000000000e+00
5.1790902782546232e-03 6.0972964410210898e-03 0.0000000000000000e+00
5.3423020703095682e-03 5.9548139004981593e-03 0.0000000000000000e+00
5.5015956708273899e-03 5.8079639353850430e-03 0.0000000000000000e+00
1.6593145062070110e-18 2.7098662363095879e-02 0.0000000000000000e+00
1.6444303766952161e-18 2.6855586081474800e-02 0.0000000000000000e+00
1.6236394588186421e-18 2.6516044625259839e-02 0.0000000000000000e+00
1.5995165113185334e-18 2.6122086995731000e-02 0.0000000000000000e+00
1.5753935158476723e-18 2.5728128582780320e-02 0.0000000000000000e+00
1.5512705203768120e-18 2.5334170169829650e-02 0.0000000000000000e+00
1.5271475249059508e-18 2.4940211756878970e-02 0.0000000000000000e+00
1.5030245294350903e-18 2.4546253343928300e-02 0.0000000000000000e+00
1.4789015339642300e-18 2.4152294930977630e-02 0.0000000000000000e+00
1.4547785384933689e-18 2.3758336518026949e-02 0.0000000000000000e+00
1.4306555430225083e-18 2.3364378105076279e-02 0.0000000000000000e+00
1.4065325475516472e-18 2.2970419692125599e-02 0.0000000000000000e+00
1.3824095520807867e-18 2.2576461279174929e-02 0.0000000000000000e+00
1.3582865566099256e-18 2.2182502866224248e-02 0.0000000000000000e+00
1.3341635611390653e-18 2.1788544453273578e-02 0.0000000000000000e+00
1.3100405656682043e-18 2.1394586040322901e-02 0.0000000000000000e+00
1.2859175701973438e-18 2.1000627627372231e-02 0.0000000000000000e+00
1.2617945747264835e-18 2.0606669214421561e-02 0.0000000000000000e+00
1.2376715792556224e-18 2.0212710801470881e-02 0.0000000000000000e+00
1.2135485837847618e-18 1.9818752388520211e-02 0.0000000000000000e+00
1.1894255883139015e-18 1.9424793975569541e-02 0.0000000000000000e+00
1.1653025928430404e-18 1.9030835562618861e-02 0.0000000000000000e+00
1.1411795973721799e-18 1.8636877149668191e-02 0.0000000000000000e+00
1.1170566019013193e-18 1.8242918736717521e-02 0.0000000000000000e+00
1.0929336064304582e-18 1.7848960323766840e-02 0.0000000000000000e+00
1.0688106109595979e-18 1.7455001910816170e-02 0.0000000000000000e+00
1.0446876154887368e-18 1.7061043497865490e-02 0.0000000000000000e+00
1.0205646200178763e-18 1.6667085084914820e-02 0.0000000000000000e+00
9.9644162454701516e-19 1.6273126671964139e-02 0.0000000000000000e+00
9.7231862907615482e-19 1.5879168259013469e-02 0.0000000000000000e+00
9.4819563360529372e-19 1.5485209846062791e-02 0.0000000000000000e+00
9.2407263813443319e-19 1.5091251433112121e-02 0.0000000000000000e+00
8.9994964266357285e-19 1.4697293020161451e-02 0.0000000000000000e+00
8.7582664719271232e-19 1.4303334607210781e-02 0.0000000000000000e+00
8.5170365172185131e-19 1.3909376194260100e-02 0.0000000000000000e+00
8.2758065625099078e-19 1.3515417781309430e-02 0.0000000000000000e+00
8.0345766078013035e-19 1.3121459368358760e-02 0.0000000000000000e+00
7.7933466530926992e-19 1.2727500955408090e-02 0.0000000000000000e+00
7.5521166983840939e-19 1.2333542542457420e-02 0.0000000000000000e+00
7.3108867436754838e-19 1.1939584129506740e-02 0.0000000000000000e+00
7.0696567889668785e-19 1.1545625716556070e-02 0.0000000000000000e+00
6.8284268342582674e-19 1.1151667303605390e-02 0.0000000000000000e+00
6.5871968795496631e-19 1.0757708890654720e-02 0.0000000000000000e+00
6.3459669248410520e-19 1.0363750477704039e-02 0.0000000000000000e+00
6.1047369701324487e-19 9.9697920647533710e-03 0.0000000000000000e+00
5.8635070154238424e-19 9.5758336518026975e-03 0.0000000000000000e+00
5.6222770607152352e-19 9.1818752388520240e-03 0.0000000000000000e+00
5.3810471060066289e-19 8.7879168259013506e-03 0.0000000000000000e+00
5.1398171512980198e-19 8.3939584129506736e-03 0.0000000000000000e+00
1.0404817174193492e-03 5.2308548288172302e-03 0.0000000000000000e+00
2.0409783059471454e-03 4.9273575067268639e-03 0.0000000000000000e+00
2.9630412427712146e-03 4.4345045989469074e-03 0.0000000000000000e+00
3.6739403974420602e-19 6.0000000000000010e-03 0.0000000000000000e+00
4.0821559971578449e-19 6.6666666666666680e-03 0.0000000000000000e+00
4.4903715968736297e-19 7.3333333333333349e-03 0.0000000000000000e+00
2.0043219610400777e-04 2.7299264219659201e-02 0.0000000000000000e+00
4.0080029408739727e-04 2.7297057700863280e-02 0.0000000000000000e+00
6.0115411754521327e-04 2.7293380401243059e-02 0.0000000000000000e+00
8.0147621544397708e-04 2.7288232553173499e-02 0.0000000000000000e+00
1.0017472309246087e-03 2.7281614733833750e-02 0.0000000000000000e+00
1.2019711287353757e-03 2.7273526823747729e-02 0.0000000000000000e+00
1.4021315795074278e-03 2.7263969392473799e-02 0.0000000000000000e+00
1.6022084833584387e-03 2.7252943473611329e-02 0.0000000000000000e+00
1.8022053341037927e-03 2.7240448893763258e-02 0.0000000000000000e+00
2.0021070464797176e-03 2.7226486504402962e-02 0.0000000000000000e+00
2.2018929036505138e-03 2.7211057819218520e-02 0.0000000000000000e+00
2.4015656946686599e-03 2.7194162649623741e-02 0.0000000000000000e+00
2.6011117030105236e-03 2.7175802065596180e-02 0.0000000000000000e+00
2.8005097182449389e-03 2.7155978076991001e-02 0.0000000000000000e+00
2.9997615955769047e-03 2.7134690533884891e-02 0.0000000000000000e+00
3.1988551062774708e-03 2.7111940653686939e-02 0.0000000000000000e+00
3.3977686720074165e-03 2.7087730950589511e-02 0.0000000000000000e+00
3.5965029861993727e-03 2.7062061382501130e-02 0.0000000000000000e+00
3.7950474256571599e-03 2.7034933235297862e-02 0.0000000000000000e+00
3.9933801691733450e-03 2.7006349527924970e-02 0.0000000000000000e+00
4.1915005212819021e-03 2.6976310410804769e-02 0.0000000000000000e+00
4.3893995826724420e-03 2.6944817151052170e-02 0.0000000000000000e+00
4.5870554120244472e-03 2.6911873265289751e-02 0.0000000000000000e+00
4.7844657012752149e-03 2.6877479196407560e-02 0.0000000000000000e+00
4.9816233905649529e-03 2.6841636097573791e-02 0.0000000000000000e+00
5.1785065398503400e-03 2.6804347968505549e-02 0.0000000000000000e+00
5.3751110119237364e-03 2.6765615659078281e-02 0.0000000000000000e+00
5.5714316950786179e-03 2.6725440106143691e-02 0.0000000000000000e+00
5.7674467389015691e-03 2.6683825777311879e-02 0.0000000000000000e+00
5.9631500635088514e-03 2.6640774037555191e-02 0.0000000000000000e+00
6.1585385128591344e-03 2.6596285518576290e-02 0.0000000000000000e+00
6.3535903651887431e-03 2.6550365147609192e-02 0.0000000000000000e+00
6.5482977301183545e-03 2.6503014863175980e-02 0.0000000000000000e+00
6.7426591707371916e-03 2.6454234959780519e-02 0.0000000000000000e+00
6.9366532089976361e-03 2.6404030795658881e-02 0.0000000000000000e+00
7.1302702880137441e-03 2.6352404930477760e-02 0.0000000000000000e+00
7.3235104432259343e-03 2.6299357307507740e-02 0.0000000000000000e+00
7.5163525592595939e-03 2.6244893678674181e-02 0.0000000000000000e+00
7.7087855527323721e-03 2.6189017264914401e-02 0.0000000000000000e+00
7.9008106899649197e-03 2.6131727658946249e-02 0.0000000000000000e+00
8.0924073343775962e-03 2.6073030961790991e-02 0.0000000000000000e+00
8.2835630156484832e-03 2.6012931087552989e-02 0.0000000000000000e+00
8.4742799927789245e-03 2.5951427294158350e-02 0.0000000000000000e+00
8.6645382195392022e-03 2.5888525980483020e-02 0.0000000000000000e+00
8.8543239806690797e-03 2.5824231776479790e-02 0.0000000000000000e+00
9.0436402904046660e-03 2.5758543636971588e-02 0.0000000000000000e+00
9.2324678047130109e-03 2.5691468199286270e-02 0.0000000000000000e+00
9.4207917002736199e-03 2.5623010825038799e-02 0.0000000000000000e+00
9.6086155148336731e-03 2.5553170212091060e-02 0.0000000000000000e+00
9.7959207156783981e-03 2.5481953169491200e-02 0.0000000000000000e+00
9.9826915066176716e-03 2.5409365798533881e-02 0.0000000000000000e+00
1.0168931723312772e-02 2.5335406600380490e-02 0.0000000000000000e+00
1.0354623748579142e-02 2.5260082482552609e-02 0.0000000000000000e+00
1.0539750947488801e-02 2.5183400286000079e-02 0.0000000000000000e+00
1.0724317232269891e-02 2.5105358390224961e-02 0.0000000000000000e+00
1.0908306002970042e-02 2.5025963720615590e-02 0.0000000000000000e+00
1.1091699918003201e-02 2.4945223850047289e-02 0.0000000000000000e+00
1.1274502749430421e-02 2.4863137126136879e-02 0.0000000000000000e+00
1.1456699013391742e-02 2.4779710404210720e-02 0.0000000000000000e+00
1.1638270790554711e-02 2.4694951974152959e-02 0.0000000000000000e+00
1.1819221503235092e-02 2.4608860255149270e-02 0.0000000000000000e+00
1.1999536878528111e-02 2.4521441937635800e-02 0.0000000000000000e+00
1.2179198544837382e-02 2.4432706006609892e-02 0.0000000000000000e+00
1.2358209372601472e-02 2.4342651069736539e-02 0.0000000000000000e+00
1.2536556389795851e-02 2.4251283551298249e-02 0.0000000000000000e+00
1.2714220896906991e-02 2.4158613101431421e-02 0.0000000000000000e+00
1.2891205016015532e-02 2.4064638647506350e-02 0.0000000000000000e+00
1.3067497161582531e-02 2.3969366239682530e-02 0.0000000000000000e+00
1.3243078427269041e-02 2.3872806156151841e-02 0.0000000000000000e+00
1.3417949996491051e-02 2.3774957789482319e-02 0.0000000000000000e+00
1.3592101754567062e-02 2.3675826699262170e-02 0.0000000000000000e+00
1.3765514703447081e-02 2.3575423749090541e-02 0.0000000000000000e+00
1.3938188908305001e-02 2.3473748954021031e-02 0.0000000000000000e+00
1.4110115801444311e-02 2.3370807261834829e-02 0.0000000000000000e+00
1.4281276406746842e-02 2.3266610070959981e-02 0.0000000000000000e+00
1.4451669499917563e-02 2.3161158189200139e-02 0.0000000000000000e+00
1.4621288130873612e-02 2.3054455825153950e-02 0.0000000000000000e+00
1.4790113455927992e-02 2.2946514854347230e-02 0.0000000000000000e+00
1.4958142796741292e-02 2.2837337061756929e-02 0.0000000000000000e+00
1.5125370889005242e-02 2.2726925781328920e-02 0.0000000000000000e+00
1.5291779123066992e-02 2.2615293304561249e-02 0.0000000000000000e+00
1.5457363221949981e-02 2.2502442583522089e-02 0.0000000000000000e+00
1.5622119659253912e-02 2.2388375942706349e-02 0.0000000000000000e+00
1.5786030092798331e-02 2.2273106067840331e-02 0.0000000000000000e+00
1.5949088715095421e-02 2.2156637135585720e-02 0.0000000000000000e+00
1.6111293580927881e-02 2.2038970464818720e-02 0.0000000000000000e+00
1.6272626688811478e-02 2.1920119083768230e-02 0.0000000000000000e+00
1.6433080849997939e-02 2.1800088389211429e-02 0.0000000000000000e+00
1.6592655466353901e-02 2.1678878766552400e-02 0.0000000000000000e+00
1.6751332973238900e-02 2.1556503510998231e-02 0.0000000000000000e+00
1.6909104949667231e-02 2.1432969225031309e-02 0.0000000000000000e+00
1.7065971915733020e-02 2.1308275448083829e-02 0.0000000000000000e+00
1.7221916835443739e-02 2.1182435660543380e-02 0.0000000000000000e+00
1.7376930200944031e-02 2.1055457648588859e-02 0.0000000000000000e+00
1.7531013430073690e-02 2.0927340206404060e-02 0.0000000000000000e+00
1.7684150103610841e-02 2.0798096910846449e-02 0.0000000000000000e+00
1.7836329765920169e-02 2.0667736704374530e-02 0.0000000000000000e+00
1.7987554522510212e-02 2.0536257748180960e-02 0.0000000000000000e+00
1.8137808654026859e-02 2.0403673620941601e-02 0.0000000000000000e+00
1.8287080891495180e-02 2.0269994387466218e-02 0.0000000000000000e+00
1.8435373828025979e-02 2.0135217699864452e-02 0.0000000000000000e+00
1.8582672519991052e-02 1.9999357040034301e-02 0.0000000000000000e+00
1.8728965018044309e-02 1.9862423551844640e-02 0.0000000000000000e+00
1.8874254210168539e-02 1.9724414516277419e-02 0.0000000000000000e+00
1.9018526000870142e-02 1.9585343212571649e-02 0.0000000000000000e+00
1.9161767886091061e-02 1.9445221816157550e-02 0.0000000000000000e+00
1.0271930214358611e-02 2.5061255162910159e-02 0.0000000000000000e+00
3.9773178816402923e-04 1.8240045573859841e-02 0.0000000000000000e+00
8.3994497933441974e-03 2.5746905174665120e-02 0.0000000000000000e+00
1.2620551757408010e-02 1.3182765776833080e-02 0.0000000000000000e+00
1.1892838482483042e-02 2.4358657553579560e-02 0.0000000000000000e+00
3.9769459555991110e-04 1.5880971293919341e-02 0.0000000000000000e+00
1.0390302226948450e-02 1.0952729858469420e-02 0.0000000000000000e+00
1.4570831659820501e-02 1.5133066268666848e-02 0.0000000000000000e+00
3.9756289483777307e-04 1.3910219754631950e-02 0.0000000000000000e+00
3.9753464797104851e-04 2.0999390487498340e-02 0.0000000000000000e+00
1.3294581523337831e-02 2.3590667472270680e-02 0.0000000000000000e+00
6.7074038773759365e-03 2.6259328080951359e-02 0.0000000000000000e+00
1.4636233511302601e-02 2.2772277834267631e-02 0.0000000000000000e+00
8.9972288005988645e-03 9.5596673836348296e-03 0.0000000000000000e+00
5.3166756073299085e-03 2.6548772421063811e-02 0.0000000000000000e+00
3.3709575682348944e-03 7.5184452242404668e-03 0.0000000000000000e+00
1.5684236982778370e-02 1.6246780250671260e-02 0.0000000000000000e+00
1.5954690075233868e-02 2.1874623511341180e-02 0.0000000000000000e+00
3.9769325527076103e-04 2.3364206952229741e-02 0.0000000000000000e+00
4.1429479316372076e-03 2.6756418089308971e-02 0.0000000000000000e+00
2.9692645700538918e-03 2.6913439821136260e-02 0.0000000000000000e+00
1.7077250441651159e-02 1.7639434644897381e-02 0.0000000000000000e+00
3.9776548099173278e-04 1.1936183988428569e-02 0.0000000000000000e+00
2.2779105521156064e-03 7.9192960025362309e-03 0.0000000000000000e+00
1.6929942432425418e-02 2.1155556994236161e-02 0.0000000000000000e+00
1.7814577444502031e-02 2.0397985373110560e-02 0.0000000000000000e+00
7.8852392823812682e-03 8.4474803780547215e-03 0.0000000000000000e+00
3.9580345089878008e-04 2.5336705947413728e-02 0.0000000000000000e+00
4.2901781129968076e-03 7.0990765552872009e-03 0.0000000000000000e+00
1.9722131401327279e-03 2.7007201113769731e-02 0.0000000000000000e+00
1.3854394392667838e-03 2.7051314984298150e-02 0.0000000000000000e+00
1.4690229690866345e-03 8.1102117510212738e-03 0.0000000000000000e+00
3.9787740039047103e-04 1.0365617952122919e-02 0.0000000000000000e+00
7.0503061234028349e-03 7.6123349741949800e-03 0.0000000000000000e+00
1.8196383754236770e-02 1.8748483486462710e-02 0.0000000000000000e+00
5.0109520879970731e-03 6.5487379400888043e-03 0.0000000000000000e+00
9.1243375593544045e-03 2.5501104483357601e-02 0.0000000000000000e+00
3.3580006802647565e-04 2.6505259195286669e-02 0.0000000000000000e+00
1.8419614767039891e-02 1.9838251514109870e-02 0.0000000000000000e+00
1.3735573534573801e-02 1.4298049495043860e-02 0.0000000000000000e+00
3.9743556539875827e-04 1.9817928758701881e-02 0.0000000000000000e+00
1.1784912824026970e-02 1.2346876025715849e-02 0.0000000000000000e+00
6.1050295093336392e-03 2.6397585880235479e-02 0.0000000000000000e+00
1.2775732505500641e-02 2.3883694285768111e-02 0.0000000000000000e+00
1.0816039248703332e-02 2.4864319166734140e-02 0.0000000000000000e+00
1.5165955621421652e-02 2.2432844128929590e-02 0.0000000000000000e+00
1.8818937391416060e-02 1.9159167455308469e-02 0.0000000000000000e+00
3.9854265194822077e-04 9.5878143380559513e-03 0.0000000000000000e+00
6.4987664086255106e-03 7.0575069601126628e-03 0.0000000000000000e+00
7.5073133719644853e-04 8.2065272158610546e-03 0.0000000000000000e+00
8.0044123578703805e-04 2.7087031485383720e-02 0.0000000000000000e+00
3.9752042206113772e-04 2.4547279797531581e-02 0.0000000000000000e+00
3.9744128867538292e-04 2.2576956601090430e-02 0.0000000000000000e+00
3.9754921570542203e-04 1.5093474514496811e-02 0.0000000000000000e+00
9.8325862576736783e-03 1.0394873211725320e-02 0.0000000000000000e+00
3.9773639584196797e-04 1.7452324162752969e-02 0.0000000000000000e+00
1.7553082556481341e-02 2.0667882973995692e-02 0.0000000000000000e+00
2.5743097056839148e-03 2.6953703994255059e-02 0.0000000000000000e+00
3.3493320649206977e-03 2.6892436193281591e-02 0.0000000000000000e+00
1.6594708020325082e-02 2.1397113301883940e-02 0.0000000000000000e+00
4.5339229580741887e-03 2.6727611976520731e-02 0.0000000000000000e+00
1.5631336434176649e-02 2.2118937090201751e-02 0.0000000000000000e+00
1.1528933790779832e-02 2.4508319248204510e-02 0.0000000000000000e+00
1.2246472823767101e-02 2.4155988685965201e-02 0.0000000000000000e+00
9.9029093050275064e-03 2.5225530989816350e-02 0.0000000000000000e+00
5.4712970143021766e-03 6.1301171061577137e-03 0.0000000000000000e+00
2.6220284709490764e-03 7.8470580901896028e-03 0.0000000000000000e+00
2.2707307746304235e-04 2.7084358997309380e-02 0.0000000000000000e+00
1.8874176433788529e-02 1.9454799995131080e-02 0.0000000000000000e+00
1.3178054169476429e-02 1.3740522751381070e-02 0.0000000000000000e+00
1.7635296861174810e-02 1.8196012599394271e-02 0.0000000000000000e+00
1.5127763093055161e-02 1.5690234552851162e-02 0.0000000000000000e+00
3.9772661387043056e-04 1.6666913615277081e-02 0.0000000000000000e+00
3.9778583089469962e-04 1.1150391683028000e-02 0.0000000000000000e+00
1.1506228715418371e-02 1.2068110483921840e-02 0.0000000000000000e+00
1.1227298086900031e-02 1.1789230535131820e-02 0.0000000000000000e+00
3.9743032365662157e-04 1.9424024733341840e-02 0.0000000000000000e+00
3.9755512940185572e-04 1.9029654337655709e-02 0.0000000000000000e+00
8.4417788143630774e-03 9.0042250232047621e-03 0.0000000000000000e+00
6.2305877629113210e-03 6.7866978311510000e-03 0.0000000000000000e+00
1.4292454039919801e-02 1.4854767774678179e-02 0.0000000000000000e+00
3.9775048625736818e-04 1.2724480102105480e-02 0.0000000000000000e+00
3.9740873631693334e-04 2.2182786161464279e-02 0.0000000000000000e+00
3.9750041137061976e-04 2.1788173760722521e-02 0.0000000000000000e+00
1.0948155197724910e-02 1.1510317041432089e-02 0.0000000000000000e+00
3.9763701418748788e-04 2.4152526376565720e-02 0.0000000000000000e+00
4.0231793473030256e-04 9.2168423316768989e-03 0.0000000000000000e+00
9.5536030896736322e-03 1.0115943757956540e-02 0.0000000000000000e+00
1.6240607068189649e-02 1.6803128974537510e-02 0.0000000000000000e+00
1.6798094353585199e-02 1.7360439986440299e-02 0.0000000000000000e+00
7.6067852672788028e-03 8.1690927017418410e-03 0.0000000000000000e+00
3.9758965814351745e-04 1.4699368240942860e-02 0.0000000000000000e+00
3.9765091486251933e-04 1.3514966381887421e-02 0.0000000000000000e+00
3.9758984049697823e-04 2.0605553122693371e-02 0.0000000000000000e+00
1.2341873332464981e-02 1.2904088282080190e-02 0.0000000000000000e+00
1.8121385228450679e-02 2.0116769778183979e-02 0.0000000000000000e+00
1.7262873014271152e-02 2.0896938658944309e-02 0.0000000000000000e+00
9.5118105732481372e-03 2.5345522332247770e-02 0.0000000000000000e+00
1.1151274392969802e-02 2.4679167927958951e-02 0.0000000000000000e+00
1.6301030210808840e-02 2.1653795128574880e-02 0.0000000000000000e+00
3.7592851200135458e-03 2.6833206673146742e-02 0.0000000000000000e+00
4.9636192215017170e-03 2.6642250468718921e-02 0.0000000000000000e+00
1.4301114074286872e-02 2.3004732379411690e-02 0.0000000000000000e+00
1.3996865280614772e-02 2.3215932121195691e-02 0.0000000000000000e+00
2.1784010607940728e-03 2.6988722214485481e-02 0.0000000000000000e+00
9.9167594203241390e-04 2.7095410744541280e-02 0.0000000000000000e+00
1.7836509486805277e-03 2.7042898235951442e-02 0.0000000000000000e+00
6.5034620578942786e-03 2.6280687199937570e-02 0.0000000000000000e+00
8.7825475520716175e-03 2.5653539786152431e-02 0.0000000000000000e+00
1.8733834319259700e-02 1.9585095805573459e-02 0.0000000000000000e+00
1.2952976998784753e-02 2.3785586888835829e-02 0.0000000000000000e+00
8.0153350130892573e-03 2.5868355222257101e-02 0.0000000000000000e+00
7.4412885023470510e-03 2.6044544703570000e-02 0.0000000000000000e+00
1.2617921808986092e-02 2.3989451752117551e-02 0.0000000000000000e+00
1.3642236718201032e-02 2.3388074960128648e-02 0.0000000000000000e+00
5.6994178595147485e-03 2.6493785082695360e-02 0.0000000000000000e+00
6.9060352039446186e-03 2.6216501320193372e-02 0.0000000000000000e+00
1.0654738043488461e-02 2.4932477842378099e-02 0.0000000000000000e+00
7.6356272331856833e-03 2.5984353019471940e-02 0.0000000000000000e+00
1.5336129384866002e-02 2.2345749279122570e-02 0.0000000000000000e+00
7.2658000897478413e-03 2.6116576475663279e-02 0.0000000000000000e+00
1.4986258972715421e-02 2.2541752401072951e-02 0.0000000000000000e+00
1.8998210768572499e-02 1.9306682240118351e-02 0.0000000000000000e+00
3.7355978628035130e-04 2.6127683321953699e-02 0.0000000000000000e+00
6.1052670041702474e-04 2.7110031635087649e-02 0.0000000000000000e+00
4.3248577717680764e-04 8.8990614656041904e-03 0.0000000000000000e+00
3.5777377569589557e-04 8.2605624949937204e-03 0.0000000000000000e+00
1.8780351644595674e-03 8.0210488719758694e-03 0.0000000000000000e+00
3.6986650466240773e-03 7.4113680697761187e-03 0.0000000000000000e+00
2.8587858967430045e-03 7.7344290880085667e-03 0.0000000000000000e+00
3.9832466467306597e-03 7.2318288688987750e-03 0.0000000000000000e+00
4.5407273077018792e-03 6.9379516463037756e-03 0.0000000000000000e+00
5.2393006551006167e-03 6.3398878733537892e-03 0.0000000000000000e+00
4.7427325109859787e-03 6.7198544732238151e-03 0.0000000000000000e+00
1.1136652827846484e-03 8.2008313254173636e-03 0.0000000000000000e+00
3.0964161328063044e-03 7.6367837954956063e-03 0.0000000000000000e+00
5.9664239415899416e-03 6.5275111217192507e-03 0.0000000000000000e+00
1.0778337855959651e-02 2.4620889341962361e-02 0.0000000000000000e+00
1.2340701062730761e-02 1.3466035806671909e-02 0.0000000000000000e+00
1.2655764336838652e-02 2.3693537952625288e-02 0.0000000000000000e+00
7.9553760665900528e-04 1.9423547405429821e-02 0.0000000000000000e+00
7.3599112823730089e-03 2.5833768819766401e-02 0.0000000000000000e+00
7.9572869068888108e-04 1.5095487119686070e-02 0.0000000000000000e+00
9.2712430282925837e-03 1.0396687692593120e-02 0.0000000000000000e+00
1.4291459529766612e-02 1.5416820521838218e-02 0.0000000000000000e+00
1.4852253354468492e-02 2.2356052132357630e-02 0.0000000000000000e+00
7.9549018594400579e-04 2.2183608122214440e-02 0.0000000000000000e+00
7.6055073121372415e-03 8.7308882394075502e-03 0.0000000000000000e+00
1.6796764538879381e-02 1.7921842501633211e-02 0.0000000000000000e+00
7.9555807208191490e-04 2.4548327951281469e-02 0.0000000000000000e+00
1.9458371267321538e-03 2.6754191069270600e-02 0.0000000000000000e+00
3.5146359931154036e-03 7.8522354685073049e-03 0.0000000000000000e+00
1.0946592142164389e-02 1.2071414702018890e-02 0.0000000000000000e+00
1.9762798484511514e-03 8.3853782595759378e-03 0.0000000000000000e+00
4.7792144933399535e-03 7.1907386476432779e-03 0.0000000000000000e+00
7.9577489338085537e-04 1.3910227675311280e-02 0.0000000000000000e+00
7.9800823049709527e-04 9.6030840534307195e-03 0.0000000000000000e+00
5.9630800580353551e-03 7.0597759529310890e-03 0.0000000000000000e+00
7.0678070276105557e-04 2.6564056254600919e-02 0.0000000000000000e+00
1.8645621924469429e-02 1.9366386294124752e-02 0.0000000000000000e+00
5.4680757533532749e-03 6.5837263873412526e-03 0.0000000000000000e+00
3.1120493235727736e-03 7.9663265518478358e-03 0.0000000000000000e+00
5.3782436664014447e-04 2.6894297761532081e-02 0.0000000000000000e+00
8.0691413072312812e-04 2.6868885993298151e-02 0.0000000000000000e+00
2.7709464987570384e-04 2.6830090678397530e-02 0.0000000000000000e+00
2.3726323438648424e-03 8.2762231033260188e-03 0.0000000000000000e+00
8.0026195750596831e-04 9.2398422288529972e-03 0.0000000000000000e+00
1.1602511022687874e-03 8.5276654882053340e-03 0.0000000000000000e+00
7.3283545353328315e-03 7.8907034948178696e-03 0.0000000000000000e+00
1.7356209510755050e-02 1.7918146874878860e-02 0.0000000000000000e+00
1.3456866588878879e-02 1.4019444099345069e-02 0.0000000000000000e+00
1.4849275044990272e-02 1.5411756738101369e-02 0.0000000000000000e+00
3.9777087641422725e-04 1.6274269966103139e-02 0.0000000000000000e+00
3.9786730000344607e-04 1.0757948694820401e-02 0.0000000000000000e+00
1.4014083789893871e-02 1.4576563613510250e-02 0.0000000000000000e+00
1.5962374607429521e-02 1.6525001775071092e-02 0.0000000000000000e+00
3.9725345623915233e-04 2.4941978932647341e-02 0.0000000000000000e+00
3.9774465611660284e-04 2.3758154775748230e-02 0.0000000000000000e+00
3.9766772899481990e-04 2.2970757943245001e-02 0.0000000000000000e+00
3.9772242316726852e-04 1.8634883180898149e-02 0.0000000000000000e+00
1.0669044149513911e-02 1.1231463656400960e-02 0.0000000000000000e+00
3.9778078156814406e-04 1.7059613087581370e-02 0.0000000000000000e+00
1.5406122040939472e-02 1.5968719077123689e-02 0.0000000000000000e+00
8.1635074636541832e-03 8.7259854812780212e-03 0.0000000000000000e+00
1.2899242295234630e-02 1.3461719894974361e-02 0.0000000000000000e+00
3.9779989013944669e-04 1.7845881205625441e-02 0.0000000000000000e+00
3.9771165744617685e-04 1.5487413676901950e-02 0.0000000000000000e+00
3.9783269245495252e-04 1.1543107900073320e-02 0.0000000000000000e+00
3.9821980833215268e-04 9.9758033190001233e-03 0.0000000000000000e+00
8.7195808741670298e-03 9.2821165885849412e-03 0.0000000000000000e+00
3.9766937468028578e-04 1.4304880305190190e-02 0.0000000000000000e+00
3.9760636104070298e-04 2.1393627399953839e-02 0.0000000000000000e+00
3.9761440958558996e-04 2.0211753453873670e-02 0.0000000000000000e+00
3.9782036817001965e-04 1.2329958385643280e-02 0.0000000000000000e+00
1.0111399692804361e-02 1.0673879712550460e-02 0.0000000000000000e+00
9.2750942985081932e-03 9.8375900220428678e-03 0.0000000000000000e+00
3.9776883702763351e-04 1.3119622549744180e-02 0.0000000000000000e+00
1.2063299929744699e-02 1.2625515487221911e-02 0.0000000000000000e+00
6.7730837103149658e-03 7.3339683789521090e-03 0.0000000000000000e+00
1.6519125827489101e-02 1.7081655612044860e-02 0.0000000000000000e+00
3.8947977872601995e-04 2.5732816624837292e-02 0.0000000000000000e+00
1.7915068670071230e-02 1.8472336059913150e-02 0.0000000000000000e+00
1.1504521707286551e-02 1.2629479706296831e-02 0.0000000000000000e+00
1.0467429022995441e-02 2.5003201963660581e-02 0.0000000000000000e+00
9.3162664721946221e-03 2.5421474993485332e-02 0.0000000000000000e+00
1.1341393382865442e-02 2.4585852914713550e-02 0.0000000000000000e+00
1.2439393797229262e-02 2.4078809446012692e-02 0.0000000000000000e+00
8.2063739457576886e-03 2.5807531763580610e-02 0.0000000000000000e+00
1.3465930969894312e-02 2.3488008233949541e-02 0.0000000000000000e+00
7.0773699137238804e-03 2.6172089948810751e-02 0.0000000000000000e+00
1.4468388881593892e-02 2.2889555141328181e-02 0.0000000000000000e+00
5.8847337185922565e-03 2.6405436931241890e-02 0.0000000000000000e+00
1.1873211692043407e-03 2.7082677154640630e-02 0.0000000000000000e+00
1.8269884777036640e-02 1.9979704147764499e-02 0.0000000000000000e+00
2.3786005753701086e-03 2.6972345917468839e-02 0.0000000000000000e+00
1.7400613625791869e-02 2.0772982749138639e-02 0.0000000000000000e+00
1.6458315242250811e-02 2.1536658979959229e-02 0.0000000000000000e+00
3.5427428734367966e-03 2.6820788217030860e-02 0.0000000000000000e+00
1.5492825154708142e-02 2.2240996548177190e-02 0.0000000000000000e+00
4.7431800621747901e-03 2.6676829163026779e-02 0.0000000000000000e+00
1.7072667031012800e-02 2.0989730530790750e-02 0.0000000000000000e+00
1.7966852635098490e-02 2.0253791905123070e-02 0.0000000000000000e+00
2.7717853988840318e-03 2.6932717493585091e-02 0.0000000000000000e+00
1.5866807996368698e-03 2.7056639934913581e-02 0.0000000000000000e+00
1.6124639287444269e-02 2.1748998553174671e-02 0.0000000000000000e+00
3.9402995517370957e-03 2.6787888393309079e-02 0.0000000000000000e+00
5.1210228021997400e-03 2.6592215879467699e-02 0.0000000000000000e+00
1.8577313066964429e-02 1.9696458406164009e-02 0.0000000000000000e+00
1.4157023969570052e-02 2.3119981563630591e-02 0.0000000000000000e+00
6.2871610389538960e-03 2.6332433543072641e-02 0.0000000000000000e+00
1.7692828741736871e-02 2.0541709660830191e-02 0.0000000000000000e+00
1.3124889843873262e-02 2.3690249036569480e-02 0.0000000000000000e+00
8.5973540242316338e-03 2.5690354931011919e-02 0.0000000000000000e+00
1.2072130447828042e-02 2.4266185452898721e-02 0.0000000000000000e+00
1.0989277639397221e-02 2.4782361832821051e-02 0.0000000000000000e+00
9.7112453901244972e-03 2.5270934097884050e-02 0.0000000000000000e+00
3.1669523119998056e-03 2.6897726671343509e-02 0.0000000000000000e+00
1.6764450582244770e-02 2.1260531313131749e-02 0.0000000000000000e+00
4.3462190202316021e-03 2.6734633539999612e-02 0.0000000000000000e+00
1.5793096328091449e-02 2.1998283209173890e-02 0.0000000000000000e+00
1.0090725431090542e-02 2.5153467284730929e-02 0.0000000000000000e+00
8.9592968130024538e-03 2.5589426602797279e-02 0.0000000000000000e+00
1.1712144608021632e-02 2.4426435158309730e-02 0.0000000000000000e+00
7.8260591272464007e-03 2.5926764913430551e-02 0.0000000000000000e+00
5.5160121821690028e-03 2.6515145823353750e-02 0.0000000000000000e+00
1.4805983574291881e-02 2.2652865127087651e-02 0.0000000000000000e+00
1.3823616950712091e-02 2.3290894298016080e-02 0.0000000000000000e+00
4.1790518757613606e-03 7.5484854826106101e-03 0.0000000000000000e+00
4.2057713794922680e-04 2.7108257365719649e-02 0.0000000000000000e+00
1.8497574133706372e-02 1.9041768952414450e-02 0.0000000000000000e+00
1.5018737159518621e-02 2.2226738652204269e-02 0.0000000000000000e+00
4.2068166355452953e-04 8.5883122450075705e-03 0.0000000000000000e+00
5.6974838446846752e-03 6.2953872965199748e-03 0.0000000000000000e+00
4.8445638603456954e-03 2.6468510012464370e-02 0.0000000000000000e+00
1.4644436407892201e-02 2.2177825531542440e-02 0.0000000000000000e+00
1.5405010223508772e-02 1.6530851805460569e-02 0.0000000000000000e+00
1.6229205336323240e-02 2.1420138204163209e-02 0.0000000000000000e+00
3.6646592308505078e-03 2.6622179102542758e-02 0.0000000000000000e+00
7.9608348594721069e-04 1.1933112618137350e-02 0.0000000000000000e+00
1.7102891361690169e-02 2.0753583360557930e-02 0.0000000000000000e+00
3.2731922317021955e-03 8.3578636293868969e-03 0.0000000000000000e+00
7.9595452043790716e-04 1.7451631922858611e-02 0.0000000000000000e+00
5.9829362447120695e-03 2.6195906457203579e-02 0.0000000000000000e+00
1.7613357668670459e-02 2.0245091110582071e-02 0.0000000000000000e+00
1.1843209260790001e-02 2.4106139745599709e-02 0.0000000000000000e+00
9.9001135782579401e-03 2.4959058830522109e-02 0.0000000000000000e+00
8.7800470426551182e-03 2.5429120020428232e-02 0.0000000000000000e+00
1.3930642231650612e-02 2.2986077864744901e-02 0.0000000000000000e+00
2.0978893087661024e-03 8.7591785002095399e-03 0.0000000000000000e+00
7.9258516800430833e-04 2.5340148655527851e-02 0.0000000000000000e+00
1.7356925935592030e-02 1.8477386792221911e-02 0.0000000000000000e+00
2.9401614928831806e-03 2.6693474055007750e-02 0.0000000000000000e+00
1.5467930776123563e-02 2.1960650189519201e-02 0.0000000000000000e+00
1.3456953690473651e-02 1.4582695800245319e-02 0.0000000000000000e+00
1.1938808741767057e-03 9.6186837537708594e-03 0.0000000000000000e+00
1.3177289271120902e-02 2.3416974300246661e-02 0.0000000000000000e+00
7.9494771689861340e-03 2.5661246218652810e-02 0.0000000000000000e+00
7.5727939717871041e-04 2.6145776696893861e-02 0.0000000000000000e+00
7.9592996277996688e-04 1.6668770962986600e-02 0.0000000000000000e+00
1.5959781547732688e-02 1.7085601031347718e-02 0.0000000000000000e+00
7.9613074739765736e-04 1.1150644872849891e-02 0.0000000000000000e+00
1.1782906450329219e-02 1.2908113996078510e-02 0.0000000000000000e+00
7.9577707974267786e-04 1.4700708902540801e-02 0.0000000000000000e+00
1.4013217770822622e-02 1.5138684126506260e-02 0.0000000000000000e+00
8.1620682709660792e-03 9.2877544738024388e-03 0.0000000000000000e+00
7.9600961230442209e-04 1.8238438147041180e-02 0.0000000000000000e+00
7.9607832970774231e-04 1.2721596606310269e-02 0.0000000000000000e+00
1.4137592464102731e-02 2.2846053531660710e-02 0.0000000000000000e+00
1.7960880444835011e-02 1.9959246051982311e-02 0.0000000000000000e+00
1.8190442550289641e-02 1.9279467185237781e-02 0.0000000000000000e+00
9.4055374625620931e-03 2.5136320493162612e-02 0.0000000000000000e+00
2.5502620249062066e-03 2.6732281623385170e-02 0.0000000000000000e+00
1.1446245797938362e-02 2.4354800418216721e-02 0.0000000000000000e+00
5.2591068408993670e-03 2.6327866580171690e-02 0.0000000000000000e+00
4.0994536286702854e-03 2.6531846536923989e-02 0.0000000000000000e+00
1.6834139353267871e-02 2.0949826015661518e-02 0.0000000000000000e+00
1.2112016693101791e-02 2.3928013912353649e-02 0.0000000000000000e+00
1.0174406409470812e-02 2.4826481106468831e-02 0.0000000000000000e+00
5.1602540372694657e-03 6.9231112687171050e-03 0.0000000000000000e+00
1.8253756617081150e-02 1.9676433141586840e-02 0.0000000000000000e+00
1.3664801544190628e-03 2.6804105460038689e-02 0.0000000000000000e+00
1.5265345679853751e-02 2.2104115307649250e-02 0.0000000000000000e+00
1.5670335891028065e-03 8.4762227132356861e-03 0.0000000000000000e+00
7.9574474290347098e-04 1.9028907246423081e-02 0.0000000000000000e+00
7.9565670187651356e-04 2.1788162241359980e-02 0.0000000000000000e+00
7.9580904162999152e-04 2.4153122915706659e-02 0.0000000000000000e+00
7.9593730609391728e-04 2.3365090213014281e-02 0.0000000000000000e+00
7.9591368966192792e-04 1.3513935553485890e-02 0.0000000000000000e+00
9.5501908139252085e-03 1.0675744410501370e-02 0.0000000000000000e+00
1.0108232514397450e-02 1.1233886147866360e-02 0.0000000000000000e+00
1.2899115222731090e-02 1.4024844163059449e-02 0.0000000000000000e+00
7.9591412207354669e-04 1.5883838129545230e-02 0.0000000000000000e+00
7.9644324579470206e-04 1.0370437981259200e-02 0.0000000000000000e+00
8.7158175368789413e-03 9.8414772317095087e-03 0.0000000000000000e+00
7.3268256926218613e-03 8.4522298287835109e-03 0.0000000000000000e+00
6.7710519197428818e-03 7.8948485173951852e-03 0.0000000000000000e+00
1.0666880622064201e-02 1.1792082094273470e-02 0.0000000000000000e+00
1.6516979074358059e-02 1.7642463849618688e-02 0.0000000000000000e+00
1.1225576488560150e-02 1.2350475904310879e-02 0.0000000000000000e+00
7.9575175348751319e-04 2.0998460313077019e-02 0.0000000000000000e+00
6.2216712233789297e-03 7.3349119650086541e-03 0.0000000000000000e+00
1.4848775990137291e-02 1.5974499082294449e-02 0.0000000000000000e+00
7.9580789143844427e-04 2.0604785351232710e-02 0.0000000000000000e+00
1.2061560725358441e-02 1.3186905080459690e-02 0.0000000000000000e+00
7.9585145367236723e-04 1.4305514509521630e-02 0.0000000000000000e+00
7.9563627218411494e-04 2.2578368072775429e-02 0.0000000000000000e+00
7.9565687109507362e-04 1.9817519829684271e-02 0.0000000000000000e+00
1.4569973447370222e-02 1.5695623657276111e-02 0.0000000000000000e+00
1.7076595641717152e-02 1.8200325645592309e-02 0.0000000000000000e+00
1.2619794078556391e-02 1.3745446489603739e-02 0.0000000000000000e+00
7.8838656404809915e-03 9.0095172983678026e-03 0.0000000000000000e+00
7.9685077087957522e-04 9.9845947483249570e-03 0.0000000000000000e+00
7.9590231299633233e-04 1.5489862334168780e-02 0.0000000000000000e+00
8.9929913509631913e-03 1.0118649108618250e-02 0.0000000000000000e+00
7.9480603121180843e-04 2.4943728395022499e-02 0.0000000000000000e+00
2.7418913387158073e-03 8.1526908544675477e-03 0.0000000000000000e+00
1.4459398981056162e-02 2.2610380855609579e-02 0.0000000000000000e+00
7.7623347171991831e-04 8.5545776054637736e-03 0.0000000000000000e+00
1.0509111809899234e-03 2.6552443855488349e-02 0.0000000000000000e+00
1.0738836648367688e-03 2.6859456580767920e-02 0.0000000000000000e+00
1.7921998855013260e-02 1.9021700050952529e-02 0.0000000000000000e+00
3.8556779220878896e-03 7.7103682226508062e-03 0.0000000000000000e+00
1.7465321483587880e-02 2.0461000921976301e-02 0.0000000000000000e+00
1.5781202630833619e-02 2.1726820921187068e-02 0.0000000000000000e+00
6.4490783107527061e-03 2.6019432706152399e-02 0.0000000000000000e+00
6.7643159874174090e-03 2.5989474052158901e-02 0.0000000000000000e+00
8.3334687081826776e-03 2.5539782505157319e-02 0.0000000000000000e+00
1.3518561288885312e-02 2.3207227096172019e-02 0.0000000000000000e+00
1.2415525212273192e-02 2.3817467200728290e-02 0.0000000000000000e+00
5.6694802099717476e-03 2.6278211222897752e-02 0.0000000000000000e+00
4.5212303490042034e-03 2.6515151532088759e-02 0.0000000000000000e+00
1.0470295328522092e-02 2.4744859193512679e-02 0.0000000000000000e+00
7.1021650737712527e-03 2.5912684974038969e-02 0.0000000000000000e+00
4.4816647882407702e-03 7.3799110183723534e-03 0.0000000000000000e+00
1.1008860815170721e-02 2.4496430946121809e-02 0.0000000000000000e+00
8.9921948182961533e-03 2.5289161284584898e-02 0.0000000000000000e+00
2.1640039171875939e-03 2.6761080369218381e-02 0.0000000000000000e+00
1.6406841173554180e-02 2.1209728616079931e-02 0.0000000000000000e+00
1.6631584091531127e-03 2.6806911339617639e-02 0.0000000000000000e+00
3.3460358873909028e-03 2.6675261896485392e-02 0.0000000000000000e+00
1.8410532855111190e-02 1.9505584817907980e-02 0.0000000000000000e+00
1.2851144796496402e-02 2.3598993434653000e-02 0.0000000000000000e+00
7.5722901191320000e-03 2.5774617661035431e-02 0.0000000000000000e+00
5.7153308262027306e-03 6.8086298160925946e-03 0.0000000000000000e+00
7.9761232542956628e-04 8.8938506096283201e-03 0.0000000000000000e+00
1.4619414749069772e-02 2.2434700620211322e-02 0.0000000000000000e+00
1.2059588085521940e-02 1.3748885557353980e-02 0.0000000000000000e+00
1.1946186057130190e-03 1.5886901703939599e-02 0.0000000000000000e+00
1.0384444749561119e-02 1.2073406543685970e-02 0.0000000000000000e+00
1.1942923131872752e-03 1.9424208557570551e-02 0.0000000000000000e+00
8.8468199756892608e-03 2.5019875129859929e-02 0.0000000000000000e+00
8.9882939979311419e-03 1.0677690223722220e-02 0.0000000000000000e+00
1.1945692318897179e-03 1.3908497901521230e-02 0.0000000000000000e+00
1.4010905768622921e-02 1.5700224862085870e-02 0.0000000000000000e+00
5.7214685262401569e-03 2.5969395862744691e-02 0.0000000000000000e+00
1.1942806341618422e-03 2.2580401080229979e-02 0.0000000000000000e+00
7.3242659130137800e-03 9.0135953384265187e-03 0.0000000000000000e+00
3.4449242479566108e-03 2.6372840318205939e-02 0.0000000000000000e+00
1.6193598186397672e-02 2.0970339966169319e-02 0.0000000000000000e+00
1.6234659428300321e-02 1.7923899532542850e-02 0.0000000000000000e+00
1.1891484252904586e-03 2.5341172886048261e-02 0.0000000000000000e+00
7.3916609711568845e-03 2.5521756334772910e-02 0.0000000000000000e+00
4.3618890007006850e-03 7.8775241257536249e-03 0.0000000000000000e+00
1.0059850677338781e-02 2.4565338159224580e-02 0.0000000000000000e+00
1.7374142999925950e-02 2.0045300357251859e-02 0.0000000000000000e+00
2.2707173159474047e-03 2.6467311849499030e-02 0.0000000000000000e+00
4.8755648460359824e-03 2.6708702289806621e-02 0.0000000000000000e+00
2.8809116452392916e-03 8.5056206203500389e-03 0.0000000000000000e+00
1.4024812714305751e-02 2.2577806511484170e-02 0.0000000000000000e+00
1.2645672617212812e-02 2.3385546538701871e-02 0.0000000000000000e+00
1.1952734278290522e-02 2.3642342710385119e-02 0.0000000000000000e+00
6.6924679679169381e-03 2.5633971068157631e-02 0.0000000000000000e+00
1.1935188458581916e-03 2.4549171431725431e-02 0.0000000000000000e+00
1.1849285179118434e-03 2.6189937906028669e-02 0.0000000000000000e+00
3.6546002251115254e-03 8.2079085099106986e-03 0.0000000000000000e+00
4.9865056149012241e-03 7.4994587953009558e-03 0.0000000000000000e+00
1.0910364950497973e-02 2.4243504865571600e-02 0.0000000000000000e+00
1.6585916021013207e-03 8.8997741494022536e-03 0.0000000000000000e+00
1.6808260250437381e-02 2.0623610042932040e-02 0.0000000000000000e+00
1.7077386150812290e-02 1.8754376956394599e-02 0.0000000000000000e+00
5.5271670686718984e-03 7.0075720212156682e-03 0.0000000000000000e+00
2.4906185079491944e-03 8.6388087208596406e-03 0.0000000000000000e+00
1.1957330738740727e-03 9.2559139692267606e-03 0.0000000000000000e+00
1.4272488391960662e-02 2.2361654372535299e-02 0.0000000000000000e+00
1.0664043937435280e-02 1.2352722967671760e-02 0.0000000000000000e+00
1.1222095366419811e-02 1.2910878115506010e-02 0.0000000000000000e+00
1.6514397363009681e-02 1.8202575096684371e-02 0.0000000000000000e+00
1.6237883344686670e-02 1.7363660172163481e-02 0.0000000000000000e+00
8.4391459167354969e-03 9.5649283420882435e-03 0.0000000000000000e+00
7.9599106907802229e-04 1.6276876953209680e-02 0.0000000000000000e+00
1.0387258315786709e-02 1.1512844599384229e-02 0.0000000000000000e+00
1.3178138367190052e-02 1.4303995689358631e-02 0.0000000000000000e+00
7.9629464775026501e-04 1.0760674577660920e-02 0.0000000000000000e+00
7.9587954509911243e-04 2.2972060784199839e-02 0.0000000000000000e+00
7.9581961412184628e-04 2.0211258730880120e-02 0.0000000000000000e+00
1.7638675104667881e-02 1.8750210647993849e-02 0.0000000000000000e+00
1.1942598109101464e-03 2.2184731388000169e-02 0.0000000000000000e+00
1.1944985716918709e-03 1.5096400047057449e-02 0.0000000000000000e+00
1.7956021777764130e-02 1.9561973914344891e-02 0.0000000000000000e+00
7.9597107765109630e-04 1.8633776127882740e-02 0.0000000000000000e+00
7.9580170127969323e-04 2.1392998141239600e-02 0.0000000000000000e+00
7.9607281132014994e-04 1.3117606826585731e-02 0.0000000000000000e+00
7.8393949918319119e-04 2.5742491543431119e-02 0.0000000000000000e+00
7.9597533727680477e-04 1.7060484677102101e-02 0.0000000000000000e+00
1.5127193266890502e-02 1.6253069084879401e-02 0.0000000000000000e+00
1.5682387844458159e-02 1.6808314971321119e-02 0.0000000000000000e+00
7.9615398195121291e-04 1.1541644356985381e-02 0.0000000000000000e+00
7.0484275978727239e-03 8.1735074226381554e-03 0.0000000000000000e+00
7.9597339323867844e-04 2.3758800538331831e-02 0.0000000000000000e+00
9.8290892884725974e-03 1.0954801149134901e-02 0.0000000000000000e+00
6.4952112363603478e-03 7.6149115172850397e-03 0.0000000000000000e+00
1.1779953582651810e-02 1.3469136319781500e-02 0.0000000000000000e+00
1.1945072470748808e-03 1.4700542601048130e-02 0.0000000000000000e+00
1.3735102134898581e-02 1.4860792767014890e-02 0.0000000000000000e+00
7.8815603512778915e-03 9.5712254522306341e-03 0.0000000000000000e+00
1.4569207197986272e-02 1.6258894254909430e-02 0.0000000000000000e+00
1.2619029251531022e-02 1.4308732033076411e-02 0.0000000000000000e+00
7.9604489422646402e-04 1.7844749221428341e-02 0.0000000000000000e+00
7.9614297152167085e-04 1.2326782474227660e-02 0.0000000000000000e+00
8.4340752962196053e-03 1.0123687799559831e-02 0.0000000000000000e+00
1.1959360424023597e-03 9.9938823106843176e-03 0.0000000000000000e+00
5.6477704208599717e-03 7.3025782223897530e-03 0.0000000000000000e+00
1.3455842506867874e-03 2.6528152028869979e-02 0.0000000000000000e+00
1.1937916971007556e-03 8.8917344791506064e-03 0.0000000000000000e+00
1.0621410892247772e-02 2.4314842287433878e-02 0.0000000000000000e+00
1.9387163523543506e-03 2.6445228182777988e-02 0.0000000000000000e+00
1.4818020864721662e-02 2.1998589334005531e-02 0.0000000000000000e+00
1.5369892765878171e-02 2.1683635388342070e-02 0.0000000000000000e+00
2.3724567944894167e-03 2.6749469214138490e-02 0.0000000000000000e+00
1.7254347622581379e-02 2.0618505812981480e-02 0.0000000000000000e+00
1.5639636548273231e-02 2.1841100570081609e-02 0.0000000000000000e+00
6.1870766355312254e-03 2.6090029168887582e-02 0.0000000000000000e+00
1.6620371533122649e-02 2.1048344408490492e-02 0.0000000000000000e+00
1.1225887764054412e-02 2.4335262094462809e-02 0.0000000000000000e+00
8.1278486447316483e-03 2.5604920177239310e-02 0.0000000000000000e+00
5.4759602709657596e-03 2.6299371318213909e-02 0.0000000000000000e+00
4.3217653786699521e-03 2.6518066023434358e-02 0.0000000000000000e+00
4.5967396874780873e-03 2.6206481747638840e-02 0.0000000000000000e+00
1.3335335659186631e-02 2.3297554741429010e-02 0.0000000000000000e+00
9.2054389530333725e-03 2.5223518634608741e-02 0.0000000000000000e+00
5.0426899919597656e-03 2.6358476974056352e-02 0.0000000000000000e+00
3.8770536724945779e-03 2.6546160979613580e-02 0.0000000000000000e+00
1.7794619834785311e-02 2.0102569878617121e-02 0.0000000000000000e+00
1.5931790250694199e-02 2.1535640747125832e-02 0.0000000000000000e+00
1.3009894799834611e-02 2.3517904936829020e-02 0.0000000000000000e+00
7.7500492650320304e-03 2.5722400879993151e-02 0.0000000000000000e+00
9.6056262284482368e-03 2.5027422693829449e-02 0.0000000000000000e+00
3.1544112218541438e-03 2.6680546227857552e-02 0.0000000000000000e+00
1.4310355282714241e-02 2.2725648130574899e-02 0.0000000000000000e+00
1.8099286066716760e-02 1.9831103818936290e-02 0.0000000000000000e+00
2.7579647094817176e-03 2.6711384406819371e-02 0.0000000000000000e+00
8.5247621391355121e-03 2.5487072411421920e-02 0.0000000000000000e+00
1.1576630868264931e-02 2.4234448019096060e-02 0.0000000000000000e+00
1.3706719496151413e-02 2.3104208969766098e-02 0.0000000000000000e+00
1.1497124281914951e-02 1.3750634082629431e-02 0.0000000000000000e+00
1.5935670887981209e-03 1.4699375574459351e-02 0.0000000000000000e+00
1.1948092642231197e-03 1.1932662617092219e-02 0.0000000000000000e+00
1.3773790721625481e-02 2.2312643791012030e-02 0.0000000000000000e+00
1.5933510477214904e-03 2.2582481289396241e-02 0.0000000000000000e+00
3.4117467977068956e-03 8.7410719378926104e-03 0.0000000000000000e+00
1.5950160326238919e-02 1.8203323887441381e-02 0.0000000000000000e+00
1.1945093590910081e-03 1.7455405375060681e-02 0.0000000000000000e+00
2.2234068201389986e-03 9.1263627213779459e-03 0.0000000000000000e+00
1.0864378740752691e-02 2.3879263003923391e-02 0.0000000000000000e+00
2.6411371550406448e-03 2.6437394809602610e-02 0.0000000000000000e+00
3.8067923223111988e-03 2.6243857634010850e-02 0.0000000000000000e+00
4.9449361312348845e-03 2.6059316963890820e-02 0.0000000000000000e+00
1.1946939365408370e-03 1.8240252584215320e-02 0.0000000000000000e+00
1.1948799291952689e-03 1.2719043239159200e-02 0.0000000000000000e+00
1.3176883693859892e-02 1.4866559161811000e-02 0.0000000000000000e+00
1.5678442656799109e-02 1.7368202512581591e-02 0.0000000000000000e+00
9.8250490849890876e-03 1.1514616561893480e-02 0.0000000000000000e+00
1.7650575129055969e-02 1.9291190518131839e-02 0.0000000000000000e+00
1.1949747662793786e-03 1.1155057320196541e-02 0.0000000000000000e+00
1.1946196051239035e-03 2.3367477753543569e-02 0.0000000000000000e+00
1.3441533667621361e-02 2.2943452737304419e-02 0.0000000000000000e+00
6.0551086753588140e-03 2.5797815985965328e-02 0.0000000000000000e+00
1.5818257262754066e-03 9.6194906199746251e-03 0.0000000000000000e+00
1.4312548598989401e-02 2.1994702658610352e-02 0.0000000000000000e+00
3.0097535364052345e-03 8.8898215538873396e-03 0.0000000000000000e+00
4.1751982666865589e-03 2.6235928262548940e-02 0.0000000000000000e+00
5.3078780182618688e-03 2.6028048761479631e-02 0.0000000000000000e+00
3.0283086482907886e-03 2.6401678190946281e-02 0.0000000000000000e+00
1.6457154852730759e-02 2.0782995128862090e-02 0.0000000000000000e+00
1.7129025732547421e-02 2.0330661414158371e-02 0.0000000000000000e+00
1.2278682244759781e-02 2.3488692952538671e-02 0.0000000000000000e+00
7.0261631393631193e-03 2.5563771247452668e-02 0.0000000000000000e+00
1.1944030937173233e-03 2.1788447131611530e-02 0.0000000000000000e+00
1.1947086270190019e-03 1.3511705660065499e-02 0.0000000000000000e+00
1.1944749235082211e-03 1.9029657893546228e-02 0.0000000000000000e+00
1.1942068997729234e-03 2.4154395295493500e-02 0.0000000000000000e+00
5.9459722507530519e-03 7.6078038214825987e-03 0.0000000000000000e+00
6.4900452392986146e-03 8.1741426344319450e-03 0.0000000000000000e+00
9.2669546438151132e-03 1.0956426472666560e-02 0.0000000000000000e+00
1.5125702923590752e-02 1.6815479115516570e-02 0.0000000000000000e+00
1.1500680731046740e-02 1.3189761854212421e-02 0.0000000000000000e+00
1.1945837638496458e-03 1.4304454135892271e-02 0.0000000000000000e+00
1.6794914794023279e-02 1.8479207949724030e-02 0.0000000000000000e+00
7.6031309984837762e-03 9.2927225252373239e-03 0.0000000000000000e+00
1.2339175463813650e-02 1.4028765840272069e-02 0.0000000000000000e+00
1.4289782165040421e-02 1.5979366902868129e-02 0.0000000000000000e+00
1.1946324378085359e-03 1.5491770243219899e-02 0.0000000000000000e+00
8.7105841812799168e-03 1.0400146444728050e-02 0.0000000000000000e+00
1.1916277706080164e-03 2.4944577779998929e-02 0.0000000000000000e+00
1.1945403730563122e-03 2.0998032243468811e-02 0.0000000000000000e+00
1.0943047060665539e-02 1.2631721711106610e-02 0.0000000000000000e+00
1.5906507761097985e-03 2.6117635883915639e-02 0.0000000000000000e+00
1.2898020542277512e-02 1.4587807639524410e-02 0.0000000000000000e+00
1.5955760066572431e-02 1.7645374826461089e-02 0.0000000000000000e+00
1.3732569824077662e-02 1.5421926988921570e-02 0.0000000000000000e+00
7.0451006800029215e-03 8.7341705568606057e-03 0.0000000000000000e+00
1.1944032853425392e-03 1.9818277665215201e-02 0.0000000000000000e+00
1.1945737196204682e-03 2.0604758321334730e-02 0.0000000000000000e+00
1.0104510732334379e-02 1.1793928603008340e-02 0.0000000000000000e+00
1.1840745515754895e-03 2.5745681106710810e-02 0.0000000000000000e+00
1.1946176121128090e-03 1.6280674481200571e-02 0.0000000000000000e+00
9.7780477791339533e-03 2.4655406121115109e-02 0.0000000000000000e+00
1.4847849410440232e-02 1.6537650588907469e-02 0.0000000000000000e+00
1.7362331780711671e-02 1.9022875843575870e-02 0.0000000000000000e+00
1.1963079496954796e-03 1.0378919229937699e-02 0.0000000000000000e+00
1.1945387880033984e-03 2.2974426871115120e-02 0.0000000000000000e+00
1.1945586499426111e-03 1.6673218760144520e-02 0.0000000000000000e+00
1.7670531807156369e-02 1.9829338293540121e-02 0.0000000000000000e+00
8.1581504034281584e-03 9.8478808839412464e-03 0.0000000000000000e+00
4.0172782206110980e-03 8.0512628709719595e-03 0.0000000000000000e+00
7.7661867553142274e-03 2.5421619955451301e-02 0.0000000000000000e+00
8.1398414940743180e-03 2.5305369539566989e-02 0.0000000000000000e+00
1.2971174481536191e-02 2.3274727259673660e-02 0.0000000000000000e+00
4.6796533031735164e-03 7.6937893110857487e-03 0.0000000000000000e+00
9.1661354766783640e-03 2.4951929956891109e-02 0.0000000000000000e+00
6.3679459116652128e-03 2.5704981887800779e-02 0.0000000000000000e+00
1.5500509107456237e-03 9.2840497489111787e-03 0.0000000000000000e+00
1.6267304153441376e-03 2.6469998792107919e-02 0.0000000000000000e+00
1.5060852793638982e-02 2.1829207319837889e-02 0.0000000000000000e+00
1.3711651714033551e-02 2.2734237848693991e-02 0.0000000000000000e+00
1.0317414803407891e-02 2.4430989786915071e-02 0.0000000000000000e+00
1.5621143127248471e-02 2.1514624698607609e-02 0.0000000000000000e+00
1.1326555004922412e-02 2.3999872998730229e-02 0.0000000000000000e+00
8.5231892602148449e-03 2.5177217388230821e-02 0.0000000000000000e+00
1.1647334808191821e-02 2.3802519428713309e-02 0.0000000000000000e+00
1.5930881876151340e-02 2.1186179911253801e-02 0.0000000000000000e+00
5.4450668187399440e-03 7.6267728393714530e-03 0.0000000000000000e+00
2.2728720679648859e-03 2.6075831781604240e-02 0.0000000000000000e+00
5.2705639837393780e-03 7.3375511013556924e-03 0.0000000000000000e+00
1.5933656749640801e-03 1.9426786975031821e-02 0.0000000000000000e+00
8.1520198305880583e-03 1.0406079649209810e-02 0.0000000000000000e+00
9.5419883848945758e-03 1.1795895271378819e-02 0.0000000000000000e+00
8.3570589773898449e-03 2.4797937264551921e-02 0.0000000000000000e+00
1.3450181140988511e-02 1.5703844850821561e-02 0.0000000000000000e+00
1.4844588281643202e-02 1.7098683245988799e-02 0.0000000000000000e+00
4.8360445215222588e-03 2.5690640935841998e-02 0.0000000000000000e+00
3.5612047733700825e-03 9.1231959850502746e-03 0.0000000000000000e+00
6.7624845851396035e-03 9.0153786673507832e-03 0.0000000000000000e+00
1.5904930521620426e-03 2.4549213693808490e-02 0.0000000000000000e+00
1.2554329636940992e-02 2.2931174588351869e-02 0.0000000000000000e+00
1.2336631585338561e-02 1.4590726492271180e-02 0.0000000000000000e+00
1.5937109265495848e-03 1.5889235341715359e-02 0.0000000000000000e+00
7.3006182211363619e-03 2.5129053975664419e-02 0.0000000000000000e+00
1.6794788301319290e-02 1.9023600455724848e-02 0.0000000000000000e+00
6.2672588374065117e-03 2.5356426072259769e-02 0.0000000000000000e+00
4.5454236928894652e-03 8.2438220833621588e-03 0.0000000000000000e+00
1.7102717042094869e-02 1.9800747086904619e-02 0.0000000000000000e+00
5.6792195642030785e-03 7.8752519798596498e-03 0.0000000000000000e+00
1.4288095338236701e-02 1.6542205509943540e-02 0.0000000000000000e+00
1.5936875953036808e-03 1.3905494545315261e-02 0.0000000000000000e+00
1.0938012224698470e-02 1.3191090289728820e-02 0.0000000000000000e+00
7.6001439754987826e-03 9.8542796838102676e-03 0.0000000000000000e+00
1.5135362319531661e-02 2.1355949627520590e-02 0.0000000000000000e+00
2.6077250650674163e-03 9.0141144128569745e-03 0.0000000000000000e+00
3.7989115660056385e-03 8.5823079425083153e-03 0.0000000000000000e+00
1.6228325977957089e-02 1.8479521915619010e-02 0.0000000000000000e+00
1.1956303915110318e-03 1.0767430624857180e-02 0.0000000000000000e+00
1.1945574437393393e-03 2.0211788298877410e-02 0.0000000000000000e+00
1.5933664038480344e-03 2.2185861668987769e-02 0.0000000000000000e+00
1.1945507299109344e-03 2.1392761975673771e-02 0.0000000000000000e+00
1.1948625347341399e-03 1.3115028907135820e-02 0.0000000000000000e+00
1.1946671143996750e-03 1.8635083749877959e-02 0.0000000000000000e+00
6.7666992943608345e-03 8.4543822229977399e-03 0.0000000000000000e+00
1.5401932891760901e-02 1.7091781477862951e-02 0.0000000000000000e+00
1.0380091501574391e-02 1.2633055305309490e-02 0.0000000000000000e+00
1.0100818933909191e-02 1.2354171095954960e-02 0.0000000000000000e+00
1.1945519487810265e-03 2.3760748856590339e-02 0.0000000000000000e+00
9.5458950942740872e-03 1.1235503416039730e-02 0.0000000000000000e+00
1.1777052969590690e-02 1.4030797863762450e-02 0.0000000000000000e+00
1.3728892015427681e-02 1.5982678661887701e-02 0.0000000000000000e+00
7.0421102702813631e-03 9.2957432073958197e-03 0.0000000000000000e+00
1.3454531958069131e-02 1.5144110607159320e-02 0.0000000000000000e+00
8.7053766914268107e-03 1.0959158744561499e-02 0.0000000000000000e+00
1.5802286858452904e-03 2.5338837244681899e-02 0.0000000000000000e+00
1.5936374226114638e-03 1.5096192366210541e-02 0.0000000000000000e+00
1.1946270014688851e-03 1.7847789817147099e-02 0.0000000000000000e+00
1.1948724866881236e-03 1.2325058618945020e-02 0.0000000000000000e+00
6.2171745597725276e-03 7.8909507440498450e-03 0.0000000000000000e+00
4.4718433236587965e-03 2.5763574142060111e-02 0.0000000000000000e+00
3.7364393415288367e-03 2.5877997023345450e-02 0.0000000000000000e+00
3.3707001173834635e-03 2.5934595123268601e-02 0.0000000000000000e+00
1.5936475100812909e-03 1.4302365356365161e-02 0.0000000000000000e+00
1.6550398073169981e-02 2.0278853751031001e-02 0.0000000000000000e+00
1.2894049042796292e-02 1.5148022882970459e-02 0.0000000000000000e+00
1.5672477645540729e-02 1.7926252257735101e-02 0.0000000000000000e+00
1.1945238880569241e-03 1.7064895430978520e-02 0.0000000000000000e+00
1.1217276609091340e-02 1.3470644731982871e-02 0.0000000000000000e+00
1.5744463435247416e-03 2.5734025273567988e-02 0.0000000000000000e+00
1.6011777286670467e-03 1.0388176846813891e-02 0.0000000000000000e+00
1.6002836474636507e-03 9.9958385204012568e-03 0.0000000000000000e+00
1.1948661284100527e-03 1.1543832547405999e-02 0.0000000000000000e+00
1.5935167188605704e-03 2.2977379711544409e-02 0.0000000000000000e+00
1.5934554876251370e-03 1.6678555288344079e-02 0.0000000000000000e+00
8.7077623098057548e-03 2.4686917598559791e-02 0.0000000000000000e+00
1.1779781054492582e-02 2.3316851135362311e-02 0.0000000000000000e+00
1.9360816380329536e-03 2.6093912648032971e-02 0.0000000000000000e+00
5.5672469362163636e-03 2.5541092725057911e-02 0.0000000000000000e+00
1.0473401293860162e-02 2.3981101095726539e-02 0.0000000000000000e+00
1.5491810820789072e-02 2.1170482269834461e-02 0.0000000000000000e+00
1.5978328139005991e-02 2.0682328834709190e-02 0.0000000000000000e+00
1.9578014384078633e-03 9.5723451183257341e-03 0.0000000000000000e+00
9.4322852548517164e-03 2.4696302932609149e-02 0.0000000000000000e+00
1.1460936062145542e-02 2.3483996970096489e-02 0.0000000000000000e+00
7.6500684317912845e-03 2.5038195495992590e-02 0.0000000000000000e+00
1.7376081250758159e-02 1.9550902456578249e-02 0.0000000000000000e+00
2.6223311065961688e-03 2.6034687279343410e-02 0.0000000000000000e+00
6.6087914140418105e-03 2.5274163439707859e-02 0.0000000000000000e+00
1.3494114542742982e-02 2.2478151328556940e-02 0.0000000000000000e+00
1.3196546861871742e-02 2.3108782400755989e-02 0.0000000000000000e+00
1.4567405544397762e-02 2.1741668146025302e-02 0.0000000000000000e+00
1.3963573921316762e-02 2.2126559201309629e-02 0.0000000000000000e+00
1.8917042404189236e-03 9.2396667699240296e-03 0.0000000000000000e+00
9.7860973164704840e-03 2.4281528507447421e-02 0.0000000000000000e+00
1.1160596178357442e-02 2.3623295340988931e-02 0.0000000000000000e+00
5.1822398076586517e-03 7.8194247824581557e-03 0.0000000000000000e+00
1.1213376455918231e-02 1.4031514630309150e-02 0.0000000000000000e+00
1.9928774282259808e-03 1.4697817310008649e-02 0.0000000000000000e+00
1.3166401799676201e-02 1.5984663062425668e-02 0.0000000000000000e+00
1.3389939469355381e-02 2.2100031582034080e-02 0.0000000000000000e+00
1.9926353125699595e-03 2.2584106169041541e-02 0.0000000000000000e+00
1.5935886883996736e-03 1.1936033386027859e-02 0.0000000000000000e+00
1.5663804368286322e-02 1.8479653441157179e-02 0.0000000000000000e+00
6.4808491453693081e-03 9.2973203288959985e-03 0.0000000000000000e+00
1.5202051468604072e-02 2.0819947791589001e-02 0.0000000000000000e+00
3.3410281445693897e-03 2.5575432363680518e-02 0.0000000000000000e+00
8.5693895434409677e-03 2.4316948422515940e-02 0.0000000000000000e+00
4.3634376980308687e-03 2.5367254717362061e-02 0.0000000000000000e+00
7.5403960035794800e-03 2.4695599292728281e-02 0.0000000000000000e+00
6.5138063655999041e-03 2.4906138886280470e-02 0.0000000000000000e+00
3.9411208239380595e-03 8.9619478756097302e-03 0.0000000000000000e+00
1.2745397048529542e-02 2.2630196183603041e-02 0.0000000000000000e+00
1.5938938874244268e-03 1.2716726999402361e-02 0.0000000000000000e+00
8.9839342831620952e-03 1.1237743120716541e-02 0.0000000000000000e+00
1.5120176281262582e-02 1.7374319970212770e-02 0.0000000000000000e+00
1.5932453294491670e-03 1.7462814115842790e-02 0.0000000000000000e+00
1.5935353006129032e-03 1.8246553716119249e-02 0.0000000000000000e+00
5.4068750001968818e-03 8.1277472288934574e-03 0.0000000000000000e+00
1.4014153561785573e-02 2.1660571818887829e-02 0.0000000000000000e+00
1.9672427097801918e-03 2.5334321507792600e-02 0.0000000000000000e+00
2.2649491379606586e-03 2.5733914572400509e-02 0.0000000000000000e+00
3.1426158022840505e-03 9.3236199153803601e-03 0.0000000000000000e+00
1.3108861358634542e-02 2.2648334891732139e-02 0.0000000000000000e+00
4.1762874777904685e-03 8.4242349074986553e-03 0.0000000000000000e+00
6.2080015807821796e-03 8.4500058719843736e-03 0.0000000000000000e+00
5.9392889744892124e-03 8.1616773558390362e-03 0.0000000000000000e+00
1.6812162220836899e-02 1.9547912874883399e-02 0.0000000000000000e+00
1.5938293096006428e-03 1.3508432296997981e-02 0.0000000000000000e+00
1.5934754909265332e-03 1.9033086867166812e-02 0.0000000000000000e+00
1.5921783248250695e-03 2.4155653691382319e-02 0.0000000000000000e+00
1.5935247965430182e-03 2.1788993879313299e-02 0.0000000000000000e+00
7.3215182122754663e-03 9.5755186935047240e-03 0.0000000000000000e+00
1.6508938254534811e-02 1.8753042389197151e-02 0.0000000000000000e+00
1.4008280485255372e-02 1.6262286424931230e-02 0.0000000000000000e+00
8.4281010804506586e-03 1.0682059061296420e-02 0.0000000000000000e+00
1.5936702564138083e-03 2.0998614895231811e-02 0.0000000000000000e+00
1.5937265245863700e-03 1.5492808609220929e-02 0.0000000000000000e+00
1.0658904528447170e-02 1.2911843053085729e-02 0.0000000000000000e+00
1.2615292723625531e-02 1.4869390707312280e-02 0.0000000000000000e+00
9.8214562991726442e-03 1.2075193708063200e-02 0.0000000000000000e+00
1.5861864626538665e-03 2.4943589160862711e-02 0.0000000000000000e+00
1.2056766693283512e-02 1.4310747901335061e-02 0.0000000000000000e+00
1.5936375044220191e-03 1.6284293571863541e-02 0.0000000000000000e+00
1.4566665036062031e-02 1.6820811026373301e-02 0.0000000000000000e+00
8.0024658227241287e-03 2.4923559683849950e-02 0.0000000000000000e+00
1.2127232885001412e-02 2.3138211989730890e-02 0.0000000000000000e+00
1.1272478833296122e-02 2.3157066169679729e-02 0.0000000000000000e+00
2.9946363426921027e-03 2.5984445970029999e-02 0.0000000000000000e+00
1.9929890098430289e-03 1.3902541289018419e-02 0.0000000000000000e+00
1.5934706464488383e-03 1.9820642051299291e-02 0.0000000000000000e+00
1.5936668481223643e-03 2.0606079860879090e-02 0.0000000000000000e+00
9.2629598667659570e-03 1.1516881086952500e-02 0.0000000000000000e+00
4.8808950791317850e-03 8.0367707300829719e-03 0.0000000000000000e+00
5.9231501549815739e-03 2.5446423206303342e-02 0.0000000000000000e+00
1.6259741602950881e-02 2.0483549383510619e-02 0.0000000000000000e+00
1.0653547078391020e-02 1.3471183544335220e-02 0.0000000000000000e+00
1.5941600294672976e-03 1.1164981712446790e-02 0.0000000000000000e+00
1.5963730885590827e-03 1.0778916550603529e-02 0.0000000000000000e+00
1.4838270643300401e-02 2.1540937781258412e-02 0.0000000000000000e+00
1.0639074537013762e-02 2.3488412147779681e-02 0.0000000000000000e+00
6.4842269741388929e-03 8.7337193538959672e-03 0.0000000000000000e+00
4.1013793583216610e-03 2.5824051185279129e-02 0.0000000000000000e+00
1.5935323885517096e-03 2.3370835758759111e-02 0.0000000000000000e+00
1.3171759493886992e-02 1.5425604530049311e-02 0.0000000000000000e+00
7.8765364519604378e-03 1.0130704397564879e-02 0.0000000000000000e+00
1.5395824827817742e-02 1.7649909429377539e-02 0.0000000000000000e+00
2.3225705066122326e-03 9.4803016472127001e-03 0.0000000000000000e+00
1.7085295345397059e-02 1.9286992656472789e-02 0.0000000000000000e+00
1.5933261276946770e-03 1.7071053988531312e-02 0.0000000000000000e+00
2.0087128543287156e-03 1.0407848347811961e-02 0.0000000000000000e+00
2.0510566997781646e-03 9.9776422710546962e-03 0.0000000000000000e+00
5.2002369114750400e-03 2.5620263152831699e-02 0.0000000000000000e+00
1.0139841309742872e-02 2.4107073671770621e-02 0.0000000000000000e+00
1.6835280220698679e-02 2.0048992076212250e-02 0.0000000000000000e+00
9.0355785559180883e-03 2.4614338166568439e-02 0.0000000000000000e+00
6.9526331950349411e-03 2.5200595651140960e-02 0.0000000000000000e+00
1.5720183214886441e-02 2.0862212378339601e-02 0.0000000000000000e+00
1.9439966556209175e-03 2.5721878491950199e-02 0.0000000000000000e+00
9.4012908077497816e-03 2.4319930306215230e-02 0.0000000000000000e+00
1.9925906542909550e-03 1.6682248012335320e-02 0.0000000000000000e+00
9.2601106643925273e-03 1.2078588749163391e-02 0.0000000000000000e+00
1.9926504353959713e-03 1.9824055846089060e-02 0.0000000000000000e+00
7.8698704427843016e-03 1.0688647030090049e-02 0.0000000000000000e+00
1.4560191524175271e-02 1.7378762269497500e-02 0.0000000000000000e+00
3.7204080478174103e-03 9.4911723976211209e-03 0.0000000000000000e+00
1.9853325436190554e-03 2.4544242656969400e-02 0.0000000000000000e+00
1.2051600984428201e-02 1.4870214299023261e-02 0.0000000000000000e+00
2.4051374576342264e-03 1.0435761750226050e-02 0.0000000000000000e+00
2.9544430586079399e-03 2.5537223886241300e-02 0.0000000000000000e+00
1.4004491183781761e-02 1.6823206246924561e-02 0.0000000000000000e+00
1.9929991707050448e-03 1.5890377531021911e-02 0.0000000000000000e+00
1.9931091581582611e-03 1.3505198834651700e-02 0.0000000000000000e+00
7.3182329264510461e-03 1.0137091802319319e-02 0.0000000000000000e+00
4.0069564732730951e-03 2.5433102385609471e-02 0.0000000000000000e+00
8.2058141644477597e-03 2.4430021790339030e-02 0.0000000000000000e+00
1.6334037117372531e-02 2.0005140915525271e-02 0.0000000000000000e+00
6.8722695377373445e-03 2.4820271092251579e-02 0.0000000000000000e+00
1.6511543702339000e-02 1.9295693926649139e-02 0.0000000000000000e+00
4.7598364081872001e-03 8.7133415588664716e-03 0.0000000000000000e+00
2.4124775585317973e-03 9.7899982355621473e-03 0.0000000000000000e+00
1.5766035199626181e-02 2.0377024439599611e-02 0.0000000000000000e+00
4.3156718751667282e-03 8.8173808945137353e-03 0.0000000000000000e+00
1.2960972277510282e-02 2.2242233758820621e-02 0.0000000000000000e+00
2.3956088434247216e-03 2.5339000723078989e-02 0.0000000000000000e+00
1.2276541059410022e-02 2.2580029680455312e-02 0.0000000000000000e+00
5.9278884687370059e-03 8.7263275173425411e-03 0.0000000000000000e+00
5.6606033488429157e-03 8.4302896002382780e-03 0.0000000000000000e+00
9.2928665842473557e-03 2.3980720680320960e-02 0.0000000000000000e+00
2.6975582690068876e-03 9.3892759125904258e-03 0.0000000000000000e+00
1.5936181167207084e-03 2.0213755920954330e-02 0.0000000000000000e+00
1.9926735829377735e-03 2.2186976169476409e-02 0.0000000000000000e+00
1.5939386666769309e-03 1.3111941995669269e-02 0.0000000000000000e+00
1.5935686468935271e-03 1.8639952051567758e-02 0.0000000000000000e+00
1.5938420445044180e-02 1.8752296010925550e-02 0.0000000000000000e+00
1.5931067775333966e-03 2.3763254845020811e-02 0.0000000000000000e+00
1.1493077139315161e-02 1.4311429568128600e-02 0.0000000000000000e+00
1.3445634707976052e-02 1.6264072642972010e-02 0.0000000000000000e+00
6.7603293960006835e-03 9.5782868061328064e-03 0.0000000000000000e+00
1.5936637217561543e-03 2.1393193040828599e-02 0.0000000000000000e+00
8.4231698590748940e-03 1.1241589034403580e-02 0.0000000000000000e+00
1.5112222188481642e-02 1.7930516147654320e-02 0.0000000000000000e+00
1.5388401642681541e-02 1.8205555485860659e-02 0.0000000000000000e+00
1.9929471317083687e-03 1.5095526305956109e-02 0.0000000000000000e+00
1.5937183173126597e-03 1.2325016958730719e-02 0.0000000000000000e+00
1.5933791318585851e-03 1.7854798748063949e-02 0.0000000000000000e+00
9.6186090914626519e-03 2.3880971855039429e-02 0.0000000000000000e+00
1.2608898020668472e-02 1.5427322395846150e-02 0.0000000000000000e+00
1.9925091845749434e-03 1.9430946502931430e-02 0.0000000000000000e+00
9.8172837531402650e-03 1.2635132598827309e-02 0.0000000000000000e+00
1.0933384144299150e-02 1.3751325243023260e-02 0.0000000000000000e+00
1.9929306356646329e-03 1.4300204870326700e-02 0.0000000000000000e+00
1.9933617522912457e-03 1.1178758381916150e-02 0.0000000000000000e+00
1.9975601996457628e-03 1.0795202483406419e-02 0.0000000000000000e+00
1.4896403600874982e-02 2.1031999077024199e-02 0.0000000000000000e+00
6.2038155172722854e-03 9.0143118222720531e-03 0.0000000000000000e+00
8.7020253297926727e-03 1.1520410256297700e-02 0.0000000000000000e+00
1.0095623235487929e-02 1.2913104224082331e-02 0.0000000000000000e+00
1.0374355457948240e-02 1.3191804566655540e-02 0.0000000000000000e+00
1.9810711932888758e-03 2.4937233187589999e-02 0.0000000000000000e+00
1.9924301600223004e-03 2.3373421138214209e-02 0.0000000000000000e+00
1.9926610990499602e-03 2.2979532009656991e-02 0.0000000000000000e+00
6.1601389439498340e-03 2.4991014552795451e-02 0.0000000000000000e+00
1.5937150520333216e-03 1.1550751358905730e-02 0.0000000000000000e+00
5.4415068728210494e-03 2.5151609803015298e-02 0.0000000000000000e+00
1.2887407168380402e-02 1.5705729459909491e-02 0.0000000000000000e+00
1.0303801247766482e-02 2.3627509530906990e-02 0.0000000000000000e+00
1.0959673566578631e-02 2.3325767497537502e-02 0.0000000000000000e+00
1.9921599211928350e-03 1.7469893601486298e-02 0.0000000000000000e+00
1.4303434160659512e-02 2.1449790430768549e-02 0.0000000000000000e+00
3.6602484973918036e-03 2.5503922572429179e-02 0.0000000000000000e+00
5.1128471515706226e-03 8.3878938566669219e-03 0.0000000000000000e+00
4.7208394179468378e-03 2.5301012141702339e-02 0.0000000000000000e+00
8.9849310560032019e-03 2.4218973919873189e-02 0.0000000000000000e+00
7.8496371103207573e-03 2.4557383354258659e-02 0.0000000000000000e+00
1.1595694505701692e-02 2.2978866855566101e-02 0.0000000000000000e+00
1.6591893825597118e-02 1.9798240187734378e-02 0.0000000000000000e+00
7.2111984266832723e-03 2.4781608391123838e-02 0.0000000000000000e+00
1.3716421084596902e-02 2.1857209136528680e-02 0.0000000000000000e+00
2.5912377035468858e-03 2.5682430019592650e-02 0.0000000000000000e+00
1.5488936394961511e-02 2.0593488979576791e-02 0.0000000000000000e+00
1.2951545502388551e-02 2.2985894904334881e-02 0.0000000000000000e+00
1.0369611526589301e-02 1.3751937818177490e-02 0.0000000000000000e+00
2.3922878618824958e-03 1.4696497831733560e-02 0.0000000000000000e+00
1.2323433442012352e-02 1.5706406671394588e-02 0.0000000000000000e+00
8.4207659555229231e-03 1.1803841098506710e-02 0.0000000000000000e+00
2.3918882816509105e-03 1.9827479895949952e-02 0.0000000000000000e+00
7.6833137055211951e-03 2.4186750881301872e-02 0.0000000000000000e+00
2.3919677296869953e-03 2.2584729864640590e-02 0.0000000000000000e+00
1.4828841666102141e-02 1.8212959278879878e-02 0.0000000000000000e+00
3.5613061600544439e-03 2.5149802645010589e-02 0.0000000000000000e+00
6.2029432597157028e-03 9.5817438916615642e-03 0.0000000000000000e+00
4.6944715684886481e-03 9.0904091693637355e-03 0.0000000000000000e+00
1.5382496089255751e-02 1.8755314780657749e-02 0.0000000000000000e+00
1.5553580092660382e-02 2.0066279374113451e-02 0.0000000000000000e+00
8.7695131127032335e-03 2.3809496216758590e-02 0.0000000000000000e+00
1.0929193829098582e-02 1.4312008978532050e-02 0.0000000000000000e+00
2.3923846903491099e-03 1.3900449596919681e-02 0.0000000000000000e+00
1.2881982838186281e-02 1.6264926264100109e-02 0.0000000000000000e+00
1.9929114021008617e-03 1.2714767276703320e-02 0.0000000000000000e+00
1.6218276025576100e-02 1.9624914574248330e-02 0.0000000000000000e+00
1.9887423703644981e-03 2.4153695472361039e-02 0.0000000000000000e+00
1.9924233437492631e-03 1.8254794586244089e-02 0.0000000000000000e+00
1.4950566857799752e-02 2.0495899672445941e-02 0.0000000000000000e+00
2.7762877595959717e-03 2.5197208636575159e-02 0.0000000000000000e+00
5.6559937792929156e-03 9.0116581222959499e-03 0.0000000000000000e+00
7.2673199215527451e-03 2.4356556673322281e-02 0.0000000000000000e+00
2.7475415342789605e-03 9.7464432229609141e-03 0.0000000000000000e+00
3.4040024743209143e-03 9.6420863312343189e-03 0.0000000000000000e+00
4.0847074958889470e-03 9.3374164412514359e-03 0.0000000000000000e+00
5.3815056801434936e-03 8.7130703188564168e-03 0.0000000000000000e+00
1.2607175832045141e-02 2.2391909421754341e-02 0.0000000000000000e+00
1.9925031661421023e-03 1.9038562267000271e-02 0.0000000000000000e+00
1.9928432245012945e-03 2.1790166573812341e-02 0.0000000000000000e+00
8.1458793817234358e-03 1.0964509532919210e-02 0.0000000000000000e+00
1.9930244060413758e-03 1.5493021425881350e-02 0.0000000000000000e+00
1.6218837851106161e-02 1.9028443356115251e-02 0.0000000000000000e+00
1.3724935806918572e-02 1.6543570625787912e-02 0.0000000000000000e+00
1.2330168613989001e-02 1.5148725458027200e-02 0.0000000000000000e+00
7.0396906663415752e-03 9.8582902051742236e-03 0.0000000000000000e+00
1.9929865366793572e-03 2.1000923226773782e-02 0.0000000000000000e+00
1.9928386894908071e-03 2.0216848459565499e-02 0.0000000000000000e+00
1.4282498399693021e-02 1.7101147733821941e-02 0.0000000000000000e+00
9.5389296309879509e-03 1.2357190908875810e-02 0.0000000000000000e+00
1.9921443625677488e-03 1.1941693251000560e-02 0.0000000000000000e+00
8.9812619070534453e-03 1.1799738066252121e-02 0.0000000000000000e+00
1.1772265366311131e-02 1.4590796921588619e-02 0.0000000000000000e+00
2.3910372898522094e-03 2.3373009273059742e-02 0.0000000000000000e+00
1.9928547464156707e-03 1.6286564032771358e-02 0.0000000000000000e+00
9.4502410747757028e-03 2.3524527760463688e-02 0.0000000000000000e+00
1.1936987008255722e-02 2.2785900828514741e-02 0.0000000000000000e+00
1.9923434336908707e-03 1.7076151565551270e-02 0.0000000000000000e+00
1.3121447980291452e-02 2.1731710555797919e-02 0.0000000000000000e+00
1.9931216340779638e-03 1.3109001695557050e-02 0.0000000000000000e+00
1.4593363452144213e-02 2.1237185448212771e-02 0.0000000000000000e+00
9.8118065886900353e-03 1.3193794951856380e-02 0.0000000000000000e+00
6.3996689393624687e-03 2.4571641772567921e-02 0.0000000000000000e+00
1.9910958463117663e-03 2.3763634248838549e-02 0.0000000000000000e+00
5.8028046980859631e-03 2.5070017728556951e-02 0.0000000000000000e+00
7.5945803624968807e-03 1.0413457941722531e-02 0.0000000000000000e+00
2.3745536646953753e-03 2.4529307911984440e-02 0.0000000000000000e+00
1.4836102037465751e-02 1.7654697341203569e-02 0.0000000000000000e+00
1.0457520313836143e-02 2.3149625635014749e-02 0.0000000000000000e+00
1.1081245685324813e-02 2.2831510352005761e-02 0.0000000000000000e+00
1.9922642818711164e-03 1.7862393218300399e-02 0.0000000000000000e+00
2.3956407053337650e-03 1.0811401809674420e-02 0.0000000000000000e+00
5.0804216258814273e-03 2.5229463228085811e-02 0.0000000000000000e+00
1.9923704993525899e-03 1.1560744126088070e-02 0.0000000000000000e+00
9.9620506860458591e-03 2.3756598020558840e-02 0.0000000000000000e+00
2.3709245298548847e-03 2.4911589882277270e-02 0.0000000000000000e+00
3.2521782028834749e-03 2.5260007003373362e-02 0.0000000000000000e+00
1.3750669066345672e-02 2.1353444183105721e-02 0.0000000000000000e+00
4.2502701181688371e-03 2.4984590034465650e-02 0.0000000000000000e+00
8.4123230737662962e-03 2.3941130159902790e-02 0.0000000000000000e+00
1.6056314411968121e-02 2.0172592656840019e-02 0.0000000000000000e+00
2.4387246478761154e-03 1.0107744816169800e-02 0.0000000000000000e+00
2.3912594125639259e-03 1.7473636280179089e-02 0.0000000000000000e+00
7.1534379855409417e-03 2.3899492763797419e-02 0.0000000000000000e+00
3.8623469051225494e-03 9.8626450920522406e-03 0.0000000000000000e+00
2.7868282464906143e-03 1.0441655974638780e-02 0.0000000000000000e+00
7.0365188306920875e-03 1.0420071943709900e-02 0.0000000000000000e+00
2.3923886251837568e-03 1.5890375082176639e-02 0.0000000000000000e+00
8.2491836379321969e-03 2.3571833509987358e-02 0.0000000000000000e+00
8.9790470529263131e-03 1.2362129131215691e-02 0.0000000000000000e+00
1.1765358249823442e-02 1.5148491360160809e-02 0.0000000000000000e+00
2.3921745597911045e-03 2.0220468831250289e-02 0.0000000000000000e+00
7.5882334030789138e-03 1.0971804366917580e-02 0.0000000000000000e+00
1.4273043670409892e-02 1.7656842744536109e-02 0.0000000000000000e+00
1.3718085301552321e-02 1.7101356770135009e-02 0.0000000000000000e+00
2.3882958737123992e-03 2.3760962135784471e-02 0.0000000000000000e+00
3.0819853422004097e-03 2.4958276255392431e-02 0.0000000000000000e+00
9.7918358213634499e-03 2.3396968606950411e-02 0.0000000000000000e+00
1.5652758839538532e-02 1.9022469613956060e-02 0.0000000000000000e+00
4.4358431198853578e-03 9.1892377451311784e-03 0.0000000000000000e+00
1.2071641083714701e-02 2.2245759845052931e-02 0.0000000000000000e+00
1.2768490633224681e-02 2.1895892840425570e-02 0.0000000000000000e+00
2.3920373110969642e-03 2.2188210652067442e-02 0.0000000000000000e+00
1.9925069351199643e-03 1.8646667281834450e-02 0.0000000000000000e+00
1.5108106563153681e-02 1.8487197784946459e-02 0.0000000000000000e+00
1.1208159164519012e-02 1.4591122087259510e-02 0.0000000000000000e+00
1.3160975741993092e-02 1.6544084886725860e-02 0.0000000000000000e+00
6.4802770466446365e-03 9.8618793155697965e-03 0.0000000000000000e+00
1.9929789926113493e-03 2.1394918179721681e-02 0.0000000000000000e+00
2.3923573013508478e-03 1.5094664162068810e-02 0.0000000000000000e+00
1.9924528398948729e-03 1.2326089625082699e-02 0.0000000000000000e+00
2.3915970097309891e-03 1.9434577491357529e-02 0.0000000000000000e+00
2.3917780929392104e-03 2.2979703569488200e-02 0.0000000000000000e+00
2.3918689257945618e-03 1.6683608556384070e-02 0.0000000000000000e+00
2.3924569199427767e-03 1.3503076394644761e-02 0.0000000000000000e+00
8.1418124783629014e-03 1.1525016223245451e-02 0.0000000000000000e+00
1.0090390704346530e-02 1.3472436076528271e-02 0.0000000000000000e+00
1.0649536921574771e-02 1.4032168972297429e-02 0.0000000000000000e+00
2.3923279317982480e-03 1.4298480186279980e-02 0.0000000000000000e+00
1.2602738946080331e-02 1.5985669695152260e-02 0.0000000000000000e+00
1.4644004009325681e-02 2.0714321379897260e-02 0.0000000000000000e+00
1.5855453655446650e-02 1.9855732530114169e-02 0.0000000000000000e+00
5.9295490511638823e-03 9.2999514818187835e-03 0.0000000000000000e+00
2.3918648209238029e-03 1.2714602427218700e-02 0.0000000000000000e+00
8.0497287536236695e-03 2.4060824434730180e-02 0.0000000000000000e+00
8.7001808819748300e-03 1.2083295327529190e-02 0.0000000000000000e+00
9.1128833763533396e-03 2.3663555353889199e-02 0.0000000000000000e+00
9.5343870078555115e-03 1.2916723240796979e-02 0.0000000000000000e+00
1.4044561677588772e-02 2.1142558423096199e-02 0.0000000000000000e+00
6.7573161962267174e-03 2.4373594068075471e-02 0.0000000000000000e+00
1.1402676310157732e-02 2.2641711512861640e-02 0.0000000000000000e+00
1.2044309879701181e-02 1.5427380899970771e-02 0.0000000000000000e+00
1.9929401755335841e-03 2.0608983049983470e-02 0.0000000000000000e+00
6.0557883955490851e-03 2.4617675742555550e-02 0.0000000000000000e+00
5.3193323747023459e-03 2.4771237232975279e-02 0.0000000000000000e+00
1.4550200416191721e-02 1.7935462900931450e-02 0.0000000000000000e+00
2.3913767634792505e-03 1.8259940036504319e-02 0.0000000000000000e+00
2.3924793632186928e-03 1.1192143859967640e-02 0.0000000000000000e+00
2.3826828043444614e-03 2.4146040634874581e-02 0.0000000000000000e+00
2.3907734087996418e-03 1.1948488676442579e-02 0.0000000000000000e+00
4.6075193091111490e-03 2.4916792585469971e-02 0.0000000000000000e+00
1.5254370441393402e-02 2.0275388129885639e-02 0.0000000000000000e+00
3.8988198603381766e-03 2.5062539130343141e-02 0.0000000000000000e+00
1.0131387755889322e-02 2.3274656017424358e-02 0.0000000000000000e+00
1.3448461835896921e-02 2.1550381693011791e-02 0.0000000000000000e+00
1.5924025934787381e-02 1.9302320134025979e-02 0.0000000000000000e+00
1.0772263930898732e-02 2.3002638052162652e-02 0.0000000000000000e+00
5.1217275715237775e-03 9.0171044904472225e-03 0.0000000000000000e+00
3.0761703544062114e-03 9.7257360274824248e-03 0.0000000000000000e+00
2.7224322172941036e-03 2.4867879440546640e-02 0.0000000000000000e+00
1.0645503348308152e-02 1.4592957859080510e-02 0.0000000000000000e+00
8.6970222561450431e-03 1.2644668282306560e-02 0.0000000000000000e+00
2.7917479427237799e-03 1.4695418477929370e-02 0.0000000000000000e+00
1.2039053173744062e-02 1.5986655851002500e-02 0.0000000000000000e+00
2.7911700045517834e-03 1.9829480432312360e-02 0.0000000000000000e+00
2.7910867384148504e-03 2.2583686045477749e-02 0.0000000000000000e+00
1.3983143051462242e-02 1.7935003715974621e-02 0.0000000000000000e+00
5.9295317150350486e-03 9.8661752584232702e-03 0.0000000000000000e+00
9.5286746578159467e-03 1.3475095374190201e-02 0.0000000000000000e+00
1.5121651368122232e-02 1.9035499120556010e-02 0.0000000000000000e+00
6.7854938741865036e-03 2.3947346482764170e-02 0.0000000000000000e+00
2.7891180602859721e-03 2.3370945714811540e-02 0.0000000000000000e+00
8.1394906054779760e-03 1.2087320585240910e-02 0.0000000000000000e+00
2.7918234283896321e-03 1.3899255065679980e-02 0.0000000000000000e+00
1.2597493858553412e-02 1.6545038395321499e-02 0.0000000000000000e+00
2.3924099046937802e-03 2.1005155168940661e-02 0.0000000000000000e+00
1.5377860130015861e-02 1.9776318208835911e-02 0.0000000000000000e+00
2.3914807624514393e-03 1.9042639278032420e-02 0.0000000000000000e+00
7.5341561980300864e-03 2.3802209792844881e-02 0.0000000000000000e+00
9.9803160068552988e-03 2.2912818513144830e-02 0.0000000000000000e+00
6.3435187850499689e-03 2.4216636500117020e-02 0.0000000000000000e+00
4.2387202506445716e-03 9.7104822137812769e-03 0.0000000000000000e+00
1.2415097317602652e-02 2.2062607225281680e-02 0.0000000000000000e+00
2.3922218763857963e-03 2.1792551683076939e-02 0.0000000000000000e+00
7.8644043660636553e-03 1.1247808915317639e-02 0.0000000000000000e+00
1.4543711530922111e-02 1.8511549790544271e-02 0.0000000000000000e+00
1.3439475158687842e-02 1.6822712692833430e-02 0.0000000000000000e+00
9.2568639419871937e-03 1.2639623051243221e-02 0.0000000000000000e+00
1.3995470500432861e-02 1.7378996455381261e-02 0.0000000000000000e+00
6.7585404228002596e-03 1.0141422552640500e-02 0.0000000000000000e+00
1.1486745625385042e-02 1.4869832092082751e-02 0.0000000000000000e+00
2.3921918008678409e-03 1.6287136075633910e-02 0.0000000000000000e+00
2.3923195271820467e-03 1.3107592820253901e-02 0.0000000000000000e+00
1.1735030896210492e-02 2.2443546637582600e-02 0.0000000000000000e+00
1.0086361321215331e-02 1.4033424414235430e-02 0.0000000000000000e+00
2.3924242999934400e-03 1.5492618621309139e-02 0.0000000000000000e+00
2.3912826509593201e-03 1.7866730587239161e-02 0.0000000000000000e+00
2.3915273253462470e-03 1.7078597813908410e-02 0.0000000000000000e+00
2.3913453489866677e-03 1.1571105539548061e-02 0.0000000000000000e+00
9.2723994322447406e-03 2.3172727476749880e-02 0.0000000000000000e+00
1.4341277017170933e-02 2.0928232626009700e-02 0.0000000000000000e+00
5.3939411531882756e-03 9.3054049629958148e-03 0.0000000000000000e+00
1.1480598503656101e-02 1.5428275022543819e-02 0.0000000000000000e+00
4.8784823094781653e-03 9.3046388138663151e-03 0.0000000000000000e+00
2.3923390532813375e-03 2.0613089010519330e-02 0.0000000000000000e+00
8.5941232219245642e-03 2.3445137699150020e-02 0.0000000000000000e+00
7.3129488917094395e-03 1.0696574203078769e-02 0.0000000000000000e+00
1.3496933409222112e-02 2.1050273941419631e-02 0.0000000000000000e+00
1.2894252378764801e-02 2.1408111523989710e-02 0.0000000000000000e+00
2.7594447551067725e-03 2.4520922747880161e-02 0.0000000000000000e+00
2.3914511806335604e-03 1.8650912172523331e-02 0.0000000000000000e+00
5.6843714634904575e-03 2.4685288155020389e-02 0.0000000000000000e+00
1.0881606862801083e-02 2.2509424574903489e-02 0.0000000000000000e+00
4.9642565899662957e-03 2.4849612167824560e-02 0.0000000000000000e+00
2.7930519636720410e-03 1.1197680368984071e-02 0.0000000000000000e+00
2.7905057101037887e-03 1.0813174774395921e-02 0.0000000000000000e+00
2.7745722377704833e-03 2.4139387480510501e-02 0.0000000000000000e+00
2.3911784416177397e-03 1.2329220088329850e-02 0.0000000000000000e+00
1.4688948287755122e-02 2.0177814713581821e-02 0.0000000000000000e+00
4.1357915966199928e-03 2.4598389822859092e-02 0.0000000000000000e+00
7.8985160108834326e-03 2.3689089714443220e-02 0.0000000000000000e+00
1.5387519424465822e-02 1.9287153318473561e-02 0.0000000000000000e+00
1.5636151868332979e-02 1.9556361796816659e-02 0.0000000000000000e+00
3.4486103958212009e-03 2.4832620726462411e-02 0.0000000000000000e+00
3.4899820356637675e-03 9.9785578699362974e-03 0.0000000000000000e+00
2.7735884834825556e-03 1.0088836567317270e-02 0.0000000000000000e+00
1.0309280024658422e-02 2.2837661695395379e-02 0.0000000000000000e+00
2.7904542937666459e-03 1.7472800431867989e-02 0.0000000000000000e+00
7.4099249037318741e-03 2.3417371361049679e-02 0.0000000000000000e+00
6.3622350921433025e-03 2.3802610821151760e-02 0.0000000000000000e+00
3.9931724259714479e-03 1.0293009952461071e-02 0.0000000000000000e+00
6.7556741140380738e-03 1.0703145900046569e-02 0.0000000000000000e+00
2.7918231104293980e-03 1.5889327529346142e-02 0.0000000000000000e+00
3.1633198230935156e-03 1.0411481756061949e-02 0.0000000000000000e+00
2.7903799804303553e-03 1.8258954152428501e-02 0.0000000000000000e+00
1.0924112385032032e-02 1.4871631277695530e-02 0.0000000000000000e+00
7.3080260135051835e-03 1.1256242725766389e-02 0.0000000000000000e+00
1.3430426325559302e-02 1.7378052012299729e-02 0.0000000000000000e+00
8.9742832777246345e-03 1.2921465414010560e-02 0.0000000000000000e+00
8.1009830328604114e-03 2.3217055425381241e-02 0.0000000000000000e+00
2.7923070933061518e-03 1.1957532778505670e-02 0.0000000000000000e+00
2.7908511244631230e-03 1.2718641331903310e-02 0.0000000000000000e+00
5.1271919271553426e-03 9.5911013205670567e-03 0.0000000000000000e+00
1.0296845354674622e-02 2.2425356202736859e-02 0.0000000000000000e+00
1.1871871976700412e-02 2.1905926035810670e-02 0.0000000000000000e+00
1.2875548593189772e-02 1.6823165288217770e-02 0.0000000000000000e+00
6.2025614919053651e-03 1.0144322198967630e-02 0.0000000000000000e+00
2.3923724708088514e-03 2.1398450699873610e-02 0.0000000000000000e+00
1.4838702871674502e-02 1.8782894276338190e-02 0.0000000000000000e+00
2.7912317860205394e-03 2.2188852867320832e-02 0.0000000000000000e+00
2.7912155430578267e-03 1.6682505667655251e-02 0.0000000000000000e+00
2.7918127932073950e-03 1.3502421358850471e-02 0.0000000000000000e+00
2.7907107077645463e-03 1.9435636815602519e-02 0.0000000000000000e+00
7.8610128466100587e-03 1.1808991924881870e-02 0.0000000000000000e+00
9.8071222992377263e-03 1.3753782552438100e-02 0.0000000000000000e+00
2.7918001999516062e-03 2.0617356031613309e-02 0.0000000000000000e+00
2.7915774737000952e-03 2.0223544753185711e-02 0.0000000000000000e+00
2.7906052437275532e-03 2.2978013459338399e-02 0.0000000000000000e+00
4.5896726349452096e-03 9.5296028776872162e-03 0.0000000000000000e+00
8.4182930791688315e-03 1.2366066141514399e-02 0.0000000000000000e+00
2.7918148084776690e-03 1.5093698600396790e-02 0.0000000000000000e+00
2.7917786979233688e-03 1.4297276252420050e-02 0.0000000000000000e+00
1.1759877960408662e-02 1.5707535405659039e-02 0.0000000000000000e+00
1.2318620226079812e-02 1.6266180564936509e-02 0.0000000000000000e+00
1.0366213138372393e-02 1.4313567671450049e-02 0.0000000000000000e+00
1.2560650137181382e-02 2.1560769346436082e-02 0.0000000000000000e+00
5.6607157929834673e-03 9.5862894246459725e-03 0.0000000000000000e+00
1.4258207990131111e-02 1.8224371797600499e-02 0.0000000000000000e+00
3.2032126320908519e-03 1.1185357523990139e-02 0.0000000000000000e+00
2.7825943107542381e-03 2.3757376015870021e-02 0.0000000000000000e+00
5.9775104042042388e-03 2.4229772927023260e-02 0.0000000000000000e+00
1.1204953353829632e-02 2.2305820843232630e-02 0.0000000000000000e+00
1.5008259318294161e-02 1.9899082325525730e-02 0.0000000000000000e+00
1.3787870814026522e-02 2.0837943150050720e-02 0.0000000000000000e+00
8.9342058534959291e-03 2.3312753969772771e-02 0.0000000000000000e+00
9.6199051125404455e-03 2.3031754234362729e-02 0.0000000000000000e+00
1.1202533043413522e-02 1.5150154448196101e-02 0.0000000000000000e+00
1.3707194522727421e-02 1.7655546116146729e-02 0.0000000000000000e+00
9.2513160506506181e-03 1.3197989312611661e-02 0.0000000000000000e+00
2.7904702557778774e-03 1.9042667423880180e-02 0.0000000000000000e+00
5.1939908397087304e-03 2.4434039084733270e-02 0.0000000000000000e+00
4.5065323949164231e-03 2.4532574862348080e-02 0.0000000000000000e+00
1.4386019548450191e-02 2.0404881143505370e-02 0.0000000000000000e+00
7.0507249550567190e-03 2.3508982725941100e-02 0.0000000000000000e+00
3.1264192112717666e-03 1.0050083022287050e-02 0.0000000000000000e+00
3.7653854069908672e-03 2.4694215849636620e-02 0.0000000000000000e+00
1.5157804956987792e-02 1.9528557691048248e-02 0.0000000000000000e+00
2.7948277988413947e-03 1.1577974874694030e-02 0.0000000000000000e+00
1.0609627395479401e-02 2.2702268763704070e-02 0.0000000000000000e+00
3.1458183947011722e-03 2.4129606438808130e-02 0.0000000000000000e+00
3.1791207690112801e-03 2.4541827936948819e-02 0.0000000000000000e+00
1.3204312587291493e-02 2.1242669711840131e-02 0.0000000000000000e+00
1.0363227091010431e-02 1.4875330935097171e-02 0.0000000000000000e+00
9.2453413805200189e-03 1.3756233793024229e-02 0.0000000000000000e+00
3.1912280590743608e-03 1.4694421696157421e-02 0.0000000000000000e+00
1.1756849023213362e-02 1.6269110515189492e-02 0.0000000000000000e+00
7.8567125123605967e-03 1.2369243638599529e-02 0.0000000000000000e+00
3.1895284779508452e-03 1.9039924026726669e-02 0.0000000000000000e+00
7.2924812111964761e-03 2.3040352113578310e-02 0.0000000000000000e+00
3.1894381010523112e-03 2.2579640639237342e-02 0.0000000000000000e+00
1.3144816340185042e-02 1.7655901668023149e-02 0.0000000000000000e+00
1.4224037389440962e-02 1.8876149481446391e-02 0.0000000000000000e+00
1.4415116092838872e-02 1.9880126996527251e-02 0.0000000000000000e+00
5.9180952384583624e-03 2.3833947207408029e-02 0.0000000000000000e+00
4.8201378049181386e-03 9.9040865548005695e-03 0.0000000000000000e+00
3.5865368458491203e-03 2.4261140507657149e-02 0.0000000000000000e+00
1.1198988677062191e-02 1.5711218919383409e-02 0.0000000000000000e+00
3.1905212555725223e-03 1.9830022564048120e-02 0.0000000000000000e+00
3.1912677591765808e-03 1.3898762931779621e-02 0.0000000000000000e+00
5.6610896243925240e-03 1.0140048618019660e-02 0.0000000000000000e+00
1.4893334988863912e-02 1.9326079927901120e-02 0.0000000000000000e+00
1.0670158086496353e-02 2.2177804707629031e-02 0.0000000000000000e+00
3.5467513353404844e-03 1.0356922264218650e-02 0.0000000000000000e+00
4.4064586742152160e-03 1.0084680036374400e-02 0.0000000000000000e+00
1.3153210878291681e-02 1.7100816211444041e-02 0.0000000000000000e+00
2.7914871149831303e-03 2.1795254479764981e-02 0.0000000000000000e+00
7.5841421337546015e-03 1.1532270248345741e-02 0.0000000000000000e+00
2.7915841517145348e-03 1.6286005991633452e-02 0.0000000000000000e+00
3.1912279848934411e-03 2.0620242546525360e-02 0.0000000000000000e+00
2.7914827466282467e-03 1.3108770831756900e-02 0.0000000000000000e+00
6.4784789458431635e-03 1.0423669875267071e-02 0.0000000000000000e+00
9.8036322591717566e-03 1.4315470611372901e-02 0.0000000000000000e+00
3.1875465616222412e-03 2.3371778032540948e-02 0.0000000000000000e+00
2.7918712826673570e-03 1.5491659076792990e-02 0.0000000000000000e+00
3.1837863048206350e-03 1.0790343900968309e-02 0.0000000000000000e+00
1.3689503765537441e-02 1.8208540094619731e-02 0.0000000000000000e+00
2.7903698711583842e-03 1.7865729652280140e-02 0.0000000000000000e+00
8.4124054110305858e-03 1.2924481648308240e-02 0.0000000000000000e+00
2.7904244008618603e-03 1.8650186174706720e-02 0.0000000000000000e+00
1.2314151780599462e-02 1.6826143520310258e-02 0.0000000000000000e+00
2.7911218292832850e-03 1.2336873783841041e-02 0.0000000000000000e+00
1.2215787648711292e-02 2.1724825506533929e-02 0.0000000000000000e+00
1.1535837865643692e-02 2.2103336370767321e-02 0.0000000000000000e+00
2.7907922583649317e-03 1.7077617568911289e-02 0.0000000000000000e+00
5.5386972780064811e-03 2.4247548514167761e-02 0.0000000000000000e+00
9.0876937495860052e-03 2.2856067934083870e-02 0.0000000000000000e+00
4.0426613068183931e-03 2.4193748600329908e-02 0.0000000000000000e+00
1.3234535941426403e-02 2.0757709519353029e-02 0.0000000000000000e+00
1.2696723082355922e-02 2.1117328014069219e-02 0.0000000000000000e+00
8.4304526041167945e-03 2.3093177297914009e-02 0.0000000000000000e+00
1.0642260946463972e-02 1.5154327718673430e-02 0.0000000000000000e+00
2.7918334889281884e-03 2.1009989225044400e-02 0.0000000000000000e+00
6.7122435519928105e-03 2.3583852547462470e-02 0.0000000000000000e+00
7.0324633342299268e-03 1.0980444454788440e-02 0.0000000000000000e+00
8.9674149141223559e-03 1.3478448846594269e-02 0.0000000000000000e+00
9.8538921613718720e-03 2.2524718685221119e-02 0.0000000000000000e+00
3.1798492235866004e-03 2.3768649978307081e-02 0.0000000000000000e+00
4.8648505128714888e-03 2.4477179443867351e-02 0.0000000000000000e+00
7.7631153974988950e-03 2.3320904441519841e-02 0.0000000000000000e+00
1.4084561112540332e-02 2.0621898161336791e-02 0.0000000000000000e+00
1.4670274870752972e-02 1.9616844396899719e-02 0.0000000000000000e+00
3.2148687623596629e-03 1.1581133861639651e-02 0.0000000000000000e+00
5.3967793880656386e-03 9.8656707386550035e-03 0.0000000000000000e+00
1.0361813625509262e-02 1.5438483611421789e-02 0.0000000000000000e+00
3.1905477396263139e-03 1.6678539437562610e-02 0.0000000000000000e+00
8.6826086094351530e-03 1.3758031521016590e-02 0.0000000000000000e+00
6.4759401648491616e-03 1.0985394178083229e-02 0.0000000000000000e+00
4.2639286236992339e-03 1.0608145605713199e-02 0.0000000000000000e+00
5.5570829098242026e-03 2.3845668521459439e-02 0.0000000000000000e+00
3.1896201626196298e-03 1.7467085860682258e-02 0.0000000000000000e+00
3.1912595838970680e-03 1.5886931257863439e-02 0.0000000000000000e+00
3.1911818806799122e-03 2.1012709981620050e-02 0.0000000000000000e+00
7.0290851201600642e-03 1.1541569917261289e-02 0.0000000000000000e+00
1.2591559757188371e-02 1.7103449992741038e-02 0.0000000000000000e+00
3.6164490378999539e-03 1.1139200251771980e-02 0.0000000000000000e+00
1.4163516703309512e-02 1.9606044717255400e-02 0.0000000000000000e+00
3.9948911118011148e-03 2.3774260336664500e-02 0.0000000000000000e+00
7.9712255107333013e-03 2.2894029388874609e-02 0.0000000000000000e+00
1.0106010459690533e-02 2.2005147436180841e-02 0.0000000000000000e+00
5.1381785212317637e-03 2.4086200884764011e-02 0.0000000000000000e+00
4.5803547473439255e-03 1.0444316484705920e-02 0.0000000000000000e+00
5.1719669837663428e-03 1.0119405582751101e-02 0.0000000000000000e+00
3.5756694451830940e-03 1.0745608917818780e-02 0.0000000000000000e+00
3.5860842275136683e-03 2.3371029985167428e-02 0.0000000000000000e+00
3.1909881978337122e-03 2.0225340036581201e-02 0.0000000000000000e+00
5.9256691480907382e-03 1.0419017940911050e-02 0.0000000000000000e+00
2.7917043964643742e-03 2.1402369756527071e-02 0.0000000000000000e+00
3.1899015637710474e-03 2.2185964226137340e-02 0.0000000000000000e+00
3.1911149165040628e-03 1.3502987123906010e-02 0.0000000000000000e+00
7.5797239065692650e-03 1.2092400407438230e-02 0.0000000000000000e+00
3.1893933976613054e-03 1.8253077622967451e-02 0.0000000000000000e+00
3.1898251765695960e-03 1.2726629983105040e-02 0.0000000000000000e+00
9.5241272930067650e-03 1.4035458006207681e-02 0.0000000000000000e+00
8.1342264457117293e-03 1.2646573677576481e-02 0.0000000000000000e+00
3.1886244838103183e-03 2.2974914789112240e-02 0.0000000000000000e+00
1.3949543337298212e-02 1.8504378023780351e-02 0.0000000000000000e+00
3.1912884199272510e-03 1.5092372543254009e-02 0.0000000000000000e+00
1.1478069405932052e-02 1.5990336791677589e-02 0.0000000000000000e+00
1.0920934667839742e-02 1.5433090269493979e-02 0.0000000000000000e+00
1.2036047546927001e-02 1.6548203194604601e-02 0.0000000000000000e+00
1.0083643145417352e-02 1.4595756486763881e-02 0.0000000000000000e+00
3.1899522414578973e-03 1.9434541884658211e-02 0.0000000000000000e+00
1.2369857946158592e-02 2.1225628226030410e-02 0.0000000000000000e+00
1.3419746024167992e-02 1.7930986390070430e-02 0.0000000000000000e+00
1.4602485490820532e-02 1.9091043731463930e-02 0.0000000000000000e+00
3.1912499312682099e-03 1.4296458902383850e-02 0.0000000000000000e+00
8.6896926133695259e-03 1.3201258335591571e-02 0.0000000000000000e+00
6.9329329615411108e-03 2.3137320553752911e-02 0.0000000000000000e+00
1.1672272244758902e-02 2.1563974140372460e-02 0.0000000000000000e+00
1.1004135872099682e-02 2.1966812198399979e-02 0.0000000000000000e+00
3.5880259216535993e-03 2.3784077777905518e-02 0.0000000000000000e+00
8.7631368174864339e-03 2.2961409905904440e-02 0.0000000000000000e+00
3.1894255320124641e-03 1.8645919038748220e-02 0.0000000000000000e+00
1.2868675066846342e-02 1.7380313285488939e-02 0.0000000000000000e+00
9.4103580160177988e-03 2.2613886281510939e-02 0.0000000000000000e+00
6.2039336910543041e-03 2.3363514207330991e-02 0.0000000000000000e+00
1.3526210587002891e-02 2.0537119541412220e-02 0.0000000000000000e+00
4.4303329238825680e-03 2.4140720813985220e-02 0.0000000000000000e+00
1.4124211281548161e-02 2.0103685121047099e-02 0.0000000000000000e+00
1.4397311270180011e-02 1.9373602512203970e-02 0.0000000000000000e+00
3.2048353545076178e-03 1.1970670466509190e-02 0.0000000000000000e+00
7.6485580630450021e-03 2.2952598633575679e-02 0.0000000000000000e+00
1.2986457132301833e-02 2.0965098178234949e-02 0.0000000000000000e+00
3.5884661649080185e-03 1.8245970457189661e-02 0.0000000000000000e+00
3.5907107726898257e-03 1.4693172363729200e-02 0.0000000000000000e+00
1.1477143607320611e-02 1.6554045666928259e-02 0.0000000000000000e+00
7.5712166122388729e-03 1.2648339001753399e-02 0.0000000000000000e+00
3.5899081642316775e-03 1.9829679069094941e-02 0.0000000000000000e+00
1.2864694502208262e-02 1.7937234336834671e-02 0.0000000000000000e+00
7.9576619099725691e-03 2.2485592931074661e-02 0.0000000000000000e+00
5.1632252711448588e-03 2.3692963145115060e-02 0.0000000000000000e+00
4.3680192748483983e-03 1.0939325682567639e-02 0.0000000000000000e+00
1.3401287384256142e-02 1.8468258159363510e-02 0.0000000000000000e+00
3.5907495386432739e-03 1.3898668855208121e-02 0.0000000000000000e+00
4.3818709173815036e-03 2.3743125326047821e-02 0.0000000000000000e+00
3.1904460314574894e-03 2.1794373208027441e-02 0.0000000000000000e+00
3.5864312017158291e-03 2.2569348444801560e-02 0.0000000000000000e+00
7.1699235447040474e-03 2.2665501519802369e-02 0.0000000000000000e+00
1.3875049883942702e-02 1.9803559688554288e-02 0.0000000000000000e+00
9.7282383452140034e-03 2.2132818942788238e-02 0.0000000000000000e+00
4.0051705764372345e-03 1.1053028115154479e-02 0.0000000000000000e+00
1.0464847998501942e-02 2.1825199175106030e-02 0.0000000000000000e+00
7.3041253546871953e-03 1.1816809905561550e-02 0.0000000000000000e+00
3.5905475171600222e-03 2.0619856188274620e-02 0.0000000000000000e+00
3.1905148850959681e-03 1.3111928886871810e-02 0.0000000000000000e+00
3.1913283553003688e-03 1.5489797510021610e-02 0.0000000000000000e+00
3.1894517897631154e-03 1.7859860945328411e-02 0.0000000000000000e+00
6.1987912248312746e-03 1.0702163591764480e-02 0.0000000000000000e+00
8.1257770930803132e-03 1.3202214170944269e-02 0.0000000000000000e+00
1.3821287579505202e-02 1.9041753433949048e-02 0.0000000000000000e+00
1.0919812311539791e-02 1.5996601377852190e-02 0.0000000000000000e+00
3.1925995360980518e-03 1.2349841434134199e-02 0.0000000000000000e+00
3.1900335712526837e-03 1.7072707668781540e-02 0.0000000000000000e+00
1.2033500620165451e-02 1.7109868164314802e-02 0.0000000000000000e+00
8.9616086207670483e-03 1.4037145166283510e-02 0.0000000000000000e+00
9.5211592997693217e-03 1.4597825308957200e-02 0.0000000000000000e+00
3.5887354284721154e-03 1.9036427802917959e-02 0.0000000000000000e+00
1.0081953548448522e-02 1.5158805617477631e-02 0.0000000000000000e+00
4.7989239583365630e-03 2.4101166423008240e-02 0.0000000000000000e+00
1.2018135745566741e-02 2.1384269889409960e-02 0.0000000000000000e+00
3.1909699186365307e-03 1.6282790184376079e-02 0.0000000000000000e+00
6.5732092449445750e-03 2.3248121792259779e-02 0.0000000000000000e+00
5.3907453590734773e-03 1.0387541228896430e-02 0.0000000000000000e+00
1.1336221416533041e-02 2.1761894042250311e-02 0.0000000000000000e+00
1.0641117797146422e-02 1.5717820718046761e-02 0.0000000000000000e+00
3.1908832152261874e-03 2.1403293986523991e-02 0.0000000000000000e+00
6.7532898776184579e-03 1.1264691851314779e-02 0.0000000000000000e+00
8.4039764455910108e-03 1.3479874892059309e-02 0.0000000000000000e+00
1.2310892307216641e-02 1.7386874977137770e-02 0.0000000000000000e+00
3.5852195165634155e-03 2.2967301590908061e-02 0.0000000000000000e+00
8.9778488403173973e-03 2.2507101578691339e-02 0.0000000000000000e+00
5.8297414426296615e-03 2.3447541719697530e-02 0.0000000000000000e+00
1.2957306084557642e-02 2.0462961932636421e-02 0.0000000000000000e+00
1.2616887001543451e-02 2.0727109100873390e-02 0.0000000000000000e+00
8.2721779706423498e-03 2.2773430865574710e-02 0.0000000000000000e+00
1.3824453088716042e-02 2.0318537658979400e-02 0.0000000000000000e+00
3.6093174006767629e-03 1.2001954660583521e-02 0.0000000000000000e+00
3.7139535096986907e-03 1.1588303885789780e-02 0.0000000000000000e+00
1.3973746285605021e-02 1.9333565897326450e-02 0.0000000000000000e+00
3.9810551686315400e-03 2.3358643203919220e-02 0.0000000000000000e+00
4.9011137063105677e-03 1.0309924393324470e-02 0.0000000000000000e+00
1.4197339197488902e-02 1.9211636238297289e-02 0.0000000000000000e+00
3.9275854422274091e-03 1.0711730252774051e-02 0.0000000000000000e+00
1.0081526536779102e-02 1.5722915779086060e-02 0.0000000000000000e+00
3.5898030515496820e-03 1.6671320403429460e-02 0.0000000000000000e+00
8.3980626879461388e-03 1.4038077489734461e-02 0.0000000000000000e+00
1.2032846814909291e-02 1.7672764170347049e-02 0.0000000000000000e+00
6.7490542926047399e-03 1.1825438317487891e-02 0.0000000000000000e+00
1.2696390038686322e-02 2.0151479088229150e-02 0.0000000000000000e+00
6.1980880264881919e-03 1.1267517259008229e-02 0.0000000000000000e+00
1.3671334652224691e-02 1.9497971917491221e-02 0.0000000000000000e+00
3.5906533513429340e-03 1.5882361815190659e-02 0.0000000000000000e+00
3.5890162736545482e-03 2.1785851775653179e-02 0.0000000000000000e+00
7.2957471323126452e-03 1.2373032329284529e-02 0.0000000000000000e+00
3.9767902248970611e-03 1.2035322297525949e-02 0.0000000000000000e+00
4.3670715984795924e-03 2.3341747427056771e-02 0.0000000000000000e+00
4.7722921444081972e-03 1.0792902412862321e-02 0.0000000000000000e+00
3.5877727083463338e-03 1.2733949719190150e-02 0.0000000000000000e+00
8.2697145432124274e-03 2.2264442770618710e-02 0.0000000000000000e+00
4.4685273717646355e-03 1.1291427917552849e-02 0.0000000000000000e+00
9.3740659236930465e-03 2.2203794934479590e-02 0.0000000000000000e+00
9.9304951755012551e-03 2.1635640369619669e-02 0.0000000000000000e+00
3.5903704679163101e-03 2.0225451200702970e-02 0.0000000000000000e+00
3.5904260394271637e-03 1.3503919287260170e-02 0.0000000000000000e+00
7.8479172051766459e-03 1.2924743332127441e-02 0.0000000000000000e+00
1.3635821515264811e-02 1.8743809363822191e-02 0.0000000000000000e+00
3.5907522719587997e-03 1.5090162096070970e-02 0.0000000000000000e+00
1.1755839702347021e-02 1.6832561155831871e-02 0.0000000000000000e+00
3.5903284055988781e-03 2.1010000832889199e-02 0.0000000000000000e+00
9.8015867351442260e-03 1.4878509876419289e-02 0.0000000000000000e+00
3.5892623817405174e-03 1.9432968732702640e-02 0.0000000000000000e+00
1.1198655723296402e-02 1.6275534786409890e-02 0.0000000000000000e+00
3.5887268931939970e-03 1.7458161813674190e-02 0.0000000000000000e+00
6.8048543146139511e-03 2.2766802062175330e-02 0.0000000000000000e+00
9.2411703793805564e-03 1.4317250891171271e-02 0.0000000000000000e+00
1.2186871290060831e-02 2.0875888901970029e-02 0.0000000000000000e+00
1.2588229672736312e-02 1.7663222992935729e-02 0.0000000000000000e+00
1.3139336486292771e-02 1.8205104618802391e-02 0.0000000000000000e+00
3.5907462653146441e-03 1.4295787127180441e-02 0.0000000000000000e+00
3.5885550969991273e-03 1.8640895708980781e-02 0.0000000000000000e+00
4.7538941076251534e-03 2.3716564913318978e-02 0.0000000000000000e+00
1.3259181287554832e-02 2.0231125467235950e-02 0.0000000000000000e+00
3.9828663012041578e-03 2.2549078052036351e-02 0.0000000000000000e+00
3.9801614654023064e-03 2.2950952329158759e-02 0.0000000000000000e+00
1.1472392055918731e-02 2.1220433730934629e-02 0.0000000000000000e+00
5.6430511432480372e-03 1.0681349151348270e-02 0.0000000000000000e+00
1.0803320216381022e-02 2.1622003022158380e-02 0.0000000000000000e+00
6.0765481634321196e-03 2.2983056759486250e-02 0.0000000000000000e+00
3.5877779011312633e-03 2.2174724789424491e-02 0.0000000000000000e+00
1.0641039872747131e-02 1.6282468411211060e-02 0.0000000000000000e+00
3.5885292161699175e-03 1.7851757972362419e-02 0.0000000000000000e+00
7.8390194977994293e-03 1.3480208331283420e-02 0.0000000000000000e+00
7.5381383711887809e-03 2.2573304326150099e-02 0.0000000000000000e+00
8.5811131556132354e-03 2.2559800436661451e-02 0.0000000000000000e+00
5.4937714675514053e-03 2.3501437375550830e-02 0.0000000000000000e+00
3.5902770929423450e-03 1.2364748632221499e-02 0.0000000000000000e+00
5.1011663570918880e-03 1.0591881790271420e-02 0.0000000000000000e+00
1.3564798300825283e-02 2.0006235001897361e-02 0.0000000000000000e+00
1.3507032141510562e-02 1.9206537797587790e-02 0.0000000000000000e+00
3.9876648145931509e-03 1.8239966666106042e-02 0.0000000000000000e+00
3.9901707230164864e-03 1.4691320322223559e-02 0.0000000000000000e+00
3.9892963956279720e-03 1.9828520087843530e-02 0.0000000000000000e+00
5.3272726752914322e-03 1.0944504165338660e-02 0.0000000000000000e+00
1.3277536137977402e-02 1.9322199345777131e-02 0.0000000000000000e+00
1.2589588457249662e-02 1.8222786781071719e-02 0.0000000000000000e+00
3.9905627662858078e-03 1.3898909281382720e-02 0.0000000000000000e+00
1.1199039826072572e-02 1.6840563898827619e-02 0.0000000000000000e+00
7.2830909663651570e-03 1.2925548940652719e-02 0.0000000000000000e+00
8.9614427977383008e-03 2.2096674657271980e-02 0.0000000000000000e+00
4.7119321073267034e-03 2.3353219193965449e-02 0.0000000000000000e+00
4.7721715434930591e-03 1.1209771904811851e-02 0.0000000000000000e+00
4.1184861056806042e-03 1.1402336160062710e-02 0.0000000000000000e+00
4.3777981475700443e-03 2.2932524271171571e-02 0.0000000000000000e+00
1.2356264489656701e-02 2.0346994178431482e-02 0.0000000000000000e+00
3.5892855362407361e-03 1.3114909107818920e-02 0.0000000000000000e+00
3.5907607758082450e-03 1.5486364769520880e-02 0.0000000000000000e+00
3.9896817193122635e-03 2.0615761568017029e-02 0.0000000000000000e+00
8.6780515739572003e-03 1.4318316849714151e-02 0.0000000000000000e+00
9.2387504090567316e-03 1.4880295440420689e-02 0.0000000000000000e+00
3.9880600339382280e-03 1.9033789569062400e-02 0.0000000000000000e+00
9.8006953696981799e-03 1.5442356942049229e-02 0.0000000000000000e+00
3.5892121845842177e-03 1.7064545596385691e-02 0.0000000000000000e+00
3.5897761640018093e-03 2.1397321612376730e-02 0.0000000000000000e+00
6.4746397493527195e-03 1.1548576986714380e-02 0.0000000000000000e+00
1.1755556884293692e-02 1.7396242573309802e-02 0.0000000000000000e+00
8.1185195560362963e-03 1.3759028772313549e-02 0.0000000000000000e+00
1.3142685388279212e-02 1.8710787497467459e-02 0.0000000000000000e+00
1.0361444007540932e-02 1.6002815383698250e-02 0.0000000000000000e+00
1.1821668976539742e-02 2.1039718215191940e-02 0.0000000000000000e+00
3.5902950186494499e-03 1.6276852232763629e-02 0.0000000000000000e+00
6.4411405000700285e-03 2.2875919811948170e-02 0.0000000000000000e+00
9.5848018673069437e-03 2.1765565889778699e-02 0.0000000000000000e+00
7.7719504691990205e-03 2.2071185461367462e-02 0.0000000000000000e+00
7.0355256623902641e-03 2.2291429056357191e-02 0.0000000000000000e+00
5.9179946685088015e-03 1.0978029254746920e-02 0.0000000000000000e+00
1.2997808505380922e-02 1.9929974733575009e-02 0.0000000000000000e+00
1.1135980307643322e-02 2.1418365394999781e-02 0.0000000000000000e+00
1.0920121025492752e-02 1.6561645808567491e-02 0.0000000000000000e+00
1.0271863981614253e-02 2.1467014785408519e-02 0.0000000000000000e+00
7.0217401334791898e-03 1.2098844331845030e-02 0.0000000000000000e+00
7.5604187022356743e-03 1.3202523961059000e-02 0.0000000000000000e+00
1.2310731205597582e-02 1.7948587842435571e-02 0.0000000000000000e+00
3.9878715281348853e-03 1.7449331723124961e-02 0.0000000000000000e+00
5.7146665946317841e-03 2.3077190813126810e-02 0.0000000000000000e+00
3.9870216778040164e-03 2.1766871618330731e-02 0.0000000000000000e+00
3.9853392795164413e-03 2.2153332886032821e-02 0.0000000000000000e+00
3.9777183084438459e-03 1.2373206172182020e-02 0.0000000000000000e+00
1.3288366330751611e-02 1.9635772564718341e-02 0.0000000000000000e+00
1.3363267194647402e-02 1.8947000521092740e-02 0.0000000000000000e+00
5.0472640564780845e-03 2.3298358697989741e-02 0.0000000000000000e+00
3.9916682495102756e-03 1.1791586963839751e-02 0.0000000000000000e+00
9.8005209778818710e-03 1.6006741074906829e-02 0.0000000000000000e+00
8.1143173523868829e-03 1.4319174916129940e-02 0.0000000000000000e+00
1.1756205383728591e-02 1.7959425606219721e-02 0.0000000000000000e+00
6.9912827783137291e-03 1.3206199167169910e-02 0.0000000000000000e+00
1.2474321871041692e-02 1.9840268033387929e-02 0.0000000000000000e+00
4.3841775124649407e-03 2.1736831523584070e-02 0.0000000000000000e+00
3.9899719137621035e-03 1.5875428206370210e-02 0.0000000000000000e+00
1.0920839684059411e-02 1.7127011064455730e-02 0.0000000000000000e+00
6.4652508508125910e-03 1.2105628415246719e-02 0.0000000000000000e+00
4.8255534702800473e-03 2.2936519429065171e-02 0.0000000000000000e+00
4.3205201809016786e-03 1.2026796632869249e-02 0.0000000000000000e+00
3.9901610367429627e-03 1.5086648470702809e-02 0.0000000000000000e+00
1.2974187717664181e-02 1.9133388554075700e-02 0.0000000000000000e+00
3.9891632589763616e-03 2.1001505734026409e-02 0.0000000000000000e+00
8.1172637936620176e-03 2.1934804253085981e-02 0.0000000000000000e+00
5.9233464016339998e-03 1.1551769488979050e-02 0.0000000000000000e+00
5.6426753803034890e-03 1.1260094405519991e-02 0.0000000000000000e+00
1.1988162061564831e-02 2.0520171908012991e-02 0.0000000000000000e+00
3.9896659340518470e-03 2.0223455110326121e-02 0.0000000000000000e+00
3.9904946711566709e-03 1.3505017183579359e-02 0.0000000000000000e+00
1.1477588734927761e-02 1.7118821244574429e-02 0.0000000000000000e+00
9.5196533592913947e-03 1.5161439942058730e-02 0.0000000000000000e+00
3.9886338361148346e-03 1.9431321770479421e-02 0.0000000000000000e+00
1.2874332812974532e-02 1.8492288890659878e-02 0.0000000000000000e+00
3.9878128084178061e-03 1.8636803289469220e-02 0.0000000000000000e+00
3.9890032259480316e-03 1.6662255125386900e-02 0.0000000000000000e+00
6.6695267866426133e-03 2.2396690193521689e-02 0.0000000000000000e+00
1.0361356754071342e-02 1.6567538208023189e-02 0.0000000000000000e+00
7.5525758743399665e-03 1.3761027777789189e-02 0.0000000000000000e+00
8.9582702564188679e-03 1.4599176408569180e-02 0.0000000000000000e+00
3.9903280140433451e-03 1.4295104790537130e-02 0.0000000000000000e+00
7.0079572216852426e-03 1.2650939858369511e-02 0.0000000000000000e+00
3.9876978704597972e-03 1.7844481098605480e-02 0.0000000000000000e+00
1.1270841428960492e-02 2.0875229882647010e-02 0.0000000000000000e+00
5.9604858915940744e-03 2.2621353191121199e-02 0.0000000000000000e+00
1.0604266335089272e-02 2.1274057082910091e-02 0.0000000000000000e+00
9.2677783139576420e-03 2.1862293457280271e-02 0.0000000000000000e+00
4.3851951351536987e-03 2.2520236098173569e-02 0.0000000000000000e+00
3.9881701799698525e-03 2.1383258092661669e-02 0.0000000000000000e+00
3.9883857719829009e-03 1.7055626049193619e-02 0.0000000000000000e+00
9.7518797885523239e-03 2.1283107715960949e-02 0.0000000000000000e+00
1.2312764733490522e-02 1.8507752788260331e-02 0.0000000000000000e+00
4.5739239967202390e-03 1.1629580740255181e-02 0.0000000000000000e+00
5.3631909512728481e-03 2.3177541149635199e-02 0.0000000000000000e+00
7.4050187696685331e-03 2.2189406505752570e-02 0.0000000000000000e+00
3.9838252828624156e-03 1.2736926600801189e-02 0.0000000000000000e+00
8.5813802291007484e-03 2.2144214673188920e-02 0.0000000000000000e+00
4.3871234176146466e-03 1.7442859894188971e-02 0.0000000000000000e+00
4.3874428569037052e-03 1.9031564026331708e-02 0.0000000000000000e+00
4.3893715527880709e-03 1.4689094681645420e-02 0.0000000000000000e+00
4.3882122133405768e-03 2.0605863506026240e-02 0.0000000000000000e+00
6.8911088525963476e-03 2.1921291553593219e-02 0.0000000000000000e+00
5.2489863201728064e-03 2.2806872137330899e-02 0.0000000000000000e+00
4.3906228964939531e-03 1.3900723632787900e-02 0.0000000000000000e+00
1.1478527301696791e-02 1.7683338257518229e-02 0.0000000000000000e+00
6.7161576177839719e-03 1.2929515053155149e-02 0.0000000000000000e+00
4.8764305618462936e-03 1.1524491601947250e-02 0.0000000000000000e+00
8.7774854729655068e-03 2.1689362682680281e-02 0.0000000000000000e+00
5.6127908209587110e-03 2.2718055549218921e-02 0.0000000000000000e+00
1.2603990674757691e-02 1.8788880052715541e-02 0.0000000000000000e+00
4.3885730979111347e-03 1.9824848979900729e-02 0.0000000000000000e+00
3.9885967110837332e-03 1.3116820796334470e-02 0.0000000000000000e+00
8.3948615255797620e-03 1.4599970358735450e-02 0.0000000000000000e+00
8.9563344407166800e-03 1.5162798170070079e-02 0.0000000000000000e+00
9.5191099365316226e-03 1.5725648308160891e-02 0.0000000000000000e+00
4.3869845156226982e-03 1.8236077309102119e-02 0.0000000000000000e+00
3.9895562245495465e-03 1.6268854977654280e-02 0.0000000000000000e+00
1.0641069939536462e-02 1.6847305795994579e-02 0.0000000000000000e+00
7.6141084866674404e-03 2.1698592620149070e-02 0.0000000000000000e+00
7.2707538331674105e-03 1.3484509856949481e-02 0.0000000000000000e+00
4.3837190796366257e-03 2.2120159291220201e-02 0.0000000000000000e+00
1.2147596521399151e-02 2.0013170628239992e-02 0.0000000000000000e+00
7.8337955245628265e-03 1.4039778160863809e-02 0.0000000000000000e+00
1.1622217991224882e-02 2.0691476055742258e-02 0.0000000000000000e+00
1.0081062879657831e-02 1.6287219905529789e-02 0.0000000000000000e+00
1.2033461926149071e-02 1.8233266320793019e-02 0.0000000000000000e+00
6.3116186513748670e-03 2.2510443508804680e-02 0.0000000000000000e+00
3.9901226356782631e-03 1.5481091486460680e-02 0.0000000000000000e+00
6.1950714777369419e-03 1.1830941775134230e-02 0.0000000000000000e+00
1.0934873409744392e-02 2.1073426835665009e-02 0.0000000000000000e+00
1.1199930957935922e-02 1.7405638726669261e-02 0.0000000000000000e+00
1.0079726181889051e-02 2.1115849249603379e-02 0.0000000000000000e+00
6.7351982475631683e-03 1.2377596119492259e-02 0.0000000000000000e+00
9.4222580514259826e-03 2.1418616514764632e-02 0.0000000000000000e+00
4.3882317449502216e-03 1.6654279235122540e-02 0.0000000000000000e+00
4.3869887871961942e-03 2.0985604905590940e-02 0.0000000000000000e+00
4.3853726099873864e-03 2.1360109540511790e-02 0.0000000000000000e+00
5.3769673937077581e-03 1.1549912272073731e-02 0.0000000000000000e+00
4.7934314550913924e-03 2.2478068610315510e-02 0.0000000000000000e+00
4.3580062868293070e-03 1.2365257849081650e-02 0.0000000000000000e+00
1.2771732209869062e-02 1.9643303537204011e-02 0.0000000000000000e+00
1.2987115688361922e-02 1.9492584224608971e-02 0.0000000000000000e+00
8.4501845828552653e-03 2.1811573248016209e-02 0.0000000000000000e+00
4.2388670852180890e-03 1.1716862548931990e-02 0.0000000000000000e+00
9.5188803416643448e-03 1.6290005279914921e-02 0.0000000000000000e+00
7.8311921056746676e-03 1.4601098679642660e-02 0.0000000000000000e+00
1.0641504487924771e-02 1.7412348152377449e-02 0.0000000000000000e+00
6.6895544383739026e-03 1.3502410435621989e-02 0.0000000000000000e+00
4.7817344870735344e-03 2.0960777964936152e-02 0.0000000000000000e+00
1.1478544845405912e-02 1.8244335120798861e-02 0.0000000000000000e+00
1.2028496718084201e-02 1.8782896039889849e-02 0.0000000000000000e+00
4.3892071291003355e-03 1.5868004962552709e-02 0.0000000000000000e+00
1.2292722253747453e-02 1.9563040682915929e-02 0.0000000000000000e+00
6.1771087990418125e-03 1.2381897185364820e-02 0.0000000000000000e+00
8.6154969351786310e-03 2.1375888524611739e-02 0.0000000000000000e+00
9.5601670898658921e-03 2.0939023955762161e-02 0.0000000000000000e+00
9.2376033978984525e-03 1.5444297520467710e-02 0.0000000000000000e+00
4.3879867139789567e-03 1.9428583863808621e-02 0.0000000000000000e+00
4.3886058642371171e-03 2.0216672401875340e-02 0.0000000000000000e+00
4.3926235340652911e-03 1.3508175107662409e-02 0.0000000000000000e+00
4.3871641102007589e-03 1.8633888994121470e-02 0.0000000000000000e+00
1.0080617981856202e-02 1.6851643668318671e-02 0.0000000000000000e+00
4.3869796739646966e-03 1.7839307933504089e-02 0.0000000000000000e+00
7.2685292618176545e-03 1.4047101254987190e-02 0.0000000000000000e+00
8.6755004581506884e-03 1.4881293340220720e-02 0.0000000000000000e+00
4.3895782619038093e-03 1.4294967000610091e-02 0.0000000000000000e+00
1.1064831648277202e-02 2.0529259323089119e-02 0.0000000000000000e+00
7.9647430491112808e-03 2.1574672910400921e-02 0.0000000000000000e+00
4.3893379486951243e-03 1.5082465734619081e-02 0.0000000000000000e+00
1.1788814242635412e-02 2.0168586927437750e-02 0.0000000000000000e+00
5.6496839822119281e-03 1.1833558368145159e-02 0.0000000000000000e+00
4.3876265462857956e-03 1.7048424599604279e-02 0.0000000000000000e+00
5.8613339168908148e-03 2.2293955533899630e-02 0.0000000000000000e+00
4.3809280455088225e-03 1.2733202584306869e-02 0.0000000000000000e+00
7.2538058738905141e-03 2.1814893529632121e-02 0.0000000000000000e+00
1.1200508746706072e-02 1.7969204203537710e-02 0.0000000000000000e+00
1.2561059976656682e-02 1.9355035698079320e-02 0.0000000000000000e+00
1.0406025203662662e-02 2.0927457772382429e-02 0.0000000000000000e+00
4.3887977730328763e-03 1.6261235144105608e-02 0.0000000000000000e+00
4.6704723869159925e-03 1.1967876068342730e-02 0.0000000000000000e+00
5.5374224633352861e-03 2.2383865355886479e-02 0.0000000000000000e+00
4.7784760072257584e-03 2.1696943575976350e-02 0.0000000000000000e+00
6.5277801870929787e-03 2.2030926708078529e-02 0.0000000000000000e+00
6.4451883734355066e-03 1.2654413785432601e-02 0.0000000000000000e+00
4.7820038095893668e-03 2.2077955871549100e-02 0.0000000000000000e+00
5.1009069639232595e-03 1.1256615221244191e-02 0.0000000000000000e+00
9.0974112462795312e-03 2.1551682237863169e-02 0.0000000000000000e+00
5.1935971785059733e-03 2.2421597561985810e-02 0.0000000000000000e+00
4.7864721996350055e-03 1.7439025951960070e-02 0.0000000000000000e+00
4.7867195022901089e-03 1.9027598114807930e-02 0.0000000000000000e+00
4.7883298865421852e-03 1.5863632700052002e-02 0.0000000000000000e+00
4.7870405735439903e-03 1.4688605087865561e-02 0.0000000000000000e+00
4.7870517329640450e-03 1.3907381889935150e-02 0.0000000000000000e+00
6.7445547718291378e-03 2.1558661617758022e-02 0.0000000000000000e+00
5.8867389879050250e-03 1.2654675464007019e-02 0.0000000000000000e+00
1.1197213851248842e-02 1.8525161108055271e-02 0.0000000000000000e+00
4.7874437657964997e-03 1.9814294067844830e-02 0.0000000000000000e+00
6.4172810842154778e-03 1.3213259487092290e-02 0.0000000000000000e+00
8.9005608494110624e-03 2.1180830342835751e-02 0.0000000000000000e+00
5.6157525885490714e-03 2.1982409104435340e-02 0.0000000000000000e+00
5.1647153461435872e-03 2.1654028275057639e-02 0.0000000000000000e+00
4.3916170662405560e-03 1.3117922877918161e-02 0.0000000000000000e+00
8.1119893990369979e-03 1.4882041739603551e-02 0.0000000000000000e+00
8.6738951440731137e-03 1.5445309060233000e-02 0.0000000000000000e+00
9.2371576021983270e-03 1.6008622647629370e-02 0.0000000000000000e+00
4.7863662531049990e-03 1.8233451540481310e-02 0.0000000000000000e+00
1.0360971074473091e-02 1.7131990979738661e-02 0.0000000000000000e+00
6.9790871860829174e-03 1.3780203523760980e-02 0.0000000000000000e+00
4.3893112740152835e-03 1.5475486527049109e-02 0.0000000000000000e+00
4.7848634873265475e-03 2.0584766092673030e-02 0.0000000000000000e+00
4.7875233693751712e-03 1.6649495548149131e-02 0.0000000000000000e+00
1.0921214910021312e-02 1.7691340784416681e-02 0.0000000000000000e+00
1.1984837495092562e-02 1.9711450283714880e-02 0.0000000000000000e+00
9.7998620607949623e-03 1.6570892114127409e-02 0.0000000000000000e+00
7.5505428524327281e-03 1.4322378971349961e-02 0.0000000000000000e+00
1.1754133763583452e-02 1.8512217255316779e-02 0.0000000000000000e+00
5.9144187510910638e-03 1.2107708027202881e-02 0.0000000000000000e+00
7.4520138835725844e-03 2.1336195468201528e-02 0.0000000000000000e+00
1.1419381841410652e-02 2.0337492271659860e-02 0.0000000000000000e+00
1.0732546582287813e-02 2.0730566363986319e-02 0.0000000000000000e+00
1.2306805921228462e-02 1.9063474392712540e-02 0.0000000000000000e+00
9.8844369309838871e-03 2.0768777957893340e-02 0.0000000000000000e+00
4.7411333426205507e-03 1.2329687651429101e-02 0.0000000000000000e+00
8.3048512865297238e-03 2.1462481405925882e-02 0.0000000000000000e+00
4.7779846384486315e-03 2.1327937089495829e-02 0.0000000000000000e+00
5.0691851499127518e-03 1.1853498694024019e-02 0.0000000000000000e+00
6.1715615031964011e-03 2.2156661529569788e-02 0.0000000000000000e+00
5.1780906078890019e-03 2.2032978393270099e-02 0.0000000000000000e+00
9.2691620844015613e-03 2.1094879479681649e-02 0.0000000000000000e+00
5.0355973223319686e-03 1.0973828379396131e-02 0.0000000000000000e+00
9.2368299383773760e-03 1.6572894840271760e-02 0.0000000000000000e+00
7.5487750984715675e-03 1.4882753853942960e-02 0.0000000000000000e+00
1.0360789072148992e-02 1.7696399578587201e-02 0.0000000000000000e+00
6.3471500617453989e-03 1.3861224555314709e-02 0.0000000000000000e+00
5.5162524790571335e-03 2.1607444815551480e-02 0.0000000000000000e+00
4.7875809384477983e-03 1.5080562461091190e-02 0.0000000000000000e+00
5.0954457994451790e-03 1.2271328807751560e-02 0.0000000000000000e+00
5.1704476498960145e-03 2.0931426366230171e-02 0.0000000000000000e+00
9.3560663786168546e-03 2.0593104894705561e-02 0.0000000000000000e+00
8.9553906920484521e-03 1.5727026497065449e-02 0.0000000000000000e+00
4.7870652043124360e-03 1.9421386018007171e-02 0.0000000000000000e+00
4.7945645427073698e-03 1.3519839352958181e-02 0.0000000000000000e+00
4.7865013513119885e-03 1.8630812458630939e-02 0.0000000000000000e+00
9.7990753757041318e-03 1.7135044787806340e-02 0.0000000000000000e+00
4.7863454062376945e-03 1.7836085887318529e-02 0.0000000000000000e+00
6.9985522939215823e-03 1.4330385097234839e-02 0.0000000000000000e+00
4.7867461472164028e-03 2.0200754856550911e-02 0.0000000000000000e+00
4.7880328654431202e-03 1.6256760270391361e-02 0.0000000000000000e+00
8.3928512527430728e-03 1.5163586625899041e-02 0.0000000000000000e+00
1.0919793775237411e-02 1.8251655415783181e-02 0.0000000000000000e+00
4.7863356181491196e-03 1.4297233005618011e-02 0.0000000000000000e+00
1.1628561603574691e-02 1.9806150967570438e-02 0.0000000000000000e+00
4.7869443028140442e-03 1.7044018980068909e-02 0.0000000000000000e+00
6.1561047235233262e-03 1.2928306975214189e-02 0.0000000000000000e+00
1.0851907182753261e-02 2.0202069630064670e-02 0.0000000000000000e+00
7.0998375103119874e-03 2.1453700904683549e-02 0.0000000000000000e+00
1.0209567759351881e-02 2.0583258351692300e-02 0.0000000000000000e+00
4.7902654926821340e-03 1.2715153817440190e-02 0.0000000000000000e+00
1.1745625397883742e-02 1.9023834672157180e-02 0.0000000000000000e+00
1.1473012427273391e-02 1.8791078712229070e-02 0.0000000000000000e+00
8.5211948752189712e-03 2.1041506832368169e-02 0.0000000000000000e+00
4.7880733789671358e-03 1.5472457183522810e-02 0.0000000000000000e+00
6.3853516588744108e-03 2.1670278955347431e-02 0.0000000000000000e+00
6.0198270360920618e-03 2.1802925612622578e-02 0.0000000000000000e+00
7.8060831614836781e-03 2.1205822419160650e-02 0.0000000000000000e+00
5.6232415081001194e-03 1.2373329896267601e-02 0.0000000000000000e+00
1.1987981189522042e-02 1.9340922455251600e-02 0.0000000000000000e+00
5.1583841130786786e-03 2.1293812920781790e-02 0.0000000000000000e+00
5.4035290335151418e-03 1.2092375473048630e-02 0.0000000000000000e+00
5.1858292700637807e-03 1.7437401735803451e-02 0.0000000000000000e+00
5.1855926691336688e-03 1.9017614376916219e-02 0.0000000000000000e+00
5.1871289693087982e-03 1.5865153478548260e-02 0.0000000000000000e+00
5.1801517579071555e-03 1.4693809564758629e-02 0.0000000000000000e+00
6.5990273179091412e-03 2.1198597106927029e-02 0.0000000000000000e+00
5.1854557792693412e-03 1.9793220894877509e-02 0.0000000000000000e+00
1.0911680669267333e-02 1.8797308953717659e-02 0.0000000000000000e+00
5.1775263474509335e-03 1.3916038445354859e-02 0.0000000000000000e+00
5.6288662548819287e-03 1.2920808453417070e-02 0.0000000000000000e+00
8.9948659517437180e-03 2.0766195924876829e-02 0.0000000000000000e+00
1.1488565719048171e-02 1.9384414367314289e-02 0.0000000000000000e+00
5.8636170076246108e-03 2.1415618345747251e-02 0.0000000000000000e+00
5.2593865000798911e-03 1.2648753315222470e-02 0.0000000000000000e+00
7.8297701577446366e-03 1.5164026981368419e-02 0.0000000000000000e+00
8.3916641104212590e-03 1.5727687736136930e-02 0.0000000000000000e+00
4.8062456110817969e-03 1.3120123207970839e-02 0.0000000000000000e+00
8.9549830891048690e-03 1.6291349278915641e-02 0.0000000000000000e+00
5.1856713071845263e-03 1.8229874509204078e-02 0.0000000000000000e+00
1.0079846086100592e-02 1.7415799639810461e-02 0.0000000000000000e+00
6.7243560005979764e-03 1.4090175047923060e-02 0.0000000000000000e+00
5.1805182629720012e-03 2.0558025719803249e-02 0.0000000000000000e+00
5.1867530054700330e-03 1.6649114665840872e-02 0.0000000000000000e+00
1.0640725426363042e-02 1.7974989212665510e-02 0.0000000000000000e+00
9.5180654005069826e-03 1.6854034668959010e-02 0.0000000000000000e+00
7.2703315395582432e-03 1.4602620962750510e-02 0.0000000000000000e+00
6.1179265993211111e-03 1.3473351313061030e-02 0.0000000000000000e+00
1.1195766903707893e-02 1.9950636047718909e-02 0.0000000000000000e+00
1.0533649338849722e-02 2.0395277241749010e-02 0.0000000000000000e+00
9.6865212530841526e-03 2.0423528722115569e-02 0.0000000000000000e+00
5.1833142493461779e-03 1.5084693555166100e-02 0.0000000000000000e+00
8.1715646941168691e-03 2.1098332980838869e-02 0.0000000000000000e+00
7.2864469843950622e-03 2.1018234068780211e-02 0.0000000000000000e+00
5.5632646352353323e-03 2.0924683136517439e-02 0.0000000000000000e+00
5.5063612901179544e-03 2.1271503022556041e-02 0.0000000000000000e+00
8.9546765581227285e-03 1.6855461936614000e-02 0.0000000000000000e+00
1.0079004677555601e-02 1.7979982771861341e-02 0.0000000000000000e+00
7.2690570937961061e-03 1.5161589576050630e-02 0.0000000000000000e+00
6.7328113866818211e-03 1.4578303877299420e-02 0.0000000000000000e+00
5.5740187993999005e-03 1.5095637722402230e-02 0.0000000000000000e+00
5.5814351036423361e-03 2.0534837936329570e-02 0.0000000000000000e+00
5.1648985418409699e-03 1.3557010538550299e-02 0.0000000000000000e+00
6.3086686346753391e-03 1.4335016237462080e-02 0.0000000000000000e+00
6.0245935089405390e-03 2.0954691563048931e-02 0.0000000000000000e+00
8.4965759706333421e-03 2.0631071734472820e-02 0.0000000000000000e+00
8.6731867603781869e-03 1.6009569054823970e-02 0.0000000000000000e+00
9.5169499800455241e-03 1.7418123397725430e-02 0.0000000000000000e+00
5.1856268743034695e-03 1.8624173699839361e-02 0.0000000000000000e+00
5.1856895365669812e-03 1.7833575247768151e-02 0.0000000000000000e+00
5.1871320119280346e-03 1.6257453264855261e-02 0.0000000000000000e+00
5.1842794052757530e-03 2.0176018521059321e-02 0.0000000000000000e+00
1.0637614471472491e-02 1.8529446879244439e-02 0.0000000000000000e+00
5.8710103498270955e-03 1.3193754149452990e-02 0.0000000000000000e+00
5.1854410203895718e-03 1.9405627376604541e-02 0.0000000000000000e+00
8.1107420348890766e-03 1.5445729662104909e-02 0.0000000000000000e+00
5.1765849626489229e-03 1.4304352941610220e-02 0.0000000000000000e+00
5.1854548037041735e-03 1.5475432329432310e-02 0.0000000000000000e+00
5.1862195994981809e-03 1.7043008163500659e-02 0.0000000000000000e+00
1.0658981071752272e-02 1.9924006472897490e-02 0.0000000000000000e+00
9.1567678560428942e-03 2.0244410213658841e-02 0.0000000000000000e+00
5.2591117694083308e-03 1.3149403595997190e-02 0.0000000000000000e+00
1.1183670876561342e-02 1.9064325795891120e-02 0.0000000000000000e+00
1.0016095083648612e-02 2.0237289256205319e-02 0.0000000000000000e+00
7.6092907337555211e-03 2.0787091032230209e-02 0.0000000000000000e+00
6.9576890216905456e-03 2.1099441582700950e-02 0.0000000000000000e+00
6.2691528315910669e-03 2.1329845959371301e-02 0.0000000000000000e+00
1.1118285238365872e-02 1.9568249001489370e-02 0.0000000000000000e+00
5.5853703351098046e-03 1.7437205672513351e-02 0.0000000000000000e+00
5.5842628432938345e-03 1.8997880454320430e-02 0.0000000000000000e+00
5.5852653273389605e-03 1.5872506409918139e-02 0.0000000000000000e+00
1.0631941746900212e-02 1.9060377769154639e-02 0.0000000000000000e+00
5.9869540542855397e-03 2.0501844622519382e-02 0.0000000000000000e+00
5.5654166223827158e-03 1.4707729213795829e-02 0.0000000000000000e+00
5.8932317688264162e-03 1.3643423338409370e-02 0.0000000000000000e+00
8.0478607766198990e-03 2.0709106386562391e-02 0.0000000000000000e+00
6.4715520426877043e-03 2.0823790767761811e-02 0.0000000000000000e+00
7.5508022664182665e-03 1.5443913100165890e-02 0.0000000000000000e+00
8.1109490145517445e-03 1.6008721811096350e-02 0.0000000000000000e+00
5.5847051632621839e-03 1.8221318488626761e-02 0.0000000000000000e+00
8.6730021387793968e-03 1.6573548722280122e-02 0.0000000000000000e+00
9.7978124548534305e-03 1.7699371807300461e-02 0.0000000000000000e+00
5.5854146025117899e-03 1.6654457179650310e-02 0.0000000000000000e+00
1.0359383723621062e-02 1.8256971793600869e-02 0.0000000000000000e+00
5.5810104530861319e-03 1.9764536440552129e-02 0.0000000000000000e+00
9.2359505472734069e-03 1.7136840886770099e-02 0.0000000000000000e+00
6.9887110639159020e-03 1.4872560911701671e-02 0.0000000000000000e+00
6.5783527025532283e-03 1.4335847949188839e-02 0.0000000000000000e+00
1.0352415639245932e-02 2.0057706494584309e-02 0.0000000000000000e+00
8.8304925200667211e-03 2.0373441160036129e-02 0.0000000000000000e+00
5.5804407487460607e-03 1.5483223291113230e-02 0.0000000000000000e+00
9.4895010364785589e-03 2.0081954253747949e-02 0.0000000000000000e+00
7.1932535613112771e-03 2.0675914391888480e-02 0.0000000000000000e+00
5.5564128474644538e-03 1.3928620585196630e-02 0.0000000000000000e+00
5.5953046219602790e-03 1.3512086441311490e-02 0.0000000000000000e+00
1.0893470218954572e-02 1.9315415716077210e-02 0.0000000000000000e+00
5.5803932268981213e-03 2.0146834015034160e-02 0.0000000000000000e+00
1.0887927201438682e-02 1.9755055902046140e-02 0.0000000000000000e+00
8.6736619587204009e-03 1.7137113786456031e-02 0.0000000000000000e+00
9.7965685874481217e-03 1.8265244775626709e-02 0.0000000000000000e+00
5.9858009680997483e-03 1.5883975459129951e-02 0.0000000000000000e+00
6.9964221074765532e-03 1.5435221223575331e-02 0.0000000000000000e+00
5.9503426528301649e-03 1.5110784757450721e-02 0.0000000000000000e+00
6.3825607224010598e-03 2.0430693223689050e-02 0.0000000000000000e+00
7.5849798942598662e-03 2.0379656005536501e-02 0.0000000000000000e+00
6.3799504802817533e-03 1.4798873449097361e-02 0.0000000000000000e+00
5.9412877793229386e-03 1.4325898885577950e-02 0.0000000000000000e+00
9.2347799652317715e-03 1.7700665405699940e-02 0.0000000000000000e+00
5.5850497488496593e-03 1.7829316072528481e-02 0.0000000000000000e+00
8.3917852030528095e-03 1.6291077767377059e-02 0.0000000000000000e+00
5.5845333037958878e-03 1.8609497643786041e-02 0.0000000000000000e+00
5.5854953360093499e-03 1.6264719018962901e-02 0.0000000000000000e+00
1.0361374827723712e-02 1.8804605258847931e-02 0.0000000000000000e+00
5.5827618277128612e-03 1.9381486229383120e-02 0.0000000000000000e+00
7.8314655810857049e-03 1.5725846054826260e-02 0.0000000000000000e+00
5.5854844154269298e-03 1.7045715276771092e-02 0.0000000000000000e+00
9.8169759747866146e-03 1.9897625642406699e-02 0.0000000000000000e+00
8.9654857335720439e-03 1.9898871963289461e-02 0.0000000000000000e+00
8.2848330063298153e-03 2.0206222679938379e-02 0.0000000000000000e+00
6.8505995924258850e-03 2.0732029230960309e-02 0.0000000000000000e+00
5.5589242254616136e-03 1.4315935887504509e-02 0.0000000000000000e+00
5.9673633730299687e-03 1.9738391214037001e-02 0.0000000000000000e+00
5.9649647735756008e-03 2.0115252120225469e-02 0.0000000000000000e+00
1.0618241661138922e-02 1.9583818624864479e-02 0.0000000000000000e+00
5.9873826166655878e-03 1.7436537603871760e-02 0.0000000000000000e+00
7.8338795023964840e-03 1.6284379770967489e-02 0.0000000000000000e+00
5.9829992994524916e-03 1.8204329126762200e-02 0.0000000000000000e+00
7.2804952582589105e-03 1.5717295325760699e-02 0.0000000000000000e+00
7.1943425948277039e-03 2.0259438558545451e-02 0.0000000000000000e+00
1.0175575915813402e-02 1.9662946774079419e-02 0.0000000000000000e+00
5.9845858283812401e-03 1.8969185073766048e-02 0.0000000000000000e+00
9.5150022257146482e-03 1.7983084979203961e-02 0.0000000000000000e+00
8.3924981184694825e-03 1.6853677333222301e-02 0.0000000000000000e+00
1.0080296281632583e-02 1.8541003664714509e-02 0.0000000000000000e+00
5.9706179918219936e-03 1.5486477200154039e-02 0.0000000000000000e+00
8.9546828441247599e-03 1.7418878840820249e-02 0.0000000000000000e+00
6.7089166882451246e-03 1.5139819005800640e-02 0.0000000000000000e+00
6.7699889124679209e-03 2.0335767363067570e-02 0.0000000000000000e+00
5.9818654291347055e-03 1.6664956145325080e-02 0.0000000000000000e+00
6.3135801749825112e-03 1.9731990428812681e-02 0.0000000000000000e+00
6.3102370123211049e-03 2.0082048883194519e-02 0.0000000000000000e+00
9.3015356718894274e-03 1.9737551659174069e-02 0.0000000000000000e+00
5.9806590874121731e-03 1.6280718572117301e-02 0.0000000000000000e+00
8.6310968480307355e-03 2.0055629520709359e-02 0.0000000000000000e+00
7.9275899779352472e-03 2.0317925644899350e-02 0.0000000000000000e+00
5.9800314369680106e-03 1.9356471478251019e-02 0.0000000000000000e+00
1.0378908921504941e-02 1.9300011999633420e-02 0.0000000000000000e+00
5.9205422310847555e-03 1.3928557672090520e-02 0.0000000000000000e+00
5.9462055261218791e-03 1.4730820925197820e-02 0.0000000000000000e+00
8.3978869884835348e-03 1.7416931741455161e-02 0.0000000000000000e+00
8.9558237599823703e-03 1.7979694950011071e-02 0.0000000000000000e+00
6.4160055194289961e-03 1.5919797720386139e-02 0.0000000000000000e+00
9.5116862452318974e-03 1.8553539875463088e-02 0.0000000000000000e+00
9.8884247637787571e-03 1.9374505915622880e-02 0.0000000000000000e+00
7.0744414103615649e-03 1.9817922727329691e-02 0.0000000000000000e+00
8.1124356552736334e-03 1.6568522227040961e-02 0.0000000000000000e+00
5.9823935822462719e-03 1.8584634995875399e-02 0.0000000000000000e+00
5.9851670674745403e-03 1.7820719765158310e-02 0.0000000000000000e+00
5.9872792344367329e-03 1.7050046637523960e-02 0.0000000000000000e+00
7.5578569579831780e-03 1.5999448794471571e-02 0.0000000000000000e+00
8.7776904371372980e-03 1.9555493644503319e-02 0.0000000000000000e+00
6.3781806317374052e-03 1.6668999517624739e-02 0.0000000000000000e+00
6.7598490372500347e-03 1.5698630137935800e-02 0.0000000000000000e+00
8.1283724818489392e-03 1.9845653504544650e-02 0.0000000000000000e+00
9.6175334664952879e-03 1.9594512354147268e-02 0.0000000000000000e+00
6.2316439602351321e-03 1.5117891106655580e-02 0.0000000000000000e+00
7.5113681846615665e-03 2.0032633994175840e-02 0.0000000000000000e+00
6.3777295525408529e-03 1.8926945907678221e-02 0.0000000000000000e+00
6.4097804172606404e-03 1.9345977894756151e-02 0.0000000000000000e+00
1.0103328557937672e-02 1.9090754527033849e-02 0.0000000000000000e+00
6.6734015163652316e-03 1.9888821889000881e-02 0.0000000000000000e+00
6.3965253840484373e-03 1.7437109926156710e-02 0.0000000000000000e+00
7.5595387825504040e-03 1.6548247733408350e-02 0.0000000000000000e+00
7.0129858482326345e-03 1.5980651467850149e-02 0.0000000000000000e+00
7.4135042943674042e-03 1.9700263559123840e-02 0.0000000000000000e+00
6.7401213760263567e-03 1.8880236979763130e-02 0.0000000000000000e+00
7.0165281055712507e-03 1.9480894672515871e-02 0.0000000000000000e+00
9.5064826400241640e-03 1.9179334349961889e-02 0.0000000000000000e+00
9.8048326256068748e-03 1.8834406382563389e-02 0.0000000000000000e+00
8.1151601029682951e-03 1.7130458421177979e-02 0.0000000000000000e+00
6.3772871427077325e-03 1.8181050147511500e-02 0.0000000000000000e+00
9.2327174688738405e-03 1.8262974417266931e-02 0.0000000000000000e+00
6.3406653484616195e-03 1.6315240860892130e-02 0.0000000000000000e+00
8.6789906716156356e-03 1.7698207941239559e-02 0.0000000000000000e+00
6.4009533911507993e-03 1.7053396553413560e-02 0.0000000000000000e+00
8.4522715640456929e-03 1.9707689211249890e-02 0.0000000000000000e+00
7.8140444406603476e-03 1.9953843886629241e-02 0.0000000000000000e+00
9.1146202152070296e-03 1.9384881721582741e-02 0.0000000000000000e+00
6.3923215610071828e-03 1.5427147341617880e-02 0.0000000000000000e+00
6.3730672541063658e-03 1.8553275877931770e-02 0.0000000000000000e+00
6.7399365006205643e-03 1.9500087221152120e-02 0.0000000000000000e+00
8.1336523692864589e-03 1.7698690619684539e-02 0.0000000000000000e+00
8.6878483088988628e-03 1.8250547081971331e-02 0.0000000000000000e+00
8.5987579126594067e-03 1.9221365659750359e-02 0.0000000000000000e+00
6.7401305110109449e-03 1.6651123881148630e-02 0.0000000000000000e+00
9.2182645377861128e-03 1.8825172536104110e-02 0.0000000000000000e+00
7.7154851142854043e-03 1.9626898535405359e-02 0.0000000000000000e+00
7.8332546715990069e-03 1.6838666566608301e-02 0.0000000000000000e+00
6.3827974220269385e-03 1.7810504538607240e-02 0.0000000000000000e+00
7.2902959635190463e-03 1.6262294415377989e-02 0.0000000000000000e+00
6.7877405664413587e-03 1.7466478112603490e-02 0.0000000000000000e+00
6.7584684802159331e-03 1.8159005700397159e-02 0.0000000000000000e+00
6.7466544510646599e-03 1.8525531050327539e-02 0.0000000000000000e+00
7.3335093769859930e-03 1.9284640395584789e-02 0.0000000000000000e+00
7.0208154637968791e-03 1.9171189741446160e-02 0.0000000000000000e+00
6.7552299642951417e-03 1.9186607752222608e-02 0.0000000000000000e+00
8.0078808766796909e-03 1.9522233192539540e-02 0.0000000000000000e+00
7.7645310056909025e-03 1.9215636771743771e-02 0.0000000000000000e+00
7.1205564808724010e-03 1.8145040570901921e-02 0.0000000000000000e+00
7.2694280849537251e-03 1.6795324639832510e-02 0.0000000000000000e+00
7.8376157413433574e-03 1.7412037972971649e-02 0.0000000000000000e+00
8.9570702516473238e-03 1.8528770621057171e-02 0.0000000000000000e+00
6.8919892929586455e-03 1.7057916500751020e-02 0.0000000000000000e+00
8.4178687042077687e-03 1.7972625489103489e-02 0.0000000000000000e+00
8.2864564611070408e-03 1.9370720277566790e-02 0.0000000000000000e+00
8.9132936977150082e-03 1.9049030439908739e-02 0.0000000000000000e+00
6.7588101120881899e-03 1.7806912930755151e-02 0.0000000000000000e+00
6.7354904019906485e-03 1.6260584249903190e-02 0.0000000000000000e+00
7.3629511005874121e-03 1.8894957731574291e-02 0.0000000000000000e+00
7.0660611125307029e-03 1.8868681139890601e-02 0.0000000000000000e+00
7.6686342163364649e-03 1.8819241427509681e-02 0.0000000000000000e+00
8.4218239304810708e-03 1.8538798560714550e-02 0.0000000000000000e+00
7.9044846809779943e-03 1.8000383641852209e-02 0.0000000000000000e+00
7.5427615005488032e-03 1.7105819543575190e-02 0.0000000000000000e+00
7.1061485320834785e-03 1.7791758637469939e-02 0.0000000000000000e+00
7.4523591236332742e-03 1.8530821115289271e-02 0.0000000000000000e+00
7.0585139573408583e-03 1.7532850826106349e-02 0.0000000000000000e+00
8.1346704769246006e-03 1.9022374857187989e-02 0.0000000000000000e+00
8.4455595970606163e-03 1.8918342033581181e-02 0.0000000000000000e+00
7.0944281227161600e-03 1.8516641366197021e-02 0.0000000000000000e+00
8.7231982890768871e-03 1.8761554401753321e-02 0.0000000000000000e+00
7.2557730571234953e-03 1.7359242551837621e-02 0.0000000000000000e+00
7.0492132149088836e-03 1.6503292802046439e-02 0.0000000000000000e+00
8.1824975389473004e-03 1.8222241336999030e-02 0.0000000000000000e+00
7.7272344211326621e-03 1.8299342539803622e-02 0.0000000000000000e+00
7.4373562295001897e-03 1.8154726615321470e-02 0.0000000000000000e+00
7.5143209622815345e-03 1.7745536153791201e-02 0.0000000000000000e+00
7.9878629716403325e-03 1.8602420584061731e-02 0.0000000000000000e+00
2.1823354522249915e-03 7.4228724094388739e-03 0.0000000000000000e+00
3.8858556039129584e-03 6.7066891273040892e-03 0.0000000000000000e+00
1.5432329703715015e-03 7.6082468235352764e-03 0.0000000000000000e+00
4.4667426305920882e-03 6.3188338878486317e-03 0.0000000000000000e+00
3.2117776435007244e-03 7.0189042633386298e-03 0.0000000000000000e+00
1.3651169862022425e-03 6.2157615623219678e-03 0.0000000000000000e+00
3.4418901868205954e-03 5.4060068026087881e-03 0.0000000000000000e+00
6.6404837588594019e-04 7.3591030872240306e-03 0.0000000000000000e+00
4.3253999288558383e-03 5.1253564588556611e-03 0.0000000000000000e+00
4.7883234666221989e-03 6.0767166979711221e-03 0.0000000000000000e+00
6.3458741638944228e-04 6.5744703181062633e-03 0.0000000000000000e+00
9.1791975370366144e-04 7.7189369332153583e-03 0.0000000000000000e+00
3.5845732242643495e-03 4.8162467615317844e-03 0.0000000000000000e+00
8.4573110683905058e-04 6.2289722302513277e-03 0.0000000000000000e+00
4.0120281809696108e-04 7.7313045411382727e-03 0.0000000000000000e+00
5.1423163489155849e-03 5.8129414920254493e-03 0.0000000000000000e+00
1.2083272348745353e-03 7.6410189908601260e-03 0.0000000000000000e+00
1.8396834465834995e-03 7.4803928062040859e-03 0.0000000000000000e+00
2.8658349380052644e-03 7.2098684111861688e-03 0.0000000000000000e+00
3.6255723504962233e-03 6.8722602004530012e-03 0.0000000000000000e+00
4.1545175634358639e-03 6.4876554296564772e-03 0.0000000000000000e+00
2.4970678337688534e-03 7.2908862186736468e-03 0.0000000000000000e+00
3.9462724639379911e-03 4.5740798683646016e-03 0.0000000000000000e+00
3.9474446365524065e-04 6.0887782194302418e-03 0.0000000000000000e+00
2.1990378214296223e-03 5.6663898685675434e-03 0.0000000000000000e+00
2.7313851764006166e-03 6.8878407577265830e-03 0.0000000000000000e+00
3.3503708772091214e-03 6.6576403656983321e-03 0.0000000000000000e+00
2.0839640175847334e-03 7.0625649312470312e-03 0.0000000000000000e+00
3.9681705111286247e-03 6.2108401055476379e-03 0.0000000000000000e+00
4.2557758474802863e-03 6.0016533016543239e-03 0.0000000000000000e+00
4.5282496580897136e-03 5.7647297708763694e-03 0.0000000000000000e+00
1.2667934067864665e-03 7.2249401913342228e-03 0.0000000000000000e+00
2.5885686774419505e-03 5.6904827225328063e-03 0.0000000000000000e+00
4.8194107134482533e-03 5.4822263709936661e-03 0.0000000000000000e+00
1.7580115749968605e-03 7.1714112807592144e-03 0.0000000000000000e+00
2.5670387168530693e-03 6.1108811502974553e-03 0.0000000000000000e+00
1.6025947317797925e-03 6.7825804153481082e-03 0.0000000000000000e+00
3.9927650426446566e-03 5.6744198844773464e-03 0.0000000000000000e+00
3.6711675980788815e-03 6.4160968281794066e-03 0.0000000000000000e+00
1.3543592996695694e-03 5.7322222823578224e-03 0.0000000000000000e+00
3.1473014945788635e-03 5.0663707868725000e-03 0.0000000000000000e+00
2.4206124068225582e-03 6.9607569585209174e-03 0.0000000000000000e+00
3.0038038740588693e-03 6.7632840237389696e-03 0.0000000000000000e+00
4.2928480591799961e-03 5.5431194391461960e-03 0.0000000000000000e+00
3.7658000297399676e-03 5.9683353784247446e-03 0.0000000000000000e+00
3.1408866131646352e-03 6.2933689088866670e-03 0.0000000000000000e+00
1.7671535222620164e-03 6.0688050703572296e-03 0.0000000000000000e+00
3.1382251194302375e-03 5.5854267426046359e-03 0.0000000000000000e+00
2.7574965971932063e-03 6.5033996481461192e-03 0.0000000000000000e+00
1.9909605255044446e-03 6.7524455024406292e-03 0.0000000000000000e+00
3.8123734990363235e-03 5.2453043846537378e-03 0.0000000000000000e+00
9.5589351172704808e-04 6.5715717436161704e-03 0.0000000000000000e+00
9.7691027362748362e-04 5.7514789218460561e-03 0.0000000000000000e+00
2.3679196013279553e-03 6.2598994785519396e-03 0.0000000000000000e+00
3.4814069181313976e-03 6.1264784017756764e-03 0.0000000000000000e+00
5.1892637154752903e-04 5.7578161590893439e-03 0.0000000000000000e+00
1.7515546191471574e-03 5.6720067612668649e-03 0.0000000000000000e+00
2.7867231366414955e-03 5.3292137932904474e-03 0.0000000000000000e+00
1.2484705226656584e-03 6.6140363660418854e-03 0.0000000000000000e+00
1.0122342405815424e-03 6.8544899283176893e-03 0.0000000000000000e+00
2.9718653933277894e-03 5.9222340358626854e-03 0.0000000000000000e+00
3.5989339502142774e-03 5.7037127164563358e-03 0.0000000000000000e+00
1.7108649250527224e-03 6.4115817628397839e-03 0.0000000000000000e+00
6.2403603471976495e-04 6.9140445482432956e-03 0.0000000000000000e+00
2.3282348799400906e-03 6.5733406163203537e-03 0.0000000000000000e+00
3.3423151771618904e-03 5.8484664292315124e-03 0.0000000000000000e+00
2.0073745419758463e-03 6.4393471382923721e-03 0.0000000000000000e+00
2.1559661077662886e-03 6.1047689501167214e-03 0.0000000000000000e+00
1.6991974338169530e-18 2.7750000000000000e-02 0.0000000000000000e+00
2.7666666666666669e-02 0.0000000000000000e+00 0.0000000000000000e+00
1.6940947388205049e-18 2.7666666666666669e-02 0.0000000000000000e+00
2.7583333333333331e-02 0.0000000000000000e+00 0.0000000000000000e+00
1.6889920438240579e-18 2.7583333333333331e-02 0.0000000000000000e+00
2.4216136007988121e-04 2.7748943365030750e-02 0.0000000000000000e+00
4.8430427863460689e-04 2.7745773540589859e-02 0.0000000000000000e+00
7.2641031554347897e-04 2.7740490768071710e-02 0.0000000000000000e+00
9.6846103349438597e-04 2.7733095449779911e-02 0.0000000000000000e+00
1.2104379993880671e-03 2.7723588148896559e-02 0.0000000000000000e+00
1.4523227857416950e-03 2.7711969589439420e-02 0.0000000000000000e+00
1.6940969720922660e-03 2.7698240656206810e-02 0.0000000000000000e+00
1.9357421463994751e-03 2.7682402394710121e-02 0.0000000000000000e+00
2.1772399064476800e-03 2.7664456011094300e-02 0.0000000000000000e+00
2.4185718612475060e-03 2.7644402872045941e-02 0.0000000000000000e+00
2.6597196324362180e-03 2.7622244504689211e-02 0.0000000000000000e+00
2.9006648556773700e-03 2.7597982596469589e-02 0.0000000000000000e+00
3.1413891820594080e-03 2.7571618995025301e-02 0.0000000000000000e+00
3.3818742794928238e-03 2.7543155708046690e-02 0.0000000000000000e+00
3.6221018341064228e-03 2.7512594903123241e-02 0.0000000000000000e+00
3.8620535516418171e-03 2.7479938907578581e-02 0.0000000000000000e+00
4.1017111588466807e-03 2.7445190208293200e-02 0.0000000000000000e+00
4.3410564048664011e-03 2.7408351451515069e-02 0.0000000000000000e+00
4.5800710626337851e-03 2.7369425442658180e-02 0.0000000000000000e+00
4.8187369302573066e-03 2.7328415146088771e-02 0.0000000000000000e+00
5.0570358324070674e-03 2.7285323684899741e-02 0.0000000000000000e+00
5.2949496216991030e-03 2.7240154340672680e-02 0.0000000000000000e+00
5.5324601800772148e-03 2.7192910553228020e-02 0.0000000000000000e+00
5.7695494201928004e-03 2.7143595920363112e-02 0.0000000000000000e+00
6.0061992867823429e-03 2.7092214197578159e-02 0.0000000000000000e+00
6.2423917580422270e-03 2.7038769297790290e-02 0.0000000000000000e+00
6.4781088470013577e-03 2.6983265291035528e-02 0.0000000000000000e+00
6.7133326028907718e-03 2.6925706404158901e-02 0.0000000000000000e+00
6.9480451125107272e-03 2.6866097020492499e-02 0.0000000000000000e+00
7.1822285015949380e-03 2.6804441679521649e-02 0.0000000000000000e+00
7.4158649361716006e-03 2.6740745076539299e-02 0.0000000000000000e+00
7.6489366239217080e-03 2.6675012062288350e-02 0.0000000000000000e+00
7.8814258155338445e-03 2.6607247642592358e-02 0.0000000000000000e+00
8.1133148060559216e-03 2.6537456977974241e-02 0.0000000000000000e+00
8.3445859362435652e-03 2.6465645383263299e-02 0.0000000000000000e+00
8.5752215939047631e-03 2.6391818327190519e-02 0.0000000000000000e+00
8.8052042152412871e-03 2.6315981431972040e-02 0.0000000000000000e+00
9.0345162861860881e-03 2.6238140472881050e-02 0.0000000000000000e+00
9.2631403437371199e-03 2.6158301377807960e-02 0.0000000000000000e+00
9.4910589772872912e-03 2.6076470226808961e-02 0.0000000000000000e+00
9.7182548299501927e-03 2.5992653251643041e-02 0.0000000000000000e+00
9.9447105998820631e-03 2.5906856835297361e-02 0.0000000000000000e+00
1.0170409041599240e-02 2.5819087511501190e-02 0.0000000000000000e+00
1.0395332967291530e-02 2.5729351964228361e-02 0.0000000000000000e+00
1.0619465248131231e-02 2.5637657027188211e-02 0.0000000000000000e+00
1.0842788815577320e-02 2.5544009683305231e-02 0.0000000000000000e+00
1.1065286662675561e-02 2.5448417064187202e-02 0.0000000000000000e+00
1.1286941845353440e-02 2.5350886449582180e-02 0.0000000000000000e+00
1.1507737483710610e-02 2.5251425266824092e-02 0.0000000000000000e+00
1.1727656763304390e-02 2.5150041090267049e-02 0.0000000000000000e+00
1.1946682936430159e-02 2.5046741640708650e-02 0.0000000000000000e+00
1.2164799323396879e-02 2.4941534784801891e-02 0.0000000000000000e+00
1.2381989313797180e-02 2.4834428534456200e-02 0.0000000000000000e+00
1.2598236367772400e-02 2.4725431046227219e-02 0.0000000000000000e+00
1.2813524017272170e-02 2.4614550620695660e-02 0.0000000000000000e+00
1.3027835867308440e-02 2.4501795701835239e-02 0.0000000000000000e+00
1.3241155597204110e-02 2.4387174876369551e-02 0.0000000000000000e+00
1.3453466961835839e-02 2.4270696873118239e-02 0.0000000000000000e+00
1.3664753792871191e-02 2.4152370562332229e-02 0.0000000000000000e+00
1.3874999999999979e-02 2.4032204955018181e-02 0.0000000000000000e+00
1.4084189572159509e-02 2.3910209202252359e-02 0.0000000000000000e+00
1.4292306578753980e-02 2.3786392594483629e-02 0.0000000000000000e+00
1.4499335170867570e-02 2.3660764560826070e-02 0.0000000000000000e+00
1.4705259582471410e-02 2.3533334668340841e-02 0.0000000000000000e+00
1.4910064131624341e-02 2.3404112621307590e-02 0.0000000000000000e+00
1.5113733221666970e-02 2.3273108260485540e-02 0.0000000000000000e+00
1.5316251342409590e-02 2.3140331562363930e-02 0.0000000000000000e+00
1.5517603071313210e-02 2.3005792638402418e-02 0.0000000000000000e+00
1.5717773074664081e-02 2.2869501734260951e-02 0.0000000000000000e+00
1.5916746108741511e-02 2.2731469229019540e-02 0.0000000000000000e+00
1.6114507020978549e-02 2.2591705634387879e-02 0.0000000000000000e+00
1.6311040751116109e-02 2.2450221593904810e-02 0.0000000000000000e+00
1.6506332332349681e-02 2.2307027882127808e-02 0.0000000000000000e+00
1.6700366892469311e-02 2.2162135403812400e-02 0.0000000000000000e+00
1.6893129654991981e-02 2.2015555193081789e-02 0.0000000000000000e+00
1.7084605940286979e-02 2.1867298412586559e-02 0.0000000000000000e+00
1.7274781166693919e-02 2.1717376352654510e-02 0.0000000000000000e+00
1.7463640851632951e-02 2.1565800430430972e-02 0.0000000000000000e+00
1.7651170612707920e-02 2.1412582189009249e-02 0.0000000000000000e+00
1.7837356168801451e-02 2.1257733296551659e-02 0.0000000000000000e+00
1.8022183341162561e-02 2.1101265545400889e-02 0.0000000000000000e+00
1.8205638054486550e-02 2.0943190851181941e-02 0.0000000000000000e+00
1.8387706337986680e-02 2.0783521251894841e-02 0.0000000000000000e+00
1.8568374326458290e-02 2.0622268906997719e-02 0.0000000000000000e+00
1.8747628261334550e-02 2.0459446096480961e-02 0.0000000000000000e+00
1.8925454491734300e-02 2.0295065219932011e-02 0.0000000000000000e+00
1.9101839475501651e-02 2.0129138795591011e-02 0.0000000000000000e+00
1.9276769780237141e-02 1.9961679459397610e-02 0.0000000000000000e+00
1.9450232084320840e-02 1.9792699964028569e-02 0.0000000000000000e+00
1.9622213177926659e-02 1.9622213177926728e-02 0.0000000000000000e+00
1.9792699964028510e-02 1.9450232084320899e-02 0.0000000000000000e+00
1.9961679459397540e-02 1.9276769780237200e-02 0.0000000000000000e+00
2.0129138795590949e-02 1.9101839475501710e-02 0.0000000000000000e+00
2.0295065219931949e-02 1.8925454491734359e-02 0.0000000000000000e+00
2.0459446096480920e-02 1.8747628261334599e-02 0.0000000000000000e+00
2.0622268906997660e-02 1.8568374326458349e-02 0.0000000000000000e+00
2.0783521251894789e-02 1.8387706337986739e-02 0.0000000000000000e+00
2.0943190851181889e-02 1.8205638054486620e-02 0.0000000000000000e+00
2.1101265545400830e-02 1.8022183341162630e-02 0.0000000000000000e+00
2.1257733296551621e-02 1.7837356168801489e-02 0.0000000000000000e+00
2.1412582189009200e-02 1.7651170612707989e-02 0.0000000000000000e+00
2.1565800430430920e-02 1.7463640851633020e-02 0.0000000000000000e+00
2.1717376352654472e-02 1.7274781166693971e-02 0.0000000000000000e+00
2.1867298412586510e-02 1.7084605940287049e-02 0.0000000000000000e+00
2.2015555193081751e-02 1.6893129654992029e-02 0.0000000000000000e+00
2.2162135403812341e-02 1.6700366892469381e-02 0.0000000000000000e+00
2.2307027882127760e-02 1.6506332332349750e-02 0.0000000000000000e+00
2.2450221593904768e-02 1.6311040751116151e-02 0.0000000000000000e+00
2.2591705634387831e-02 1.6114507020978611e-02 0.0000000000000000e+00
2.2731469229019498e-02 1.5916746108741560e-02 0.0000000000000000e+00
2.2869501734260920e-02 1.5717773074664130e-02 0.0000000000000000e+00
2.3005792638402380e-02 1.5517603071313260e-02 0.0000000000000000e+00
2.3140331562363899e-02 1.5316251342409640e-02 0.0000000000000000e+00
2.3273108260485509e-02 1.5113733221667021e-02 0.0000000000000000e+00
2.3404112621307559e-02 1.4910064131624391e-02 0.0000000000000000e+00
2.3533334668340809e-02 1.4705259582471460e-02 0.0000000000000000e+00
2.3660764560826039e-02 1.4499335170867621e-02 0.0000000000000000e+00
2.3786392594483601e-02 1.4292306578754030e-02 0.0000000000000000e+00
2.3910209202252331e-02 1.4084189572159560e-02 0.0000000000000000e+00
2.4032204955018149e-02 1.3875000000000030e-02 0.0000000000000000e+00
2.4152370562332201e-02 1.3664753792871241e-02 0.0000000000000000e+00
2.4270696873118211e-02 1.3453466961835889e-02 0.0000000000000000e+00
2.4387174876369520e-02 1.3241155597204160e-02 0.0000000000000000e+00
2.4501795701835211e-02 1.3027835867308490e-02 0.0000000000000000e+00
2.4614550620695629e-02 1.2813524017272230e-02 0.0000000000000000e+00
2.4725431046227191e-02 1.2598236367772450e-02 0.0000000000000000e+00
2.4834428534456190e-02 1.2381989313797210e-02 0.0000000000000000e+00
2.4941534784801871e-02 1.2164799323396929e-02 0.0000000000000000e+00
2.5046741640708619e-02 1.1946682936430210e-02 0.0000000000000000e+00
2.5150041090267031e-02 1.1727656763304419e-02 0.0000000000000000e+00
2.5251425266824060e-02 1.1507737483710661e-02 0.0000000000000000e+00
2.5350886449582170e-02 1.1286941845353480e-02 0.0000000000000000e+00
2.5448417064187181e-02 1.1065286662675620e-02 0.0000000000000000e+00
2.5544009683305210e-02 1.0842788815577370e-02 0.0000000000000000e+00
2.5637657027188201e-02 1.0619465248131260e-02 0.0000000000000000e+00
2.5729351964228341e-02 1.0395332967291591e-02 0.0000000000000000e+00
2.5819087511501169e-02 1.0170409041599269e-02 0.0000000000000000e+00
2.5906856835297341e-02 9.9447105998820961e-03 0.0000000000000000e+00
2.5992653251643020e-02 9.7182548299502500e-03 0.0000000000000000e+00
2.6076470226808951e-02 9.4910589772873276e-03 0.0000000000000000e+00
2.6158301377807940e-02 9.2631403437371772e-03 0.0000000000000000e+00
2.6238140472881030e-02 9.0345162861861211e-03 0.0000000000000000e+00
2.6315981431972030e-02 8.8052042152413218e-03 0.0000000000000000e+00
2.6391818327190501e-02 8.5752215939048203e-03 0.0000000000000000e+00
2.6465645383263289e-02 8.3445859362435999e-03 0.0000000000000000e+00
2.6537456977974230e-02 8.1133148060559563e-03 0.0000000000000000e+00
2.6607247642592351e-02 7.8814258155338775e-03 0.0000000000000000e+00
2.6675012062288339e-02 7.6489366239217444e-03 0.0000000000000000e+00
2.6740745076539289e-02 7.4158649361716353e-03 0.0000000000000000e+00
2.6804441679521639e-02 7.1822285015949736e-03 0.0000000000000000e+00
2.6866097020492492e-02 6.9480451125107628e-03 0.0000000000000000e+00
2.6925706404158901e-02 6.7133326028908074e-03 0.0000000000000000e+00
2.6983265291035521e-02 6.4781088470013942e-03 0.0000000000000000e+00
2.7038769297790279e-02 6.2423917580422634e-03 0.0000000000000000e+00
2.7092214197578141e-02 6.0061992867823776e-03 0.0000000000000000e+00
2.7143595920363101e-02 5.7695494201928368e-03 0.0000000000000000e+00
2.7192910553228020e-02 5.5324601800772512e-03 0.0000000000000000e+00
2.7240154340672670e-02 5.2949496216991394e-03 0.0000000000000000e+00
2.7285323684899741e-02 5.0570358324071021e-03 0.0000000000000000e+00
2.7328415146088771e-02 4.8187369302573179e-03 0.0000000000000000e+00
2.7369425442658170e-02 4.5800710626338224e-03 0.0000000000000000e+00
2.7408351451515069e-02 4.3410564048664132e-03 0.0000000000000000e+00
2.7445190208293190e-02 4.1017111588467162e-03 0.0000000000000000e+00
2.7479938907578570e-02 3.8620535516418280e-03 0.0000000000000000e+00
2.7512594903123241e-02 3.6221018341064341e-03 0.0000000000000000e+00
2.7543155708046690e-02 3.3818742794928598e-03 0.0000000000000000e+00
2.7571618995025301e-02 3.1413891820594201e-03 0.0000000000000000e+00
2.7597982596469589e-02 2.9006648556774068e-03 0.0000000000000000e+00
2.7622244504689211e-02 2.6597196324362289e-03 0.0000000000000000e+00
2.7644402872045941e-02 2.4185718612475182e-03 0.0000000000000000e+00
2.7664456011094300e-02 2.1772399064477160e-03 0.0000000000000000e+00
2.7682402394710121e-02 1.9357421463994859e-03 0.0000000000000000e+00
2.7698240656206810e-02 1.6940969720922780e-03 0.0000000000000000e+00
2.7711969589439420e-02 1.4523227857417061e-03 0.0000000000000000e+00
2.7723588148896559e-02 1.2104379993880790e-03 0.0000000000000000e+00
2.7733095449779911e-02 9.6846103349439790e-04 0.0000000000000000e+00
2.7740490768071710e-02 7.2641031554349089e-04 0.0000000000000000e+00
2.7745773540589859e-02 4.8430427863461881e-04 0.0000000000000000e+00
2.7748943365030750e-02 2.4216136007989311e-04 0.0000000000000000e+00
2.7665613204775411e-02 2.4143414878833940e-04 0.0000000000000000e+00
2.7662452899326829e-02 4.8284991143150171e-04 0.0000000000000000e+00
2.7657185990990419e-02 7.2422890318449122e-04 0.0000000000000000e+00
2.7649812880861650e-02 9.6555274210252489e-04 0.0000000000000000e+00
2.7640334130431401e-02 1.2068030504409581e-03 0.0000000000000000e+00
2.7628750461543210e-02 1.4479614560547721e-03 0.0000000000000000e+00
2.7615062756338321e-02 1.6890095937976959e-03 0.0000000000000000e+00
2.7599272057188470e-02 1.9299291069207990e-03 0.0000000000000000e+00
2.7581379566616541e-02 2.1707016484703730e-03 0.0000000000000000e+00
2.7561386647204960e-02 2.4113088826852032e-03 0.0000000000000000e+00
2.7539294821491950e-02 2.6517324863928552e-03 0.0000000000000000e+00
2.7515105771855560e-02 2.8919541504050681e-03 0.0000000000000000e+00
2.7488821340385591e-02 3.1319555809120720e-03 0.0000000000000000e+00
2.7460443528743241e-02 3.3717185008757420e-03 0.0000000000000000e+00
2.7429974498008759e-02 3.6112246514214200e-03 0.0000000000000000e+00
2.7397416568516780e-02 3.8504557932284669e-03 0.0000000000000000e+00
2.7362772219679699e-02 4.0893937079192139e-03 0.0000000000000000e+00
2.7326044089798811e-02 4.3280201994463719e-03 0.0000000000000000e+00
2.7287234975863401e-02 4.5663170954787424e-03 0.0000000000000000e+00
2.7246347833337761e-02 4.8042662487850626e-03 0.0000000000000000e+00
2.7203385775936079e-02 5.0418495386160677e-03 0.0000000000000000e+00
2.7158352075385368e-02 5.2790488720843923e-03 0.0000000000000000e+00
2.7111250161176291e-02 5.5158461855424386e-03 0.0000000000000000e+00
2.7062083620301960e-02 5.7522234459579883e-03 0.0000000000000000e+00
2.7010856196984821e-02 5.9881626522875027e-03 0.0000000000000000e+00
2.6957571792391510e-02 6.2236458368469189e-03 0.0000000000000000e+00
2.6902234464335720e-02 6.4586550666800354e-03 0.0000000000000000e+00
2.6844848426969239e-02 6.6931724449241217e-03 0.0000000000000000e+00
2.6785418050460991e-02 6.9271801121728576e-03 0.0000000000000000e+00
2.6723947860664229e-02 7.1606602478363826e-03 0.0000000000000000e+00
2.6660442538771909e-02 7.3935950714984246e-03 0.0000000000000000e+00
2.6594906920960160e-02 7.6259668442702948e-03 0.0000000000000000e+00
2.6527345998020011e-02 7.8577578701418405e-03 0.0000000000000000e+00
2.6457764914977321e-02 8.0889504973290279e-03 0.0000000000000000e+00
2.6386168970700952e-02 8.3195271196181975e-03 0.0000000000000000e+00
2.6312563617499250e-02 8.5494701777068631e-03 0.0000000000000000e+00
2.6236954460704849e-02 8.7787621605408643e-03 0.0000000000000000e+00
2.6159347258247770e-02 9.0073856066479798e-03 0.0000000000000000e+00
2.6079747920216941e-02 9.2353231054676400e-03 0.0000000000000000e+00
2.5998162508410139e-02 9.4625572986768089e-03 0.0000000000000000e+00
2.5914597235872340e-02 9.6890708815119044e-03 0.0000000000000000e+00
2.5829058466422590e-02 9.9148466040866225e-03 0.0000000000000000e+00
2.5741552714169350e-02 1.0139867272705541e-02 0.0000000000000000e+00
2.5652086643014459e-02 1.0364115751173540e-02 0.0000000000000000e+00
2.5560667066145609e-02 1.0587574962100790e-02 0.0000000000000000e+00
2.5467300945517531e-02 1.0810227888203209e-02 0.0000000000000000e+00
2.5371995391321778e-02 1.1032057573598450e-02 0.0000000000000000e+00
2.5274757661445300e-02 1.1253047125097121e-02 0.0000000000000000e+00
2.5175595160917712e-02 1.1473179713489261e-02 0.0000000000000000e+00
2.5074515441347329e-02 1.1692438574825990e-02 0.0000000000000000e+00
2.4971526200346161e-02 1.1910807011696140e-02 0.0000000000000000e+00
2.4866635280943631e-02 1.2128268394497790e-02 0.0000000000000000e+00
2.4759850670989372e-02 1.2344806162704690e-02 0.0000000000000000e+00
2.4651180502544862e-02 1.2560403826127440e-02 0.0000000000000000e+00
2.4540633051264148e-02 1.2775044966169239e-02 0.0000000000000000e+00
2.4428216735763651e-02 1.2988713237076290e-02 0.0000000000000000e+00
2.4313940116981049e-02 1.3201392367182480e-02 0.0000000000000000e+00
2.4197811897523298e-02 1.3413066160148630e-02 0.0000000000000000e+00
2.4079840921003910e-02 1.3623718496195900e-02 0.0000000000000000e+00
2.3960036171369482e-02 1.3833333333333321e-02 0.0000000000000000e+00
2.3838406772215551e-02 1.4041894708579460e-02 0.0000000000000000e+00
2.3714961986091791e-02 1.4249386739178140e-02 0.0000000000000000e+00
2.3589711213796570e-02 1.4455793623807891e-02 0.0000000000000000e+00
2.3462663993661131e-02 1.4661099643785321e-02 0.0000000000000000e+00
2.3333830000823182e-02 1.4865289164262109e-02 0.0000000000000000e+00
2.3203219046490080e-02 1.5068346635415730e-02 0.0000000000000000e+00
2.3070841077191671e-02 1.5270256593633590e-02 0.0000000000000000e+00
2.2936706174022839e-02 1.5471003662690641e-02 0.0000000000000000e+00
2.2800824551875779e-02 1.5670572554920360e-02 0.0000000000000000e+00
2.2663206558662118e-02 1.5868948072378920e-02 0.0000000000000000e+00
2.2523862674524851e-02 1.6066115108002640e-02 0.0000000000000000e+00
2.2382803511040220e-02 1.6262058646758410e-02 0.0000000000000000e+00
2.2240039810409690e-02 1.6456763766787091e-02 0.0000000000000000e+00
2.2095582444641781e-02 1.6650215640539982e-02 0.0000000000000000e+00
2.1949442414724189e-02 1.6842399535907920e-02 0.0000000000000000e+00
2.1801630849785991e-02 1.7033300817343191e-02 0.0000000000000000e+00
2.1652159006250130e-02 1.7222904946974128e-02 0.0000000000000000e+00
2.1501038266976209e-02 1.7411197485712151e-02 0.0000000000000000e+00
2.1348280140393600e-02 1.7598164094351450e-02 0.0000000000000000e+00
2.1193896259625079e-02 1.7783790534660900e-02 0.0000000000000000e+00
2.1037898381600868e-02 1.7968062670468399e-02 0.0000000000000000e+00
2.0880298386163371e-02 1.8150966468737349e-02 0.0000000000000000e+00
2.0721108275162409e-02 1.8332488000635389e-02 0.0000000000000000e+00
2.0560340171541260e-02 1.8512613442595059e-02 0.0000000000000000e+00
2.0398006318413441e-02 1.8691329077366588e-02 0.0000000000000000e+00
2.0234119078130389e-02 1.8868621295062449e-02 0.0000000000000000e+00
2.0068690931339971e-02 1.9044476594193841e-02 0.0000000000000000e+00
1.9901734476036031e-02 1.9218881582698910e-02 0.0000000000000000e+00
1.9733262426599028e-02 1.9391822978962529e-02 0.0000000000000000e+00
1.9563287612827829e-02 1.9563287612827801e-02 0.0000000000000000e+00
1.9391822978962549e-02 1.9733262426599011e-02 0.0000000000000000e+00
1.9218881582698941e-02 1.9901734476036000e-02 0.0000000000000000e+00
1.9044476594193869e-02 2.0068690931339950e-02 0.0000000000000000e+00
1.8868621295062470e-02 2.0234119078130369e-02 0.0000000000000000e+00
1.8691329077366609e-02 2.0398006318413420e-02 0.0000000000000000e+00
1.8512613442595090e-02 2.0560340171541229e-02 0.0000000000000000e+00
1.8332488000635420e-02 2.0721108275162381e-02 0.0000000000000000e+00
1.8150966468737390e-02 2.0880298386163339e-02 0.0000000000000000e+00
1.7968062670468431e-02 2.1037898381600851e-02 0.0000000000000000e+00
1.7783790534660941e-02 2.1193896259625040e-02 0.0000000000000000e+00
1.7598164094351491e-02 2.1348280140393569e-02 0.0000000000000000e+00
1.7411197485712179e-02 2.1501038266976181e-02 0.0000000000000000e+00
1.7222904946974159e-02 2.1652159006250098e-02 0.0000000000000000e+00
1.7033300817343229e-02 2.1801630849785959e-02 0.0000000000000000e+00
1.6842399535907961e-02 2.1949442414724150e-02 0.0000000000000000e+00
1.6650215640540020e-02 2.2095582444641760e-02 0.0000000000000000e+00
1.6456763766787119e-02 2.2240039810409670e-02 0.0000000000000000e+00
1.6262058646758452e-02 2.2382803511040189e-02 0.0000000000000000e+00
1.6066115108002679e-02 2.2523862674524820e-02 0.0000000000000000e+00
1.5868948072378972e-02 2.2663206558662080e-02 0.0000000000000000e+00
1.5670572554920398e-02 2.2800824551875751e-02 0.0000000000000000e+00
1.5471003662690670e-02 2.2936706174022811e-02 0.0000000000000000e+00
1.5270256593633630e-02 2.3070841077191630e-02 0.0000000000000000e+00
1.5068346635415770e-02 2.3203219046490049e-02 0.0000000000000000e+00
1.4865289164262141e-02 2.3333830000823161e-02 0.0000000000000000e+00
1.4661099643785360e-02 2.3462663993661110e-02 0.0000000000000000e+00
1.4455793623807930e-02 2.3589711213796539e-02 0.0000000000000000e+00
1.4249386739178169e-02 2.3714961986091770e-02 0.0000000000000000e+00
1.4041894708579500e-02 2.3838406772215531e-02 0.0000000000000000e+00
1.3833333333333350e-02 2.3960036171369461e-02 0.0000000000000000e+00
1.3623718496195951e-02 2.4079840921003879e-02 0.0000000000000000e+00
1.3413066160148670e-02 2.4197811897523271e-02 0.0000000000000000e+00
1.3201392367182509e-02 2.4313940116981039e-02 0.0000000000000000e+00
1.2988713237076330e-02 2.4428216735763630e-02 0.0000000000000000e+00
1.2775044966169279e-02 2.4540633051264131e-02 0.0000000000000000e+00
1.2560403826127491e-02 2.4651180502544830e-02 0.0000000000000000e+00
1.2344806162704730e-02 2.4759850670989351e-02 0.0000000000000000e+00
1.2128268394497819e-02 2.4866635280943610e-02 0.0000000000000000e+00
1.1910807011696190e-02 2.4971526200346129e-02 0.0000000000000000e+00
1.1692438574826030e-02 2.5074515441347311e-02 0.0000000000000000e+00
1.1473179713489290e-02 2.5175595160917691e-02 0.0000000000000000e+00
1.1253047125097160e-02 2.5274757661445279e-02 0.0000000000000000e+00
1.1032057573598490e-02 2.5371995391321761e-02 0.0000000000000000e+00
1.0810227888203260e-02 2.5467300945517499e-02 0.0000000000000000e+00
1.0587574962100830e-02 2.5560667066145591e-02 0.0000000000000000e+00
1.0364115751173570e-02 2.5652086643014448e-02 0.0000000000000000e+00
1.0139867272705581e-02 2.5741552714169339e-02 0.0000000000000000e+00
9.9148466040866520e-03 2.5829058466422580e-02 0.0000000000000000e+00
9.6890708815119599e-03 2.5914597235872319e-02 0.0000000000000000e+00
9.4625572986768523e-03 2.5998162508410121e-02 0.0000000000000000e+00
9.2353231054676712e-03 2.6079747920216931e-02 0.0000000000000000e+00
9.0073856066480232e-03 2.6159347258247759e-02 0.0000000000000000e+00
8.7787621605408955e-03 2.6236954460704849e-02 0.0000000000000000e+00
8.5494701777068822e-03 2.6312563617499250e-02 0.0000000000000000e+00
8.3195271196182408e-03 2.6386168970700941e-02 0.0000000000000000e+00
8.0889504973290591e-03 2.6457764914977311e-02 0.0000000000000000e+00
7.8577578701418595e-03 2.6527345998020011e-02 0.0000000000000000e+00
7.6259668442703252e-03 2.6594906920960150e-02 0.0000000000000000e+00
7.3935950714984454e-03 2.6660442538771902e-02 0.0000000000000000e+00
7.1606602478364286e-03 2.6723947860664211e-02 0.0000000000000000e+00
6.9271801121728914e-03 2.6785418050460981e-02 0.0000000000000000e+00
6.6931724449241416e-03 2.6844848426969239e-02 0.0000000000000000e+00
6.4586550666800658e-03 2.6902234464335709e-02 0.0000000000000000e+00
6.2236458368469388e-03 2.6957571792391510e-02 0.0000000000000000e+00
5.9881626522875347e-03 2.7010856196984821e-02 0.0000000000000000e+00
5.7522234459580204e-03 2.7062083620301949e-02 0.0000000000000000e+00
5.5158461855424586e-03 2.7111250161176281e-02 0.0000000000000000e+00
5.2790488720844244e-03 2.7158352075385361e-02 0.0000000000000000e+00
5.0418495386160894e-03 2.7203385775936069e-02 0.0000000000000000e+00
4.8042662487850721e-03 2.7246347833337750e-02 0.0000000000000000e+00
4.5663170954787623e-03 2.7287234975863401e-02 0.0000000000000000e+00
4.3280201994463918e-03 2.7326044089798811e-02 0.0000000000000000e+00
4.0893937079192469e-03 2.7362772219679699e-02 0.0000000000000000e+00
3.8504557932284881e-03 2.7397416568516780e-02 0.0000000000000000e+00
3.6112246514214282e-03 2.7429974498008752e-02 0.0000000000000000e+00
3.3717185008757620e-03 2.7460443528743241e-02 0.0000000000000000e+00
3.1319555809120919e-03 2.7488821340385581e-02 0.0000000000000000e+00
2.8919541504050759e-03 2.7515105771855560e-02 0.0000000000000000e+00
2.6517324863928752e-03 2.7539294821491939e-02 0.0000000000000000e+00
2.4113088826852110e-03 2.7561386647204960e-02 0.0000000000000000e+00
2.1707016484703938e-03 2.7581379566616541e-02 0.0000000000000000e+00
1.9299291069208081e-03 2.7599272057188470e-02 0.0000000000000000e+00
1.6890095937977050e-03 2.7615062756338321e-02 0.0000000000000000e+00
1.4479614560547920e-03 2.7628750461543210e-02 0.0000000000000000e+00
1.2068030504409661e-03 2.7640334130431401e-02 0.0000000000000000e+00
9.6555274210252098e-04 2.7649812880861650e-02 0.0000000000000000e+00
7.2422890318449968e-04 2.7657185990990419e-02 0.0000000000000000e+00
4.8284991143151011e-04 2.7662452899326829e-02 0.0000000000000000e+00
2.4143414878836019e-04 2.7665613204775411e-02 0.0000000000000000e+00
2.7582283044520060e-02 2.4070693749680819e-04 0.0000000000000000e+00
2.7579132258063799e-02 4.8139554422839468e-04 0.0000000000000000e+00
2.7573881213909121e-02 7.2204749082550184e-04 0.0000000000000000e+00
2.7566530311943390e-02 9.6264445071064992e-04 0.0000000000000000e+00
2.7557080111966250e-02 1.2031681014938471e-03 0.0000000000000000e+00
2.7545531333647000e-02 1.4436001263678599e-03 0.0000000000000000e+00
2.7531884856469829e-02 1.6839222155031249e-03 0.0000000000000000e+00
2.7516141719666820e-02 1.9241160674421101e-03 0.0000000000000000e+00
2.7498303122138780e-02 2.1641633904930530e-03 0.0000000000000000e+00
2.7478370422363979e-02 2.4040459041228990e-03 0.0000000000000000e+00
2.7456345138294681e-02 2.6437453403495028e-03 0.0000000000000000e+00
2.7432228947241542e-02 2.8832434451327642e-03 0.0000000000000000e+00
2.7406023685745871e-02 3.1225219797647460e-03 0.0000000000000000e+00
2.7377731349439799e-02 3.3615627222586468e-03 0.0000000000000000e+00
2.7347354092894269e-02 3.6003474687364158e-03 0.0000000000000000e+00
2.7314894229454989e-02 3.8388580348151292e-03 0.0000000000000000e+00
2.7280354231066211e-02 4.0770762569917471e-03 0.0000000000000000e+00
2.7243736728082550e-02 4.3149839940263531e-03 0.0000000000000000e+00
2.7205044509068639e-02 4.5525631283236737e-03 0.0000000000000000e+00
2.7164280520586739e-02 4.7897955673128203e-03 0.0000000000000000e+00
2.7121447866972421e-02 5.0266632448250559e-03 0.0000000000000000e+00
2.7076549810098070e-02 5.2631481224696807e-03 0.0000000000000000e+00
2.7029589769124559e-02 5.4992321910076730e-03 0.0000000000000000e+00
2.6980571320240811e-02 5.7348974717231754e-03 0.0000000000000000e+00
2.6929498196391500e-02 5.9701260177926624e-03 0.0000000000000000e+00
2.6876374286992740e-02 6.2048999156515969e-03 0.0000000000000000e+00
2.6821203637635922e-02 6.4392012863587096e-03 0.0000000000000000e+00
2.6763990449779569e-02 6.6730122869574837e-03 0.0000000000000000e+00
2.6704739080429481e-02 6.9063151118349889e-03 0.0000000000000000e+00
2.6643454041806802e-02 7.1390919940778532e-03 0.0000000000000000e+00
2.6580140001004521e-02 7.3713252068252381e-03 0.0000000000000000e+00
2.6514801779631971e-02 7.6029970646188791e-03 0.0000000000000000e+00
2.6447444353447671e-02 7.8340899247498468e-03 0.0000000000000000e+00
2.6378072851980398e-02 8.0645861886021464e-03 0.0000000000000000e+00
2.6306692558138601e-02 8.2944683029928558e-03 0.0000000000000000e+00
2.6233308907807989e-02 8.5237187615089527e-03 0.0000000000000000e+00
2.6157927489437668e-02 8.7523201058404398e-03 0.0000000000000000e+00
2.6080554043614500e-02 8.9802549271098854e-03 0.0000000000000000e+00
2.6001194462625929e-02 9.2075058671981704e-03 0.0000000000000000e+00
2.5919854790011309e-02 9.4340556200663492e-03 0.0000000000000000e+00
2.5836541220101639e-02 9.6598869330736283e-03 0.0000000000000000e+00
2.5751260097547819e-02 9.8849826082911818e-03 0.0000000000000000e+00
2.5664017916837520e-02 1.0109325503811850e-02 0.0000000000000000e+00
2.5574821321800559e-02 1.0332898535055561e-02 0.0000000000000000e+00
2.5483677105102999e-02 1.0555684676070379e-02 0.0000000000000000e+00
2.5390592207729819e-02 1.0777666960829119e-02 0.0000000000000000e+00
2.5295573718456352e-02 1.0998828484521359e-02 0.0000000000000000e+00
2.5198628873308419e-02 1.1219152404840799e-02 0.0000000000000000e+00
2.5099765055011328e-02 1.1438621943267901e-02 0.0000000000000000e+00
2.4998989792427609e-02 1.1657220386347599e-02 0.0000000000000000e+00
2.4896310759983671e-02 1.1874931086962120e-02 0.0000000000000000e+00
2.4791735777085371e-02 1.2091737465598700e-02 0.0000000000000000e+00
2.4685272807522540e-02 1.2307623011612199e-02 0.0000000000000000e+00
2.4576929958862490e-02 1.2522571284482470e-02 0.0000000000000000e+00
2.4466715481832629e-02 1.2736565915066320e-02 0.0000000000000000e+00
2.4354637769692090e-02 1.2949590606844120e-02 0.0000000000000000e+00
2.4240705357592561e-02 1.3161629137160831e-02 0.0000000000000000e+00
2.4124926921928351e-02 1.3372665358461440e-02 0.0000000000000000e+00
2.4007311279675581e-02 1.3582683199520610e-02 0.0000000000000000e+00
2.3887867387720779e-02 1.3791666666666640e-02 0.0000000000000000e+00
2.3766604342178772e-02 1.3999599844999390e-02 0.0000000000000000e+00
2.3643531377699950e-02 1.4206466899602300e-02 0.0000000000000000e+00
2.3518657866767070e-02 1.4412252076748219e-02 0.0000000000000000e+00
2.3391993318981438e-02 1.4616939705099200e-02 0.0000000000000000e+00
2.3263547380338780e-02 1.4820514196899859e-02 0.0000000000000000e+00
2.3133329832494630e-02 1.5022960049164470e-02 0.0000000000000000e+00
2.3001350592019409e-02 1.5224261844857570e-02 0.0000000000000000e+00
2.2867619709643260e-02 1.5424404254068070e-02 0.0000000000000000e+00
2.2732147369490630e-02 1.5623372035176599e-02 0.0000000000000000e+00
2.2594943888304721e-02 1.5821150036016321e-02 0.0000000000000000e+00
2.2456019714661830e-02 1.6017723195026722e-02 0.0000000000000000e+00
2.2315385428175662e-02 1.6213076542400680e-02 0.0000000000000000e+00
2.2173051738691611e-02 1.6407195201224460e-02 0.0000000000000000e+00
2.2029029485471190e-02 1.6600064388610631e-02 0.0000000000000000e+00
2.1883329636366598e-02 1.6791669416823841e-02 0.0000000000000000e+00
2.1735963286985450e-02 1.6981995694399371e-02 0.0000000000000000e+00
2.1586941659845781e-02 1.7171028727254300e-02 0.0000000000000000e+00
2.1436276103521480e-02 1.7358754119791309e-02 0.0000000000000000e+00
2.1283978091777980e-02 1.7545157575994948e-02 0.0000000000000000e+00
2.1130059222698509e-02 1.7730224900520342e-02 0.0000000000000000e+00
2.0974531217800890e-02 1.7913941999774190e-02 0.0000000000000000e+00
2.0817405921144831e-02 1.8096294882988119e-02 0.0000000000000000e+00
2.0658695298430011e-02 1.8277269663284051e-02 0.0000000000000000e+00
2.0498411436084829e-02 1.8456852558731800e-02 0.0000000000000000e+00
2.0336566540345970e-02 1.8635029893398582e-02 0.0000000000000000e+00
2.0173172936328820e-02 1.8811788098390549e-02 0.0000000000000000e+00
2.0008243067088979e-02 1.8987113712886011e-02 0.0000000000000000e+00
1.9841789492674500e-02 1.9160993385160630e-02 0.0000000000000000e+00
1.9673824889169550e-02 1.9333413873604179e-02 0.0000000000000000e+00
1.9504362047728981e-02 1.9504362047728891e-02 0.0000000000000000e+00
1.9333413873604269e-02 1.9673824889169460e-02 0.0000000000000000e+00
1.9160993385160731e-02 1.9841789492674410e-02 0.0000000000000000e+00
1.8987113712886090e-02 2.0008243067088888e-02 0.0000000000000000e+00
1.8811788098390628e-02 2.0173172936328740e-02 0.0000000000000000e+00
1.8635029893398679e-02 2.0336566540345880e-02 0.0000000000000000e+00
1.8456852558731890e-02 2.0498411436084749e-02 0.0000000000000000e+00
1.8277269663284149e-02 2.0658695298429931e-02 0.0000000000000000e+00
1.8096294882988209e-02 2.0817405921144751e-02 0.0000000000000000e+00
1.7913941999774280e-02 2.0974531217800810e-02 0.0000000000000000e+00
1.7730224900520421e-02 2.1130059222698439e-02 0.0000000000000000e+00
1.7545157575995049e-02 2.1283978091777900e-02 0.0000000000000000e+00
1.7358754119791400e-02 2.1436276103521411e-02 0.0000000000000000e+00
1.7171028727254400e-02 2.1586941659845701e-02 0.0000000000000000e+00
1.6981995694399461e-02 2.1735963286985370e-02 0.0000000000000000e+00
1.6791669416823921e-02 2.1883329636366539e-02 0.0000000000000000e+00
1.6600064388610721e-02 2.2029029485471120e-02 0.0000000000000000e+00
1.6407195201224550e-02 2.2173051738691541e-02 0.0000000000000000e+00
1.6213076542400760e-02 2.2315385428175599e-02 0.0000000000000000e+00
1.6017723195026808e-02 2.2456019714661771e-02 0.0000000000000000e+00
1.5821150036016401e-02 2.2594943888304658e-02 0.0000000000000000e+00
1.5623372035176679e-02 2.2732147369490571e-02 0.0000000000000000e+00
1.5424404254068149e-02 2.2867619709643201e-02 0.0000000000000000e+00
1.5224261844857650e-02 2.3001350592019361e-02 0.0000000000000000e+00
1.5022960049164541e-02 2.3133329832494592e-02 0.0000000000000000e+00
1.4820514196899941e-02 2.3263547380338728e-02 0.0000000000000000e+00
1.4616939705099280e-02 2.3391993318981390e-02 0.0000000000000000e+00
1.4412252076748309e-02 2.3518657866767011e-02 0.0000000000000000e+00
1.4206466899602380e-02 2.3643531377699901e-02 0.0000000000000000e+00
1.3999599844999461e-02 2.3766604342178730e-02 0.0000000000000000e+00
1.3791666666666719e-02 2.3887867387720731e-02 0.0000000000000000e+00
1.3582683199520679e-02 2.4007311279675540e-02 0.0000000000000000e+00
1.3372665358461501e-02 2.4124926921928320e-02 0.0000000000000000e+00
1.3161629137160921e-02 2.4240705357592519e-02 0.0000000000000000e+00
1.2949590606844200e-02 2.4354637769692041e-02 0.0000000000000000e+00
1.2736565915066391e-02 2.4466715481832602e-02 0.0000000000000000e+00
1.2522571284482550e-02 2.4576929958862459e-02 0.0000000000000000e+00
1.2307623011612270e-02 2.4685272807522501e-02 0.0000000000000000e+00
1.2091737465598750e-02 2.4791735777085339e-02 0.0000000000000000e+00
1.1874931086962189e-02 2.4896310759983640e-02 0.0000000000000000e+00
1.1657220386347660e-02 2.4998989792427581e-02 0.0000000000000000e+00
1.1438621943267981e-02 2.5099765055011290e-02 0.0000000000000000e+00
1.1219152404840860e-02 2.5198628873308392e-02 0.0000000000000000e+00
1.0998828484521410e-02 2.5295573718456320e-02 0.0000000000000000e+00
1.0777666960829180e-02 2.5390592207729799e-02 0.0000000000000000e+00
1.0555684676070430e-02 2.5483677105102982e-02 0.0000000000000000e+00
1.0332898535055601e-02 2.5574821321800539e-02 0.0000000000000000e+00
1.0109325503811909e-02 2.5664017916837499e-02 0.0000000000000000e+00
9.8849826082912356e-03 2.5751260097547801e-02 0.0000000000000000e+00
9.6598869330736716e-03 2.5836541220101629e-02 0.0000000000000000e+00
9.4340556200664030e-03 2.5919854790011299e-02 0.0000000000000000e+00
9.2075058671982138e-03 2.6001194462625912e-02 0.0000000000000000e+00
8.9802549271099513e-03 2.6080554043614479e-02 0.0000000000000000e+00
8.7523201058404953e-03 2.6157927489437651e-02 0.0000000000000000e+00
8.5237187615089943e-03 2.6233308907807978e-02 0.0000000000000000e+00
8.2944683029929096e-03 2.6306692558138580e-02 0.0000000000000000e+00
8.0645861886021880e-03 2.6378072851980391e-02 0.0000000000000000e+00
7.8340899247498902e-03 2.6447444353447650e-02 0.0000000000000000e+00
7.6029970646189337e-03 2.6514801779631950e-02 0.0000000000000000e+00
7.3713252068252823e-03 2.6580140001004511e-02 0.0000000000000000e+00
7.1390919940778853e-03 2.6643454041806791e-02 0.0000000000000000e+00
6.9063151118350444e-03 2.6704739080429460e-02 0.0000000000000000e+00
6.6730122869575271e-03 2.6763990449779569e-02 0.0000000000000000e+00
6.4392012863587408e-03 2.6821203637635911e-02 0.0000000000000000e+00
6.2048999156516411e-03 2.6876374286992730e-02 0.0000000000000000e+00
5.9701260177926936e-03 2.6929498196391490e-02 0.0000000000000000e+00
5.7348974717232326e-03 2.6980571320240801e-02 0.0000000000000000e+00
5.4992321910077163e-03 2.7029589769124548e-02 0.0000000000000000e+00
5.2631481224697128e-03 2.7076549810098060e-02 0.0000000000000000e+00
5.0266632448251001e-03 2.7121447866972410e-02 0.0000000000000000e+00
4.7897955673128524e-03 2.7164280520586739e-02 0.0000000000000000e+00
4.5525631283237058e-03 2.7205044509068629e-02 0.0000000000000000e+00
4.3149839940263973e-03 2.7243736728082550e-02 0.0000000000000000e+00
4.0770762569917792e-03 2.7280354231066201e-02 0.0000000000000000e+00
3.8388580348151491e-03 2.7314894229454979e-02 0.0000000000000000e+00
3.6003474687364479e-03 2.7347354092894269e-02 0.0000000000000000e+00
3.3615627222586672e-03 2.7377731349439799e-02 0.0000000000000000e+00
3.1225219797647911e-03 2.7406023685745871e-02 0.0000000000000000e+00
2.8832434451327958e-03 2.7432228947241542e-02 0.0000000000000000e+00
2.6437453403495240e-03 2.7456345138294681e-02 0.0000000000000000e+00
2.4040459041229320e-03 2.7478370422363979e-02 0.0000000000000000e+00
2.1641633904930738e-03 2.7498303122138780e-02 0.0000000000000000e+00
1.9241160674421309e-03 2.7516141719666820e-02 0.0000000000000000e+00
1.6839222155031581e-03 2.7531884856469829e-02 0.0000000000000000e+00
1.4436001263678810e-03 2.7545531333647000e-02 0.0000000000000000e+00
1.2031681014938551e-03 2.7557080111966250e-02 0.0000000000000000e+00
9.6264445071067052e-04 2.7566530311943390e-02 0.0000000000000000e+00
7.2204749082551030e-04 2.7573881213909121e-02 0.0000000000000000e+00
4.8139554422840320e-04 2.7579132258063799e-02 0.0000000000000000e+00
2.4070693749682901e-04 2.7582283044520060e-02 0.0000000000000000e+00
$EndNodes
$Elements
12 5163 1 5163
2 20 2 146
1 1714 1725 1674
2 2139 2140 2129
3 1425 1440 1424
4 1894 1944 1864
5 794 838 632
6 793 839 631
7 805 840 609
8 808 822 629
9 1838 1865 1846
10 1147 1171 1087
11 1924 1945 1932
12 680 842 787
13 626 880 800
14 1946 1999 1977
15 1099 1144 1070
16 1000 1177 1148
17 406 497 447
18 1241 1294 1175
19 500 501 496
20 471 636 373
21 889 984 735
22 684 884 792
23 811 833 685
24 1947 1994 1943
25 628 887 797
26 676 780 731
27 1013 1293 1179
28 2115 2150 2084
29 815 991 980
30 756 807 637
31 1818 1932 1878
32 2095 2121 2084
33 997 1221 1080
34 1274 1315 1207
35 1547 1598 1473
36 1305 1477 1364
37 1439 1605 1506
38 1902 1934 1891
39 2166 2170 2154
40 1772 1851 1675
41 1365 1607 1492
42 1469 1504 1415
43 444 696 561
44 1311 1421 1407
45 556 639 457
46 451 686 544
47 1625 1752 1673
48 703 741 674
49 1012 1150 1095
50 458 690 547
51 2123 2138 2101
52 455 689 541
53 1864 1926 1820
54 1944 2022 1978
55 1946 1968 1900
56 463 589 172
57 779 901 899
58 604 896 809
59 1997 2025 1966
60 594 898 801
61 1539 1595 1470
62 700 719 479
63 699 727 477
64 2086 2110 2097
65 898 1068 971
66 439 724 256
67 1493 1659 1555
68 1062 1226 1091
69 2037 2099 2061
70 981 1152 885
71 1358 1425 1241
72 1658 1762 1623
73 2153 2158 2151
74 233 10 234
75 335 95 336
76 329 90 330
77 239 15 240
78 245 20 246
79 323 85 324
80 251 25 252
81 317 80 318
82 311 75 312
83 257 30 258
84 305 70 306
85 35 264 263
86 299 65 300
87 269 40 270
88 2000 2030 1961
89 293 60 294
90 275 45 276
91 2073 2103 2072
92 287 55 288
93 281 50 282
94 2136 2137 2109
95 836 983 741
96 2167 2168 2158
97 2056 2079 2062
98 1975 2027 1994
99 974 1066 887
100 895 986 821
101 1667 1895 1851
102 2127 2165 2150
103 1691 1728 1713
104 721 985 874
105 610 788 785
106 467 499 473
107 1502 1599 1554
108 2161 2163 2154
109 1361 1423 1378
110 384 587 497
111 554 594 437
112 579 604 446
113 558 633 362
114 566 605 441
115 571 602 342
116 578 603 402
117 568 680 394
118 549 687 453
119 557 688 398
120 555 697 396
121 500 586 462
122 454 683 349
123 382 572 475
124 550 677 443
125 380 600 549
126 434 597 558
127 438 595 555
128 625 806 726
129 692 791 734
130 592 703 483
131 613 885 802
132 614 883 803
133 694 786 723
134 123 403 124
135 801 894 681
136 2030 2056 1992
137 97 464 98
138 118 471 119
139 121 470 122
140 114 468 115
141 111 353 112
142 99 387 100
143 102 369 103
144 104 465 105
145 106 361 107
146 4 124 222
2 20 3 1975
147 430 160 159 346
148 146 145 414 415
149 145 144 378 414
150 431 142 141 347
151 139 138 420 421
152 200 201 412 379
153 133 132 389 423
154 171 170 385 424
155 429 157 156 391
156 138 137 390 420
157 172 171 424 463
158 386 219 220 417
159 207 208 425 392
160 197 198 432 341
161 345 190 191 418
162 412 201 202 413
163 413 202 203 422
164 364 214 215 428
165 417 220 221 474
166 359 181 182 427
167 1318 1247 1384 1450
168 1184 1102 1247 1318
169 1450 1384 1512 1560
170 863 742 937 1029
171 1020 902 1119 1183
172 1021 911 1077 1172
173 846 710 922 1019
174 847 707 902 1020
175 848 730 911 1021
176 754 845 642 484
177 656 490 742 863
178 710 846 645 493
179 730 848 643 487
180 707 847 641 478
181 658 495 779 849
182 1102 1184 1022 931
183 845 754 931 1022
184 1183 1119 1256 1312
185 1041 902 707 869
186 646 481 709 851
187 656 863 743 540
188 1729 1681 1568 1633
189 1339 1310 1476 1390
190 1633 1568 1453 1496
191 1027 1042 870 862
192 1105 994 1164 1243
193 928 818 994 1105
194 818 928 744 717
195 938 937 742 706
196 869 707 478 664
197 1513 1443 1558 1628
198 1907 1858 1942 1975
199 1628 1558 1670 1735
200 1259 1168 1308 1386
201 1825 1769 1858 1907
202 1735 1670 1769 1825
203 1386 1308 1443 1513
204 1168 1259 1083 1040
205 1512 1434 1561 1653
206 1384 1300 1434 1512
207 1247 1159 1300 1384
208 1102 992 1159 1247
209 931 816 992 1102
210 816 931 754 713
211 1526 1442 1552 1635
212 1823 1776 1862 1906
213 1635 1552 1666 1738
214 1738 1666 1776 1823
215 1442 1526 1387 1299
216 1256 1157 1299 1387
217 1157 1256 1119 1073
218 2017 2046 1987 1940
219 947 1114 989 813
220 2074 2050 1993 2024
221 1107 988 1167 1250
222 1295 1370 1250 1167
223 988 1107 941 812
224 1631 1727 1665 1549
225 1521 1631 1549 1429
226 1114 1254 1154 989
227 1381 1302 1444 1510
228 1252 1162 1302 1381
229 1109 995 1162 1252
230 995 1109 943 910
231 1120 1128 937 938
232 1297 1395 1521 1429
233 1154 1254 1395 1297
234 851 709 945 1005
235 1303 1389 1261 1206
236 1389 1303 1428 1517
237 2092 2060 2106 2132
238 1868 1914 1830 1778
239 1914 1868 1948 1988
240 1988 1948 2010 2047
241 2060 2092 2047 2010
242 1745 1682 1778 1830
243 1639 1579 1682 1745
244 1251 1169 1309 1380
245 1108 990 1169 1251
246 990 1108 942 906
247 1398 1524 1464 1309
248 1756 1797 1887 1821
249 450 269 270 456
250 1389 1517 1456 1329
251 1261 1389 1329 1153
252 1153 1047 1129 1261
253 1580 1456 1517 1639
254 1683 1580 1639 1745
255 1779 1683 1745 1830
256 1949 1869 1914 1988
257 1830 1914 1869 1779
258 1988 2047 2011 1949
259 2105 2058 2092 2132
260 2047 2092 2058 2011
261 311 312 383 459
262 1672 1551 1618 1747
263 1551 1431 1514 1618
264 1388 1514 1431 1307
265 1260 1388 1307 1156
266 335 336 406 447
267 234 235 388 462
268 240 241 367 444
269 264 265 349 445
270 381 298 299 448
271 337 6 174 460
272 455 286 287 382
273 458 268 269 450
274 312 313 457 383
275 235 236 443 388
276 241 242 442 367
277 1867 1825 1907 1950
278 1454 1386 1513 1569
279 1569 1513 1628 1679
280 1679 1628 1735 1777
281 1777 1735 1825 1867
282 1327 1259 1386 1454
283 1253 1184 1318 1382
284 1382 1318 1450 1511
285 1104 1020 1183 1248
286 1184 1253 1110 1022
287 939 848 1021 1106
288 933 846 1019 1103
289 1020 1104 934 847
290 1204 1083 1259 1327
291 932 845 1022 1110
292 1393 1244 1180 1316
293 757 641 847 934
294 759 645 846 933
295 766 643 848 939
296 768 658 849 950
297 758 642 845 932
298 1509 1453 1568 1627
299 1734 1681 1766 1824
300 1627 1568 1681 1734
301 1391 1390 1453 1509
302 1390 1391 1236 1339
303 859 1028 947 755
304 1912 1875 1955 1984
305 930 870 1042 1101
306 750 618 831 929
307 852 936 763 593
308 752 660 870 930
309 767 646 851 940
310 1330 1458 1395 1254
311 617 745 537 426
312 608 753 539 408
313 648 749 508 407
314 660 752 530 431
315 659 762 520 409
316 622 746 527 416
317 599 761 519 393
318 618 750 511 411
319 616 747 510 410
320 596 764 525 360
321 644 751 516 356
322 593 763 513 354
323 647 748 518 344
324 755 480 670 859
325 709 481 671 860
326 1631 1521 1570 1680
327 1388 1260 1319 1451
328 1451 1567 1514 1388
329 1260 1111 1185 1319
330 1321 1251 1380 1449
331 1251 1321 1188 1108
332 942 1025 858 711
333 1324 1252 1381 1455
334 856 714 943 1023
335 1510 1572 1455 1381
336 1190 1109 1252 1324
337 1250 1325 1197 1107
338 1026 1185 1111 945
339 855 744 928 1024
340 1024 928 1105 1187
341 1458 1570 1521 1395
342 744 855 666 486
343 714 856 668 485
344 743 853 619 540
345 1028 1186 1114 947
346 1033 941 1107 1197
347 1025 942 1108 1188
348 1023 943 1109 1190
349 1254 1114 1186 1330
350 710 493 662 854
351 129 538 365 130
352 136 516 390 137
353 180 507 408 179
354 185 513 426 184
355 149 523 393 150
356 194 508 377 193
357 216 506 428 215
358 189 509 409 188
359 134 515 356 135
360 167 511 370 168
361 153 510 343 154
362 131 514 389 132
363 140 529 347 141
364 169 526 385 170
365 147 517 339 148
366 161 534 419 162
367 165 525 411 166
368 143 530 378 144
369 163 531 360 164
370 158 528 346 159
371 155 524 391 156
372 151 519 410 152
373 204 518 422 203
374 213 521 416 212
375 192 512 418 191
376 187 520 354 186
377 199 535 432 198
378 209 533 425 208
379 206 532 344 205
380 211 527 351 210
381 218 536 371 217
382 196 522 407 195
383 183 537 427 182
384 178 539 372 177
385 860 1026 945 709
386 911 730 861 1032
387 730 487 672 861
388 667 476 704 857
389 665 482 711 858
390 265 266 454 349
391 778 962 835 612
392 1633 1496 1590 1687
393 451 297 298 381
394 850 935 765 653
395 827 944 771 611
396 1115 1004 1170 1255
397 758 932 862 657
398 759 933 826 624
399 757 934 825 623
400 930 1101 1041 869
401 752 930 869 664
402 750 929 877 650
403 932 1110 1027 862
404 1476 1310 1382 1511
405 1253 1382 1310 1191
406 1173 1008 1104 1248
407 1110 1253 1191 1027
408 933 1103 1004 826
409 934 1104 1008 825
410 1747 1618 1704 1798
411 948 825 1008 1116
412 949 826 1004 1115
413 1048 831 963 1134
414 1402 1520 1436 1320
415 1520 1630 1574 1436
416 1320 1160 1280 1402
417 1031 1194 1120 938
418 768 950 850 653
419 938 706 871 1031
420 1249 1383 1304 1164
421 1164 994 1113 1249
422 957 1113 994 818
423 1194 1322 1272 1120
424 1249 1160 1320 1383
425 1160 1249 1113 1112
426 1112 1113 957 1057
427 1445 1304 1383 1529
428 1993 1904 1963 2024
429 1906 1862 1940 1987
430 862 870 660 657
431 939 1106 1054 832
432 1582 1685 1608 1488
433 2065 2112 2082 2031
434 1969 1896 1951 2013
435 2013 2065 2031 1969
436 1896 1810 1870 1951
437 2124 2082 2112 2143
438 1780 1870 1810 1716
439 1685 1780 1716 1608
440 818 717 866 957
441 669 650 877 778
442 1308 1168 1263 1396
443 1168 1040 1122 1263
444 1443 1308 1396 1530
445 1558 1443 1530 1643
446 1670 1558 1643 1746
447 1858 1769 1831 1916
448 1769 1670 1746 1831
449 1942 1858 1916 1989
450 2026 1942 1989 2053
451 857 704 941 1033
452 1465 1376 1516 1576
453 1839 1761 1777 1867
454 1923 1839 1867 1950
455 1761 1622 1679 1777
456 1622 1516 1569 1679
457 1454 1569 1516 1376
458 1327 1454 1376 1268
459 1112 1057 1006 1212
460 1887 1963 1904 1821
461 1341 1231 1366 1478
462 1478 1366 1491 1591
463 1210 1084 1231 1341
464 1030 913 1078 1189
465 913 1030 865 774
466 1193 1081 1239 1323
467 1591 1491 1614 1688
468 1056 924 1084 1210
469 1035 921 1081 1193
470 1023 1190 1084 924
471 1025 1188 1081 921
472 1024 1187 1089 916
473 1491 1366 1455 1572
474 1324 1455 1366 1231
475 1231 1084 1190 1324
476 1321 1449 1372 1239
477 1188 1321 1239 1081
478 855 1024 916 737
479 856 1023 924 772
480 858 1025 921 773
481 1197 1325 1235 1078
482 1078 913 1033 1197
483 913 774 857 1033
484 1756 1626 1703 1797
485 1030 1189 1118 956
486 1159 992 1132 1257
487 1300 1159 1257 1392
488 1434 1300 1392 1519
489 992 816 964 1132
490 1912 1984 1940 1862
491 1666 1552 1627 1734
492 1552 1442 1509 1627
493 1776 1666 1734 1824
494 1442 1299 1391 1509
495 1236 1391 1299 1157
496 1862 1776 1824 1912
497 948 1116 1007 819
498 949 1115 993 814
499 1115 1255 1195 993
500 1263 1154 1297 1396
501 1831 1765 1857 1916
502 1746 1665 1765 1831
503 1643 1549 1665 1746
504 1916 1857 1938 1989
505 1167 988 1121 1262
506 988 812 959 1121
507 2143 2112 2130 2156
508 1905 1979 1951 1870
509 2065 2013 2042 2088
510 1870 1780 1822 1905
511 2112 2065 2088 2130
512 2013 1951 1979 2042
513 1737 1822 1780 1685
514 1634 1737 1685 1582
515 1295 1167 1262 1399
516 1427 1295 1399 1525
517 1525 1634 1582 1427
518 878 832 1054 964
519 1162 995 1126 1267
520 1122 989 1154 1263
521 1530 1429 1549 1643
522 1352 1268 1376 1465
523 1072 904 1043 1196
524 914 705 873 1034
525 1326 1452 1367 1232
526 1199 1326 1232 1082
527 1082 914 1034 1199
528 1028 914 1082 1186
529 1185 1074 1237 1319
530 1319 1237 1371 1451
531 1497 1567 1451 1371
532 1074 1185 1026 903
533 903 1026 860 777
534 946 1032 861 718
535 1570 1495 1616 1680
536 1458 1367 1495 1570
537 1616 1495 1585 1694
538 1194 1072 1234 1322
539 1330 1232 1367 1458
540 1632 1736 1689 1578
541 859 705 914 1028
542 1169 990 1136 1264
543 1309 1169 1264 1398
544 1524 1632 1578 1464
545 1031 904 1072 1194
546 1282 1123 1218 1333
547 1380 1309 1464 1498
548 1817 1874 1793 1722
549 876 737 916 1059
550 881 772 924 1056
551 875 773 921 1035
552 816 713 878 964
553 1157 1073 1192 1236
554 2130 2105 2142 2156
555 1822 1779 1869 1905
556 1737 1683 1779 1822
557 1905 1869 1949 1979
558 2105 2130 2088 2058
559 1634 1580 1683 1737
560 2011 2042 1979 1949
561 2042 2011 2058 2088
562 1580 1634 1525 1456
563 1153 1262 1121 1047
564 1193 1323 1238 1075
565 1399 1329 1456 1525
566 1035 1193 1075 907
567 1074 903 1056 1210
568 1341 1478 1371 1237
569 1237 1074 1210 1341
570 1497 1371 1478 1591
571 903 777 881 1056
572 1518 1431 1551 1629
573 1394 1307 1431 1518
574 1500 1437 1485 1544
575 995 910 1052 1126
576 1517 1428 1579 1639
577 1903 1955 1875 1814
578 1824 1766 1875 1912
579 1302 1162 1267 1401
580 1518 1629 1573 1462
581 1394 1518 1462 1296
582 1753 1786 1710 1647
583 1385 1468 1577 1489
584 1813 1719 1771 1863
585 336 337 460 406
586 1071 965 1060 1202
587 1658 1595 1673 1762
588 1258 1071 1202 1332
589 372 539 753 678
590 390 516 751 663
591 370 511 750 650
592 377 508 749 611
593 339 517 757 623
594 378 530 752 664
595 343 510 747 649
596 422 518 748 654
597 351 527 746 651
598 427 537 745 655
599 347 529 758 657
600 419 534 759 624
601 365 538 760 607
602 1385 1258 1332 1468
603 1306 1198 1240 1404
604 1326 1258 1385 1452
605 1258 1326 1199 1071
606 432 535 619 661
607 1392 1306 1457 1519
608 1257 1198 1306 1392
609 1034 965 1071 1199
610 1198 1257 1132 1131
611 740 504 494 612
612 424 504 702 463
613 643 423 389 487
614 420 484 642 421
615 646 392 425 481
616 345 418 621 482
617 341 432 661 476
618 641 415 414 478
619 504 424 385 494
620 620 429 391 480
621 645 430 346 493
622 1577 1686 1609 1489
623 371 506 216 217
624 392 532 206 207
625 345 509 189 190
626 386 536 218 219
627 364 521 213 214
628 416 527 211 212
629 409 520 187 188
630 407 508 194 195
631 341 522 196 197
632 423 515 134 133
633 410 510 153 152
634 426 537 183 184
635 354 513 185 186
636 377 512 192 193
637 379 535 199 200
638 351 533 209 210
639 411 511 167 166
640 356 516 136 135
641 360 525 165 164
642 365 514 131 130
643 343 524 155 154
644 370 526 169 168
645 431 530 143 142
646 415 517 147 146
647 421 529 140 139
648 393 519 151 150
649 339 523 149 148
650 419 531 163 162
651 429 528 158 157
652 359 507 180 181
653 408 539 178 179
654 344 518 204 205
655 430 534 161 160
656 461 538 129 128
657 1694 1609 1741 1782
658 1609 1694 1585 1489
659 1915 1985 1941 1861
660 532 392 646 767
661 529 421 642 758
662 515 423 643 766
663 517 415 641 757
664 534 430 645 759
665 513 763 617 426
666 520 762 593 354
667 525 764 618 411
668 519 761 616 410
669 515 766 644 356
670 532 767 647 344
671 1985 2045 2004 1941
672 1986 1943 1994 2027
673 608 408 507 666
674 659 409 509 665
675 648 407 522 667
676 622 416 521 668
677 2066 2111 2102 2045
678 2016 2066 2045 1985
679 1957 2016 1985 1915
680 1877 1957 1915 1841
681 1270 1156 1307 1394
682 954 813 989 1122
683 1689 1770 1718 1611
684 775 623 825 948
685 776 624 826 949
686 1262 1153 1329 1399
687 1616 1694 1782 1722
688 1441 1337 1411 1523
689 1575 1636 1522 1441
690 882 679 489 732
691 1397 1337 1441 1522
692 1717 1778 1682 1610
693 1948 1897 1971 2010
694 2034 2060 2010 1971
695 1868 1811 1897 1948
696 2060 2034 2095 2106
697 1778 1717 1811 1868
698 1610 1682 1579 1490
699 1367 1452 1585 1495
700 1396 1297 1429 1530
701 1397 1522 1430 1298
702 1671 1736 1632 1550
703 1298 1398 1264 1155
704 1550 1632 1524 1430
705 1522 1636 1550 1430
706 1298 1155 1276 1397
707 1983 2044 2003 1937
708 1913 1983 1937 1856
709 1186 1082 1232 1330
710 1061 961 1049 1124
711 1989 1938 2006 2053
712 2082 2116 2068 2031
713 1969 2018 1958 1896
714 2031 2068 2018 1969
715 2155 2166 2146 2124
716 2116 2082 2124 2146
717 1879 1810 1896 1958
718 1790 1716 1810 1879
719 2119 2099 2037 2077
720 1692 1608 1716 1790
721 1727 1793 1874 1834
722 1373 1296 1462 1531
723 1669 1739 1642 1553
724 1006 907 1075 1212
725 1553 1435 1538 1641
726 1631 1680 1793 1727
727 1528 1435 1553 1642
728 1855 1764 1823 1906
729 1764 1684 1738 1823
730 1635 1738 1684 1581
731 1526 1635 1581 1432
732 1936 1855 1906 1987
733 2002 1936 1987 2046
734 1515 1571 1461 1369
735 1369 1281 1345 1463
736 1383 1320 1436 1529
737 1198 1131 1208 1240
738 1331 1281 1369 1461
739 1873 1813 1899 1954
740 1813 1873 1785 1719
741 1956 1876 1918 1991
742 1991 2048 2015 1956
743 963 814 993 1134
744 652 765 935 868
745 1876 1800 1837 1918
746 2048 2091 2071 2015
747 617 763 936 828
748 742 490 654 706
749 744 486 655 717
750 1783 1743 1827 1872
751 2014 1980 2040 2064
752 2114 2083 2125 2144
753 1872 1827 1909 1953
754 2064 2040 2083 2114
755 1953 1909 1980 2014
756 1743 1783 1702 1654
757 1983 1956 2015 2044
758 1956 1983 1913 1876
759 1876 1913 1844 1800
760 615 760 538 461
761 2032 1970 2014 2064
762 2085 2032 2064 2114
763 2128 2085 2114 2144
764 1970 1898 1953 2014
765 1872 1953 1898 1812
766 2066 2032 2085 2111
767 2016 1970 2032 2066
768 1957 1898 1970 2016
769 1877 1812 1898 1957
770 1783 1872 1812 1723
771 418 512 771 621
772 393 523 775 599
773 360 531 776 596
774 428 506 765 652
775 1958 2018 1980 1909
776 2125 2083 2116 2146
777 2018 2068 2040 1980
778 1909 1827 1879 1958
779 2146 2166 2154 2125
780 2068 2116 2083 2040
781 1827 1743 1790 1879
782 652 485 364 428
783 654 490 413 422
784 655 486 359 427
785 663 484 420 390
786 664 478 414 378
787 1692 1790 1743 1654
788 657 660 431 347
789 612 494 669 778
790 1744 1656 1705 1785
791 2019 1972 2038 2069
792 1959 1911 1972 2019
793 1880 1829 1911 1959
794 2067 2121 2098 2035
795 1873 1954 1911 1829
796 1785 1873 1829 1744
797 720 886 691 585
798 1690 1656 1744 1788
799 1972 1911 1954 2020
800 2038 1972 2020 1976
801 1930 1833 1889 1965
802 1927 1856 1937 1990
803 2035 1973 2023 2067
804 1665 1727 1834 1765
805 1267 1176 1336 1401
806 2029 1974 2005 2055
807 1642 1739 1691 1557
808 1557 1460 1528 1642
809 1520 1460 1557 1630
810 1460 1520 1402 1301
811 1460 1301 1412 1528
812 1398 1298 1430 1524
813 2084 2033 2075 2115
814 1331 1461 1362 1227
815 1461 1571 1494 1362
816 1813 1863 1960 1899
817 1637 1686 1577 1494
818 1227 1332 1202 1139
819 1227 1139 1215 1331
820 1815 1881 1791 1718
821 1176 1267 1126 1097
822 1908 1855 1936 1981
823 2043 2002 2063 2089
824 1981 1936 2002 2043
825 1826 1764 1855 1908
826 1740 1684 1764 1826
827 2067 2033 2084 2121
828 1644 1581 1684 1740
829 1468 1362 1494 1577
830 1499 1403 1486 1602
831 1796 1723 1812 1877
832 920 1009 1098 1017
833 1840 1921 1859 1767
834 1717 1610 1690 1788
835 1610 1490 1592 1690
836 1811 1717 1788 1880
837 1897 1811 1880 1959
838 1971 1897 1959 2019
839 2034 1971 2019 2069
840 1403 1459 1350 1349
841 1816 1886 1775 1757
842 644 766 939 832
843 647 767 940 829
844 2041 2012 2059 2090
845 2090 2059 2113 2131
846 1982 1952 2012 2041
847 1952 1982 1910 1871
848 1828 1781 1871 1910
849 1230 1360 1226 1079
850 743 863 1029 923
851 1857 1765 1834 1901
852 403 123 122 470
853 117 116 366 469
854 110 109 467 473
855 109 108 404 467
856 113 112 353 466
857 369 102 101 472
858 366 116 115 468
859 373 120 119 471
860 2043 2089 2059 2012
861 2012 1952 1981 2043
862 1952 1871 1908 1981
863 1826 1908 1871 1781
864 1740 1826 1781 1664
865 1644 1740 1664 1548
866 371 536 768 653
867 662 528 429 620
868 1368 1230 1350 1459
869 1748 1664 1781 1828
870 1216 1350 1230 1079
871 379 412 656 540
872 1791 1881 1816 1757
873 482 665 509 345
874 540 619 535 379
875 476 667 522 341
876 486 666 507 359
877 485 668 521 364
878 490 656 412 413
879 495 658 386 417
880 868 714 485 652
881 649 670 524 343
882 650 669 526 370
883 651 671 533 351
884 607 672 514 365
885 1704 1612 1724 1798
886 748 871 706 654
887 745 866 717 655
888 1126 1052 1016 1097
889 1724 1794 1882 1819
890 1788 1744 1829 1880
891 1847 1890 1802 1721
892 1589 1488 1608 1692
893 1170 1204 1327 1268
894 2127 2094 2117 2145
895 289 290 543 436
896 1748 1828 1763 1707
897 1863 1919 1986 1960
898 1924 1925 1995 1945
899 295 296 544 401
900 849 920 1017 950
901 2048 2001 2057 2091
902 2001 2048 1991 1935
903 1918 1854 1935 1991
904 248 249 555 396
905 254 255 557 398
906 242 243 552 442
907 260 261 549 453
908 236 237 550 443
909 266 267 547 454
910 272 273 545 449
911 331 332 551 433
912 278 279 542 374
913 301 302 546 348
914 325 326 553 434
915 284 285 541 338
916 2057 2001 2041 2090
917 2104 2057 2090 2131
918 2001 1935 1982 2041
919 1910 1982 1935 1854
920 319 320 554 437
921 1828 1910 1854 1763
922 313 314 556 457
923 307 308 548 440
924 1771 1849 1919 1863
925 1004 1103 1204 1170
926 710 854 954 922
927 922 954 1122 1040
928 1612 1688 1794 1724
929 1837 1763 1854 1918
930 1480 1564 1625 1539
931 303 304 584 452
932 309 310 583 350
933 315 316 577 399
934 291 292 580 400
935 321 322 575 397
936 327 328 568 394
937 333 334 565 376
938 661 619 853 769
939 854 662 620 770
940 238 239 561 368
941 244 245 560 395
942 1416 1285 1348 1482
943 2115 2094 2127 2150
944 250 251 563 438
945 256 257 564 439
946 1537 1432 1581 1644
947 262 263 567 380
948 1706 1611 1718 1791
949 1816 1881 1925 1924
950 274 275 570 340
951 280 281 573 435
952 611 771 512 377
953 623 775 523 339
954 653 765 506 371
955 624 776 531 419
956 1544 1606 1603 1500
957 317 318 562 355
958 323 324 558 362
959 287 288 572 382
960 329 330 559 363
961 745 617 828 866
962 2052 2025 2061 2070
963 293 294 571 342
964 305 306 566 441
965 299 300 569 448
966 853 743 923 959
967 1217 1348 1285 1143
968 779 899 920 849
969 246 247 574 358
970 1680 1616 1722 1793
971 1015 882 732 927
972 1332 1227 1362 1468
973 252 253 576 357
974 282 283 578 402
975 276 277 579 446
976 270 271 581 456
977 941 704 769 812
978 258 259 582 352
979 770 755 947 813
980 827 865 1030 956
981 678 753 876 830
982 611 749 865 827
983 2024 1963 1996 2049
984 593 762 875 852
985 621 771 944 867
986 659 665 858 773
987 608 666 855 737
988 648 667 857 774
989 622 668 856 772
990 1241 1221 1161 1358
991 1161 1287 1420 1358
992 1925 1861 1941 1995
993 1403 1349 1422 1486
994 1234 1270 1394 1296
995 1072 1196 1270 1234
996 1452 1385 1489 1585
997 957 866 828 1057
998 1019 922 1040 1083
999 1751 1843 1797 1703
1000 536 386 658 768
1001 514 672 487 389
1002 526 669 494 385
1003 533 671 481 425
1004 528 662 493 346
1005 524 670 480 391
1006 769 704 476 661
1007 480 755 770 620
1008 748 647 829 871
1009 751 644 832 878
1010 942 711 867 906
1011 1794 1731 1836 1882
1012 935 850 1016 1052
1013 1031 871 829 904
1014 2055 2073 2072 2054
1015 1655 1548 1664 1748
1016 1097 1016 1017 1098
1017 950 1017 1016 850
1018 943 714 868 910
1019 458 547 267 268
1020 340 545 273 274
1021 380 549 261 262
1022 435 542 279 280
1023 616 761 958 879
1024 618 764 963 831
1025 438 555 249 250
1026 1491 1572 1699 1614
1027 455 541 285 286
1028 599 775 948 819
1029 596 776 949 814
1030 395 552 243 244
1031 400 543 290 291
1032 1103 1019 1083 1204
1033 754 484 663 713
1034 376 551 332 333
1035 451 544 296 297
1036 1255 1170 1268 1352
1037 1043 940 851 1005
1038 394 553 326 327
1039 1651 1751 1703 1566
1040 1119 902 1041 1073
1041 1196 1043 1005 1127
1042 397 554 320 321
1043 452 546 302 303
1044 399 556 314 315
1045 350 548 308 309
1046 362 575 322 323
1047 363 568 328 329
1048 355 577 316 317
1049 447 565 334 335
1050 459 583 310 311
1051 462 586 233 234
1052 441 584 304 305
1053 444 561 239 240
1054 358 560 245 246
1055 342 580 292 293
1056 357 563 251 252
1057 352 564 257 258
1058 867 711 482 621
1059 445 567 263 264
1060 1127 1111 1260 1156
1061 854 770 813 954
1062 446 570 275 276
1063 402 573 281 282
1064 1042 1027 1191 1277
1065 1465 1576 1545 1375
1066 436 572 288 289
1067 853 959 812 769
1068 401 571 294 295
1069 348 569 300 301
1070 440 566 306 307
1071 1815 1841 1915 1861
1072 437 562 318 319
1073 434 558 324 325
1074 859 670 649 705
1075 860 671 651 777
1076 861 672 607 718
1077 433 559 330 331
1078 1143 1285 1223 999
1079 2052 2009 1939 1998
1080 1998 1939 1859 1921
1081 873 747 616 879
1082 1963 1887 1922 1996
1083 338 578 283 284
1084 1843 1922 1887 1797
1085 396 574 247 248
1086 1671 1702 1783 1723
1087 374 579 277 278
1088 1986 2027 2007 1960
1089 449 581 271 272
1090 398 576 253 254
1091 946 960 1069 1011
1092 453 582 259 260
1093 1287 1161 1141 1085
1094 944 827 956 1055
1095 1718 1770 1841 1815
1096 1770 1796 1877 1841
1097 1954 1899 1976 2020
1098 762 659 773 875
1099 753 608 737 876
1100 749 648 774 865
1101 746 622 772 881
1102 462 388 501 500
1103 1121 959 923 1047
1104 1755 1707 1763 1837
1105 751 878 713 663
1106 1073 1041 1101 1192
1107 935 1052 910 868
1108 459 383 588 483
1109 945 1111 1127 1005
1110 944 1055 906 867
1111 1101 1042 1277 1192
1112 885 1152 912 727
1113 911 1032 1130 1077
1114 1550 1636 1702 1671
1115 718 872 960 946
1116 1441 1523 1589 1575
1117 1575 1589 1692 1654
1118 1943 1986 1919 1860
1119 1689 1736 1796 1770
1120 1124 1049 1048 1123
1121 1066 966 708 887
1122 1510 1444 1587 1650
1123 1261 1129 1128 1206
1124 1572 1510 1650 1699
1125 1244 1093 1002 1180
1126 1599 1474 1536 1658
1127 828 936 1006 1057
1128 761 599 819 958
1129 764 596 814 963
1130 1059 977 830 876
1131 852 875 1035 907
1132 1196 1127 1156 1270
1133 1688 1614 1731 1794
1134 940 1043 904 829
1135 962 778 877 961
1136 1120 1272 1206 1128
1137 1129 1029 937 1128
1138 1322 1234 1296 1373
1139 1049 929 831 1048
1140 2133 2149 2157 2159
1141 1637 1655 1748 1707
1142 615 731 872 760
1143 2135 2108 2152 2162
1144 1416 1542 1471 1354
1145 1303 1206 1272 1413
1146 1817 1844 1913 1856
1147 1172 1077 1211 1283
1148 1285 1416 1354 1223
1149 1029 1129 1047 923
1150 1132 964 1054 1131
1151 747 873 705 649
1152 1839 1923 1888 1805
1153 1741 1755 1837 1800
1154 746 881 777 651
1155 1834 1874 1927 1901
1156 1208 1106 1021 1172
1157 1475 1427 1582 1488
1158 1875 1766 1801 1814
1159 1208 1172 1283 1240
1160 1566 1446 1534 1651
1161 1523 1411 1370 1475
1162 2145 2117 2104 2133
1163 1034 873 879 965
1164 2026 2027 1975 1942
1165 1413 1272 1322 1373
1166 1722 1782 1844 1817
1167 1405 1438 1493 1469
1168 1622 1761 1711 1660
1169 1494 1571 1655 1637
1170 2075 2044 2015 2071
1171 1609 1686 1755 1741
1172 1397 1276 1235 1337
1173 1633 1687 1754 1729
1174 2135 2162 2141 2134
1175 2067 2023 2003 2033
1176 1369 1463 1537 1515
1177 1411 1325 1250 1370
1178 1515 1537 1644 1548
1179 864 960 872 731
1180 1264 1136 1118 1155
1181 1276 1189 1078 1235
1182 2081 2006 1973 2035
1183 1032 946 1011 1130
1184 1669 1706 1791 1757
1185 1553 1641 1706 1669
1186 1377 1338 1393 1439
1187 1217 1143 908 1063
1188 1785 1705 1672 1719
1189 820 926 739 606
1190 936 852 907 1006
1191 2006 1938 1964 1973
1192 817 927 732 598
1193 760 872 718 607
1194 1475 1370 1295 1427
1195 367 442 694 488
1196 388 443 677 501
1197 1638 1562 1698 1742
1198 1687 1590 1560 1617
1199 1532 1433 1562 1638
1200 2163 2144 2125 2154
1201 1562 1433 1546 1657
1202 961 877 929 1049
1203 1698 1562 1657 1760
1204 2117 2091 2057 2104
1205 1136 1055 956 1118
1206 381 448 699 477
1207 886 1044 987 733
1208 2023 1990 1937 2003
1209 1502 1374 1474 1599
1210 1414 1387 1526 1432
1211 1446 1347 1406 1534
1212 1583 1504 1555 1645
1213 450 456 700 479
1214 1497 1591 1688 1612
1215 1901 1927 1990 1964
1216 496 615 461 375
1217 1690 1592 1573 1656
1218 1340 1474 1374 1233
1219 1579 1428 1479 1490
1220 1881 1815 1861 1925
1221 1705 1629 1551 1672
1222 2055 2005 2036 2073
1223 1736 1671 1723 1796
1224 1236 1192 1277 1339
1225 1590 1511 1450 1560
1226 1709 1710 1786 1721
1227 1271 1409 1340 1166
1228 1275 1406 1347 1214
1229 1514 1567 1704 1618
1230 1523 1475 1488 1589
1231 1131 1054 1106 1208
1232 2115 2075 2071 2094
1233 1801 1766 1681 1729
1234 1474 1340 1409 1536
1235 1013 837 926 1100
1236 1316 1229 1365 1448
1237 1229 1316 1180 1076
1238 1593 1578 1689 1611
1239 1641 1538 1498 1593
1240 1965 1926 1978 2008
1241 1545 1486 1422 1375
1242 1636 1575 1654 1702
1243 1528 1412 1372 1435
1244 1340 1233 1224 1166
1245 1874 1817 1856 1927
1246 1538 1449 1380 1498
1247 1339 1277 1191 1310
1248 1453 1390 1476 1496
1249 1729 1754 1802 1801
1250 1413 1373 1531 1479
1251 1592 1531 1462 1573
1252 1617 1560 1512 1653
1253 2144 2163 2148 2128
1254 1463 1345 1312 1414
1255 1617 1653 1710 1709
1256 1337 1235 1325 1411
1257 925 785 894 971
1258 1802 1890 1814 1801
1259 1402 1280 1238 1301
1260 1964 1938 1857 1901
1261 1412 1323 1239 1372
1262 1966 1883 1930 1997
1263 1687 1617 1709 1754
1264 1306 1404 1481 1457
1265 1782 1741 1800 1844
1266 1496 1476 1511 1590
1267 1155 1118 1189 1276
1268 990 906 1055 1136
1269 1974 1967 1977 2005
1270 52 53 285 284
1271 1719 1672 1747 1771
1272 1315 1364 1438 1405
1273 1593 1498 1464 1578
1274 1448 1439 1393 1316
1275 1433 1532 1418 1363
1276 1345 1248 1183 1312
1277 1626 1503 1566 1703
1278 1305 1228 1418 1477
1279 1833 1730 1808 1889
1280 1331 1215 1173 1281
1281 1434 1519 1594 1561
1282 1039 1080 1150 978
1283 1378 1503 1564 1480
1284 2103 2087 2109 2123
1285 720 585 679 882
1286 1280 1212 1075 1238
1287 1479 1428 1303 1413
1288 2074 2120 2093 2050
1289 2137 2138 2123 2109
1290 1742 1792 1695 1638
1291 278 47 48 279
1292 57 58 291 290
1293 1414 1312 1256 1387
1294 1638 1695 1586 1532
1295 1350 1216 1282 1349
1296 2033 2003 2044 2075
1297 1567 1497 1612 1704
1298 1202 1060 1007 1139
1299 1360 1230 1368 1419
1300 1099 1271 1166 1144
1301 1215 1116 1008 1173
1302 1002 909 1076 1180
1303 1686 1637 1707 1755
1304 1619 1715 1602 1601
1305 1787 1720 1818 1878
1306 1678 1613 1720 1787
1307 1463 1414 1432 1537
1308 1435 1372 1449 1538
1309 1653 1561 1647 1710
1310 886 720 918 1044
1311 1216 1124 1123 1282
1312 1060 958 819 1007
1313 1641 1593 1611 1706
1314 1990 2023 1973 1964
1315 1656 1573 1629 1705
1316 1226 1062 1061 1079
1317 1404 1240 1283 1351
1318 1571 1515 1548 1655
1319 882 1015 918 720
1320 2078 2054 2072 2101
1321 1284 1352 1465 1375
1322 1739 1669 1757 1775
1323 1313 1355 1483 1363
1324 1018 1059 916 1089
1325 272 42 43 273
1326 62 63 297 296
1327 1662 1712 1700 1646
1328 1700 1613 1597 1646
1329 1333 1218 1195 1284
1330 1698 1760 1840 1767
1331 2126 2093 2120 2148
1332 1160 1112 1212 1280
1333 1754 1709 1721 1802
1334 1531 1592 1490 1479
1335 1281 1173 1248 1345
1336 1301 1238 1323 1412
1337 2069 2121 2095 2034
1338 1098 1181 1176 1097
1339 2049 2097 2074 2024
1340 1062 962 961 1061
1341 266 37 38 267
1342 67 68 303 302
1343 1902 1888 1923 1947
1344 1477 1418 1532 1586
1345 587 176 177 372
1346 565 447 497 698
1347 1482 1583 1542 1416
1348 586 405 232 233
1349 505 472 387 675
1350 1675 1621 1556 1624
1351 1648 1594 1508 1604
1352 958 1060 965 879
1353 2091 2117 2094 2071
1354 126 125 405 502
1355 1211 1344 1351 1283
1356 1218 1134 993 1195
1357 1519 1457 1508 1594
1358 1140 1273 1222 1010
1359 1445 1421 1356 1304
1360 260 32 33 261
1361 72 73 309 308
1362 888 729 979 917
1363 1404 1351 1424 1481
1364 1139 1007 1116 1215
1365 1140 1010 836 982
1366 1224 998 1144 1166
1367 2120 2074 2097 2110
1368 1315 1405 1278 1207
1369 1058 1091 1178 1100
1370 999 951 908 1143
1371 2133 2104 2131 2149
1372 1626 1696 1564 1503
1373 1343 1203 1289 1426
1374 1667 1650 1587 1661
1375 254 27 28 255
1376 77 78 315 314
1377 1009 1142 1181 1098
1378 1891 1845 1888 1902
1379 1141 952 1053 1085
1380 1661 1605 1505 1621
1381 1177 1228 1305 1274
1382 1472 1342 1408 1541
1383 1273 1408 1342 1222
1384 128 127 375 461
1385 1079 1061 1124 1216
1386 1134 1218 1123 1048
1387 2113 2122 2135 2134
1388 2132 2106 2150 2165
1389 1619 1601 1660 1711
1390 893 1064 985 721
1391 729 683 690 844
1392 728 634 686 843
1393 1333 1422 1349 1282
1394 2168 2169 2157 2141
1395 1594 1648 1647 1561
1396 2122 2100 2108 2135
1397 1417 1353 1437 1543
1398 1712 1807 1806 1700
1399 248 22 23 249
1400 82 83 321 320
1401 1481 1535 1508 1457
1402 2021 1992 2056 2062
1403 404 361 503 673
1404 1284 1195 1255 1352
1405 387 464 589 675
1406 926 820 1058 1100
1407 2160 2161 2154 2170
1408 1977 2009 2036 2005
1409 1439 1448 1505 1605
1410 615 496 676 731
1411 1473 1343 1426 1547
1412 1224 1269 1086 998
1413 978 822 840 1039
1414 1933 1866 1900 1968
1415 1726 1805 1888 1845
1416 1849 1798 1724 1819
1417 691 886 733 492
1418 1125 996 1174 1265
1419 726 815 980 892
1420 1201 1096 1245 1328
1421 1424 1440 1535 1481
1422 87 88 327 326
1423 242 17 18 243
1424 1883 1784 1833 1930
1425 1355 1313 1158 1269
1426 2149 2134 2141 2157
1427 1291 1423 1361 1213
1428 1919 1849 1819 1860
1429 998 1086 905 966
1430 1928 1859 1939 1999
1431 1613 1700 1806 1720
1432 952 1141 997 953
1433 1507 1447 1368 1459
1434 232 405 125 5
1435 1096 1201 1037 912
1436 968 1069 960 864
1437 236 12 13 237
1438 92 93 333 332
1439 2059 2089 2122 2113
1440 1848 1767 1859 1928
1441 1624 1676 1809 1758
1442 1266 1171 1290 1357
1443 1499 1507 1459 1403
1444 1484 1417 1543 1600
1445 678 830 756 627
1446 1541 1646 1597 1472
1447 2026 2053 2039 2080
1448 577 788 610 399
1449 575 790 695 397
1450 973 835 962 1062
1451 1798 1849 1771 1747
1452 1 9 232 5
1453 337 96 2 6
1454 1784 1697 1730 1833
1455 491 503 361 465
1456 892 980 1014 833
1457 567 789 600 380
1458 1328 1245 1379 1467
1459 1623 1730 1697 1554
1460 817 909 1002 927
1461 1213 1051 1138 1291
1462 639 891 784 588
1463 1182 1094 1246 1317
1464 996 1125 925 971
1465 912 1037 843 727
1466 545 792 614 449
1467 542 797 693 374
1468 552 786 694 442
1469 1275 1214 1038 1146
1470 1179 1293 1419 1359
1471 915 1067 844 719
1472 1176 1181 1292 1336
1473 1286 1407 1353 1174
1474 465 369 640 491
1475 884 1036 976 883
1476 1602 1486 1545 1601
1477 468 466 679 585
1478 1675 1624 1758 1772
1479 2063 2078 2101 2100
1480 1346 1278 1405 1469
1481 331 91 92 332
1482 13 14 238 237
1483 553 787 597 434
1484 582 793 631 352
1485 576 794 632 357
1486 1640 1598 1678 1733
1487 1221 997 1141 1161
1488 543 791 692 436
1489 1814 1890 1933 1903
1490 583 703 674 350
1491 546 796 613 348
1492 1620 1677 1648 1604
1493 1286 1165 1311 1407
1494 1832 1885 1795 1749
1495 1279 1135 1209 1346
1496 1333 1284 1375 1422
1497 841 1046 972 716
1498 1000 1148 915 976
1499 1619 1711 1805 1726
1500 18 19 244 243
1501 325 86 87 326
1502 970 821 1051 1137
1503 1693 1640 1733 1789
1504 1001 1133 917 979
1505 1205 1125 1265 1335
1506 1847 1850 1893 1866
1507 1133 1001 1207 1278
1508 1773 1673 1752 1852
1509 1999 1946 1929 1928
1510 925 1050 891 785
1511 403 470 498 590
1512 1928 1929 1892 1848
1513 438 563 799 595
1514 1527 1473 1598 1640
1515 1400 1343 1473 1527
1516 1064 1219 1117 985
1517 1246 1203 1343 1400
1518 1269 1158 1145 1086
1519 636 492 733 901
1520 564 798 591 439
1521 2162 2158 2168 2141
1522 1996 1922 1962 2021
1523 1701 1795 1751 1651
1524 1467 1379 1533 1588
1525 1749 1795 1701 1649
1526 319 81 82 320
1527 23 24 250 249
1528 1649 1701 1588 1533
1529 1051 821 986 1138
1530 1775 1728 1691 1739
1531 1588 1701 1651 1534
1532 569 802 699 448
1533 559 800 601 363
1534 1174 996 1151 1286
1535 1584 1527 1640 1693
1536 1466 1400 1527 1584
1537 1317 1246 1400 1466
1538 499 673 725 598
1539 592 784 982 836
1540 1125 1205 1050 925
1541 1135 969 1045 1209
1542 2002 2046 2078 2063
1543 1920 1962 1885 1832
1544 581 803 700 456
1545 991 1094 1014 980
1546 548 806 625 440
1547 917 1045 834 888
1548 313 76 77 314
1549 28 29 256 255
1550 1750 1774 1708 1652
1551 551 807 626 433
1552 1843 1751 1795 1885
1553 1359 1447 1365 1229
1554 834 1045 969 712
1555 909 1013 1179 1076
1556 1922 1843 1885 1962
1557 1835 1787 1878 1917
1558 1733 1678 1787 1835
1559 1207 1001 1088 1274
1560 1046 955 1087 1225
1561 1696 1626 1756 1799
1562 1962 1920 1992 2021
1563 2131 2113 2134 2149
1564 1357 1290 1243 1356
1565 1587 1444 1487 1506
1566 1363 1418 1228 1313
1567 1699 1732 1731 1614
1568 1470 1334 1410 1539
1569 2097 2049 2062 2086
1570 1732 1667 1851 1803
1571 970 782 734 821
1572 874 603 635 721
1573 1492 1505 1448 1365
1574 919 977 1059 1018
1575 628 804 974 887
1576 1884 1835 1917 1961
1577 1789 1733 1835 1884
1578 1882 1836 1934 1931
1579 307 71 72 308
1580 33 34 262 261
1581 900 968 783 723
1582 991 1149 1289 1203
1583 2004 2079 2056 2028
1584 1721 1786 1850 1847
1585 1092 972 1046 1225
1586 1799 1756 1821 1894
1587 1884 1961 1920 1832
1588 1516 1622 1660 1576
1589 1534 1406 1467 1588
1590 1649 1533 1584 1693
1591 1853 1893 1850 1804
1592 1533 1379 1466 1584
1593 1137 1051 1213 1288
1594 1067 915 1148 1088
1595 2017 2029 2055 2054
1596 1177 1274 1088 1148
1597 740 889 735 781
1598 1130 1220 1211 1077
1599 1768 1853 1804 1725
1600 301 66 67 302
1601 38 39 268 267
1602 1037 1201 1146 967
1603 1050 1205 1140 982
1604 1011 1095 1220 1130
1605 1482 1415 1504 1583
1606 1711 1761 1839 1805
1607 1647 1648 1677 1753
1608 1346 1469 1415 1279
1609 1437 1353 1407 1485
1610 905 1086 1145 1036
1611 585 691 366 468
1612 505 640 369 472
1613 489 679 466 353
1614 1201 1328 1275 1146
1615 2076 2118 2096 2051
1616 1696 1752 1625 1564
1617 295 61 62 296
1618 43 44 274 273
1619 1334 1200 1242 1410
1620 1749 1649 1693 1789
1621 1045 917 1133 1209
1622 1273 1140 1205 1335
1623 1406 1275 1328 1467
1624 1596 1540 1652 1708
1625 1832 1749 1789 1884
1626 1209 1133 1278 1346
1627 837 725 739 926
1628 976 915 719 883
1629 1271 1200 1334 1409
1630 2126 2148 2163 2161
1631 696 890 780 638
1632 1760 1697 1784 1840
1633 1426 1342 1472 1547
1634 1732 1699 1650 1667
1635 1099 1117 1200 1271
1636 491 640 735 606
1637 289 56 57 290
1638 48 49 280 279
1639 1290 1187 1105 1243
1640 473 499 489 353
1641 727 843 686 477
1642 2045 2102 2079 2004
1643 909 817 837 1013
1644 1882 1931 1860 1819
1645 1096 912 1003 1182
1646 842 1065 955 736
1647 1093 1015 927 1002
1648 1379 1245 1317 1466
1649 372 678 627 587
1650 804 603 874 974
1651 1408 1273 1335 1484
1652 719 844 690 479
1653 1659 1759 1714 1555
1654 979 729 844 1067
1655 1226 1360 1178 1091
1656 2051 1978 2022 2076
1657 967 728 843 1037
1658 483 588 784 592
1659 1142 1044 918 1090
1660 1149 991 815 983
1661 2089 2063 2100 2122
1662 283 51 52 284
1663 53 54 286 285
1664 2140 2139 2147 2160
1665 1087 955 1065 1147
1666 1659 1596 1708 1759
1667 1932 1886 1816 1924
1668 2110 2128 2148 2120
1669 884 896 905 1036
1670 1151 1068 972 1092
1671 781 702 504 740
1672 1038 1138 986 975
1673 277 46 47 278
1674 58 59 292 291
1675 889 740 612 835
1676 1940 1984 2029 2017
1677 1245 1096 1182 1317
1678 2169 2155 2124 2143
1679 783 488 694 723
1680 1425 1424 1351 1344
1681 1883 1921 1840 1784
1682 1228 1177 1158 1313
1683 796 685 833 981
1684 2028 1995 1941 2004
1685 1355 1233 1374 1483
1686 726 741 983 815
1687 891 1050 982 784
1688 1792 1742 1848 1892
1689 271 41 42 272
1690 63 64 298 297
1691 1314 1410 1242 1288
1692 1487 1444 1302 1401
1693 1064 970 1137 1219
1694 1409 1334 1470 1536
1695 1742 1698 1767 1848
1696 2000 1945 1995 2028
1697 2164 2169 2143 2156
1698 838 795 951 1053
1699 840 715 953 1039
1700 1356 1243 1164 1304
1701 1768 1725 1714 1759
1702 1657 1554 1697 1760
1703 1401 1336 1377 1487
1704 1421 1311 1357 1356
1705 1604 1501 1559 1620
1706 265 36 37 266
1707 68 69 304 303
1708 1289 1222 1342 1426
1709 1163 1090 1093 1244
1710 1752 1696 1799 1852
1711 1293 1013 1100 1178
1712 1836 1803 1891 1934
1713 1890 1847 1866 1933
1714 2035 2098 2038 2081
1715 1438 1364 1540 1596
1716 722 880 977 919
1717 1903 1933 1968 1967
1718 1984 1955 1974 2029
1719 477 686 451 381
1720 2118 2093 2126 2147
1721 475 689 455 382
1722 2150 2106 2095 2084
1723 565 698 637 376
1724 479 690 458 450
1725 2046 2017 2054 2078
1726 457 639 588 383
1727 259 31 32 260
1728 73 74 310 309
1729 1975 1994 1950 1907
1730 503 491 606 739
1731 489 499 598 732
1732 1142 1090 1292 1181
1733 785 891 639 610
1734 1484 1600 1541 1408
1735 1493 1438 1596 1659
1736 1646 1541 1600 1662
1737 1645 1674 1620 1559
1738 1878 1932 1945 1917
1739 1211 1220 1294 1344
1740 1165 1286 1151 1092
1741 562 801 681 355
1742 1039 953 997 1080
1743 1053 951 999 1085
1744 739 725 673 503
1745 253 26 27 254
1746 78 79 316 315
1747 908 824 839 1063
1748 1477 1586 1540 1364
1749 584 811 685 452
1750 594 801 562 437
1751 1291 1214 1347 1423
1752 684 792 545 340
1753 580 810 630 400
1754 628 797 542 435
1755 629 786 552 395
1756 560 808 629 395
1757 603 804 573 402
1758 574 805 609 358
1759 796 981 885 613
1760 680 787 553 394
1761 633 790 575 362
1762 687 793 582 453
1763 2070 2061 2087 2103
1764 681 788 577 355
1765 605 811 584 441
1766 609 808 560 358
1767 602 810 580 342
1768 688 794 576 398
1769 697 805 574 396
1770 1731 1732 1803 1836
1771 1750 1652 1695 1792
1772 890 783 968 864
1773 2052 2070 2036 2009
1774 630 791 543 400
1775 570 809 684 340
1776 573 804 628 435
1777 1535 1501 1604 1508
1778 682 789 567 445
1779 685 796 546 452
1780 604 809 570 446
1781 1015 1093 1090 918
1782 1926 1864 1944 1978
1783 1786 1753 1804 1850
1784 247 21 22 248
1785 83 84 322 321
1786 475 692 734 782
1787 1713 1630 1557 1691
1788 952 823 838 1053
1789 725 837 817 598
1790 1677 1620 1674 1725
1791 1624 1556 1565 1676
1792 1652 1540 1586 1695
1793 467 404 673 499
1794 469 366 691 492
1795 1095 1011 1069 1012
1796 1965 2008 1997 1930
1797 1344 1294 1241 1425
1798 842 722 919 1065
1799 1753 1677 1725 1804
1800 779 495 701 738
1801 1378 1480 1314 1361
1802 1410 1314 1480 1539
1803 1900 1865 1929 1946
1804 1338 1163 1244 1393
1805 241 16 17 242
1806 88 89 328 327
1807 1818 1720 1806 1842
1808 1265 1174 1353 1417
1809 375 502 500 496
1810 1595 1539 1625 1673
1811 1359 1229 1076 1179
1812 1003 1014 1094 1182
1813 1583 1645 1559 1542
1814 1279 1348 1217 1135
1815 1536 1470 1595 1658
1816 235 11 12 236
1817 93 94 334 333
1818 783 890 696 488
1819 1598 1597 1613 1678
1820 1063 969 1135 1217
1821 373 636 498 470
1822 1087 1171 1266 1225
1823 841 736 955 1046
1824 2118 2147 2139 2096
1825 782 893 689 475
1826 1171 1089 1187 1290
1827 1503 1378 1446 1566
1828 1601 1545 1576 1660
1829 1676 1565 1499 1602
1830 336 95 96 337
1831 9 10 233 232
1832 1998 1966 2025 2052
1833 2153 2170 2167 2158
1834 735 984 820 606
1835 864 731 780 890
1836 1415 1482 1348 1279
1837 967 975 897 728
1838 1842 1728 1775 1886
1839 2100 2101 2138 2108
1840 1335 1265 1417 1484
1841 1921 1883 1966 1998
1842 2037 1997 2008 2077
1843 330 90 91 331
1844 14 15 239 238
1845 1483 1546 1433 1363
1846 811 605 892 833
1847 2086 2062 2079 2102
1848 1483 1374 1502 1546
1849 1950 1994 1947 1923
1850 898 716 972 1068
1851 1505 1492 1556 1621
1852 1504 1469 1493 1555
1853 483 703 583 459
1854 324 85 86 325
1855 19 20 245 244
1856 1315 1274 1305 1364
1857 2039 2053 2006 2081
1858 1501 1535 1440 1471
1859 1501 1471 1542 1559
1860 781 735 640 505
1861 1607 1365 1447 1507
1862 1219 1137 1288 1242
1863 602 634 728 897
1864 605 625 726 892
1865 2080 1899 1960 2007
1866 1931 1947 1943 1860
1867 682 683 729 888
1868 604 693 708 896
1869 1838 1846 1774 1750
1870 1893 1865 1900 1866
1871 1554 1657 1546 1502
1872 893 782 970 1064
1873 715 840 805 697
1874 795 838 794 688
1875 712 839 793 687
1876 318 80 81 319
1877 24 25 251 250
1878 2128 2110 2111 2085
1879 1066 974 1070 1144
1880 1149 1010 1222 1289
1881 1311 1165 1266 1357
1882 496 501 677 676
1883 594 695 716 898
1884 1889 1820 1926 1965
1885 488 696 444 367
1886 1838 1750 1792 1892
1887 1175 1080 1221 1241
1888 2162 2152 2151 2158
1889 894 801 898 971
1890 1360 1419 1293 1178
1891 312 75 76 313
1892 29 30 257 256
1893 613 802 569 348
1894 701 495 417 474
1895 838 823 799 632
1896 626 800 559 433
1897 632 799 563 357
1898 808 609 840 822
1899 1269 1224 1233 1355
1900 614 803 581 449
1901 839 824 798 631
1902 631 798 564 352
1903 1774 1768 1759 1708
1904 874 985 1070 974
1905 966 905 896 708
1906 463 702 675 589
1907 676 677 638 780
1908 306 70 71 307
1909 34 35 263 262
1910 674 806 548 350
1911 637 807 551 376
1912 1772 1758 1845 1891
1913 2123 2101 2072 2103
1914 127 126 502 375
1915 2025 1997 2037 2061
1916 973 1062 1091 1058
1917 300 65 66 301
1918 39 40 269 268
1919 2087 2061 2099 2107
1920 1895 1621 1675 1851
1921 1886 1932 1818 1842
1922 1865 1838 1892 1929
1923 471 469 492 636
1924 1944 1904 1993 2022
1925 1485 1407 1421 1445
1926 2076 2050 2093 2118
1927 2008 1978 2051 2077
1928 627 698 497 587
1929 1563 1500 1603 1615
1930 789 682 888 834
1931 1500 1563 1543 1437
1932 294 60 61 295
1933 44 45 275 274
1934 1955 1903 1967 1974
1935 2077 2051 2096 2119
1936 1623 1554 1599 1658
1937 786 629 822 723
1938 1377 1439 1506 1487
1939 880 756 830 977
1940 1904 1944 1894 1821
1941 973 984 889 835
1942 1852 1799 1894 1864
1943 2022 1993 2050 2076
1944 895 897 975 986
1945 288 55 56 289
1946 49 50 281 280
1947 2153 2140 2160 2170
1948 1968 1946 1977 1967
1949 1200 1117 1219 1242
1950 175 384 460 174
1951 2136 2107 2129 2140
1952 1607 1565 1556 1492
1953 1440 1425 1358 1420
1954 1615 1712 1662 1563
1955 2021 2062 2049 1996
1956 282 50 51 283
1957 54 55 287 286
1958 953 715 823 952
1959 1038 975 967 1146
1960 951 795 824 908
1961 498 701 474 590
1962 1354 1420 1287 1223
1963 600 789 834 712
1964 1668 1712 1615 1663
1965 1507 1499 1565 1607
1966 276 45 46 277
1967 59 60 293 292
1968 1529 1436 1606 1544
1969 1992 1920 1961 2030
1970 1117 1099 1070 985
1971 839 712 969 1063
1972 1809 1715 1619 1726
1973 406 460 384 497
1974 1600 1543 1563 1662
1975 2009 1977 1999 1939
1976 2127 2145 2142 2165
1977 270 40 41 271
1978 64 65 299 298
1979 2165 2142 2105 2132
1980 792 884 883 614
1981 1445 1529 1544 1485
1982 264 35 36 265
1983 69 70 305 304
1984 1158 1177 1000 1145
1985 1288 1213 1361 1314
1986 1009 987 1044 1142
1987 591 798 824 795
1988 595 799 823 715
1989 1663 1574 1630 1713
1990 1147 1018 1089 1171
1991 258 30 31 259
1992 74 75 311 310
1993 221 222 590 474
1994 2119 2129 2107 2099
1995 1000 976 1036 1145
1996 708 693 797 887
1997 721 635 689 893
1998 252 25 26 253
1999 79 80 317 316
2000 1085 999 1223 1287
2001 1138 1038 1214 1291
2002 246 20 21 247
2003 84 85 323 322
2004 1762 1673 1773 1808
2005 1917 1945 2000 1961
2006 1668 1663 1713 1728
2007 2136 2151 2152 2137
2008 1820 1889 1808 1773
2009 2109 2087 2107 2136
2010 240 15 16 241
2011 89 90 329 328
2012 1809 1726 1845 1758
2013 2111 2110 2086 2102
2014 1846 1865 1893 1853
2015 2073 2036 2070 2103
2016 1663 1615 1603 1574
2017 1730 1623 1762 1808
2018 998 966 1066 1144
2019 2151 2136 2140 2153
2020 2147 2126 2161 2160
2021 234 10 11 235
2022 94 95 335 334
2023 1768 1774 1846 1853
2024 2137 2152 2108 2138
2025 633 558 597 736
2026 222 124 403 590
2027 687 549 600 712
2028 688 557 591 795
2029 722 842 680 601
2030 697 555 595 715
2031 1065 919 1018 1147
2032 1807 1712 1668 1728
2033 983 836 1010 1149
2034 1094 991 1203 1246
2035 790 841 716 695
2036 978 1150 1012 900
2037 1471 1440 1420 1354
2038 1419 1368 1447 1359
2039 384 175 176 587
2040 734 791 895 821
2041 787 842 736 597
2042 633 736 841 790
2043 2166 2155 2167 2170
2044 1605 1661 1587 1506
2045 741 703 592 836
2046 1772 1891 1803 1851
2047 698 627 756 637
2048 1336 1292 1338 1377
2049 561 696 638 368
2050 2159 2164 2145 2133
2051 586 500 502 405
2052 1001 979 1067 1088
2053 1220 1095 1175 1294
2054 1014 1152 981 833
2055 610 639 556 399
2056 2030 2000 2028 2056
2057 800 880 722 601
2058 3 173 464 97
2059 173 172 589 464
2060 880 626 807 756
2061 547 690 683 454
2062 541 689 635 338
2063 544 686 634 401
2064 1902 1947 1931 1934
2065 1597 1598 1547 1472
2066 920 899 987 1009
2067 349 683 682 445
2068 1012 1069 968 900
2069 1175 1095 1150 1080
2070 788 681 894 785
2071 692 475 572 436
2072 505 675 702 781
2073 557 724 439 591
2074 635 603 578 338
2075 996 971 1068 1151
2076 601 680 568 363
2077 634 602 571 401
2078 693 604 579 374
2079 625 605 566 440
2080 695 594 554 397
2081 1852 1864 1820 1773
2082 2119 2096 2139 2129
2083 2142 2145 2164 2156
2084 2155 2169 2168 2167
2085 1645 1555 1714 1674
2086 984 973 1058 820
2087 727 699 802 885
2088 719 700 803 883
2089 1165 1092 1225 1266
2090 638 677 550 368
2091 473 353 111 110
2092 466 468 114 113
2093 98 464 387 99
2094 469 471 118 117
2095 107 361 404 108
2096 100 387 472 101
2097 105 465 361 106
2098 103 369 465 104
2099 373 470 121 120
2100 1446 1378 1423 1347
2101 498 636 738 701
2102 897 895 810 602
2103 2169 2164 2159 2157
2104 741 726 806 674
2105 899 901 733 987
2106 809 896 884 684
2107 822 978 900 723
2108 738 636 901 779
2109 630 810 895 791
2110 1676 1602 1715 1809
2111 1842 1806 1807 1728
2112 1152 1014 1003 912
2113 1606 1436 1574 1603
2114 2098 2121 2069 2038
2115 2007 2027 2026 2080
2116 724 557 255 256
2117 1895 1667 1661 1621
2118 2081 2038 1976 2039
2119 1976 1899 2080 2039
2120 1292 1090 1163 1338
2121 237 238 368 550
2 30 2 27
2122 8 2193 231
2123 227 2234 2181
2124 228 2185 2178
2125 4 2186 124
2126 224 2227 2195
2127 225 2211 2183
2128 2181 2222 2184
2129 2206 2231 2203
2130 2206 2238 2224
2131 2173 2202 2187
2132 227 2194 226
2133 223 2223 2210
2134 2222 2230 2229
2135 2176 2233 2217
2136 2197 2213 2175
2137 2208 2232 2215
2138 2213 2219 2196
2139 2231 2236 2218
2140 121 2180 120
2141 119 2174 118
2142 113 2175 112
2143 116 2172 115
2144 114 2190 113
2145 104 2173 103
2146 107 2171 106
2147 2235 2237 2220
2148 2205 2207 2202
2 30 3 74
2149 2215 2225 2209 2199
2150 2205 2198 2220 2207
2151 2171 107 108 2192
2152 2187 102 103 2173
2153 2190 114 115 2172
2154 2200 2208 2215 2199
2155 2199 2191 2174 2200
2156 2216 2197 2209 2225
2157 2198 2171 2192 2212
2158 2209 2172 2191 2199
2159 2200 2174 2180 2201
2160 2188 2171 2198 2205
2161 2212 2192 2189 2196
2162 2212 2235 2220 2198
2163 2184 2176 2210 2223
2164 2235 2212 2196 2219
2165 2177 2218 2236 2232
2166 2235 2224 2238 2237
2167 2202 2178 2182 2187
2168 8 225 2183 2193
2169 2202 2207 2229 2230
2170 2195 2238 2206 2203
2171 2195 2227 2217 2238
2172 2217 2227 2210 2176
2173 2211 2228 2218 2177
2174 2236 2225 2215 2232
2175 2176 2184 2222 2229
2176 2190 2172 2209 2197
2177 2232 2208 2221 2177
2178 2189 2175 2213 2196
2179 228 2178 2234 227
2180 2206 2219 2216 2231
2181 2178 2202 2230 2234
2182 2231 2216 2225 2236
2183 2181 2234 2230 2222
2184 2203 2231 2218 2228
2185 2179 2193 2183 2221
2186 2175 113 2190 2197
2187 2173 2188 2205 2202
2188 230 2179 2204 229
2189 2194 227 2181 2184
2190 2179 2221 2208 2214
2191 2237 2233 2207 2220
2192 2216 2219 2213 2197
2193 2183 2211 2177 2221
2194 2237 2238 2217 2233
2195 226 2194 2226 7
2196 225 224 2228 2211
2197 2227 224 223 2210
2198 2185 99 2182 2178
2199 229 2204 2186 4
2200 2201 2180 2186 2204
2201 2184 2223 2226 2194
2202 2204 2179 2214 2201
2203 109 2189 2192 108
2204 2191 2172 116 117
2205 122 2186 2180 121
2206 120 2180 2174 119
2207 2188 2173 104 105
2208 118 2174 2191 117
2209 106 2171 2188 105
2210 2175 2189 111 112
2211 2187 2182 101 102
2212 2219 2206 2224 2235
2213 3 97 2185 228
2214 2226 2223 223 7
2215 2229 2207 2233 2176
2216 2193 2179 230 231
2217 224 2195 2203 2228
2218 2200 2201 2214 2208
2219 2182 99 100 101
2220 2189 109 110 111
2221 98 99 2185 97
2222 123 124 2186 122
2 20 2 146
2223 3896 3907 3856
2224 4321 4322 4311
2225 3607 3622 3606
2226 4076 4126 4046
2227 2976 3020 2814
2228 2975 3021 2813
2229 2987 3022 2791
2230 2990 3004 2811
2231 4020 4047 4028
2232 3329 3353 3269
2233 4106 4127 4114
2234 2862 3024 2969
2235 2808 3062 2982
2236 4128 4181 4159
2237 3281 3326 3252
2238 3182 3359 3330
2239 2588 2679 2629
2240 3423 3476 3357
2241 2682 2683 2678
2242 2653 2818 2555
2243 3071 3166 2917
2244 2866 3066 2974
2245 2993 3015 2867
2246 4129 4176 4125
2247 2810 3069 2979
2248 2858 2962 2913
2249 3195 3475 3361
2250 4297 4332 4266
2251 2997 3173 3162
2252 2938 2989 2819
2253 4000 4114 4060
2254 4277 4303 4266
2255 3179 3403 3262
2256 3456 3497 3389
2257 3729 3780 3655
2258 3487 3659 3546
2259 3621 3787 3688
2260 4084 4116 4073
2261 4348 4352 4336
2262 3954 4033 3857
2263 3547 3789 3674
2264 3651 3686 3597
2265 2626 2878 2743
2266 3493 3603 3589
2267 2738 2821 2639
2268 2633 2868 2726
2269 3807 3934 3855
2270 2885 2923 2856
2271 3194 3332 3277
2272 2640 2872 2729
2273 4305 4320 4283
2274 2637 2871 2723
2275 4046 4108 4002
2276 4126 4204 4160
2277 4128 4150 4082
2278 2645 2771 2406
2279 2961 3083 3081
2280 2786 3078 2991
2281 4179 4207 4148
2282 2776 3080 2983
2283 3721 3777 3652
2284 2882 2901 2661
2285 2881 2909 2659
2286 4268 4292 4279
2287 3080 3250 3153
2288 2621 2906 2438
2289 3675 3841 3737
2290 3244 3408 3273
2291 4219 4281 4243
2292 3163 3334 3067
2293 3540 3607 3423
2294 3840 3944 3805
2295 4335 4340 4333
2296 2415 2244 2416
2297 2517 2329 2518
2298 2511 2324 2512
2299 2421 2249 2422
2300 2427 2254 2428
2301 2505 2319 2506
2302 2433 2259 2434
2303 2499 2314 2500
2304 2493 2309 2494
2305 2439 2264 2440
2306 2487 2304 2488
2307 2269 2446 2445
2308 2481 2299 2482
2309 2451 2274 2452
2310 4182 4212 4143
2311 2475 2294 2476
2312 2457 2279 2458
2313 4255 4285 4254
2314 2469 2289 2470
2315 2463 2284 2464
2316 4318 4319 4291
2317 3018 3165 2923
2318 4349 4350 4340
2319 4238 4261 4244
2320 4157 4209 4176
2321 3156 3248 3069
2322 3077 3168 3003
2323 3849 4077 4033
2324 4309 4347 4332
2325 3873 3910 3895
2326 2903 3167 3056
2327 2792 2970 2967
2328 2649 2681 2655
2329 3684 3781 3736
2330 4343 4345 4336
2331 3543 3605 3560
2332 2566 2769 2679
2333 2736 2776 2619
2334 2761 2786 2628
2335 2740 2815 2544
2336 2748 2787 2623
2337 2753 2784 2524
2338 2760 2785 2584
2339 2750 2862 2576
2340 2731 2869 2635
2341 2739 2870 2580
2342 2737 2879 2578
2343 2682 2768 2644
2344 2636 2865 2531
2345 2564 2754 2657
2346 2732 2859 2625
2347 2562 2782 2731
2348 2616 2779 2740
2349 2620 2777 2737
2350 2807 2988 2908
2351 2874 2973 2916
2352 2774 2885 2665
2353 2795 3067 2984
2354 2796 3065 2985
2355 2876 2968 2905
2356 2357 2585 2358
2357 2983 3076 2863
2358 4212 4238 4174
2359 2331 2646 2332
2360 2352 2653 2353
2361 2355 2652 2356
2362 2348 2650 2349
2363 2345 2535 2346
2364 2333 2569 2334
2365 2336 2551 2337
2366 2338 2647 2339
2367 2340 2543 2341
2368 4 2358 222
2 20 3 1975
2369 2612 2394 2393 2528
2370 2380 2379 2596 2597
2371 2379 2378 2560 2596
2372 2613 2376 2375 2529
2373 2373 2372 2602 2603
2374 200 201 2594 2561
2375 2367 2366 2571 2605
2376 2405 2404 2567 2606
2377 2611 2391 2390 2573
2378 2372 2371 2572 2602
2379 2406 2405 2606 2645
2380 2568 219 220 2599
2381 207 208 2607 2574
2382 197 198 2614 2523
2383 2527 190 191 2600
2384 2594 201 202 2595
2385 2595 202 203 2604
2386 2546 214 215 2610
2387 2599 220 221 2656
2388 2541 181 182 2609
2389 3500 3429 3566 3632
2390 3366 3284 3429 3500
2391 3632 3566 3694 3742
2392 3045 2924 3119 3211
2393 3202 3084 3301 3365
2394 3203 3093 3259 3354
2395 3028 2892 3104 3201
2396 3029 2889 3084 3202
2397 3030 2912 3093 3203
2398 2936 3027 2824 2666
2399 2838 2672 2924 3045
2400 2892 3028 2827 2675
2401 2912 3030 2825 2669
2402 2889 3029 2823 2660
2403 2840 2677 2961 3031
2404 3284 3366 3204 3113
2405 3027 2936 3113 3204
2406 3365 3301 3438 3494
2407 3223 3084 2889 3051
2408 2828 2663 2891 3033
2409 2838 3045 2925 2722
2410 3911 3863 3750 3815
2411 3521 3492 3658 3572
2412 3815 3750 3635 3678
2413 3209 3224 3052 3044
2414 3287 3176 3346 3425
2415 3110 3000 3176 3287
2416 3000 3110 2926 2899
2417 3120 3119 2924 2888
2418 3051 2889 2660 2846
2419 3695 3625 3740 3810
2420 4089 4040 4124 4157
2421 3810 3740 3852 3917
2422 3441 3350 3490 3568
2423 4007 3951 4040 4089
2424 3917 3852 3951 4007
2425 3568 3490 3625 3695
2426 3350 3441 3265 3222
2427 3694 3616 3743 3835
2428 3566 3482 3616 3694
2429 3429 3341 3482 3566
2430 3284 3174 3341 3429
2431 3113 2998 3174 3284
2432 2998 3113 2936 2895
2433 3708 3624 3734 3817
2434 4005 3958 4044 4088
2435 3817 3734 3848 3920
2436 3920 3848 3958 4005
2437 3624 3708 3569 3481
2438 3438 3339 3481 3569
2439 3339 3438 3301 3255
2440 4199 4228 4169 4122
2441 3129 3296 3171 2995
2442 4256 4232 4175 4206
2443 3289 3170 3349 3432
2444 3477 3552 3432 3349
2445 3170 3289 3123 2994
2446 3813 3909 3847 3731
2447 3703 3813 3731 3611
2448 3296 3436 3336 3171
2449 3563 3484 3626 3692
2450 3434 3344 3484 3563
2451 3291 3177 3344 3434
2452 3177 3291 3125 3092
2453 3302 3310 3119 3120
2454 3479 3577 3703 3611
2455 3336 3436 3577 3479
2456 3033 2891 3127 3187
2457 3485 3571 3443 3388
2458 3571 3485 3610 3699
2459 4274 4242 4288 4314
2460 4050 4096 4012 3960
2461 4096 4050 4130 4170
2462 4170 4130 4192 4229
2463 4242 4274 4229 4192
2464 3927 3864 3960 4012
2465 3821 3761 3864 3927
2466 3433 3351 3491 3562
2467 3290 3172 3351 3433
2468 3172 3290 3124 3088
2469 3580 3706 3646 3491
2470 3938 3979 4069 4003
2471 2632 2451 2452 2638
2472 3571 3699 3638 3511
2473 3443 3571 3511 3335
2474 3335 3229 3311 3443
2475 3762 3638 3699 3821
2476 3865 3762 3821 3927
2477 3961 3865 3927 4012
2478 4131 4051 4096 4170
2479 4012 4096 4051 3961
2480 4170 4229 4193 4131
2481 4287 4240 4274 4314
2482 4229 4274 4240 4193
2483 2493 2494 2565 2641
2484 3854 3733 3800 3929
2485 3733 3613 3696 3800
2486 3570 3696 3613 3489
2487 3442 3570 3489 3338
2488 2517 2518 2588 2629
2489 2416 2417 2570 2644
2490 2422 2423 2549 2626
2491 2446 2447 2531 2627
2492 2563 2480 2481 2630
2493 2519 6 174 2642
2494 2637 2468 2469 2564
2495 2640 2450 2451 2632
2496 2494 2495 2639 2565
2497 2417 2418 2625 2570
2498 2423 2424 2624 2549
2499 4049 4007 4089 4132
2500 3636 3568 3695 3751
2501 3751 3695 3810 3861
2502 3861 3810 3917 3959
2503 3959 3917 4007 4049
2504 3509 3441 3568 3636
2505 3435 3366 3500 3564
2506 3564 3500 3632 3693
2507 3286 3202 3365 3430
2508 3366 3435 3292 3204
2509 3121 3030 3203 3288
2510 3115 3028 3201 3285
2511 3202 3286 3116 3029
2512 3386 3265 3441 3509
2513 3114 3027 3204 3292
2514 3575 3426 3362 3498
2515 2939 2823 3029 3116
2516 2941 2827 3028 3115
2517 2948 2825 3030 3121
2518 2950 2840 3031 3132
2519 2940 2824 3027 3114
2520 3691 3635 3750 3809
2521 3916 3863 3948 4006
2522 3809 3750 3863 3916
2523 3573 3572 3635 3691
2524 3572 3573 3418 3521
2525 3041 3210 3129 2937
2526 4094 4057 4137 4166
2527 3112 3052 3224 3283
2528 2932 2800 3013 3111
2529 3034 3118 2945 2775
2530 2934 2842 3052 3112
2531 2949 2828 3033 3122
2532 3512 3640 3577 3436
2533 2799 2927 2719 2608
2534 2790 2935 2721 2590
2535 2830 2931 2690 2589
2536 2842 2934 2712 2613
2537 2841 2944 2702 2591
2538 2804 2928 2709 2598
2539 2781 2943 2701 2575
2540 2800 2932 2693 2593
2541 2798 2929 2692 2592
2542 2778 2946 2707 2542
2543 2826 2933 2698 2538
2544 2775 2945 2695 2536
2545 2829 2930 2700 2526
2546 2937 2662 2852 3041
2547 2891 2663 2853 3042
2548 3813 3703 3752 3862
2549 3570 3442 3501 3633
2550 3633 3749 3696 3570
2551 3442 3293 3367 3501
2552 3503 3433 3562 3631
2553 3433 3503 3370 3290
2554 3124 3207 3040 2893
2555 3506 3434 3563 3637
2556 3038 2896 3125 3205
2557 3692 3754 3637 3563
2558 3372 3291 3434 3506
2559 3432 3507 3379 3289
2560 3208 3367 3293 3127
2561 3037 2926 3110 3206
2562 3206 3110 3287 3369
2563 3640 3752 3703 3577
2564 2926 3037 2848 2668
2565 2896 3038 2850 2667
2566 2925 3035 2801 2722
2567 3210 3368 3296 3129
2568 3215 3123 3289 3379
2569 3207 3124 3290 3370
2570 3205 3125 3291 3372
2571 3436 3296 3368 3512
2572 2892 2675 2844 3036
2573 2363 2720 2547 2364
2574 2370 2698 2572 2371
2575 180 2689 2590 179
2576 185 2695 2608 184
2577 2383 2705 2575 2384
2578 194 2690 2559 193
2579 216 2688 2610 215
2580 189 2691 2591 188
2581 2368 2697 2538 2369
2582 2401 2693 2552 2402
2583 2387 2692 2525 2388
2584 2365 2696 2571 2366
2585 2374 2711 2529 2375
2586 2403 2708 2567 2404
2587 2381 2699 2521 2382
2588 2395 2716 2601 2396
2589 2399 2707 2593 2400
2590 2377 2712 2560 2378
2591 2397 2713 2542 2398
2592 2392 2710 2528 2393
2593 2389 2706 2573 2390
2594 2385 2701 2592 2386
2595 204 2700 2604 203
2596 213 2703 2598 212
2597 192 2694 2600 191
2598 187 2702 2536 186
2599 199 2717 2614 198
2600 209 2715 2607 208
2601 206 2714 2526 205
2602 211 2709 2533 210
2603 218 2718 2553 217
2604 196 2704 2589 195
2605 183 2719 2609 182
2606 178 2721 2554 177
2607 3042 3208 3127 2891
2608 3093 2912 3043 3214
2609 2912 2669 2854 3043
2610 2849 2658 2886 3039
2611 2847 2664 2893 3040
2612 2447 2448 2636 2531
2613 2960 3144 3017 2794
2614 3815 3678 3772 3869
2615 2633 2479 2480 2563
2616 3032 3117 2947 2835
2617 3009 3126 2953 2793
2618 3297 3186 3352 3437
2619 2940 3114 3044 2839
2620 2941 3115 3008 2806
2621 2939 3116 3007 2805
2622 3112 3283 3223 3051
2623 2934 3112 3051 2846
2624 2932 3111 3059 2832
2625 3114 3292 3209 3044
2626 3658 3492 3564 3693
2627 3435 3564 3492 3373
2628 3355 3190 3286 3430
2629 3292 3435 3373 3209
2630 3115 3285 3186 3008
2631 3116 3286 3190 3007
2632 3929 3800 3886 3980
2633 3130 3007 3190 3298
2634 3131 3008 3186 3297
2635 3230 3013 3145 3316
2636 3584 3702 3618 3502
2637 3702 3812 3756 3618
2638 3502 3342 3462 3584
2639 3213 3376 3302 3120
2640 2950 3132 3032 2835
2641 3120 2888 3053 3213
2642 3431 3565 3486 3346
2643 3346 3176 3295 3431
2644 3139 3295 3176 3000
2645 3376 3504 3454 3302
2646 3431 3342 3502 3565
2647 3342 3431 3295 3294
2648 3294 3295 3139 3239
2649 3627 3486 3565 3711
2650 4175 4086 4145 4206
2651 4088 4044 4122 4169
2652 3044 3052 2842 2839
2653 3121 3288 3236 3014
2654 3764 3867 3790 3670
2655 4247 4294 4264 4213
2656 4151 4078 4133 4195
2657 4195 4247 4213 4151
2658 4078 3992 4052 4133
2659 4306 4264 4294 4325
2660 3962 4052 3992 3898
2661 3867 3962 3898 3790
2662 3000 2899 3048 3139
2663 2851 2832 3059 2960
2664 3490 3350 3445 3578
2665 3350 3222 3304 3445
2666 3625 3490 3578 3712
2667 3740 3625 3712 3825
2668 3852 3740 3825 3928
2669 4040 3951 4013 4098
2670 3951 3852 3928 4013
2671 4124 4040 4098 4171
2672 4208 4124 4171 4235
2673 3039 2886 3123 3215
2674 3647 3558 3698 3758
2675 4021 3943 3959 4049
2676 4105 4021 4049 4132
2677 3943 3804 3861 3959
2678 3804 3698 3751 3861
2679 3636 3751 3698 3558
2680 3509 3636 3558 3450
2681 3294 3239 3188 3394
2682 4069 4145 4086 4003
2683 3523 3413 3548 3660
2684 3660 3548 3673 3773
2685 3392 3266 3413 3523
2686 3212 3095 3260 3371
2687 3095 3212 3047 2956
2688 3375 3263 3421 3505
2689 3773 3673 3796 3870
2690 3238 3106 3266 3392
2691 3217 3103 3263 3375
2692 3205 3372 3266 3106
2693 3207 3370 3263 3103
2694 3206 3369 3271 3098
2695 3673 3548 3637 3754
2696 3506 3637 3548 3413
2697 3413 3266 3372 3506
2698 3503 3631 3554 3421
2699 3370 3503 3421 3263
2700 3037 3206 3098 2919
2701 3038 3205 3106 2954
2702 3040 3207 3103 2955
2703 3379 3507 3417 3260
2704 3260 3095 3215 3379
2705 3095 2956 3039 3215
2706 3938 3808 3885 3979
2707 3212 3371 3300 3138
2708 3341 3174 3314 3439
2709 3482 3341 3439 3574
2710 3616 3482 3574 3701
2711 3174 2998 3146 3314
2712 4094 4166 4122 4044
2713 3848 3734 3809 3916
2714 3734 3624 3691 3809
2715 3958 3848 3916 4006
2716 3624 3481 3573 3691
2717 3418 3573 3481 3339
2718 4044 3958 4006 4094
2719 3130 3298 3189 3001
2720 3131 3297 3175 2996
2721 3297 3437 3377 3175
2722 3445 3336 3479 3578
2723 4013 3947 4039 4098
2724 3928 3847 3947 4013
2725 3825 3731 3847 3928
2726 4098 4039 4120 4171
2727 3349 3170 3303 3444
2728 3170 2994 3141 3303
2729 4325 4294 4312 4338
2730 4087 4161 4133 4052
2731 4247 4195 4224 4270
2732 4052 3962 4004 4087
2733 4294 4247 4270 4312
2734 4195 4133 4161 4224
2735 3919 4004 3962 3867
2736 3816 3919 3867 3764
2737 3477 3349 3444 3581
2738 3609 3477 3581 3707
2739 3707 3816 3764 3609
2740 3060 3014 3236 3146
2741 3344 3177 3308 3449
2742 3304 3171 3336 3445
2743 3712 3611 3731 3825
2744 3534 3450 3558 3647
2745 3254 3086 3225 3378
2746 3096 2887 3055 3216
2747 3508 3634 3549 3414
2748 3381 3508 3414 3264
2749 3264 3096 3216 3381
2750 3210 3096 3264 3368
2751 3367 3256 3419 3501
2752 3501 3419 3553 3633
2753 3679 3749 3633 3553
2754 3256 3367 3208 3085
2755 3085 3208 3042 2959
2756 3128 3214 3043 2900
2757 3752 3677 3798 3862
2758 3640 3549 3677 3752
2759 3798 3677 3767 3876
2760 3376 3254 3416 3504
2761 3512 3414 3549 3640
2762 3814 3918 3871 3760
2763 3041 2887 3096 3210
2764 3351 3172 3318 3446
2765 3491 3351 3446 3580
2766 3706 3814 3760 3646
2767 3213 3086 3254 3376
2768 3464 3305 3400 3515
2769 3562 3491 3646 3680
2770 3999 4056 3975 3904
2771 3058 2919 3098 3241
2772 3063 2954 3106 3238
2773 3057 2955 3103 3217
2774 2998 2895 3060 3146
2775 3339 3255 3374 3418
2776 4312 4287 4324 4338
2777 4004 3961 4051 4087
2778 3919 3865 3961 4004
2779 4087 4051 4131 4161
2780 4287 4312 4270 4240
2781 3816 3762 3865 3919
2782 4193 4224 4161 4131
2783 4224 4193 4240 4270
2784 3762 3816 3707 3638
2785 3335 3444 3303 3229
2786 3375 3505 3420 3257
2787 3581 3511 3638 3707
2788 3217 3375 3257 3089
2789 3256 3085 3238 3392
2790 3523 3660 3553 3419
2791 3419 3256 3392 3523
2792 3679 3553 3660 3773
2793 3085 2959 3063 3238
2794 3700 3613 3733 3811
2795 3576 3489 3613 3700
2796 3682 3619 3667 3726
2797 3177 3092 3234 3308
2798 3699 3610 3761 3821
2799 4085 4137 4057 3996
2800 4006 3948 4057 4094
2801 3484 3344 3449 3583
2802 3700 3811 3755 3644
2803 3576 3700 3644 3478
2804 3935 3968 3892 3829
2805 3567 3650 3759 3671
2806 3995 3901 3953 4045
2807 2518 2519 2642 2588
2808 3253 3147 3242 3384
2809 3840 3777 3855 3944
2810 3440 3253 3384 3514
2811 2554 2721 2935 2860
2812 2572 2698 2933 2845
2813 2552 2693 2932 2832
2814 2559 2690 2931 2793
2815 2521 2699 2939 2805
2816 2560 2712 2934 2846
2817 2525 2692 2929 2831
2818 2604 2700 2930 2836
2819 2533 2709 2928 2833
2820 2609 2719 2927 2837
2821 2529 2711 2940 2839
2822 2601 2716 2941 2806
2823 2547 2720 2942 2789
2824 3567 3440 3514 3650
2825 3488 3380 3422 3586
2826 3508 3440 3567 3634
2827 3440 3508 3381 3253
2828 2614 2717 2801 2843
2829 3574 3488 3639 3701
2830 3439 3380 3488 3574
2831 3216 3147 3253 3381
2832 3380 3439 3314 3313
2833 2922 2686 2676 2794
2834 2606 2686 2884 2645
2835 2825 2605 2571 2669
2836 2602 2666 2824 2603
2837 2828 2574 2607 2663
2838 2527 2600 2803 2664
2839 2523 2614 2843 2658
2840 2823 2597 2596 2660
2841 2686 2606 2567 2676
2842 2802 2611 2573 2662
2843 2827 2612 2528 2675
2844 3759 3868 3791 3671
2845 2553 2688 216 217
2846 2574 2714 206 207
2847 2527 2691 189 190
2848 2568 2718 218 219
2849 2546 2703 213 214
2850 2598 2709 211 212
2851 2591 2702 187 188
2852 2589 2690 194 195
2853 2523 2704 196 197
2854 2605 2697 2368 2367
2855 2592 2692 2387 2386
2856 2608 2719 183 184
2857 2536 2695 185 186
2858 2559 2694 192 193
2859 2561 2717 199 200
2860 2533 2715 209 210
2861 2593 2693 2401 2400
2862 2538 2698 2370 2369
2863 2542 2707 2399 2398
2864 2547 2696 2365 2364
2865 2525 2706 2389 2388
2866 2552 2708 2403 2402
2867 2613 2712 2377 2376
2868 2597 2699 2381 2380
2869 2603 2711 2374 2373
2870 2575 2701 2385 2384
2871 2521 2705 2383 2382
2872 2601 2713 2397 2396
2873 2611 2710 2392 2391
2874 2541 2689 180 181
2875 2590 2721 178 179
2876 2526 2700 204 205
2877 2612 2716 2395 2394
2878 2643 2720 2363 2362
2879 3876 3791 3923 3964
2880 3791 3876 3767 3671
2881 4097 4167 4123 4043
2882 2714 2574 2828 2949
2883 2711 2603 2824 2940
2884 2697 2605 2825 2948
2885 2699 2597 2823 2939
2886 2716 2612 2827 2941
2887 2695 2945 2799 2608
2888 2702 2944 2775 2536
2889 2707 2946 2800 2593
2890 2701 2943 2798 2592
2891 2697 2948 2826 2538
2892 2714 2949 2829 2526
2893 4167 4227 4186 4123
2894 4168 4125 4176 4209
2895 2790 2590 2689 2848
2896 2841 2591 2691 2847
2897 2830 2589 2704 2849
2898 2804 2598 2703 2850
2899 4248 4293 4284 4227
2900 4198 4248 4227 4167
2901 4139 4198 4167 4097
2902 4059 4139 4097 4023
2903 3452 3338 3489 3576
2904 3136 2995 3171 3304
2905 3871 3952 3900 3793
2906 2957 2805 3007 3130
2907 2958 2806 3008 3131
2908 3444 3335 3511 3581
2909 3798 3876 3964 3904
2910 3623 3519 3593 3705
2911 3757 3818 3704 3623
2912 3064 2861 2671 2914
2913 3579 3519 3623 3704
2914 3899 3960 3864 3792
2915 4130 4079 4153 4192
2916 4216 4242 4192 4153
2917 4050 3993 4079 4130
2918 4242 4216 4277 4288
2919 3960 3899 3993 4050
2920 3792 3864 3761 3672
2921 3549 3634 3767 3677
2922 3578 3479 3611 3712
2923 3579 3704 3612 3480
2924 3853 3918 3814 3732
2925 3480 3580 3446 3337
2926 3732 3814 3706 3612
2927 3704 3818 3732 3612
2928 3480 3337 3458 3579
2929 4165 4226 4185 4119
2930 4095 4165 4119 4038
2931 3368 3264 3414 3512
2932 3243 3143 3231 3306
2933 4171 4120 4188 4235
2934 4264 4298 4250 4213
2935 4151 4200 4140 4078
2936 4213 4250 4200 4151
2937 4337 4348 4328 4306
2938 4298 4264 4306 4328
2939 4061 3992 4078 4140
2940 3972 3898 3992 4061
2941 4301 4281 4219 4259
2942 3874 3790 3898 3972
2943 3909 3975 4056 4016
2944 3555 3478 3644 3713
2945 3851 3921 3824 3735
2946 3188 3089 3257 3394
2947 3735 3617 3720 3823
2948 3813 3862 3975 3909
2949 3710 3617 3735 3824
2950 4037 3946 4005 4088
2951 3946 3866 3920 4005
2952 3817 3920 3866 3763
2953 3708 3817 3763 3614
2954 4118 4037 4088 4169
2955 4184 4118 4169 4228
2956 3697 3753 3643 3551
2957 3551 3463 3527 3645
2958 3565 3502 3618 3711
2959 3380 3313 3390 3422
2960 3513 3463 3551 3643
2961 4055 3995 4081 4136
2962 3995 4055 3967 3901
2963 4138 4058 4100 4173
2964 4173 4230 4197 4138
2965 3145 2996 3175 3316
2966 2834 2947 3117 3050
2967 4058 3982 4019 4100
2968 4230 4273 4253 4197
2969 2799 2945 3118 3010
2970 2924 2672 2836 2888
2971 2926 2668 2837 2899
2972 3965 3925 4009 4054
2973 4196 4162 4222 4246
2974 4296 4265 4307 4326
2975 4054 4009 4091 4135
2976 4246 4222 4265 4296
2977 4135 4091 4162 4196
2978 3925 3965 3884 3836
2979 4165 4138 4197 4226
2980 4138 4165 4095 4058
2981 4058 4095 4026 3982
2982 2797 2942 2720 2643
2983 4214 4152 4196 4246
2984 4267 4214 4246 4296
2985 4310 4267 4296 4326
2986 4152 4080 4135 4196
2987 4054 4135 4080 3994
2988 4248 4214 4267 4293
2989 4198 4152 4214 4248
2990 4139 4080 4152 4198
2991 4059 3994 4080 4139
2992 3965 4054 3994 3905
2993 2600 2694 2953 2803
2994 2575 2705 2957 2781
2995 2542 2713 2958 2778
2996 2610 2688 2947 2834
2997 4140 4200 4162 4091
2998 4307 4265 4298 4328
2999 4200 4250 4222 4162
3000 4091 4009 4061 4140
3001 4328 4348 4336 4307
3002 4250 4298 4265 4222
3003 4009 3925 3972 4061
3004 2834 2667 2546 2610
3005 2836 2672 2595 2604
3006 2837 2668 2541 2609
3007 2845 2666 2602 2572
3008 2846 2660 2596 2560
3009 3874 3972 3925 3836
3010 2839 2842 2613 2529
3011 2794 2676 2851 2960
3012 3926 3838 3887 3967
3013 4201 4154 4220 4251
3014 4141 4093 4154 4201
3015 4062 4011 4093 4141
3016 4249 4303 4280 4217
3017 4055 4136 4093 4011
3018 3967 4055 4011 3926
3019 2902 3068 2873 2767
3020 3872 3838 3926 3970
3021 4154 4093 4136 4202
3022 4220 4154 4202 4158
3023 4112 4015 4071 4147
3024 4109 4038 4119 4172
3025 4217 4155 4205 4249
3026 3847 3909 4016 3947
3027 3449 3358 3518 3583
3028 4211 4156 4187 4237
3029 3824 3921 3873 3739
3030 3739 3642 3710 3824
3031 3702 3642 3739 3812
3032 3642 3702 3584 3483
3033 3642 3483 3594 3710
3034 3580 3480 3612 3706
3035 4266 4215 4257 4297
3036 3513 3643 3544 3409
3037 3643 3753 3676 3544
3038 3995 4045 4142 4081
3039 3819 3868 3759 3676
3040 3409 3514 3384 3321
3041 3409 3321 3397 3513
3042 3997 4063 3973 3900
3043 3358 3449 3308 3279
3044 4090 4037 4118 4163
3045 4225 4184 4245 4271
3046 4163 4118 4184 4225
3047 4008 3946 4037 4090
3048 3922 3866 3946 4008
3049 4249 4215 4266 4303
3050 3826 3763 3866 3922
3051 3650 3544 3676 3759
3052 3681 3585 3668 3784
3053 3978 3905 3994 4059
3054 3102 3191 3280 3199
3055 4022 4103 4041 3949
3056 3899 3792 3872 3970
3057 3792 3672 3774 3872
3058 3993 3899 3970 4062
3059 4079 3993 4062 4141
3060 4153 4079 4141 4201
3061 4216 4153 4201 4251
3062 3585 3641 3532 3531
3063 3998 4068 3957 3939
3064 2826 2948 3121 3014
3065 2829 2949 3122 3011
3066 4223 4194 4241 4272
3067 4272 4241 4295 4313
3068 4164 4134 4194 4223
3069 4134 4164 4092 4053
3070 4010 3963 4053 4092
3071 3412 3542 3408 3261
3072 2925 3045 3211 3105
3073 4039 3947 4016 4083
3074 2585 2357 2356 2652
3075 2351 2350 2548 2651
3076 2344 2343 2649 2655
3077 2343 2342 2586 2649
3078 2347 2346 2535 2648
3079 2551 2336 2335 2654
3080 2548 2350 2349 2650
3081 2555 2354 2353 2653
3082 4225 4271 4241 4194
3083 4194 4134 4163 4225
3084 4134 4053 4090 4163
3085 4008 4090 4053 3963
3086 3922 4008 3963 3846
3087 3826 3922 3846 3730
3088 2553 2718 2950 2835
3089 2844 2710 2611 2802
3090 3550 3412 3532 3641
3091 3930 3846 3963 4010
3092 3398 3532 3412 3261
3093 2561 2594 2838 2722
3094 3973 4063 3998 3939
3095 2664 2847 2691 2527
3096 2722 2801 2717 2561
3097 2658 2849 2704 2523
3098 2668 2848 2689 2541
3099 2667 2850 2703 2546
3100 2672 2838 2594 2595
3101 2677 2840 2568 2599
3102 3050 2896 2667 2834
3103 2831 2852 2706 2525
3104 2832 2851 2708 2552
3105 2833 2853 2715 2533
3106 2789 2854 2696 2547
3107 3886 3794 3906 3980
3108 2930 3053 2888 2836
3109 2927 3048 2899 2837
3110 3308 3234 3198 3279
3111 3906 3976 4064 4001
3112 3970 3926 4011 4062
3113 4029 4072 3984 3903
3114 3771 3670 3790 3874
3115 3352 3386 3509 3450
3116 4309 4276 4299 4327
3117 2471 2472 2725 2618
3118 3930 4010 3945 3889
3119 4045 4101 4168 4142
3120 4106 4107 4177 4127
3121 2477 2478 2726 2583
3122 3031 3102 3199 3132
3123 4230 4183 4239 4273
3124 4183 4230 4173 4117
3125 4100 4036 4117 4173
3126 2430 2431 2737 2578
3127 2436 2437 2739 2580
3128 2424 2425 2734 2624
3129 2442 2443 2731 2635
3130 2418 2419 2732 2625
3131 2448 2449 2729 2636
3132 2454 2455 2727 2631
3133 2513 2514 2733 2615
3134 2460 2461 2724 2556
3135 2483 2484 2728 2530
3136 2507 2508 2735 2616
3137 2466 2467 2723 2520
3138 4239 4183 4223 4272
3139 4286 4239 4272 4313
3140 4183 4117 4164 4223
3141 4092 4164 4117 4036
3142 2501 2502 2736 2619
3143 4010 4092 4036 3945
3144 2495 2496 2738 2639
3145 2489 2490 2730 2622
3146 3953 4031 4101 4045
3147 3186 3285 3386 3352
3148 2892 3036 3136 3104
3149 3104 3136 3304 3222
3150 3794 3870 3976 3906
3151 4019 3945 4036 4100
3152 3662 3746 3807 3721
3153 2485 2486 2766 2634
3154 2491 2492 2765 2532
3155 2497 2498 2759 2581
3156 2473 2474 2762 2582
3157 2503 2504 2757 2579
3158 2509 2510 2750 2576
3159 2515 2516 2747 2558
3160 2843 2801 3035 2951
3161 3036 2844 2802 2952
3162 2420 2421 2743 2550
3163 2426 2427 2742 2577
3164 3598 3467 3530 3664
3165 4297 4276 4309 4332
3166 2432 2433 2745 2620
3167 2438 2439 2746 2621
3168 3719 3614 3763 3826
3169 2444 2445 2749 2562
3170 3888 3793 3900 3973
3171 3998 4063 4107 4106
3172 2456 2457 2752 2522
3173 2462 2463 2755 2617
3174 2793 2953 2694 2559
3175 2805 2957 2705 2521
3176 2835 2947 2688 2553
3177 2806 2958 2713 2601
3178 3726 3788 3785 3682
3179 2499 2500 2744 2537
3180 2505 2506 2740 2544
3181 2469 2470 2754 2564
3182 2511 2512 2741 2545
3183 2927 2799 3010 3048
3184 4234 4207 4243 4252
3185 2475 2476 2753 2524
3186 2487 2488 2748 2623
3187 2481 2482 2751 2630
3188 3035 2925 3105 3141
3189 3399 3530 3467 3325
3190 2961 3081 3102 3031
3191 2428 2429 2756 2540
3192 3862 3798 3904 3975
3193 3197 3064 2914 3109
3194 3514 3409 3544 3650
3195 2434 2435 2758 2539
3196 2464 2465 2760 2584
3197 2458 2459 2761 2628
3198 2452 2453 2763 2638
3199 3123 2886 2951 2994
3200 2440 2441 2764 2534
3201 2952 2937 3129 2995
3202 3009 3047 3212 3138
3203 2860 2935 3058 3012
3204 2793 2931 3047 3009
3205 4206 4145 4178 4231
3206 2775 2944 3057 3034
3207 2803 2953 3126 3049
3208 2841 2847 3040 2955
3209 2790 2848 3037 2919
3210 2830 2849 3039 2956
3211 2804 2850 3038 2954
3212 3423 3403 3343 3540
3213 3343 3469 3602 3540
3214 4107 4043 4123 4177
3215 3585 3531 3604 3668
3216 3416 3452 3576 3478
3217 3254 3378 3452 3416
3218 3634 3567 3671 3767
3219 3139 3048 3010 3239
3220 3201 3104 3222 3265
3221 3933 4025 3979 3885
3222 2718 2568 2840 2950
3223 2696 2854 2669 2571
3224 2708 2851 2676 2567
3225 2715 2853 2663 2607
3226 2710 2844 2675 2528
3227 2706 2852 2662 2573
3228 2951 2886 2658 2843
3229 2662 2937 2952 2802
3230 2930 2829 3011 3053
3231 2933 2826 3014 3060
3232 3124 2893 3049 3088
3233 3976 3913 4018 4064
3234 3117 3032 3198 3234
3235 3213 3053 3011 3086
3236 4237 4255 4254 4236
3237 3837 3730 3846 3930
3238 3279 3198 3199 3280
3239 3132 3199 3198 3032
3240 3125 2896 3050 3092
3241 2640 2729 2449 2450
3242 2522 2727 2455 2456
3243 2562 2731 2443 2444
3244 2617 2724 2461 2462
3245 2798 2943 3140 3061
3246 2800 2946 3145 3013
3247 2620 2737 2431 2432
3248 3673 3754 3881 3796
3249 2637 2723 2467 2468
3250 2781 2957 3130 3001
3251 2778 2958 3131 2996
3252 2577 2734 2425 2426
3253 2582 2725 2472 2473
3254 3285 3201 3265 3386
3255 2936 2666 2845 2895
3256 2558 2733 2514 2515
3257 2633 2726 2478 2479
3258 3437 3352 3450 3534
3259 3225 3122 3033 3187
3260 2576 2735 2508 2509
3261 3833 3933 3885 3748
3262 3301 3084 3223 3255
3263 3378 3225 3187 3309
3264 2579 2736 2502 2503
3265 2634 2728 2484 2485
3266 2581 2738 2496 2497
3267 2532 2730 2490 2491
3268 2544 2757 2504 2505
3269 2545 2750 2510 2511
3270 2537 2759 2498 2499
3271 2629 2747 2516 2517
3272 2641 2765 2492 2493
3273 2644 2768 2415 2416
3274 2623 2766 2486 2487
3275 2626 2743 2421 2422
3276 2540 2742 2427 2428
3277 2524 2762 2474 2475
3278 2539 2745 2433 2434
3279 2534 2746 2439 2440
3280 3049 2893 2664 2803
3281 2627 2749 2445 2446
3282 3309 3293 3442 3338
3283 3036 2952 2995 3136
3284 2628 2752 2457 2458
3285 2584 2755 2463 2464
3286 3224 3209 3373 3459
3287 3647 3758 3727 3557
3288 2618 2754 2470 2471
3289 3035 3141 2994 2951
3290 2583 2753 2476 2477
3291 2530 2751 2482 2483
3292 2622 2748 2488 2489
3293 3997 4023 4097 4043
3294 2619 2744 2500 2501
3295 2616 2740 2506 2507
3296 3041 2852 2831 2887
3297 3042 2853 2833 2959
3298 3043 2854 2789 2900
3299 2615 2741 2512 2513
3300 3325 3467 3405 3181
3301 4234 4191 4121 4180
3302 4180 4121 4041 4103
3303 3055 2929 2798 3061
3304 4145 4069 4104 4178
3305 2520 2760 2465 2466
3306 4025 4104 4069 3979
3307 2578 2756 2429 2430
3308 3853 3884 3965 3905
3309 2556 2761 2459 2460
3310 4168 4209 4189 4142
3311 2631 2763 2453 2454
3312 2580 2758 2435 2436
3313 3128 3142 3251 3193
3314 2635 2764 2441 2442
3315 3469 3343 3323 3267
3316 3126 3009 3138 3237
3317 3900 3952 4023 3997
3318 3952 3978 4059 4023
3319 4136 4081 4158 4202
3320 2944 2841 2955 3057
3321 2935 2790 2919 3058
3322 2931 2830 2956 3047
3323 2928 2804 2954 3063
3324 2644 2570 2683 2682
3325 3303 3141 3105 3229
3326 3937 3889 3945 4019
3327 2933 3060 2895 2845
3328 3255 3223 3283 3374
3329 3117 3234 3092 3050
3330 2641 2565 2770 2665
3331 3127 3293 3309 3187
3332 3126 3237 3088 3049
3333 3283 3224 3459 3374
3334 3067 3334 3094 2909
3335 3093 3214 3312 3259
3336 3732 3818 3884 3853
3337 2900 3054 3142 3128
3338 3623 3705 3771 3757
3339 3757 3771 3874 3836
3340 4125 4168 4101 4042
3341 3871 3918 3978 3952
3342 3306 3231 3230 3305
3343 3248 3148 2890 3069
3344 3692 3626 3769 3832
3345 3443 3311 3310 3388
3346 3754 3692 3832 3881
3347 3426 3275 3184 3362
3348 3781 3656 3718 3840
3349 3010 3118 3188 3239
3350 2943 2781 3001 3140
3351 2946 2778 2996 3145
3352 3241 3159 3012 3058
3353 3034 3057 3217 3089
3354 3378 3309 3338 3452
3355 3870 3796 3913 3976
3356 3122 3225 3086 3011
3357 3144 2960 3059 3143
3358 3302 3454 3388 3310
3359 3311 3211 3119 3310
3360 3504 3416 3478 3555
3361 3231 3111 3013 3230
3362 4315 4331 4339 4341
3363 3819 3837 3930 3889
3364 2797 2913 3054 2942
3365 4317 4290 4334 4344
3366 3598 3724 3653 3536
3367 3485 3388 3454 3595
3368 3999 4026 4095 4038
3369 3354 3259 3393 3465
3370 3467 3598 3536 3405
3371 3211 3311 3229 3105
3372 3314 3146 3236 3313
3373 2929 3055 2887 2831
3374 4021 4105 4070 3987
3375 3923 3937 4019 3982
3376 2928 3063 2959 2833
3377 4016 4056 4109 4083
3378 3390 3288 3203 3354
3379 3657 3609 3764 3670
3380 4057 3948 3983 3996
3381 3390 3354 3465 3422
3382 3748 3628 3716 3833
3383 3705 3593 3552 3657
3384 4327 4299 4286 4315
3385 3216 3055 3061 3147
3386 4208 4209 4157 4124
3387 3595 3454 3504 3555
3388 3904 3964 4026 3999
3389 3587 3620 3675 3651
3390 3804 3943 3893 3842
3391 3676 3753 3837 3819
3392 4257 4226 4197 4253
3393 3791 3868 3937 3923
3394 3579 3458 3417 3519
3395 3815 3869 3936 3911
3396 4317 4344 4323 4316
3397 4249 4205 4185 4215
3398 3551 3645 3719 3697
3399 3593 3507 3432 3552
3400 3697 3719 3826 3730
3401 3046 3142 3054 2913
3402 3446 3318 3300 3337
3403 3458 3371 3260 3417
3404 4263 4188 4155 4217
3405 3214 3128 3193 3312
3406 3851 3888 3973 3939
3407 3735 3823 3888 3851
3408 3559 3520 3575 3621
3409 3399 3325 3090 3245
3410 3967 3887 3854 3901
3411 3002 3108 2921 2788
3412 3118 3034 3089 3188
3413 4188 4120 4146 4155
3414 2999 3109 2914 2780
3415 2942 3054 2900 2789
3416 3657 3552 3477 3609
3417 2549 2624 2876 2670
3418 2570 2625 2859 2683
3419 3820 3744 3880 3924
3420 3869 3772 3742 3799
3421 3714 3615 3744 3820
3422 4345 4326 4307 4336
3423 3744 3615 3728 3839
3424 3143 3059 3111 3231
3425 3880 3744 3839 3942
3426 4299 4273 4239 4286
3427 3318 3237 3138 3300
3428 2563 2630 2881 2659
3429 3068 3226 3169 2915
3430 4205 4172 4119 4185
3431 3684 3556 3656 3781
3432 3596 3569 3708 3614
3433 3628 3529 3588 3716
3434 3765 3686 3737 3827
3435 2632 2638 2882 2661
3436 3679 3773 3870 3794
3437 4083 4109 4172 4146
3438 2678 2797 2643 2557
3439 3872 3774 3755 3838
3440 3522 3656 3556 3415
3441 3761 3610 3661 3672
3442 4063 3997 4043 4107
3443 3887 3811 3733 3854
3444 4237 4187 4218 4255
3445 3918 3853 3905 3978
3446 3418 3374 3459 3521
3447 3772 3693 3632 3742
3448 3891 3892 3968 3903
3449 3453 3591 3522 3348
3450 3457 3588 3529 3396
3451 3696 3749 3886 3800
3452 3705 3657 3670 3771
3453 3313 3236 3288 3390
3454 4297 4257 4253 4276
3455 3983 3948 3863 3911
3456 3656 3522 3591 3718
3457 3195 3019 3108 3282
3458 3498 3411 3547 3630
3459 3411 3498 3362 3258
3460 3775 3760 3871 3793
3461 3823 3720 3680 3775
3462 4147 4108 4160 4190
3463 3727 3668 3604 3557
3464 3818 3757 3836 3884
3465 3710 3594 3554 3617
3466 3522 3415 3406 3348
3467 4056 3999 4038 4109
3468 3720 3631 3562 3680
3469 3521 3459 3373 3492
3470 3635 3572 3658 3678
3471 3911 3936 3984 3983
3472 3595 3555 3713 3661
3473 3774 3713 3644 3755
3474 3799 3742 3694 3835
3475 4326 4345 4330 4310
3476 3645 3527 3494 3596
3477 3799 3835 3892 3891
3478 3519 3417 3507 3593
3479 3107 2967 3076 3153
3480 3984 4072 3996 3983
3481 3584 3462 3420 3483
3482 4146 4120 4039 4083
3483 3594 3505 3421 3554
3484 4148 4065 4112 4179
3485 3869 3799 3891 3936
3486 3488 3586 3663 3639
3487 3964 3923 3982 4026
3488 3678 3658 3693 3772
3489 3337 3300 3371 3458
3490 3172 3088 3237 3318
3491 4156 4149 4159 4187
3492 2286 2287 2467 2466
3493 3901 3854 3929 3953
3494 3497 3546 3620 3587
3495 3775 3680 3646 3760
3496 3630 3621 3575 3498
3497 3615 3714 3600 3545
3498 3527 3430 3365 3494
3499 3808 3685 3748 3885
3500 3487 3410 3600 3659
3501 4015 3912 3990 4071
3502 3513 3397 3355 3463
3503 3616 3701 3776 3743
3504 3221 3262 3332 3160
3505 3560 3685 3746 3662
3506 4285 4269 4291 4305
3507 2902 2767 2861 3064
3508 3462 3394 3257 3420
3509 3661 3610 3485 3595
3510 4256 4302 4275 4232
3511 4319 4320 4305 4291
3512 3924 3974 3877 3820
3513 2460 2281 2282 2461
3514 2291 2292 2473 2472
3515 3596 3494 3438 3569
3516 3820 3877 3768 3714
3517 3532 3398 3464 3531
3518 4215 4185 4226 4257
3519 3749 3679 3794 3886
3520 3384 3242 3189 3321
3521 3542 3412 3550 3601
3522 3281 3453 3348 3326
3523 3397 3298 3190 3355
3524 3184 3091 3258 3362
3525 3868 3819 3889 3937
3526 3801 3897 3784 3783
3527 3969 3902 4000 4060
3528 3860 3795 3902 3969
3529 3645 3596 3614 3719
3530 3617 3554 3631 3720
3531 3835 3743 3829 3892
3532 3068 2902 3100 3226
3533 3398 3306 3305 3464
3534 3242 3140 3001 3189
3535 3823 3775 3793 3888
3536 4172 4205 4155 4146
3537 3838 3755 3811 3887
3538 3408 3244 3243 3261
3539 3586 3422 3465 3533
3540 3753 3697 3730 3837
3541 3064 3197 3100 2902
3542 4260 4236 4254 4283
3543 3466 3534 3647 3557
3544 3921 3851 3939 3957
3545 3495 3537 3665 3545
3546 3200 3241 3098 3271
3547 2454 2276 2277 2455
3548 2296 2297 2479 2478
3549 3844 3894 3882 3828
3550 3882 3795 3779 3828
3551 3515 3400 3377 3466
3552 3880 3942 4022 3949
3553 4308 4275 4302 4330
3554 3342 3294 3394 3462
3555 3936 3891 3903 3984
3556 3713 3774 3672 3661
3557 3463 3355 3430 3527
3558 3483 3420 3505 3594
3559 4251 4303 4277 4216
3560 3280 3363 3358 3279
3561 4231 4279 4256 4206
3562 3244 3144 3143 3243
3563 2448 2271 2272 2449
3564 2301 2302 2485 2484
3565 4084 4070 4105 4129
3566 3659 3600 3714 3768
3567 2769 176 177 2554
3568 2747 2629 2679 2880
3569 3664 3765 3724 3598
3570 2768 2587 2414 2415
3571 2687 2654 2569 2857
3572 3857 3803 3738 3806
3573 3830 3776 3690 3786
3574 3140 3242 3147 3061
3575 4273 4299 4276 4253
3576 2360 2359 2587 2684
3577 3393 3526 3533 3465
3578 3400 3316 3175 3377
3579 3701 3639 3690 3776
3580 3322 3455 3404 3192
3581 3627 3603 3538 3486
3582 2442 2266 2267 2443
3583 2306 2307 2491 2490
3584 3070 2911 3161 3099
3585 3586 3533 3606 3663
3586 3321 3189 3298 3397
3587 3322 3192 3018 3164
3588 3406 3180 3326 3348
3589 4302 4256 4279 4292
3590 3497 3587 3460 3389
3591 3240 3273 3360 3282
3592 3181 3133 3090 3325
3593 4315 4286 4313 4331
3594 3808 3878 3746 3685
3595 3525 3385 3471 3608
3596 3849 3832 3769 3843
3597 2436 2261 2262 2437
3598 2311 2312 2497 2496
3599 3191 3324 3363 3280
3600 4073 4027 4070 4084
3601 3323 3134 3235 3267
3602 3843 3787 3687 3803
3603 3359 3410 3487 3456
3604 3654 3524 3590 3723
3605 3455 3590 3524 3404
3606 2362 2361 2557 2643
3607 3261 3243 3306 3398
3608 3316 3400 3305 3230
3609 4295 4304 4317 4316
3610 4314 4288 4332 4347
3611 3801 3783 3842 3893
3612 3075 3246 3167 2903
3613 2911 2865 2872 3026
3614 2910 2816 2868 3025
3615 3515 3604 3531 3464
3616 4350 4351 4339 4323
3617 3776 3830 3829 3743
3618 4304 4282 4290 4317
3619 3599 3535 3619 3725
3620 3894 3989 3988 3882
3621 2430 2256 2257 2431
3622 2316 2317 2503 2502
3623 3663 3717 3690 3639
3624 4203 4174 4238 4244
3625 2586 2543 2685 2855
3626 3466 3377 3437 3534
3627 2569 2646 2771 2857
3628 3108 3002 3240 3282
3629 4342 4343 4336 4352
3630 4159 4191 4218 4187
3631 3621 3630 3687 3787
3632 2797 2678 2858 2913
3633 3655 3525 3608 3729
3634 3406 3451 3268 3180
3635 3160 3004 3022 3221
3636 4115 4048 4082 4150
3637 3908 3987 4070 4027
3638 4031 3980 3906 4001
3639 2873 3068 2915 2674
3640 3307 3178 3356 3447
3641 2908 2997 3162 3074
3642 3383 3278 3427 3510
3643 3606 3622 3717 3663
3644 2321 2322 2509 2508
3645 2424 2251 2252 2425
3646 4065 3966 4015 4112
3647 3537 3495 3340 3451
3648 4331 4316 4323 4339
3649 3473 3605 3543 3395
3650 4101 4031 4001 4042
3651 3180 3268 3087 3148
3652 4110 4041 4121 4181
3653 3795 3882 3988 3902
3654 3134 3323 3179 3135
3655 3689 3629 3550 3641
3656 2414 2587 2359 2241
3657 3278 3383 3219 3094
3658 3150 3251 3142 3046
3659 2418 2246 2247 2419
3660 2326 2327 2515 2514
3661 4241 4271 4304 4295
3662 4030 3949 4041 4110
3663 3806 3858 3991 3940
3664 3448 3353 3472 3539
3665 3681 3689 3641 3585
3666 3666 3599 3725 3782
3667 2860 3012 2938 2809
3668 3723 3828 3779 3654
3669 4208 4235 4221 4262
3670 2759 2970 2792 2581
3671 2757 2972 2877 2579
3672 3155 3017 3144 3244
3673 3980 4031 3953 3929
3674 2239 2243 2414 2241
3675 2519 2330 2 6
3676 3966 3879 3912 4015
3677 2673 2685 2543 2647
3678 3074 3162 3196 3015
3679 2749 2971 2782 2562
3680 3510 3427 3561 3649
3681 3805 3912 3879 3736
3682 2999 3091 3184 3109
3683 3395 3233 3320 3473
3684 2821 3073 2966 2770
3685 3364 3276 3428 3499
3686 3178 3307 3107 3153
3687 3094 3219 3025 2909
3688 2727 2974 2796 2631
3689 2724 2979 2875 2556
3690 2734 2968 2876 2624
3691 3457 3396 3220 3328
3692 3361 3475 3601 3541
3693 3097 3249 3026 2901
3694 3358 3363 3474 3518
3695 3468 3589 3535 3356
3696 2647 2551 2822 2673
3697 3066 3218 3158 3065
3698 3784 3668 3727 3783
3699 2650 2648 2861 2767
3700 3857 3806 3940 3954
3701 4245 4260 4283 4282
3702 3528 3460 3587 3651
3703 2513 2325 2326 2514
3704 2247 2248 2420 2419
3705 2735 2969 2779 2616
3706 2764 2975 2813 2534
3707 2758 2976 2814 2539
3708 3822 3780 3860 3915
3709 3403 3179 3323 3343
3710 2725 2973 2874 2618
3711 3996 4072 4115 4085
3712 2765 2885 2856 2532
3713 2728 2978 2795 2530
3714 3802 3859 3830 3786
3715 3468 3347 3493 3589
3716 4014 4067 3977 3931
3717 3461 3317 3391 3528
3718 3515 3466 3557 3604
3719 3023 3228 3154 2898
3720 3182 3330 3097 3158
3721 3801 3893 3987 3908
3722 2252 2253 2426 2425
3723 2507 2320 2321 2508
3724 3152 3003 3233 3319
3725 3875 3822 3915 3971
3726 3183 3315 3099 3161
3727 3387 3307 3447 3517
3728 4029 4032 4075 4048
3729 3315 3183 3389 3460
3730 3955 3855 3934 4034
3731 4181 4128 4111 4110
3732 3107 3232 3073 2967
3733 2585 2652 2680 2772
3734 4110 4111 4074 4030
3735 2620 2745 2981 2777
3736 3709 3655 3780 3822
3737 3582 3525 3655 3709
3738 3246 3401 3299 3167
3739 3428 3385 3525 3582
3740 3451 3340 3327 3268
3741 2818 2674 2915 3083
3742 2746 2980 2773 2621
3743 4344 4340 4350 4323
3744 4178 4104 4144 4203
3745 3883 3977 3933 3833
3746 3649 3561 3715 3770
3747 3931 3977 3883 3831
3748 2501 2315 2316 2502
3749 2257 2258 2432 2431
3750 3831 3883 3770 3715
3751 3233 3003 3168 3320
3752 3957 3910 3873 3921
3753 3770 3883 3833 3716
3754 2751 2984 2881 2630
3755 2741 2982 2783 2545
3756 3356 3178 3333 3468
3757 3766 3709 3822 3875
3758 3648 3582 3709 3766
3759 3499 3428 3582 3648
3760 2681 2855 2907 2780
3761 2774 2966 3164 3018
3762 3307 3387 3232 3107
3763 3317 3151 3227 3391
3764 4184 4228 4260 4245
3765 4102 4144 4067 4014
3766 2763 2985 2882 2638
3767 3173 3276 3196 3162
3768 2730 2988 2807 2622
3769 3099 3227 3016 3070
3770 2495 2310 2311 2496
3771 2262 2263 2438 2437
3772 3932 3956 3890 3834
3773 2733 2989 2808 2615
3774 4025 3933 3977 4067
3775 3541 3629 3547 3411
3776 3016 3227 3151 2894
3777 3091 3195 3361 3258
3778 4104 4025 4067 4144
3779 4017 3969 4060 4099
3780 3915 3860 3969 4017
3781 3389 3183 3270 3456
3782 3228 3137 3269 3407
3783 3878 3808 3938 3981
3784 4144 4102 4174 4203
3785 4313 4295 4316 4331
3786 3539 3472 3425 3538
3787 3769 3626 3669 3688
3788 3545 3600 3410 3495
3789 3881 3914 3913 3796
3790 3652 3516 3592 3721
3791 4279 4231 4244 4268
3792 3914 3849 4033 3985
3793 3152 2964 2916 3003
3794 3056 2785 2817 2903
3795 3674 3687 3630 3547
3796 3101 3159 3241 3200
3797 2810 2986 3156 3069
3798 4066 4017 4099 4143
3799 3971 3915 4017 4066
3800 4064 4018 4116 4113
3801 2489 2305 2306 2490
3802 2267 2268 2444 2443
3803 3082 3150 2965 2905
3804 3173 3331 3471 3385
3805 4186 4261 4238 4210
3806 3903 3968 4032 4029
3807 3274 3154 3228 3407
3808 3981 3938 4003 4076
3809 4066 4143 4102 4014
3810 3698 3804 3842 3758
3811 3716 3588 3649 3770
3812 3831 3715 3766 3875
3813 4035 4075 4032 3986
3814 3715 3561 3648 3766
3815 3319 3233 3395 3470
3816 3249 3097 3330 3270
3817 4199 4211 4237 4236
3818 3359 3456 3270 3330
3819 2922 3071 2917 2963
3820 3312 3402 3393 3259
3821 3950 4035 3986 3907
3822 2483 2300 2301 2484
3823 2272 2273 2450 2449
3824 3219 3383 3328 3149
3825 3232 3387 3322 3164
3826 3193 3277 3402 3312
3827 3664 3597 3686 3765
3828 3893 3943 4021 3987
3829 3829 3830 3859 3935
3830 3528 3651 3597 3461
3831 3619 3535 3589 3667
3832 3087 3268 3327 3218
3833 2767 2873 2548 2650
3834 2687 2822 2551 2654
3835 2671 2861 2648 2535
3836 3383 3510 3457 3328
3837 4258 4300 4278 4233
3838 3878 3934 3807 3746
3839 2477 2295 2296 2478
3840 2277 2278 2456 2455
3841 3516 3382 3424 3592
3842 3931 3831 3875 3971
3843 3227 3099 3315 3391
3844 3455 3322 3387 3517
3845 3588 3457 3510 3649
3846 3778 3722 3834 3890
3847 4014 3931 3971 4066
3848 3391 3315 3460 3528
3849 3019 2907 2921 3108
3850 3158 3097 2901 3065
3851 3453 3382 3516 3591
3852 4308 4330 4345 4343
3853 2878 3072 2962 2820
3854 3942 3879 3966 4022
3855 3608 3524 3654 3729
3856 3914 3881 3832 3849
3857 3281 3299 3382 3453
3858 2673 2822 2917 2788
3859 2471 2290 2291 2472
3860 2282 2283 2462 2461
3861 3472 3369 3287 3425
3862 2655 2681 2671 2535
3863 2909 3025 2868 2659
3864 4227 4284 4261 4186
3865 3091 2999 3019 3195
3866 4064 4113 4042 4001
3867 3278 3094 3185 3364
3868 3024 3247 3137 2918
3869 3275 3197 3109 3184
3870 3561 3427 3499 3648
3871 2554 2860 2809 2769
3872 2986 2785 3056 3156
3873 3590 3455 3517 3666
3874 2901 3026 2872 2661
3875 3841 3941 3896 3737
3876 3161 2911 3026 3249
3877 3408 3542 3360 3273
3878 4233 4160 4204 4258
3879 3149 2910 3025 3219
3880 2665 2770 2966 2774
3881 3324 3226 3100 3272
3882 3331 3173 2997 3165
3883 4271 4245 4282 4304
3884 2465 2285 2286 2466
3885 2287 2288 2468 2467
3886 4322 4321 4329 4342
3887 3269 3137 3247 3329
3888 3841 3778 3890 3941
3889 4114 4068 3998 4106
3890 4292 4310 4330 4302
3891 3066 3078 3087 3218
3892 3333 3250 3154 3274
3893 2963 2884 2686 2922
3894 3220 3320 3168 3157
3895 2459 2280 2281 2460
3896 2292 2293 2474 2473
3897 3071 2922 2794 3017
3898 4122 4166 4211 4199
3899 3427 3278 3364 3499
3900 4351 4337 4306 4325
3901 2965 2670 2876 2905
3902 3607 3606 3533 3526
3903 4065 4103 4022 3966
3904 3410 3359 3340 3495
3905 2978 2867 3015 3163
3906 4210 4177 4123 4186
3907 3537 3415 3556 3665
3908 2908 2923 3165 2997
3909 3073 3232 3164 2966
3910 3974 3924 4030 4074
3911 2453 2275 2276 2454
3912 2297 2298 2480 2479
3913 3496 3592 3424 3470
3914 3669 3626 3484 3583
3915 3246 3152 3319 3401
3916 3591 3516 3652 3718
3917 3924 3880 3949 4030
3918 4182 4127 4177 4210
3919 4346 4351 4325 4338
3920 3020 2977 3133 3235
3921 3022 2897 3135 3221
3922 3538 3425 3346 3486
3923 3950 3907 3896 3941
3924 3839 3736 3879 3942
3925 3583 3518 3559 3669
3926 3603 3493 3539 3538
3927 3786 3683 3741 3802
3928 2447 2270 2271 2448
3929 2302 2303 2486 2485
3930 3471 3404 3524 3608
3931 3345 3272 3275 3426
3932 3934 3878 3981 4034
3933 3475 3195 3282 3360
3934 4018 3985 4073 4116
3935 4072 4029 4048 4115
3936 4217 4280 4220 4263
3937 3620 3546 3722 3778
3938 2904 3062 3159 3101
3939 4085 4115 4150 4149
3940 4166 4137 4156 4211
3941 2659 2868 2633 2563
3942 4300 4275 4308 4329
3943 2657 2871 2637 2564
3944 4332 4288 4277 4266
3945 2747 2880 2819 2558
3946 2661 2872 2640 2632
3947 4228 4199 4236 4260
3948 2639 2821 2770 2565
3949 2441 2265 2266 2442
3950 2307 2308 2492 2491
3951 4157 4176 4132 4089
3952 2685 2673 2788 2921
3953 2671 2681 2780 2914
3954 3324 3272 3474 3363
3955 2967 3073 2821 2792
3956 3666 3782 3723 3590
3957 3675 3620 3778 3841
3958 3828 3723 3782 3844
3959 3827 3856 3802 3741
3960 4060 4114 4127 4099
3961 3393 3402 3476 3526
3962 3347 3468 3333 3274
3963 2744 2983 2863 2537
3964 3221 3135 3179 3262
3965 3235 3133 3181 3267
3966 2921 2907 2855 2685
3967 2435 2260 2261 2436
3968 2312 2313 2498 2497
3969 3090 3006 3021 3245
3970 3659 3768 3722 3546
3971 2766 2993 2867 2634
3972 2776 2983 2744 2619
3973 3473 3396 3529 3605
3974 2866 2974 2727 2522
3975 2762 2992 2812 2582
3976 2810 2979 2724 2617
3977 2811 2968 2734 2577
3978 2742 2990 2811 2577
3979 2785 2986 2755 2584
3980 2756 2987 2791 2540
3981 2978 3163 3067 2795
3982 2862 2969 2735 2576
3983 2815 2972 2757 2544
3984 2869 2975 2764 2635
3985 4252 4243 4269 4285
3986 2863 2970 2759 2537
3987 2787 2993 2766 2623
3988 2791 2990 2742 2540
3989 2784 2992 2762 2524
3990 2870 2976 2758 2580
3991 2879 2987 2756 2578
3992 3913 3914 3985 4018
3993 3932 3834 3877 3974
3994 3072 2965 3150 3046
3995 4234 4252 4218 4191
3996 2812 2973 2725 2582
3997 2752 2991 2866 2522
3998 2755 2986 2810 2617
3999 3717 3683 3786 3690
4000 2864 2971 2749 2627
4001 2867 2978 2728 2634
4002 2786 2991 2752 2628
4003 3197 3275 3272 3100
4004 4108 4046 4126 4160
4005 3968 3935 3986 4032
4006 2429 2255 2256 2430
4007 2317 2318 2504 2503
4008 2657 2874 2916 2964
4009 3895 3812 3739 3873
4010 3134 3005 3020 3235
4011 2907 3019 2999 2780
4012 3859 3802 3856 3907
4013 3806 3738 3747 3858
4014 3834 3722 3768 3877
4015 2649 2586 2855 2681
4016 2651 2548 2873 2674
4017 3277 3193 3251 3194
4018 4147 4190 4179 4112
4019 3526 3476 3423 3607
4020 3024 2904 3101 3247
4021 3935 3859 3907 3986
4022 2961 2677 2883 2920
4023 3560 3662 3496 3543
4024 3592 3496 3662 3721
4025 4082 4047 4111 4128
4026 3520 3345 3426 3575
4027 2423 2250 2251 2424
4028 2322 2323 2510 2509
4029 4000 3902 3988 4024
4030 3447 3356 3535 3599
4031 2557 2684 2682 2678
4032 3777 3721 3807 3855
4033 3541 3411 3258 3361
4034 3185 3196 3276 3364
4035 3765 3827 3741 3724
4036 3461 3530 3399 3317
4037 3718 3652 3777 3840
4038 2417 2245 2246 2418
4039 2327 2328 2516 2515
4040 2965 3072 2878 2670
4041 3780 3779 3795 3860
4042 3245 3151 3317 3399
4043 2555 2818 2680 2652
4044 3269 3353 3448 3407
4045 3023 2918 3137 3228
4046 4300 4329 4321 4278
4047 2964 3075 2871 2657
4048 3353 3271 3369 3472
4049 3685 3560 3628 3748
4050 3783 3727 3758 3842
4051 3858 3747 3681 3784
4052 2518 2329 2330 2519
4053 2243 2244 2415 2414
4054 4180 4148 4207 4234
4055 4335 4352 4349 4340
4056 2917 3166 3002 2788
4057 3046 2913 2962 3072
4058 3597 3664 3530 3461
4059 3149 3157 3079 2910
4060 4024 3910 3957 4068
4061 4282 4283 4320 4290
4062 3517 3447 3599 3666
4063 4103 4065 4148 4180
4064 4219 4179 4190 4259
4065 2512 2324 2325 2513
4066 2248 2249 2421 2420
4067 3665 3728 3615 3545
4068 2993 2787 3074 3015
4069 4268 4244 4261 4284
4070 3665 3556 3684 3728
4071 4132 4176 4129 4105
4072 3080 2898 3154 3250
4073 3687 3674 3738 3803
4074 3686 3651 3675 3737
4075 2665 2885 2765 2641
4076 2506 2319 2320 2507
4077 2253 2254 2427 2426
4078 3497 3456 3487 3546
4079 4221 4235 4188 4263
4080 3683 3717 3622 3653
4081 3683 3653 3724 3741
4082 2963 2917 2822 2687
4083 3789 3547 3629 3689
4084 3401 3319 3470 3424
4085 2784 2816 2910 3079
4086 2787 2807 2908 3074
4087 4262 4081 4142 4189
4088 4113 4129 4125 4042
4089 2864 2865 2911 3070
4090 2786 2875 2890 3078
4091 4020 4028 3956 3932
4092 4075 4047 4082 4048
4093 3736 3839 3728 3684
4094 3075 2964 3152 3246
4095 2897 3022 2987 2879
4096 2977 3020 2976 2870
4097 2894 3021 2975 2869
4098 2500 2314 2315 2501
4099 2258 2259 2433 2432
4100 4310 4292 4293 4267
4101 3248 3156 3252 3326
4102 3331 3192 3404 3471
4103 3493 3347 3448 3539
4104 2678 2683 2859 2858
4105 2776 2877 2898 3080
4106 4071 4002 4108 4147
4107 2670 2878 2626 2549
4108 4020 3932 3974 4074
4109 3357 3262 3403 3423
4110 4344 4334 4333 4340
4111 3076 2983 3080 3153
4112 3542 3601 3475 3360
4113 2494 2309 2310 2495
4114 2263 2264 2439 2438
4115 2795 2984 2751 2530
4116 2883 2677 2599 2656
4117 3020 3005 2981 2814
4118 2808 2982 2741 2615
4119 2814 2981 2745 2539
4120 2990 2791 3022 3004
4121 3451 3406 3415 3537
4122 2796 2985 2763 2631
4123 3021 3006 2980 2813
4124 2813 2980 2746 2534
4125 3956 3950 3941 3890
4126 3056 3167 3252 3156
4127 3148 3087 3078 2890
4128 2645 2884 2857 2771
4129 2858 2859 2820 2962
4130 2488 2304 2305 2489
4131 2268 2269 2445 2444
4132 2856 2988 2730 2532
4133 2819 2989 2733 2558
4134 3954 3940 4027 4073
4135 4305 4283 4254 4285
4136 2361 2360 2684 2557
4137 4207 4179 4219 4243
4138 3155 3244 3273 3240
4139 2482 2299 2300 2483
4140 2273 2274 2451 2450
4141 4269 4243 4281 4289
4142 4077 3803 3857 4033
4143 4068 4114 4000 4024
4144 4047 4020 4074 4111
4145 2653 2651 2674 2818
4146 4126 4086 4175 4204
4147 3667 3589 3603 3627
4148 4258 4232 4275 4300
4149 4190 4160 4233 4259
4150 2809 2880 2679 2769
4151 3745 3682 3785 3797
4152 2971 2864 3070 3016
4153 3682 3745 3725 3619
4154 2476 2294 2295 2477
4155 2278 2279 2457 2456
4156 4137 4085 4149 4156
4157 4259 4233 4278 4301
4158 3805 3736 3781 3840
4159 2968 2811 3004 2905
4160 3559 3621 3688 3669
4161 3062 2938 3012 3159
4162 4086 4126 4076 4003
4163 3155 3166 3071 3017
4164 4034 3981 4076 4046
4165 4204 4175 4232 4258
4166 3077 3079 3157 3168
4167 2470 2289 2290 2471
4168 2283 2284 2463 2462
4169 4335 4322 4342 4352
4170 4150 4128 4159 4149
4171 3382 3299 3401 3424
4172 175 2566 2642 174
4173 4318 4289 4311 4322
4174 3789 3747 3738 3674
4175 3622 3607 3540 3602
4176 3797 3894 3844 3745
4177 4203 4244 4231 4178
4178 2464 2284 2285 2465
4179 2288 2289 2469 2468
4180 3135 2897 3005 3134
4181 3220 3157 3149 3328
4182 3133 2977 3006 3090
4183 2680 2883 2656 2772
4184 3536 3602 3469 3405
4185 2782 2971 3016 2894
4186 3850 3894 3797 3845
4187 3689 3681 3747 3789
4188 2458 2279 2280 2459
4189 2293 2294 2475 2474
4190 3711 3618 3788 3726
4191 4174 4102 4143 4212
4192 3299 3281 3252 3167
4193 3021 2894 3151 3245
4194 3991 3897 3801 3908
4195 2588 2642 2566 2679
4196 3782 3725 3745 3844
4197 4191 4159 4181 4121
4198 4309 4327 4324 4347
4199 2452 2274 2275 2453
4200 2298 2299 2481 2480
4201 4347 4324 4287 4314
4202 2974 3066 3065 2796
4203 3627 3711 3726 3667
4204 2446 2269 2270 2447
4205 2303 2304 2487 2486
4206 3340 3359 3182 3327
4207 3470 3395 3543 3496
4208 3191 3169 3226 3324
4209 2773 2980 3006 2977
4210 2777 2981 3005 2897
4211 3845 3756 3812 3895
4212 3329 3200 3271 3353
4213 2440 2264 2265 2441
4214 2308 2309 2493 2492
4215 221 222 2772 2656
4216 4301 4311 4289 4281
4217 3182 3158 3218 3327
4218 2890 2875 2979 3069
4219 2903 2817 2871 3075
4220 2434 2259 2260 2435
4221 2313 2314 2499 2498
4222 3267 3181 3405 3469
4223 3320 3220 3396 3473
4224 2428 2254 2255 2429
4225 2318 2319 2505 2504
4226 3944 3855 3955 3990
4227 4099 4127 4182 4143
4228 3850 3845 3895 3910
4229 4318 4333 4334 4319
4230 4002 4071 3990 3955
4231 4291 4269 4289 4318
4232 2422 2249 2250 2423
4233 2323 2324 2511 2510
4234 3991 3908 4027 3940
4235 4293 4292 4268 4284
4236 4028 4047 4075 4035
4237 4255 4218 4252 4285
4238 3845 3797 3785 3756
4239 3912 3805 3944 3990
4240 3180 3148 3248 3326
4241 4333 4318 4322 4335
4242 4329 4308 4343 4342
4243 2416 2244 2245 2417
4244 2328 2329 2517 2516
4245 3950 3956 4028 4035
4246 4319 4334 4290 4320
4247 2815 2740 2779 2918
4248 222 2358 2585 2772
4249 2869 2731 2782 2894
4250 2870 2739 2773 2977
4251 2904 3024 2862 2783
4252 2879 2737 2777 2897
4253 3247 3101 3200 3329
4254 3989 3894 3850 3910
4255 3165 3018 3192 3331
4256 3276 3173 3385 3428
4257 2972 3023 2898 2877
4258 3160 3332 3194 3082
4259 3653 3622 3602 3536
4260 3601 3550 3629 3541
4261 2566 175 176 2769
4262 2916 2973 3077 3003
4263 2969 3024 2918 2779
4264 2815 2918 3023 2972
4265 4348 4337 4349 4352
4266 3787 3843 3769 3688
4267 2923 2885 2774 3018
4268 3954 4073 3985 4033
4269 2880 2809 2938 2819
4270 3518 3474 3520 3559
4271 2743 2878 2820 2550
4272 4341 4346 4327 4315
4273 2768 2682 2684 2587
4274 3183 3161 3249 3270
4275 3402 3277 3357 3476
4276 3196 3334 3163 3015
4277 2792 2821 2738 2581
4278 4212 4182 4210 4238
4279 2982 3062 2904 2783
4280 2240 2407 2646 2331
4281 2407 2406 2771 2646
4282 3062 2808 2989 2938
4283 2729 2872 2865 2636
4284 2723 2871 2817 2520
4285 2726 2868 2816 2583
4286 4084 4129 4113 4116
4287 3779 3780 3729 3654
4288 3102 3081 3169 3191
4289 2531 2865 2864 2627
4290 3194 3251 3150 3082
4291 3357 3277 3332 3262
4292 2970 2863 3076 2967
4293 2874 2657 2754 2618
4294 2687 2857 2884 2963
4295 2739 2906 2621 2773
4296 2817 2785 2760 2520
4297 3178 3153 3250 3333
4298 2783 2862 2750 2545
4299 2816 2784 2753 2583
4300 2875 2786 2761 2556
4301 2807 2787 2748 2622
4302 2877 2776 2736 2579
4303 4034 4046 4002 3955
4304 4301 4278 4321 4311
4305 4324 4327 4346 4338
4306 4337 4351 4350 4349
4307 3827 3737 3896 3856
4308 3166 3155 3240 3002
4309 2909 2881 2984 3067
4310 2901 2882 2985 3065
4311 3347 3274 3407 3448
4312 2820 2859 2732 2550
4313 2655 2535 2345 2344
4314 2648 2650 2348 2347
4315 2332 2646 2569 2333
4316 2651 2653 2352 2351
4317 2341 2543 2586 2342
4318 2334 2569 2654 2335
4319 2339 2647 2543 2340
4320 2337 2551 2647 2338
4321 2555 2652 2355 2354
4322 3628 3560 3605 3529
4323 2680 2818 2920 2883
4324 3079 3077 2992 2784
4325 4351 4346 4341 4339
4326 2923 2908 2988 2856
4327 3081 3083 2915 3169
4328 2991 3078 3066 2866
4329 3004 3160 3082 2905
4330 2920 2818 3083 2961
4331 2812 2992 3077 2973
4332 3858 3784 3897 3991
4333 4024 3988 3989 3910
4334 3334 3196 3185 3094
4335 3788 3618 3756 3785
4336 4280 4303 4251 4220
4337 4189 4209 4208 4262
4338 2906 2739 2437 2438
4339 4077 3849 3843 3803
4340 4263 4220 4158 4221
4341 4158 4081 4262 4221
4342 3474 3272 3345 3520
4343 2419 2420 2550 2732
2 30 2 27
4344 8 4375 231
4345 2412 4416 4363
4346 2413 4367 4360
4347 4 4368 2358
4348 2409 4409 4377
4349 2410 4393 4365
4350 4363 4404 4366
4351 4388 4413 4385
4352 4388 4420 4406
4353 4355 4384 4369
4354 2412 4376 2411
4355 2408 4405 4392
4356 4404 4412 4411
4357 4358 4415 4399
4358 4379 4395 4357
4359 4390 4414 4397
4360 4395 4401 4378
4361 4413 4418 4400
4362 2355 4362 2354
4363 2353 4356 2352
4364 2347 4357 2346
4365 2350 4354 2349
4366 2348 4372 2347
4367 2338 4355 2337
4368 2341 4353 2340
4369 4417 4419 4402
4370 4387 4389 4384
2 30 3 74
4371 4397 4407 4391 4381
4372 4387 4380 4402 4389
4373 4353 2341 2342 4374
4374 4369 2336 2337 4355
4375 4372 2348 2349 4354
4376 4382 4390 4397 4381
4377 4381 4373 4356 4382
4378 4398 4379 4391 4407
4379 4380 4353 4374 4394
4380 4391 4354 4373 4381
4381 4382 4356 4362 4383
4382 4370 4353 4380 4387
4383 4394 4374 4371 4378
4384 4394 4417 4402 4380
4385 4366 4358 4392 4405
4386 4417 4394 4378 4401
4387 4359 4400 4418 4414
4388 4417 4406 4420 4419
4389 4384 4360 4364 4369
4390 8 2410 4365 4375
4391 4384 4389 4411 4412
4392 4377 4420 4388 4385
4393 4377 4409 4399 4420
4394 4399 4409 4392 4358
4395 4393 4410 4400 4359
4396 4418 4407 4397 4414
4397 4358 4366 4404 4411
4398 4372 4354 4391 4379
4399 4414 4390 4403 4359
4400 4371 4357 4395 4378
4401 2413 4360 4416 2412
4402 4388 4401 4398 4413
4403 4360 4384 4412 4416
4404 4413 4398 4407 4418
4405 4363 4416 4412 4404
4406 4385 4413 4400 4410
4407 4361 4375 4365 4403
4408 4357 2347 4372 4379
4409 4355 4370 4387 4384
4410 230 4361 4386 229
4411 4376 2412 4363 4366
4412 4361 4403 4390 4396
4413 4419 4415 4389 4402
4414 4398 4401 4395 4379
4415 4365 4393 4359 4403
4416 4419 4420 4399 4415
4417 2411 4376 4408 2242
4418 2410 2409 4410 4393
4419 4409 2409 2408 4392
4420 4367 2333 4364 4360
4421 229 4386 4368 4
4422 4383 4362 4368 4386
4423 4366 4405 4408 4376
4424 4386 4361 4396 4383
4425 2343 4371 4374 2342
4426 4373 4354 2350 2351
4427 2356 4368 4362 2355
4428 2354 4362 4356 2353
4429 4370 4355 2338 2339
4430 2352 4356 4373 2351
4431 2340 4353 4370 2339
4432 4357 4371 2345 2346
4433 4369 4364 2335 2336
4434 4401 4388 4406 4417
4435 2240 2331 4367 2413
4436 4408 4405 2408 2242
4437 4411 4389 4415 4358
4438 4375 4361 230 231
4439 2409 4377 4385 4410
4440 4382 4383 4396 4390
4441 4364 2333 2334 2335
4442 4371 2343 2344 2345
4443 2332 2333 4367 2331
4444 2357 2358 4368 2356
2 40 3 180
4445 4609 4602 4603 4608
4446 4424 4422 4427 4784
4447 4608 4603 4604 4607
4448 4779 4432 4433 4778
4449 4781 4430 4431 4780
4450 4620 4591 4592 4619
4451 4752 4459 4460 4751
4452 4757 4454 4455 4756
4453 4782 4429 4430 4781
4454 4770 4441 4442 4769
4455 4769 4442 4443 4768
4456 4613 4598 4599 4612
4457 4765 4446 4447 4764
4458 4784 4427 4428 4783
4459 4778 4433 4434 4777
4460 4777 4434 4435 4776
4461 4762 4449 4450 4761
4462 4767 4444 4445 4766
4463 4607 4604 4605 4606
4464 4610 4601 4602 4609
4465 4615 4596 4597 4614
4466 4625 4586 4587 4624
4467 4775 4436 4437 4774
4468 4772 4439 4440 4771
4469 4780 4431 4432 4779
4470 4783 4428 4429 4782
4471 4773 4438 4439 4772
4472 4774 4437 4438 4773
4473 4612 4599 4600 4611
4474 4611 4600 4601 4610
4475 4623 4588 4589 4622
4476 4616 4595 4596 4615
4477 4618 4593 4594 4617
4478 4626 4585 4586 4625
4479 4631 4580 4581 4630
4480 4621 4590 4591 4620
4481 4624 4587 4588 4623
4482 4636 4575 4576 4635
4483 4421 4423 4606 4605
4484 4614 4597 4598 4613
4485 4619 4592 4593 4618
4486 4637 4574 4575 4636
4487 4722 4489 4490 4721
4488 4749 4462 4463 4748
4489 4565 4646 4647 4564
4490 4754 4457 4458 4753
4491 4475 4736 4737 4474
4492 4728 4483 4484 4727
4493 4776 4435 4436 4775
4494 4474 4737 4738 4473
4495 4720 4491 4492 4719
4496 4469 4742 4743 4468
4497 4630 4581 4582 4629
4498 4472 4739 4740 4471
4499 4717 4494 4495 4716
4500 4761 4450 4451 4760
4501 4747 4464 4465 4746
4502 4642 4569 4570 4641
4503 4730 4481 4482 4729
4504 4748 4463 4464 4747
4505 4753 4458 4459 4752
4506 4760 4451 4452 4759
4507 4756 4455 4456 4755
4508 4764 4447 4448 4763
4509 4750 4461 4462 4749
4510 4735 4476 4477 4734
4511 4617 4594 4595 4616
4512 4746 4465 4466 4745
4513 4627 4584 4585 4626
4514 4751 4460 4461 4750
4515 4771 4440 4441 4770
4516 4768 4443 4444 4767
4517 4733 4478 4479 4732
4518 4745 4466 4467 4744
4519 4763 4448 4449 4762
4520 4470 4741 4742 4469
4521 4639 4572 4573 4638
4522 4632 4579 4580 4631
4523 4766 4445 4446 4765
4524 4758 4453 4454 4757
4525 4622 4589 4590 4621
4526 4755 4456 4457 4754
4527 4471 4740 4741 4470
4528 4629 4582 4583 4628
4529 4634 4577 4578 4633
4530 4759 4452 4453 4758
4531 4723 4488 4489 4722
4532 4727 4484 4485 4726
4533 4732 4479 4480 4731
4534 4736 4475 4476 4735
4535 4725 4486 4487 4724
4536 4674 4537 4538 4673
4537 4666 4545 4546 4665
4538 4655 4556 4557 4654
4539 4669 4542 4543 4668
4540 4690 4521 4522 4689
4541 4559 4652 4653 4558
4542 4628 4583 4584 4627
4543 4700 4511 4512 4699
4544 4643 4568 4569 4642
4545 4658 4553 4554 4657
4546 4677 4534 4535 4676
4547 4671 4540 4541 4670
4548 4564 4647 4648 4563
4549 4661 4550 4551 4660
4550 4562 4649 4650 4561
4551 4638 4573 4574 4637
4552 4641 4570 4571 4640
4553 4633 4578 4579 4632
4554 4682 4529 4530 4681
4555 4635 4576 4577 4634
4556 4640 4571 4572 4639
4557 4645 4566 4567 4644
4558 4698 4513 4514 4697
4559 4696 4515 4516 4695
4560 4691 4520 4521 4690
4561 4705 4506 4507 4704
4562 4711 4500 4501 4710
4563 4704 4507 4508 4703
4564 4712 4499 4500 4711
4565 4708 4503 4504 4707
4566 4729 4482 4483 4728
4567 4714 4497 4498 4713
4568 4670 4541 4542 4669
4569 4694 4517 4518 4693
4570 4699 4512 4513 4698
4571 4710 4501 4502 4709
4572 4644 4567 4568 4643
4573 4688 4523 4524 4687
4574 4716 4495 4496 4715
4575 4707 4504 4505 4706
4576 4558 4653 4654 4557
4577 4683 4528 4529 4682
4578 4675 4536 4537 4674
4579 4706 4505 4506 4705
4580 4693 4518 4519 4692
4581 4646 4565 4566 4645
4582 4726 4485 4486 4725
4583 4718 4493 4494 4717
4584 4665 4546 4547 4664
4585 4662 4549 4550 4661
4586 4468 4743 4744 4467
4587 4563 4648 4649 4562
4588 4731 4480 4481 4730
4589 4680 4531 4532 4679
4590 4734 4477 4478 4733
4591 4657 4554 4555 4656
4592 4701 4510 4511 4700
4593 4561 4650 4651 4560
4594 4678 4533 4534 4677
4595 4703 4508 4509 4702
4596 4656 4555 4556 4655
4597 4664 4547 4548 4663
4598 4724 4487 4488 4723
4599 4672 4539 4540 4671
4600 4685 4526 4527 4684
4601 4473 4738 4739 4472
4602 4713 4498 4499 4712
4603 4686 4525 4526 4685
4604 4659 4552 4553 4658
4605 4721 4490 4491 4720
4606 4719 4492 4493 4718
4607 4667 4544 4545 4666
4608 4715 4496 4497 4714
4609 4709 4502 4503 4708
4610 4695 4516 4517 4694
4611 4689 4522 4523 4688
4612 4697 4514 4515 4696
4613 4681 4530 4531 4680
4614 4684 4527 4528 4683
4615 4687 4524 4525 4686
4616 4702 4509 4510 4701
4617 4560 4651 4652 4559
4618 4692 4519 4520 4691
4619 4668 4543 4544 4667
4620 4673 4538 4539 4672
4621 4676 4535 4536 4675
4622 4660 4551 4552 4659
4623 4663 4548 4549 4662
4624 4679 4532 4533 4678
2 40 3 180
4625 4834 4655 4656 4835
4626 4754 4755 4934 4933
4627 4662 4663 4842 4841
4628 4821 4642 4643 4822
4629 4757 4758 4937 4936
4630 4613 4614 4793 4792
4631 4765 4766 4945 4944
4632 4778 4779 4958 4957
4633 4743 4744 4923 4922
4634 4767 4768 4947 4946
4635 4781 4782 4961 4960
4636 4624 4625 4804 4803
4637 4773 4774 4953 4952
4638 4800 4621 4622 4801
4639 4795 4616 4617 4796
4640 4806 4627 4628 4807
4641 4788 4609 4610 4789
4642 4817 4638 4639 4818
4643 4631 4632 4811 4810
4644 4647 4648 4827 4826
4645 4658 4659 4838 4837
4646 4799 4620 4621 4800
4647 4813 4634 4635 4814
4648 4629 4630 4809 4808
4649 4783 4784 4963 4962
4650 4947 4768 4769 4948
4651 4785 4606 4607 4786
4652 4955 4776 4777 4956
4653 4775 4776 4955 4954
4654 4618 4619 4798 4797
4655 4615 4616 4795 4794
4656 4628 4629 4808 4807
4657 4762 4763 4942 4941
4658 4833 4654 4655 4834
4659 4630 4631 4810 4809
4660 4425 4423 4606 4785
4661 4798 4619 4620 4799
4662 4796 4617 4618 4797
4663 4614 4615 4794 4793
4664 4779 4780 4959 4958
4665 4424 4426 4963 4784
4666 4822 4643 4644 4823
4667 4789 4610 4611 4790
4668 4759 4760 4939 4938
4669 4811 4632 4633 4812
4670 4804 4625 4626 4805
4671 4626 4627 4806 4805
4672 4608 4609 4788 4787
4673 4838 4659 4660 4839
4674 4633 4634 4813 4812
4675 4770 4771 4950 4949
4676 4782 4783 4962 4961
4677 4786 4607 4608 4787
4678 4827 4648 4649 4828
4679 4611 4612 4791 4790
4680 4836 4657 4658 4837
4681 4815 4636 4637 4816
4682 4820 4641 4642 4821
4683 4653 4654 4833 4832
4684 4801 4622 4623 4802
4685 4663 4664 4843 4842
4686 4637 4638 4817 4816
4687 4672 4673 4852 4851
4688 4670 4671 4850 4849
4689 4823 4644 4645 4824
4690 4664 4665 4844 4843
4691 4666 4667 4846 4845
4692 4671 4672 4851 4850
4693 4835 4656 4657 4836
4694 4831 4652 4653 4832
4695 4814 4635 4636 4815
4696 4830 4651 4652 4831
4697 4665 4666 4845 4844
4698 4660 4661 4840 4839
4699 4667 4668 4847 4846
4700 4828 4649 4650 4829
4701 4829 4650 4651 4830
4702 4612 4613 4792 4791
4703 4661 4662 4841 4840
4704 4825 4646 4647 4826
4705 4818 4639 4640 4819
4706 4824 4645 4646 4825
4707 4819 4640 4641 4820
4708 4623 4624 4803 4802
4709 4669 4670 4849 4848
4710 4675 4676 4855 4854
4711 4712 4713 4892 4891
4712 4714 4715 4894 4893
4713 4715 4716 4895 4894
4714 4733 4734 4913 4912
4715 4717 4718 4897 4896
4716 4718 4719 4898 4897
4717 4678 4679 4858 4857
4718 4763 4764 4943 4942
4719 4730 4731 4910 4909
4720 4769 4770 4949 4948
4721 4750 4751 4930 4929
4722 4744 4745 4924 4923
4723 4731 4732 4911 4910
4724 4755 4756 4935 4934
4725 4738 4739 4918 4917
4726 4780 4781 4960 4959
4727 4771 4772 4951 4950
4728 4739 4740 4919 4918
4729 4764 4765 4944 4943
4730 4741 4742 4921 4920
4731 4732 4733 4912 4911
4732 4726 4727 4906 4905
4733 4734 4735 4914 4913
4734 4684 4685 4864 4863
4735 4680 4681 4860 4859
4736 4723 4724 4903 4902
4737 4761 4762 4941 4940
4738 4748 4749 4928 4927
4739 4766 4767 4946 4945
4740 4746 4747 4926 4925
4741 4677 4678 4857 4856
4742 4751 4752 4931 4930
4743 4728 4729 4908 4907
4744 4736 4737 4916 4915
4745 4777 4778 4957 4956
4746 4749 4750 4929 4928
4747 4740 4741 4920 4919
4748 4729 4730 4909 4908
4749 4752 4753 4932 4931
4750 4772 4773 4952 4951
4751 4742 4743 4922 4921
4752 4756 4757 4936 4935
4753 4745 4746 4925 4924
4754 4725 4726 4905 4904
4755 4709 4710 4889 4888
4756 4674 4675 4854 4853
4757 4758 4759 4938 4937
4758 4774 4775 4954 4953
4759 4737 4738 4917 4916
4760 4760 4761 4940 4939
4761 4753 4754 4933 4932
4762 4676 4677 4856 4855
4763 4747 4748 4927 4926
4764 4683 4684 4863 4862
4765 4720 4721 4900 4899
4766 4668 4669 4848 4847
4767 4704 4705 4884 4883
4768 4679 4680 4859 4858
4769 4673 4674 4853 4852
4770 4688 4689 4868 4867
4771 4692 4693 4872 4871
4772 4691 4692 4871 4870
4773 4686 4687 4866 4865
4774 4682 4683 4862 4861
4775 4687 4688 4867 4866
4776 4702 4703 4882 4881
4777 4690 4691 4870 4869
4778 4685 4686 4865 4864
4779 4681 4682 4861 4860
4780 4722 4723 4902 4901
4781 4705 4706 4885 4884
4782 4724 4725 4904 4903
4783 4701 4702 4881 4880
4784 4735 4736 4915 4914
4785 4697 4698 4877 4876
4786 4708 4709 4888 4887
4787 4698 4699 4878 4877
4788 4716 4717 4896 4895
4789 4727 4728 4907 4906
4790 4713 4714 4893 4892
4791 4721 4722 4901 4900
4792 4719 4720 4899 4898
4793 4689 4690 4869 4868
4794 4700 4701 4880 4879
4795 4706 4707 4886 4885
4796 4707 4708 4887 4886
4797 4699 4700 4879 4878
4798 4693 4694 4873 4872
4799 4695 4696 4875 4874
4800 4710 4711 4890 4889
4801 4703 4704 4883 4882
4802 4711 4712 4891 4890
4803 4696 4697 4876 4875
4804 4694 4695 4874 4873
2 40 2 358
4805 39 38 4815
4806 11 10 4787
4807 12 11 4788
4808 13 12 4789
4809 14 13 4790
4810 15 14 4791
4811 16 15 4792
4812 17 16 4793
4813 18 17 4794
4814 19 18 4795
4815 20 19 4796
4816 21 20 4797
4817 22 21 4798
4818 23 22 4799
4819 24 23 4800
4820 25 24 4801
4821 26 25 4802
4822 27 26 4803
4823 28 27 4804
4824 29 28 4805
4825 30 29 4806
4826 31 30 4807
4827 32 31 4808
4828 33 32 4809
4829 34 33 4810
4830 35 34 4811
4831 36 35 4812
4832 37 36 4813
4833 38 37 4814
4834 40 39 4816
4835 41 40 4817
4836 42 41 4818
4837 43 42 4819
4838 44 43 4820
4839 45 44 4821
4840 46 45 4822
4841 47 46 4823
4842 48 47 4824
4843 49 48 4825
4844 50 49 4826
4845 51 50 4827
4846 52 51 4828
4847 53 52 4829
4848 54 53 4830
4849 55 54 4831
4850 56 55 4832
4851 57 56 4833
4852 58 57 4834
4853 59 58 4835
4854 60 59 4836
4855 61 60 4837
4856 62 61 4838
4857 63 62 4839
4858 64 63 4840
4859 65 64 4841
4860 66 65 4842
4861 67 66 4843
4862 68 67 4844
4863 69 68 4845
4864 70 69 4846
4865 71 70 4847
4866 72 71 4848
4867 73 72 4849
4868 74 73 4850
4869 75 74 4851
4870 76 75 4852
4871 77 76 4853
4872 78 77 4854
4873 79 78 4855
4874 80 79 4856
4875 81 80 4857
4876 82 81 4858
4877 83 82 4859
4878 84 83 4860
4879 85 84 4861
4880 86 85 4862
4881 87 86 4863
4882 88 87 4864
4883 89 88 4865
4884 90 89 4866
4885 91 90 4867
4886 92 91 4868
4887 93 92 4869
4888 94 93 4870
4889 95 94 4871
4890 96 95 4872
4891 2 96 4873
4892 2330 2 4875
4893 2329 2330 4876
4894 2328 2329 4877
4895 2327 2328 4878
4896 2326 2327 4879
4897 2325 2326 4880
4898 2324 2325 4881
4899 2323 2324 4882
4900 4873 4874 2
4901 2321 2322 4884
4902 2320 2321 4885
4903 2319 2320 4886
4904 2318 2319 4887
4905 2317 2318 4888
4906 2316 2317 4889
4907 2315 2316 4890
4908 2314 2315 4891
4909 2313 2314 4892
4910 2312 2313 4893
4911 2311 2312 4894
4912 2310 2311 4895
4913 2309 2310 4896
4914 2308 2309 4897
4915 2307 2308 4898
4916 2306 2307 4899
4917 2305 2306 4900
4918 2304 2305 4901
4919 2303 2304 4902
4920 2302 2303 4903
4921 2301 2302 4904
4922 2300 2301 4905
4923 2299 2300 4906
4924 2298 2299 4907
4925 2297 2298 4908
4926 2296 2297 4909
4927 2295 2296 4910
4928 2294 2295 4911
4929 2293 2294 4912
4930 2292 2293 4913
4931 2291 2292 4914
4932 2290 2291 4915
4933 2289 2290 4916
4934 2288 2289 4917
4935 2287 2288 4918
4936 2286 2287 4919
4937 2285 2286 4920
4938 2284 2285 4921
4939 2283 2284 4922
4940 2282 2283 4923
4941 2281 2282 4924
4942 2280 2281 4925
4943 2279 2280 4926
4944 2278 2279 4927
4945 2277 2278 4928
4946 2276 2277 4929
4947 2275 2276 4930
4948 2274 2275 4931
4949 2273 2274 4932
4950 2272 2273 4933
4951 2271 2272 4934
4952 2270 2271 4935
4953 2269 2270 4936
4954 2268 2269 4937
4955 2267 2268 4938
4956 2266 2267 4939
4957 2265 2266 4940
4958 2264 2265 4941
4959 2263 2264 4942
4960 2262 2263 4943
4961 2261 2262 4944
4962 2260 2261 4945
4963 2259 2260 4946
4964 2258 2259 4947
4965 2257 2258 4948
4966 2256 2257 4949
4967 2255 2256 4950
4968 2254 2255 4951
4969 2253 2254 4952
4970 2252 2253 4953
4971 2251 2252 4954
4972 2250 2251 4955
4973 2249 2250 4956
4974 2248 2249 4957
4975 2247 2248 4958
4976 2246 2247 4959
4977 2245 2246 4960
4978 2244 2245 4961
4979 2243 2244 4962
4980 2239 2243 4963
4981 2239 4963 4426
4982 10 9 4786
4983 9 1 4785
4984 4425 4785 1
4985 4785 4786 9
4986 4786 4787 10
4987 4787 4788 11
4988 4788 4789 12
4989 4789 4790 13
4990 4790 4791 14
4991 4791 4792 15
4992 4792 4793 16
4993 4793 4794 17
4994 4794 4795 18
4995 4795 4796 19
4996 4796 4797 20
4997 4797 4798 21
4998 4798 4799 22
4999 4799 4800 23
5000 4800 4801 24
5001 4801 4802 25
5002 4802 4803 26
5003 4803 4804 27
5004 4804 4805 28
5005 4805 4806 29
5006 4806 4807 30
5007 4807 4808 31
5008 4808 4809 32
5009 4809 4810 33
5010 4810 4811 34
5011 4811 4812 35
5012 4812 4813 36
5013 4813 4814 37
5014 4814 4815 38
5015 4815 4816 39
5016 4816 4817 40
5017 4817 4818 41
5018 4818 4819 42
5019 4819 4820 43
5020 4820 4821 44
5021 4821 4822 45
5022 4822 4823 46
5023 4823 4824 47
5024 4824 4825 48
5025 4825 4826 49
5026 4826 4827 50
5027 4827 4828 51
5028 4828 4829 52
5029 4829 4830 53
5030 4830 4831 54
5031 4831 4832 55
5032 4832 4833 56
5033 4833 4834 57
5034 4834 4835 58
5035 4835 4836 59
5036 4836 4837 60
5037 4837 4838 61
5038 4838 4839 62
5039 4839 4840 63
5040 4840 4841 64
5041 4841 4842 65
5042 4842 4843 66
5043 4843 4844 67
5044 4844 4845 68
5045 4845 4846 69
5046 4846 4847 70
5047 4847 4848 71
5048 4848 4849 72
5049 4849 4850 73
5050 4850 4851 74
5051 4851 4852 75
5052 4852 4853 76
5053 4853 4854 77
5054 4854 4855 78
5055 4855 4856 79
5056 4856 4857 80
5057 4857 4858 81
5058 4858 4859 82
5059 4859 4860 83
5060 4860 4861 84
5061 4861 4862 85
5062 4862 4863 86
5063 4863 4864 87
5064 4864 4865 88
5065 4865 4866 89
5066 4866 4867 90
5067 4867 4868 91
5068 4868 4869 92
5069 4869 4870 93
5070 4870 4871 94
5071 4871 4872 95
5072 4872 4873 96
5073 2322 2323 4883
5074 4874 4875 2
5075 4875 4876 2330
5076 4876 4877 2329
5077 4877 4878 2328
5078 4878 4879 2327
5079 4879 4880 2326
5080 4880 4881 2325
5081 4881 4882 2324
5082 4882 4883 2323
5083 4883 4884 2322
5084 4884 4885 2321
5085 4885 4886 2320
5086 4886 4887 2319
5087 4887 4888 2318
5088 4888 4889 2317
5089 4889 4890 2316
5090 4890 4891 2315
5091 4891 4892 2314
5092 4892 4893 2313
5093 4893 4894 2312
5094 4894 4895 2311
5095 4895 4896 2310
5096 4896 4897 2309
5097 4897 4898 2308
5098 4898 4899 2307
5099 4899 4900 2306
5100 4900 4901 2305
5101 4901 4902 2304
5102 4902 4903 2303
5103 4903 4904 2302
5104 4904 4905 2301
5105 4905 4906 2300
5106 4906 4907 2299
5107 4907 4908 2298
5108 4908 4909 2297
5109 4909 4910 2296
5110 4910 4911 2295
5111 4911 4912 2294
5112 4912 4913 2293
5113 4913 4914 2292
5114 4914 4915 2291
5115 4915 4916 2290
5116 4916 4917 2289
5117 4917 4918 2288
5118 4918 4919 2287
5119 4919 4920 2286
5120 4920 4921 2285
5121 4921 4922 2284
5122 4922 4923 2283
5123 4923 4924 2282
5124 4924 4925 2281
5125 4925 4926 2280
5126 4926 4927 2279
5127 4927 4928 2278
5128 4928 4929 2277
5129 4929 4930 2276
5130 4930 4931 2275
5131 4931 4932 2274
5132 4932 4933 2273
5133 4933 4934 2272
5134 4934 4935 2271
5135 4935 4936 2270
5136 4936 4937 2269
5137 4937 4938 2268
5138 4938 4939 2267
5139 4939 4940 2266
5140 4940 4941 2265
5141 4941 4942 2264
5142 4942 4943 2263
5143 4943 4944 2262
5144 4944 4945 2261
5145 4945 4946 2260
5146 4946 4947 2259
5147 4947 4948 2258
5148 4948 4949 2257
5149 4949 4950 2256
5150 4950 4951 2255
5151 4951 4952 2254
5152 4952 4953 2253
5153 4953 4954 2252
5154 4954 4955 2251
5155 4955 4956 2250
5156 4956 4957 2249
5157 4957 4958 2248
5158 4958 4959 2247
5159 4959 4960 2246
5160 4960 4961 2245
5161 4961 4962 2244
5162 4962 4963 2243
0 99 15 1
5163 4421
$EndElements
