$MeshFormat
4.1 0 8
$EndMeshFormat
$PhysicalNames
7
0 99 "slide_point"
2 20 "rotor"
2 40 "air"
2 30 "shaft"
2 50 "outair"
2 600000 "hole_0"
2 50000 "magnet_0_0_0"
$EndPhysicalNames
$Entities
1 0 6 0
99 0.02775 0.0 0.0 1 99
20 0 0 0 1 1 1 1 20 0
30 0 0 0 1 1 1 1 30 0
40 0 0 0 1 1 1 1 40 0
50 0 0 0 1 1 1 1 50 0
50000 0 0 0 1 1 1 1 50000 0
600000 0 0 0 1 1 1 1 600000 0
$EndEntities
$Nodes
2 3959 1 3959
0 99 0 1
3414
2.7750000000000000e-02 0.0000000000000000e+00 0.0000000000000000e+00
2 1 0 3958
1
2
3
4
5
6
7
8
9
10
11
12
13
14
15
16
17
18
19
20
21
22
23
24
25
26
27
28
29
30
31
32
33
34
35
36
37
38
39
40
41
42
43
44
45
46
47
48
49
50
51
52
53
54
55
56
57
58
59
60
61
62
63
64
65
66
67
68
69
70
71
72
73
74
75
76
77
78
79
80
81
82
83
84
85
86
87
88
89
90
91
92
93
94
95
96
97
98
99
100
101
102
103
104
105
106
107
108
109
110
111
112
113
114
115
116
117
118
119
120
121
122
123
124
125
126
127
128
129
130
131
132
133
134
135
136
137
138
139
140
141
142
143
144
145
146
147
148
149
150
151
152
153
154
155
156
157
158
159
160
161
162
163
164
165
166
167
168
169
170
171
172
173
174
175
176
177
178
179
180
181
182
183
184
185
186
187
188
189
190
191
192
193
194
195
196
197
198
199
200
201
202
203
204
205
206
207
208
209
210
211
212
213
214
215
216
217
218
219
220
221
222
223
224
225
226
227
228
229
230
231
232
233
234
235
236
237
238
239
240
241
242
243
244
245
246
247
248
249
250
251
252
253
254
255
256
257
258
259
260
261
262
263
264
265
266
267
268
269
270
271
272
273
274
275
276
277
278
279
280
281
282
283
284
285
286
287
288
289
290
291
292
293
294
295
296
297
298
299
300
301
302
303
304
305
306
307
308
309
310
311
312
313
314
315
316
317
318
319
320
321
322
323
324
325
326
327
328
329
330
331
332
333
334
335
336
337
338
339
340
341
342
343
344
345
346
347
348
349
350
351
352
353
354
355
356
357
358
359
360
361
362
363
364
365
366
367
368
369
370
371
372
373
374
375
376
377
378
379
380
381
382
383
384
385
386
387
388
389
390
391
392
393
394
395
396
397
398
399
400
401
402
403
404
405
406
407
408
409
410
411
412
413
414
415
416
417
418
419
420
421
422
423
424
425
426
427
428
429
430
431
432
433
434
435
436
437
438
439
440
441
442
443
444
445
446
447
448
449
450
451
452
453
454
455
456
457
458
459
460
461
462
463
464
465
466
467
468
469
470
471
472
473
474
475
476
477
478
479
480
481
482
483
484
485
486
487
488
489
490
491
492
493
494
495
496
497
498
499
500
501
502
503
504
505
506
507
508
509
510
511
512
513
514
515
516
517
518
519
520
521
522
523
524
525
526
527
528
529
530
531
532
533
534
535
536
537
538
539
540
541
542
543
544
545
546
547
548
549
550
551
552
553
554
555
556
557
558
559
560
561
562
563
564
565
566
567
568
569
570
571
572
573
574
575
576
577
578
579
580
581
582
583
584
585
586
587
588
589
590
591
592
593
594
595
596
597
598
599
600
601
602
603
604
605
606
607
608
609
610
611
612
613
614
615
616
617
618
619
620
621
622
623
624
625
626
627
628
629
630
631
632
633
634
635
636
637
638
639
640
641
642
643
644
645
646
647
648
649
650
651
652
653
654
655
656
657
658
659
660
661
662
663
664
665
666
667
668
669
670
671
672
673
674
675
676
677
678
679
680
681
682
683
684
685
686
687
688
689
690
691
692
693
694
695
696
697
698
699
700
701
702
703
704
705
706
707
708
709
710
711
712
713
714
715
716
717
718
719
720
721
722
723
724
725
726
727
728
729
730
731
732
733
734
735
736
737
738
739
740
741
742
743
744
745
746
747
748
749
750
751
752
753
754
755
756
757
758
759
760
761
762
763
764
765
766
767
768
769
770
771
772
773
774
775
776
777
778
779
780
781
782
783
784
785
786
787
788
789
790
791
792
793
794
795
796
797
798
799
800
801
802
803
804
805
806
807
808
809
810
811
812
813
814
815
816
817
818
819
820
821
822
823
824
825
826
827
828
829
830
831
832
833
834
835
836
837
838
839
840
841
842
843
844
845
846
847
848
849
850
851
852
853
854
855
856
857
858
859
860
861
862
863
864
865
866
867
868
869
870
871
872
873
874
875
876
877
878
879
880
881
882
883
884
885
886
887
888
889
890
891
892
893
894
895
896
897
898
899
900
901
902
903
904
905
906
907
908
909
910
911
912
913
914
915
916
917
918
919
920
921
922
923
924
925
926
927
928
929
930
931
932
933
934
935
936
937
938
939
940
941
942
943
944
945
946
947
948
949
950
951
952
953
954
955
956
957
958
959
960
961
962
963
964
965
966
967
968
969
970
971
972
973
974
975
976
977
978
979
980
981
982
983
984
985
986
987
988
989
990
991
992
993
994
995
996
997
998
999
1000
1001
1002
1003
1004
1005
1006
1007
1008
1009
1010
1011
1012
1013
1014
1015
1016
1017
1018
1019
1020
1021
1022
1023
1024
1025
1026
1027
1028
1029
1030
1031
1032
1033
1034
1035
1036
1037
1038
1039
1040
1041
1042
1043
1044
1045
1046
1047
1048
1049
1050
1051
1052
1053
1054
1055
1056
1057
1058
1059
1060
1061
1062
1063
1064
1065
1066
1067
1068
1069
1070
1071
1072
1073
1074
1075
1076
1077
1078
1079
1080
1081
1082
1083
1084
1085
1086
1087
1088
1089
1090
1091
1092
1093
1094
1095
1096
1097
1098
1099
1100
1101
1102
1103
1104
1105
1106
1107
1108
1109
1110
1111
1112
1113
1114
1115
1116
1117
1118
1119
1120
1121
1122
1123
1124
1125
1126
1127
1128
1129
1130
1131
1132
1133
1134
1135
1136
1137
1138
1139
1140
1141
1142
1143
1144
1145
1146
1147
1148
1149
1150
1151
1152
1153
1154
1155
1156
1157
1158
1159
1160
1161
1162
1163
1164
1165
1166
1167
1168
1169
1170
1171
1172
1173
1174
1175
1176
1177
1178
1179
1180
1181
1182
1183
1184
1185
1186
1187
1188
1189
1190
1191
1192
1193
1194
1195
1196
1197
1198
1199
1200
1201
1202
1203
1204
1205
1206
1207
1208
1209
1210
1211
1212
1213
1214
1215
1216
1217
1218
1219
1220
1221
1222
1223
1224
1225
1226
1227
1228
1229
1230
1231
1232
1233
1234
1235
1236
1237
1238
1239
1240
1241
1242
1243
1244
1245
1246
1247
1248
1249
1250
1251
1252
1253
1254
1255
1256
1257
1258
1259
1260
1261
1262
1263
1264
1265
1266
1267
1268
1269
1270
1271
1272
1273
1274
1275
1276
1277
1278
1279
1280
1281
1282
1283
1284
1285
1286
1287
1288
1289
1290
1291
1292
1293
1294
1295
1296
1297
1298
1299
1300
1301
1302
1303
1304
1305
1306
1307
1308
1309
1310
1311
1312
1313
1314
1315
1316
1317
1318
1319
1320
1321
1322
1323
1324
1325
1326
1327
1328
1329
1330
1331
1332
1333
1334
1335
1336
1337
1338
1339
1340
1341
1342
1343
1344
1345
1346
1347
1348
1349
1350
1351
1352
1353
1354
1355
1356
1357
1358
1359
1360
1361
1362
1363
1364
1365
1366
1367
1368
1369
1370
1371
1372
1373
1374
1375
1376
1377
1378
1379
1380
1381
1382
1383
1384
1385
1386
1387
1388
1389
1390
1391
1392
1393
1394
1395
1396
1397
1398
1399
1400
1401
1402
1403
1404
1405
1406
1407
1408
1409
1410
1411
1412
1413
1414
1415
1416
1417
1418
1419
1420
1421
1422
1423
1424
1425
1426
1427
1428
1429
1430
1431
1432
1433
1434
1435
1436
1437
1438
1439
1440
1441
1442
1443
1444
1445
1446
1447
1448
1449
1450
1451
1452
1453
1454
1455
1456
1457
1458
1459
1460
1461
1462
1463
1464
1465
1466
1467
1468
1469
1470
1471
1472
1473
1474
1475
1476
1477
1478
1479
1480
1481
1482
1483
1484
1485
1486
1487
1488
1489
1490
1491
1492
1493
1494
1495
1496
1497
1498
1499
1500
1501
1502
1503
1504
1505
1506
1507
1508
1509
1510
1511
1512
1513
1514
1515
1516
1517
1518
1519
1520
1521
1522
1523
1524
1525
1526
1527
1528
1529
1530
1531
1532
1533
1534
1535
1536
1537
1538
1539
1540
1541
1542
1543
1544
1545
1546
1547
1548
1549
1550
1551
1552
1553
1554
1555
1556
1557
1558
1559
1560
1561
1562
1563
1564
1565
1566
1567
1568
1569
1570
1571
1572
1573
1574
1575
1576
1577
1578
1579
1580
1581
1582
1583
1584
1585
1586
1587
1588
1589
1590
1591
1592
1593
1594
1595
1596
1597
1598
1599
1600
1601
1602
1603
1604
1605
1606
1607
1608
1609
1610
1611
1612
1613
1614
1615
1616
1617
1618
1619
1620
1621
1622
1623
1624
1625
1626
1627
1628
1629
1630
1631
1632
1633
1634
1635
1636
1637
1638
1639
1640
1641
1642
1643
1644
1645
1646
1647
1648
1649
1650
1651
1652
1653
1654
1655
1656
1657
1658
1659
1660
1661
1662
1663
1664
1665
1666
1667
1668
1669
1670
1671
1672
1673
1674
1675
1676
1677
1678
1679
1680
1681
1682
1683
1684
1685
1686
1687
1688
1689
1690
1691
1692
1693
1694
1695
1696
1697
1698
1699
1700
1701
1702
1703
1704
1705
1706
1707
1708
1709
1710
1711
1712
1713
1714
1715
1716
1717
1718
1719
1720
1721
1722
1723
1724
1725
1726
1727
1728
1729
1730
1731
1732
1733
1734
1735
1736
1737
1738
1739
1740
1741
1742
1743
1744
1745
1746
1747
1748
1749
1750
1751
1752
1753
1754
1755
1756
1757
1758
1759
1760
1761
1762
1763
1764
1765
1766
1767
1768
1769
1770
1771
1772
1773
1774
1775
1776
1777
1778
1779
1780
1781
1782
1783
1784
1785
1786
1787
1788
1789
1790
1791
1792
1793
1794
1795
1796
1797
1798
1799
1800
1801
1802
1803
1804
1805
1806
1807
1808
1809
1810
1811
1812
1813
1814
1815
1816
1817
1818
1819
1820
1821
1822
1823
1824
1825
1826
1827
1828
1829
1830
1831
1832
1833
1834
1835
1836
1837
1838
1839
1840
1841
1842
1843
1844
1845
1846
1847
1848
1849
1850
1851
1852
1853
1854
1855
1856
1857
1858
1859
1860
1861
1862
1863
1864
1865
1866
1867
1868
1869
1870
1871
1872
1873
1874
1875
1876
1877
1878
1879
1880
1881
1882
1883
1884
1885
1886
1887
1888
1889
1890
1891
1892
1893
1894
1895
1896
1897
1898
1899
1900
1901
1902
1903
1904
1905
1906
1907
1908
1909
1910
1911
1912
1913
1914
1915
1916
1917
1918
1919
1920
1921
1922
1923
1924
1925
1926
1927
1928
1929
1930
1931
1932
1933
1934
1935
1936
1937
1938
1939
1940
1941
1942
1943
1944
1945
1946
1947
1948
1949
1950
1951
1952
1953
1954
1955
1956
1957
1958
1959
1960
1961
1962
1963
1964
1965
1966
1967
1968
1969
1970
1971
1972
1973
1974
1975
1976
1977
1978
1979
1980
1981
1982
1983
1984
1985
1986
1987
1988
1989
1990
1991
1992
1993
1994
1995
1996
1997
1998
1999
2000
2001
2002
2003
2004
2005
2006
2007
2008
2009
2010
2011
2012
2013
2014
2015
2016
2017
2018
2019
2020
2021
2022
2023
2024
2025
2026
2027
2028
2029
2030
2031
2032
2033
2034
2035
2036
2037
2038
2039
2040
2041
2042
2043
2044
2045
2046
2047
2048
2049
2050
2051
2052
2053
2054
2055
2056
2057
2058
2059
2060
2061
2062
2063
2064
2065
2066
2067
2068
2069
2070
2071
2072
2073
2074
2075
2076
2077
2078
2079
2080
2081
2082
2083
2084
2085
2086
2087
2088
2089
2090
2091
2092
2093
2094
2095
2096
2097
2098
2099
2100
2101
2102
2103
2104
2105
2106
2107
2108
2109
2110
2111
2112
2113
2114
2115
2116
2117
2118
2119
2120
2121
2122
2123
2124
2125
2126
2127
2128
2129
2130
2131
2132
2133
2134
2135
2136
2137
2138
2139
2140
2141
2142
2143
2144
2145
2146
2147
2148
2149
2150
2151
2152
2153
2154
2155
2156
2157
2158
2159
2160
2161
2162
2163
2164
2165
2166
2167
2168
2169
2170
2171
2172
2173
2174
2175
2176
2177
2178
2179
2180
2181
2182
2183
2184
2185
2186
2187
2188
2189
2190
2191
2192
2193
2194
2195
2196
2197
2198
2199
2200
2201
2202
2203
2204
2205
2206
2207
2208
2209
2210
2211
2212
2213
2214
2215
2216
2217
2218
2219
2220
2221
2222
2223
2224
2225
2226
2227
2228
2229
2230
2231
2232
2233
2234
2235
2236
2237
2238
2239
2240
2241
2242
2243
2244
2245
2246
2247
2248
2249
2250
2251
2252
2253
2254
2255
2256
2257
2258
2259
2260
2261
2262
2263
2264
2265
2266
2267
2268
2269
2270
2271
2272
2273
2274
2275
2276
2277
2278
2279
2280
2281
2282
2283
2284
2285
2286
2287
2288
2289
2290
2291
2292
2293
2294
2295
2296
2297
2298
2299
2300
2301
2302
2303
2304
2305
2306
2307
2308
2309
2310
2311
2312
2313
2314
2315
2316
2317
2318
2319
2320
2321
2322
2323
2324
2325
2326
2327
2328
2329
2330
2331
2332
2333
2334
2335
2336
2337
2338
2339
2340
2341
2342
2343
2344
2345
2346
2347
2348
2349
2350
2351
2352
2353
2354
2355
2356
2357
2358
2359
2360
2361
2362
2363
2364
2365
2366
2367
2368
2369
2370
2371
2372
2373
2374
2375
2376
2377
2378
2379
2380
2381
2382
2383
2384
2385
2386
2387
2388
2389
2390
2391
2392
2393
2394
2395
2396
2397
2398
2399
2400
2401
2402
2403
2404
2405
2406
2407
2408
2409
2410
2411
2412
2413
2414
2415
2416
2417
2418
2419
2420
2421
2422
2423
2424
2425
2426
2427
2428
2429
2430
2431
2432
2433
2434
2435
2436
2437
2438
2439
2440
2441
2442
2443
2444
2445
2446
2447
2448
2449
2450
2451
2452
2453
2454
2455
2456
2457
2458
2459
2460
2461
2462
2463
2464
2465
2466
2467
2468
2469
2470
2471
2472
2473
2474
2475
2476
2477
2478
2479
2480
2481
2482
2483
2484
2485
2486
2487
2488
2489
2490
2491
2492
2493
2494
2495
2496
2497
2498
2499
2500
2501
2502
2503
2504
2505
2506
2507
2508
2509
2510
2511
2512
2513
2514
2515
2516
2517
2518
2519
2520
2521
2522
2523
2524
2525
2526
2527
2528
2529
2530
2531
2532
2533
2534
2535
2536
2537
2538
2539
2540
2541
2542
2543
2544
2545
2546
2547
2548
2549
2550
2551
2552
2553
2554
2555
2556
2557
2558
2559
2560
2561
2562
2563
2564
2565
2566
2567
2568
2569
2570
2571
2572
2573
2574
2575
2576
2577
2578
2579
2580
2581
2582
2583
2584
2585
2586
2587
2588
2589
2590
2591
2592
2593
2594
2595
2596
2597
2598
2599
2600
2601
2602
2603
2604
2605
2606
2607
2608
2609
2610
2611
2612
2613
2614
2615
2616
2617
2618
2619
2620
2621
2622
2623
2624
2625
2626
2627
2628
2629
2630
2631
2632
2633
2634
2635
2636
2637
2638
2639
2640
2641
2642
2643
2644
2645
2646
2647
2648
2649
2650
2651
2652
2653
2654
2655
2656
2657
2658
2659
2660
2661
2662
2663
2664
2665
2666
2667
2668
2669
2670
2671
2672
2673
2674
2675
2676
2677
2678
2679
2680
2681
2682
2683
2684
2685
2686
2687
2688
2689
2690
2691
2692
2693
2694
2695
2696
2697
2698
2699
2700
2701
2702
2703
2704
2705
2706
2707
2708
2709
2710
2711
2712
2713
2714
2715
2716
2717
2718
2719
2720
2721
2722
2723
2724
2725
2726
2727
2728
2729
2730
2731
2732
2733
2734
2735
2736
2737
2738
2739
2740
2741
2742
2743
2744
2745
2746
2747
2748
2749
2750
2751
2752
2753
2754
2755
2756
2757
2758
2759
2760
2761
2762
2763
2764
2765
2766
2767
2768
2769
2770
2771
2772
2773
2774
2775
2776
2777
2778
2779
2780
2781
2782
2783
2784
2785
2786
2787
2788
2789
2790
2791
2792
2793
2794
2795
2796
2797
2798
2799
2800
2801
2802
2803
2804
2805
2806
2807
2808
2809
2810
2811
2812
2813
2814
2815
2816
2817
2818
2819
2820
2821
2822
2823
2824
2825
2826
2827
2828
2829
2830
2831
2832
2833
2834
2835
2836
2837
2838
2839
2840
2841
2842
2843
2844
2845
2846
2847
2848
2849
2850
2851
2852
2853
2854
2855
2856
2857
2858
2859
2860
2861
2862
2863
2864
2865
2866
2867
2868
2869
2870
2871
2872
2873
2874
2875
2876
2877
2878
2879
2880
2881
2882
2883
2884
2885
2886
2887
2888
2889
2890
2891
2892
2893
2894
2895
2896
2897
2898
2899
2900
2901
2902
2903
2904
2905
2906
2907
2908
2909
2910
2911
2912
2913
2914
2915
2916
2917
2918
2919
2920
2921
2922
2923
2924
2925
2926
2927
2928
2929
2930
2931
2932
2933
2934
2935
2936
2937
2938
2939
2940
2941
2942
2943
2944
2945
2946
2947
2948
2949
2950
2951
2952
2953
2954
2955
2956
2957
2958
2959
2960
2961
2962
2963
2964
2965
2966
2967
2968
2969
2970
2971
2972
2973
2974
2975
2976
2977
2978
2979
2980
2981
2982
2983
2984
2985
2986
2987
2988
2989
2990
2991
2992
2993
2994
2995
2996
2997
2998
2999
3000
3001
3002
3003
3004
3005
3006
3007
3008
3009
3010
3011
3012
3013
3014
3015
3016
3017
3018
3019
3020
3021
3022
3023
3024
3025
3026
3027
3028
3029
3030
3031
3032
3033
3034
3035
3036
3037
3038
3039
3040
3041
3042
3043
3044
3045
3046
3047
3048
3049
3050
3051
3052
3053
3054
3055
3056
3057
3058
3059
3060
3061
3062
3063
3064
3065
3066
3067
3068
3069
3070
3071
3072
3073
3074
3075
3076
3077
3078
3079
3080
3081
3082
3083
3084
3085
3086
3087
3088
3089
3090
3091
3092
3093
3094
3095
3096
3097
3098
3099
3100
3101
3102
3103
3104
3105
3106
3107
3108
3109
3110
3111
3112
3113
3114
3115
3116
3117
3118
3119
3120
3121
3122
3123
3124
3125
3126
3127
3128
3129
3130
3131
3132
3133
3134
3135
3136
3137
3138
3139
3140
3141
3142
3143
3144
3145
3146
3147
3148
3149
3150
3151
3152
3153
3154
3155
3156
3157
3158
3159
3160
3161
3162
3163
3164
3165
3166
3167
3168
3169
3170
3171
3172
3173
3174
3175
3176
3177
3178
3179
3180
3181
3182
3183
3184
3185
3186
3187
3188
3189
3190
3191
3192
3193
3194
3195
3196
3197
3198
3199
3200
3201
3202
3203
3204
3205
3206
3207
3208
3209
3210
3211
3212
3213
3214
3215
3216
3217
3218
3219
3220
3221
3222
3223
3224
3225
3226
3227
3228
3229
3230
3231
3232
3233
3234
3235
3236
3237
3238
3239
3240
3241
3242
3243
3244
3245
3246
3247
3248
3249
3250
3251
3252
3253
3254
3255
3256
3257
3258
3259
3260
3261
3262
3263
3264
3265
3266
3267
3268
3269
3270
3271
3272
3273
3274
3275
3276
3277
3278
3279
3280
3281
3282
3283
3284
3285
3286
3287
3288
3289
3290
3291
3292
3293
3294
3295
3296
3297
3298
3299
3300
3301
3302
3303
3304
3305
3306
3307
3308
3309
3310
3311
3312
3313
3314
3315
3316
3317
3318
3319
3320
3321
3322
3323
3324
3325
3326
3327
3328
3329
3330
3331
3332
3333
3334
3335
3336
3337
3338
3339
3340
3341
3342
3343
3344
3345
3346
3347
3348
3349
3350
3351
3352
3353
3354
3355
3356
3357
3358
3359
3360
3361
3362
3363
3364
3365
3366
3367
3368
3369
3370
3371
3372
3373
3374
3375
3376
3377
3378
3379
3380
3381
3382
3383
3384
3385
3386
3387
3388
3389
3390
3391
3392
3393
3394
3395
3396
3397
3398
3399
3400
3401
3402
3403
3404
3405
3406
3407
3408
3409
3410
3411
3412
3413
3415
3416
3417
3418
3419
3420
3421
3422
3423
3424
3425
3426
3427
3428
3429
3430
3431
3432
3433
3434
3435
3436
3437
3438
3439
3440
3441
3442
3443
3444
3445
3446
3447
3448
3449
3450
3451
3452
3453
3454
3455
3456
3457
3458
3459
3460
3461
3462
3463
3464
3465
3466
3467
3468
3469
3470
3471
3472
3473
3474
3475
3476
3477
3478
3479
3480
3481
3482
3483
3484
3485
3486
3487
3488
3489
3490
3491
3492
3493
3494
3495
3496
3497
3498
3499
3500
3501
3502
3503
3504
3505
3506
3507
3508
3509
3510
3511
3512
3513
3514
3515
3516
3517
3518
3519
3520
3521
3522
3523
3524
3525
3526
3527
3528
3529
3530
3531
3532
3533
3534
3535
3536
3537
3538
3539
3540
3541
3542
3543
3544
3545
3546
3547
3548
3549
3550
3551
3552
3553
3554
3555
3556
3557
3558
3559
3560
3561
3562
3563
3564
3565
3566
3567
3568
3569
3570
3571
3572
3573
3574
3575
3576
3577
3578
3579
3580
3581
3582
3583
3584
3585
3586
3587
3588
3589
3590
3591
3592
3593
3594
3595
3596
3597
3598
3599
3600
3601
3602
3603
3604
3605
3606
3607
3608
3609
3610
3611
3612
3613
3614
3615
3616
3617
3618
3619
3620
3621
3622
3623
3624
3625
3626
3627
3628
3629
3630
3631
3632
3633
3634
3635
3636
3637
3638
3639
3640
3641
3642
3643
3644
3645
3646
3647
3648
3649
3650
3651
3652
3653
3654
3655
3656
3657
3658
3659
3660
3661
3662
3663
3664
3665
3666
3667
3668
3669
3670
3671
3672
3673
3674
3675
3676
3677
3678
3679
3680
3681
3682
3683
3684
3685
3686
3687
3688
3689
3690
3691
3692
3693
3694
3695
3696
3697
3698
3699
3700
3701
3702
3703
3704
3705
3706
3707
3708
3709
3710
3711
3712
3713
3714
3715
3716
3717
3718
3719
3720
3721
3722
3723
3724
3725
3726
3727
3728
3729
3730
3731
3732
3733
3734
3735
3736
3737
3738
3739
3740
3741
3742
3743
3744
3745
3746
3747
3748
3749
3750
3751
3752
3753
3754
3755
3756
3757
3758
3759
3760
3761
3762
3763
3764
3765
3766
3767
3768
3769
3770
3771
3772
3773
3774
3775
3776
3777
3778
3779
3780
3781
3782
3783
3784
3785
3786
3787
3788
3789
3790
3791
3792
3793
3794
3795
3796
3797
3798
3799
3800
3801
3802
3803
3804
3805
3806
3807
3808
3809
3810
3811
3812
3813
3814
3815
3816
3817
3818
3819
3820
3821
3822
3823
3824
3825
3826
3827
3828
3829
3830
3831
3832
3833
3834
3835
3836
3837
3838
3839
3840
3841
3842
3843
3844
3845
3846
3847
3848
3849
3850
3851
3852
3853
3854
3855
3856
3857
3858
3859
3860
3861
3862
3863
3864
3865
3866
3867
3868
3869
3870
3871
3872
3873
3874
3875
3876
3877
3878
3879
3880
3881
3882
3883
3884
3885
3886
3887
3888
3889
3890
3891
3892
3893
3894
3895
3896
3897
3898
3899
3900
3901
3902
3903
3904
3905
3906
3907
3908
3909
3910
3911
3912
3913
3914
3915
3916
3917
3918
3919
3920
3921
3922
3923
3924
3925
3926
3927
3928
3929
3930
3931
3932
3933
3934
3935
3936
3937
3938
3939
3940
3941
3942
3943
3944
3945
3946
3947
3948
3949
3950
3951
3952
3953
3954
3955
3956
3957
3958
3959
2.7500000000000000e-02 0.0000000000000000e+00 0.0000000000000000e+00
1.9445436482630061e-02 1.9445436482630061e-02 0.0000000000000000e+00
8.0000000000000002e-03 0.0000000000000000e+00 0.0000000000000000e+00
5.6568542494923810e-03 5.6568542494923810e-03 0.0000000000000000e+00
5.3333333333333340e-03 0.0000000000000000e+00 0.0000000000000000e+00
3.7712361663282540e-03 3.7712361663282540e-03 0.0000000000000000e+00
1.6259920433384659e-02 2.1248558774655752e-03 0.0000000000000000e+00
1.8027687386351032e-02 3.8926228304319451e-03 0.0000000000000000e+00
1.0960155108391489e-02 1.0960155108391489e-02 0.0000000000000000e+00
9.1923881554251182e-03 9.1923881554251182e-03 0.0000000000000000e+00
2.7498929221532700e-02 2.4267605801746219e-04 0.0000000000000000e+00
2.7495716969517459e-02 4.8533321768603430e-04 0.0000000000000000e+00
2.7490363494107758e-02 7.2795258212848780e-04 0.0000000000000000e+00
2.7482869212204400e-02 9.7051525741094198e-04 0.0000000000000000e+00
2.7473234707423081e-02 1.2130023540141239e-03 0.0000000000000000e+00
2.7461460730048910e-02 1.4553949883044850e-03 0.0000000000000000e+00
2.7447548196977981e-02 1.6976742840046600e-03 0.0000000000000000e+00
2.7431498191646000e-02 1.9398213736635530e-03 0.0000000000000000e+00
2.7413311963943889e-02 2.1818174001255368e-03 0.0000000000000000e+00
2.7392990930120448e-02 2.4236435179990391e-03 0.0000000000000000e+00
2.7370536672672072e-02 2.6652808951240820e-03 0.0000000000000000e+00
2.7345950940219511e-02 2.9067107140387989e-03 0.0000000000000000e+00
2.7319235647371699e-02 3.1479141734449280e-03 0.0000000000000000e+00
2.7290392874576679e-02 3.3888724896718580e-03 0.0000000000000000e+00
2.7259424867959521e-02 3.6295668981395010e-03 0.0000000000000000e+00
2.7226334039147499e-02 3.8699786548194838e-03 0.0000000000000000e+00
2.7191122965082189e-02 4.1100890376949356e-03 0.0000000000000000e+00
2.7153794387818869e-02 4.3498793482183561e-03 0.0000000000000000e+00
2.7114351214312930e-02 4.5893309127678561e-03 0.0000000000000000e+00
2.7072796516193539e-02 4.8284250841013170e-03 0.0000000000000000e+00
2.7029133529524400e-02 5.0671432428085099e-03 0.0000000000000000e+00
2.6983365654551748e-02 5.3054667987611614e-03 0.0000000000000000e+00
2.6935496455439609e-02 5.5433771925605573e-03 0.0000000000000000e+00
2.6885529659992149e-02 5.7808558969829546e-03 0.0000000000000000e+00
2.6833469159363469e-02 6.0178844184222823e-03 0.0000000000000000e+00
2.6779319007754512e-02 6.2544442983304260e-03 0.0000000000000000e+00
2.6723083422097380e-02 6.4905171146545891e-03 0.0000000000000000e+00
2.6664766781726929e-02 6.7260844832719878e-03 0.0000000000000000e+00
2.6604373628039711e-02 6.9611280594214769e-03 0.0000000000000000e+00
2.6541908664140371e-02 7.1956295391321081e-03 0.0000000000000000e+00
2.6477376754475299e-02 7.4295706606486303e-03 0.0000000000000000e+00
2.6410782924453931e-02 7.6629332058535263e-03 0.0000000000000000e+00
2.6342132360057290e-02 7.8956990016858294e-03 0.0000000000000000e+00
2.6271430407434179e-02 8.1278499215563030e-03 0.0000000000000000e+00
2.6198682572484859e-02 8.3593678867590268e-03 0.0000000000000000e+00
2.6123894520432251e-02 8.5902348678793330e-03 0.0000000000000000e+00
2.6047072075380769e-02 8.8204328861977693e-03 0.0000000000000000e+00
2.5968221219862780e-02 9.0499440150902700e-03 0.0000000000000000e+00
2.5887348094372709e-02 9.2787503814240942e-03 0.0000000000000000e+00
2.5804458996888820e-02 9.5068341669497826e-03 0.0000000000000000e+00
2.5719560382382801e-02 9.7341776096887093e-03 0.0000000000000000e+00
2.5632658862317099e-02 9.9607630053162571e-03 0.0000000000000000e+00
2.5543761204129972e-02 1.0186572708540620e-02 0.0000000000000000e+00
2.5452874330708589e-02 1.0411589134476830e-02 0.0000000000000000e+00
2.5360005319849801e-02 1.0635794760016290e-02 0.0000000000000000e+00
2.5265161403709050e-02 1.0859172125191250e-02 0.0000000000000000e+00
2.5168349968237101e-02 1.1081703834534631e-02 0.0000000000000000e+00
2.5069578552604908e-02 1.1303372558434589e-02 0.0000000000000000e+00
2.4968854848616460e-02 1.1524161034484131e-02 0.0000000000000000e+00
2.4866186700109840e-02 1.1744052068825330e-02 0.0000000000000000e+00
2.4761582102346320e-02 1.1963028537488429e-02 0.0000000000000000e+00
2.4655049201387790e-02 1.2181073387725210e-02 0.0000000000000000e+00
2.4546596293462342e-02 1.2398169639337131e-02 0.0000000000000000e+00
2.4436231824318241e-02 1.2614300385997481e-02 0.0000000000000000e+00
2.4323964388566190e-02 1.2829448796568150e-02 0.0000000000000000e+00
2.4209802729010011e-02 1.3043598116410180e-02 0.0000000000000000e+00
2.4093755735965859e-02 1.3256731668688650e-02 0.0000000000000000e+00
2.3975832446569811e-02 1.3468832855671280e-02 0.0000000000000000e+00
2.3856042044074179e-02 1.3679885160021081e-02 0.0000000000000000e+00
2.3734393857132319e-02 1.3889872146082550e-02 0.0000000000000000e+00
2.3610897359072149e-02 1.4098777461161661e-02 0.0000000000000000e+00
2.3485562167158480e-02 1.4306584836799261e-02 0.0000000000000000e+00
2.3358398041843999e-02 1.4513278090038041e-02 0.0000000000000000e+00
2.3229414886009259e-02 1.4718841124682729e-02 0.0000000000000000e+00
2.3098622744191381e-02 1.4923257932553620e-02 0.0000000000000000e+00
2.2966031801801980e-02 1.5126512594733131e-02 0.0000000000000000e+00
2.2831652384333830e-02 1.5328589282805630e-02 0.0000000000000000e+00
2.2695494956556879e-02 1.5529472260089890e-02 0.0000000000000000e+00
2.2557570121703261e-02 1.5729145882864729e-02 0.0000000000000000e+00
2.2417888620641580e-02 1.5927594601587169e-02 0.0000000000000000e+00
2.2276461331040460e-02 1.6124802962103429e-02 0.0000000000000000e+00
2.2133299266521460e-02 1.6320755606852300e-02 0.0000000000000000e+00
2.1988413575801370e-02 1.6515437276061268e-02 0.0000000000000000e+00
2.1841815541824051e-02 1.6708832808934721e-02 0.0000000000000000e+00
2.1693516580881710e-02 1.6900927144834699e-02 0.0000000000000000e+00
2.1543528241725941e-02 1.7091705324453640e-02 0.0000000000000000e+00
2.1391862204668280e-02 1.7281152490979439e-02 0.0000000000000000e+00
2.1238530280670690e-02 1.7469253891252319e-02 0.0000000000000000e+00
2.1083544410425700e-02 1.7655994876913821e-02 0.0000000000000000e+00
2.0926916663426609e-02 1.7841360905547471e-02 0.0000000000000000e+00
2.0768659237027500e-02 1.8025337541811320e-02 0.0000000000000000e+00
2.0608784455493440e-02 1.8207910458562019e-02 0.0000000000000000e+00
2.0447304769040671e-02 1.8389065437970649e-02 0.0000000000000000e+00
2.0284232752867101e-02 1.8568788372629850e-02 0.0000000000000000e+00
2.0119581106172992e-02 1.8747065266652450e-02 0.0000000000000000e+00
1.9953362651172011e-02 1.8923882236761402e-02 0.0000000000000000e+00
1.9785590332092699e-02 1.9099225513370961e-02 0.0000000000000000e+00
1.9616277214170450e-02 1.9273081441658919e-02 0.0000000000000000e+00
7.9970662897862720e-03 2.1663507740907599e-04 0.0000000000000000e+00
7.9882673108089917e-03 4.3311126868333759e-04 0.0000000000000000e+00
7.9736095164817822e-03 6.4926980421944858e-04 0.0000000000000000e+00
7.9531036572348772e-03 8.6495214739153354e-04 0.0000000000000000e+00
7.9267647726304537e-03 1.0800001108263180e-03 0.0000000000000000e+00
7.8946121803322097e-03 1.2942559724221159e-03 0.0000000000000000e+00
7.8566694619372490e-03 1.5075625910265450e-03 0.0000000000000000e+00
7.8129644456806941e-03 1.7197635216881890e-03 0.0000000000000000e+00
7.7635291860256922e-03 1.9307031303976421e-03 0.0000000000000000e+00
7.7083999401537841e-03 2.1402267082337649e-03 0.0000000000000000e+00
7.6476171413728941e-03 2.3481805848314741e-03 0.0000000000000000e+00
7.5812253694624203e-03 2.5544122410878370e-03 0.0000000000000000e+00
7.5092733179772048e-03 2.7587704210237608e-03 0.0000000000000000e+00
7.4318137585343324e-03 2.9611052427193129e-03 0.0000000000000000e+00
7.3489035021089746e-03 3.1612683082412399e-03 0.0000000000000000e+00
7.2606033573676581e-03 3.3591128124821142e-03 0.0000000000000000e+00
7.1669780860695049e-03 3.5544936508312272e-03 0.0000000000000000e+00
7.0680963555681854e-03 3.7472675255983199e-03 0.0000000000000000e+00
6.9640306884493769e-03 3.9372930511120587e-03 0.0000000000000000e+00
6.8548574093407130e-03 4.1244308574161746e-03 0.0000000000000000e+00
6.7406565889331924e-03 4.3085436924872357e-03 0.0000000000000000e+00
6.6215119852551232e-03 4.4894965228990608e-03 0.0000000000000000e+00
6.4975109822416870e-03 4.6671566328599541e-03 0.0000000000000000e+00
6.3687445256451489e-03 4.8413937215501220e-03 0.0000000000000000e+00
6.2353070563327317e-03 5.0120799986878954e-03 0.0000000000000000e+00
6.0972964410210898e-03 5.1790902782546232e-03 0.0000000000000000e+00
5.9548139004981593e-03 5.3423020703095682e-03 0.0000000000000000e+00
5.8079639353850430e-03 5.5015956708273899e-03 0.0000000000000000e+00
5.2308548288172302e-03 1.0404817174193490e-03 0.0000000000000000e+00
4.9273575067268639e-03 2.0409783059471449e-03 0.0000000000000000e+00
4.4345045989469074e-03 2.9630412427712142e-03 0.0000000000000000e+00
6.0000000000000010e-03 0.0000000000000000e+00 0.0000000000000000e+00
6.6666666666666680e-03 0.0000000000000000e+00 0.0000000000000000e+00
7.3333333333333349e-03 0.0000000000000000e+00 0.0000000000000000e+00
5.1854497287013492e-03 5.1854497287013492e-03 0.0000000000000000e+00
4.7140452079103166e-03 4.7140452079103166e-03 0.0000000000000000e+00
4.2426406871192849e-03 4.2426406871192849e-03 0.0000000000000000e+00
1.7674133995757759e-02 3.5390694398386708e-03 0.0000000000000000e+00
1.7320580605164480e-02 3.1855160492453970e-03 0.0000000000000000e+00
1.6967027214571211e-02 2.8319626586521228e-03 0.0000000000000000e+00
1.6613473823977931e-02 2.4784092680588490e-03 0.0000000000000000e+00
1.5906543819486689e-02 2.4782324913635522e-03 0.0000000000000000e+00
1.5553167205588711e-02 2.8316091052615292e-03 0.0000000000000000e+00
1.5199790591690731e-02 3.1849857191595071e-03 0.0000000000000000e+00
1.4846413977792751e-02 3.5383623330574828e-03 0.0000000000000000e+00
1.4493037363894779e-02 3.8917389469554598e-03 0.0000000000000000e+00
1.4139660749996801e-02 4.2451155608534356e-03 0.0000000000000000e+00
1.3786284136098829e-02 4.5984921747514122e-03 0.0000000000000000e+00
1.3432907522200849e-02 4.9518687886493879e-03 0.0000000000000000e+00
1.3079530908302869e-02 5.3052454025473636e-03 0.0000000000000000e+00
1.2726154294404900e-02 5.6586220164453402e-03 0.0000000000000000e+00
1.2372777680506920e-02 6.0119986303433168e-03 0.0000000000000000e+00
1.2019401066608940e-02 6.3653752442412916e-03 0.0000000000000000e+00
1.1666024452710970e-02 6.7187518581392691e-03 0.0000000000000000e+00
1.1312647838812990e-02 7.0721284720372448e-03 0.0000000000000000e+00
1.0959271224915020e-02 7.4255050859352214e-03 0.0000000000000000e+00
1.0605894611017040e-02 7.7788816998331971e-03 0.0000000000000000e+00
1.0252517997119060e-02 8.1322583137311780e-03 0.0000000000000000e+00
9.8991413832210783e-03 8.4856349276291581e-03 0.0000000000000000e+00
9.5457647693231000e-03 8.8390115415271364e-03 0.0000000000000000e+00
1.1313531722289461e-02 1.0606778494493509e-02 0.0000000000000000e+00
1.1666908336187439e-02 1.0253401880595529e-02 0.0000000000000000e+00
1.2020284950085419e-02 9.9000252666975562e-03 0.0000000000000000e+00
1.2373661563983399e-02 9.5466486527995796e-03 0.0000000000000000e+00
1.2727038177881371e-02 9.1932720389016030e-03 0.0000000000000000e+00
1.3080414791779351e-02 8.8398954250036264e-03 0.0000000000000000e+00
1.3433791405677331e-02 8.4865188111056516e-03 0.0000000000000000e+00
1.3787168019575300e-02 8.1331421972076750e-03 0.0000000000000000e+00
1.4140544633473280e-02 7.7797655833096984e-03 0.0000000000000000e+00
1.4493921247371250e-02 7.4263889694117218e-03 0.0000000000000000e+00
1.4847297861269230e-02 7.0730123555137461e-03 0.0000000000000000e+00
1.5200674475167210e-02 6.7196357416157704e-03 0.0000000000000000e+00
1.5554051089065180e-02 6.3662591277177938e-03 0.0000000000000000e+00
1.5907427702963162e-02 6.0128825138198181e-03 0.0000000000000000e+00
1.6260804316861131e-02 5.6595058999218406e-03 0.0000000000000000e+00
1.6614180930759111e-02 5.3061292860238658e-03 0.0000000000000000e+00
1.6967557544657091e-02 4.9527526721258848e-03 0.0000000000000000e+00
1.7320934158555071e-02 4.5993760582279048e-03 0.0000000000000000e+00
1.7674310772453052e-02 4.2459994443299256e-03 0.0000000000000000e+00
1.0606601717798210e-02 1.0606601717798210e-02 0.0000000000000000e+00
1.0253048327204939e-02 1.0253048327204939e-02 0.0000000000000000e+00
9.8994949366116667e-03 9.8994949366116667e-03 0.0000000000000000e+00
9.5459415460183925e-03 9.5459415460183925e-03 0.0000000000000000e+00
2.7215704006285889e-02 0.0000000000000000e+00 0.0000000000000000e+00
2.6817363862166949e-02 0.0000000000000000e+00 0.0000000000000000e+00
2.6326541888515510e-02 0.0000000000000000e+00 0.0000000000000000e+00
2.5831229945582661e-02 0.0000000000000000e+00 0.0000000000000000e+00
2.5335918002649810e-02 0.0000000000000000e+00 0.0000000000000000e+00
2.4840606059716951e-02 0.0000000000000000e+00 0.0000000000000000e+00
2.4345294116784100e-02 0.0000000000000000e+00 0.0000000000000000e+00
2.3849982173851252e-02 0.0000000000000000e+00 0.0000000000000000e+00
2.3354670230918400e-02 0.0000000000000000e+00 0.0000000000000000e+00
2.2859358287985548e-02 0.0000000000000000e+00 0.0000000000000000e+00
2.2364046345052700e-02 0.0000000000000000e+00 0.0000000000000000e+00
2.1868734402119849e-02 0.0000000000000000e+00 0.0000000000000000e+00
2.1373422459187000e-02 0.0000000000000000e+00 0.0000000000000000e+00
2.0878110516254149e-02 0.0000000000000000e+00 0.0000000000000000e+00
2.0382798573321290e-02 0.0000000000000000e+00 0.0000000000000000e+00
1.9887486630388449e-02 0.0000000000000000e+00 0.0000000000000000e+00
1.9392174687455591e-02 0.0000000000000000e+00 0.0000000000000000e+00
1.8896862744522739e-02 0.0000000000000000e+00 0.0000000000000000e+00
1.8401550801589880e-02 0.0000000000000000e+00 0.0000000000000000e+00
1.7906238858657029e-02 0.0000000000000000e+00 0.0000000000000000e+00
1.7410926915724181e-02 0.0000000000000000e+00 0.0000000000000000e+00
1.6915614972791319e-02 0.0000000000000000e+00 0.0000000000000000e+00
1.6420303029858471e-02 0.0000000000000000e+00 0.0000000000000000e+00
1.5924991086925609e-02 0.0000000000000000e+00 0.0000000000000000e+00
1.5429679143992760e-02 0.0000000000000000e+00 0.0000000000000000e+00
1.4934367201059911e-02 0.0000000000000000e+00 0.0000000000000000e+00
1.4439055258127050e-02 0.0000000000000000e+00 0.0000000000000000e+00
1.3943743315194200e-02 0.0000000000000000e+00 0.0000000000000000e+00
1.3448431372261350e-02 0.0000000000000000e+00 0.0000000000000000e+00
1.2953119429328490e-02 0.0000000000000000e+00 0.0000000000000000e+00
1.2457807486395640e-02 0.0000000000000000e+00 0.0000000000000000e+00
1.1962495543462780e-02 0.0000000000000000e+00 0.0000000000000000e+00
1.1467183600529941e-02 0.0000000000000000e+00 0.0000000000000000e+00
1.0971871657597091e-02 0.0000000000000000e+00 0.0000000000000000e+00
1.0476559714664241e-02 0.0000000000000000e+00 0.0000000000000000e+00
9.9812477717313927e-03 0.0000000000000000e+00 0.0000000000000000e+00
9.4859358287985446e-03 0.0000000000000000e+00 0.0000000000000000e+00
8.9906238858656930e-03 0.0000000000000000e+00 0.0000000000000000e+00
8.4953119429328483e-03 0.0000000000000000e+00 0.0000000000000000e+00
8.8388347648318457e-03 8.8388347648318457e-03 0.0000000000000000e+00
8.4852813742385732e-03 8.4852813742385732e-03 0.0000000000000000e+00
8.1317279836452972e-03 8.1317279836452972e-03 0.0000000000000000e+00
7.7781745930520230e-03 7.7781745930520230e-03 0.0000000000000000e+00
7.4246212024587522e-03 7.4246212024587522e-03 0.0000000000000000e+00
7.0710678118654779e-03 7.0710678118654779e-03 0.0000000000000000e+00
6.7175144212722037e-03 6.7175144212722037e-03 0.0000000000000000e+00
6.3639610306789286e-03 6.3639610306789286e-03 0.0000000000000000e+00
6.0104076400856552e-03 6.0104076400856552e-03 0.0000000000000000e+00
1.9246188683148660e-02 1.9246188683148660e-02 0.0000000000000000e+00
1.8967099045123802e-02 1.8967099045123802e-02 0.0000000000000000e+00
1.8621175994831221e-02 1.8621175994831221e-02 0.0000000000000000e+00
1.8272947772720319e-02 1.8272947772720319e-02 0.0000000000000000e+00
1.7924719550609421e-02 1.7924719550609421e-02 0.0000000000000000e+00
1.7576491328498530e-02 1.7576491328498530e-02 0.0000000000000000e+00
1.7228263106387628e-02 1.7228263106387628e-02 0.0000000000000000e+00
1.6880034884276730e-02 1.6880034884276730e-02 0.0000000000000000e+00
1.6531806662165839e-02 1.6531806662165839e-02 0.0000000000000000e+00
1.6183578440054941e-02 1.6183578440054941e-02 0.0000000000000000e+00
1.5835350217944039e-02 1.5835350217944039e-02 0.0000000000000000e+00
1.5487121995833150e-02 1.5487121995833150e-02 0.0000000000000000e+00
1.5138893773722250e-02 1.5138893773722250e-02 0.0000000000000000e+00
1.4790665551611350e-02 1.4790665551611350e-02 0.0000000000000000e+00
1.4442437329500461e-02 1.4442437329500461e-02 0.0000000000000000e+00
1.4094209107389561e-02 1.4094209107389561e-02 0.0000000000000000e+00
1.3745980885278661e-02 1.3745980885278661e-02 0.0000000000000000e+00
1.3397752663167770e-02 1.3397752663167770e-02 0.0000000000000000e+00
1.3049524441056870e-02 1.3049524441056870e-02 0.0000000000000000e+00
1.2701296218945970e-02 1.2701296218945970e-02 0.0000000000000000e+00
1.2353067996835080e-02 1.2353067996835080e-02 0.0000000000000000e+00
1.2004839774724180e-02 1.2004839774724180e-02 0.0000000000000000e+00
1.1656611552613281e-02 1.1656611552613281e-02 0.0000000000000000e+00
1.1308383330502389e-02 1.1308383330502389e-02 0.0000000000000000e+00
1.8887532838279871e-02 1.0889559539819351e-02 0.0000000000000000e+00
2.1616258313860801e-02 6.9948232818267094e-03 0.0000000000000000e+00
2.3553517020313192e-02 3.6782819111326409e-03 0.0000000000000000e+00
1.9386456923679778e-02 1.4322321722896870e-02 0.0000000000000000e+00
1.0598852453553060e-02 2.9983324519755731e-03 0.0000000000000000e+00
2.2034379857501819e-02 1.0287954623702409e-02 0.0000000000000000e+00
9.2302859053749950e-03 5.3646685040590779e-03 0.0000000000000000e+00
2.4138254479639978e-02 6.1973208548880441e-03 0.0000000000000000e+00
2.1375548084229389e-02 1.2892268203554611e-02 0.0000000000000000e+00
2.3625374932897621e-02 8.5811752297053710e-03 0.0000000000000000e+00
1.5691394102530599e-02 1.0831703311265071e-02 0.0000000000000000e+00
2.5244502052351781e-02 2.3458562370769929e-03 0.0000000000000000e+00
1.8512878385561000e-02 7.7948949798047982e-03 0.0000000000000000e+00
1.9437068903034170e-02 1.6423636698637861e-02 0.0000000000000000e+00
2.0759927279434959e-02 2.8490465203543629e-03 0.0000000000000000e+00
2.5206446708313471e-02 4.6463878437220298e-03 0.0000000000000000e+00
9.5561122335614916e-03 1.6879885151500529e-03 0.0000000000000000e+00
8.9527235247282341e-03 3.7083395041190908e-03 0.0000000000000000e+00
2.1051188586634500e-02 1.4793751343527320e-02 0.0000000000000000e+00
2.2780680984781851e-02 1.1947660216634390e-02 0.0000000000000000e+00
1.6931951673123731e-02 1.3222296744029039e-02 0.0000000000000000e+00
2.3662033163796770e-02 1.0429991916547570e-02 0.0000000000000000e+00
2.0048219325689429e-02 5.1969766787568709e-03 0.0000000000000000e+00
7.6997154916368434e-03 5.4672505013097792e-03 0.0000000000000000e+00
2.4853443408212609e-02 7.5726082961562790e-03 0.0000000000000000e+00
1.6444772588786041e-02 8.7744954067632327e-03 0.0000000000000000e+00
1.2802235264500830e-02 2.3601366899946240e-03 0.0000000000000000e+00
2.0561547856936459e-02 8.8064306819771454e-03 0.0000000000000000e+00
2.5454211878815629e-02 6.0635211403598979e-03 0.0000000000000000e+00
2.2054078358866271e-02 5.0149875338697577e-03 0.0000000000000000e+00
1.8957118818730079e-02 2.0592646871835478e-03 0.0000000000000000e+00
2.2110254163007929e-02 1.4013945294026690e-02 0.0000000000000000e+00
2.2507758843076112e-02 1.9774441990747268e-03 0.0000000000000000e+00
2.5998060258841320e-02 3.6047662275748532e-03 0.0000000000000000e+00
2.6195463471096841e-02 1.2724181785378321e-03 0.0000000000000000e+00
1.3736178576634990e-02 1.0849435996418810e-02 0.0000000000000000e+00
2.0775265700252749e-02 1.6038735875339789e-02 0.0000000000000000e+00
1.9475348359418911e-02 1.7674741335883461e-02 0.0000000000000000e+00
8.8023567976274805e-03 2.6012538058938048e-03 0.0000000000000000e+00
1.7579504592223971e-02 1.4985769823227321e-02 0.0000000000000000e+00
2.4629021979651840e-02 9.3845485307807296e-03 0.0000000000000000e+00
1.8470620301846419e-02 5.9763701455678338e-03 0.0000000000000000e+00
1.5173970371348209e-02 1.2711589544335170e-02 0.0000000000000000e+00
1.1013083296921300e-02 4.8716419305195628e-03 0.0000000000000000e+00
1.9666873028203070e-02 1.2466865042451789e-02 0.0000000000000000e+00
1.7370071483465210e-02 1.0323687760030450e-02 0.0000000000000000e+00
7.9667424122330400e-03 4.2782813490659056e-03 0.0000000000000000e+00
2.0544330571854921e-02 1.1300227832646869e-02 0.0000000000000000e+00
2.2945688538834410e-02 1.2959250322836320e-02 0.0000000000000000e+00
1.4895461028166260e-02 9.4246539845539278e-03 0.0000000000000000e+00
1.9876387481902930e-02 6.8127603073558840e-03 0.0000000000000000e+00
1.4404658874118780e-02 1.6964121397248181e-03 0.0000000000000000e+00
2.3884677096701470e-02 1.1518039007967299e-02 0.0000000000000000e+00
1.7029011333979351e-02 7.2277325128255196e-03 0.0000000000000000e+00
1.2217297589290591e-02 3.8337461741300830e-03 0.0000000000000000e+00
2.6319996594605391e-02 2.4062926708841199e-03 0.0000000000000000e+00
1.1340559630454661e-02 1.6282744824910090e-03 0.0000000000000000e+00
2.2086510773029481e-02 8.5113004315228637e-03 0.0000000000000000e+00
1.8938122872863582e-02 9.3938837199192653e-03 0.0000000000000000e+00
9.2163758096990012e-03 6.9991368642050274e-03 0.0000000000000000e+00
1.7674424931689799e-02 1.1918442790407109e-02 0.0000000000000000e+00
2.3970185807641129e-02 1.4863104332436580e-03 0.0000000000000000e+00
2.5969129882711880e-02 5.2115859201615714e-03 0.0000000000000000e+00
1.9516267551292630e-02 3.7216177638362291e-03 0.0000000000000000e+00
8.8364568400244366e-03 9.8548536304847532e-04 0.0000000000000000e+00
2.1062151140456849e-02 1.4897879102810580e-03 0.0000000000000000e+00
2.0445925877898261e-02 1.6937231097491071e-02 0.0000000000000000e+00
2.2088219909656780e-02 3.5448090391211389e-03 0.0000000000000000e+00
2.5101593890184092e-02 8.6239049176269501e-03 0.0000000000000000e+00
2.3110977433443501e-02 7.2859758392202706e-03 0.0000000000000000e+00
1.7622910608093619e-02 1.4357067912494270e-03 0.0000000000000000e+00
2.2023438104512159e-02 1.4867025846375040e-02 0.0000000000000000e+00
1.8382790445367909e-02 1.3348601751362311e-02 0.0000000000000000e+00
2.5670106622145850e-02 7.1432570737437204e-03 0.0000000000000000e+00
6.8091984483425513e-03 5.5473999526401661e-03 0.0000000000000000e+00
8.1746461473739662e-03 3.3999714643785659e-03 0.0000000000000000e+00
2.3356480072046441e-02 4.9815141201594339e-03 0.0000000000000000e+00
1.6277339709485378e-02 1.4471981964654551e-02 0.0000000000000000e+00
1.8101838151196210e-02 1.6236301632673089e-02 0.0000000000000000e+00
1.0361034719872710e-02 6.1120017977932158e-03 0.0000000000000000e+00
2.3583020516068171e-02 1.2297856686666650e-02 0.0000000000000000e+00
2.0907873083776680e-02 4.2340272712280396e-03 0.0000000000000000e+00
1.7721708397969618e-02 8.8838614838444574e-03 0.0000000000000000e+00
1.6365770679420358e-02 1.2033321081726049e-02 0.0000000000000000e+00
1.4028319452466159e-02 1.2214036693332120e-02 0.0000000000000000e+00
2.0050473460735390e-02 1.0046922283648349e-02 0.0000000000000000e+00
2.4609197844450661e-02 1.0309761189215800e-02 0.0000000000000000e+00
2.6270308869107091e-02 4.3883769148283886e-03 0.0000000000000000e+00
2.0419636278700061e-02 1.3747351792537820e-02 0.0000000000000000e+00
2.1575050432444971e-02 1.5690420991722558e-02 0.0000000000000000e+00
2.1051799101992050e-02 5.8801168442267496e-03 0.0000000000000000e+00
1.8865119578481370e-02 4.8259558348594184e-03 0.0000000000000000e+00
1.9923748075722350e-02 1.2413212041755049e-03 0.0000000000000000e+00
2.2750546344514719e-02 6.0533099888693473e-03 0.0000000000000000e+00
2.4737335179142391e-02 3.4015448286164630e-03 0.0000000000000000e+00
7.3052444365586250e-03 4.7946791352057091e-03 0.0000000000000000e+00
1.5388094972110380e-02 8.3331351589196398e-03 0.0000000000000000e+00
1.5482111562983861e-02 1.2041404865577340e-03 0.0000000000000000e+00
1.3255357875752820e-02 1.2095376376415230e-03 0.0000000000000000e+00
1.3849520200444099e-02 2.7027354483679360e-03 0.0000000000000000e+00
8.5598950810330098e-03 1.7816153807732711e-03 0.0000000000000000e+00
1.0058779699664429e-02 4.1296780008368474e-03 0.0000000000000000e+00
2.1653982628145451e-02 1.1805373897761189e-02 0.0000000000000000e+00
1.6197592901961391e-02 9.7889362439232391e-03 0.0000000000000000e+00
1.3733597578614420e-02 9.8372884274572185e-03 0.0000000000000000e+00
2.2875936135661610e-02 9.4736981121447007e-03 0.0000000000000000e+00
2.5049855439156849e-02 1.1347214814398899e-03 0.0000000000000000e+00
8.1291438037785595e-03 6.5091225209626957e-03 0.0000000000000000e+00
1.1828078908678270e-02 2.6864991965762182e-03 0.0000000000000000e+00
1.2554626978907560e-02 1.0961558594629600e-02 0.0000000000000000e+00
2.0749410337883179e-02 7.6863521417448984e-03 0.0000000000000000e+00
1.9866876359400740e-02 1.5383156588088771e-02 0.0000000000000000e+00
2.5531575354929920e-02 7.9971016059881429e-03 0.0000000000000000e+00
2.3054791983687820e-02 1.3797669893649890e-02 0.0000000000000000e+00
2.3483724654014330e-02 2.5406507120647281e-03 0.0000000000000000e+00
1.9576852020734541e-02 8.0536983205352734e-03 0.0000000000000000e+00
2.6652985526229349e-02 3.2049504615883780e-03 0.0000000000000000e+00
1.7208086669947761e-02 6.0640493528204692e-03 0.0000000000000000e+00
2.6814187861513971e-02 1.7350826618382370e-03 0.0000000000000000e+00
2.6798377359165789e-02 8.0624614123033563e-04 0.0000000000000000e+00
1.8720661235308789e-02 1.5150616366509280e-02 0.0000000000000000e+00
1.5335567798923561e-02 1.3795739409538450e-02 0.0000000000000000e+00
1.6587914678286020e-02 1.0811319272815579e-03 0.0000000000000000e+00
2.1066304308457840e-02 9.6645272741303408e-03 0.0000000000000000e+00
1.8821224149862328e-02 3.0655582106467760e-03 0.0000000000000000e+00
1.8746700444477869e-02 1.2022794442358511e-02 0.0000000000000000e+00
1.0419857662494200e-02 1.0734537754560191e-03 0.0000000000000000e+00
1.4660171132607199e-02 1.0524546123664101e-02 0.0000000000000000e+00
1.9529095081104640e-02 1.8358509423322011e-02 0.0000000000000000e+00
2.0144911342440560e-02 1.7669499916971181e-02 0.0000000000000000e+00
1.5988164097828071e-02 7.3969991065504642e-03 0.0000000000000000e+00
1.3268991138909079e-02 3.6204315168547872e-03 0.0000000000000000e+00
1.2219006515853330e-02 1.0335852012237771e-03 0.0000000000000000e+00
2.2979130632873230e-02 1.0510288966751201e-03 0.0000000000000000e+00
1.2065479436186570e-02 4.8429501319172501e-03 0.0000000000000000e+00
2.6094528187000459e-02 6.5176706143383386e-03 0.0000000000000000e+00
1.9732514306978331e-02 2.7192019348751058e-03 0.0000000000000000e+00
1.8588655136916519e-02 1.0243016166011070e-03 0.0000000000000000e+00
1.8529949320660481e-02 1.7151462571353211e-02 0.0000000000000000e+00
1.8356582715560298e-02 1.0179904103404689e-02 0.0000000000000000e+00
2.2660268080797921e-02 1.4467174992054089e-02 0.0000000000000000e+00
1.7945925583206550e-02 6.8963846477977236e-03 0.0000000000000000e+00
2.0571009948092790e-02 1.2173662804622690e-02 0.0000000000000000e+00
1.4936007713707480e-02 1.1737861190552199e-02 0.0000000000000000e+00
2.2836465869705499e-02 1.0898408221856930e-02 0.0000000000000000e+00
1.7973724829339229e-02 2.4773090980996552e-03 0.0000000000000000e+00
1.0472872806480170e-02 2.0035251287517609e-03 0.0000000000000000e+00
2.1719909637509398e-02 2.6099062377265710e-03 0.0000000000000000e+00
1.9446736549355210e-02 6.0268237283125827e-03 0.0000000000000000e+00
2.2014033048344421e-02 9.9174724665709001e-04 0.0000000000000000e+00
9.5895059308955134e-03 3.0155911781809190e-03 0.0000000000000000e+00
2.4380964551200760e-02 5.2512263579455806e-03 0.0000000000000000e+00
1.9684464695143639e-02 1.1611396304314779e-02 0.0000000000000000e+00
1.7656096093264861e-02 1.3869231083932289e-02 0.0000000000000000e+00
2.2727004669158932e-02 4.3385899635351340e-03 0.0000000000000000e+00
1.6610563242739951e-02 1.1078377861239110e-02 0.0000000000000000e+00
2.1113128075460771e-02 1.6598979090515650e-02 0.0000000000000000e+00
1.1232261631407470e-02 3.9449900322882760e-03 0.0000000000000000e+00
1.3110477947121600e-02 1.1728709475743721e-02 0.0000000000000000e+00
2.4544695964622450e-02 1.1145792260768460e-02 0.0000000000000000e+00
1.6637865420803980e-02 1.5275735851512890e-02 0.0000000000000000e+00
1.8972368662935179e-02 6.8449130961376614e-03 0.0000000000000000e+00
8.1804852823127924e-03 2.6335283478747759e-03 0.0000000000000000e+00
2.5238745942412492e-02 9.3855619955812951e-03 0.0000000000000000e+00
2.4271419637749921e-02 4.2894740077285380e-03 0.0000000000000000e+00
1.1302194725563840e-02 5.8375765258430910e-03 0.0000000000000000e+00
8.5847868844331418e-03 5.8905383355466884e-04 0.0000000000000000e+00
2.3916663372802151e-02 7.7038843837401866e-03 0.0000000000000000e+00
2.0382519529191651e-02 2.0420386826987581e-03 0.0000000000000000e+00
1.7624647845646310e-02 7.8591122164610918e-03 0.0000000000000000e+00
1.4251723053698239e-02 1.3079440448925160e-02 0.0000000000000000e+00
2.6327058759185319e-02 5.7976026282122442e-03 0.0000000000000000e+00
9.0991743440108665e-03 7.9092763594121596e-03 0.0000000000000000e+00
1.6037277137010770e-02 1.3110036234371609e-02 0.0000000000000000e+00
1.0148844062605760e-02 7.0175357369336678e-03 0.0000000000000000e+00
1.7996910414884000e-02 5.1166576572717996e-03 0.0000000000000000e+00
2.2878602976901061e-02 8.1032251980532252e-03 0.0000000000000000e+00
1.9267891535979791e-02 1.3457508658809941e-02 0.0000000000000000e+00
1.7009190228936620e-02 9.4562074728771969e-03 0.0000000000000000e+00
7.6128048565392049e-03 3.9049239379191679e-03 0.0000000000000000e+00
1.8039586547858109e-02 1.1000577798846240e-02 0.0000000000000000e+00
1.7215076167290500e-02 1.5805032917666599e-02 0.0000000000000000e+00
2.1270851029430101e-02 1.3926428608039930e-02 0.0000000000000000e+00
9.9842085601291007e-03 5.0527044839361671e-03 0.0000000000000000e+00
2.4393660207469730e-02 2.6050890217027799e-03 0.0000000000000000e+00
2.2581917504639809e-02 2.8702277352930421e-03 0.0000000000000000e+00
2.3532770728159132e-02 1.3083669037149829e-02 0.0000000000000000e+00
1.8408972038283719e-02 1.4368218543530421e-02 0.0000000000000000e+00
2.2161915347397150e-02 1.2531927713165469e-02 0.0000000000000000e+00
8.8333043663123088e-03 4.5882691279982516e-03 0.0000000000000000e+00
1.7682929153893259e-02 1.2732055784765710e-02 0.0000000000000000e+00
1.2969839075413310e-02 1.0125529208973111e-02 0.0000000000000000e+00
1.4686711229593480e-02 8.3930510770394585e-04 0.0000000000000000e+00
1.4508721293897501e-02 8.5911107574352837e-03 0.0000000000000000e+00
2.1241597253163189e-02 1.0596513806388380e-02 0.0000000000000000e+00
2.0832704726307771e-02 6.6953302294586936e-03 0.0000000000000000e+00
2.0195189119292679e-02 1.4558623183024300e-02 0.0000000000000000e+00
2.1939596013245091e-02 9.4181444759820904e-03 0.0000000000000000e+00
1.5182347746076271e-02 2.0226222786695388e-03 0.0000000000000000e+00
2.4211638311223971e-02 1.1853262496498330e-02 0.0000000000000000e+00
2.4841760257763860e-02 6.6869084335802889e-03 0.0000000000000000e+00
2.1831116239774039e-02 6.2450861910344456e-03 0.0000000000000000e+00
1.5744506765457130e-02 9.2735070258585309e-03 0.0000000000000000e+00
2.1252978387601321e-02 4.9743057902919916e-03 0.0000000000000000e+00
2.2124437535074051e-02 7.7018036118483603e-03 0.0000000000000000e+00
2.4998477580188559e-02 1.0082484862869940e-02 0.0000000000000000e+00
1.9235109093838770e-02 1.0172632683508169e-02 0.0000000000000000e+00
2.1164700223800761e-02 8.3661763103272876e-03 0.0000000000000000e+00
9.4989417718595436e-03 6.1811813994134676e-03 0.0000000000000000e+00
2.6549690290525781e-02 4.8317539150835214e-03 0.0000000000000000e+00
2.6674037625900520e-02 3.9116239090484636e-03 0.0000000000000000e+00
2.0285610025554561e-02 6.0266972127957803e-03 0.0000000000000000e+00
1.1244811626040860e-02 8.2831383027731978e-04 0.0000000000000000e+00
6.8907638083393740e-03 4.9860707071914673e-03 0.0000000000000000e+00
1.6577202185725511e-02 6.4359860861363848e-03 0.0000000000000000e+00
2.2028395153082591e-02 1.5618211830335200e-02 0.0000000000000000e+00
2.3693982938619851e-02 9.4783375841693690e-03 0.0000000000000000e+00
2.0630454544787721e-02 7.9124901424331567e-04 0.0000000000000000e+00
1.2806292476103020e-02 4.4534323777796836e-03 0.0000000000000000e+00
1.6677483085612409e-02 7.9116945979404319e-03 0.0000000000000000e+00
1.3587381481946350e-02 1.9542991115380740e-03 0.0000000000000000e+00
1.9015811127488430e-02 8.5770841300283843e-03 0.0000000000000000e+00
1.2643230022136531e-02 3.1508258668405940e-03 0.0000000000000000e+00
9.6195629184965444e-03 8.2959467324035443e-04 0.0000000000000000e+00
2.0110174206326339e-02 4.3149363226997707e-03 0.0000000000000000e+00
1.2130798328471960e-02 1.8962849692403410e-03 0.0000000000000000e+00
2.6860489122115871e-02 2.4941901782026248e-03 0.0000000000000000e+00
8.4535783919386428e-03 7.2815259437591694e-03 0.0000000000000000e+00
8.4998072986133977e-03 5.7736133210700372e-03 0.0000000000000000e+00
1.9756591527998520e-02 9.2612351303109700e-03 0.0000000000000000e+00
1.5370849416871220e-02 1.0086511923430561e-02 0.0000000000000000e+00
1.9812726402379952e-02 1.0798470824569200e-02 0.0000000000000000e+00
2.0394930212450750e-02 3.5551723671845472e-03 0.0000000000000000e+00
2.1759415437255070e-02 4.2812191906147819e-03 0.0000000000000000e+00
7.3899570693374723e-03 6.1892025710745986e-03 0.0000000000000000e+00
2.4319634912945379e-02 8.0202785105045610e-04 0.0000000000000000e+00
2.2455040052864712e-02 6.8127953178106927e-03 0.0000000000000000e+00
2.5839077461852069e-02 7.7045151962732853e-03 0.0000000000000000e+00
2.1292141352729090e-02 3.4990049701616129e-03 0.0000000000000000e+00
8.3886502558932242e-03 1.2588540150146950e-03 0.0000000000000000e+00
2.2077706383699901e-02 1.1083276472797421e-02 0.0000000000000000e+00
2.3391929884277421e-02 6.4810338988568611e-03 0.0000000000000000e+00
2.6997981691239070e-02 1.2495818904869919e-03 0.0000000000000000e+00
1.8795222634268641e-02 4.0530909507898397e-03 0.0000000000000000e+00
2.5605827660331450e-02 8.5064918527253536e-03 0.0000000000000000e+00
2.4381499996331959e-02 8.3142039414659755e-03 0.0000000000000000e+00
1.9995870093608380e-02 1.8143298502735321e-02 0.0000000000000000e+00
2.0569806950767221e-02 1.7450354604924681e-02 0.0000000000000000e+00
2.4684088629137381e-02 1.8086236124063590e-03 0.0000000000000000e+00
1.3918983859779341e-02 7.7041431993965081e-04 0.0000000000000000e+00
2.2489154633739749e-02 1.4955111981788990e-02 0.0000000000000000e+00
1.9306440419891321e-02 7.5309453145649442e-04 0.0000000000000000e+00
1.4680516480516230e-02 2.6160422756987931e-03 0.0000000000000000e+00
8.1918046314432245e-03 2.0999969364493051e-03 0.0000000000000000e+00
1.7283094408182320e-02 7.6636908002489929e-04 0.0000000000000000e+00
1.7011683738511991e-02 1.4433986416317379e-02 0.0000000000000000e+00
2.3254470351203579e-02 1.8107034384421011e-03 0.0000000000000000e+00
1.6924242704952672e-02 1.7142934449269750e-03 0.0000000000000000e+00
2.1548550787865758e-02 1.6281273152231889e-02 0.0000000000000000e+00
2.4128279443319269e-02 6.9873813886253532e-03 0.0000000000000000e+00
1.8828411707201960e-02 1.5969128014254059e-02 0.0000000000000000e+00
2.5206003719376861e-02 5.3822236214733747e-03 0.0000000000000000e+00
2.0269344476873011e-02 1.2966474796362841e-02 0.0000000000000000e+00
2.6098474583960390e-02 6.9821598624509066e-03 0.0000000000000000e+00
7.2746063845926558e-03 4.3075234878365808e-03 0.0000000000000000e+00
1.7006088006873511e-02 1.2430169925122629e-02 0.0000000000000000e+00
2.1756567840517861e-02 1.8426215886060940e-03 0.0000000000000000e+00
2.5463063577454381e-02 3.0933820373839761e-03 0.0000000000000000e+00
1.4404986557986240e-02 1.1193056718557311e-02 0.0000000000000000e+00
1.8885938062554189e-02 1.2772844845737510e-02 0.0000000000000000e+00
2.5689785307172280e-02 7.3179711608186739e-04 0.0000000000000000e+00
2.3506906730174481e-02 5.7698974380885337e-03 0.0000000000000000e+00
1.5592232209367261e-02 1.2033589767397230e-02 0.0000000000000000e+00
2.5580886830509169e-02 1.6552084865500240e-03 0.0000000000000000e+00
6.4010323664235279e-03 5.4735064357441356e-03 0.0000000000000000e+00
1.3888127265430169e-02 9.1079051170728093e-03 0.0000000000000000e+00
1.5520406444912829e-02 1.4506993056983761e-02 0.0000000000000000e+00
2.3384086322603991e-02 1.3546183648124179e-02 0.0000000000000000e+00
1.7837739817688211e-02 9.5694197488553345e-03 0.0000000000000000e+00
1.1168108938328239e-02 2.3474490017041552e-03 0.0000000000000000e+00
2.2745590410644289e-02 5.3140475967396062e-03 0.0000000000000000e+00
7.9197866738451948e-03 3.0336846741335680e-03 0.0000000000000000e+00
2.1095510603561539e-02 2.1818791102576939e-03 0.0000000000000000e+00
7.7573374473335118e-03 3.4558011998763452e-03 0.0000000000000000e+00
1.7878996823693531e-02 1.6896210575857339e-02 0.0000000000000000e+00
2.6473255251211660e-02 5.3246700901257013e-03 0.0000000000000000e+00
2.2822021551859639e-02 3.5742455374754840e-03 0.0000000000000000e+00
2.5440370661379118e-02 8.9673033056407829e-03 0.0000000000000000e+00
2.0914028470283740e-02 1.7065783315398781e-02 0.0000000000000000e+00
1.8280142301091550e-02 1.7445176339474871e-03 0.0000000000000000e+00
1.7164444665664611e-02 8.5520441546968889e-03 0.0000000000000000e+00
1.9677759560762179e-02 1.9135341179192869e-03 0.0000000000000000e+00
2.3816922508175849e-02 1.2687413044589139e-02 0.0000000000000000e+00
2.4038706465762241e-02 1.2285470554717690e-02 0.0000000000000000e+00
2.1370881382383279e-02 6.8131485519408713e-04 0.0000000000000000e+00
2.5307226776939990e-02 3.8879858483373388e-03 0.0000000000000000e+00
2.3028949597600840e-02 1.0163693640841770e-02 0.0000000000000000e+00
2.0056472094107321e-02 1.6058409396068861e-02 0.0000000000000000e+00
2.0573131132814421e-02 1.5352297642048290e-02 0.0000000000000000e+00
2.2004641981870191e-02 1.3231244607945961e-02 0.0000000000000000e+00
1.9430133960735160e-02 1.9017564430626771e-02 0.0000000000000000e+00
2.3619874966455439e-02 6.7327046577137818e-04 0.0000000000000000e+00
2.7136169563765751e-02 3.3269929238016662e-04 0.0000000000000000e+00
1.6009161283608200e-02 6.9303099931606379e-04 0.0000000000000000e+00
1.0958772478115730e-02 6.4460196222171692e-03 0.0000000000000000e+00
9.5102607326813127e-03 4.5633585500056383e-03 0.0000000000000000e+00
2.4814454136921089e-02 1.0752277736095271e-02 0.0000000000000000e+00
1.6966463513047290e-02 1.1690506699782241e-02 0.0000000000000000e+00
1.8877850975381489e-02 1.7877587509672440e-02 0.0000000000000000e+00
1.9414394401768641e-02 7.4160484360269513e-03 0.0000000000000000e+00
1.5298484444964171e-02 7.6071298819001300e-03 0.0000000000000000e+00
1.7982138310390038e-02 7.3359054064778099e-04 0.0000000000000000e+00
1.3405680287779611e-02 1.2430689089818970e-02 0.0000000000000000e+00
1.9359848472678669e-02 5.3124397730935167e-03 0.0000000000000000e+00
1.7992361743070229e-02 1.5514211166850171e-02 0.0000000000000000e+00
2.1429011283907649e-02 7.7406581304499903e-03 0.0000000000000000e+00
2.4769340074026421e-02 5.9440241503207871e-03 0.0000000000000000e+00
2.2698812364387370e-02 8.8018132706025112e-03 0.0000000000000000e+00
1.5977369637327311e-02 1.5069991213794480e-02 0.0000000000000000e+00
1.3906362216443679e-02 3.4950789930423909e-03 0.0000000000000000e+00
1.2746734649521561e-02 6.8548125117183153e-04 0.0000000000000000e+00
1.6446851031659181e-02 1.3712553422667860e-02 0.0000000000000000e+00
9.8028468636983668e-03 2.3371309028816551e-03 0.0000000000000000e+00
2.3532977197327720e-02 4.3309223920660108e-03 0.0000000000000000e+00
8.8198673472138465e-03 6.4083121544004267e-03 0.0000000000000000e+00
1.9427524979936300e-02 4.5078596543824236e-03 0.0000000000000000e+00
1.5914094037674919e-02 8.2572599435204938e-03 0.0000000000000000e+00
1.4613222311819531e-02 1.3695141761181921e-02 0.0000000000000000e+00
2.4108317373720989e-02 3.2809261640100030e-03 0.0000000000000000e+00
1.8440639402370410e-02 8.9337790161664685e-03 0.0000000000000000e+00
8.4058421648040647e-03 5.1134848895317067e-03 0.0000000000000000e+00
1.3341263510727100e-02 2.8267790922812189e-03 0.0000000000000000e+00
1.9747822867820099e-02 1.7048051558141659e-02 0.0000000000000000e+00
1.0611594505397290e-02 5.4975768948644808e-03 0.0000000000000000e+00
9.8145941167266243e-03 7.6113128601918564e-03 0.0000000000000000e+00
1.1954892787330180e-02 5.5945172380415546e-03 0.0000000000000000e+00
2.1390603657926291e-02 9.1405845726255271e-03 0.0000000000000000e+00
2.0512650868135921e-02 9.5490627309673150e-03 0.0000000000000000e+00
2.0525893088643141e-02 1.0567766358015060e-02 0.0000000000000000e+00
1.7357270043346810e-02 5.4225627257453802e-03 0.0000000000000000e+00
1.1893209499166229e-02 1.1003093408955699e-02 0.0000000000000000e+00
1.1334248742000780e-02 3.2782074602920410e-03 0.0000000000000000e+00
1.2822585456709961e-02 1.6090138806994780e-03 0.0000000000000000e+00
1.9272275789636341e-02 1.5040427694978681e-02 0.0000000000000000e+00
1.8372378799639249e-02 1.1405181536360370e-02 0.0000000000000000e+00
1.6634265162437049e-02 1.0394277854372689e-02 0.0000000000000000e+00
1.7278379922006159e-02 1.1098718823688731e-02 0.0000000000000000e+00
1.4781934208039639e-02 1.2355982485764321e-02 0.0000000000000000e+00
1.8209334200031201e-02 4.6513985145569172e-03 0.0000000000000000e+00
1.6157034355311670e-02 1.1384571215412399e-02 0.0000000000000000e+00
1.9669177375956751e-02 1.3866089317672119e-02 0.0000000000000000e+00
2.0968032257816849e-02 1.1896766122377349e-02 0.0000000000000000e+00
1.6157690905236392e-02 1.5226921111868379e-03 0.0000000000000000e+00
1.8164679110218240e-02 8.3342004815543172e-03 0.0000000000000000e+00
2.0112170590693181e-02 7.4771682125795279e-03 0.0000000000000000e+00
1.9223810388302429e-02 1.4022658509877750e-03 0.0000000000000000e+00
1.2514686869277550e-02 1.1631116856167660e-02 0.0000000000000000e+00
1.3648336109890699e-02 1.1636050053123580e-02 0.0000000000000000e+00
1.0585382378100550e-02 3.7676542733351532e-03 0.0000000000000000e+00
2.0585978863855509e-02 4.8372946405089391e-03 0.0000000000000000e+00
9.7285505217399766e-03 3.7561121461652850e-03 0.0000000000000000e+00
2.1693281620567859e-02 5.5736593128237694e-03 0.0000000000000000e+00
1.3911616668540299e-02 1.0429470135260160e-02 0.0000000000000000e+00
1.4416441992905449e-02 9.7915932300815141e-03 0.0000000000000000e+00
1.4683625907746189e-02 8.0214669596895497e-03 0.0000000000000000e+00
2.0316344323962850e-02 8.1678560991551852e-03 0.0000000000000000e+00
1.7384223968700291e-02 2.3090841869555889e-03 0.0000000000000000e+00
1.8023031176812459e-02 2.9746426982577311e-03 0.0000000000000000e+00
9.9122883995040288e-03 5.6669216514761509e-03 0.0000000000000000e+00
2.0993304775698472e-02 1.3439052862184090e-02 0.0000000000000000e+00
2.2659312515052519e-02 6.3601170831535658e-04 0.0000000000000000e+00
2.6750151646187579e-02 4.4077358229303379e-03 0.0000000000000000e+00
1.8200992811917421e-02 1.2533699583712501e-02 0.0000000000000000e+00
1.6007636774492261e-02 6.9054221997055434e-03 0.0000000000000000e+00
2.1327528117657289e-02 1.1087309093459140e-02 0.0000000000000000e+00
1.8739971056919439e-02 1.3807734018248721e-02 0.0000000000000000e+00
1.1769286708473469e-02 4.2869333989317346e-03 0.0000000000000000e+00
2.1902406504271461e-02 1.6001281570633210e-02 0.0000000000000000e+00
2.0744513129248968e-02 5.5122028667198876e-03 0.0000000000000000e+00
1.8678309955180199e-02 5.5115143535096967e-03 0.0000000000000000e+00
1.9818627538596541e-02 8.7750254013726683e-03 0.0000000000000000e+00
1.5273250348686511e-02 6.1002323508115887e-04 0.0000000000000000e+00
2.3912452456279942e-02 2.2881768215930989e-03 0.0000000000000000e+00
2.0028599215072940e-02 6.1193888488875799e-04 0.0000000000000000e+00
1.6059425117904869e-02 1.2655545934076830e-02 0.0000000000000000e+00
2.3171502462201041e-02 1.1534069423835291e-02 0.0000000000000000e+00
2.3086208409310201e-02 1.4214468720854989e-02 0.0000000000000000e+00
2.0724382760415511e-02 1.4265921989194359e-02 0.0000000000000000e+00
1.7618471283853691e-02 1.3257250432738130e-02 0.0000000000000000e+00
2.3247932880044082e-02 3.1183049981362261e-03 0.0000000000000000e+00
1.4971798907051361e-02 1.0906708554895081e-02 0.0000000000000000e+00
1.3792981838867180e-02 1.2927389482120379e-02 0.0000000000000000e+00
2.4295302768703321e-02 8.8770347271504776e-03 0.0000000000000000e+00
2.6956895325510651e-02 2.9710207894097281e-03 0.0000000000000000e+00
2.6893494902592269e-02 3.4762591850720460e-03 0.0000000000000000e+00
2.4199667593276169e-02 9.8545532409122158e-03 0.0000000000000000e+00
2.0521226203682980e-02 1.4010768232152629e-03 0.0000000000000000e+00
2.1335204542955288e-02 1.2274787890005009e-02 0.0000000000000000e+00
2.7046874648964971e-02 2.0460198457149122e-03 0.0000000000000000e+00
1.9336069925655969e-02 1.5805950707263278e-02 0.0000000000000000e+00
1.9317140082691149e-02 3.2964458673543271e-03 0.0000000000000000e+00
1.0584945363712470e-02 4.4357934532767446e-03 0.0000000000000000e+00
1.7978562582741119e-02 6.2499698783143841e-03 0.0000000000000000e+00
1.7370094262807619e-02 6.8157035563598586e-03 0.0000000000000000e+00
1.1726810309670530e-02 5.5490309402035209e-04 0.0000000000000000e+00
2.1736060870023801e-02 1.4337530266148981e-02 0.0000000000000000e+00
1.3178878923898541e-02 9.6084783412745348e-03 0.0000000000000000e+00
9.0584318997606432e-03 3.1064156805133119e-03 0.0000000000000000e+00
6.9699466085967436e-03 4.5866850805669941e-03 0.0000000000000000e+00
2.2299273305323431e-02 1.1576997001868769e-02 0.0000000000000000e+00
1.9118734183276639e-02 2.5935421987459280e-03 0.0000000000000000e+00
1.5169912232486810e-02 8.8633230019401887e-03 0.0000000000000000e+00
2.2495012145190531e-02 1.3673292482517300e-03 0.0000000000000000e+00
2.5998177996500071e-02 2.9653884970169669e-03 0.0000000000000000e+00
1.7324987788384660e-02 1.6567565017257330e-02 0.0000000000000000e+00
1.8942631714918001e-02 1.6458149501781889e-02 0.0000000000000000e+00
2.5798182522521491e-02 4.6535205920540607e-03 0.0000000000000000e+00
1.6459194037622370e-02 9.3825943971851140e-03 0.0000000000000000e+00
1.3274613083643029e-02 4.1870901541429771e-03 0.0000000000000000e+00
1.2474712069382700e-02 1.0428368565056530e-02 0.0000000000000000e+00
1.3122782569016580e-02 1.1173936686266459e-02 0.0000000000000000e+00
1.8394772006524202e-02 9.5448576913214917e-03 0.0000000000000000e+00
1.0793172019390720e-02 1.5167412270267709e-03 0.0000000000000000e+00
2.3610722155658931e-02 1.0860045267958980e-02 0.0000000000000000e+00
1.9108863627107581e-02 1.1637843174173761e-02 0.0000000000000000e+00
8.3959785494443166e-03 3.9431487048190109e-03 0.0000000000000000e+00
7.6366969983223381e-03 6.8589920160018920e-03 0.0000000000000000e+00
1.4902820423378140e-02 1.3647659646441701e-03 0.0000000000000000e+00
1.5999211792577472e-02 1.0568899316265520e-02 0.0000000000000000e+00
2.0238459779019630e-02 1.1730826122492290e-02 0.0000000000000000e+00
1.3842738329678601e-02 1.3678107291252789e-03 0.0000000000000000e+00
8.1857687869334780e-03 1.6859452820957230e-03 0.0000000000000000e+00
1.4223026038623450e-02 2.2479632145769278e-03 0.0000000000000000e+00
2.6132376094357930e-02 1.8737236921711751e-03 0.0000000000000000e+00
1.0186415831454720e-02 1.5909707597931799e-03 0.0000000000000000e+00
2.5073322925631619e-02 4.0793836145496578e-04 0.0000000000000000e+00
2.1351074144751871e-02 6.4283042974738304e-03 0.0000000000000000e+00
2.4114769817988411e-02 4.7789916878212503e-03 0.0000000000000000e+00
1.9298658349987091e-02 1.2101834162129210e-02 0.0000000000000000e+00
1.0140244440887240e-02 3.3945408125165251e-03 0.0000000000000000e+00
2.6389748852184459e-02 6.2863780978888477e-03 0.0000000000000000e+00
2.1114473892053860e-02 7.2430338554923890e-03 0.0000000000000000e+00
1.6704777642549500e-02 5.9293217487275986e-03 0.0000000000000000e+00
2.2361818253999601e-02 9.7988753164226158e-03 0.0000000000000000e+00
1.7121546871663600e-02 1.3969674771964291e-02 0.0000000000000000e+00
1.8570230828199891e-02 2.3973643998378238e-03 0.0000000000000000e+00
2.2348089191081430e-02 5.7662773234750126e-03 0.0000000000000000e+00
9.0631807440929996e-03 2.0561910575922510e-03 0.0000000000000000e+00
1.0764033674322600e-02 5.6395509234899791e-04 0.0000000000000000e+00
1.0285020907480600e-02 2.7204799784476970e-03 0.0000000000000000e+00
1.8069694201457209e-02 1.4827776224193160e-02 0.0000000000000000e+00
1.5054853746908230e-02 1.3290121289471350e-02 0.0000000000000000e+00
1.9145567788081609e-02 1.7221604135739050e-02 0.0000000000000000e+00
1.2262673789192590e-02 2.3862996595743718e-03 0.0000000000000000e+00
1.5779855517221091e-02 1.3851000038100161e-02 0.0000000000000000e+00
2.6285629083303501e-02 5.7543710411470626e-04 0.0000000000000000e+00
2.3366515922121280e-02 9.0364201993255941e-03 0.0000000000000000e+00
1.6449141741966700e-02 1.2850655495628870e-02 0.0000000000000000e+00
1.8508538359409459e-02 7.1937265970721618e-03 0.0000000000000000e+00
2.3442250146470622e-02 8.0475470805701482e-03 0.0000000000000000e+00
1.1914885736943140e-02 3.3352056885627051e-03 0.0000000000000000e+00
1.6665240217464419e-02 1.5828693829817109e-02 0.0000000000000000e+00
1.4445550887763820e-02 3.1210082173528022e-03 0.0000000000000000e+00
1.9850081414368739e-02 1.3301830260976090e-02 0.0000000000000000e+00
2.3060799291312471e-02 1.2439179377585820e-02 0.0000000000000000e+00
7.9222443312128524e-03 5.9745169516957370e-03 0.0000000000000000e+00
1.3406316225821620e-02 5.7092202965036871e-04 0.0000000000000000e+00
1.7551563529620659e-02 7.3512886017325588e-03 0.0000000000000000e+00
1.8471139472355999e-02 6.5793899124922612e-03 0.0000000000000000e+00
1.2607210392245841e-02 4.9950557055380828e-03 0.0000000000000000e+00
8.5927003783539940e-03 7.8710196005388443e-03 0.0000000000000000e+00
1.1407078039608110e-02 5.1274759407641526e-03 0.0000000000000000e+00
1.7970950452444869e-02 5.8005951339544356e-03 0.0000000000000000e+00
1.5032632404912250e-02 1.4282846888226491e-02 0.0000000000000000e+00
2.2953773168847530e-02 2.3459891084553798e-03 0.0000000000000000e+00
1.6670867833507619e-02 4.2475620832922462e-04 0.0000000000000000e+00
9.1314517836980861e-03 5.4257220548056123e-04 0.0000000000000000e+00
2.1374549433265388e-02 1.5196069524249680e-02 0.0000000000000000e+00
2.5895872458968020e-02 8.1370301171404084e-03 0.0000000000000000e+00
1.5469074530178151e-02 1.1545464791645329e-02 0.0000000000000000e+00
2.0354903018712279e-02 2.6034554365462269e-03 0.0000000000000000e+00
1.1629704180920009e-02 1.1512440249342639e-03 0.0000000000000000e+00
1.8976821661748400e-02 6.3040881407322308e-03 0.0000000000000000e+00
1.8417957115976689e-02 1.0679239598466710e-02 0.0000000000000000e+00
1.8204824033523258e-02 1.3843652989713030e-02 0.0000000000000000e+00
1.0787151146326640e-02 6.9253565464650717e-03 0.0000000000000000e+00
1.6486964389538419e-02 7.1625164086298416e-03 0.0000000000000000e+00
1.9419127059911161e-02 6.5378974063792540e-03 0.0000000000000000e+00
2.0822493559443669e-02 1.2761966068598699e-02 0.0000000000000000e+00
2.4906797149416630e-02 4.2118747436903480e-03 0.0000000000000000e+00
1.7161889480045690e-02 1.5319564971983789e-02 0.0000000000000000e+00
1.2780865140942911e-02 3.9093981524554742e-03 0.0000000000000000e+00
1.9143890954423148e-02 7.8256523589653251e-03 0.0000000000000000e+00
1.5725587839195448e-02 1.9388245755725931e-03 0.0000000000000000e+00
2.4669086550412649e-02 1.1489872480289541e-02 0.0000000000000000e+00
1.4422512504384999e-02 1.1583532755150649e-02 0.0000000000000000e+00
2.4643037207307612e-02 4.6925714331371854e-03 0.0000000000000000e+00
1.8499122713214411e-02 3.6350546120869011e-03 0.0000000000000000e+00
2.2573821432071092e-02 1.3417045794797550e-02 0.0000000000000000e+00
1.0146360996131460e-02 5.3972377623489123e-04 0.0000000000000000e+00
2.3999334812511531e-02 1.0714524512504970e-02 0.0000000000000000e+00
2.1504359545581931e-02 1.0103246553803451e-02 0.0000000000000000e+00
2.7165301175073878e-02 8.6321985267365578e-04 0.0000000000000000e+00
2.0051896149730630e-02 1.2202719140248470e-02 0.0000000000000000e+00
2.4974808191481710e-02 2.8599725672248540e-03 0.0000000000000000e+00
1.1711374929169660e-02 2.2208334932237329e-03 0.0000000000000000e+00
1.8099284271274069e-02 1.7401926607833889e-02 0.0000000000000000e+00
2.5415121158461760e-02 9.7218067618605030e-03 0.0000000000000000e+00
2.3104361925873569e-02 4.8767909912341041e-04 0.0000000000000000e+00
2.2130684838441141e-02 3.0050119226070018e-03 0.0000000000000000e+00
2.2658914586559140e-02 7.6502730321203376e-03 0.0000000000000000e+00
1.9836427366392941e-02 3.2551056000214790e-03 0.0000000000000000e+00
2.0707555942307110e-02 9.9810143378697789e-03 0.0000000000000000e+00
1.7894800008484070e-02 1.0469777652874841e-02 0.0000000000000000e+00
2.2254995349458798e-02 2.4695176578147988e-03 0.0000000000000000e+00
1.3461747329935750e-02 1.0456197901344650e-02 0.0000000000000000e+00
2.4045732401755761e-02 5.6517695712696306e-03 0.0000000000000000e+00
2.4852540806112822e-02 8.1488862957511798e-03 0.0000000000000000e+00
2.0529051009468720e-02 7.1554906086846986e-03 0.0000000000000000e+00
2.3633109180922061e-02 7.2129472749869299e-03 0.0000000000000000e+00
1.6720400088778939e-02 9.8746020698033329e-03 0.0000000000000000e+00
1.8651236729719290e-02 4.6733141041186652e-04 0.0000000000000000e+00
2.2215297474822041e-02 4.5228124941361341e-03 0.0000000000000000e+00
1.9326233806647480e-02 8.9664349422071063e-03 0.0000000000000000e+00
2.1464594232690020e-02 1.3308606871233629e-02 0.0000000000000000e+00
2.5787729269849530e-02 2.3244595094347870e-03 0.0000000000000000e+00
8.9990840946154293e-03 5.9597877184961240e-03 0.0000000000000000e+00
2.0434728254655411e-02 1.7894207824273981e-02 0.0000000000000000e+00
1.9816715124578409e-02 1.8600503378592200e-02 0.0000000000000000e+00
8.2992291889756303e-03 3.0396965505837328e-04 0.0000000000000000e+00
8.2995003853168128e-03 8.4328880691106594e-04 0.0000000000000000e+00
9.3805842889253324e-03 2.5593639765210440e-03 0.0000000000000000e+00
1.8826479282591992e-02 1.4727129849772201e-02 0.0000000000000000e+00
2.1240090264589562e-02 3.0143627920970169e-03 0.0000000000000000e+00
1.8050384205536021e-02 7.5219395520925991e-03 0.0000000000000000e+00
1.7803758397758170e-02 1.4476342636566379e-02 0.0000000000000000e+00
2.5812444819101499e-02 4.0678674170621654e-03 0.0000000000000000e+00
9.1914836452001887e-03 8.3989656365546679e-03 0.0000000000000000e+00
1.8276126239929601e-02 1.1963781808974960e-02 0.0000000000000000e+00
9.6802541356289604e-03 6.6424991189153728e-03 0.0000000000000000e+00
2.2931204146164699e-02 4.8060607407340999e-03 0.0000000000000000e+00
1.9605111384166339e-02 9.7799114669458714e-03 0.0000000000000000e+00
1.5565056036383791e-02 7.1175714868743521e-03 0.0000000000000000e+00
2.4391944934031590e-02 1.3184645040923710e-03 0.0000000000000000e+00
7.8440512683869215e-03 4.9468272563264583e-03 0.0000000000000000e+00
1.7142631674204000e-02 7.6935503523113463e-03 0.0000000000000000e+00
2.5356716416868711e-02 6.6228421261909096e-03 0.0000000000000000e+00
2.3539640442638510e-02 1.1986399948877601e-03 0.0000000000000000e+00
2.4033593565501742e-02 3.6916511084020931e-03 0.0000000000000000e+00
2.0021972873219732e-02 1.1245337668615751e-02 0.0000000000000000e+00
1.7118018182440489e-02 1.2622130749832320e-03 0.0000000000000000e+00
1.4363193613409989e-02 9.3072555396728554e-03 0.0000000000000000e+00
2.2573847313967579e-02 1.0439412803641950e-02 0.0000000000000000e+00
1.9009334841311079e-02 1.8262399574453171e-02 0.0000000000000000e+00
1.1207280092987260e-02 4.4118934495558830e-03 0.0000000000000000e+00
1.9972593070236459e-02 1.6612653784985911e-02 0.0000000000000000e+00
1.8790463747482229e-02 9.9188051744180817e-03 0.0000000000000000e+00
9.1655785017904778e-03 4.2193097257968151e-03 0.0000000000000000e+00
1.5682880739779689e-02 8.8073705590572555e-03 0.0000000000000000e+00
1.9876433105461781e-02 5.6970085538966663e-03 0.0000000000000000e+00
2.2916465580749501e-02 6.5189730731949197e-03 0.0000000000000000e+00
2.5362675165351161e-02 7.5269236711373918e-03 0.0000000000000000e+00
2.1729217707980801e-02 1.0737641571710950e-02 0.0000000000000000e+00
1.9696720994460858e-02 1.4728628697813139e-02 0.0000000000000000e+00
2.2891851181579732e-02 1.4646908331069771e-02 0.0000000000000000e+00
2.1043185078103339e-02 1.5586861739772280e-02 0.0000000000000000e+00
1.2305566871480900e-02 4.4992719501514648e-04 0.0000000000000000e+00
6.8934600683347828e-03 6.1611942538202331e-03 0.0000000000000000e+00
1.2824854084672649e-02 1.2259609197660270e-02 0.0000000000000000e+00
1.8084385740024321e-02 1.1800399109460099e-03 0.0000000000000000e+00
2.1554263998950170e-02 1.3801484779551829e-03 0.0000000000000000e+00
8.5302106549736863e-03 3.0375789356918131e-03 0.0000000000000000e+00
8.9388174685172232e-03 7.4308910854700696e-03 0.0000000000000000e+00
1.6627142424746971e-02 1.4740988183090119e-02 0.0000000000000000e+00
7.3332821200966757e-03 5.7359428130502521e-03 0.0000000000000000e+00
2.3179588620399729e-02 3.9756462064964460e-03 0.0000000000000000e+00
2.1804762762819219e-02 5.2681065255677853e-04 0.0000000000000000e+00
1.8776879371167111e-02 1.5530677889216259e-03 0.0000000000000000e+00
1.8352973361771819e-02 1.6679185434282109e-02 0.0000000000000000e+00
2.1816703618153910e-02 8.0505989460303729e-03 0.0000000000000000e+00
2.3540586086442959e-02 1.1808291835479399e-02 0.0000000000000000e+00
1.7703302070931189e-02 1.9448834531764401e-03 0.0000000000000000e+00
1.3747078687332199e-02 3.9976708805239698e-03 0.0000000000000000e+00
1.7564456573570149e-02 2.7968839128865090e-03 0.0000000000000000e+00
2.2420308502379471e-02 9.2345223774313694e-03 0.0000000000000000e+00
2.3294532026685761e-02 9.7718457208997266e-03 0.0000000000000000e+00
2.2765573227691641e-02 1.1352452180947331e-02 0.0000000000000000e+00
2.4343442652196210e-02 7.4229919299054524e-03 0.0000000000000000e+00
2.2262842407701228e-02 4.0165921839182030e-03 0.0000000000000000e+00
7.9385998679885848e-03 7.3214277201893441e-03 0.0000000000000000e+00
2.0785181489626960e-02 9.1772826026375182e-03 0.0000000000000000e+00
2.5598716544090572e-02 5.5859527944530111e-03 0.0000000000000000e+00
2.0887483303318660e-02 3.7672880318222511e-03 0.0000000000000000e+00
9.3345599935758684e-03 1.2136674545152821e-03 0.0000000000000000e+00
2.3079540510691280e-02 8.5855062517577116e-03 0.0000000000000000e+00
1.1546125022712300e-02 6.2709867257643472e-03 0.0000000000000000e+00
2.5118903926768660e-02 1.0404590678414351e-02 0.0000000000000000e+00
2.4695621385050982e-02 8.9288879566377793e-03 0.0000000000000000e+00
1.5352607300319581e-02 9.5972274824593900e-03 0.0000000000000000e+00
2.1446546056235371e-02 1.6861109745504262e-02 0.0000000000000000e+00
2.0330428994710631e-02 6.6152596144601044e-03 0.0000000000000000e+00
1.5294360353173980e-02 1.0598990110694231e-02 0.0000000000000000e+00
1.8999642388726281e-02 3.5908282903883430e-03 0.0000000000000000e+00
6.5345275410323492e-03 5.1084998328473777e-03 0.0000000000000000e+00
1.9374769441187531e-02 1.1163561633527410e-02 0.0000000000000000e+00
2.2364772329288261e-02 8.0738726842442699e-03 0.0000000000000000e+00
2.2332855081086431e-02 1.5392876145440000e-02 0.0000000000000000e+00
1.2983231124438140e-02 1.0673412477760781e-02 0.0000000000000000e+00
1.6943252760925911e-02 8.9508089743650168e-03 0.0000000000000000e+00
1.4314486347042030e-02 1.1443555345764060e-03 0.0000000000000000e+00
1.4274825568059460e-02 5.0999516153951274e-04 0.0000000000000000e+00
1.2250286832780949e-02 4.4294325917264739e-03 0.0000000000000000e+00
1.6229798409487670e-02 1.5461736892375530e-02 0.0000000000000000e+00
1.1705056513790340e-02 3.8058076622278160e-03 0.0000000000000000e+00
1.1118273117687170e-02 2.9107809128257390e-03 0.0000000000000000e+00
2.2127160018322680e-02 7.1729132664066090e-03 0.0000000000000000e+00
1.5572918946105180e-02 1.3355909334391441e-02 0.0000000000000000e+00
1.7451432306654909e-02 1.2346576493666390e-02 0.0000000000000000e+00
2.3924927165512571e-02 2.8135769074941761e-03 0.0000000000000000e+00
1.3972085182349129e-02 8.6183608134095899e-03 0.0000000000000000e+00
1.5112860056392979e-02 2.5582175594300802e-03 0.0000000000000000e+00
1.7318453312159691e-02 9.8092254431246285e-03 0.0000000000000000e+00
1.4710649440260180e-02 2.1055490111394760e-03 0.0000000000000000e+00
2.0504787686350980e-02 1.6431450110427570e-02 0.0000000000000000e+00
1.3511845057068121e-02 2.3947795363762040e-03 0.0000000000000000e+00
1.4873864054604110e-02 1.0032140831017250e-02 0.0000000000000000e+00
1.4185730150748151e-02 1.3522871323960170e-02 0.0000000000000000e+00
1.9669615784337870e-02 4.9391945850768681e-03 0.0000000000000000e+00
2.1826106566342741e-02 1.2216517468640491e-02 0.0000000000000000e+00
2.4784038424075120e-02 2.3042803219863370e-03 0.0000000000000000e+00
7.8064870057373281e-03 2.5131277812302272e-03 0.0000000000000000e+00
2.5119103563236791e-02 7.1063805987463908e-03 0.0000000000000000e+00
2.0745360506935168e-02 6.2472372320992418e-03 0.0000000000000000e+00
2.1684372011090532e-02 4.7542871069830104e-03 0.0000000000000000e+00
1.7776034727194200e-02 4.6566389244395122e-03 0.0000000000000000e+00
1.3429096948154549e-02 9.1858239523065852e-03 0.0000000000000000e+00
8.5289650781466587e-03 6.7293055626425277e-03 0.0000000000000000e+00
1.9009310749843879e-02 1.5507974770656120e-02 0.0000000000000000e+00
1.9872453869482710e-02 6.2860744705333788e-03 0.0000000000000000e+00
1.2159953767416520e-02 1.1332635651012550e-02 0.0000000000000000e+00
2.1322601669088281e-02 4.0167106001669636e-03 0.0000000000000000e+00
1.7065265641472011e-02 1.4920246843856601e-02 0.0000000000000000e+00
1.8830960425165501e-02 1.0417097428831309e-02 0.0000000000000000e+00
2.3938539913051681e-02 8.1797324518896944e-03 0.0000000000000000e+00
1.2754290821934860e-02 1.1408707664624170e-03 0.0000000000000000e+00
9.6541667370489710e-03 8.0494586978634691e-03 0.0000000000000000e+00
2.6138257061084171e-02 7.4137539793480874e-03 0.0000000000000000e+00
2.5459384126031780e-02 5.0761907882965682e-03 0.0000000000000000e+00
1.7891893342666301e-02 1.1507418084951241e-02 0.0000000000000000e+00
2.7160347174755371e-02 1.5596430854503580e-03 0.0000000000000000e+00
1.7762905396780979e-02 1.5923266648716631e-02 0.0000000000000000e+00
1.5696656863719880e-02 7.8541031217254278e-03 0.0000000000000000e+00
8.8070705880134055e-03 5.0094621173423252e-03 0.0000000000000000e+00
8.9681065438218834e-03 1.5184863399049511e-03 0.0000000000000000e+00
1.6139313758566781e-02 1.0969635722203950e-02 0.0000000000000000e+00
2.0732292007365628e-02 8.4057282798180900e-03 0.0000000000000000e+00
2.0478919714840269e-02 4.0355096540412513e-03 0.0000000000000000e+00
2.5729110814550010e-02 1.1874282057606990e-03 0.0000000000000000e+00
2.1707103698536082e-02 3.2560615219388790e-03 0.0000000000000000e+00
2.4576177998359500e-02 4.1764698452101141e-04 0.0000000000000000e+00
1.5199325187462819e-02 1.2183304392148040e-02 0.0000000000000000e+00
1.8842677351728791e-02 1.3231689770548980e-02 0.0000000000000000e+00
1.9372426159448491e-02 1.2949926712139790e-02 0.0000000000000000e+00
1.8494920449609660e-02 1.5644969569040629e-02 0.0000000000000000e+00
2.2390294300986120e-02 1.2920078310410000e-02 0.0000000000000000e+00
2.0109868225017119e-02 1.5076060113645359e-02 0.0000000000000000e+00
1.6985302794055478e-02 1.0718984489192659e-02 0.0000000000000000e+00
1.9304786594706819e-02 1.0627903474670301e-02 0.0000000000000000e+00
1.7637901559070131e-02 8.4075081468358466e-03 0.0000000000000000e+00
9.5919086304608447e-03 4.9749281406701309e-03 0.0000000000000000e+00
2.2316109125655050e-02 6.2710431803177308e-03 0.0000000000000000e+00
1.0110456752067660e-02 6.5205517256190556e-03 0.0000000000000000e+00
1.0688579342686780e-02 2.4665629679599742e-03 0.0000000000000000e+00
9.6450922911442104e-03 7.1551966626733406e-03 0.0000000000000000e+00
1.8988890502534880e-02 7.3409913856018550e-03 0.0000000000000000e+00
1.3545528844992700e-02 3.2077039563294342e-03 0.0000000000000000e+00
1.1045123381895439e-02 5.4097914163979818e-03 0.0000000000000000e+00
1.0789497518393160e-02 5.9175997539379632e-03 0.0000000000000000e+00
1.9685848140676070e-02 1.0324667665284580e-02 0.0000000000000000e+00
2.0826360363641959e-02 1.8400547073074681e-03 0.0000000000000000e+00
2.0324737715537559e-02 3.1091873461811001e-03 0.0000000000000000e+00
1.0261631937123020e-02 7.4687171707075537e-03 0.0000000000000000e+00
1.0896593836926450e-02 1.0719281414094200e-03 0.0000000000000000e+00
9.8143973328782379e-03 1.2529060856052300e-03 0.0000000000000000e+00
8.4284801470121667e-03 4.5791641430015309e-03 0.0000000000000000e+00
2.0065697080520351e-02 1.6894298353452889e-03 0.0000000000000000e+00
2.6667235648478210e-02 5.8601770527987058e-03 0.0000000000000000e+00
2.1957741511736961e-02 6.6649678913600864e-03 0.0000000000000000e+00
1.4705227887928270e-02 1.2891847421507310e-02 0.0000000000000000e+00
1.4245521559015770e-02 1.2585570891232290e-02 0.0000000000000000e+00
2.2315911840754939e-02 1.2117448706126769e-02 0.0000000000000000e+00
2.1919192413927830e-02 8.9573620632046047e-03 0.0000000000000000e+00
2.3039335420166372e-02 5.6407179671473700e-03 0.0000000000000000e+00
1.9989489446616670e-02 3.8884476199086810e-03 0.0000000000000000e+00
2.6358085897925449e-02 6.7725651498842642e-03 0.0000000000000000e+00
1.6950096561740732e-02 1.6285271748432951e-02 0.0000000000000000e+00
2.6665366345579589e-02 3.6067015063519919e-04 0.0000000000000000e+00
1.0451789728140639e-02 4.8731223843323009e-03 0.0000000000000000e+00
2.5145647310823301e-02 1.6266863321537290e-03 0.0000000000000000e+00
2.4035018944301451e-02 4.5668988811773959e-04 0.0000000000000000e+00
7.2549644496071016e-03 3.9731121033895530e-03 0.0000000000000000e+00
1.7463253200787770e-02 9.2472614068645625e-03 0.0000000000000000e+00
2.1270174354991719e-02 1.4399083099956271e-02 0.0000000000000000e+00
1.8085866108932910e-02 9.1644979394101926e-03 0.0000000000000000e+00
2.1021935354008439e-02 4.6904860467913891e-04 0.0000000000000000e+00
1.7253593344837920e-02 1.2906503685288260e-02 0.0000000000000000e+00
1.5660569337251840e-02 1.2887471477941920e-02 0.0000000000000000e+00
2.3121170749886549e-02 7.7368518657684937e-03 0.0000000000000000e+00
6.0691590648158343e-03 5.6192037183804234e-03 0.0000000000000000e+00
1.3260751477923860e-02 1.6478823869692640e-03 0.0000000000000000e+00
1.9577515034930420e-02 4.3270298252134822e-04 0.0000000000000000e+00
1.9194510892105068e-02 1.3924897540471879e-02 0.0000000000000000e+00
2.0737804444615159e-02 2.3760605532058949e-03 0.0000000000000000e+00
2.3671580444214711e-02 1.3435665428321570e-02 0.0000000000000000e+00
2.3458948965089099e-02 1.3849835718271400e-02 0.0000000000000000e+00
2.1796733436786231e-02 1.3728074675737360e-02 0.0000000000000000e+00
1.4244273319354100e-02 8.2244810397818901e-03 0.0000000000000000e+00
1.8484090109551481e-02 5.0754347938899418e-03 0.0000000000000000e+00
2.3814995761881889e-02 6.6502239781851659e-03 0.0000000000000000e+00
1.6645089146990030e-02 1.4128926707176940e-02 0.0000000000000000e+00
1.6512260281976131e-02 1.1609318737526880e-02 0.0000000000000000e+00
2.4373353998865130e-02 6.6315526519673106e-03 0.0000000000000000e+00
1.6798588865201709e-02 6.8001469456406369e-03 0.0000000000000000e+00
2.1290161300622730e-02 4.5170468111072771e-03 0.0000000000000000e+00
1.7645087786035889e-02 4.4930620492011041e-04 0.0000000000000000e+00
2.6746835823396490e-02 5.1349007402561458e-03 0.0000000000000000e+00
7.4541843691749397e-03 3.5719983585259731e-03 0.0000000000000000e+00
7.6366362582274243e-03 3.1631983090679291e-03 0.0000000000000000e+00
2.4410523711550811e-02 7.8826736509963521e-03 0.0000000000000000e+00
1.3601042259079370e-02 1.2061302150088170e-02 0.0000000000000000e+00
1.2330948121765601e-02 5.4193448406744758e-03 0.0000000000000000e+00
1.8060228779122049e-02 1.3042772203114060e-02 0.0000000000000000e+00
2.5585209621552429e-02 9.2980521591165943e-03 0.0000000000000000e+00
2.5745321306639191e-02 8.8450639426938486e-03 0.0000000000000000e+00
2.0952787820080421e-02 1.7393543695657189e-02 0.0000000000000000e+00
9.9701287351978245e-03 4.5918118753024801e-03 0.0000000000000000e+00
1.6597063979711609e-02 1.7958270947429349e-03 0.0000000000000000e+00
2.3766979533433982e-02 5.2234034082285913e-03 0.0000000000000000e+00
1.9062551253367459e-02 5.7123218676833612e-03 0.0000000000000000e+00
1.8955897064937291e-02 1.4308274946307650e-02 0.0000000000000000e+00
7.3137092622268321e-03 5.2463617276206388e-03 0.0000000000000000e+00
1.9466738825340259e-02 8.4674540204432401e-03 0.0000000000000000e+00
2.4354036538103391e-02 1.2166336648693059e-02 0.0000000000000000e+00
2.3909497658966852e-02 1.3018247379907410e-02 0.0000000000000000e+00
2.4143447827362999e-02 1.2598437082062829e-02 0.0000000000000000e+00
1.9960007275570291e-02 2.3069763404764401e-03 0.0000000000000000e+00
1.2552645085024730e-02 9.9365691745864296e-03 0.0000000000000000e+00
1.8775262521115190e-02 8.2285408333579221e-03 0.0000000000000000e+00
2.1828081332270571e-02 1.2833403881729920e-02 0.0000000000000000e+00
1.8270846768083170e-02 5.5342261767318442e-03 0.0000000000000000e+00
2.0169265465373891e-02 1.4102411616248299e-02 0.0000000000000000e+00
2.4480814471541670e-02 3.0737931753252378e-03 0.0000000000000000e+00
2.2471120846615698e-02 3.3056650635634819e-03 0.0000000000000000e+00
1.2169932090371351e-02 2.9432875186598990e-03 0.0000000000000000e+00
2.2069989131861621e-02 1.5803846943736319e-03 0.0000000000000000e+00
1.6323406038030470e-02 6.1063299621039501e-03 0.0000000000000000e+00
1.4242163028245941e-02 1.0767157875889470e-02 0.0000000000000000e+00
1.5677335115459191e-02 3.7729320636671181e-04 0.0000000000000000e+00
2.2910989646112590e-02 1.5741840954931661e-03 0.0000000000000000e+00
1.5776701886416271e-02 9.6975892316546776e-03 0.0000000000000000e+00
1.5580643338871150e-02 1.4988251594822000e-02 0.0000000000000000e+00
2.0219648337443840e-02 1.5609389051851580e-02 0.0000000000000000e+00
2.0589914029055960e-02 1.4819415653507631e-02 0.0000000000000000e+00
1.3004479949691171e-02 4.8579129658427476e-03 0.0000000000000000e+00
2.3198871034648710e-02 6.1050826803975668e-03 0.0000000000000000e+00
2.0834404265755231e-02 1.3811626575553701e-02 0.0000000000000000e+00
2.4871964806173472e-02 1.1082479883669050e-02 0.0000000000000000e+00
2.2491723955508119e-02 4.8847450814018204e-03 0.0000000000000000e+00
2.4515739799427901e-02 3.8466941517515782e-03 0.0000000000000000e+00
9.6119848661244626e-03 4.1317849449521724e-03 0.0000000000000000e+00
2.3964382529858580e-02 1.0496131086309120e-03 0.0000000000000000e+00
2.1559087460338560e-02 9.6572134070641719e-03 0.0000000000000000e+00
1.2374425201809130e-02 1.5424085033265669e-03 0.0000000000000000e+00
2.1085458679386049e-02 1.0248496031107480e-03 0.0000000000000000e+00
2.5932129998023291e-02 6.0251037127358282e-03 0.0000000000000000e+00
7.2148790838923024e-03 6.5913585988042330e-03 0.0000000000000000e+00
1.6165744546734740e-02 7.8563819133624802e-03 0.0000000000000000e+00
1.7527456886796050e-02 5.0320786009746109e-03 0.0000000000000000e+00
1.9445987247122948e-02 2.3206037230950878e-03 0.0000000000000000e+00
2.3861403083794010e-02 8.9740818073718118e-03 0.0000000000000000e+00
2.0831286185778619e-02 1.0897869309503041e-02 0.0000000000000000e+00
2.2234710250991111e-02 1.4459963690639220e-02 0.0000000000000000e+00
1.3099995527908720e-02 3.2100776878016702e-03 0.0000000000000000e+00
2.4641185264701292e-02 9.8600016269201479e-03 0.0000000000000000e+00
1.6517103741367209e-02 1.3270828603665720e-02 0.0000000000000000e+00
8.1789562429957080e-03 7.6767751682369351e-03 0.0000000000000000e+00
9.2213507100942262e-03 6.5100258822138228e-03 0.0000000000000000e+00
9.7145975014816862e-03 3.7886173095683957e-04 0.0000000000000000e+00
2.5570208943348900e-02 3.5380846344830658e-03 0.0000000000000000e+00
1.5340447012315810e-02 1.6319399177950381e-03 0.0000000000000000e+00
1.0951623612865800e-02 3.5034769495926521e-03 0.0000000000000000e+00
1.7864292632598130e-02 1.2302537511801491e-02 0.0000000000000000e+00
1.1828215060359710e-02 1.6397461067983320e-03 0.0000000000000000e+00
1.4693954824070370e-02 8.9444106613013486e-03 0.0000000000000000e+00
1.4929199444728959e-02 8.4529048322033312e-03 0.0000000000000000e+00
1.6753603010726471e-02 8.4145649331930569e-03 0.0000000000000000e+00
2.5036700234414830e-02 6.2656710180648244e-03 0.0000000000000000e+00
1.4860394447271120e-02 4.4280790011770951e-04 0.0000000000000000e+00
2.3179425934824891e-02 1.0569165652784941e-02 0.0000000000000000e+00
2.4629919509078540e-02 7.0857439916697544e-03 0.0000000000000000e+00
2.1242322476406721e-02 5.4602019499414411e-03 0.0000000000000000e+00
1.0975821562196640e-02 1.9946908135137181e-03 0.0000000000000000e+00
1.6100434222961871e-02 9.0602777370992309e-03 0.0000000000000000e+00
1.3419331320417491e-02 9.9725626618290420e-03 0.0000000000000000e+00
1.7648876128365291e-02 9.9442256372570502e-04 0.0000000000000000e+00
1.6735591287068561e-02 7.4992888969152389e-03 0.0000000000000000e+00
1.1234942173632200e-02 3.8943440332933361e-04 0.0000000000000000e+00
1.8457343004690759e-02 1.7740006073565771e-02 0.0000000000000000e+00
1.9209730683740441e-02 1.8679603659245699e-02 0.0000000000000000e+00
1.7502805986413641e-02 1.0751559666784450e-02 0.0000000000000000e+00
2.3682268072609841e-02 6.1740793863001254e-03 0.0000000000000000e+00
2.1548293934682199e-02 1.4803748768111580e-02 0.0000000000000000e+00
1.2559939433639080e-02 3.5443160024102669e-03 0.0000000000000000e+00
2.5557077452754481e-02 2.6782100412513481e-03 0.0000000000000000e+00
2.0118962922147619e-02 1.0488511703548571e-02 0.0000000000000000e+00
1.8370802483351580e-02 4.1673020382688424e-03 0.0000000000000000e+00
2.1068755935628101e-02 1.0158998156564790e-02 0.0000000000000000e+00
2.1914125793733849e-02 9.8551101409947058e-03 0.0000000000000000e+00
2.1033050350993329e-02 7.9934837494283449e-03 0.0000000000000000e+00
1.9132635537424982e-02 3.8334100348398100e-04 0.0000000000000000e+00
1.0536764740335131e-02 6.5011933595030182e-03 0.0000000000000000e+00
9.4943742489094450e-03 5.7556188028986986e-03 0.0000000000000000e+00
1.1930830851563771e-02 1.0554338162015550e-02 0.0000000000000000e+00
1.6963864594199480e-02 5.5668006164686853e-03 0.0000000000000000e+00
2.1211036014825518e-02 1.6039254169916431e-02 0.0000000000000000e+00
2.1577682267829541e-02 8.5649403827436337e-03 0.0000000000000000e+00
2.4791111450935609e-02 5.5290106320813326e-03 0.0000000000000000e+00
2.3659964401674428e-02 3.2729826316540110e-03 0.0000000000000000e+00
1.5105694924937140e-02 9.7380122616533976e-04 0.0000000000000000e+00
2.2618005793431310e-02 7.2019104882130964e-03 0.0000000000000000e+00
8.8188081632982109e-03 8.2071342267691968e-03 0.0000000000000000e+00
2.6442365986499520e-02 3.5645488935087638e-03 0.0000000000000000e+00
1.6778279341574699e-02 1.2051615056620019e-02 0.0000000000000000e+00
8.6223981552561689e-03 3.4390908579043579e-03 0.0000000000000000e+00
2.4135875672809039e-02 9.3137111780769201e-03 0.0000000000000000e+00
2.1532672095014051e-02 5.9747697785541383e-03 0.0000000000000000e+00
2.7017303731767271e-02 3.9619622914750918e-03 0.0000000000000000e+00
1.2554804584986990e-02 2.7450676870419449e-03 0.0000000000000000e+00
1.8843284879895370e-02 8.9562078292189963e-03 0.0000000000000000e+00
1.9179710767770381e-02 9.7418403256943863e-03 0.0000000000000000e+00
2.0243621129877029e-02 9.1048228037623313e-03 0.0000000000000000e+00
2.0086951971940291e-02 9.5949522033805645e-03 0.0000000000000000e+00
2.1754813207442169e-02 3.8152089051581950e-03 0.0000000000000000e+00
1.9027051845249578e-02 4.4758892148289786e-03 0.0000000000000000e+00
2.6854157484757619e-02 4.6897528961268083e-03 0.0000000000000000e+00
2.1723665069072421e-02 7.4274021191528053e-03 0.0000000000000000e+00
1.5798338808049560e-02 1.0131440542461140e-02 0.0000000000000000e+00
8.4540665619249403e-03 6.2114024016322530e-03 0.0000000000000000e+00
1.8500920584964151e-02 1.6206128241225758e-02 0.0000000000000000e+00
2.1327349999313169e-02 1.8298126143406969e-03 0.0000000000000000e+00
2.1514465558124449e-02 2.1918293670429700e-03 0.0000000000000000e+00
2.3643513550924651e-02 1.7528688166198461e-03 0.0000000000000000e+00
1.7376883282154500e-02 1.1526972129066160e-02 0.0000000000000000e+00
8.1800269760248581e-03 5.4889448241128378e-03 0.0000000000000000e+00
1.7984482127026351e-02 1.3472301692171959e-02 0.0000000000000000e+00
9.9339568289983325e-03 6.0868539857066488e-03 0.0000000000000000e+00
2.0411845734529761e-02 4.2529030986077510e-04 0.0000000000000000e+00
2.1228627769243578e-02 6.8403729160629052e-03 0.0000000000000000e+00
2.1773342881542951e-02 1.1394740173044220e-02 0.0000000000000000e+00
2.2158346852103581e-02 1.5877541257472028e-02 0.0000000000000000e+00
2.1862427259253279e-02 1.6305530185738271e-02 0.0000000000000000e+00
1.1844838870979250e-02 5.9568434922785693e-03 0.0000000000000000e+00
2.2609215050677822e-02 1.2485924107793129e-02 0.0000000000000000e+00
1.7149717505477120e-02 3.7936524424035488e-04 0.0000000000000000e+00
2.4947824627194349e-02 5.0962684461093458e-03 0.0000000000000000e+00
2.4777679691697880e-02 8.8497441171279858e-04 0.0000000000000000e+00
1.7884984235677880e-02 1.0009822063789720e-02 0.0000000000000000e+00
1.4940268892471929e-02 7.5558875594416873e-03 0.0000000000000000e+00
1.3753502443601370e-02 3.7949108623120097e-04 0.0000000000000000e+00
1.2537933346582739e-02 1.9894125907170741e-03 0.0000000000000000e+00
1.9007701178941839e-02 1.0675225212603890e-03 0.0000000000000000e+00
1.9801299096401249e-02 1.4316143540715460e-02 0.0000000000000000e+00
2.3191984074841441e-02 4.4812281574923727e-03 0.0000000000000000e+00
2.0816551688010099e-02 3.2990103379668162e-03 0.0000000000000000e+00
2.0530494005862241e-02 1.3302848796585829e-02 0.0000000000000000e+00
2.4221163299727549e-02 1.8214228484537440e-03 0.0000000000000000e+00
1.3874833718352001e-02 1.3334686960690430e-02 0.0000000000000000e+00
1.9238760700624989e-02 4.0831691749412761e-03 0.0000000000000000e+00
1.1605247865454520e-02 4.7321406376281440e-03 0.0000000000000000e+00
1.8063656954113130e-02 3.4173232612579540e-03 0.0000000000000000e+00
2.1035334583914270e-02 8.7435238050215334e-03 0.0000000000000000e+00
2.0115513777810110e-02 1.7201180903587378e-02 0.0000000000000000e+00
2.7192896629597039e-02 2.5265451723852170e-03 0.0000000000000000e+00
2.7032316671128029e-02 3.2380546609510198e-03 0.0000000000000000e+00
8.5595445073019024e-03 2.2345171057166812e-03 0.0000000000000000e+00
8.7693110860872104e-03 5.4783809430568597e-03 0.0000000000000000e+00
1.4002147371951870e-02 1.8747165840846561e-03 0.0000000000000000e+00
2.0300985858043730e-02 1.0552871980224680e-03 0.0000000000000000e+00
2.0167651494920748e-02 4.7828254630050537e-03 0.0000000000000000e+00
2.3396351529383581e-02 1.2684189051349730e-02 0.0000000000000000e+00
1.6179206310758171e-02 3.7579172803830878e-04 0.0000000000000000e+00
2.4126194588527491e-02 1.0332283348015510e-02 0.0000000000000000e+00
1.3160234682891110e-02 2.0661219277544121e-03 0.0000000000000000e+00
2.3722873692093211e-02 1.0001377743776111e-02 0.0000000000000000e+00
1.5983043887415570e-02 1.1728957642298169e-02 0.0000000000000000e+00
7.9963173976639913e-03 3.7850840207705261e-03 0.0000000000000000e+00
1.7015711902184389e-02 6.3939623832105722e-03 0.0000000000000000e+00
8.7552130178575015e-03 4.2076462411469399e-03 0.0000000000000000e+00
1.5990405931248491e-02 1.0803359317319401e-03 0.0000000000000000e+00
1.6910046156817741e-02 2.1817331058315102e-03 0.0000000000000000e+00
6.4245364364468819e-03 5.8626121718915901e-03 0.0000000000000000e+00
9.3653933310606993e-03 7.5054987331207839e-03 0.0000000000000000e+00
2.3221834637728891e-02 1.2037947333369761e-02 0.0000000000000000e+00
1.7772319904269349e-02 1.6490343527103119e-02 0.0000000000000000e+00
8.1373968280349564e-03 6.9400747527111253e-03 0.0000000000000000e+00
1.5620698785128910e-02 1.2446309430755110e-02 0.0000000000000000e+00
1.6509704144635800e-02 1.2443027576402780e-02 0.0000000000000000e+00
1.4821335499014250e-02 3.0089591009102822e-03 0.0000000000000000e+00
6.7429824154356978e-03 4.7151884730842197e-03 0.0000000000000000e+00
6.9881683727133128e-03 4.3056574837627790e-03 0.0000000000000000e+00
9.1897347874388899e-03 4.7866660276453740e-03 0.0000000000000000e+00
1.9375431179313961e-02 9.4088527162384007e-03 0.0000000000000000e+00
1.3998301770202420e-02 1.1314113631143969e-02 0.0000000000000000e+00
1.5527762625095760e-02 2.3052460406051620e-03 0.0000000000000000e+00
9.9416942427003694e-03 2.0120333963694870e-03 0.0000000000000000e+00
1.7386210198506159e-02 1.4286341133626850e-02 0.0000000000000000e+00
2.5447276405430930e-02 4.2924998732652734e-03 0.0000000000000000e+00
2.5532726159942148e-02 3.9038091088112320e-04 0.0000000000000000e+00
1.8247986764388789e-02 3.8439617213327422e-04 0.0000000000000000e+00
2.5150704678619441e-02 5.7806609960510454e-03 0.0000000000000000e+00
1.9705870540785101e-02 8.7253810427949125e-04 0.0000000000000000e+00
1.9106497833333218e-02 1.2454656183751920e-02 0.0000000000000000e+00
2.2179535011176140e-02 1.0697190263676999e-02 0.0000000000000000e+00
1.6052023111172081e-02 6.4838236673452716e-03 0.0000000000000000e+00
7.7035175446822108e-03 6.4462101517298162e-03 0.0000000000000000e+00
2.0278422730082131e-02 1.2540938436452870e-02 0.0000000000000000e+00
8.0954118759905061e-03 1.4166513322682720e-03 0.0000000000000000e+00
7.9950586887198791e-03 1.8916227945862860e-03 0.0000000000000000e+00
1.7344713064118961e-02 1.7405647105119210e-03 0.0000000000000000e+00
2.2010139156491949e-02 2.1038343835217588e-03 0.0000000000000000e+00
1.7602132598702521e-02 1.5451424126953850e-02 0.0000000000000000e+00
2.3319838983885729e-02 6.8817764840153192e-03 0.0000000000000000e+00
2.6216531534783611e-02 3.9299782771083603e-03 0.0000000000000000e+00
2.2559150380508781e-02 1.3988708684721631e-02 0.0000000000000000e+00
2.3044183729678140e-02 2.7613108882595830e-03 0.0000000000000000e+00
2.0336642782038769e-02 1.0916808951302190e-02 0.0000000000000000e+00
2.2246804656278280e-02 4.8651652542837978e-04 0.0000000000000000e+00
1.5928815076091372e-02 1.4692757138320861e-02 0.0000000000000000e+00
1.7386112116883609e-02 8.8082968333213548e-03 0.0000000000000000e+00
2.1622310081503528e-02 5.1885982063295507e-03 0.0000000000000000e+00
1.9394362382788660e-02 6.9929826422672143e-03 0.0000000000000000e+00
2.6619879066525250e-02 2.1512520612298690e-03 0.0000000000000000e+00
2.6429299582642930e-02 2.8423153021305309e-03 0.0000000000000000e+00
1.7200063007255330e-02 8.1385365044504918e-03 0.0000000000000000e+00
2.1177951297972512e-02 2.5371807634474190e-03 0.0000000000000000e+00
1.5198622409631830e-02 1.4739908909340810e-02 0.0000000000000000e+00
9.5118131522184124e-03 2.1148245818533688e-03 0.0000000000000000e+00
1.4781649588038010e-02 1.1273938628523231e-02 0.0000000000000000e+00
2.6088387572392801e-02 7.9331512062642915e-03 0.0000000000000000e+00
2.5938537181424831e-02 8.4243750640937871e-03 0.0000000000000000e+00
1.9886370818363409e-02 1.2864235429376520e-02 0.0000000000000000e+00
1.8506836401003160e-02 1.2890546675361681e-02 0.0000000000000000e+00
2.3098231801071289e-02 1.3360763739311551e-02 0.0000000000000000e+00
1.9489150476246001e-02 1.5429146045296150e-02 0.0000000000000000e+00
2.4539874044855581e-02 1.1746564712558321e-02 0.0000000000000000e+00
1.2774720570256311e-02 9.5977451311981040e-03 0.0000000000000000e+00
2.7275489478220630e-02 1.1240704231200731e-03 0.0000000000000000e+00
1.3495238334598231e-02 1.1286686678513480e-02 0.0000000000000000e+00
1.9231123181908848e-02 4.8920277859497794e-03 0.0000000000000000e+00
2.5070461503225481e-02 2.0274468746888010e-03 0.0000000000000000e+00
2.0229425996659979e-02 1.8355215986010809e-02 0.0000000000000000e+00
2.5310786541611820e-02 9.9816808900213740e-03 0.0000000000000000e+00
2.3520251326851149e-02 7.5856441936568422e-03 0.0000000000000000e+00
1.8409117454823140e-02 2.8074370943680128e-03 0.0000000000000000e+00
2.7237505407796351e-02 6.2270553110742831e-04 0.0000000000000000e+00
2.0931399789857450e-02 1.5163350798418421e-02 0.0000000000000000e+00
2.4418849155999629e-02 5.8482751172001064e-03 0.0000000000000000e+00
1.9380947290456751e-02 1.6846622247909188e-02 0.0000000000000000e+00
1.3386116589898920e-02 1.2835518633195120e-02 0.0000000000000000e+00
2.2464065897932931e-02 1.1017118170742350e-02 0.0000000000000000e+00
2.5166684388244001e-02 3.4303120648215110e-03 0.0000000000000000e+00
7.5985798222742264e-03 4.5033326288067754e-03 0.0000000000000000e+00
1.8559943329563362e-02 2.0304994336820289e-03 0.0000000000000000e+00
1.3770851191816169e-02 1.2509243883089291e-02 0.0000000000000000e+00
2.0950626809318411e-02 1.2383434663263230e-02 0.0000000000000000e+00
2.6569695352455552e-02 1.3789217716636409e-03 0.0000000000000000e+00
1.8045486544633779e-02 7.9528351094284595e-03 0.0000000000000000e+00
1.9603182181878061e-02 1.5258720353546181e-03 0.0000000000000000e+00
1.9620771305570561e-02 1.8779881440319841e-02 0.0000000000000000e+00
2.0690731563917791e-02 1.7773211050199259e-02 0.0000000000000000e+00
9.4003677629851158e-03 3.4652526798999370e-03 0.0000000000000000e+00
2.0560451537379659e-02 4.4603923304529607e-03 0.0000000000000000e+00
2.0331795560684918e-02 5.5705461937249640e-03 0.0000000000000000e+00
1.5607171632706539e-02 8.2640468586426055e-04 0.0000000000000000e+00
2.4665311769276631e-02 8.5785835677264725e-03 0.0000000000000000e+00
2.3344906098747450e-02 5.3693730569364072e-03 0.0000000000000000e+00
1.4620434428171380e-02 1.4089279358412549e-02 0.0000000000000000e+00
1.8831705610295651e-02 1.7429974950001120e-02 0.0000000000000000e+00
1.4337967198473920e-02 3.5259520810767631e-03 0.0000000000000000e+00
1.7484918437226861e-02 1.6927580713537529e-02 0.0000000000000000e+00
2.2746912694735631e-02 1.5126519076861321e-02 0.0000000000000000e+00
1.0048667729729550e-02 9.3220116164202498e-04 0.0000000000000000e+00
1.5511163041595340e-02 1.4139798380987030e-02 0.0000000000000000e+00
2.2317059415094220e-02 8.8368733474561562e-03 0.0000000000000000e+00
1.1226776386828169e-02 1.2384131816147021e-03 0.0000000000000000e+00
1.3990111306261011e-02 9.5568570655927606e-03 0.0000000000000000e+00
2.5021070771735699e-02 9.0580413412535074e-03 0.0000000000000000e+00
1.7246735912700491e-02 1.1957012133207391e-02 0.0000000000000000e+00
1.1514970297374380e-02 1.0952338685856889e-02 0.0000000000000000e+00
1.9721173175339869e-02 1.2012773688712191e-02 0.0000000000000000e+00
1.4285552634744200e-02 8.9266753874353410e-03 0.0000000000000000e+00
1.8634194057857632e-02 1.2432278106471959e-02 0.0000000000000000e+00
2.6043876828736458e-02 8.4547497223463105e-04 0.0000000000000000e+00
8.1464126972549157e-03 1.0265169840214250e-03 0.0000000000000000e+00
8.2290786572032700e-03 5.6373867368537858e-04 0.0000000000000000e+00
1.0847946052578539e-02 4.0541267088037118e-03 0.0000000000000000e+00
2.4380929943739391e-02 2.1907138649447612e-03 0.0000000000000000e+00
1.5156055087623591e-02 7.9707712523132933e-03 0.0000000000000000e+00
2.0034777394439079e-02 7.8977165239842474e-03 0.0000000000000000e+00
2.2384653896161410e-02 5.3419616700394667e-03 0.0000000000000000e+00
2.3100703783059472e-02 1.4494832113628099e-02 0.0000000000000000e+00
1.9279645056930979e-02 1.7962817251626319e-02 0.0000000000000000e+00
1.9299691073388019e-02 1.8063131921695970e-03 0.0000000000000000e+00
1.0288634430170720e-02 5.7257522267431197e-03 0.0000000000000000e+00
1.6894645309245001e-02 8.3586812960656509e-04 0.0000000000000000e+00
2.2789574884050642e-02 9.8733242356931449e-03 0.0000000000000000e+00
1.9669949917149741e-02 4.1575507933609059e-03 0.0000000000000000e+00
1.3600512284652430e-02 1.0153583127999811e-03 0.0000000000000000e+00
1.9227559076346160e-02 1.6143892261591481e-02 0.0000000000000000e+00
1.4269800811674661e-02 2.6950672778726661e-03 0.0000000000000000e+00
2.3338395640221419e-02 2.1422748208092032e-03 0.0000000000000000e+00
2.2993077529892249e-02 1.9701191324549149e-03 0.0000000000000000e+00
1.2561585334526211e-02 1.1995468660226180e-02 0.0000000000000000e+00
2.6171143420007412e-02 4.8726781629288476e-03 0.0000000000000000e+00
2.2431942587242640e-02 9.5753355979280239e-04 0.0000000000000000e+00
1.9793792818067701e-02 1.7480862951978159e-02 0.0000000000000000e+00
2.0957528355152900e-02 1.1378873383052679e-02 0.0000000000000000e+00
2.0863920733008419e-02 5.1167207239394214e-03 0.0000000000000000e+00
1.4617519308805419e-02 1.0916241206166070e-02 0.0000000000000000e+00
1.2707588346474280e-02 2.9764326921328041e-04 0.0000000000000000e+00
1.9669489746981281e-02 1.6109959614235551e-02 0.0000000000000000e+00
2.4926756658634180e-02 3.7556823274434471e-03 0.0000000000000000e+00
1.6940807966946681e-02 1.1294309505496900e-02 0.0000000000000000e+00
8.8145958215497342e-03 7.0525922065467431e-03 0.0000000000000000e+00
1.6100032863144369e-02 1.3552648705368099e-02 0.0000000000000000e+00
1.4113215479778800e-02 3.8366442920234468e-03 0.0000000000000000e+00
1.8612416624817690e-02 4.4733709776638552e-03 0.0000000000000000e+00
1.2753022233513630e-02 1.1296966266320971e-02 0.0000000000000000e+00
2.2864591482433579e-02 3.1871115001540179e-03 0.0000000000000000e+00
1.5661729231848241e-02 6.7271232328023440e-03 0.0000000000000000e+00
2.5117285980421050e-02 1.0708022934851701e-02 0.0000000000000000e+00
1.9729149425684000e-02 7.6579604764186841e-03 0.0000000000000000e+00
2.1565411388858789e-02 1.6639545213454961e-02 0.0000000000000000e+00
2.1260439296220290e-02 1.7023693396466071e-02 0.0000000000000000e+00
1.8647730517786971e-02 1.8154823385048580e-02 0.0000000000000000e+00
1.7706934400607020e-02 3.1527156443961310e-03 0.0000000000000000e+00
2.5781202616721070e-02 6.7213046777253082e-03 0.0000000000000000e+00
2.0744467527498440e-02 1.6758360903458270e-02 0.0000000000000000e+00
1.9807305429836330e-02 7.2450748483317172e-03 0.0000000000000000e+00
2.4048939361916891e-02 8.5553923495952748e-03 0.0000000000000000e+00
1.9795416511160770e-02 1.5742458957097041e-02 0.0000000000000000e+00
2.3747075357325290e-02 4.0353552524821298e-03 0.0000000000000000e+00
1.0082196791566351e-02 3.0429275801132131e-03 0.0000000000000000e+00
1.0200606857023380e-02 3.7493336606746531e-03 0.0000000000000000e+00
1.6090187898870310e-02 8.6200180184262398e-03 0.0000000000000000e+00
2.0652534158999761e-02 1.1671516634876330e-02 0.0000000000000000e+00
1.8116598919684711e-02 8.7266545858622584e-03 0.0000000000000000e+00
2.5494031099739800e-02 2.0517878698205860e-03 0.0000000000000000e+00
1.1566232992620310e-02 5.5184803696969320e-03 0.0000000000000000e+00
2.5313667480979869e-02 8.5367602494500726e-04 0.0000000000000000e+00
1.1271793311288020e-02 6.6647342121855767e-03 0.0000000000000000e+00
2.3210752570018131e-02 3.4836697792869189e-03 0.0000000000000000e+00
2.3602326202384831e-02 2.9131502044130262e-04 0.0000000000000000e+00
1.3591511060618840e-02 8.8372459157572449e-03 0.0000000000000000e+00
1.4562151430220480e-02 1.3295884449009180e-02 0.0000000000000000e+00
1.7622591589823669e-02 1.1192556009297319e-02 0.0000000000000000e+00
2.5919065907152001e-02 1.5222902024599320e-03 0.0000000000000000e+00
2.6317332938386478e-02 7.2219447380047824e-03 0.0000000000000000e+00
1.6372579515189920e-02 7.5966995421785331e-04 0.0000000000000000e+00
2.2609777109802349e-02 8.4414964066237483e-03 0.0000000000000000e+00
1.6704627041002729e-02 1.4558010344673130e-03 0.0000000000000000e+00
6.2881840504017336e-03 5.2323884132736134e-03 0.0000000000000000e+00
2.7219595223454299e-02 1.8041705522296790e-03 0.0000000000000000e+00
1.1456048053408030e-02 2.6460242264913190e-03 0.0000000000000000e+00
2.5181392278502791e-02 7.8804259948368066e-03 0.0000000000000000e+00
2.5246517609941468e-02 8.2592056071738723e-03 0.0000000000000000e+00
2.6378608418951632e-02 9.7569963355622919e-04 0.0000000000000000e+00
2.0631815664883129e-02 5.8473600699133236e-03 0.0000000000000000e+00
2.4596376366784970e-02 6.2622920376702272e-03 0.0000000000000000e+00
1.8033710096865271e-02 1.4158344596169201e-02 0.0000000000000000e+00
1.3172060877272020e-02 2.4660144546995561e-03 0.0000000000000000e+00
2.1608964967678970e-02 9.5262689698148370e-04 0.0000000000000000e+00
1.3325082128774670e-02 1.0851254806017769e-02 0.0000000000000000e+00
1.1398360813524220e-02 1.9854934539637122e-03 0.0000000000000000e+00
1.8552832571400030e-02 1.1053098858738531e-02 0.0000000000000000e+00
2.6594963771164139e-02 6.0759284979095612e-03 0.0000000000000000e+00
2.6673976637639950e-02 5.6150048470645754e-03 0.0000000000000000e+00
1.5187396455418219e-02 7.2433447362009948e-03 0.0000000000000000e+00
1.1700078713105541e-02 1.1259375692929450e-02 0.0000000000000000e+00
2.6482105202396650e-02 6.5558630399653057e-03 0.0000000000000000e+00
7.9098144552116265e-03 2.3033375040678798e-03 0.0000000000000000e+00
7.7749124458956036e-03 2.7371685178050500e-03 0.0000000000000000e+00
1.3260915433547380e-02 4.6097592922332417e-03 0.0000000000000000e+00
2.2653643052513640e-02 5.6232629092541602e-03 0.0000000000000000e+00
2.3621010326622859e-02 1.3680288420164159e-02 0.0000000000000000e+00
2.3362243409397739e-02 1.4090506904611151e-02 0.0000000000000000e+00
2.1473506852331330e-02 3.6401318672222872e-04 0.0000000000000000e+00
1.2513685509779370e-02 4.1565023240229286e-03 0.0000000000000000e+00
2.5019366262032081e-02 9.7308119872730990e-03 0.0000000000000000e+00
1.6981521783351858e-02 1.0215775516686100e-02 0.0000000000000000e+00
2.5552619220339658e-02 9.5292865386393776e-03 0.0000000000000000e+00
2.2686923152916101e-02 3.9267154036024352e-03 0.0000000000000000e+00
2.4320917722274502e-02 1.1477333473572311e-02 0.0000000000000000e+00
2.3845934424973531e-02 1.3257780713624330e-02 0.0000000000000000e+00
1.5630830894640568e-02 1.0443509040823300e-02 0.0000000000000000e+00
2.5725294180761239e-02 9.0878227607931183e-03 0.0000000000000000e+00
1.4359539692116390e-02 1.0252050277355250e-02 0.0000000000000000e+00
2.4824836144485989e-02 1.1309135643529150e-02 0.0000000000000000e+00
1.0586198901066050e-02 7.3080585886888573e-03 0.0000000000000000e+00
1.7753862537248831e-02 1.7224483981767680e-02 0.0000000000000000e+00
1.4033581433208400e-02 1.0009881947928571e-02 0.0000000000000000e+00
2.3377562883000299e-02 1.0187214934970020e-02 0.0000000000000000e+00
1.8691317224137031e-02 1.1655605985314670e-02 0.0000000000000000e+00
2.4391554906470998e-02 1.0750965227696720e-02 0.0000000000000000e+00
2.3864093113235570e-02 1.1980250949643730e-02 0.0000000000000000e+00
1.7521832901161081e-02 5.8322765683845824e-03 0.0000000000000000e+00
1.9808983276534201e-02 4.5404733637050051e-03 0.0000000000000000e+00
1.3074713295644819e-02 3.5280789987942462e-04 0.0000000000000000e+00
1.6440030619527451e-02 1.0724719151938650e-02 0.0000000000000000e+00
2.2921762746049089e-02 9.1023278981566709e-03 0.0000000000000000e+00
1.2295950256416541e-02 3.3355764337248111e-03 0.0000000000000000e+00
2.5363479851023791e-02 1.3380965663944650e-03 0.0000000000000000e+00
2.4079129846856961e-02 1.2835950078566400e-02 0.0000000000000000e+00
2.4302604812147952e-02 1.2410897790147250e-02 0.0000000000000000e+00
1.5825789419802779e-02 1.5365044119391630e-02 0.0000000000000000e+00
1.3086785760162770e-02 1.2589370345191111e-02 0.0000000000000000e+00
1.8274297462779511e-02 1.5170375522778499e-02 0.0000000000000000e+00
2.0079880797565539e-02 1.3647875021373840e-02 0.0000000000000000e+00
1.8181448713689020e-02 2.0735101941475602e-03 0.0000000000000000e+00
2.1332792541601489e-02 1.1576256234309530e-02 0.0000000000000000e+00
2.4379352793955970e-02 3.4888027205478541e-03 0.0000000000000000e+00
1.8325977176705730e-02 7.5157256782641246e-04 0.0000000000000000e+00
2.6962573597332541e-02 4.1973110153992570e-03 0.0000000000000000e+00
2.7032450431373600e-02 3.7208088404133118e-03 0.0000000000000000e+00
2.1086031492941928e-02 7.6114485979331282e-03 0.0000000000000000e+00
2.6842217875400649e-02 4.9096030549625642e-03 0.0000000000000000e+00
7.3114056233917861e-03 3.7503591152528480e-03 0.0000000000000000e+00
7.4915329868425022e-03 3.3422757976387199e-03 0.0000000000000000e+00
2.2299011165723491e-02 1.5709073943539830e-02 0.0000000000000000e+00
8.8281566722989892e-03 3.3287337534126070e-04 0.0000000000000000e+00
2.0440264689991858e-02 1.5962296451183931e-02 0.0000000000000000e+00
2.2204656868804989e-02 1.3640057695898170e-02 0.0000000000000000e+00
1.7227754785684009e-02 1.3463782385080770e-02 0.0000000000000000e+00
2.7147275639797491e-02 2.7510888296411640e-03 0.0000000000000000e+00
2.7189598523256048e-02 2.2978928861167210e-03 0.0000000000000000e+00
2.3985018410010061e-02 7.3289859072200626e-03 0.0000000000000000e+00
1.9195711089820319e-02 8.2304859326660287e-03 0.0000000000000000e+00
2.5952433297636680e-02 3.4887396280489178e-04 0.0000000000000000e+00
9.8745697616602589e-03 2.7005124910752559e-03 0.0000000000000000e+00
2.3075809174612310e-02 5.1468022969436136e-03 0.0000000000000000e+00
2.0415451729860680e-02 5.1526766560002820e-03 0.0000000000000000e+00
1.6292101433277952e-02 1.5866188163668828e-02 0.0000000000000000e+00
2.0236080847116499e-02 8.5645059455109005e-03 0.0000000000000000e+00
1.4956113616201879e-02 1.3869918477347570e-02 0.0000000000000000e+00
1.9697386595354041e-02 1.7900469778201030e-02 0.0000000000000000e+00
1.8363230489765091e-02 3.1800031753234739e-03 0.0000000000000000e+00
2.5886476320322760e-02 8.6389206094007031e-03 0.0000000000000000e+00
2.6175230812190649e-02 7.7199674550289454e-03 0.0000000000000000e+00
1.7923792915309579e-02 1.6491365681442179e-03 0.0000000000000000e+00
2.4504436039583410e-02 1.1982053156592671e-02 0.0000000000000000e+00
1.8592348958286001e-02 9.2342445200709541e-03 0.0000000000000000e+00
2.7258060605162730e-02 1.3240327610146540e-03 0.0000000000000000e+00
1.9908236825031629e-02 8.3210427185002531e-03 0.0000000000000000e+00
2.0077413408948350e-02 1.8492357177818559e-02 0.0000000000000000e+00
2.0351355645181961e-02 1.8186846386411430e-02 0.0000000000000000e+00
2.5284960716681518e-02 1.0213383654864620e-02 0.0000000000000000e+00
1.0227461966781551e-02 5.3446847239970183e-03 0.0000000000000000e+00
2.0845434762431239e-02 1.7613656105827991e-02 0.0000000000000000e+00
1.8189246058887089e-02 1.7056671290050139e-02 0.0000000000000000e+00
1.3834784030006779e-02 2.2348987789887588e-03 0.0000000000000000e+00
2.2843858291017979e-02 1.4942802652101590e-02 0.0000000000000000e+00
2.2600968820270680e-02 1.5295249995685900e-02 0.0000000000000000e+00
1.5296552744966500e-02 1.1862284213792540e-02 0.0000000000000000e+00
1.4895563862406921e-02 1.7673473097565870e-03 0.0000000000000000e+00
2.3650564200098530e-02 4.7074614091794070e-03 0.0000000000000000e+00
2.3885313602913748e-02 4.4342317325564134e-03 0.0000000000000000e+00
1.4057658143141610e-02 3.1176525599387948e-03 0.0000000000000000e+00
2.1748911290885079e-02 1.6486149338708549e-02 0.0000000000000000e+00
2.1151529614384681e-02 1.7246685357950760e-02 0.0000000000000000e+00
1.8937333800578791e-02 7.3911821664276751e-04 0.0000000000000000e+00
2.6371812968023180e-02 7.0247503215785439e-03 0.0000000000000000e+00
2.6762585964447892e-02 5.3846839337536277e-03 0.0000000000000000e+00
1.6332593415265769e-02 1.5003605211781580e-02 0.0000000000000000e+00
2.6227149125656522e-02 3.2517825850411730e-03 0.0000000000000000e+00
1.3719615827754330e-02 1.0156310573319630e-02 0.0000000000000000e+00
2.1421505823138669e-02 8.1203309210213497e-03 0.0000000000000000e+00
1.3132793335553349e-02 8.4121973916709888e-04 0.0000000000000000e+00
1.9710699721952218e-02 5.3623776728898460e-03 0.0000000000000000e+00
1.8946840425194671e-02 5.2216157348309519e-03 0.0000000000000000e+00
2.3506569073118259e-02 2.9014619658051591e-03 0.0000000000000000e+00
2.1659839142599439e-02 1.2531848646097890e-02 0.0000000000000000e+00
1.8399716394310730e-02 1.3990284733687781e-03 0.0000000000000000e+00
1.6340980861400820e-02 8.3057358022009895e-03 0.0000000000000000e+00
1.5270078551842370e-02 1.1169249860189001e-02 0.0000000000000000e+00
1.7903598119646692e-02 1.5189911372800600e-02 0.0000000000000000e+00
1.6815049541747961e-02 1.3628010439097430e-02 0.0000000000000000e+00
9.3718410354736541e-03 3.8561598001866601e-03 0.0000000000000000e+00
2.4038541945987060e-02 1.1100518946001820e-02 0.0000000000000000e+00
2.0372829252125919e-02 7.7610674667203741e-03 0.0000000000000000e+00
2.2629597433625959e-02 2.9374302045529800e-04 0.0000000000000000e+00
1.4407956225278970e-02 1.2055155395556049e-02 0.0000000000000000e+00
2.0919385172955940e-02 4.7110154076126422e-03 0.0000000000000000e+00
2.5027905114856652e-02 1.0888279374541371e-02 0.0000000000000000e+00
1.6410789481356439e-02 7.5653761846796912e-03 0.0000000000000000e+00
1.6905381385574191e-02 1.5557029308187141e-02 0.0000000000000000e+00
2.7357852003142939e-02 1.2071318067313761e-04 0.0000000000000000e+00
1.0130910375640871e-02 7.7899463449903937e-03 0.0000000000000000e+00
1.8559379326795390e-02 8.6260778126980575e-03 0.0000000000000000e+00
1.6231412955886770e-02 1.4010624632851141e-02 0.0000000000000000e+00
1.0455532070215870e-02 4.0273172193854220e-03 0.0000000000000000e+00
1.6823296905058800e-02 1.2863521704991139e-02 0.0000000000000000e+00
2.5996966067856609e-02 2.6131898230697748e-03 0.0000000000000000e+00
7.0804984281438877e-03 4.1306524127358753e-03 0.0000000000000000e+00
6.5923901586740653e-03 4.8719748913151704e-03 0.0000000000000000e+00
1.9431173618153351e-02 1.9260451547625391e-02 0.0000000000000000e+00
2.0640785254466179e-02 8.0028975473733777e-03 0.0000000000000000e+00
2.0044835018487209e-02 2.8483950312757291e-03 0.0000000000000000e+00
1.5182023172526329e-02 2.6141655875424209e-04 0.0000000000000000e+00
2.1954230627150420e-02 5.8600526820842260e-03 0.0000000000000000e+00
2.3181082911558439e-02 1.1068371545072840e-02 0.0000000000000000e+00
1.2207311012004340e-02 1.0847317809926080e-02 0.0000000000000000e+00
2.2451750902860799e-02 3.6694394618724279e-03 0.0000000000000000e+00
1.5342478367108239e-02 9.2181909549698821e-03 0.0000000000000000e+00
1.9671142295199659e-02 1.5118119657350271e-02 0.0000000000000000e+00
1.7353944780292532e-02 1.4650872091682990e-02 0.0000000000000000e+00
1.9496793464354921e-02 5.6469949077976658e-03 0.0000000000000000e+00
1.2880433863920409e-02 3.5107033164414711e-03 0.0000000000000000e+00
1.7405077163693241e-02 1.6214295971835321e-02 0.0000000000000000e+00
2.5723757819485830e-02 6.3900884542700568e-03 0.0000000000000000e+00
1.6298306562221979e-02 1.0247145863127430e-02 0.0000000000000000e+00
1.9491080323394350e-02 1.7295548202461451e-02 0.0000000000000000e+00
2.1813763689845622e-02 1.5261392184372341e-02 0.0000000000000000e+00
2.3291422721928311e-02 8.1929633866801004e-04 0.0000000000000000e+00
9.7400879518599950e-03 5.3599210511728742e-03 0.0000000000000000e+00
2.1973723444421899e-02 1.1822215449488291e-02 0.0000000000000000e+00
1.8026798232358469e-02 4.2995862830153726e-03 0.0000000000000000e+00
2.3231628563021540e-02 9.4052017192176596e-03 0.0000000000000000e+00
1.7537146560027590e-02 6.4020198922717592e-03 0.0000000000000000e+00
1.9461792130920180e-02 1.1437690412523789e-03 0.0000000000000000e+00
9.2305078839487343e-03 8.9282992407116804e-04 0.0000000000000000e+00
1.9378671222720720e-02 2.8750762557897842e-03 0.0000000000000000e+00
2.5851331980360239e-02 3.2906807963000080e-03 0.0000000000000000e+00
8.0903703564202626e-03 1.2152556829105651e-03 0.0000000000000000e+00
1.8462040298468010e-02 1.4813153951483121e-02 0.0000000000000000e+00
1.5365578100403369e-02 1.3061272911534970e-02 0.0000000000000000e+00
1.1179525728142150e-02 6.1502229436207704e-03 0.0000000000000000e+00
1.3078856034381690e-02 9.2638695316058055e-03 0.0000000000000000e+00
2.0699066245505000e-02 1.5688193961669521e-02 0.0000000000000000e+00
1.8765507336747159e-02 2.7083939039621520e-03 0.0000000000000000e+00
2.2891795400346780e-02 6.9354394228716152e-03 0.0000000000000000e+00
1.6379804023618400e-02 6.7729309235666909e-03 0.0000000000000000e+00
1.0494208521577021e-02 3.4284903555598669e-03 0.0000000000000000e+00
1.5739248650195999e-02 1.4755866045688280e-03 0.0000000000000000e+00
6.1688721232314430e-03 5.3816710100317170e-03 0.0000000000000000e+00
2.2006766452760361e-02 5.4130204320468741e-03 0.0000000000000000e+00
1.5874832124198799e-02 1.4278859201982909e-02 0.0000000000000000e+00
7.6544844908959502e-03 2.9307854329499250e-03 0.0000000000000000e+00
7.9137213803108404e-03 2.0731774147469749e-03 0.0000000000000000e+00
1.1639152920167680e-02 3.0050568718044991e-03 0.0000000000000000e+00
9.2108589433515745e-03 8.7730880637240174e-03 0.0000000000000000e+00
1.8158345144610680e-02 1.5887817783795090e-02 0.0000000000000000e+00
9.5493240478144083e-03 8.4131098214985708e-03 0.0000000000000000e+00
1.1821646540494210e-02 5.2058181931204182e-03 0.0000000000000000e+00
2.0829437082314561e-02 1.0429385987459759e-02 0.0000000000000000e+00
1.8876358425840921e-02 1.6933114057571141e-02 0.0000000000000000e+00
1.7774211244452661e-02 5.4563994771771093e-03 0.0000000000000000e+00
2.2609004833851511e-02 2.5101795620405430e-03 0.0000000000000000e+00
1.0158719696265410e-02 2.3541323521301619e-03 0.0000000000000000e+00
1.8831282416958549e-02 1.1300808454655680e-02 0.0000000000000000e+00
1.6055685962883801e-02 9.4405809271441588e-03 0.0000000000000000e+00
9.7836366769765738e-03 3.3560152068278300e-03 0.0000000000000000e+00
1.3583273346649350e-02 9.5400368355626312e-03 0.0000000000000000e+00
2.4810540317623472e-02 1.3973865490058840e-03 0.0000000000000000e+00
2.1043575054583281e-02 1.3088883881294420e-02 0.0000000000000000e+00
2.2367660529290762e-02 7.4342029709609280e-03 0.0000000000000000e+00
1.5004163025226809e-02 1.0390081475181990e-02 0.0000000000000000e+00
8.9243418072171600e-03 6.7317609981381596e-03 0.0000000000000000e+00
1.9183533018917159e-02 1.7577045564230641e-02 0.0000000000000000e+00
1.1391550902837021e-02 3.6281630172262749e-03 0.0000000000000000e+00
1.3197563338031040e-02 1.2131278665265430e-02 0.0000000000000000e+00
1.5784989864307521e-02 1.1271597090502320e-02 0.0000000000000000e+00
1.6021812470645460e-02 1.2223458572109359e-02 0.0000000000000000e+00
2.6018131754413729e-02 5.5865457913538939e-03 0.0000000000000000e+00
2.3265548924750520e-02 1.4774850484235991e-03 0.0000000000000000e+00
1.4017744720217100e-02 1.1810698446399089e-02 0.0000000000000000e+00
2.3545082024599168e-02 1.1276706578776290e-02 0.0000000000000000e+00
1.5606536041963260e-02 7.4675663726694293e-03 0.0000000000000000e+00
1.0675713023787760e-02 5.1798694747843804e-03 0.0000000000000000e+00
1.2935598297922030e-02 2.7931502464432680e-03 0.0000000000000000e+00
1.6533910841771561e-02 1.6181474260449219e-02 0.0000000000000000e+00
2.0348554194682501e-02 9.8655820219933667e-03 0.0000000000000000e+00
2.0131068701322360e-02 7.0611507182823862e-03 0.0000000000000000e+00
2.0430146115138392e-02 1.0229863782089149e-02 0.0000000000000000e+00
1.9203774754726139e-02 1.4661597278144121e-02 0.0000000000000000e+00
6.6979270264805810e-03 1.1834881303568251e-03 0.0000000000000000e+00
6.2639547920072466e-03 2.3814008576627330e-03 0.0000000000000000e+00
5.7523307985318456e-03 3.5555397234909559e-03 0.0000000000000000e+00
5.6416077529805597e-03 4.4861942197084717e-03 0.0000000000000000e+00
6.9713482108365379e-03 2.0275954552053080e-03 0.0000000000000000e+00
6.5106981016925794e-03 3.2258223647628780e-03 0.0000000000000000e+00
7.3691939391812879e-03 7.9950247941492497e-04 0.0000000000000000e+00
6.2559881294546576e-03 3.8225875386782562e-03 0.0000000000000000e+00
6.9023339380964756e-03 2.5458052622550809e-03 0.0000000000000000e+00
7.2546982885675617e-03 1.4941815082979289e-03 0.0000000000000000e+00
5.6154843310135113e-03 4.9352608777418058e-03 0.0000000000000000e+00
4.9905453457708901e-03 3.8890328246155310e-03 0.0000000000000000e+00
6.0645191926540767e-03 4.4875943648617607e-03 0.0000000000000000e+00
7.5100269029367518e-03 4.5964129111666831e-04 0.0000000000000000e+00
6.5411255735048869e-03 3.5972144644351900e-03 0.0000000000000000e+00
7.2345638199855181e-03 2.3290096182477979e-03 0.0000000000000000e+00
6.9256825040086567e-03 3.0188674141976499e-03 0.0000000000000000e+00
7.3952263626924190e-03 1.9291363637778699e-03 0.0000000000000000e+00
6.3360360234446314e-03 1.7458121483952169e-03 0.0000000000000000e+00
5.9967111727704126e-03 3.0670128229073408e-03 0.0000000000000000e+00
7.5663587599957317e-03 1.1354557424027489e-03 0.0000000000000000e+00
6.3821262672861569e-03 4.2159626813820152e-03 0.0000000000000000e+00
6.3877257889279017e-03 5.8144811953447003e-04 0.0000000000000000e+00
5.9615217237634389e-03 1.0817195816981301e-03 0.0000000000000000e+00
5.1761915071053891e-03 3.0377538510584210e-03 0.0000000000000000e+00
5.5575863141947403e-03 1.8147623946672691e-03 0.0000000000000000e+00
5.5801432676344451e-03 2.3350196144467520e-03 0.0000000000000000e+00
6.8211709961234941e-03 7.1735170395305597e-04 0.0000000000000000e+00
7.1972312194224421e-03 2.7553060555429209e-03 0.0000000000000000e+00
7.5544602125871604e-03 1.5559206331996120e-03 0.0000000000000000e+00
5.6827224200536302e-03 5.2918266075964553e-03 0.0000000000000000e+00
5.9535485108213977e-03 4.8619404714298929e-03 0.0000000000000000e+00
5.4372302684307146e-03 3.9817730358626810e-03 0.0000000000000000e+00
5.2846155541227896e-03 3.4963734328427440e-03 0.0000000000000000e+00
6.1703419146876999e-03 3.4274788972279350e-03 0.0000000000000000e+00
6.0324724214274057e-03 2.0769217323387541e-03 0.0000000000000000e+00
5.1415537733050251e-03 4.3310574933229703e-03 0.0000000000000000e+00
5.7705392849308366e-03 7.2780398310824494e-04 0.0000000000000000e+00
7.7242079220890079e-03 7.0845931699682401e-04 0.0000000000000000e+00
7.7603081735525287e-03 2.8480234637068150e-04 0.0000000000000000e+00
6.8805181605579857e-03 3.4865540676304019e-03 0.0000000000000000e+00
6.6904431456944278e-03 3.9031002411054391e-03 0.0000000000000000e+00
4.3824944714476394e-03 3.6330080517147549e-03 0.0000000000000000e+00
4.8103300999949479e-03 3.4425107896033920e-03 0.0000000000000000e+00
6.7523303644587132e-03 1.5879864275308759e-03 0.0000000000000000e+00
5.5549542281342476e-03 2.7888025139428340e-03 0.0000000000000000e+00
5.8740054482703790e-03 4.0544561499440126e-03 0.0000000000000000e+00
7.4664790111280419e-03 2.1807364542463761e-03 0.0000000000000000e+00
5.9176390794527939e-03 1.5234227526755260e-03 0.0000000000000000e+00
4.6934166080269454e-03 4.2469461602842361e-03 0.0000000000000000e+00
6.5493599988924673e-03 2.1035179353399700e-03 0.0000000000000000e+00
5.5529606521329371e-03 3.1890964688484590e-03 0.0000000000000000e+00
6.4878003128616352e-03 2.7180528045381261e-03 0.0000000000000000e+00
7.1400783676483070e-03 3.9529909489693021e-04 0.0000000000000000e+00
6.3820068368692293e-03 4.4544340830622500e-03 0.0000000000000000e+00
6.3845256506109074e-03 9.6195360271678033e-04 0.0000000000000000e+00
5.1139039722273832e-03 2.6055968874279848e-03 0.0000000000000000e+00
5.2596281587821521e-03 4.7304015054769827e-03 0.0000000000000000e+00
6.3416633113685108e-03 1.3473971072288930e-03 0.0000000000000000e+00
7.2116002051717020e-03 3.0015086826212360e-03 0.0000000000000000e+00
7.3756415911525406e-03 2.5791007153555768e-03 0.0000000000000000e+00
7.6076422914468176e-03 1.7993167990212841e-03 0.0000000000000000e+00
7.6790336013583841e-03 1.3659370318091790e-03 0.0000000000000000e+00
6.2201538724052149e-03 4.7445093930771638e-03 0.0000000000000000e+00
5.8681177351549213e-03 5.1257149120573758e-03 0.0000000000000000e+00
7.0769465624678949e-03 1.1529943319927270e-03 0.0000000000000000e+00
5.9600906062768043e-03 2.5769478188556638e-03 0.0000000000000000e+00
4.6258735104006419e-03 3.8942375635342709e-03 0.0000000000000000e+00
6.1008109220546487e-03 7.4967978502254876e-04 0.0000000000000000e+00
6.0453562944442190e-03 3.9382056819792580e-04 0.0000000000000000e+00
5.6569069649987039e-03 3.9300656385932078e-04 0.0000000000000000e+00
7.7496460116348777e-03 9.4916979805518675e-04 0.0000000000000000e+00
7.7912839651738128e-03 5.0705680547739190e-04 0.0000000000000000e+00
1.2355397745993389e-02 7.7920188791292776e-03 0.0000000000000000e+00
1.4140102691735030e-02 6.0124405720815748e-03 0.0000000000000000e+00
1.5553609147326940e-02 4.5989341164896710e-03 0.0000000000000000e+00
1.1349605378188601e-02 8.8934555459907905e-03 0.0000000000000000e+00
1.3256219325737281e-02 6.8954402755736924e-03 0.0000000000000000e+00
1.6335734773906339e-02 3.8168084899102709e-03 0.0000000000000000e+00
1.4990700774089920e-02 5.4416873643994097e-03 0.0000000000000000e+00
1.0952787980995870e-02 9.6977900564177624e-03 0.0000000000000000e+00
1.1499889868018590e-02 8.0463556679664164e-03 0.0000000000000000e+00
1.2139051758095170e-02 8.5862742945636353e-03 0.0000000000000000e+00
1.0314375191269249e-02 9.1789399003790219e-03 0.0000000000000000e+00
1.4303224646945060e-02 5.2322784997016819e-03 0.0000000000000000e+00
1.4053172505875251e-02 6.7411102362991424e-03 0.0000000000000000e+00
1.3150989437797481e-02 7.6733157364404737e-03 0.0000000000000000e+00
1.2470894945782070e-02 7.0264276504402408e-03 0.0000000000000000e+00
1.3362467403307239e-02 6.1179108728130916e-03 0.0000000000000000e+00
1.4787301446824431e-02 4.6591365121398127e-03 0.0000000000000000e+00
1.5596545281451850e-02 3.8369470289074271e-03 0.0000000000000000e+00
1.6315596234909181e-02 4.5559979823647581e-03 0.0000000000000000e+00
1.6225112652780180e-02 3.0671789712680840e-03 0.0000000000000000e+00
1.7085364292548519e-02 3.9274306110364246e-03 0.0000000000000000e+00
1.4793780437400929e-02 6.1378894719429670e-03 0.0000000000000000e+00
1.5685068789634670e-02 5.0777101738773709e-03 0.0000000000000000e+00
1.0748960945292020e-02 8.6684531150450460e-03 0.0000000000000000e+00
1.1782537095604740e-02 9.3137683506626604e-03 0.0000000000000000e+00
1.2951325291034550e-02 8.3573419976550479e-03 0.0000000000000000e+00
1.3561085909112510e-02 5.4307619373067852e-03 0.0000000000000000e+00
1.1818320121112150e-02 7.2530071685520470e-03 0.0000000000000000e+00
1.3686307509278810e-02 7.3496773997681637e-03 0.0000000000000000e+00
1.2785830523446590e-02 6.4167208165838516e-03 0.0000000000000000e+00
1.5057261925032371e-02 4.1155006208485213e-03 0.0000000000000000e+00
1.6877970004064460e-02 3.2745732597521432e-03 0.0000000000000000e+00
1.0993783967261561e-02 8.1688441068377936e-03 0.0000000000000000e+00
1.0393283291350881e-02 9.7218151571341338e-03 0.0000000000000000e+00
1.4618252614071091e-02 6.5868137569547614e-03 0.0000000000000000e+00
1.5772278207260741e-02 3.3257597522783210e-03 0.0000000000000000e+00
1.6826783511538278e-02 4.3802650565558576e-03 0.0000000000000000e+00
1.0869624276602910e-02 9.1469939529325722e-03 0.0000000000000000e+00
1.1488722804213970e-02 9.7506151390712673e-03 0.0000000000000000e+00
1.0960165868571689e-02 1.0210195143262170e-02 0.0000000000000000e+00
1.5486539046572011e-02 5.9453704713266454e-03 0.0000000000000000e+00
1.5198559770964950e-02 4.9867731506139526e-03 0.0000000000000000e+00
1.6177791615075061e-02 5.1182464151836842e-03 0.0000000000000000e+00
1.4567691110886460e-02 5.6962842308021649e-03 0.0000000000000000e+00
1.5954325107495108e-02 4.1990740645482041e-03 0.0000000000000000e+00
1.4309746151631240e-02 4.7429790783566489e-03 0.0000000000000000e+00
1.2233859788568471e-02 9.0541091195200964e-03 0.0000000000000000e+00
1.1693482248703110e-02 8.4974096389975745e-03 0.0000000000000000e+00
1.1470150163348300e-02 7.5405039826090146e-03 0.0000000000000000e+00
1.3578517887678370e-02 6.5729087721858592e-03 0.0000000000000000e+00
1.2717190200684019e-02 7.4026591223646330e-03 0.0000000000000000e+00
1.1995346015962150e-02 8.1520715581436809e-03 0.0000000000000000e+00
1.2592165115582360e-02 8.7140657760051005e-03 0.0000000000000000e+00
1.1288655507121220e-02 9.3605246090150106e-03 0.0000000000000000e+00
1.4717440021638030e-02 5.1235488891068614e-03 0.0000000000000000e+00
9.8435959085520133e-03 9.1924020894714707e-03 0.0000000000000000e+00
1.3901597003358621e-02 5.0765714076797461e-03 0.0000000000000000e+00
1.0279508733592220e-02 8.6392294599543906e-03 0.0000000000000000e+00
1.2407923244837230e-02 6.5688543245067616e-03 0.0000000000000000e+00
1.4105824939514559e-02 7.2226335570140434e-03 0.0000000000000000e+00
1.3288830203107451e-02 8.0401064655028134e-03 0.0000000000000000e+00
1.3224407153015590e-02 5.7507877035310852e-03 0.0000000000000000e+00
1.2116544136841181e-02 6.8846840341945286e-03 0.0000000000000000e+00
1.4555736090741039e-02 4.3078142876996992e-03 0.0000000000000000e+00
1.1909300817405049e-02 7.6932742026146672e-03 0.0000000000000000e+00
1.6556161374821080e-02 4.8947331161878563e-03 0.0000000000000000e+00
1.5257810147628760e-02 3.5963818889955131e-03 0.0000000000000000e+00
1.1841096766354000e-02 8.8749452761883989e-03 0.0000000000000000e+00
1.4077417751652971e-02 5.5926802376690104e-03 0.0000000000000000e+00
1.2468379009458450e-02 8.2395486230430592e-03 0.0000000000000000e+00
1.1145263720505781e-02 7.7915205043342789e-03 0.0000000000000000e+00
1.6259957483147791e-02 2.6836238791897019e-03 0.0000000000000000e+00
1.7468919384626910e-02 3.8925857806688139e-03 0.0000000000000000e+00
1.3617039667455181e-02 7.7836584311316639e-03 0.0000000000000000e+00
1.2880737393514859e-02 6.0362640522418068e-03 0.0000000000000000e+00
1.2799962884128730e-02 7.8773453745614140e-03 0.0000000000000000e+00
1.2255682183786620e-02 7.3516335904268513e-03 0.0000000000000000e+00
1.3704004881287380e-02 5.8662987897401854e-03 0.0000000000000000e+00
1.4217459900841979e-02 6.3771125989869424e-03 0.0000000000000000e+00
1.3095943926430560e-02 7.2698138524624808e-03 0.0000000000000000e+00
1.2849824347746010e-02 6.8692718024358961e-03 0.0000000000000000e+00
1.5985624109821382e-02 3.6948422168526520e-03 0.0000000000000000e+00
1.6457763430945491e-02 4.1669815379767614e-03 0.0000000000000000e+00
1.5942125072381980e-02 4.7109656647931356e-03 0.0000000000000000e+00
1.4435754410240590e-02 7.0089455007468424e-03 0.0000000000000000e+00
1.5185355721606101e-02 4.5100731322114413e-03 0.0000000000000000e+00
1.3662011064147050e-02 6.9467409377791667e-03 0.0000000000000000e+00
1.0040260725254921e-02 9.5223603466069381e-03 0.0000000000000000e+00
1.5453619754526429e-02 4.2215399856561277e-03 0.0000000000000000e+00
1.3165872627644831e-02 6.4946632027655764e-03 0.0000000000000000e+00
1.0607683539036079e-02 8.2622153405675115e-03 0.0000000000000000e+00
1.5817781776383540e-02 5.5511312090953157e-03 0.0000000000000000e+00
1.5145898847902550e-02 6.3067952866679104e-03 0.0000000000000000e+00
1.1295136130891901e-02 8.4486688792214069e-03 0.0000000000000000e+00
1.0596885993251721e-02 1.0071214433428920e-02 0.0000000000000000e+00
1.6586157598307651e-02 2.8880867417488991e-03 0.0000000000000000e+00
1.7264456522067709e-02 3.5663856655089570e-03 0.0000000000000000e+00
1.7264619640850382e-02 4.2186976774263880e-03 0.0000000000000000e+00
1.5933845586390220e-02 2.8879236229662239e-03 0.0000000000000000e+00
1.1322043772148460e-02 1.0092652972258130e-02 0.0000000000000000e+00
1.0625208119082361e-02 9.4283896750777165e-03 0.0000000000000000e+00
1.6723038243515901e-02 3.7459834230567719e-03 0.0000000000000000e+00
1.6406559840759831e-02 3.4295050203007088e-03 0.0000000000000000e+00
1.5062278234007850e-02 5.8368497675969381e-03 0.0000000000000000e+00
1.5389059187195219e-02 5.4930717804425313e-03 0.0000000000000000e+00
1.4461058349146599e-02 6.1740001068694992e-03 0.0000000000000000e+00
1.3842620878454210e-02 6.2812969736844660e-03 0.0000000000000000e+00
9.9764771971915332e-03 8.8670435837922348e-03 0.0000000000000000e+00
1.0960076896345089e-02 1.0565995077456300e-02 0.0000000000000000e+00
1.6838893488276106e-18 2.7500000000000000e-02 0.0000000000000000e+00
4.8985871965894126e-19 8.0000000000000002e-03 0.0000000000000000e+00
3.2657247977262759e-19 5.3333333333333340e-03 0.0000000000000000e+00
2.1248558774655760e-03 1.6259920433384659e-02 0.0000000000000000e+00
3.8926228304319464e-03 1.8027687386351032e-02 0.0000000000000000e+00
2.4267605801746387e-04 2.7498929221532700e-02 0.0000000000000000e+00
4.8533321768603598e-04 2.7495716969517459e-02 0.0000000000000000e+00
7.2795258212848954e-04 2.7490363494107758e-02 0.0000000000000000e+00
9.7051525741094372e-04 2.7482869212204400e-02 0.0000000000000000e+00
1.2130023540141257e-03 2.7473234707423081e-02 0.0000000000000000e+00
1.4553949883044867e-03 2.7461460730048910e-02 0.0000000000000000e+00
1.6976742840046617e-03 2.7447548196977981e-02 0.0000000000000000e+00
1.9398213736635547e-03 2.7431498191646000e-02 0.0000000000000000e+00
2.1818174001255386e-03 2.7413311963943889e-02 0.0000000000000000e+00
2.4236435179990409e-03 2.7392990930120448e-02 0.0000000000000000e+00
2.6652808951240837e-03 2.7370536672672072e-02 0.0000000000000000e+00
2.9067107140388006e-03 2.7345950940219511e-02 0.0000000000000000e+00
3.1479141734449298e-03 2.7319235647371699e-02 0.0000000000000000e+00
3.3888724896718597e-03 2.7290392874576679e-02 0.0000000000000000e+00
3.6295668981395027e-03 2.7259424867959521e-02 0.0000000000000000e+00
3.8699786548194856e-03 2.7226334039147499e-02 0.0000000000000000e+00
4.1100890376949374e-03 2.7191122965082189e-02 0.0000000000000000e+00
4.3498793482183579e-03 2.7153794387818869e-02 0.0000000000000000e+00
4.5893309127678578e-03 2.7114351214312930e-02 0.0000000000000000e+00
4.8284250841013187e-03 2.7072796516193539e-02 0.0000000000000000e+00
5.0671432428085117e-03 2.7029133529524400e-02 0.0000000000000000e+00
5.3054667987611631e-03 2.6983365654551748e-02 0.0000000000000000e+00
5.5433771925605590e-03 2.6935496455439609e-02 0.0000000000000000e+00
5.7808558969829563e-03 2.6885529659992149e-02 0.0000000000000000e+00
6.0178844184222841e-03 2.6833469159363469e-02 0.0000000000000000e+00
6.2544442983304277e-03 2.6779319007754512e-02 0.0000000000000000e+00
6.4905171146545908e-03 2.6723083422097380e-02 0.0000000000000000e+00
6.7260844832719895e-03 2.6664766781726929e-02 0.0000000000000000e+00
6.9611280594214786e-03 2.6604373628039711e-02 0.0000000000000000e+00
7.1956295391321099e-03 2.6541908664140371e-02 0.0000000000000000e+00
7.4295706606486321e-03 2.6477376754475299e-02 0.0000000000000000e+00
7.6629332058535280e-03 2.6410782924453931e-02 0.0000000000000000e+00
7.8956990016858311e-03 2.6342132360057290e-02 0.0000000000000000e+00
8.1278499215563047e-03 2.6271430407434179e-02 0.0000000000000000e+00
8.3593678867590285e-03 2.6198682572484859e-02 0.0000000000000000e+00
8.5902348678793348e-03 2.6123894520432251e-02 0.0000000000000000e+00
8.8204328861977710e-03 2.6047072075380769e-02 0.0000000000000000e+00
9.0499440150902718e-03 2.5968221219862780e-02 0.0000000000000000e+00
9.2787503814240960e-03 2.5887348094372709e-02 0.0000000000000000e+00
9.5068341669497843e-03 2.5804458996888820e-02 0.0000000000000000e+00
9.7341776096887111e-03 2.5719560382382801e-02 0.0000000000000000e+00
9.9607630053162588e-03 2.5632658862317099e-02 0.0000000000000000e+00
1.0186572708540622e-02 2.5543761204129972e-02 0.0000000000000000e+00
1.0411589134476831e-02 2.5452874330708589e-02 0.0000000000000000e+00
1.0635794760016292e-02 2.5360005319849801e-02 0.0000000000000000e+00
1.0859172125191252e-02 2.5265161403709050e-02 0.0000000000000000e+00
1.1081703834534632e-02 2.5168349968237101e-02 0.0000000000000000e+00
1.1303372558434591e-02 2.5069578552604908e-02 0.0000000000000000e+00
1.1524161034484132e-02 2.4968854848616460e-02 0.0000000000000000e+00
1.1744052068825332e-02 2.4866186700109840e-02 0.0000000000000000e+00
1.1963028537488431e-02 2.4761582102346320e-02 0.0000000000000000e+00
1.2181073387725212e-02 2.4655049201387790e-02 0.0000000000000000e+00
1.2398169639337132e-02 2.4546596293462342e-02 0.0000000000000000e+00
1.2614300385997482e-02 2.4436231824318241e-02 0.0000000000000000e+00
1.2829448796568152e-02 2.4323964388566190e-02 0.0000000000000000e+00
1.3043598116410182e-02 2.4209802729010011e-02 0.0000000000000000e+00
1.3256731668688652e-02 2.4093755735965859e-02 0.0000000000000000e+00
1.3468832855671282e-02 2.3975832446569811e-02 0.0000000000000000e+00
1.3679885160021082e-02 2.3856042044074179e-02 0.0000000000000000e+00
1.3889872146082552e-02 2.3734393857132319e-02 0.0000000000000000e+00
1.4098777461161663e-02 2.3610897359072149e-02 0.0000000000000000e+00
1.4306584836799262e-02 2.3485562167158480e-02 0.0000000000000000e+00
1.4513278090038042e-02 2.3358398041843999e-02 0.0000000000000000e+00
1.4718841124682731e-02 2.3229414886009259e-02 0.0000000000000000e+00
1.4923257932553622e-02 2.3098622744191381e-02 0.0000000000000000e+00
1.5126512594733132e-02 2.2966031801801980e-02 0.0000000000000000e+00
1.5328589282805631e-02 2.2831652384333830e-02 0.0000000000000000e+00
1.5529472260089891e-02 2.2695494956556879e-02 0.0000000000000000e+00
1.5729145882864729e-02 2.2557570121703261e-02 0.0000000000000000e+00
1.5927594601587169e-02 2.2417888620641580e-02 0.0000000000000000e+00
1.6124802962103429e-02 2.2276461331040460e-02 0.0000000000000000e+00
1.6320755606852300e-02 2.2133299266521460e-02 0.0000000000000000e+00
1.6515437276061268e-02 2.1988413575801370e-02 0.0000000000000000e+00
1.6708832808934721e-02 2.1841815541824051e-02 0.0000000000000000e+00
1.6900927144834699e-02 2.1693516580881710e-02 0.0000000000000000e+00
1.7091705324453640e-02 2.1543528241725941e-02 0.0000000000000000e+00
1.7281152490979439e-02 2.1391862204668280e-02 0.0000000000000000e+00
1.7469253891252319e-02 2.1238530280670690e-02 0.0000000000000000e+00
1.7655994876913821e-02 2.1083544410425700e-02 0.0000000000000000e+00
1.7841360905547471e-02 2.0926916663426609e-02 0.0000000000000000e+00
1.8025337541811320e-02 2.0768659237027500e-02 0.0000000000000000e+00
1.8207910458562019e-02 2.0608784455493440e-02 0.0000000000000000e+00
1.8389065437970649e-02 2.0447304769040671e-02 0.0000000000000000e+00
1.8568788372629850e-02 2.0284232752867101e-02 0.0000000000000000e+00
1.8747065266652450e-02 2.0119581106172992e-02 0.0000000000000000e+00
1.8923882236761402e-02 1.9953362651172011e-02 0.0000000000000000e+00
1.9099225513370961e-02 1.9785590332092699e-02 0.0000000000000000e+00
1.9273081441658919e-02 1.9616277214170450e-02 0.0000000000000000e+00
2.1663507740907648e-04 7.9970662897862720e-03 0.0000000000000000e+00
4.3311126868333808e-04 7.9882673108089917e-03 0.0000000000000000e+00
6.4926980421944913e-04 7.9736095164817822e-03 0.0000000000000000e+00
8.6495214739153398e-04 7.9531036572348772e-03 0.0000000000000000e+00
1.0800001108263184e-03 7.9267647726304537e-03 0.0000000000000000e+00
1.2942559724221164e-03 7.8946121803322097e-03 0.0000000000000000e+00
1.5075625910265455e-03 7.8566694619372490e-03 0.0000000000000000e+00
1.7197635216881894e-03 7.8129644456806941e-03 0.0000000000000000e+00
1.9307031303976425e-03 7.7635291860256922e-03 0.0000000000000000e+00
2.1402267082337653e-03 7.7083999401537841e-03 0.0000000000000000e+00
2.3481805848314745e-03 7.6476171413728941e-03 0.0000000000000000e+00
2.5544122410878375e-03 7.5812253694624203e-03 0.0000000000000000e+00
2.7587704210237612e-03 7.5092733179772048e-03 0.0000000000000000e+00
2.9611052427193133e-03 7.4318137585343324e-03 0.0000000000000000e+00
3.1612683082412403e-03 7.3489035021089746e-03 0.0000000000000000e+00
3.3591128124821146e-03 7.2606033573676581e-03 0.0000000000000000e+00
3.5544936508312276e-03 7.1669780860695049e-03 0.0000000000000000e+00
3.7472675255983204e-03 7.0680963555681854e-03 0.0000000000000000e+00
3.9372930511120587e-03 6.9640306884493769e-03 0.0000000000000000e+00
4.1244308574161746e-03 6.8548574093407130e-03 0.0000000000000000e+00
4.3085436924872357e-03 6.7406565889331924e-03 0.0000000000000000e+00
4.4894965228990608e-03 6.6215119852551232e-03 0.0000000000000000e+00
4.6671566328599541e-03 6.4975109822416870e-03 0.0000000000000000e+00
4.8413937215501220e-03 6.3687445256451489e-03 0.0000000000000000e+00
5.0120799986878954e-03 6.2353070563327317e-03 0.0000000000000000e+00
5.1790902782546232e-03 6.0972964410210898e-03 0.0000000000000000e+00
5.3423020703095682e-03 5.9548139004981593e-03 0.0000000000000000e+00
5.5015956708273899e-03 5.8079639353850430e-03 0.0000000000000000e+00
1.0404817174193492e-03 5.2308548288172302e-03 0.0000000000000000e+00
2.0409783059471454e-03 4.9273575067268639e-03 0.0000000000000000e+00
2.9630412427712146e-03 4.4345045989469074e-03 0.0000000000000000e+00
3.6739403974420602e-19 6.0000000000000010e-03 0.0000000000000000e+00
4.0821559971578449e-19 6.6666666666666680e-03 0.0000000000000000e+00
4.4903715968736297e-19 7.3333333333333349e-03 0.0000000000000000e+00
3.5390694398386717e-03 1.7674133995757759e-02 0.0000000000000000e+00
3.1855160492453979e-03 1.7320580605164480e-02 0.0000000000000000e+00
2.8319626586521237e-03 1.6967027214571211e-02 0.0000000000000000e+00
2.4784092680588499e-03 1.6613473823977931e-02 0.0000000000000000e+00
2.4782324913635531e-03 1.5906543819486689e-02 0.0000000000000000e+00
2.8316091052615301e-03 1.5553167205588711e-02 0.0000000000000000e+00
3.1849857191595080e-03 1.5199790591690731e-02 0.0000000000000000e+00
3.5383623330574837e-03 1.4846413977792751e-02 0.0000000000000000e+00
3.8917389469554607e-03 1.4493037363894779e-02 0.0000000000000000e+00
4.2451155608534364e-03 1.4139660749996801e-02 0.0000000000000000e+00
4.5984921747514130e-03 1.3786284136098829e-02 0.0000000000000000e+00
4.9518687886493887e-03 1.3432907522200849e-02 0.0000000000000000e+00
5.3052454025473645e-03 1.3079530908302869e-02 0.0000000000000000e+00
5.6586220164453411e-03 1.2726154294404900e-02 0.0000000000000000e+00
6.0119986303433176e-03 1.2372777680506920e-02 0.0000000000000000e+00
6.3653752442412925e-03 1.2019401066608940e-02 0.0000000000000000e+00
6.7187518581392700e-03 1.1666024452710970e-02 0.0000000000000000e+00
7.0721284720372457e-03 1.1312647838812990e-02 0.0000000000000000e+00
7.4255050859352223e-03 1.0959271224915020e-02 0.0000000000000000e+00
7.7788816998331980e-03 1.0605894611017040e-02 0.0000000000000000e+00
8.1322583137311780e-03 1.0252517997119060e-02 0.0000000000000000e+00
8.4856349276291581e-03 9.8991413832210783e-03 0.0000000000000000e+00
8.8390115415271364e-03 9.5457647693231000e-03 0.0000000000000000e+00
1.0606778494493509e-02 1.1313531722289461e-02 0.0000000000000000e+00
1.0253401880595529e-02 1.1666908336187439e-02 0.0000000000000000e+00
9.9000252666975562e-03 1.2020284950085419e-02 0.0000000000000000e+00
9.5466486527995796e-03 1.2373661563983399e-02 0.0000000000000000e+00
9.1932720389016030e-03 1.2727038177881371e-02 0.0000000000000000e+00
8.8398954250036264e-03 1.3080414791779351e-02 0.0000000000000000e+00
8.4865188111056516e-03 1.3433791405677331e-02 0.0000000000000000e+00
8.1331421972076750e-03 1.3787168019575300e-02 0.0000000000000000e+00
7.7797655833096993e-03 1.4140544633473280e-02 0.0000000000000000e+00
7.4263889694117227e-03 1.4493921247371250e-02 0.0000000000000000e+00
7.0730123555137470e-03 1.4847297861269230e-02 0.0000000000000000e+00
6.7196357416157712e-03 1.5200674475167210e-02 0.0000000000000000e+00
6.3662591277177947e-03 1.5554051089065180e-02 0.0000000000000000e+00
6.0128825138198189e-03 1.5907427702963162e-02 0.0000000000000000e+00
5.6595058999218415e-03 1.6260804316861131e-02 0.0000000000000000e+00
5.3061292860238666e-03 1.6614180930759111e-02 0.0000000000000000e+00
4.9527526721258857e-03 1.6967557544657091e-02 0.0000000000000000e+00
4.5993760582279056e-03 1.7320934158555071e-02 0.0000000000000000e+00
4.2459994443299265e-03 1.7674310772453052e-02 0.0000000000000000e+00
1.6664812398919905e-18 2.7215704006285889e-02 0.0000000000000000e+00
1.6420899407686327e-18 2.6817363862166949e-02 0.0000000000000000e+00
1.6120357628194616e-18 2.6326541888515510e-02 0.0000000000000000e+00
1.5817066535448533e-18 2.5831229945582661e-02 0.0000000000000000e+00
1.5513775442702445e-18 2.5335918002649810e-02 0.0000000000000000e+00
1.5210484349956355e-18 2.4840606059716951e-02 0.0000000000000000e+00
1.4907193257210268e-18 2.4345294116784100e-02 0.0000000000000000e+00
1.4603902164464184e-18 2.3849982173851252e-02 0.0000000000000000e+00
1.4300611071718097e-18 2.3354670230918400e-02 0.0000000000000000e+00
1.3997319978972011e-18 2.2859358287985548e-02 0.0000000000000000e+00
1.3694028886225926e-18 2.2364046345052700e-02 0.0000000000000000e+00
1.3390737793479839e-18 2.1868734402119849e-02 0.0000000000000000e+00
1.3087446700733755e-18 2.1373422459187000e-02 0.0000000000000000e+00
1.2784155607987668e-18 2.0878110516254149e-02 0.0000000000000000e+00
1.2480864515241578e-18 2.0382798573321290e-02 0.0000000000000000e+00
1.2177573422495497e-18 1.9887486630388449e-02 0.0000000000000000e+00
1.1874282329749407e-18 1.9392174687455591e-02 0.0000000000000000e+00
1.1570991237003320e-18 1.8896862744522739e-02 0.0000000000000000e+00
1.1267700144257230e-18 1.8401550801589880e-02 0.0000000000000000e+00
1.0964409051511144e-18 1.7906238858657029e-02 0.0000000000000000e+00
1.0661117958765059e-18 1.7410926915724181e-02 0.0000000000000000e+00
1.0357826866018965e-18 1.6915614972791319e-02 0.0000000000000000e+00
1.0054535773272880e-18 1.6420303029858471e-02 0.0000000000000000e+00
9.7512446805267880e-19 1.5924991086925609e-02 0.0000000000000000e+00
9.4479535877807034e-19 1.5429679143992760e-02 0.0000000000000000e+00
9.1446624950346188e-19 1.4934367201059911e-02 0.0000000000000000e+00
8.8413714022885265e-19 1.4439055258127050e-02 0.0000000000000000e+00
8.5380803095424400e-19 1.3943743315194200e-02 0.0000000000000000e+00
8.2347892167963545e-19 1.3448431372261350e-02 0.0000000000000000e+00
7.9314981240502632e-19 1.2953119429328490e-02 0.0000000000000000e+00
7.6282070313041776e-19 1.2457807486395640e-02 0.0000000000000000e+00
7.3249159385580853e-19 1.1962495543462780e-02 0.0000000000000000e+00
7.0216248458120065e-19 1.1467183600529941e-02 0.0000000000000000e+00
6.7183337530659210e-19 1.0971871657597091e-02 0.0000000000000000e+00
6.4150426603198355e-19 1.0476559714664241e-02 0.0000000000000000e+00
6.1117515675737509e-19 9.9812477717313927e-03 0.0000000000000000e+00
5.8084604748276663e-19 9.4859358287985446e-03 0.0000000000000000e+00
5.5051693820815798e-19 8.9906238858656930e-03 0.0000000000000000e+00
5.2018782893354972e-19 8.4953119429328483e-03 0.0000000000000000e+00
1.0889559539819352e-02 1.8887532838279871e-02 0.0000000000000000e+00
6.9948232818267111e-03 2.1616258313860801e-02 0.0000000000000000e+00
3.6782819111326422e-03 2.3553517020313192e-02 0.0000000000000000e+00
1.4322321722896872e-02 1.9386456923679778e-02 0.0000000000000000e+00
2.9983324519755735e-03 1.0598852453553060e-02 0.0000000000000000e+00
1.0287954623702411e-02 2.2034379857501819e-02 0.0000000000000000e+00
5.3646685040590787e-03 9.2302859053749950e-03 0.0000000000000000e+00
6.1973208548880459e-03 2.4138254479639978e-02 0.0000000000000000e+00
1.2892268203554613e-02 2.1375548084229389e-02 0.0000000000000000e+00
8.5811752297053727e-03 2.3625374932897621e-02 0.0000000000000000e+00
1.0831703311265073e-02 1.5691394102530599e-02 0.0000000000000000e+00
2.3458562370769947e-03 2.5244502052351781e-02 0.0000000000000000e+00
7.7948949798047991e-03 1.8512878385561000e-02 0.0000000000000000e+00
1.6423636698637861e-02 1.9437068903034170e-02 0.0000000000000000e+00
2.8490465203543642e-03 2.0759927279434959e-02 0.0000000000000000e+00
4.6463878437220316e-03 2.5206446708313471e-02 0.0000000000000000e+00
1.6879885151500535e-03 9.5561122335614916e-03 0.0000000000000000e+00
3.7083395041190913e-03 8.9527235247282341e-03 0.0000000000000000e+00
1.4793751343527322e-02 2.1051188586634500e-02 0.0000000000000000e+00
1.1947660216634392e-02 2.2780680984781851e-02 0.0000000000000000e+00
1.3222296744029041e-02 1.6931951673123731e-02 0.0000000000000000e+00
1.0429991916547572e-02 2.3662033163796770e-02 0.0000000000000000e+00
5.1969766787568717e-03 2.0048219325689429e-02 0.0000000000000000e+00
5.4672505013097800e-03 7.6997154916368434e-03 0.0000000000000000e+00
7.5726082961562807e-03 2.4853443408212609e-02 0.0000000000000000e+00
8.7744954067632344e-03 1.6444772588786041e-02 0.0000000000000000e+00
2.3601366899946249e-03 1.2802235264500830e-02 0.0000000000000000e+00
8.8064306819771471e-03 2.0561547856936459e-02 0.0000000000000000e+00
6.0635211403598996e-03 2.5454211878815629e-02 0.0000000000000000e+00
5.0149875338697594e-03 2.2054078358866271e-02 0.0000000000000000e+00
2.0592646871835491e-03 1.8957118818730079e-02 0.0000000000000000e+00
1.4013945294026692e-02 2.2110254163007929e-02 0.0000000000000000e+00
1.9774441990747281e-03 2.2507758843076112e-02 0.0000000000000000e+00
3.6047662275748549e-03 2.5998060258841320e-02 0.0000000000000000e+00
1.2724181785378336e-03 2.6195463471096841e-02 0.0000000000000000e+00
1.0849435996418810e-02 1.3736178576634990e-02 0.0000000000000000e+00
1.6038735875339789e-02 2.0775265700252749e-02 0.0000000000000000e+00
1.7674741335883461e-02 1.9475348359418911e-02 0.0000000000000000e+00
2.6012538058938052e-03 8.8023567976274805e-03 0.0000000000000000e+00
1.4985769823227323e-02 1.7579504592223971e-02 0.0000000000000000e+00
9.3845485307807314e-03 2.4629021979651840e-02 0.0000000000000000e+00
5.9763701455678346e-03 1.8470620301846419e-02 0.0000000000000000e+00
1.2711589544335171e-02 1.5173970371348209e-02 0.0000000000000000e+00
4.8716419305195637e-03 1.1013083296921300e-02 0.0000000000000000e+00
1.2466865042451791e-02 1.9666873028203070e-02 0.0000000000000000e+00
1.0323687760030452e-02 1.7370071483465210e-02 0.0000000000000000e+00
4.2782813490659065e-03 7.9667424122330400e-03 0.0000000000000000e+00
1.1300227832646871e-02 2.0544330571854921e-02 0.0000000000000000e+00
1.2959250322836322e-02 2.2945688538834410e-02 0.0000000000000000e+00
9.4246539845539296e-03 1.4895461028166260e-02 0.0000000000000000e+00
6.8127603073558848e-03 1.9876387481902930e-02 0.0000000000000000e+00
1.6964121397248190e-03 1.4404658874118780e-02 0.0000000000000000e+00
1.1518039007967301e-02 2.3884677096701470e-02 0.0000000000000000e+00
7.2277325128255205e-03 1.7029011333979351e-02 0.0000000000000000e+00
3.8337461741300839e-03 1.2217297589290591e-02 0.0000000000000000e+00
2.4062926708841217e-03 2.6319996594605391e-02 0.0000000000000000e+00
1.6282744824910097e-03 1.1340559630454661e-02 0.0000000000000000e+00
8.5113004315228655e-03 2.2086510773029481e-02 0.0000000000000000e+00
9.3938837199192670e-03 1.8938122872863582e-02 0.0000000000000000e+00
6.9991368642050283e-03 9.2163758096990012e-03 0.0000000000000000e+00
1.1918442790407111e-02 1.7674424931689799e-02 0.0000000000000000e+00
1.4863104332436595e-03 2.3970185807641129e-02 0.0000000000000000e+00
5.2115859201615732e-03 2.5969129882711880e-02 0.0000000000000000e+00
3.7216177638362304e-03 1.9516267551292630e-02 0.0000000000000000e+00
9.8548536304847575e-04 8.8364568400244366e-03 0.0000000000000000e+00
1.4897879102810593e-03 2.1062151140456849e-02 0.0000000000000000e+00
1.6937231097491071e-02 2.0445925877898261e-02 0.0000000000000000e+00
3.5448090391211402e-03 2.2088219909656780e-02 0.0000000000000000e+00
8.6239049176269518e-03 2.5101593890184092e-02 0.0000000000000000e+00
7.2859758392202724e-03 2.3110977433443501e-02 0.0000000000000000e+00
1.4357067912494281e-03 1.7622910608093619e-02 0.0000000000000000e+00
1.4867025846375042e-02 2.2023438104512159e-02 0.0000000000000000e+00
1.3348601751362313e-02 1.8382790445367909e-02 0.0000000000000000e+00
7.1432570737437221e-03 2.5670106622145850e-02 0.0000000000000000e+00
5.5473999526401661e-03 6.8091984483425513e-03 0.0000000000000000e+00
3.3999714643785663e-03 8.1746461473739662e-03 0.0000000000000000e+00
4.9815141201594356e-03 2.3356480072046441e-02 0.0000000000000000e+00
1.4471981964654552e-02 1.6277339709485378e-02 0.0000000000000000e+00
1.6236301632673089e-02 1.8101838151196210e-02 0.0000000000000000e+00
6.1120017977932166e-03 1.0361034719872710e-02 0.0000000000000000e+00
1.2297856686666652e-02 2.3583020516068171e-02 0.0000000000000000e+00
4.2340272712280405e-03 2.0907873083776680e-02 0.0000000000000000e+00
8.8838614838444591e-03 1.7721708397969618e-02 0.0000000000000000e+00
1.2033321081726051e-02 1.6365770679420358e-02 0.0000000000000000e+00
1.2214036693332120e-02 1.4028319452466159e-02 0.0000000000000000e+00
1.0046922283648351e-02 2.0050473460735390e-02 0.0000000000000000e+00
1.0309761189215802e-02 2.4609197844450661e-02 0.0000000000000000e+00
4.3883769148283904e-03 2.6270308869107091e-02 0.0000000000000000e+00
1.3747351792537821e-02 2.0419636278700061e-02 0.0000000000000000e+00
1.5690420991722558e-02 2.1575050432444971e-02 0.0000000000000000e+00
5.8801168442267505e-03 2.1051799101992050e-02 0.0000000000000000e+00
4.8259558348594193e-03 1.8865119578481370e-02 0.0000000000000000e+00
1.2413212041755062e-03 1.9923748075722350e-02 0.0000000000000000e+00
6.0533099888693490e-03 2.2750546344514719e-02 0.0000000000000000e+00
3.4015448286164643e-03 2.4737335179142391e-02 0.0000000000000000e+00
4.7946791352057100e-03 7.3052444365586250e-03 0.0000000000000000e+00
8.3331351589196415e-03 1.5388094972110380e-02 0.0000000000000000e+00
1.2041404865577349e-03 1.5482111562983861e-02 0.0000000000000000e+00
1.2095376376415239e-03 1.3255357875752820e-02 0.0000000000000000e+00
2.7027354483679369e-03 1.3849520200444099e-02 0.0000000000000000e+00
1.7816153807732715e-03 8.5598950810330098e-03 0.0000000000000000e+00
4.1296780008368483e-03 1.0058779699664429e-02 0.0000000000000000e+00
1.1805373897761191e-02 2.1653982628145451e-02 0.0000000000000000e+00
9.7889362439232408e-03 1.6197592901961391e-02 0.0000000000000000e+00
9.8372884274572185e-03 1.3733597578614420e-02 0.0000000000000000e+00
9.4736981121447024e-03 2.2875936135661610e-02 0.0000000000000000e+00
1.1347214814398914e-03 2.5049855439156849e-02 0.0000000000000000e+00
6.5091225209626966e-03 8.1291438037785595e-03 0.0000000000000000e+00
2.6864991965762190e-03 1.1828078908678270e-02 0.0000000000000000e+00
1.0961558594629600e-02 1.2554626978907560e-02 0.0000000000000000e+00
7.6863521417448993e-03 2.0749410337883179e-02 0.0000000000000000e+00
1.5383156588088772e-02 1.9866876359400740e-02 0.0000000000000000e+00
7.9971016059881446e-03 2.5531575354929920e-02 0.0000000000000000e+00
1.3797669893649892e-02 2.3054791983687820e-02 0.0000000000000000e+00
2.5406507120647294e-03 2.3483724654014330e-02 0.0000000000000000e+00
8.0536983205352752e-03 1.9576852020734541e-02 0.0000000000000000e+00
3.2049504615883797e-03 2.6652985526229349e-02 0.0000000000000000e+00
6.0640493528204701e-03 1.7208086669947761e-02 0.0000000000000000e+00
1.7350826618382387e-03 2.6814187861513971e-02 0.0000000000000000e+00
8.0624614123033726e-04 2.6798377359165789e-02 0.0000000000000000e+00
1.5150616366509282e-02 1.8720661235308789e-02 0.0000000000000000e+00
1.3795739409538451e-02 1.5335567798923561e-02 0.0000000000000000e+00
1.0811319272815590e-03 1.6587914678286020e-02 0.0000000000000000e+00
9.6645272741303426e-03 2.1066304308457840e-02 0.0000000000000000e+00
3.0655582106467773e-03 1.8821224149862328e-02 0.0000000000000000e+00
1.2022794442358513e-02 1.8746700444477869e-02 0.0000000000000000e+00
1.0734537754560197e-03 1.0419857662494200e-02 0.0000000000000000e+00
1.0524546123664102e-02 1.4660171132607199e-02 0.0000000000000000e+00
1.8358509423322011e-02 1.9529095081104640e-02 0.0000000000000000e+00
1.7669499916971181e-02 2.0144911342440560e-02 0.0000000000000000e+00
7.3969991065504651e-03 1.5988164097828071e-02 0.0000000000000000e+00
3.6204315168547880e-03 1.3268991138909079e-02 0.0000000000000000e+00
1.0335852012237777e-03 1.2219006515853330e-02 0.0000000000000000e+00
1.0510288966751214e-03 2.2979130632873230e-02 0.0000000000000000e+00
4.8429501319172509e-03 1.2065479436186570e-02 0.0000000000000000e+00
6.5176706143383403e-03 2.6094528187000459e-02 0.0000000000000000e+00
2.7192019348751071e-03 1.9732514306978331e-02 0.0000000000000000e+00
1.0243016166011081e-03 1.8588655136916519e-02 0.0000000000000000e+00
1.7151462571353211e-02 1.8529949320660481e-02 0.0000000000000000e+00
1.0179904103404691e-02 1.8356582715560298e-02 0.0000000000000000e+00
1.4467174992054091e-02 2.2660268080797921e-02 0.0000000000000000e+00
6.8963846477977245e-03 1.7945925583206550e-02 0.0000000000000000e+00
1.2173662804622691e-02 2.0571009948092790e-02 0.0000000000000000e+00
1.1737861190552201e-02 1.4936007713707480e-02 0.0000000000000000e+00
1.0898408221856932e-02 2.2836465869705499e-02 0.0000000000000000e+00
2.4773090980996565e-03 1.7973724829339229e-02 0.0000000000000000e+00
2.0035251287517613e-03 1.0472872806480170e-02 0.0000000000000000e+00
2.6099062377265723e-03 2.1719909637509398e-02 0.0000000000000000e+00
6.0268237283125836e-03 1.9446736549355210e-02 0.0000000000000000e+00
9.9174724665709131e-04 2.2014033048344421e-02 0.0000000000000000e+00
3.0155911781809194e-03 9.5895059308955134e-03 0.0000000000000000e+00
5.2512263579455824e-03 2.4380964551200760e-02 0.0000000000000000e+00
1.1611396304314781e-02 1.9684464695143639e-02 0.0000000000000000e+00
1.3869231083932291e-02 1.7656096093264861e-02 0.0000000000000000e+00
4.3385899635351357e-03 2.2727004669158932e-02 0.0000000000000000e+00
1.1078377861239112e-02 1.6610563242739951e-02 0.0000000000000000e+00
1.6598979090515650e-02 2.1113128075460771e-02 0.0000000000000000e+00
3.9449900322882769e-03 1.1232261631407470e-02 0.0000000000000000e+00
1.1728709475743721e-02 1.3110477947121600e-02 0.0000000000000000e+00
1.1145792260768462e-02 2.4544695964622450e-02 0.0000000000000000e+00
1.5275735851512892e-02 1.6637865420803980e-02 0.0000000000000000e+00
6.8449130961376623e-03 1.8972368662935179e-02 0.0000000000000000e+00
2.6335283478747763e-03 8.1804852823127924e-03 0.0000000000000000e+00
9.3855619955812968e-03 2.5238745942412492e-02 0.0000000000000000e+00
4.2894740077285397e-03 2.4271419637749921e-02 0.0000000000000000e+00
5.8375765258430919e-03 1.1302194725563840e-02 0.0000000000000000e+00
5.8905383355466938e-04 8.5847868844331418e-03 0.0000000000000000e+00
7.7038843837401883e-03 2.3916663372802151e-02 0.0000000000000000e+00
2.0420386826987594e-03 2.0382519529191651e-02 0.0000000000000000e+00
7.8591122164610935e-03 1.7624647845646310e-02 0.0000000000000000e+00
1.3079440448925162e-02 1.4251723053698239e-02 0.0000000000000000e+00
5.7976026282122459e-03 2.6327058759185319e-02 0.0000000000000000e+00
7.9092763594121596e-03 9.0991743440108665e-03 0.0000000000000000e+00
1.3110036234371611e-02 1.6037277137010770e-02 0.0000000000000000e+00
7.0175357369336687e-03 1.0148844062605760e-02 0.0000000000000000e+00
5.1166576572718005e-03 1.7996910414884000e-02 0.0000000000000000e+00
8.1032251980532270e-03 2.2878602976901061e-02 0.0000000000000000e+00
1.3457508658809942e-02 1.9267891535979791e-02 0.0000000000000000e+00
9.4562074728771987e-03 1.7009190228936620e-02 0.0000000000000000e+00
3.9049239379191684e-03 7.6128048565392049e-03 0.0000000000000000e+00
1.1000577798846242e-02 1.8039586547858109e-02 0.0000000000000000e+00
1.5805032917666599e-02 1.7215076167290500e-02 0.0000000000000000e+00
1.3926428608039932e-02 2.1270851029430101e-02 0.0000000000000000e+00
5.0527044839361679e-03 9.9842085601291007e-03 0.0000000000000000e+00
2.6050890217027812e-03 2.4393660207469730e-02 0.0000000000000000e+00
2.8702277352930434e-03 2.2581917504639809e-02 0.0000000000000000e+00
1.3083669037149831e-02 2.3532770728159132e-02 0.0000000000000000e+00
1.4368218543530422e-02 1.8408972038283719e-02 0.0000000000000000e+00
1.2531927713165471e-02 2.2161915347397150e-02 0.0000000000000000e+00
4.5882691279982525e-03 8.8333043663123088e-03 0.0000000000000000e+00
1.2732055784765712e-02 1.7682929153893259e-02 0.0000000000000000e+00
1.0125529208973111e-02 1.2969839075413310e-02 0.0000000000000000e+00
8.3930510770394672e-04 1.4686711229593480e-02 0.0000000000000000e+00
8.5911107574352854e-03 1.4508721293897501e-02 0.0000000000000000e+00
1.0596513806388382e-02 2.1241597253163189e-02 0.0000000000000000e+00
6.6953302294586944e-03 2.0832704726307771e-02 0.0000000000000000e+00
1.4558623183024302e-02 2.0195189119292679e-02 0.0000000000000000e+00
9.4181444759820921e-03 2.1939596013245091e-02 0.0000000000000000e+00
2.0226222786695397e-03 1.5182347746076271e-02 0.0000000000000000e+00
1.1853262496498332e-02 2.4211638311223971e-02 0.0000000000000000e+00
6.6869084335802907e-03 2.4841760257763860e-02 0.0000000000000000e+00
6.2450861910344473e-03 2.1831116239774039e-02 0.0000000000000000e+00
9.2735070258585326e-03 1.5744506765457130e-02 0.0000000000000000e+00
4.9743057902919934e-03 2.1252978387601321e-02 0.0000000000000000e+00
7.7018036118483620e-03 2.2124437535074051e-02 0.0000000000000000e+00
1.0082484862869941e-02 2.4998477580188559e-02 0.0000000000000000e+00
1.0172632683508171e-02 1.9235109093838770e-02 0.0000000000000000e+00
8.3661763103272894e-03 2.1164700223800761e-02 0.0000000000000000e+00
6.1811813994134684e-03 9.4989417718595436e-03 0.0000000000000000e+00
4.8317539150835231e-03 2.6549690290525781e-02 0.0000000000000000e+00
3.9116239090484653e-03 2.6674037625900520e-02 0.0000000000000000e+00
6.0266972127957811e-03 2.0285610025554561e-02 0.0000000000000000e+00
8.2831383027732043e-04 1.1244811626040860e-02 0.0000000000000000e+00
4.9860707071914673e-03 6.8907638083393740e-03 0.0000000000000000e+00
6.4359860861363857e-03 1.6577202185725511e-02 0.0000000000000000e+00
1.5618211830335202e-02 2.2028395153082591e-02 0.0000000000000000e+00
9.4783375841693707e-03 2.3693982938619851e-02 0.0000000000000000e+00
7.9124901424331697e-04 2.0630454544787721e-02 0.0000000000000000e+00
4.4534323777796845e-03 1.2806292476103020e-02 0.0000000000000000e+00
7.9116945979404336e-03 1.6677483085612409e-02 0.0000000000000000e+00
1.9542991115380748e-03 1.3587381481946350e-02 0.0000000000000000e+00
8.5770841300283861e-03 1.9015811127488430e-02 0.0000000000000000e+00
3.1508258668405949e-03 1.2643230022136531e-02 0.0000000000000000e+00
8.2959467324035497e-04 9.6195629184965444e-03 0.0000000000000000e+00
4.3149363226997715e-03 2.0110174206326339e-02 0.0000000000000000e+00
1.8962849692403417e-03 1.2130798328471960e-02 0.0000000000000000e+00
2.4941901782026266e-03 2.6860489122115871e-02 0.0000000000000000e+00
7.2815259437591703e-03 8.4535783919386428e-03 0.0000000000000000e+00
5.7736133210700381e-03 8.4998072986133977e-03 0.0000000000000000e+00
9.2612351303109717e-03 1.9756591527998520e-02 0.0000000000000000e+00
1.0086511923430562e-02 1.5370849416871220e-02 0.0000000000000000e+00
1.0798470824569202e-02 1.9812726402379952e-02 0.0000000000000000e+00
3.5551723671845485e-03 2.0394930212450750e-02 0.0000000000000000e+00
4.2812191906147837e-03 2.1759415437255070e-02 0.0000000000000000e+00
6.1892025710745995e-03 7.3899570693374723e-03 0.0000000000000000e+00
8.0202785105045762e-04 2.4319634912945379e-02 0.0000000000000000e+00
6.8127953178106944e-03 2.2455040052864712e-02 0.0000000000000000e+00
7.7045151962732870e-03 2.5839077461852069e-02 0.0000000000000000e+00
3.4990049701616142e-03 2.1292141352729090e-02 0.0000000000000000e+00
1.2588540150146954e-03 8.3886502558932242e-03 0.0000000000000000e+00
1.1083276472797422e-02 2.2077706383699901e-02 0.0000000000000000e+00
6.4810338988568628e-03 2.3391929884277421e-02 0.0000000000000000e+00
1.2495818904869936e-03 2.6997981691239070e-02 0.0000000000000000e+00
4.0530909507898406e-03 1.8795222634268641e-02 0.0000000000000000e+00
8.5064918527253553e-03 2.5605827660331450e-02 0.0000000000000000e+00
8.3142039414659773e-03 2.4381499996331959e-02 0.0000000000000000e+00
1.8143298502735321e-02 1.9995870093608380e-02 0.0000000000000000e+00
1.7450354604924681e-02 2.0569806950767221e-02 0.0000000000000000e+00
1.8086236124063605e-03 2.4684088629137381e-02 0.0000000000000000e+00
7.7041431993965168e-04 1.3918983859779341e-02 0.0000000000000000e+00
1.4955111981788992e-02 2.2489154633739749e-02 0.0000000000000000e+00
7.5309453145649562e-04 1.9306440419891321e-02 0.0000000000000000e+00
2.6160422756987939e-03 1.4680516480516230e-02 0.0000000000000000e+00
2.0999969364493055e-03 8.1918046314432245e-03 0.0000000000000000e+00
7.6636908002490037e-04 1.7283094408182320e-02 0.0000000000000000e+00
1.4433986416317381e-02 1.7011683738511991e-02 0.0000000000000000e+00
1.8107034384421026e-03 2.3254470351203579e-02 0.0000000000000000e+00
1.7142934449269761e-03 1.6924242704952672e-02 0.0000000000000000e+00
1.6281273152231889e-02 2.1548550787865758e-02 0.0000000000000000e+00
6.9873813886253550e-03 2.4128279443319269e-02 0.0000000000000000e+00
1.5969128014254059e-02 1.8828411707201960e-02 0.0000000000000000e+00
5.3822236214733764e-03 2.5206003719376861e-02 0.0000000000000000e+00
1.2966474796362842e-02 2.0269344476873011e-02 0.0000000000000000e+00
6.9821598624509084e-03 2.6098474583960390e-02 0.0000000000000000e+00
4.3075234878365816e-03 7.2746063845926558e-03 0.0000000000000000e+00
1.2430169925122631e-02 1.7006088006873511e-02 0.0000000000000000e+00
1.8426215886060953e-03 2.1756567840517861e-02 0.0000000000000000e+00
3.0933820373839778e-03 2.5463063577454381e-02 0.0000000000000000e+00
1.1193056718557312e-02 1.4404986557986240e-02 0.0000000000000000e+00
1.2772844845737511e-02 1.8885938062554189e-02 0.0000000000000000e+00
7.3179711608186901e-04 2.5689785307172280e-02 0.0000000000000000e+00
5.7698974380885355e-03 2.3506906730174481e-02 0.0000000000000000e+00
1.2033589767397232e-02 1.5592232209367261e-02 0.0000000000000000e+00
1.6552084865500256e-03 2.5580886830509169e-02 0.0000000000000000e+00
5.4735064357441356e-03 6.4010323664235279e-03 0.0000000000000000e+00
9.1079051170728093e-03 1.3888127265430169e-02 0.0000000000000000e+00
1.4506993056983762e-02 1.5520406444912828e-02 0.0000000000000000e+00
1.3546183648124181e-02 2.3384086322603991e-02 0.0000000000000000e+00
9.5694197488553363e-03 1.7837739817688211e-02 0.0000000000000000e+00
2.3474490017041561e-03 1.1168108938328239e-02 0.0000000000000000e+00
5.3140475967396079e-03 2.2745590410644289e-02 0.0000000000000000e+00
3.0336846741335684e-03 7.9197866738451948e-03 0.0000000000000000e+00
2.1818791102576952e-03 2.1095510603561539e-02 0.0000000000000000e+00
3.4558011998763456e-03 7.7573374473335118e-03 0.0000000000000000e+00
1.6896210575857339e-02 1.7878996823693531e-02 0.0000000000000000e+00
5.3246700901257030e-03 2.6473255251211660e-02 0.0000000000000000e+00
3.5742455374754853e-03 2.2822021551859639e-02 0.0000000000000000e+00
8.9673033056407846e-03 2.5440370661379118e-02 0.0000000000000000e+00
1.7065783315398781e-02 2.0914028470283740e-02 0.0000000000000000e+00
1.7445176339474882e-03 1.8280142301091550e-02 0.0000000000000000e+00
8.5520441546968907e-03 1.7164444665664611e-02 0.0000000000000000e+00
1.9135341179192882e-03 1.9677759560762179e-02 0.0000000000000000e+00
1.2687413044589141e-02 2.3816922508175849e-02 0.0000000000000000e+00
1.2285470554717692e-02 2.4038706465762241e-02 0.0000000000000000e+00
6.8131485519408843e-04 2.1370881382383279e-02 0.0000000000000000e+00
3.8879858483373405e-03 2.5307226776939990e-02 0.0000000000000000e+00
1.0163693640841772e-02 2.3028949597600840e-02 0.0000000000000000e+00
1.6058409396068861e-02 2.0056472094107321e-02 0.0000000000000000e+00
1.5352297642048292e-02 2.0573131132814421e-02 0.0000000000000000e+00
1.3231244607945962e-02 2.2004641981870191e-02 0.0000000000000000e+00
1.9017564430626771e-02 1.9430133960735160e-02 0.0000000000000000e+00
6.7327046577137959e-04 2.3619874966455439e-02 0.0000000000000000e+00
3.3269929238016830e-04 2.7136169563765751e-02 0.0000000000000000e+00
6.9303099931606476e-04 1.6009161283608200e-02 0.0000000000000000e+00
6.4460196222171700e-03 1.0958772478115730e-02 0.0000000000000000e+00
4.5633585500056391e-03 9.5102607326813127e-03 0.0000000000000000e+00
1.0752277736095273e-02 2.4814454136921089e-02 0.0000000000000000e+00
1.1690506699782242e-02 1.6966463513047290e-02 0.0000000000000000e+00
1.7877587509672440e-02 1.8877850975381489e-02 0.0000000000000000e+00
7.4160484360269521e-03 1.9414394401768641e-02 0.0000000000000000e+00
7.6071298819001308e-03 1.5298484444964171e-02 0.0000000000000000e+00
7.3359054064778208e-04 1.7982138310390038e-02 0.0000000000000000e+00
1.2430689089818970e-02 1.3405680287779611e-02 0.0000000000000000e+00
5.3124397730935176e-03 1.9359848472678669e-02 0.0000000000000000e+00
1.5514211166850173e-02 1.7992361743070229e-02 0.0000000000000000e+00
7.7406581304499920e-03 2.1429011283907649e-02 0.0000000000000000e+00
5.9440241503207888e-03 2.4769340074026421e-02 0.0000000000000000e+00
8.8018132706025130e-03 2.2698812364387370e-02 0.0000000000000000e+00
1.5069991213794482e-02 1.5977369637327311e-02 0.0000000000000000e+00
3.4950789930423918e-03 1.3906362216443679e-02 0.0000000000000000e+00
6.8548125117183229e-04 1.2746734649521561e-02 0.0000000000000000e+00
1.3712553422667861e-02 1.6446851031659181e-02 0.0000000000000000e+00
2.3371309028816555e-03 9.8028468636983668e-03 0.0000000000000000e+00
4.3309223920660125e-03 2.3532977197327720e-02 0.0000000000000000e+00
6.4083121544004275e-03 8.8198673472138465e-03 0.0000000000000000e+00
4.5078596543824245e-03 1.9427524979936300e-02 0.0000000000000000e+00
8.2572599435204955e-03 1.5914094037674919e-02 0.0000000000000000e+00
1.3695141761181922e-02 1.4613222311819531e-02 0.0000000000000000e+00
3.2809261640100043e-03 2.4108317373720989e-02 0.0000000000000000e+00
8.9337790161664703e-03 1.8440639402370410e-02 0.0000000000000000e+00
5.1134848895317076e-03 8.4058421648040647e-03 0.0000000000000000e+00
2.8267790922812197e-03 1.3341263510727100e-02 0.0000000000000000e+00
1.7048051558141659e-02 1.9747822867820099e-02 0.0000000000000000e+00
5.4975768948644817e-03 1.0611594505397290e-02 0.0000000000000000e+00
7.6113128601918573e-03 9.8145941167266243e-03 0.0000000000000000e+00
5.5945172380415555e-03 1.1954892787330180e-02 0.0000000000000000e+00
9.1405845726255288e-03 2.1390603657926291e-02 0.0000000000000000e+00
9.5490627309673167e-03 2.0512650868135921e-02 0.0000000000000000e+00
1.0567766358015061e-02 2.0525893088643141e-02 0.0000000000000000e+00
5.4225627257453810e-03 1.7357270043346810e-02 0.0000000000000000e+00
1.1003093408955699e-02 1.1893209499166229e-02 0.0000000000000000e+00
3.2782074602920419e-03 1.1334248742000780e-02 0.0000000000000000e+00
1.6090138806994789e-03 1.2822585456709961e-02 0.0000000000000000e+00
1.5040427694978683e-02 1.9272275789636341e-02 0.0000000000000000e+00
1.1405181536360371e-02 1.8372378799639249e-02 0.0000000000000000e+00
1.0394277854372691e-02 1.6634265162437049e-02 0.0000000000000000e+00
1.1098718823688732e-02 1.7278379922006159e-02 0.0000000000000000e+00
1.2355982485764323e-02 1.4781934208039639e-02 0.0000000000000000e+00
4.6513985145569181e-03 1.8209334200031201e-02 0.0000000000000000e+00
1.1384571215412401e-02 1.6157034355311670e-02 0.0000000000000000e+00
1.3866089317672121e-02 1.9669177375956751e-02 0.0000000000000000e+00
1.1896766122377351e-02 2.0968032257816849e-02 0.0000000000000000e+00
1.5226921111868390e-03 1.6157690905236392e-02 0.0000000000000000e+00
8.3342004815543189e-03 1.8164679110218240e-02 0.0000000000000000e+00
7.4771682125795288e-03 2.0112170590693181e-02 0.0000000000000000e+00
1.4022658509877761e-03 1.9223810388302429e-02 0.0000000000000000e+00
1.1631116856167660e-02 1.2514686869277550e-02 0.0000000000000000e+00
1.1636050053123580e-02 1.3648336109890699e-02 0.0000000000000000e+00
3.7676542733351536e-03 1.0585382378100550e-02 0.0000000000000000e+00
4.8372946405089400e-03 2.0585978863855509e-02 0.0000000000000000e+00
3.7561121461652854e-03 9.7285505217399766e-03 0.0000000000000000e+00
5.5736593128237711e-03 2.1693281620567859e-02 0.0000000000000000e+00
1.0429470135260160e-02 1.3911616668540299e-02 0.0000000000000000e+00
9.7915932300815158e-03 1.4416441992905449e-02 0.0000000000000000e+00
8.0214669596895515e-03 1.4683625907746189e-02 0.0000000000000000e+00
8.1678560991551869e-03 2.0316344323962850e-02 0.0000000000000000e+00
2.3090841869555898e-03 1.7384223968700291e-02 0.0000000000000000e+00
2.9746426982577324e-03 1.8023031176812459e-02 0.0000000000000000e+00
5.6669216514761518e-03 9.9122883995040288e-03 0.0000000000000000e+00
1.3439052862184091e-02 2.0993304775698472e-02 0.0000000000000000e+00
6.3601170831535799e-04 2.2659312515052519e-02 0.0000000000000000e+00
4.4077358229303396e-03 2.6750151646187579e-02 0.0000000000000000e+00
1.2533699583712503e-02 1.8200992811917421e-02 0.0000000000000000e+00
6.9054221997055442e-03 1.6007636774492261e-02 0.0000000000000000e+00
1.1087309093459142e-02 2.1327528117657289e-02 0.0000000000000000e+00
1.3807734018248722e-02 1.8739971056919439e-02 0.0000000000000000e+00
4.2869333989317355e-03 1.1769286708473469e-02 0.0000000000000000e+00
1.6001281570633210e-02 2.1902406504271461e-02 0.0000000000000000e+00
5.5122028667198885e-03 2.0744513129248968e-02 0.0000000000000000e+00
5.5115143535096976e-03 1.8678309955180199e-02 0.0000000000000000e+00
8.7750254013726700e-03 1.9818627538596541e-02 0.0000000000000000e+00
6.1002323508115984e-04 1.5273250348686511e-02 0.0000000000000000e+00
2.2881768215931002e-03 2.3912452456279942e-02 0.0000000000000000e+00
6.1193888488875919e-04 2.0028599215072940e-02 0.0000000000000000e+00
1.2655545934076832e-02 1.6059425117904869e-02 0.0000000000000000e+00
1.1534069423835292e-02 2.3171502462201041e-02 0.0000000000000000e+00
1.4214468720854991e-02 2.3086208409310201e-02 0.0000000000000000e+00
1.4265921989194361e-02 2.0724382760415511e-02 0.0000000000000000e+00
1.3257250432738132e-02 1.7618471283853691e-02 0.0000000000000000e+00
3.1183049981362274e-03 2.3247932880044082e-02 0.0000000000000000e+00
1.0906708554895082e-02 1.4971798907051361e-02 0.0000000000000000e+00
1.2927389482120379e-02 1.3792981838867180e-02 0.0000000000000000e+00
8.8770347271504794e-03 2.4295302768703321e-02 0.0000000000000000e+00
2.9710207894097299e-03 2.6956895325510651e-02 0.0000000000000000e+00
3.4762591850720477e-03 2.6893494902592269e-02 0.0000000000000000e+00
9.8545532409122175e-03 2.4199667593276169e-02 0.0000000000000000e+00
1.4010768232152642e-03 2.0521226203682980e-02 0.0000000000000000e+00
1.2274787890005011e-02 2.1335204542955288e-02 0.0000000000000000e+00
2.0460198457149139e-03 2.7046874648964971e-02 0.0000000000000000e+00
1.5805950707263278e-02 1.9336069925655969e-02 0.0000000000000000e+00
3.2964458673543284e-03 1.9317140082691149e-02 0.0000000000000000e+00
4.4357934532767455e-03 1.0584945363712470e-02 0.0000000000000000e+00
6.2499698783143849e-03 1.7978562582741119e-02 0.0000000000000000e+00
6.8157035563598594e-03 1.7370094262807619e-02 0.0000000000000000e+00
5.5490309402035285e-04 1.1726810309670530e-02 0.0000000000000000e+00
1.4337530266148982e-02 2.1736060870023801e-02 0.0000000000000000e+00
9.6084783412745348e-03 1.3178878923898541e-02 0.0000000000000000e+00
3.1064156805133123e-03 9.0584318997606432e-03 0.0000000000000000e+00
4.5866850805669941e-03 6.9699466085967436e-03 0.0000000000000000e+00
1.1576997001868771e-02 2.2299273305323431e-02 0.0000000000000000e+00
2.5935421987459293e-03 1.9118734183276639e-02 0.0000000000000000e+00
8.8633230019401904e-03 1.5169912232486810e-02 0.0000000000000000e+00
1.3673292482517313e-03 2.2495012145190531e-02 0.0000000000000000e+00
2.9653884970169686e-03 2.5998177996500071e-02 0.0000000000000000e+00
1.6567565017257330e-02 1.7324987788384660e-02 0.0000000000000000e+00
1.6458149501781889e-02 1.8942631714918001e-02 0.0000000000000000e+00
4.6535205920540624e-03 2.5798182522521491e-02 0.0000000000000000e+00
9.3825943971851157e-03 1.6459194037622370e-02 0.0000000000000000e+00
4.1870901541429780e-03 1.3274613083643029e-02 0.0000000000000000e+00
1.0428368565056530e-02 1.2474712069382700e-02 0.0000000000000000e+00
1.1173936686266459e-02 1.3122782569016580e-02 0.0000000000000000e+00
9.5448576913214934e-03 1.8394772006524202e-02 0.0000000000000000e+00
1.5167412270267716e-03 1.0793172019390720e-02 0.0000000000000000e+00
1.0860045267958982e-02 2.3610722155658931e-02 0.0000000000000000e+00
1.1637843174173762e-02 1.9108863627107581e-02 0.0000000000000000e+00
3.9431487048190118e-03 8.3959785494443166e-03 0.0000000000000000e+00
6.8589920160018929e-03 7.6366969983223381e-03 0.0000000000000000e+00
1.3647659646441710e-03 1.4902820423378140e-02 0.0000000000000000e+00
1.0568899316265522e-02 1.5999211792577472e-02 0.0000000000000000e+00
1.1730826122492292e-02 2.0238459779019630e-02 0.0000000000000000e+00
1.3678107291252798e-03 1.3842738329678601e-02 0.0000000000000000e+00
1.6859452820957234e-03 8.1857687869334780e-03 0.0000000000000000e+00
2.2479632145769287e-03 1.4223026038623450e-02 0.0000000000000000e+00
1.8737236921711766e-03 2.6132376094357930e-02 0.0000000000000000e+00
1.5909707597931806e-03 1.0186415831454720e-02 0.0000000000000000e+00
4.0793836145496730e-04 2.5073322925631619e-02 0.0000000000000000e+00
6.4283042974738322e-03 2.1351074144751871e-02 0.0000000000000000e+00
4.7789916878212520e-03 2.4114769817988411e-02 0.0000000000000000e+00
1.2101834162129212e-02 1.9298658349987091e-02 0.0000000000000000e+00
3.3945408125165256e-03 1.0140244440887240e-02 0.0000000000000000e+00
6.2863780978888494e-03 2.6389748852184459e-02 0.0000000000000000e+00
7.2430338554923899e-03 2.1114473892053860e-02 0.0000000000000000e+00
5.9293217487275994e-03 1.6704777642549500e-02 0.0000000000000000e+00
9.7988753164226176e-03 2.2361818253999601e-02 0.0000000000000000e+00
1.3969674771964292e-02 1.7121546871663600e-02 0.0000000000000000e+00
2.3973643998378251e-03 1.8570230828199891e-02 0.0000000000000000e+00
5.7662773234750143e-03 2.2348089191081430e-02 0.0000000000000000e+00
2.0561910575922515e-03 9.0631807440929996e-03 0.0000000000000000e+00
5.6395509234899856e-04 1.0764033674322600e-02 0.0000000000000000e+00
2.7204799784476975e-03 1.0285020907480600e-02 0.0000000000000000e+00
1.4827776224193161e-02 1.8069694201457209e-02 0.0000000000000000e+00
1.3290121289471352e-02 1.5054853746908230e-02 0.0000000000000000e+00
1.7221604135739050e-02 1.9145567788081609e-02 0.0000000000000000e+00
2.3862996595743727e-03 1.2262673789192590e-02 0.0000000000000000e+00
1.3851000038100162e-02 1.5779855517221091e-02 0.0000000000000000e+00
5.7543710411470789e-04 2.6285629083303501e-02 0.0000000000000000e+00
9.0364201993255958e-03 2.3366515922121280e-02 0.0000000000000000e+00
1.2850655495628872e-02 1.6449141741966700e-02 0.0000000000000000e+00
7.1937265970721627e-03 1.8508538359409459e-02 0.0000000000000000e+00
8.0475470805701499e-03 2.3442250146470622e-02 0.0000000000000000e+00
3.3352056885627059e-03 1.1914885736943140e-02 0.0000000000000000e+00
1.5828693829817109e-02 1.6665240217464419e-02 0.0000000000000000e+00
3.1210082173528031e-03 1.4445550887763820e-02 0.0000000000000000e+00
1.3301830260976092e-02 1.9850081414368739e-02 0.0000000000000000e+00
1.2439179377585822e-02 2.3060799291312471e-02 0.0000000000000000e+00
5.9745169516957379e-03 7.9222443312128524e-03 0.0000000000000000e+00
5.7092202965036958e-04 1.3406316225821620e-02 0.0000000000000000e+00
7.3512886017325597e-03 1.7551563529620659e-02 0.0000000000000000e+00
6.5793899124922620e-03 1.8471139472355999e-02 0.0000000000000000e+00
4.9950557055380837e-03 1.2607210392245841e-02 0.0000000000000000e+00
7.8710196005388443e-03 8.5927003783539940e-03 0.0000000000000000e+00
5.1274759407641535e-03 1.1407078039608110e-02 0.0000000000000000e+00
5.8005951339544365e-03 1.7970950452444869e-02 0.0000000000000000e+00
1.4282846888226492e-02 1.5032632404912248e-02 0.0000000000000000e+00
2.3459891084553811e-03 2.2953773168847530e-02 0.0000000000000000e+00
4.2475620832922565e-04 1.6670867833507619e-02 0.0000000000000000e+00
5.4257220548056177e-04 9.1314517836980861e-03 0.0000000000000000e+00
1.5196069524249681e-02 2.1374549433265388e-02 0.0000000000000000e+00
8.1370301171404102e-03 2.5895872458968020e-02 0.0000000000000000e+00
1.1545464791645331e-02 1.5469074530178151e-02 0.0000000000000000e+00
2.6034554365462282e-03 2.0354903018712279e-02 0.0000000000000000e+00
1.1512440249342646e-03 1.1629704180920009e-02 0.0000000000000000e+00
6.3040881407322317e-03 1.8976821661748400e-02 0.0000000000000000e+00
1.0679239598466712e-02 1.8417957115976689e-02 0.0000000000000000e+00
1.3843652989713032e-02 1.8204824033523258e-02 0.0000000000000000e+00
6.9253565464650725e-03 1.0787151146326640e-02 0.0000000000000000e+00
7.1625164086298425e-03 1.6486964389538419e-02 0.0000000000000000e+00
6.5378974063792549e-03 1.9419127059911161e-02 0.0000000000000000e+00
1.2761966068598701e-02 2.0822493559443669e-02 0.0000000000000000e+00
4.2118747436903498e-03 2.4906797149416630e-02 0.0000000000000000e+00
1.5319564971983791e-02 1.7161889480045690e-02 0.0000000000000000e+00
3.9093981524554750e-03 1.2780865140942911e-02 0.0000000000000000e+00
7.8256523589653269e-03 1.9143890954423148e-02 0.0000000000000000e+00
1.9388245755725939e-03 1.5725587839195448e-02 0.0000000000000000e+00
1.1489872480289542e-02 2.4669086550412649e-02 0.0000000000000000e+00
1.1583532755150651e-02 1.4422512504384999e-02 0.0000000000000000e+00
4.6925714331371871e-03 2.4643037207307612e-02 0.0000000000000000e+00
3.6350546120869024e-03 1.8499122713214411e-02 0.0000000000000000e+00
1.3417045794797551e-02 2.2573821432071092e-02 0.0000000000000000e+00
5.3972377623489188e-04 1.0146360996131460e-02 0.0000000000000000e+00
1.0714524512504972e-02 2.3999334812511531e-02 0.0000000000000000e+00
1.0103246553803453e-02 2.1504359545581931e-02 0.0000000000000000e+00
8.6321985267365741e-04 2.7165301175073878e-02 0.0000000000000000e+00
1.2202719140248472e-02 2.0051896149730630e-02 0.0000000000000000e+00
2.8599725672248557e-03 2.4974808191481710e-02 0.0000000000000000e+00
2.2208334932237337e-03 1.1711374929169660e-02 0.0000000000000000e+00
1.7401926607833889e-02 1.8099284271274069e-02 0.0000000000000000e+00
9.7218067618605047e-03 2.5415121158461760e-02 0.0000000000000000e+00
4.8767909912341182e-04 2.3104361925873569e-02 0.0000000000000000e+00
3.0050119226070031e-03 2.2130684838441141e-02 0.0000000000000000e+00
7.6502730321203393e-03 2.2658914586559140e-02 0.0000000000000000e+00
3.2551056000214803e-03 1.9836427366392941e-02 0.0000000000000000e+00
9.9810143378697806e-03 2.0707555942307110e-02 0.0000000000000000e+00
1.0469777652874842e-02 1.7894800008484070e-02 0.0000000000000000e+00
2.4695176578148001e-03 2.2254995349458798e-02 0.0000000000000000e+00
1.0456197901344650e-02 1.3461747329935750e-02 0.0000000000000000e+00
5.6517695712696324e-03 2.4045732401755761e-02 0.0000000000000000e+00
8.1488862957511815e-03 2.4852540806112822e-02 0.0000000000000000e+00
7.1554906086846995e-03 2.0529051009468720e-02 0.0000000000000000e+00
7.2129472749869316e-03 2.3633109180922061e-02 0.0000000000000000e+00
9.8746020698033347e-03 1.6720400088778939e-02 0.0000000000000000e+00
4.6733141041186766e-04 1.8651236729719290e-02 0.0000000000000000e+00
4.5228124941361358e-03 2.2215297474822041e-02 0.0000000000000000e+00
8.9664349422071080e-03 1.9326233806647480e-02 0.0000000000000000e+00
1.3308606871233631e-02 2.1464594232690020e-02 0.0000000000000000e+00
2.3244595094347887e-03 2.5787729269849530e-02 0.0000000000000000e+00
5.9597877184961248e-03 8.9990840946154293e-03 0.0000000000000000e+00
1.7894207824273981e-02 2.0434728254655411e-02 0.0000000000000000e+00
1.8600503378592200e-02 1.9816715124578409e-02 0.0000000000000000e+00
3.0396965505837377e-04 8.2992291889756303e-03 0.0000000000000000e+00
8.4328880691106648e-04 8.2995003853168128e-03 0.0000000000000000e+00
2.5593639765210444e-03 9.3805842889253324e-03 0.0000000000000000e+00
1.4727129849772203e-02 1.8826479282591992e-02 0.0000000000000000e+00
3.0143627920970182e-03 2.1240090264589562e-02 0.0000000000000000e+00
7.5219395520926000e-03 1.8050384205536021e-02 0.0000000000000000e+00
1.4476342636566381e-02 1.7803758397758170e-02 0.0000000000000000e+00
4.0678674170621671e-03 2.5812444819101499e-02 0.0000000000000000e+00
8.3989656365546679e-03 9.1914836452001887e-03 0.0000000000000000e+00
1.1963781808974961e-02 1.8276126239929601e-02 0.0000000000000000e+00
6.6424991189153737e-03 9.6802541356289604e-03 0.0000000000000000e+00
4.8060607407341017e-03 2.2931204146164699e-02 0.0000000000000000e+00
9.7799114669458731e-03 1.9605111384166339e-02 0.0000000000000000e+00
7.1175714868743530e-03 1.5565056036383791e-02 0.0000000000000000e+00
1.3184645040923725e-03 2.4391944934031590e-02 0.0000000000000000e+00
4.9468272563264592e-03 7.8440512683869215e-03 0.0000000000000000e+00
7.6935503523113472e-03 1.7142631674204000e-02 0.0000000000000000e+00
6.6228421261909113e-03 2.5356716416868711e-02 0.0000000000000000e+00
1.1986399948877616e-03 2.3539640442638510e-02 0.0000000000000000e+00
3.6916511084020944e-03 2.4033593565501742e-02 0.0000000000000000e+00
1.1245337668615752e-02 2.0021972873219732e-02 0.0000000000000000e+00
1.2622130749832330e-03 1.7118018182440489e-02 0.0000000000000000e+00
9.3072555396728571e-03 1.4363193613409989e-02 0.0000000000000000e+00
1.0439412803641952e-02 2.2573847313967579e-02 0.0000000000000000e+00
1.8262399574453171e-02 1.9009334841311079e-02 0.0000000000000000e+00
4.4118934495558839e-03 1.1207280092987260e-02 0.0000000000000000e+00
1.6612653784985911e-02 1.9972593070236459e-02 0.0000000000000000e+00
9.9188051744180834e-03 1.8790463747482229e-02 0.0000000000000000e+00
4.2193097257968160e-03 9.1655785017904778e-03 0.0000000000000000e+00
8.8073705590572572e-03 1.5682880739779689e-02 0.0000000000000000e+00
5.6970085538966672e-03 1.9876433105461781e-02 0.0000000000000000e+00
6.5189730731949214e-03 2.2916465580749501e-02 0.0000000000000000e+00
7.5269236711373935e-03 2.5362675165351161e-02 0.0000000000000000e+00
1.0737641571710952e-02 2.1729217707980801e-02 0.0000000000000000e+00
1.4728628697813141e-02 1.9696720994460858e-02 0.0000000000000000e+00
1.4646908331069772e-02 2.2891851181579732e-02 0.0000000000000000e+00
1.5586861739772282e-02 2.1043185078103339e-02 0.0000000000000000e+00
4.4992719501514724e-04 1.2305566871480900e-02 0.0000000000000000e+00
6.1611942538202331e-03 6.8934600683347828e-03 0.0000000000000000e+00
1.2259609197660270e-02 1.2824854084672649e-02 0.0000000000000000e+00
1.1800399109460110e-03 1.8084385740024321e-02 0.0000000000000000e+00
1.3801484779551842e-03 2.1554263998950170e-02 0.0000000000000000e+00
3.0375789356918135e-03 8.5302106549736863e-03 0.0000000000000000e+00
7.4308910854700705e-03 8.9388174685172232e-03 0.0000000000000000e+00
1.4740988183090121e-02 1.6627142424746971e-02 0.0000000000000000e+00
5.7359428130502529e-03 7.3332821200966757e-03 0.0000000000000000e+00
3.9756462064964478e-03 2.3179588620399729e-02 0.0000000000000000e+00
5.2681065255677983e-04 2.1804762762819219e-02 0.0000000000000000e+00
1.5530677889216270e-03 1.8776879371167111e-02 0.0000000000000000e+00
1.6679185434282109e-02 1.8352973361771819e-02 0.0000000000000000e+00
8.0505989460303747e-03 2.1816703618153910e-02 0.0000000000000000e+00
1.1808291835479401e-02 2.3540586086442959e-02 0.0000000000000000e+00
1.9448834531764411e-03 1.7703302070931189e-02 0.0000000000000000e+00
3.9976708805239706e-03 1.3747078687332199e-02 0.0000000000000000e+00
2.7968839128865099e-03 1.7564456573570149e-02 0.0000000000000000e+00
9.2345223774313711e-03 2.2420308502379471e-02 0.0000000000000000e+00
9.7718457208997283e-03 2.3294532026685761e-02 0.0000000000000000e+00
1.1352452180947332e-02 2.2765573227691641e-02 0.0000000000000000e+00
7.4229919299054542e-03 2.4343442652196210e-02 0.0000000000000000e+00
4.0165921839182047e-03 2.2262842407701228e-02 0.0000000000000000e+00
7.3214277201893449e-03 7.9385998679885848e-03 0.0000000000000000e+00
9.1772826026375199e-03 2.0785181489626960e-02 0.0000000000000000e+00
5.5859527944530129e-03 2.5598716544090572e-02 0.0000000000000000e+00
3.7672880318222524e-03 2.0887483303318660e-02 0.0000000000000000e+00
1.2136674545152827e-03 9.3345599935758684e-03 0.0000000000000000e+00
8.5855062517577133e-03 2.3079540510691280e-02 0.0000000000000000e+00
6.2709867257643480e-03 1.1546125022712300e-02 0.0000000000000000e+00
1.0404590678414352e-02 2.5118903926768660e-02 0.0000000000000000e+00
8.9288879566377811e-03 2.4695621385050982e-02 0.0000000000000000e+00
9.5972274824593917e-03 1.5352607300319581e-02 0.0000000000000000e+00
1.6861109745504262e-02 2.1446546056235371e-02 0.0000000000000000e+00
6.6152596144601053e-03 2.0330428994710631e-02 0.0000000000000000e+00
1.0598990110694232e-02 1.5294360353173980e-02 0.0000000000000000e+00
3.5908282903883443e-03 1.8999642388726281e-02 0.0000000000000000e+00
5.1084998328473777e-03 6.5345275410323492e-03 0.0000000000000000e+00
1.1163561633527412e-02 1.9374769441187531e-02 0.0000000000000000e+00
8.0738726842442717e-03 2.2364772329288261e-02 0.0000000000000000e+00
1.5392876145440002e-02 2.2332855081086431e-02 0.0000000000000000e+00
1.0673412477760781e-02 1.2983231124438140e-02 0.0000000000000000e+00
8.9508089743650186e-03 1.6943252760925911e-02 0.0000000000000000e+00
1.1443555345764069e-03 1.4314486347042030e-02 0.0000000000000000e+00
5.0999516153951360e-04 1.4274825568059460e-02 0.0000000000000000e+00
4.4294325917264748e-03 1.2250286832780949e-02 0.0000000000000000e+00
1.5461736892375531e-02 1.6229798409487670e-02 0.0000000000000000e+00
3.8058076622278169e-03 1.1705056513790340e-02 0.0000000000000000e+00
2.9107809128257399e-03 1.1118273117687170e-02 0.0000000000000000e+00
7.1729132664066107e-03 2.2127160018322680e-02 0.0000000000000000e+00
1.3355909334391442e-02 1.5572918946105180e-02 0.0000000000000000e+00
1.2346576493666392e-02 1.7451432306654909e-02 0.0000000000000000e+00
2.8135769074941774e-03 2.3924927165512571e-02 0.0000000000000000e+00
8.6183608134095899e-03 1.3972085182349129e-02 0.0000000000000000e+00
2.5582175594300810e-03 1.5112860056392979e-02 0.0000000000000000e+00
9.8092254431246303e-03 1.7318453312159691e-02 0.0000000000000000e+00
2.1055490111394769e-03 1.4710649440260180e-02 0.0000000000000000e+00
1.6431450110427570e-02 2.0504787686350980e-02 0.0000000000000000e+00
2.3947795363762048e-03 1.3511845057068121e-02 0.0000000000000000e+00
1.0032140831017252e-02 1.4873864054604110e-02 0.0000000000000000e+00
1.3522871323960172e-02 1.4185730150748151e-02 0.0000000000000000e+00
4.9391945850768689e-03 1.9669615784337870e-02 0.0000000000000000e+00
1.2216517468640492e-02 2.1826106566342741e-02 0.0000000000000000e+00
2.3042803219863383e-03 2.4784038424075120e-02 0.0000000000000000e+00
2.5131277812302276e-03 7.8064870057373281e-03 0.0000000000000000e+00
7.1063805987463926e-03 2.5119103563236791e-02 0.0000000000000000e+00
6.2472372320992427e-03 2.0745360506935168e-02 0.0000000000000000e+00
4.7542871069830121e-03 2.1684372011090532e-02 0.0000000000000000e+00
4.6566389244395131e-03 1.7776034727194200e-02 0.0000000000000000e+00
9.1858239523065852e-03 1.3429096948154549e-02 0.0000000000000000e+00
6.7293055626425286e-03 8.5289650781466587e-03 0.0000000000000000e+00
1.5507974770656121e-02 1.9009310749843879e-02 0.0000000000000000e+00
6.2860744705333796e-03 1.9872453869482710e-02 0.0000000000000000e+00
1.1332635651012550e-02 1.2159953767416520e-02 0.0000000000000000e+00
4.0167106001669653e-03 2.1322601669088281e-02 0.0000000000000000e+00
1.4920246843856603e-02 1.7065265641472011e-02 0.0000000000000000e+00
1.0417097428831311e-02 1.8830960425165501e-02 0.0000000000000000e+00
8.1797324518896961e-03 2.3938539913051681e-02 0.0000000000000000e+00
1.1408707664624178e-03 1.2754290821934860e-02 0.0000000000000000e+00
8.0494586978634691e-03 9.6541667370489710e-03 0.0000000000000000e+00
7.4137539793480891e-03 2.6138257061084171e-02 0.0000000000000000e+00
5.0761907882965699e-03 2.5459384126031780e-02 0.0000000000000000e+00
1.1507418084951242e-02 1.7891893342666301e-02 0.0000000000000000e+00
1.5596430854503598e-03 2.7160347174755371e-02 0.0000000000000000e+00
1.5923266648716631e-02 1.7762905396780979e-02 0.0000000000000000e+00
7.8541031217254295e-03 1.5696656863719880e-02 0.0000000000000000e+00
5.0094621173423261e-03 8.8070705880134055e-03 0.0000000000000000e+00
1.5184863399049517e-03 8.9681065438218834e-03 0.0000000000000000e+00
1.0969635722203951e-02 1.6139313758566781e-02 0.0000000000000000e+00
8.4057282798180918e-03 2.0732292007365628e-02 0.0000000000000000e+00
4.0355096540412522e-03 2.0478919714840269e-02 0.0000000000000000e+00
1.1874282057607005e-03 2.5729110814550010e-02 0.0000000000000000e+00
3.2560615219388803e-03 2.1707103698536082e-02 0.0000000000000000e+00
4.1764698452101292e-04 2.4576177998359500e-02 0.0000000000000000e+00
1.2183304392148042e-02 1.5199325187462819e-02 0.0000000000000000e+00
1.3231689770548982e-02 1.8842677351728791e-02 0.0000000000000000e+00
1.2949926712139792e-02 1.9372426159448491e-02 0.0000000000000000e+00
1.5644969569040629e-02 1.8494920449609660e-02 0.0000000000000000e+00
1.2920078310410001e-02 2.2390294300986120e-02 0.0000000000000000e+00
1.5076060113645361e-02 2.0109868225017119e-02 0.0000000000000000e+00
1.0718984489192661e-02 1.6985302794055478e-02 0.0000000000000000e+00
1.0627903474670302e-02 1.9304786594706819e-02 0.0000000000000000e+00
8.4075081468358483e-03 1.7637901559070131e-02 0.0000000000000000e+00
4.9749281406701318e-03 9.5919086304608447e-03 0.0000000000000000e+00
6.2710431803177326e-03 2.2316109125655050e-02 0.0000000000000000e+00
6.5205517256190565e-03 1.0110456752067660e-02 0.0000000000000000e+00
2.4665629679599750e-03 1.0688579342686780e-02 0.0000000000000000e+00
7.1551966626733415e-03 9.6450922911442104e-03 0.0000000000000000e+00
7.3409913856018558e-03 1.8988890502534880e-02 0.0000000000000000e+00
3.2077039563294350e-03 1.3545528844992700e-02 0.0000000000000000e+00
5.4097914163979827e-03 1.1045123381895439e-02 0.0000000000000000e+00
5.9175997539379641e-03 1.0789497518393160e-02 0.0000000000000000e+00
1.0324667665284582e-02 1.9685848140676070e-02 0.0000000000000000e+00
1.8400547073074694e-03 2.0826360363641959e-02 0.0000000000000000e+00
3.1091873461811014e-03 2.0324737715537559e-02 0.0000000000000000e+00
7.4687171707075546e-03 1.0261631937123020e-02 0.0000000000000000e+00
1.0719281414094206e-03 1.0896593836926450e-02 0.0000000000000000e+00
1.2529060856052306e-03 9.8143973328782379e-03 0.0000000000000000e+00
4.5791641430015318e-03 8.4284801470121667e-03 0.0000000000000000e+00
1.6894298353452902e-03 2.0065697080520351e-02 0.0000000000000000e+00
5.8601770527987075e-03 2.6667235648478210e-02 0.0000000000000000e+00
6.6649678913600881e-03 2.1957741511736961e-02 0.0000000000000000e+00
1.2891847421507311e-02 1.4705227887928270e-02 0.0000000000000000e+00
1.2585570891232292e-02 1.4245521559015770e-02 0.0000000000000000e+00
1.2117448706126771e-02 2.2315911840754939e-02 0.0000000000000000e+00
8.9573620632046064e-03 2.1919192413927830e-02 0.0000000000000000e+00
5.6407179671473717e-03 2.3039335420166372e-02 0.0000000000000000e+00
3.8884476199086823e-03 1.9989489446616670e-02 0.0000000000000000e+00
6.7725651498842659e-03 2.6358085897925449e-02 0.0000000000000000e+00
1.6285271748432951e-02 1.6950096561740732e-02 0.0000000000000000e+00
3.6067015063520082e-04 2.6665366345579589e-02 0.0000000000000000e+00
4.8731223843323018e-03 1.0451789728140639e-02 0.0000000000000000e+00
1.6266863321537305e-03 2.5145647310823301e-02 0.0000000000000000e+00
4.5668988811774106e-04 2.4035018944301451e-02 0.0000000000000000e+00
3.9731121033895539e-03 7.2549644496071016e-03 0.0000000000000000e+00
9.2472614068645643e-03 1.7463253200787770e-02 0.0000000000000000e+00
1.4399083099956272e-02 2.1270174354991719e-02 0.0000000000000000e+00
9.1644979394101943e-03 1.8085866108932910e-02 0.0000000000000000e+00
4.6904860467914021e-04 2.1021935354008439e-02 0.0000000000000000e+00
1.2906503685288262e-02 1.7253593344837920e-02 0.0000000000000000e+00
1.2887471477941921e-02 1.5660569337251840e-02 0.0000000000000000e+00
7.7368518657684954e-03 2.3121170749886549e-02 0.0000000000000000e+00
5.6192037183804234e-03 6.0691590648158343e-03 0.0000000000000000e+00
1.6478823869692648e-03 1.3260751477923860e-02 0.0000000000000000e+00
4.3270298252134941e-04 1.9577515034930420e-02 0.0000000000000000e+00
1.3924897540471881e-02 1.9194510892105068e-02 0.0000000000000000e+00
2.3760605532058962e-03 2.0737804444615159e-02 0.0000000000000000e+00
1.3435665428321572e-02 2.3671580444214711e-02 0.0000000000000000e+00
1.3849835718271402e-02 2.3458948965089099e-02 0.0000000000000000e+00
1.3728074675737362e-02 2.1796733436786231e-02 0.0000000000000000e+00
8.2244810397818918e-03 1.4244273319354100e-02 0.0000000000000000e+00
5.0754347938899427e-03 1.8484090109551481e-02 0.0000000000000000e+00
6.6502239781851677e-03 2.3814995761881889e-02 0.0000000000000000e+00
1.4128926707176942e-02 1.6645089146990030e-02 0.0000000000000000e+00
1.1609318737526882e-02 1.6512260281976131e-02 0.0000000000000000e+00
6.6315526519673124e-03 2.4373353998865130e-02 0.0000000000000000e+00
6.8001469456406378e-03 1.6798588865201709e-02 0.0000000000000000e+00
4.5170468111072788e-03 2.1290161300622730e-02 0.0000000000000000e+00
4.4930620492011149e-04 1.7645087786035889e-02 0.0000000000000000e+00
5.1349007402561476e-03 2.6746835823396490e-02 0.0000000000000000e+00
3.5719983585259735e-03 7.4541843691749397e-03 0.0000000000000000e+00
3.1631983090679295e-03 7.6366362582274243e-03 0.0000000000000000e+00
7.8826736509963538e-03 2.4410523711550811e-02 0.0000000000000000e+00
1.2061302150088170e-02 1.3601042259079370e-02 0.0000000000000000e+00
5.4193448406744766e-03 1.2330948121765601e-02 0.0000000000000000e+00
1.3042772203114061e-02 1.8060228779122049e-02 0.0000000000000000e+00
9.2980521591165960e-03 2.5585209621552429e-02 0.0000000000000000e+00
8.8450639426938503e-03 2.5745321306639191e-02 0.0000000000000000e+00
1.7393543695657189e-02 2.0952787820080421e-02 0.0000000000000000e+00
4.5918118753024810e-03 9.9701287351978245e-03 0.0000000000000000e+00
1.7958270947429360e-03 1.6597063979711609e-02 0.0000000000000000e+00
5.2234034082285930e-03 2.3766979533433982e-02 0.0000000000000000e+00
5.7123218676833620e-03 1.9062551253367459e-02 0.0000000000000000e+00
1.4308274946307651e-02 1.8955897064937291e-02 0.0000000000000000e+00
5.2463617276206397e-03 7.3137092622268321e-03 0.0000000000000000e+00
8.4674540204432418e-03 1.9466738825340259e-02 0.0000000000000000e+00
1.2166336648693061e-02 2.4354036538103391e-02 0.0000000000000000e+00
1.3018247379907411e-02 2.3909497658966852e-02 0.0000000000000000e+00
1.2598437082062831e-02 2.4143447827362999e-02 0.0000000000000000e+00
2.3069763404764414e-03 1.9960007275570291e-02 0.0000000000000000e+00
9.9365691745864296e-03 1.2552645085024730e-02 0.0000000000000000e+00
8.2285408333579238e-03 1.8775262521115190e-02 0.0000000000000000e+00
1.2833403881729922e-02 2.1828081332270571e-02 0.0000000000000000e+00
5.5342261767318450e-03 1.8270846768083170e-02 0.0000000000000000e+00
1.4102411616248301e-02 2.0169265465373891e-02 0.0000000000000000e+00
3.0737931753252391e-03 2.4480814471541670e-02 0.0000000000000000e+00
3.3056650635634832e-03 2.2471120846615698e-02 0.0000000000000000e+00
2.9432875186598999e-03 1.2169932090371351e-02 0.0000000000000000e+00
1.5803846943736332e-03 2.2069989131861621e-02 0.0000000000000000e+00
6.1063299621039509e-03 1.6323406038030470e-02 0.0000000000000000e+00
1.0767157875889471e-02 1.4242163028245941e-02 0.0000000000000000e+00
3.7729320636671279e-04 1.5677335115459191e-02 0.0000000000000000e+00
1.5741840954931674e-03 2.2910989646112590e-02 0.0000000000000000e+00
9.6975892316546793e-03 1.5776701886416271e-02 0.0000000000000000e+00
1.4988251594822002e-02 1.5580643338871148e-02 0.0000000000000000e+00
1.5609389051851582e-02 2.0219648337443840e-02 0.0000000000000000e+00
1.4819415653507632e-02 2.0589914029055960e-02 0.0000000000000000e+00
4.8579129658427485e-03 1.3004479949691171e-02 0.0000000000000000e+00
6.1050826803975685e-03 2.3198871034648710e-02 0.0000000000000000e+00
1.3811626575553702e-02 2.0834404265755231e-02 0.0000000000000000e+00
1.1082479883669052e-02 2.4871964806173472e-02 0.0000000000000000e+00
4.8847450814018221e-03 2.2491723955508119e-02 0.0000000000000000e+00
3.8466941517515795e-03 2.4515739799427901e-02 0.0000000000000000e+00
4.1317849449521733e-03 9.6119848661244626e-03 0.0000000000000000e+00
1.0496131086309135e-03 2.3964382529858580e-02 0.0000000000000000e+00
9.6572134070641736e-03 2.1559087460338560e-02 0.0000000000000000e+00
1.5424085033265676e-03 1.2374425201809130e-02 0.0000000000000000e+00
1.0248496031107493e-03 2.1085458679386049e-02 0.0000000000000000e+00
6.0251037127358300e-03 2.5932129998023291e-02 0.0000000000000000e+00
6.5913585988042339e-03 7.2148790838923024e-03 0.0000000000000000e+00
7.8563819133624820e-03 1.6165744546734740e-02 0.0000000000000000e+00
5.0320786009746118e-03 1.7527456886796050e-02 0.0000000000000000e+00
2.3206037230950891e-03 1.9445987247122948e-02 0.0000000000000000e+00
8.9740818073718136e-03 2.3861403083794010e-02 0.0000000000000000e+00
1.0897869309503042e-02 2.0831286185778619e-02 0.0000000000000000e+00
1.4459963690639222e-02 2.2234710250991111e-02 0.0000000000000000e+00
3.2100776878016711e-03 1.3099995527908720e-02 0.0000000000000000e+00
9.8600016269201497e-03 2.4641185264701292e-02 0.0000000000000000e+00
1.3270828603665722e-02 1.6517103741367209e-02 0.0000000000000000e+00
7.6767751682369359e-03 8.1789562429957080e-03 0.0000000000000000e+00
6.5100258822138237e-03 9.2213507100942262e-03 0.0000000000000000e+00
3.7886173095684017e-04 9.7145975014816862e-03 0.0000000000000000e+00
3.5380846344830676e-03 2.5570208943348900e-02 0.0000000000000000e+00
1.6319399177950390e-03 1.5340447012315810e-02 0.0000000000000000e+00
3.5034769495926529e-03 1.0951623612865800e-02 0.0000000000000000e+00
1.2302537511801492e-02 1.7864292632598130e-02 0.0000000000000000e+00
1.6397461067983326e-03 1.1828215060359710e-02 0.0000000000000000e+00
8.9444106613013503e-03 1.4693954824070370e-02 0.0000000000000000e+00
8.4529048322033330e-03 1.4929199444728959e-02 0.0000000000000000e+00
8.4145649331930587e-03 1.6753603010726471e-02 0.0000000000000000e+00
6.2656710180648261e-03 2.5036700234414830e-02 0.0000000000000000e+00
4.4280790011771043e-04 1.4860394447271120e-02 0.0000000000000000e+00
1.0569165652784943e-02 2.3179425934824891e-02 0.0000000000000000e+00
7.0857439916697561e-03 2.4629919509078540e-02 0.0000000000000000e+00
5.4602019499414419e-03 2.1242322476406721e-02 0.0000000000000000e+00
1.9946908135137190e-03 1.0975821562196640e-02 0.0000000000000000e+00
9.0602777370992326e-03 1.6100434222961871e-02 0.0000000000000000e+00
9.9725626618290420e-03 1.3419331320417491e-02 0.0000000000000000e+00
9.9442256372570610e-04 1.7648876128365291e-02 0.0000000000000000e+00
7.4992888969152398e-03 1.6735591287068561e-02 0.0000000000000000e+00
3.8943440332933431e-04 1.1234942173632200e-02 0.0000000000000000e+00
1.7740006073565771e-02 1.8457343004690759e-02 0.0000000000000000e+00
1.8679603659245699e-02 1.9209730683740441e-02 0.0000000000000000e+00
1.0751559666784451e-02 1.7502805986413641e-02 0.0000000000000000e+00
6.1740793863001272e-03 2.3682268072609841e-02 0.0000000000000000e+00
1.4803748768111582e-02 2.1548293934682199e-02 0.0000000000000000e+00
3.5443160024102678e-03 1.2559939433639080e-02 0.0000000000000000e+00
2.6782100412513499e-03 2.5557077452754481e-02 0.0000000000000000e+00
1.0488511703548573e-02 2.0118962922147619e-02 0.0000000000000000e+00
4.1673020382688433e-03 1.8370802483351580e-02 0.0000000000000000e+00
1.0158998156564791e-02 2.1068755935628101e-02 0.0000000000000000e+00
9.8551101409947075e-03 2.1914125793733849e-02 0.0000000000000000e+00
7.9934837494283466e-03 2.1033050350993329e-02 0.0000000000000000e+00
3.8334100348398219e-04 1.9132635537424982e-02 0.0000000000000000e+00
6.5011933595030191e-03 1.0536764740335131e-02 0.0000000000000000e+00
5.7556188028986995e-03 9.4943742489094450e-03 0.0000000000000000e+00
1.0554338162015550e-02 1.1930830851563771e-02 0.0000000000000000e+00
5.5668006164686862e-03 1.6963864594199480e-02 0.0000000000000000e+00
1.6039254169916431e-02 2.1211036014825518e-02 0.0000000000000000e+00
8.5649403827436354e-03 2.1577682267829541e-02 0.0000000000000000e+00
5.5290106320813343e-03 2.4791111450935609e-02 0.0000000000000000e+00
3.2729826316540123e-03 2.3659964401674428e-02 0.0000000000000000e+00
9.7380122616534074e-04 1.5105694924937140e-02 0.0000000000000000e+00
7.2019104882130982e-03 2.2618005793431310e-02 0.0000000000000000e+00
8.2071342267691968e-03 8.8188081632982109e-03 0.0000000000000000e+00
3.5645488935087655e-03 2.6442365986499520e-02 0.0000000000000000e+00
1.2051615056620021e-02 1.6778279341574699e-02 0.0000000000000000e+00
3.4390908579043583e-03 8.6223981552561689e-03 0.0000000000000000e+00
9.3137111780769218e-03 2.4135875672809039e-02 0.0000000000000000e+00
5.9747697785541400e-03 2.1532672095014051e-02 0.0000000000000000e+00
3.9619622914750935e-03 2.7017303731767271e-02 0.0000000000000000e+00
2.7450676870419458e-03 1.2554804584986990e-02 0.0000000000000000e+00
8.9562078292189980e-03 1.8843284879895370e-02 0.0000000000000000e+00
9.7418403256943880e-03 1.9179710767770381e-02 0.0000000000000000e+00
9.1048228037623330e-03 2.0243621129877029e-02 0.0000000000000000e+00
9.5949522033805662e-03 2.0086951971940291e-02 0.0000000000000000e+00
3.8152089051581963e-03 2.1754813207442169e-02 0.0000000000000000e+00
4.4758892148289795e-03 1.9027051845249578e-02 0.0000000000000000e+00
4.6897528961268101e-03 2.6854157484757619e-02 0.0000000000000000e+00
7.4274021191528070e-03 2.1723665069072421e-02 0.0000000000000000e+00
1.0131440542461142e-02 1.5798338808049560e-02 0.0000000000000000e+00
6.2114024016322539e-03 8.4540665619249403e-03 0.0000000000000000e+00
1.6206128241225758e-02 1.8500920584964151e-02 0.0000000000000000e+00
1.8298126143406982e-03 2.1327349999313169e-02 0.0000000000000000e+00
2.1918293670429713e-03 2.1514465558124449e-02 0.0000000000000000e+00
1.7528688166198476e-03 2.3643513550924651e-02 0.0000000000000000e+00
1.1526972129066162e-02 1.7376883282154500e-02 0.0000000000000000e+00
5.4889448241128387e-03 8.1800269760248581e-03 0.0000000000000000e+00
1.3472301692171961e-02 1.7984482127026351e-02 0.0000000000000000e+00
6.0868539857066497e-03 9.9339568289983325e-03 0.0000000000000000e+00
4.2529030986077635e-04 2.0411845734529761e-02 0.0000000000000000e+00
6.8403729160629060e-03 2.1228627769243578e-02 0.0000000000000000e+00
1.1394740173044222e-02 2.1773342881542951e-02 0.0000000000000000e+00
1.5877541257472028e-02 2.2158346852103581e-02 0.0000000000000000e+00
1.6305530185738271e-02 2.1862427259253279e-02 0.0000000000000000e+00
5.9568434922785702e-03 1.1844838870979250e-02 0.0000000000000000e+00
1.2485924107793131e-02 2.2609215050677822e-02 0.0000000000000000e+00
3.7936524424035591e-04 1.7149717505477120e-02 0.0000000000000000e+00
5.0962684461093475e-03 2.4947824627194349e-02 0.0000000000000000e+00
8.8497441171280010e-04 2.4777679691697880e-02 0.0000000000000000e+00
1.0009822063789722e-02 1.7884984235677880e-02 0.0000000000000000e+00
7.5558875594416881e-03 1.4940268892471929e-02 0.0000000000000000e+00
3.7949108623120184e-04 1.3753502443601370e-02 0.0000000000000000e+00
1.9894125907170749e-03 1.2537933346582739e-02 0.0000000000000000e+00
1.0675225212603901e-03 1.9007701178941839e-02 0.0000000000000000e+00
1.4316143540715462e-02 1.9801299096401249e-02 0.0000000000000000e+00
4.4812281574923745e-03 2.3191984074841441e-02 0.0000000000000000e+00
3.2990103379668175e-03 2.0816551688010099e-02 0.0000000000000000e+00
1.3302848796585831e-02 2.0530494005862241e-02 0.0000000000000000e+00
1.8214228484537455e-03 2.4221163299727549e-02 0.0000000000000000e+00
1.3334686960690430e-02 1.3874833718352001e-02 0.0000000000000000e+00
4.0831691749412770e-03 1.9238760700624989e-02 0.0000000000000000e+00
4.7321406376281449e-03 1.1605247865454520e-02 0.0000000000000000e+00
3.4173232612579553e-03 1.8063656954113130e-02 0.0000000000000000e+00
8.7435238050215351e-03 2.1035334583914270e-02 0.0000000000000000e+00
1.7201180903587378e-02 2.0115513777810110e-02 0.0000000000000000e+00
2.5265451723852188e-03 2.7192896629597039e-02 0.0000000000000000e+00
3.2380546609510215e-03 2.7032316671128029e-02 0.0000000000000000e+00
2.2345171057166816e-03 8.5595445073019024e-03 0.0000000000000000e+00
5.4783809430568606e-03 8.7693110860872104e-03 0.0000000000000000e+00
1.8747165840846570e-03 1.4002147371951870e-02 0.0000000000000000e+00
1.0552871980224693e-03 2.0300985858043730e-02 0.0000000000000000e+00
4.7828254630050545e-03 2.0167651494920748e-02 0.0000000000000000e+00
1.2684189051349732e-02 2.3396351529383581e-02 0.0000000000000000e+00
3.7579172803830975e-04 1.6179206310758171e-02 0.0000000000000000e+00
1.0332283348015512e-02 2.4126194588527491e-02 0.0000000000000000e+00
2.0661219277544130e-03 1.3160234682891110e-02 0.0000000000000000e+00
1.0001377743776112e-02 2.3722873692093211e-02 0.0000000000000000e+00
1.1728957642298171e-02 1.5983043887415570e-02 0.0000000000000000e+00
3.7850840207705265e-03 7.9963173976639913e-03 0.0000000000000000e+00
6.3939623832105731e-03 1.7015711902184389e-02 0.0000000000000000e+00
4.2076462411469407e-03 8.7552130178575015e-03 0.0000000000000000e+00
1.0803359317319411e-03 1.5990405931248491e-02 0.0000000000000000e+00
2.1817331058315110e-03 1.6910046156817741e-02 0.0000000000000000e+00
5.8626121718915901e-03 6.4245364364468819e-03 0.0000000000000000e+00
7.5054987331207848e-03 9.3653933310606993e-03 0.0000000000000000e+00
1.2037947333369763e-02 2.3221834637728891e-02 0.0000000000000000e+00
1.6490343527103119e-02 1.7772319904269349e-02 0.0000000000000000e+00
6.9400747527111261e-03 8.1373968280349564e-03 0.0000000000000000e+00
1.2446309430755111e-02 1.5620698785128910e-02 0.0000000000000000e+00
1.2443027576402782e-02 1.6509704144635800e-02 0.0000000000000000e+00
3.0089591009102830e-03 1.4821335499014250e-02 0.0000000000000000e+00
4.7151884730842197e-03 6.7429824154356978e-03 0.0000000000000000e+00
4.3056574837627790e-03 6.9881683727133128e-03 0.0000000000000000e+00
4.7866660276453749e-03 9.1897347874388899e-03 0.0000000000000000e+00
9.4088527162384025e-03 1.9375431179313961e-02 0.0000000000000000e+00
1.1314113631143969e-02 1.3998301770202420e-02 0.0000000000000000e+00
2.3052460406051628e-03 1.5527762625095760e-02 0.0000000000000000e+00
2.0120333963694875e-03 9.9416942427003694e-03 0.0000000000000000e+00
1.4286341133626852e-02 1.7386210198506159e-02 0.0000000000000000e+00
4.2924998732652752e-03 2.5447276405430930e-02 0.0000000000000000e+00
3.9038091088112477e-04 2.5532726159942148e-02 0.0000000000000000e+00
3.8439617213327536e-04 1.8247986764388789e-02 0.0000000000000000e+00
5.7806609960510472e-03 2.5150704678619441e-02 0.0000000000000000e+00
8.7253810427949244e-04 1.9705870540785101e-02 0.0000000000000000e+00
1.2454656183751921e-02 1.9106497833333218e-02 0.0000000000000000e+00
1.0697190263677001e-02 2.2179535011176140e-02 0.0000000000000000e+00
6.4838236673452725e-03 1.6052023111172081e-02 0.0000000000000000e+00
6.4462101517298170e-03 7.7035175446822108e-03 0.0000000000000000e+00
1.2540938436452872e-02 2.0278422730082131e-02 0.0000000000000000e+00
1.4166513322682725e-03 8.0954118759905061e-03 0.0000000000000000e+00
1.8916227945862864e-03 7.9950586887198791e-03 0.0000000000000000e+00
1.7405647105119221e-03 1.7344713064118961e-02 0.0000000000000000e+00
2.1038343835217601e-03 2.2010139156491949e-02 0.0000000000000000e+00
1.5451424126953852e-02 1.7602132598702521e-02 0.0000000000000000e+00
6.8817764840153209e-03 2.3319838983885729e-02 0.0000000000000000e+00
3.9299782771083621e-03 2.6216531534783611e-02 0.0000000000000000e+00
1.3988708684721633e-02 2.2559150380508781e-02 0.0000000000000000e+00
2.7613108882595843e-03 2.3044183729678140e-02 0.0000000000000000e+00
1.0916808951302192e-02 2.0336642782038769e-02 0.0000000000000000e+00
4.8651652542838113e-04 2.2246804656278280e-02 0.0000000000000000e+00
1.4692757138320862e-02 1.5928815076091372e-02 0.0000000000000000e+00
8.8082968333213565e-03 1.7386112116883609e-02 0.0000000000000000e+00
5.1885982063295524e-03 2.1622310081503528e-02 0.0000000000000000e+00
6.9929826422672151e-03 1.9394362382788660e-02 0.0000000000000000e+00
2.1512520612298708e-03 2.6619879066525250e-02 0.0000000000000000e+00
2.8423153021305326e-03 2.6429299582642930e-02 0.0000000000000000e+00
8.1385365044504936e-03 1.7200063007255330e-02 0.0000000000000000e+00
2.5371807634474203e-03 2.1177951297972512e-02 0.0000000000000000e+00
1.4739908909340812e-02 1.5198622409631829e-02 0.0000000000000000e+00
2.1148245818533693e-03 9.5118131522184124e-03 0.0000000000000000e+00
1.1273938628523232e-02 1.4781649588038010e-02 0.0000000000000000e+00
7.9331512062642932e-03 2.6088387572392801e-02 0.0000000000000000e+00
8.4243750640937889e-03 2.5938537181424831e-02 0.0000000000000000e+00
1.2864235429376522e-02 1.9886370818363409e-02 0.0000000000000000e+00
1.2890546675361682e-02 1.8506836401003160e-02 0.0000000000000000e+00
1.3360763739311552e-02 2.3098231801071289e-02 0.0000000000000000e+00
1.5429146045296152e-02 1.9489150476246001e-02 0.0000000000000000e+00
1.1746564712558322e-02 2.4539874044855581e-02 0.0000000000000000e+00
9.5977451311981040e-03 1.2774720570256311e-02 0.0000000000000000e+00
1.1240704231200748e-03 2.7275489478220630e-02 0.0000000000000000e+00
1.1286686678513480e-02 1.3495238334598231e-02 0.0000000000000000e+00
4.8920277859497803e-03 1.9231123181908848e-02 0.0000000000000000e+00
2.0274468746888027e-03 2.5070461503225481e-02 0.0000000000000000e+00
1.8355215986010809e-02 2.0229425996659979e-02 0.0000000000000000e+00
9.9816808900213758e-03 2.5310786541611820e-02 0.0000000000000000e+00
7.5856441936568439e-03 2.3520251326851149e-02 0.0000000000000000e+00
2.8074370943680141e-03 1.8409117454823140e-02 0.0000000000000000e+00
6.2270553110742994e-04 2.7237505407796351e-02 0.0000000000000000e+00
1.5163350798418422e-02 2.0931399789857450e-02 0.0000000000000000e+00
5.8482751172001081e-03 2.4418849155999629e-02 0.0000000000000000e+00
1.6846622247909188e-02 1.9380947290456751e-02 0.0000000000000000e+00
1.2835518633195120e-02 1.3386116589898920e-02 0.0000000000000000e+00
1.1017118170742352e-02 2.2464065897932931e-02 0.0000000000000000e+00
3.4303120648215128e-03 2.5166684388244001e-02 0.0000000000000000e+00
4.5033326288067763e-03 7.5985798222742264e-03 0.0000000000000000e+00
2.0304994336820302e-03 1.8559943329563362e-02 0.0000000000000000e+00
1.2509243883089291e-02 1.3770851191816169e-02 0.0000000000000000e+00
1.2383434663263231e-02 2.0950626809318411e-02 0.0000000000000000e+00
1.3789217716636427e-03 2.6569695352455552e-02 0.0000000000000000e+00
7.9528351094284612e-03 1.8045486544633779e-02 0.0000000000000000e+00
1.5258720353546194e-03 1.9603182181878061e-02 0.0000000000000000e+00
1.8779881440319841e-02 1.9620771305570561e-02 0.0000000000000000e+00
1.7773211050199259e-02 2.0690731563917791e-02 0.0000000000000000e+00
3.4652526798999374e-03 9.4003677629851158e-03 0.0000000000000000e+00
4.4603923304529615e-03 2.0560451537379659e-02 0.0000000000000000e+00
5.5705461937249649e-03 2.0331795560684918e-02 0.0000000000000000e+00
8.2640468586426153e-04 1.5607171632706539e-02 0.0000000000000000e+00
8.5785835677264742e-03 2.4665311769276631e-02 0.0000000000000000e+00
5.3693730569364089e-03 2.3344906098747450e-02 0.0000000000000000e+00
1.4089279358412551e-02 1.4620434428171380e-02 0.0000000000000000e+00
1.7429974950001120e-02 1.8831705610295651e-02 0.0000000000000000e+00
3.5259520810767640e-03 1.4337967198473920e-02 0.0000000000000000e+00
1.6927580713537529e-02 1.7484918437226861e-02 0.0000000000000000e+00
1.5126519076861323e-02 2.2746912694735631e-02 0.0000000000000000e+00
9.3220116164202563e-04 1.0048667729729550e-02 0.0000000000000000e+00
1.4139798380987032e-02 1.5511163041595340e-02 0.0000000000000000e+00
8.8368733474561579e-03 2.2317059415094220e-02 0.0000000000000000e+00
1.2384131816147027e-03 1.1226776386828169e-02 0.0000000000000000e+00
9.5568570655927606e-03 1.3990111306261011e-02 0.0000000000000000e+00
9.0580413412535091e-03 2.5021070771735699e-02 0.0000000000000000e+00
1.1957012133207393e-02 1.7246735912700491e-02 0.0000000000000000e+00
1.0952338685856889e-02 1.1514970297374380e-02 0.0000000000000000e+00
1.2012773688712192e-02 1.9721173175339869e-02 0.0000000000000000e+00
8.9266753874353427e-03 1.4285552634744200e-02 0.0000000000000000e+00
1.2432278106471961e-02 1.8634194057857632e-02 0.0000000000000000e+00
8.4547497223463268e-04 2.6043876828736458e-02 0.0000000000000000e+00
1.0265169840214254e-03 8.1464126972549157e-03 0.0000000000000000e+00
5.6373867368537912e-04 8.2290786572032700e-03 0.0000000000000000e+00
4.0541267088037127e-03 1.0847946052578539e-02 0.0000000000000000e+00
2.1907138649447625e-03 2.4380929943739391e-02 0.0000000000000000e+00
7.9707712523132950e-03 1.5156055087623591e-02 0.0000000000000000e+00
7.8977165239842492e-03 2.0034777394439079e-02 0.0000000000000000e+00
5.3419616700394685e-03 2.2384653896161410e-02 0.0000000000000000e+00
1.4494832113628101e-02 2.3100703783059472e-02 0.0000000000000000e+00
1.7962817251626319e-02 1.9279645056930979e-02 0.0000000000000000e+00
1.8063131921695981e-03 1.9299691073388019e-02 0.0000000000000000e+00
5.7257522267431206e-03 1.0288634430170720e-02 0.0000000000000000e+00
8.3586812960656618e-04 1.6894645309245001e-02 0.0000000000000000e+00
9.8733242356931466e-03 2.2789574884050642e-02 0.0000000000000000e+00
4.1575507933609068e-03 1.9669949917149741e-02 0.0000000000000000e+00
1.0153583127999819e-03 1.3600512284652430e-02 0.0000000000000000e+00
1.6143892261591481e-02 1.9227559076346160e-02 0.0000000000000000e+00
2.6950672778726669e-03 1.4269800811674661e-02 0.0000000000000000e+00
2.1422748208092045e-03 2.3338395640221419e-02 0.0000000000000000e+00
1.9701191324549162e-03 2.2993077529892249e-02 0.0000000000000000e+00
1.1995468660226180e-02 1.2561585334526211e-02 0.0000000000000000e+00
4.8726781629288493e-03 2.6171143420007412e-02 0.0000000000000000e+00
9.5753355979280380e-04 2.2431942587242640e-02 0.0000000000000000e+00
1.7480862951978159e-02 1.9793792818067701e-02 0.0000000000000000e+00
1.1378873383052681e-02 2.0957528355152900e-02 0.0000000000000000e+00
5.1167207239394222e-03 2.0863920733008419e-02 0.0000000000000000e+00
1.0916241206166072e-02 1.4617519308805419e-02 0.0000000000000000e+00
2.9764326921328117e-04 1.2707588346474280e-02 0.0000000000000000e+00
1.6109959614235551e-02 1.9669489746981281e-02 0.0000000000000000e+00
3.7556823274434489e-03 2.4926756658634180e-02 0.0000000000000000e+00
1.1294309505496902e-02 1.6940807966946681e-02 0.0000000000000000e+00
7.0525922065467440e-03 8.8145958215497342e-03 0.0000000000000000e+00
1.3552648705368101e-02 1.6100032863144369e-02 0.0000000000000000e+00
3.8366442920234477e-03 1.4113215479778800e-02 0.0000000000000000e+00
4.4733709776638561e-03 1.8612416624817690e-02 0.0000000000000000e+00
1.1296966266320971e-02 1.2753022233513630e-02 0.0000000000000000e+00
3.1871115001540192e-03 2.2864591482433579e-02 0.0000000000000000e+00
6.7271232328023449e-03 1.5661729231848241e-02 0.0000000000000000e+00
1.0708022934851702e-02 2.5117285980421050e-02 0.0000000000000000e+00
7.6579604764186850e-03 1.9729149425684000e-02 0.0000000000000000e+00
1.6639545213454961e-02 2.1565411388858789e-02 0.0000000000000000e+00
1.7023693396466071e-02 2.1260439296220290e-02 0.0000000000000000e+00
1.8154823385048580e-02 1.8647730517786971e-02 0.0000000000000000e+00
3.1527156443961323e-03 1.7706934400607020e-02 0.0000000000000000e+00
6.7213046777253099e-03 2.5781202616721070e-02 0.0000000000000000e+00
1.6758360903458270e-02 2.0744467527498440e-02 0.0000000000000000e+00
7.2450748483317180e-03 1.9807305429836330e-02 0.0000000000000000e+00
8.5553923495952765e-03 2.4048939361916891e-02 0.0000000000000000e+00
1.5742458957097041e-02 1.9795416511160770e-02 0.0000000000000000e+00
4.0353552524821316e-03 2.3747075357325290e-02 0.0000000000000000e+00
3.0429275801132135e-03 1.0082196791566351e-02 0.0000000000000000e+00
3.7493336606746535e-03 1.0200606857023380e-02 0.0000000000000000e+00
8.6200180184262416e-03 1.6090187898870310e-02 0.0000000000000000e+00
1.1671516634876332e-02 2.0652534158999761e-02 0.0000000000000000e+00
8.7266545858622601e-03 1.8116598919684711e-02 0.0000000000000000e+00
2.0517878698205877e-03 2.5494031099739800e-02 0.0000000000000000e+00
5.5184803696969329e-03 1.1566232992620310e-02 0.0000000000000000e+00
8.5367602494500878e-04 2.5313667480979869e-02 0.0000000000000000e+00
6.6647342121855776e-03 1.1271793311288020e-02 0.0000000000000000e+00
3.4836697792869202e-03 2.3210752570018131e-02 0.0000000000000000e+00
2.9131502044130408e-04 2.3602326202384831e-02 0.0000000000000000e+00
8.8372459157572449e-03 1.3591511060618840e-02 0.0000000000000000e+00
1.3295884449009181e-02 1.4562151430220480e-02 0.0000000000000000e+00
1.1192556009297321e-02 1.7622591589823669e-02 0.0000000000000000e+00
1.5222902024599335e-03 2.5919065907152001e-02 0.0000000000000000e+00
7.2219447380047841e-03 2.6317332938386478e-02 0.0000000000000000e+00
7.5966995421785429e-04 1.6372579515189920e-02 0.0000000000000000e+00
8.4414964066237500e-03 2.2609777109802349e-02 0.0000000000000000e+00
1.4558010344673140e-03 1.6704627041002729e-02 0.0000000000000000e+00
5.2323884132736134e-03 6.2881840504017336e-03 0.0000000000000000e+00
1.8041705522296807e-03 2.7219595223454299e-02 0.0000000000000000e+00
2.6460242264913199e-03 1.1456048053408030e-02 0.0000000000000000e+00
7.8804259948368083e-03 2.5181392278502791e-02 0.0000000000000000e+00
8.2592056071738740e-03 2.5246517609941468e-02 0.0000000000000000e+00
9.7569963355623082e-04 2.6378608418951632e-02 0.0000000000000000e+00
5.8473600699133245e-03 2.0631815664883129e-02 0.0000000000000000e+00
6.2622920376702289e-03 2.4596376366784970e-02 0.0000000000000000e+00
1.4158344596169202e-02 1.8033710096865271e-02 0.0000000000000000e+00
2.4660144546995570e-03 1.3172060877272020e-02 0.0000000000000000e+00
9.5262689698148500e-04 2.1608964967678970e-02 0.0000000000000000e+00
1.0851254806017769e-02 1.3325082128774670e-02 0.0000000000000000e+00
1.9854934539637130e-03 1.1398360813524220e-02 0.0000000000000000e+00
1.1053098858738532e-02 1.8552832571400030e-02 0.0000000000000000e+00
6.0759284979095629e-03 2.6594963771164139e-02 0.0000000000000000e+00
5.6150048470645772e-03 2.6673976637639950e-02 0.0000000000000000e+00
7.2433447362009956e-03 1.5187396455418219e-02 0.0000000000000000e+00
1.1259375692929450e-02 1.1700078713105541e-02 0.0000000000000000e+00
6.5558630399653074e-03 2.6482105202396650e-02 0.0000000000000000e+00
2.3033375040678802e-03 7.9098144552116265e-03 0.0000000000000000e+00
2.7371685178050505e-03 7.7749124458956036e-03 0.0000000000000000e+00
4.6097592922332425e-03 1.3260915433547380e-02 0.0000000000000000e+00
5.6232629092541619e-03 2.2653643052513640e-02 0.0000000000000000e+00
1.3680288420164161e-02 2.3621010326622859e-02 0.0000000000000000e+00
1.4090506904611153e-02 2.3362243409397739e-02 0.0000000000000000e+00
3.6401318672223002e-04 2.1473506852331330e-02 0.0000000000000000e+00
4.1565023240229294e-03 1.2513685509779370e-02 0.0000000000000000e+00
9.7308119872731007e-03 2.5019366262032081e-02 0.0000000000000000e+00
1.0215775516686102e-02 1.6981521783351858e-02 0.0000000000000000e+00
9.5292865386393793e-03 2.5552619220339658e-02 0.0000000000000000e+00
3.9267154036024370e-03 2.2686923152916101e-02 0.0000000000000000e+00
1.1477333473572313e-02 2.4320917722274502e-02 0.0000000000000000e+00
1.3257780713624332e-02 2.3845934424973531e-02 0.0000000000000000e+00
1.0443509040823301e-02 1.5630830894640568e-02 0.0000000000000000e+00
9.0878227607931201e-03 2.5725294180761239e-02 0.0000000000000000e+00
1.0252050277355252e-02 1.4359539692116390e-02 0.0000000000000000e+00
1.1309135643529152e-02 2.4824836144485989e-02 0.0000000000000000e+00
7.3080585886888582e-03 1.0586198901066050e-02 0.0000000000000000e+00
1.7224483981767680e-02 1.7753862537248831e-02 0.0000000000000000e+00
1.0009881947928571e-02 1.4033581433208400e-02 0.0000000000000000e+00
1.0187214934970022e-02 2.3377562883000299e-02 0.0000000000000000e+00
1.1655605985314671e-02 1.8691317224137031e-02 0.0000000000000000e+00
1.0750965227696722e-02 2.4391554906470998e-02 0.0000000000000000e+00
1.1980250949643731e-02 2.3864093113235570e-02 0.0000000000000000e+00
5.8322765683845833e-03 1.7521832901161081e-02 0.0000000000000000e+00
4.5404733637050059e-03 1.9808983276534201e-02 0.0000000000000000e+00
3.5280789987942544e-04 1.3074713295644819e-02 0.0000000000000000e+00
1.0724719151938652e-02 1.6440030619527451e-02 0.0000000000000000e+00
9.1023278981566726e-03 2.2921762746049089e-02 0.0000000000000000e+00
3.3355764337248120e-03 1.2295950256416541e-02 0.0000000000000000e+00
1.3380965663944665e-03 2.5363479851023791e-02 0.0000000000000000e+00
1.2835950078566402e-02 2.4079129846856961e-02 0.0000000000000000e+00
1.2410897790147252e-02 2.4302604812147952e-02 0.0000000000000000e+00
1.5365044119391632e-02 1.5825789419802779e-02 0.0000000000000000e+00
1.2589370345191111e-02 1.3086785760162770e-02 0.0000000000000000e+00
1.5170375522778501e-02 1.8274297462779511e-02 0.0000000000000000e+00
1.3647875021373842e-02 2.0079880797565539e-02 0.0000000000000000e+00
2.0735101941475615e-03 1.8181448713689020e-02 0.0000000000000000e+00
1.1576256234309532e-02 2.1332792541601489e-02 0.0000000000000000e+00
3.4888027205478554e-03 2.4379352793955970e-02 0.0000000000000000e+00
7.5157256782641354e-04 1.8325977176705730e-02 0.0000000000000000e+00
4.1973110153992587e-03 2.6962573597332541e-02 0.0000000000000000e+00
3.7208088404133135e-03 2.7032450431373600e-02 0.0000000000000000e+00
7.6114485979331290e-03 2.1086031492941928e-02 0.0000000000000000e+00
4.9096030549625660e-03 2.6842217875400649e-02 0.0000000000000000e+00
3.7503591152528485e-03 7.3114056233917861e-03 0.0000000000000000e+00
3.3422757976387203e-03 7.4915329868425022e-03 0.0000000000000000e+00
1.5709073943539830e-02 2.2299011165723491e-02 0.0000000000000000e+00
3.3287337534126124e-04 8.8281566722989892e-03 0.0000000000000000e+00
1.5962296451183931e-02 2.0440264689991858e-02 0.0000000000000000e+00
1.3640057695898171e-02 2.2204656868804989e-02 0.0000000000000000e+00
1.3463782385080772e-02 1.7227754785684009e-02 0.0000000000000000e+00
2.7510888296411657e-03 2.7147275639797491e-02 0.0000000000000000e+00
2.2978928861167227e-03 2.7189598523256048e-02 0.0000000000000000e+00
7.3289859072200644e-03 2.3985018410010061e-02 0.0000000000000000e+00
8.2304859326660304e-03 1.9195711089820319e-02 0.0000000000000000e+00
3.4887396280489335e-04 2.5952433297636680e-02 0.0000000000000000e+00
2.7005124910752564e-03 9.8745697616602589e-03 0.0000000000000000e+00
5.1468022969436153e-03 2.3075809174612310e-02 0.0000000000000000e+00
5.1526766560002829e-03 2.0415451729860680e-02 0.0000000000000000e+00
1.5866188163668828e-02 1.6292101433277952e-02 0.0000000000000000e+00
8.5645059455109022e-03 2.0236080847116499e-02 0.0000000000000000e+00
1.3869918477347571e-02 1.4956113616201879e-02 0.0000000000000000e+00
1.7900469778201030e-02 1.9697386595354041e-02 0.0000000000000000e+00
3.1800031753234752e-03 1.8363230489765091e-02 0.0000000000000000e+00
8.6389206094007048e-03 2.5886476320322760e-02 0.0000000000000000e+00
7.7199674550289471e-03 2.6175230812190649e-02 0.0000000000000000e+00
1.6491365681442190e-03 1.7923792915309579e-02 0.0000000000000000e+00
1.1982053156592672e-02 2.4504436039583410e-02 0.0000000000000000e+00
9.2342445200709559e-03 1.8592348958286001e-02 0.0000000000000000e+00
1.3240327610146557e-03 2.7258060605162730e-02 0.0000000000000000e+00
8.3210427185002548e-03 1.9908236825031629e-02 0.0000000000000000e+00
1.8492357177818559e-02 2.0077413408948350e-02 0.0000000000000000e+00
1.8186846386411430e-02 2.0351355645181961e-02 0.0000000000000000e+00
1.0213383654864622e-02 2.5284960716681518e-02 0.0000000000000000e+00
5.3446847239970192e-03 1.0227461966781551e-02 0.0000000000000000e+00
1.7613656105827991e-02 2.0845434762431239e-02 0.0000000000000000e+00
1.7056671290050139e-02 1.8189246058887089e-02 0.0000000000000000e+00
2.2348987789887597e-03 1.3834784030006779e-02 0.0000000000000000e+00
1.4942802652101591e-02 2.2843858291017979e-02 0.0000000000000000e+00
1.5295249995685902e-02 2.2600968820270680e-02 0.0000000000000000e+00
1.1862284213792542e-02 1.5296552744966500e-02 0.0000000000000000e+00
1.7673473097565878e-03 1.4895563862406921e-02 0.0000000000000000e+00
4.7074614091794087e-03 2.3650564200098530e-02 0.0000000000000000e+00
4.4342317325564151e-03 2.3885313602913748e-02 0.0000000000000000e+00
3.1176525599387957e-03 1.4057658143141610e-02 0.0000000000000000e+00
1.6486149338708549e-02 2.1748911290885079e-02 0.0000000000000000e+00
1.7246685357950760e-02 2.1151529614384681e-02 0.0000000000000000e+00
7.3911821664276870e-04 1.8937333800578791e-02 0.0000000000000000e+00
7.0247503215785457e-03 2.6371812968023180e-02 0.0000000000000000e+00
5.3846839337536295e-03 2.6762585964447892e-02 0.0000000000000000e+00
1.5003605211781582e-02 1.6332593415265769e-02 0.0000000000000000e+00
3.2517825850411747e-03 2.6227149125656522e-02 0.0000000000000000e+00
1.0156310573319630e-02 1.3719615827754330e-02 0.0000000000000000e+00
8.1203309210213515e-03 2.1421505823138669e-02 0.0000000000000000e+00
8.4121973916709964e-04 1.3132793335553349e-02 0.0000000000000000e+00
5.3623776728898469e-03 1.9710699721952218e-02 0.0000000000000000e+00
5.2216157348309528e-03 1.8946840425194671e-02 0.0000000000000000e+00
2.9014619658051604e-03 2.3506569073118259e-02 0.0000000000000000e+00
1.2531848646097892e-02 2.1659839142599439e-02 0.0000000000000000e+00
1.3990284733687791e-03 1.8399716394310730e-02 0.0000000000000000e+00
8.3057358022009913e-03 1.6340980861400820e-02 0.0000000000000000e+00
1.1169249860189003e-02 1.5270078551842370e-02 0.0000000000000000e+00
1.5189911372800602e-02 1.7903598119646692e-02 0.0000000000000000e+00
1.3628010439097431e-02 1.6815049541747961e-02 0.0000000000000000e+00
3.8561598001866605e-03 9.3718410354736541e-03 0.0000000000000000e+00
1.1100518946001822e-02 2.4038541945987060e-02 0.0000000000000000e+00
7.7610674667203750e-03 2.0372829252125919e-02 0.0000000000000000e+00
2.9374302045529941e-04 2.2629597433625959e-02 0.0000000000000000e+00
1.2055155395556051e-02 1.4407956225278970e-02 0.0000000000000000e+00
4.7110154076126431e-03 2.0919385172955940e-02 0.0000000000000000e+00
1.0888279374541373e-02 2.5027905114856652e-02 0.0000000000000000e+00
7.5653761846796921e-03 1.6410789481356439e-02 0.0000000000000000e+00
1.5557029308187142e-02 1.6905381385574191e-02 0.0000000000000000e+00
1.2071318067313929e-04 2.7357852003142939e-02 0.0000000000000000e+00
7.7899463449903946e-03 1.0130910375640871e-02 0.0000000000000000e+00
8.6260778126980592e-03 1.8559379326795390e-02 0.0000000000000000e+00
1.4010624632851142e-02 1.6231412955886770e-02 0.0000000000000000e+00
4.0273172193854229e-03 1.0455532070215870e-02 0.0000000000000000e+00
1.2863521704991141e-02 1.6823296905058800e-02 0.0000000000000000e+00
2.6131898230697765e-03 2.5996966067856609e-02 0.0000000000000000e+00
4.1306524127358753e-03 7.0804984281438877e-03 0.0000000000000000e+00
4.8719748913151704e-03 6.5923901586740653e-03 0.0000000000000000e+00
1.9260451547625391e-02 1.9431173618153351e-02 0.0000000000000000e+00
8.0028975473733794e-03 2.0640785254466179e-02 0.0000000000000000e+00
2.8483950312757304e-03 2.0044835018487209e-02 0.0000000000000000e+00
2.6141655875424301e-04 1.5182023172526329e-02 0.0000000000000000e+00
5.8600526820842278e-03 2.1954230627150420e-02 0.0000000000000000e+00
1.1068371545072841e-02 2.3181082911558439e-02 0.0000000000000000e+00
1.0847317809926080e-02 1.2207311012004340e-02 0.0000000000000000e+00
3.6694394618724292e-03 2.2451750902860799e-02 0.0000000000000000e+00
9.2181909549698838e-03 1.5342478367108239e-02 0.0000000000000000e+00
1.5118119657350272e-02 1.9671142295199659e-02 0.0000000000000000e+00
1.4650872091682992e-02 1.7353944780292532e-02 0.0000000000000000e+00
5.6469949077976667e-03 1.9496793464354921e-02 0.0000000000000000e+00
3.5107033164414720e-03 1.2880433863920409e-02 0.0000000000000000e+00
1.6214295971835321e-02 1.7405077163693241e-02 0.0000000000000000e+00
6.3900884542700586e-03 2.5723757819485830e-02 0.0000000000000000e+00
1.0247145863127432e-02 1.6298306562221979e-02 0.0000000000000000e+00
1.7295548202461451e-02 1.9491080323394350e-02 0.0000000000000000e+00
1.5261392184372342e-02 2.1813763689845622e-02 0.0000000000000000e+00
8.1929633866801145e-04 2.3291422721928311e-02 0.0000000000000000e+00
5.3599210511728751e-03 9.7400879518599950e-03 0.0000000000000000e+00
1.1822215449488293e-02 2.1973723444421899e-02 0.0000000000000000e+00
4.2995862830153735e-03 1.8026798232358469e-02 0.0000000000000000e+00
9.4052017192176613e-03 2.3231628563021540e-02 0.0000000000000000e+00
6.4020198922717601e-03 1.7537146560027590e-02 0.0000000000000000e+00
1.1437690412523800e-03 1.9461792130920180e-02 0.0000000000000000e+00
8.9282992407116858e-04 9.2305078839487343e-03 0.0000000000000000e+00
2.8750762557897855e-03 1.9378671222720720e-02 0.0000000000000000e+00
3.2906807963000097e-03 2.5851331980360239e-02 0.0000000000000000e+00
1.2152556829105655e-03 8.0903703564202626e-03 0.0000000000000000e+00
1.4813153951483122e-02 1.8462040298468010e-02 0.0000000000000000e+00
1.3061272911534971e-02 1.5365578100403369e-02 0.0000000000000000e+00
6.1502229436207713e-03 1.1179525728142150e-02 0.0000000000000000e+00
9.2638695316058055e-03 1.3078856034381690e-02 0.0000000000000000e+00
1.5688193961669521e-02 2.0699066245505000e-02 0.0000000000000000e+00
2.7083939039621533e-03 1.8765507336747159e-02 0.0000000000000000e+00
6.9354394228716169e-03 2.2891795400346780e-02 0.0000000000000000e+00
6.7729309235666918e-03 1.6379804023618400e-02 0.0000000000000000e+00
3.4284903555598673e-03 1.0494208521577021e-02 0.0000000000000000e+00
1.4755866045688289e-03 1.5739248650195999e-02 0.0000000000000000e+00
5.3816710100317170e-03 6.1688721232314430e-03 0.0000000000000000e+00
5.4130204320468759e-03 2.2006766452760361e-02 0.0000000000000000e+00
1.4278859201982911e-02 1.5874832124198799e-02 0.0000000000000000e+00
2.9307854329499255e-03 7.6544844908959502e-03 0.0000000000000000e+00
2.0731774147469753e-03 7.9137213803108404e-03 0.0000000000000000e+00
3.0050568718045000e-03 1.1639152920167680e-02 0.0000000000000000e+00
8.7730880637240174e-03 9.2108589433515745e-03 0.0000000000000000e+00
1.5887817783795090e-02 1.8158345144610680e-02 0.0000000000000000e+00
8.4131098214985708e-03 9.5493240478144083e-03 0.0000000000000000e+00
5.2058181931204190e-03 1.1821646540494210e-02 0.0000000000000000e+00
1.0429385987459761e-02 2.0829437082314561e-02 0.0000000000000000e+00
1.6933114057571141e-02 1.8876358425840921e-02 0.0000000000000000e+00
5.4563994771771101e-03 1.7774211244452661e-02 0.0000000000000000e+00
2.5101795620405443e-03 2.2609004833851511e-02 0.0000000000000000e+00
2.3541323521301624e-03 1.0158719696265410e-02 0.0000000000000000e+00
1.1300808454655682e-02 1.8831282416958549e-02 0.0000000000000000e+00
9.4405809271441606e-03 1.6055685962883801e-02 0.0000000000000000e+00
3.3560152068278304e-03 9.7836366769765738e-03 0.0000000000000000e+00
9.5400368355626312e-03 1.3583273346649350e-02 0.0000000000000000e+00
1.3973865490058855e-03 2.4810540317623472e-02 0.0000000000000000e+00
1.3088883881294422e-02 2.1043575054583281e-02 0.0000000000000000e+00
7.4342029709609297e-03 2.2367660529290762e-02 0.0000000000000000e+00
1.0390081475181992e-02 1.5004163025226809e-02 0.0000000000000000e+00
6.7317609981381605e-03 8.9243418072171600e-03 0.0000000000000000e+00
1.7577045564230641e-02 1.9183533018917159e-02 0.0000000000000000e+00
3.6281630172262757e-03 1.1391550902837021e-02 0.0000000000000000e+00
1.2131278665265430e-02 1.3197563338031040e-02 0.0000000000000000e+00
1.1271597090502322e-02 1.5784989864307521e-02 0.0000000000000000e+00
1.2223458572109361e-02 1.6021812470645460e-02 0.0000000000000000e+00
5.5865457913538957e-03 2.6018131754413729e-02 0.0000000000000000e+00
1.4774850484236006e-03 2.3265548924750520e-02 0.0000000000000000e+00
1.1810698446399089e-02 1.4017744720217100e-02 0.0000000000000000e+00
1.1276706578776292e-02 2.3545082024599168e-02 0.0000000000000000e+00
7.4675663726694302e-03 1.5606536041963260e-02 0.0000000000000000e+00
5.1798694747843812e-03 1.0675713023787760e-02 0.0000000000000000e+00
2.7931502464432689e-03 1.2935598297922030e-02 0.0000000000000000e+00
1.6181474260449219e-02 1.6533910841771561e-02 0.0000000000000000e+00
9.8655820219933684e-03 2.0348554194682501e-02 0.0000000000000000e+00
7.0611507182823871e-03 2.0131068701322360e-02 0.0000000000000000e+00
1.0229863782089151e-02 2.0430146115138392e-02 0.0000000000000000e+00
1.4661597278144122e-02 1.9203774754726139e-02 0.0000000000000000e+00
1.1834881303568255e-03 6.6979270264805810e-03 0.0000000000000000e+00
2.3814008576627335e-03 6.2639547920072466e-03 0.0000000000000000e+00
3.5555397234909563e-03 5.7523307985318456e-03 0.0000000000000000e+00
4.4861942197084717e-03 5.6416077529805597e-03 0.0000000000000000e+00
2.0275954552053084e-03 6.9713482108365379e-03 0.0000000000000000e+00
3.2258223647628785e-03 6.5106981016925794e-03 0.0000000000000000e+00
7.9950247941492541e-04 7.3691939391812879e-03 0.0000000000000000e+00
3.8225875386782566e-03 6.2559881294546576e-03 0.0000000000000000e+00
2.5458052622550813e-03 6.9023339380964756e-03 0.0000000000000000e+00
1.4941815082979294e-03 7.2546982885675617e-03 0.0000000000000000e+00
4.9352608777418058e-03 5.6154843310135113e-03 0.0000000000000000e+00
3.8890328246155314e-03 4.9905453457708901e-03 0.0000000000000000e+00
4.4875943648617607e-03 6.0645191926540767e-03 0.0000000000000000e+00
4.5964129111666875e-04 7.5100269029367518e-03 0.0000000000000000e+00
3.5972144644351904e-03 6.5411255735048869e-03 0.0000000000000000e+00
2.3290096182477984e-03 7.2345638199855181e-03 0.0000000000000000e+00
3.0188674141976503e-03 6.9256825040086567e-03 0.0000000000000000e+00
1.9291363637778704e-03 7.3952263626924190e-03 0.0000000000000000e+00
1.7458121483952174e-03 6.3360360234446314e-03 0.0000000000000000e+00
3.0670128229073413e-03 5.9967111727704126e-03 0.0000000000000000e+00
1.1354557424027494e-03 7.5663587599957317e-03 0.0000000000000000e+00
4.2159626813820152e-03 6.3821262672861569e-03 0.0000000000000000e+00
5.8144811953447046e-04 6.3877257889279017e-03 0.0000000000000000e+00
1.0817195816981305e-03 5.9615217237634389e-03 0.0000000000000000e+00
3.0377538510584215e-03 5.1761915071053891e-03 0.0000000000000000e+00
1.8147623946672695e-03 5.5575863141947403e-03 0.0000000000000000e+00
2.3350196144467524e-03 5.5801432676344451e-03 0.0000000000000000e+00
7.1735170395305641e-04 6.8211709961234941e-03 0.0000000000000000e+00
2.7553060555429213e-03 7.1972312194224421e-03 0.0000000000000000e+00
1.5559206331996125e-03 7.5544602125871604e-03 0.0000000000000000e+00
5.2918266075964553e-03 5.6827224200536302e-03 0.0000000000000000e+00
4.8619404714298929e-03 5.9535485108213977e-03 0.0000000000000000e+00
3.9817730358626810e-03 5.4372302684307146e-03 0.0000000000000000e+00
3.4963734328427444e-03 5.2846155541227896e-03 0.0000000000000000e+00
3.4274788972279355e-03 6.1703419146876999e-03 0.0000000000000000e+00
2.0769217323387545e-03 6.0324724214274057e-03 0.0000000000000000e+00
4.3310574933229703e-03 5.1415537733050251e-03 0.0000000000000000e+00
7.2780398310824527e-04 5.7705392849308366e-03 0.0000000000000000e+00
7.0845931699682445e-04 7.7242079220890079e-03 0.0000000000000000e+00
2.8480234637068199e-04 7.7603081735525287e-03 0.0000000000000000e+00
3.4865540676304024e-03 6.8805181605579857e-03 0.0000000000000000e+00
3.9031002411054395e-03 6.6904431456944278e-03 0.0000000000000000e+00
3.6330080517147554e-03 4.3824944714476394e-03 0.0000000000000000e+00
3.4425107896033924e-03 4.8103300999949479e-03 0.0000000000000000e+00
1.5879864275308764e-03 6.7523303644587132e-03 0.0000000000000000e+00
2.7888025139428344e-03 5.5549542281342476e-03 0.0000000000000000e+00
4.0544561499440126e-03 5.8740054482703790e-03 0.0000000000000000e+00
2.1807364542463766e-03 7.4664790111280419e-03 0.0000000000000000e+00
1.5234227526755265e-03 5.9176390794527939e-03 0.0000000000000000e+00
4.2469461602842361e-03 4.6934166080269454e-03 0.0000000000000000e+00
2.1035179353399705e-03 6.5493599988924673e-03 0.0000000000000000e+00
3.1890964688484594e-03 5.5529606521329371e-03 0.0000000000000000e+00
2.7180528045381265e-03 6.4878003128616352e-03 0.0000000000000000e+00
3.9529909489693064e-04 7.1400783676483070e-03 0.0000000000000000e+00
4.4544340830622500e-03 6.3820068368692293e-03 0.0000000000000000e+00
9.6195360271678076e-04 6.3845256506109074e-03 0.0000000000000000e+00
2.6055968874279852e-03 5.1139039722273832e-03 0.0000000000000000e+00
4.7304015054769827e-03 5.2596281587821521e-03 0.0000000000000000e+00
1.3473971072288935e-03 6.3416633113685108e-03 0.0000000000000000e+00
3.0015086826212364e-03 7.2116002051717020e-03 0.0000000000000000e+00
2.5791007153555773e-03 7.3756415911525406e-03 0.0000000000000000e+00
1.7993167990212845e-03 7.6076422914468176e-03 0.0000000000000000e+00
1.3659370318091794e-03 7.6790336013583841e-03 0.0000000000000000e+00
4.7445093930771638e-03 6.2201538724052149e-03 0.0000000000000000e+00
5.1257149120573758e-03 5.8681177351549213e-03 0.0000000000000000e+00
1.1529943319927274e-03 7.0769465624678949e-03 0.0000000000000000e+00
2.5769478188556643e-03 5.9600906062768043e-03 0.0000000000000000e+00
3.8942375635342714e-03 4.6258735104006419e-03 0.0000000000000000e+00
7.4967978502254908e-04 6.1008109220546487e-03 0.0000000000000000e+00
3.9382056819792618e-04 6.0453562944442190e-03 0.0000000000000000e+00
3.9300656385932110e-04 5.6569069649987039e-03 0.0000000000000000e+00
9.4916979805518718e-04 7.7496460116348777e-03 0.0000000000000000e+00
5.0705680547739234e-04 7.7912839651738128e-03 0.0000000000000000e+00
7.7920188791292784e-03 1.2355397745993389e-02 0.0000000000000000e+00
6.0124405720815757e-03 1.4140102691735030e-02 0.0000000000000000e+00
4.5989341164896719e-03 1.5553609147326940e-02 0.0000000000000000e+00
8.8934555459907905e-03 1.1349605378188601e-02 0.0000000000000000e+00
6.8954402755736933e-03 1.3256219325737281e-02 0.0000000000000000e+00
3.8168084899102717e-03 1.6335734773906339e-02 0.0000000000000000e+00
5.4416873643994106e-03 1.4990700774089920e-02 0.0000000000000000e+00
9.6977900564177624e-03 1.0952787980995870e-02 0.0000000000000000e+00
8.0463556679664164e-03 1.1499889868018590e-02 0.0000000000000000e+00
8.5862742945636353e-03 1.2139051758095170e-02 0.0000000000000000e+00
9.1789399003790219e-03 1.0314375191269249e-02 0.0000000000000000e+00
5.2322784997016827e-03 1.4303224646945060e-02 0.0000000000000000e+00
6.7411102362991433e-03 1.4053172505875251e-02 0.0000000000000000e+00
7.6733157364404746e-03 1.3150989437797481e-02 0.0000000000000000e+00
7.0264276504402416e-03 1.2470894945782070e-02 0.0000000000000000e+00
6.1179108728130925e-03 1.3362467403307239e-02 0.0000000000000000e+00
4.6591365121398136e-03 1.4787301446824431e-02 0.0000000000000000e+00
3.8369470289074279e-03 1.5596545281451850e-02 0.0000000000000000e+00
4.5559979823647590e-03 1.6315596234909181e-02 0.0000000000000000e+00
3.0671789712680849e-03 1.6225112652780180e-02 0.0000000000000000e+00
3.9274306110364254e-03 1.7085364292548519e-02 0.0000000000000000e+00
6.1378894719429679e-03 1.4793780437400929e-02 0.0000000000000000e+00
5.0777101738773717e-03 1.5685068789634670e-02 0.0000000000000000e+00
8.6684531150450460e-03 1.0748960945292020e-02 0.0000000000000000e+00
9.3137683506626604e-03 1.1782537095604740e-02 0.0000000000000000e+00
8.3573419976550479e-03 1.2951325291034550e-02 0.0000000000000000e+00
5.4307619373067861e-03 1.3561085909112510e-02 0.0000000000000000e+00
7.2530071685520479e-03 1.1818320121112150e-02 0.0000000000000000e+00
7.3496773997681645e-03 1.3686307509278810e-02 0.0000000000000000e+00
6.4167208165838525e-03 1.2785830523446590e-02 0.0000000000000000e+00
4.1155006208485221e-03 1.5057261925032371e-02 0.0000000000000000e+00
3.2745732597521441e-03 1.6877970004064460e-02 0.0000000000000000e+00
8.1688441068377936e-03 1.0993783967261561e-02 0.0000000000000000e+00
9.7218151571341338e-03 1.0393283291350881e-02 0.0000000000000000e+00
6.5868137569547623e-03 1.4618252614071091e-02 0.0000000000000000e+00
3.3257597522783218e-03 1.5772278207260741e-02 0.0000000000000000e+00
4.3802650565558585e-03 1.6826783511538278e-02 0.0000000000000000e+00
9.1469939529325722e-03 1.0869624276602910e-02 0.0000000000000000e+00
9.7506151390712673e-03 1.1488722804213970e-02 0.0000000000000000e+00
1.0210195143262170e-02 1.0960165868571689e-02 0.0000000000000000e+00
5.9453704713266463e-03 1.5486539046572011e-02 0.0000000000000000e+00
4.9867731506139535e-03 1.5198559770964950e-02 0.0000000000000000e+00
5.1182464151836851e-03 1.6177791615075061e-02 0.0000000000000000e+00
5.6962842308021658e-03 1.4567691110886460e-02 0.0000000000000000e+00
4.1990740645482050e-03 1.5954325107495108e-02 0.0000000000000000e+00
4.7429790783566498e-03 1.4309746151631240e-02 0.0000000000000000e+00
9.0541091195200964e-03 1.2233859788568471e-02 0.0000000000000000e+00
8.4974096389975745e-03 1.1693482248703110e-02 0.0000000000000000e+00
7.5405039826090155e-03 1.1470150163348300e-02 0.0000000000000000e+00
6.5729087721858601e-03 1.3578517887678370e-02 0.0000000000000000e+00
7.4026591223646339e-03 1.2717190200684019e-02 0.0000000000000000e+00
8.1520715581436809e-03 1.1995346015962150e-02 0.0000000000000000e+00
8.7140657760051005e-03 1.2592165115582360e-02 0.0000000000000000e+00
9.3605246090150106e-03 1.1288655507121220e-02 0.0000000000000000e+00
5.1235488891068623e-03 1.4717440021638030e-02 0.0000000000000000e+00
9.1924020894714707e-03 9.8435959085520133e-03 0.0000000000000000e+00
5.0765714076797469e-03 1.3901597003358621e-02 0.0000000000000000e+00
8.6392294599543906e-03 1.0279508733592220e-02 0.0000000000000000e+00
6.5688543245067624e-03 1.2407923244837230e-02 0.0000000000000000e+00
7.2226335570140443e-03 1.4105824939514559e-02 0.0000000000000000e+00
8.0401064655028134e-03 1.3288830203107451e-02 0.0000000000000000e+00
5.7507877035310861e-03 1.3224407153015590e-02 0.0000000000000000e+00
6.8846840341945294e-03 1.2116544136841181e-02 0.0000000000000000e+00
4.3078142876997001e-03 1.4555736090741039e-02 0.0000000000000000e+00
7.6932742026146680e-03 1.1909300817405049e-02 0.0000000000000000e+00
4.8947331161878571e-03 1.6556161374821080e-02 0.0000000000000000e+00
3.5963818889955140e-03 1.5257810147628760e-02 0.0000000000000000e+00
8.8749452761883989e-03 1.1841096766354000e-02 0.0000000000000000e+00
5.5926802376690113e-03 1.4077417751652971e-02 0.0000000000000000e+00
8.2395486230430592e-03 1.2468379009458450e-02 0.0000000000000000e+00
7.7915205043342798e-03 1.1145263720505781e-02 0.0000000000000000e+00
2.6836238791897028e-03 1.6259957483147791e-02 0.0000000000000000e+00
3.8925857806688148e-03 1.7468919384626910e-02 0.0000000000000000e+00
7.7836584311316648e-03 1.3617039667455181e-02 0.0000000000000000e+00
6.0362640522418076e-03 1.2880737393514859e-02 0.0000000000000000e+00
7.8773453745614140e-03 1.2799962884128730e-02 0.0000000000000000e+00
7.3516335904268522e-03 1.2255682183786620e-02 0.0000000000000000e+00
5.8662987897401863e-03 1.3704004881287380e-02 0.0000000000000000e+00
6.3771125989869433e-03 1.4217459900841979e-02 0.0000000000000000e+00
7.2698138524624817e-03 1.3095943926430560e-02 0.0000000000000000e+00
6.8692718024358970e-03 1.2849824347746010e-02 0.0000000000000000e+00
3.6948422168526529e-03 1.5985624109821382e-02 0.0000000000000000e+00
4.1669815379767623e-03 1.6457763430945491e-02 0.0000000000000000e+00
4.7109656647931365e-03 1.5942125072381980e-02 0.0000000000000000e+00
7.0089455007468432e-03 1.4435754410240590e-02 0.0000000000000000e+00
4.5100731322114422e-03 1.5185355721606101e-02 0.0000000000000000e+00
6.9467409377791675e-03 1.3662011064147050e-02 0.0000000000000000e+00
9.5223603466069381e-03 1.0040260725254921e-02 0.0000000000000000e+00
4.2215399856561286e-03 1.5453619754526429e-02 0.0000000000000000e+00
6.4946632027655772e-03 1.3165872627644831e-02 0.0000000000000000e+00
8.2622153405675115e-03 1.0607683539036079e-02 0.0000000000000000e+00
5.5511312090953165e-03 1.5817781776383540e-02 0.0000000000000000e+00
6.3067952866679112e-03 1.5145898847902550e-02 0.0000000000000000e+00
8.4486688792214069e-03 1.1295136130891901e-02 0.0000000000000000e+00
1.0071214433428920e-02 1.0596885993251721e-02 0.0000000000000000e+00
2.8880867417488999e-03 1.6586157598307651e-02 0.0000000000000000e+00
3.5663856655089579e-03 1.7264456522067709e-02 0.0000000000000000e+00
4.2186976774263888e-03 1.7264619640850382e-02 0.0000000000000000e+00
2.8879236229662248e-03 1.5933845586390220e-02 0.0000000000000000e+00
1.0092652972258130e-02 1.1322043772148460e-02 0.0000000000000000e+00
9.4283896750777165e-03 1.0625208119082361e-02 0.0000000000000000e+00
3.7459834230567728e-03 1.6723038243515901e-02 0.0000000000000000e+00
3.4295050203007097e-03 1.6406559840759831e-02 0.0000000000000000e+00
5.8368497675969390e-03 1.5062278234007850e-02 0.0000000000000000e+00
5.4930717804425322e-03 1.5389059187195219e-02 0.0000000000000000e+00
6.1740001068695000e-03 1.4461058349146599e-02 0.0000000000000000e+00
6.2812969736844668e-03 1.3842620878454210e-02 0.0000000000000000e+00
8.8670435837922348e-03 9.9764771971915332e-03 0.0000000000000000e+00
1.0565995077456300e-02 1.0960076896345089e-02 0.0000000000000000e+00
1.6991974338169530e-18 2.7750000000000000e-02 0.0000000000000000e+00
2.7666666666666669e-02 0.0000000000000000e+00 0.0000000000000000e+00
1.6940947388205049e-18 2.7666666666666669e-02 0.0000000000000000e+00
2.7583333333333331e-02 0.0000000000000000e+00 0.0000000000000000e+00
1.6889920438240579e-18 2.7583333333333331e-02 0.0000000000000000e+00
2.4082348569487869e-04 2.7748955008229371e-02 0.0000000000000000e+00
4.8162883383583632e-04 2.7745820111620741e-02 0.0000000000000000e+00
7.2239790823494163e-04 2.7740595546277981e-02 0.0000000000000000e+00
9.6311257543628956e-04 2.7733281705687781e-02 0.0000000000000000e+00
1.2037547060815639e-03 2.7723879140690012e-02 0.0000000000000000e+00
1.4443061762755430e-03 2.7712388559436231e-02 0.0000000000000000e+00
1.6847488689510741e-03 2.7698810827336402e-02 0.0000000000000000e+00
1.9250646752335249e-03 2.7683146966993619e-02 0.0000000000000000e+00
2.1652354958047542e-03 2.7665398158127189e-02 0.0000000000000000e+00
2.4052432422661022e-03 2.7645565737483710e-02 0.0000000000000000e+00
2.6450698385008168e-03 2.7623651198736440e-02 0.0000000000000000e+00
2.8846972220354259e-03 2.7599656192372781e-02 0.0000000000000000e+00
3.1241073454000789e-03 2.7573582525569969e-02 0.0000000000000000e+00
3.3632821774878911e-03 2.7545432162058962e-02 0.0000000000000000e+00
3.6022037049128000e-03 2.7515207221976590e-02 0.0000000000000000e+00
3.8408539333663369e-03 2.7482909981705800e-02 0.0000000000000000e+00
4.0792148889728444e-03 2.7448542873704289e-02 0.0000000000000000e+00
4.3172686196431363e-03 2.7412108486321231e-02 0.0000000000000000e+00
4.5549971964266699e-03 2.7373609563602411e-02 0.0000000000000000e+00
4.7923827148616980e-03 2.7333049005083480e-02 0.0000000000000000e+00
5.0294072963238427e-03 2.7290429865571640e-02 0.0000000000000000e+00
5.2660530893725958e-03 2.7245755354915548e-02 0.0000000000000000e+00
5.5023022710957688e-03 2.7199028837763570e-02 0.0000000000000000e+00
5.7381370484519160e-03 2.7150253833310350e-02 0.0000000000000000e+00
5.9735396596102682e-03 2.7099434015031811e-02 0.0000000000000000e+00
6.2084923752885619e-03 2.7046573210408442e-02 0.0000000000000000e+00
6.4429775000882572e-03 2.6991675400637068e-02 0.0000000000000000e+00
6.6769773738273672e-03 2.6934744720330979e-02 0.0000000000000000e+00
6.9104743728703811e-03 2.6875785457208531e-02 0.0000000000000000e+00
7.1434509114556791e-03 2.6814802051770271e-02 0.0000000000000000e+00
7.3758894430199767e-03 2.6751799096964419e-02 0.0000000000000000e+00
7.6077724615198150e-03 2.6686781337841040e-02 0.0000000000000000e+00
7.8390825027501200e-03 2.6619753671194572e-02 0.0000000000000000e+00
8.0698021456593657e-03 2.6550721145195130e-02 0.0000000000000000e+00
8.2999140136617404e-03 2.6479688959008211e-02 0.0000000000000000e+00
8.5294007759458296e-03 2.6406662462403210e-02 0.0000000000000000e+00
8.7582451487798561e-03 2.6331647155350430e-02 0.0000000000000000e+00
8.9864298968135008e-03 2.6254648687606859e-02 0.0000000000000000e+00
9.2139378343758273e-03 2.6175672858290720e-02 0.0000000000000000e+00
9.4407518267697176e-03 2.6094725615444670e-02 0.0000000000000000e+00
9.6668547915623459e-03 2.6011813055587800e-02 0.0000000000000000e+00
9.8922296998717029e-03 2.5926941423256550e-02 0.0000000000000000e+00
1.0116859577649221e-02 2.5840117110534300e-02 0.0000000000000000e+00
1.0340727506958041e-02 2.5751346656570050e-02 0.0000000000000000e+00
1.0563816627247240e-02 2.5660636747085890e-02 0.0000000000000000e+00
1.0786110136621710e-02 2.5567994213873450e-02 0.0000000000000000e+00
1.1007591293107509e-02 2.5473426034279399e-02 0.0000000000000000e+00
1.1228243415912930e-02 2.5376939330679891e-02 0.0000000000000000e+00
1.1448049886684590e-02 2.5278541369944209e-02 0.0000000000000000e+00
1.1666994150759219e-02 2.5178239562887440e-02 0.0000000000000000e+00
1.1885059718410380e-02 2.5076041463712308e-02 0.0000000000000000e+00
1.2102230166090411e-02 2.4971954769440280e-02 0.0000000000000000e+00
1.2318489137667411e-02 2.4865987319331800e-02 0.0000000000000000e+00
1.2533820345656990e-02 2.4758147094295951e-02 0.0000000000000000e+00
1.2748207572449030e-02 2.4648442216289309e-02 0.0000000000000000e+00
1.2961634671529110e-02 2.4536880947704301e-02 0.0000000000000000e+00
1.3174085568694529e-02 2.4423471690746889e-02 0.0000000000000000e+00
1.3385544263265020e-02 2.4308222986803730e-02 0.0000000000000000e+00
1.3595994829287720e-02 2.4191143515798950e-02 0.0000000000000000e+00
1.3805421416736720e-02 2.4072242095540399e-02 0.0000000000000000e+00
1.4013808252706759e-02 2.3951527681055500e-02 0.0000000000000000e+00
1.4221139642601150e-02 2.3829009363916871e-02 0.0000000000000000e+00
1.4427399971313910e-02 2.3704696371557501e-02 0.0000000000000000e+00
1.4632573704405650e-02 2.3578598066575890e-02 0.0000000000000000e+00
1.4836645389273651e-02 2.3450723946030851e-02 0.0000000000000000e+00
1.5039599656315650e-02 2.3321083640726260e-02 0.0000000000000000e+00
1.5241421220087439e-02 2.3189686914485679e-02 0.0000000000000000e+00
1.5442094880453989e-02 2.3056543663417039e-02 0.0000000000000000e+00
1.5641605523734319e-02 2.2921663915167329e-02 0.0000000000000000e+00
1.5839938123839738e-02 2.2785057828167310e-02 0.0000000000000000e+00
1.6037077743405560e-02 2.2646735690866490e-02 0.0000000000000000e+00
1.6233009534916128e-02 2.2506707920958189e-02 0.0000000000000000e+00
1.6427718741822989e-02 2.2364985064595010e-02 0.0000000000000000e+00
1.6621190699656289e-02 2.2221577795594510e-02 0.0000000000000000e+00
1.6813410837129301e-02 2.2076496914635330e-02 0.0000000000000000e+00
1.7004364677235720e-02 2.1929753348443711e-02 0.0000000000000000e+00
1.7194037838340181e-02 2.1781358148970559e-02 0.0000000000000000e+00
1.7382416035261219e-02 2.1631322492559110e-02 0.0000000000000000e+00
1.7569485080347259e-02 2.1479657679103151e-02 0.0000000000000000e+00
1.7755230884545149e-02 2.1326375131195979e-02 0.0000000000000000e+00
1.7939639458461210e-02 2.1171486393270111e-02 0.0000000000000000e+00
1.8122696913414969e-02 2.1015003130727811e-02 0.0000000000000000e+00
1.8304389462485051e-02 2.0856937129062510e-02 0.0000000000000000e+00
1.8484703421547580e-02 2.0697300292971239e-02 0.0000000000000000e+00
1.8663625210306820e-02 2.0536104645457950e-02 0.0000000000000000e+00
1.8841141353317940e-02 2.0373362326928081e-02 0.0000000000000000e+00
1.9017238481001980e-02 2.0209085594274111e-02 0.0000000000000000e+00
1.9191903330652672e-02 2.0043286819952530e-02 0.0000000000000000e+00
1.9365122747435369e-02 1.9875978491051990e-02 0.0000000000000000e+00
1.9536883685377839e-02 1.9707173208352771e-02 0.0000000000000000e+00
1.9707173208352712e-02 1.9536883685377902e-02 0.0000000000000000e+00
1.9875978491051920e-02 1.9365122747435431e-02 0.0000000000000000e+00
2.0043286819952471e-02 1.9191903330652731e-02 0.0000000000000000e+00
2.0209085594274048e-02 1.9017238481002049e-02 0.0000000000000000e+00
2.0373362326928029e-02 1.8841141353318009e-02 0.0000000000000000e+00
2.0536104645457891e-02 1.8663625210306879e-02 0.0000000000000000e+00
2.0697300292971180e-02 1.8484703421547639e-02 0.0000000000000000e+00
2.0856937129062451e-02 1.8304389462485110e-02 0.0000000000000000e+00
2.1015003130727749e-02 1.8122696913415039e-02 0.0000000000000000e+00
2.1171486393270059e-02 1.7939639458461269e-02 0.0000000000000000e+00
2.1326375131195941e-02 1.7755230884545191e-02 0.0000000000000000e+00
2.1479657679103099e-02 1.7569485080347329e-02 0.0000000000000000e+00
2.1631322492559061e-02 1.7382416035261281e-02 0.0000000000000000e+00
2.1781358148970510e-02 1.7194037838340250e-02 0.0000000000000000e+00
2.1929753348443659e-02 1.7004364677235789e-02 0.0000000000000000e+00
2.2076496914635289e-02 1.6813410837129349e-02 0.0000000000000000e+00
2.2221577795594461e-02 1.6621190699656369e-02 0.0000000000000000e+00
2.2364985064594958e-02 1.6427718741823059e-02 0.0000000000000000e+00
2.2506707920958140e-02 1.6233009534916201e-02 0.0000000000000000e+00
2.2646735690866442e-02 1.6037077743405629e-02 0.0000000000000000e+00
2.2785057828167279e-02 1.5839938123839790e-02 0.0000000000000000e+00
2.2921663915167301e-02 1.5641605523734371e-02 0.0000000000000000e+00
2.3056543663417011e-02 1.5442094880454039e-02 0.0000000000000000e+00
2.3189686914485631e-02 1.5241421220087511e-02 0.0000000000000000e+00
2.3321083640726211e-02 1.5039599656315720e-02 0.0000000000000000e+00
2.3450723946030819e-02 1.4836645389273701e-02 0.0000000000000000e+00
2.3578598066575859e-02 1.4632573704405700e-02 0.0000000000000000e+00
2.3704696371557470e-02 1.4427399971313960e-02 0.0000000000000000e+00
2.3829009363916839e-02 1.4221139642601211e-02 0.0000000000000000e+00
2.3951527681055469e-02 1.4013808252706809e-02 0.0000000000000000e+00
2.4072242095540361e-02 1.3805421416736770e-02 0.0000000000000000e+00
2.4191143515798919e-02 1.3595994829287771e-02 0.0000000000000000e+00
2.4308222986803699e-02 1.3385544263265070e-02 0.0000000000000000e+00
2.4423471690746861e-02 1.3174085568694580e-02 0.0000000000000000e+00
2.4536880947704270e-02 1.2961634671529170e-02 0.0000000000000000e+00
2.4648442216289281e-02 1.2748207572449091e-02 0.0000000000000000e+00
2.4758147094295919e-02 1.2533820345657041e-02 0.0000000000000000e+00
2.4865987319331779e-02 1.2318489137667470e-02 0.0000000000000000e+00
2.4971954769440259e-02 1.2102230166090470e-02 0.0000000000000000e+00
2.5076041463712291e-02 1.1885059718410409e-02 0.0000000000000000e+00
2.5178239562887408e-02 1.1666994150759270e-02 0.0000000000000000e+00
2.5278541369944181e-02 1.1448049886684641e-02 0.0000000000000000e+00
2.5376939330679870e-02 1.1228243415912980e-02 0.0000000000000000e+00
2.5473426034279378e-02 1.1007591293107570e-02 0.0000000000000000e+00
2.5567994213873440e-02 1.0786110136621740e-02 0.0000000000000000e+00
2.5660636747085880e-02 1.0563816627247270e-02 0.0000000000000000e+00
2.5751346656570029e-02 1.0340727506958089e-02 0.0000000000000000e+00
2.5840117110534279e-02 1.0116859577649280e-02 0.0000000000000000e+00
2.5926941423256529e-02 9.8922296998717602e-03 0.0000000000000000e+00
2.6011813055587790e-02 9.6668547915623806e-03 0.0000000000000000e+00
2.6094725615444660e-02 9.4407518267697541e-03 0.0000000000000000e+00
2.6175672858290699e-02 9.2139378343758845e-03 0.0000000000000000e+00
2.6254648687606841e-02 8.9864298968135581e-03 0.0000000000000000e+00
2.6331647155350409e-02 8.7582451487799133e-03 0.0000000000000000e+00
2.6406662462403200e-02 8.5294007759458643e-03 0.0000000000000000e+00
2.6479688959008200e-02 8.2999140136617751e-03 0.0000000000000000e+00
2.6550721145195109e-02 8.0698021456594004e-03 0.0000000000000000e+00
2.6619753671194561e-02 7.8390825027501530e-03 0.0000000000000000e+00
2.6686781337841019e-02 7.6077724615198740e-03 0.0000000000000000e+00
2.6751799096964419e-02 7.3758894430200122e-03 0.0000000000000000e+00
2.6814802051770260e-02 7.1434509114557147e-03 0.0000000000000000e+00
2.6875785457208520e-02 6.9104743728704166e-03 0.0000000000000000e+00
2.6934744720330969e-02 6.6769773738274028e-03 0.0000000000000000e+00
2.6991675400637061e-02 6.4429775000882919e-03 0.0000000000000000e+00
2.7046573210408442e-02 6.2084923752885974e-03 0.0000000000000000e+00
2.7099434015031811e-02 5.9735396596103047e-03 0.0000000000000000e+00
2.7150253833310340e-02 5.7381370484519516e-03 0.0000000000000000e+00
2.7199028837763560e-02 5.5023022710958044e-03 0.0000000000000000e+00
2.7245755354915541e-02 5.2660530893726088e-03 0.0000000000000000e+00
2.7290429865571640e-02 5.0294072963238540e-03 0.0000000000000000e+00
2.7333049005083470e-02 4.7923827148617336e-03 0.0000000000000000e+00
2.7373609563602401e-02 4.5549971964267064e-03 0.0000000000000000e+00
2.7412108486321231e-02 4.3172686196431727e-03 0.0000000000000000e+00
2.7448542873704278e-02 4.0792148889728548e-03 0.0000000000000000e+00
2.7482909981705800e-02 3.8408539333663490e-03 0.0000000000000000e+00
2.7515207221976579e-02 3.6022037049128360e-03 0.0000000000000000e+00
2.7545432162058962e-02 3.3632821774879271e-03 0.0000000000000000e+00
2.7573582525569958e-02 3.1241073454001149e-03 0.0000000000000000e+00
2.7599656192372781e-02 2.8846972220354381e-03 0.0000000000000000e+00
2.7623651198736440e-02 2.6450698385008290e-03 0.0000000000000000e+00
2.7645565737483710e-02 2.4052432422661139e-03 0.0000000000000000e+00
2.7665398158127179e-02 2.1652354958047910e-03 0.0000000000000000e+00
2.7683146966993619e-02 1.9250646752335620e-03 0.0000000000000000e+00
2.7698810827336402e-02 1.6847488689510860e-03 0.0000000000000000e+00
2.7712388559436231e-02 1.4443061762755549e-03 0.0000000000000000e+00
2.7723879140690012e-02 1.2037547060815760e-03 0.0000000000000000e+00
2.7733281705687781e-02 9.6311257543630149e-04 0.0000000000000000e+00
2.7740595546277981e-02 7.2239790823495356e-04 0.0000000000000000e+00
2.7745820111620741e-02 4.8162883383584808e-04 0.0000000000000000e+00
2.7748955008229371e-02 2.4082348569489059e-04 0.0000000000000000e+00
2.7665624813009462e-02 2.4010029204414501e-04 0.0000000000000000e+00
2.7662499330504759e-02 4.8018250100148368e-04 0.0000000000000000e+00
2.7657290454547411e-02 7.2022854514716304e-04 0.0000000000000000e+00
2.7649998577442471e-02 9.6022034548002612e-04 0.0000000000000000e+00
2.7640624248375621e-02 1.2001398270843240e-03 0.0000000000000000e+00
2.7629168173371861e-02 1.4399689204909339e-03 0.0000000000000000e+00
2.7615631215242291e-02 1.6796895630382970e-03 0.0000000000000000e+00
2.7600014393519161e-02 1.9192837002328380e-03 0.0000000000000000e+00
2.7582318884379051e-02 2.1587332871086449e-03 0.0000000000000000e+00
2.7562546020554329e-02 2.3980202895866258e-03 0.0000000000000000e+00
2.7540697291232728e-02 2.6371266858326481e-03 0.0000000000000000e+00
2.7516774341945230e-02 2.8760344676148882e-03 0.0000000000000000e+00
2.7490778974442121e-02 3.1147256416601530e-03 0.0000000000000000e+00
2.7462713146557280e-02 3.3531822310089499e-03 0.0000000000000000e+00
2.7432578972060740e-02 3.5913862763695199e-03 0.0000000000000000e+00
2.7400378720499479e-02 3.8293198374703308e-03 0.0000000000000000e+00
2.7366114817026499e-02 4.0669649944113529e-03 0.0000000000000000e+00
2.7329789842218160e-02 4.3043038490135910e-03 0.0000000000000000e+00
2.7291406531879881e-02 4.5413185261671306e-03 0.0000000000000000e+00
2.7250967776839979e-02 4.7779911751774304e-03 0.0000000000000000e+00
2.7208476622732090e-02 5.0143039711096470e-03 0.0000000000000000e+00
2.7163936269765650e-02 5.2502391161312256e-03 0.0000000000000000e+00
2.7117350072484999e-02 5.4857788408522517e-03 0.0000000000000000e+00
2.7068721539516630e-02 5.7209054056637726e-03 0.0000000000000000e+00
2.7018054333304991e-02 5.9556011020739019e-03 0.0000000000000000e+00
2.6965352269836651e-02 6.1898482540414376e-03 0.0000000000000000e+00
2.6910619318352869e-02 6.4236292193072236e-03 0.0000000000000000e+00
2.6853859601050700e-02 6.6569263907227819e-03 0.0000000000000000e+00
2.6795077392772471e-02 6.8897221975764778e-03 0.0000000000000000e+00
2.6734277120683870e-02 7.1219991069167744e-03 0.0000000000000000e+00
2.6671463363940509e-02 7.3537396248727583e-03 0.0000000000000000e+00
2.6606640853343012e-02 7.5849262979717207e-03 0.0000000000000000e+00
2.6539814470980770e-02 7.8155417144535732e-03 0.0000000000000000e+00
2.6470989249864210e-02 8.0455685055823116e-03 0.0000000000000000e+00
2.6400170373545730e-02 8.2749893469540366e-03 0.0000000000000000e+00
2.6327363175729330e-02 8.5037869598018363e-03 0.0000000000000000e+00
2.6252573139868889e-02 8.7319441122970468e-03 0.0000000000000000e+00
2.6175805898755181e-02 8.9594436208470952e-03 0.0000000000000000e+00
2.6097067234091650e-02 9.1862683513897151e-03 0.0000000000000000e+00
2.6016363076058951e-02 9.4124012206833127e-03 0.0000000000000000e+00
2.5933699502868321e-02 9.6378251975936802e-03 0.0000000000000000e+00
2.5849082740303821e-02 9.8625233043765932e-03 0.0000000000000000e+00
2.5762519161253411e-02 1.0086478617956579e-02 0.0000000000000000e+00
2.5674015285229002e-02 1.0309674271201410e-02 0.0000000000000000e+00
2.5583577777875430e-02 1.0532093454192430e-02 0.0000000000000000e+00
2.5491213450468429e-02 1.0753719415490699e-02 0.0000000000000000e+00
2.5396929259401690e-02 1.0974535463398480e-02 0.0000000000000000e+00
2.5300732305662831e-02 1.1194524967216490e-02 0.0000000000000000e+00
2.5202629834298731e-02 1.1413671358496349e-02 0.0000000000000000e+00
2.5102629233869762e-02 1.1631958132288459e-02 0.0000000000000000e+00
2.5000738035893359e-02 1.1849368848385109e-02 0.0000000000000000e+00
2.4896963914276791e-02 1.2065887132558619e-02 0.0000000000000000e+00
2.4791314684739212e-02 1.2281496677794540e-02 0.0000000000000000e+00
2.4683798304222990e-02 1.2496181245519881e-02 0.0000000000000000e+00
2.4574422870294450e-02 1.2709924666826061e-02 0.0000000000000000e+00
2.4463196620534020e-02 1.2922710843686670e-02 0.0000000000000000e+00
2.4350127931915811e-02 1.3134523750169930e-02 0.0000000000000000e+00
2.4235225320176679e-02 1.3345347433645601e-02 0.0000000000000000e+00
2.4118497439174932e-02 1.3555166015986560e-02 0.0000000000000000e+00
2.3999953080238470e-02 1.3763963694764540e-02 0.0000000000000000e+00
2.3879601171502791e-02 1.3971724744440360e-02 0.0000000000000000e+00
2.3757450777238440e-02 1.4178433517548310e-02 0.0000000000000000e+00
2.3633511097168429e-02 1.4384074445874541e-02 0.0000000000000000e+00
2.3507791465775359e-02 1.4588632041629650e-02 0.0000000000000000e+00
2.3380301351598329e-02 1.4792090898615169e-02 0.0000000000000000e+00
2.3251050356519861e-02 1.4994435693383790e-02 0.0000000000000000e+00
2.3120048215042769e-02 1.5195651186393501e-02 0.0000000000000000e+00
2.2987304793556922e-02 1.5395722223155340e-02 0.0000000000000000e+00
2.2852830089596252e-02 1.5594633735374770e-02 0.0000000000000000e+00
2.2716634231085730e-02 1.5792370742086469e-02 0.0000000000000000e+00
2.2578727475578590e-02 1.5988918350782741e-02 0.0000000000000000e+00
2.2439120209483819e-02 1.6184261758535021e-02 0.0000000000000000e+00
2.2297822947283899e-02 1.6378386253108810e-02 0.0000000000000000e+00
2.2154846330742869e-02 1.6571277214071749e-02 0.0000000000000000e+00
2.2010201128104891e-02 1.6762920113894679e-02 0.0000000000000000e+00
2.1863898233283201e-02 1.6953300519045849e-02 0.0000000000000000e+00
2.1715948665039699e-02 1.7142404091077919e-02 0.0000000000000000e+00
2.1566363566155020e-02 1.7330216587707888e-02 0.0000000000000000e+00
2.1415154202589319e-02 1.7516723863889770e-02 0.0000000000000000e+00
2.1262331962633819e-02 1.7701911872879859e-02 0.0000000000000000e+00
2.1107908356053071e-02 1.7885766667294679e-02 0.0000000000000000e+00
2.0951895013218091e-02 1.8068274400161490e-02 0.0000000000000000e+00
2.0794303684230471e-02 1.8249421325961090e-02 0.0000000000000000e+00
2.0635146238037382e-02 1.8429193801663059e-02 0.0000000000000000e+00
2.0474434661537651e-02 1.8607578287753359e-02 0.0000000000000000e+00
2.0312181058679029e-02 1.8784561349253950e-02 0.0000000000000000e+00
2.0148397649546540e-02 1.8960129656734728e-02 0.0000000000000000e+00
1.9983096769442151e-02 1.9134269987317400e-02 0.0000000000000000e+00
1.9816290867955711e-02 1.9306969225671319e-02 0.0000000000000000e+00
1.9647992508027380e-02 1.9478214365001328e-02 0.0000000000000000e+00
1.9478214365001360e-02 1.9647992508027359e-02 0.0000000000000000e+00
1.9306969225671350e-02 1.9816290867955690e-02 0.0000000000000000e+00
1.9134269987317421e-02 1.9983096769442120e-02 0.0000000000000000e+00
1.8960129656734760e-02 2.0148397649546509e-02 0.0000000000000000e+00
1.8784561349253971e-02 2.0312181058679001e-02 0.0000000000000000e+00
1.8607578287753380e-02 2.0474434661537630e-02 0.0000000000000000e+00
1.8429193801663090e-02 2.0635146238037350e-02 0.0000000000000000e+00
1.8249421325961111e-02 2.0794303684230450e-02 0.0000000000000000e+00
1.8068274400161521e-02 2.0951895013218071e-02 0.0000000000000000e+00
1.7885766667294720e-02 2.1107908356053029e-02 0.0000000000000000e+00
1.7701911872879891e-02 2.1262331962633791e-02 0.0000000000000000e+00
1.7516723863889801e-02 2.1415154202589291e-02 0.0000000000000000e+00
1.7330216587707930e-02 2.1566363566154989e-02 0.0000000000000000e+00
1.7142404091077940e-02 2.1715948665039678e-02 0.0000000000000000e+00
1.6953300519045870e-02 2.1863898233283181e-02 0.0000000000000000e+00
1.6762920113894721e-02 2.2010201128104850e-02 0.0000000000000000e+00
1.6571277214071790e-02 2.2154846330742842e-02 0.0000000000000000e+00
1.6378386253108852e-02 2.2297822947283882e-02 0.0000000000000000e+00
1.6184261758535049e-02 2.2439120209483802e-02 0.0000000000000000e+00
1.5988918350782769e-02 2.2578727475578569e-02 0.0000000000000000e+00
1.5792370742086489e-02 2.2716634231085709e-02 0.0000000000000000e+00
1.5594633735374799e-02 2.2852830089596220e-02 0.0000000000000000e+00
1.5395722223155380e-02 2.2987304793556901e-02 0.0000000000000000e+00
1.5195651186393540e-02 2.3120048215042741e-02 0.0000000000000000e+00
1.4994435693383820e-02 2.3251050356519840e-02 0.0000000000000000e+00
1.4792090898615200e-02 2.3380301351598309e-02 0.0000000000000000e+00
1.4588632041629700e-02 2.3507791465775332e-02 0.0000000000000000e+00
1.4384074445874580e-02 2.3633511097168412e-02 0.0000000000000000e+00
1.4178433517548350e-02 2.3757450777238408e-02 0.0000000000000000e+00
1.3971724744440400e-02 2.3879601171502771e-02 0.0000000000000000e+00
1.3763963694764569e-02 2.3999953080238459e-02 0.0000000000000000e+00
1.3555166015986589e-02 2.4118497439174911e-02 0.0000000000000000e+00
1.3345347433645649e-02 2.4235225320176659e-02 0.0000000000000000e+00
1.3134523750169970e-02 2.4350127931915790e-02 0.0000000000000000e+00
1.2922710843686709e-02 2.4463196620533999e-02 0.0000000000000000e+00
1.2709924666826090e-02 2.4574422870294429e-02 0.0000000000000000e+00
1.2496181245519910e-02 2.4683798304222970e-02 0.0000000000000000e+00
1.2281496677794570e-02 2.4791314684739201e-02 0.0000000000000000e+00
1.2065887132558659e-02 2.4896963914276770e-02 0.0000000000000000e+00
1.1849368848385160e-02 2.5000738035893331e-02 0.0000000000000000e+00
1.1631958132288499e-02 2.5102629233869741e-02 0.0000000000000000e+00
1.1413671358496380e-02 2.5202629834298721e-02 0.0000000000000000e+00
1.1194524967216520e-02 2.5300732305662821e-02 0.0000000000000000e+00
1.0974535463398541e-02 2.5396929259401659e-02 0.0000000000000000e+00
1.0753719415490739e-02 2.5491213450468411e-02 0.0000000000000000e+00
1.0532093454192469e-02 2.5583577777875410e-02 0.0000000000000000e+00
1.0309674271201439e-02 2.5674015285228981e-02 0.0000000000000000e+00
1.0086478617956611e-02 2.5762519161253401e-02 0.0000000000000000e+00
9.8625233043766244e-03 2.5849082740303810e-02 0.0000000000000000e+00
9.6378251975937218e-03 2.5933699502868311e-02 0.0000000000000000e+00
9.4124012206833561e-03 2.6016363076058941e-02 0.0000000000000000e+00
9.1862683513897446e-03 2.6097067234091640e-02 0.0000000000000000e+00
8.9594436208471247e-03 2.6175805898755171e-02 0.0000000000000000e+00
8.7319441122970659e-03 2.6252573139868882e-02 0.0000000000000000e+00
8.5037869598018571e-03 2.6327363175729319e-02 0.0000000000000000e+00
8.2749893469540800e-03 2.6400170373545719e-02 0.0000000000000000e+00
8.0455685055823428e-03 2.6470989249864199e-02 0.0000000000000000e+00
7.8155417144536044e-03 2.6539814470980760e-02 0.0000000000000000e+00
7.5849262979717407e-03 2.6606640853343012e-02 0.0000000000000000e+00
7.3537396248727783e-03 2.6671463363940499e-02 0.0000000000000000e+00
7.1219991069168074e-03 2.6734277120683859e-02 0.0000000000000000e+00
6.8897221975765099e-03 2.6795077392772461e-02 0.0000000000000000e+00
6.6569263907228140e-03 2.6853859601050700e-02 0.0000000000000000e+00
6.4236292193072444e-03 2.6910619318352869e-02 0.0000000000000000e+00
6.1898482540414584e-03 2.6965352269836651e-02 0.0000000000000000e+00
5.9556011020739114e-03 2.7018054333304991e-02 0.0000000000000000e+00
5.7209054056638056e-03 2.7068721539516619e-02 0.0000000000000000e+00
5.4857788408522717e-03 2.7117350072484999e-02 0.0000000000000000e+00
5.2502391161312464e-03 2.7163936269765650e-02 0.0000000000000000e+00
5.0143039711096670e-03 2.7208476622732080e-02 0.0000000000000000e+00
4.7779911751774382e-03 2.7250967776839979e-02 0.0000000000000000e+00
4.5413185261671402e-03 2.7291406531879881e-02 0.0000000000000000e+00
4.3043038490136118e-03 2.7329789842218160e-02 0.0000000000000000e+00
4.0669649944113729e-03 2.7366114817026489e-02 0.0000000000000000e+00
3.8293198374703520e-03 2.7400378720499479e-02 0.0000000000000000e+00
3.5913862763695282e-03 2.7432578972060740e-02 0.0000000000000000e+00
3.3531822310089582e-03 2.7462713146557280e-02 0.0000000000000000e+00
3.1147256416601730e-03 2.7490778974442121e-02 0.0000000000000000e+00
2.8760344676149090e-03 2.7516774341945230e-02 0.0000000000000000e+00
2.6371266858326572e-03 2.7540697291232728e-02 0.0000000000000000e+00
2.3980202895866340e-03 2.7562546020554329e-02 0.0000000000000000e+00
2.1587332871086540e-03 2.7582318884379051e-02 0.0000000000000000e+00
1.9192837002328341e-03 2.7600014393519161e-02 0.0000000000000000e+00
1.6796895630383181e-03 2.7615631215242291e-02 0.0000000000000000e+00
1.4399689204909420e-03 2.7629168173371861e-02 0.0000000000000000e+00
1.2001398270843320e-03 2.7640624248375621e-02 0.0000000000000000e+00
9.6022034548003457e-04 2.7649998577442471e-02 0.0000000000000000e+00
7.2022854514715913e-04 2.7657290454547411e-02 0.0000000000000000e+00
4.8018250100148000e-04 2.7662499330504759e-02 0.0000000000000000e+00
2.4010029204415341e-04 2.7665624813009462e-02 0.0000000000000000e+00
2.7582294617789549e-02 2.3937709839340961e-04 0.0000000000000000e+00
2.7579178549388791e-02 4.7873616816714189e-04 0.0000000000000000e+00
2.7573985362816852e-02 7.1805918205937035e-04 0.0000000000000000e+00
2.7566715449197161e-02 9.5732811552376104e-04 0.0000000000000000e+00
2.7557369356061241e-02 1.1965249480870820e-03 0.0000000000000000e+00
2.7545947787307491e-02 1.4356316647063229e-03 0.0000000000000000e+00
2.7532451603148191e-02 1.6746302571255310e-03 0.0000000000000000e+00
2.7516881820044709e-02 1.9135027252321359e-03 0.0000000000000000e+00
2.7499239610630929e-02 2.1522310784125348e-03 0.0000000000000000e+00
2.7479526303624949e-02 2.3907973369071481e-03 0.0000000000000000e+00
2.7457743383729021e-02 2.6291835331644650e-03 0.0000000000000000e+00
2.7433892491517689e-02 2.8673717131943621e-03 0.0000000000000000e+00
2.7407975423314291e-02 3.1053439379202120e-03 0.0000000000000000e+00
2.7379994131055609e-02 3.3430822845300070e-03 0.0000000000000000e+00
2.7349950722144901e-02 3.5805688478262382e-03 0.0000000000000000e+00
2.7317847459293151e-02 3.8177857415743360e-03 0.0000000000000000e+00
2.7283686760348709e-02 4.0547150998498727e-03 0.0000000000000000e+00
2.7247471198115100e-02 4.2913390783840327e-03 0.0000000000000000e+00
2.7209203500157351e-02 4.5276398559075922e-03 0.0000000000000000e+00
2.7168886548596491e-02 4.7635996354931610e-03 0.0000000000000000e+00
2.7126523379892530e-02 4.9992006458954618e-03 0.0000000000000000e+00
2.7082117184615759e-02 5.2344251428898684e-03 0.0000000000000000e+00
2.7035671307206431e-02 5.4692554106087216e-03 0.0000000000000000e+00
2.6987189245722909e-02 5.7036737628756301e-03 0.0000000000000000e+00
2.6936674651578171e-02 5.9376625445375364e-03 0.0000000000000000e+00
2.6884131329264850e-02 6.1712041327943246e-03 0.0000000000000000e+00
2.6829563236068679e-02 6.4042809385261804e-03 0.0000000000000000e+00
2.6772974481770431e-02 6.6368754076181957e-03 0.0000000000000000e+00
2.6714369328336408e-02 6.8689700222825728e-03 0.0000000000000000e+00
2.6653752189597479e-02 7.1005473023778689e-03 0.0000000000000000e+00
2.6591127630916589e-02 7.3315898067255521e-03 0.0000000000000000e+00
2.6526500368844991e-02 7.5620801344236143e-03 0.0000000000000000e+00
2.6459875270766979e-02 7.7920009261570394e-03 0.0000000000000000e+00
2.6391257354533289e-02 8.0213348655052558e-03 0.0000000000000000e+00
2.6320651788083241e-02 8.2500646802463554e-03 0.0000000000000000e+00
2.6248063889055439e-02 8.4781731436578672e-03 0.0000000000000000e+00
2.6173499124387350e-02 8.7056430758142254e-03 0.0000000000000000e+00
2.6096963109903511e-02 8.9324573448806999e-03 0.0000000000000000e+00
2.6018461609892581e-02 9.1585988684036012e-03 0.0000000000000000e+00
2.5938000536673229e-02 9.3840506145969286e-03 0.0000000000000000e+00
2.5855585950148838e-02 9.6087956036250369e-03 0.0000000000000000e+00
2.5771224057351098e-02 9.8328169088814955e-03 0.0000000000000000e+00
2.5684921211972519e-02 1.0056097658263950e-02 0.0000000000000000e+00
2.5596683913887950e-02 1.0278621035444781e-02 0.0000000000000000e+00
2.5506518808664960e-02 1.0500370281137650e-02 0.0000000000000000e+00
2.5414432687063400e-02 1.0721328694359719e-02 0.0000000000000000e+00
2.5320432484523970e-02 1.0941479633689461e-02 0.0000000000000000e+00
2.5224525280645779e-02 1.1160806518520069e-02 0.0000000000000000e+00
2.5126718298653251e-02 1.1379292830308110e-02 0.0000000000000000e+00
2.5027018904852080e-02 1.1596922113817720e-02 0.0000000000000000e+00
2.4925434608074400e-02 1.1813677978359860e-02 0.0000000000000000e+00
2.4821973059113309e-02 1.2029544099026819e-02 0.0000000000000000e+00
2.4716642050146630e-02 1.2244504217921660e-02 0.0000000000000000e+00
2.4609449514150030e-02 1.2458542145382770e-02 0.0000000000000000e+00
2.4500403524299590e-02 1.2671641761203081e-02 0.0000000000000000e+00
2.4389512293363742e-02 1.2883787015844250e-02 0.0000000000000000e+00
2.4276784173084740e-02 1.3094961931645320e-02 0.0000000000000000e+00
2.4162227653549650e-02 1.3305150604026190e-02 0.0000000000000000e+00
2.4045851362550909e-02 1.3514337202685391e-02 0.0000000000000000e+00
2.3927664064936561e-02 1.3722505972792350e-02 0.0000000000000000e+00
2.3807674661950069e-02 1.3929641236173979e-02 0.0000000000000000e+00
2.3685892190560019e-02 1.4135727392495440e-02 0.0000000000000000e+00
2.3562325822779381e-02 1.4340748920435150e-02 0.0000000000000000e+00
2.3436984864974839e-02 1.4544690378853651e-02 0.0000000000000000e+00
2.3309878757165808e-02 1.4747536407956690e-02 0.0000000000000000e+00
2.3181017072313490e-02 1.4949271730451900e-02 0.0000000000000000e+00
2.3050409515599880e-02 1.5149881152699531e-02 0.0000000000000000e+00
2.2918065923696818e-02 1.5349349565856671e-02 0.0000000000000000e+00
2.2783996264025191e-02 1.5547661947015181e-02 0.0000000000000000e+00
2.2648210634004150e-02 1.5744803360333189e-02 0.0000000000000000e+00
2.2510719260290711e-02 1.5940758958159881e-02 0.0000000000000000e+00
2.2371532498009491e-02 1.6135513982153869e-02 0.0000000000000000e+00
2.2230660829972829e-02 1.6329053764394610e-02 0.0000000000000000e+00
2.2088114865891250e-02 1.6521363728487181e-02 0.0000000000000000e+00
2.1943905341574470e-02 1.6712429390660040e-02 0.0000000000000000e+00
2.1798043118122730e-02 1.6902236360855930e-02 0.0000000000000000e+00
2.1650539181108881e-02 1.7090770343815610e-02 0.0000000000000000e+00
2.1501404639750959e-02 1.7278017140154530e-02 0.0000000000000000e+00
2.1350650726075511e-02 1.7463962647432250e-02 0.0000000000000000e+00
2.1198288794071690e-02 1.7648592861214531e-02 0.0000000000000000e+00
2.1044330318836062e-02 1.7831893876128109e-02 0.0000000000000000e+00
2.0888786895708431e-02 1.8013851886907972e-02 0.0000000000000000e+00
2.0731670239398481e-02 1.8194453189437080e-02 0.0000000000000000e+00
2.0572992183103558e-02 1.8373684181778500e-02 0.0000000000000000e+00
2.0412764677617379e-02 1.8551531365199849e-02 0.0000000000000000e+00
2.0250999790430029e-02 1.8727981345189899e-02 0.0000000000000000e+00
2.0087709704819021e-02 1.8903020832467431e-02 0.0000000000000000e+00
1.9922906718931821e-02 1.9076636643982070e-02 0.0000000000000000e+00
1.9756603244859491e-02 1.9248815703907220e-02 0.0000000000000000e+00
1.9588811807702021e-02 1.9419545044624800e-02 0.0000000000000000e+00
1.9419545044624880e-02 1.9588811807701941e-02 0.0000000000000000e+00
1.9248815703907299e-02 1.9756603244859419e-02 0.0000000000000000e+00
1.9076636643982160e-02 1.9922906718931720e-02 0.0000000000000000e+00
1.8903020832467511e-02 2.0087709704818942e-02 0.0000000000000000e+00
1.8727981345189999e-02 2.0250999790429939e-02 0.0000000000000000e+00
1.8551531365199939e-02 2.0412764677617299e-02 0.0000000000000000e+00
1.8373684181778590e-02 2.0572992183103479e-02 0.0000000000000000e+00
1.8194453189437170e-02 2.0731670239398401e-02 0.0000000000000000e+00
1.8013851886908058e-02 2.0888786895708351e-02 0.0000000000000000e+00
1.7831893876128189e-02 2.1044330318835989e-02 0.0000000000000000e+00
1.7648592861214611e-02 2.1198288794071620e-02 0.0000000000000000e+00
1.7463962647432330e-02 2.1350650726075449e-02 0.0000000000000000e+00
1.7278017140154631e-02 2.1501404639750879e-02 0.0000000000000000e+00
1.7090770343815700e-02 2.1650539181108801e-02 0.0000000000000000e+00
1.6902236360856009e-02 2.1798043118122661e-02 0.0000000000000000e+00
1.6712429390660120e-02 2.1943905341574400e-02 0.0000000000000000e+00
1.6521363728487250e-02 2.2088114865891191e-02 0.0000000000000000e+00
1.6329053764394710e-02 2.2230660829972750e-02 0.0000000000000000e+00
1.6135513982153959e-02 2.2371532498009428e-02 0.0000000000000000e+00
1.5940758958159971e-02 2.2510719260290659e-02 0.0000000000000000e+00
1.5744803360333261e-02 2.2648210634004101e-02 0.0000000000000000e+00
1.5547661947015260e-02 2.2783996264025139e-02 0.0000000000000000e+00
1.5349349565856740e-02 2.2918065923696780e-02 0.0000000000000000e+00
1.5149881152699600e-02 2.3050409515599831e-02 0.0000000000000000e+00
1.4949271730451991e-02 2.3181017072313431e-02 0.0000000000000000e+00
1.4747536407956769e-02 2.3309878757165760e-02 0.0000000000000000e+00
1.4544690378853730e-02 2.3436984864974791e-02 0.0000000000000000e+00
1.4340748920435220e-02 2.3562325822779340e-02 0.0000000000000000e+00
1.4135727392495511e-02 2.3685892190559971e-02 0.0000000000000000e+00
1.3929641236174040e-02 2.3807674661950030e-02 0.0000000000000000e+00
1.3722505972792429e-02 2.3927664064936509e-02 0.0000000000000000e+00
1.3514337202685470e-02 2.4045851362550871e-02 0.0000000000000000e+00
1.3305150604026260e-02 2.4162227653549612e-02 0.0000000000000000e+00
1.3094961931645379e-02 2.4276784173084709e-02 0.0000000000000000e+00
1.2883787015844309e-02 2.4389512293363710e-02 0.0000000000000000e+00
1.2671641761203150e-02 2.4500403524299559e-02 0.0000000000000000e+00
1.2458542145382830e-02 2.4609449514149999e-02 0.0000000000000000e+00
1.2244504217921739e-02 2.4716642050146589e-02 0.0000000000000000e+00
1.2029544099026880e-02 2.4821973059113281e-02 0.0000000000000000e+00
1.1813677978359921e-02 2.4925434608074368e-02 0.0000000000000000e+00
1.1596922113817770e-02 2.5027018904852049e-02 0.0000000000000000e+00
1.1379292830308160e-02 2.5126718298653230e-02 0.0000000000000000e+00
1.1160806518520130e-02 2.5224525280645751e-02 0.0000000000000000e+00
1.0941479633689530e-02 2.5320432484523939e-02 0.0000000000000000e+00
1.0721328694359770e-02 2.5414432687063379e-02 0.0000000000000000e+00
1.0500370281137700e-02 2.5506518808664929e-02 0.0000000000000000e+00
1.0278621035444829e-02 2.5596683913887929e-02 0.0000000000000000e+00
1.0056097658264001e-02 2.5684921211972508e-02 0.0000000000000000e+00
9.8328169088815372e-03 2.5771224057351081e-02 0.0000000000000000e+00
9.6087956036250907e-03 2.5855585950148821e-02 0.0000000000000000e+00
9.3840506145969841e-03 2.5938000536673209e-02 0.0000000000000000e+00
9.1585988684036550e-03 2.6018461609892560e-02 0.0000000000000000e+00
8.9324573448807416e-03 2.6096963109903500e-02 0.0000000000000000e+00
8.7056430758142671e-03 2.6173499124387340e-02 0.0000000000000000e+00
8.4781731436579001e-03 2.6248063889055429e-02 0.0000000000000000e+00
8.2500646802463884e-03 2.6320651788083231e-02 0.0000000000000000e+00
8.0213348655053113e-03 2.6391257354533279e-02 0.0000000000000000e+00
7.7920009261570828e-03 2.6459875270766962e-02 0.0000000000000000e+00
7.5620801344236568e-03 2.6526500368844980e-02 0.0000000000000000e+00
7.3315898067255964e-03 2.6591127630916579e-02 0.0000000000000000e+00
7.1005473023779010e-03 2.6653752189597469e-02 0.0000000000000000e+00
6.8689700222826292e-03 2.6714369328336401e-02 0.0000000000000000e+00
6.6368754076182512e-03 2.6772974481770420e-02 0.0000000000000000e+00
6.4042809385262229e-03 2.6829563236068669e-02 0.0000000000000000e+00
6.1712041327943697e-03 2.6884131329264840e-02 0.0000000000000000e+00
5.9376625445375676e-03 2.6936674651578160e-02 0.0000000000000000e+00
5.7036737628756622e-03 2.6987189245722899e-02 0.0000000000000000e+00
5.4692554106087416e-03 2.7035671307206431e-02 0.0000000000000000e+00
5.2344251428899126e-03 2.7082117184615749e-02 0.0000000000000000e+00
4.9992006458955060e-03 2.7126523379892530e-02 0.0000000000000000e+00
4.7635996354931931e-03 2.7168886548596480e-02 0.0000000000000000e+00
4.5276398559076251e-03 2.7209203500157340e-02 0.0000000000000000e+00
4.2913390783840526e-03 2.7247471198115100e-02 0.0000000000000000e+00
4.0547150998498944e-03 2.7283686760348699e-02 0.0000000000000000e+00
3.8177857415743820e-03 2.7317847459293151e-02 0.0000000000000000e+00
3.5805688478262711e-03 2.7349950722144890e-02 0.0000000000000000e+00
3.3430822845300400e-03 2.7379994131055609e-02 0.0000000000000000e+00
3.1053439379202328e-03 2.7407975423314281e-02 0.0000000000000000e+00
2.8673717131943830e-03 2.7433892491517689e-02 0.0000000000000000e+00
2.6291835331644859e-03 2.7457743383729021e-02 0.0000000000000000e+00
2.3907973369071572e-03 2.7479526303624949e-02 0.0000000000000000e+00
2.1522310784125682e-03 2.7499239610630929e-02 0.0000000000000000e+00
1.9135027252321570e-03 2.7516881820044709e-02 0.0000000000000000e+00
1.6746302571255521e-03 2.7532451603148191e-02 0.0000000000000000e+00
1.4356316647063309e-03 2.7545947787307491e-02 0.0000000000000000e+00
1.1965249480870900e-03 2.7557369356061241e-02 0.0000000000000000e+00
9.5732811552376950e-04 2.7566715449197161e-02 0.0000000000000000e+00
7.1805918205936656e-04 2.7573985362816852e-02 0.0000000000000000e+00
4.7873616816716271e-04 2.7579178549388791e-02 0.0000000000000000e+00
2.3937709839341799e-04 2.7582294617789549e-02 0.0000000000000000e+00
$EndNodes
$Elements
10 7272 1 7272
2 20 2 2824
1 690 941 255
2 1026 1046 386
3 213 658 214
4 277 994 798
5 691 750 405
6 418 750 691
7 431 717 604
8 1027 1335 824
9 444 985 642
10 386 1046 735
11 377 844 590
12 319 1027 824
13 697 806 259
14 1076 1252 159
15 168 618 167
16 591 844 377
17 655 808 297
18 400 688 676
19 406 692 678
20 679 938 300
21 573 836 385
22 392 1241 1061
23 474 963 684
24 692 1175 379
25 406 858 803
26 638 711 427
27 363 1291 893
28 1175 1255 379
29 351 1237 1152
30 852 879 303
31 262 1002 778
32 778 1002 553
33 696 1077 371
34 651 1383 356
35 605 1383 651
36 377 766 591
37 350 905 580
38 516 1128 717
39 798 994 349
40 672 836 146
41 245 880 581
42 893 1291 610
43 473 1197 1049
44 368 1274 636
45 1128 1381 717
46 875 1120 299
47 1077 1369 371
48 386 820 574
49 697 1269 806
50 590 1025 377
51 451 1025 590
52 353 929 585
53 712 722 415
54 395 722 712
55 702 753 216
56 601 1454 397
57 675 1120 532
58 393 1120 675
59 758 1224 348
60 695 1099 569
61 435 1184 904
62 1152 1506 351
63 584 1107 798
64 448 816 628
65 765 947 317
66 7 747 606
67 798 1107 277
68 679 1151 938
69 580 812 350
70 569 1388 695
71 174 696 173
72 197 1110 637
73 410 877 290
74 388 865 723
75 723 865 472
76 657 721 307
77 395 721 657
78 676 688 380
79 658 1060 214
80 385 929 573
81 295 722 656
82 656 722 395
83 636 872 368
84 438 872 636
85 297 1132 725
86 673 861 363
87 445 861 673
88 223 724 222
89 654 765 317
90 724 1084 222
91 744 1184 435
92 299 1120 767
93 664 699 284
94 808 1132 297
95 392 1061 760
96 678 692 379
97 434 767 737
98 737 767 393
99 395 1491 656
100 657 1491 395
101 589 984 150
102 636 1274 1105
103 593 1077 175
104 803 858 485
105 441 738 629
106 412 1276 610
107 374 786 597
108 656 726 295
109 483 777 634
110 655 989 355
111 620 837 138
112 378 1494 654
113 780 1101 482
114 664 1494 378
115 471 1027 650
116 578 1101 780
117 990 1153 7
118 684 963 352
119 376 1324 606
120 672 745 385
121 472 745 672
122 574 898 386
123 378 1502 664
124 506 876 874
125 581 1240 245
126 627 740 384
127 746 1001 266
128 400 1055 926
129 255 1099 695
130 160 1076 159
131 305 863 681
132 681 863 446
133 218 1041 730
134 138 1153 620
135 629 738 326
136 596 898 352
137 503 864 863
138 218 730 219
139 493 907 354
140 421 982 897
141 985 1108 642
142 303 879 617
143 348 1005 758
144 318 907 493
145 434 1338 598
146 355 1463 655
147 251 893 610
148 810 896 393
149 174 1077 696
150 624 762 387
151 934 1127 486
152 632 1054 344
153 773 1185 972
154 289 769 616
155 585 878 353
156 746 1400 1001
157 504 860 325
158 455 941 690
159 375 870 708
160 396 1309 605
161 294 1250 417
162 588 927 428
163 639 1156 273
164 621 837 399
165 175 1031 593
166 739 1314 153
167 142 1161 874
168 196 1110 197
169 658 735 466
170 386 735 658
171 428 935 588
172 605 1228 396
173 347 924 700
174 811 1164 443
175 802 1081 582
176 256 1081 802
177 150 1115 589
178 951 989 655
179 833 1099 458
180 650 1027 319
181 590 945 451
182 213 820 658
183 606 1324 990
184 863 864 446
185 590 1134 1079
186 809 1221 267
187 397 1454 749
188 416 825 535
189 912 1096 492
190 594 1252 1076
191 860 1485 325
192 874 876 452
193 924 1472 700
194 736 741 415
195 704 789 441
196 1079 1134 461
197 262 1228 651
198 569 1099 833
199 773 972 513
200 331 1436 1191
201 149 723 148
202 380 753 702
203 606 1152 376
204 623 778 436
205 308 865 630
206 1201 1447 397
207 486 947 765
208 559 1164 811
209 393 896 737
210 384 796 627
211 484 879 852
212 420 730 318
213 494 1223 663
214 154 739 153
215 397 1447 733
216 1190 1278 403
217 422 999 939
218 286 1008 666
219 821 828 488
220 328 828 821
221 142 874 141
222 517 900 327
223 701 785 292
224 666 1012 286
225 772 1545 854
226 327 900 491
227 601 914 296
228 487 842 776
229 690 886 344
230 449 886 690
231 584 938 906
232 906 938 443
233 146 836 145
234 772 854 449
235 216 753 217
236 402 741 736
237 755 816 448
238 259 816 755
239 617 805 303
240 757 1179 298
241 633 992 295
242 604 965 431
243 257 965 604
244 29 625 28
245 597 891 374
246 326 915 629
247 629 915 431
248 352 963 596
249 255 1111 690
250 535 825 329
251 610 1291 412
252 614 1307 355
253 822 1276 412
254 641 1004 342
255 553 1002 918
256 1179 1204 298
257 712 788 395
258 279 862 671
259 671 862 432
260 687 1311 527
261 598 902 434
262 558 1074 931
263 290 1078 410
264 926 1055 533
265 423 799 721
266 721 799 307
267 602 971 429
268 499 1238 646
269 654 856 378
270 586 1221 809
271 462 1109 793
272 395 788 721
273 596 1146 1123
274 364 772 695
275 624 1278 1190
276 688 937 380
277 1104 1183 401
278 722 736 415
279 827 1436 331
280 673 1076 161
281 549 1042 790
282 790 1042 287
283 683 1253 406
284 312 810 675
285 707 759 479
286 362 759 707
287 275 754 677
288 399 1217 621
289 379 1255 792
290 792 1255 626
291 793 1109 925
292 215 702 216
293 201 1172 978
294 292 785 661
295 661 785 404
296 655 1259 808
297 718 1116 273
298 283 887 776
299 776 887 487
300 742 1228 262
301 851 1250 294
302 799 1197 473
303 409 974 603
304 451 945 838
305 698 1169 509
306 816 1112 628
307 553 969 778
308 438 1005 872
309 872 1005 582
310 870 1288 708
311 634 1094 483
312 1187 1395 752
313 82 631 81
314 350 812 665
315 396 757 683
316 945 1247 838
317 226 680 225
318 428 1074 739
319 488 828 719
320 719 828 277
321 620 835 399
322 630 808 411
323 429 888 602
324 288 1229 687
325 399 837 620
326 779 1311 687
327 401 1198 1104
328 432 875 774
329 432 774 671
330 671 774 357
331 939 999 545
332 397 914 601
333 431 916 717
334 918 1002 442
335 645 943 424
336 387 1278 624
337 687 1229 372
338 676 1248 310
339 1049 1197 544
340 893 1474 363
341 295 736 722
342 296 942 601
343 412 1211 611
344 487 1096 842
345 598 1366 792
346 466 936 702
347 702 936 380
348 603 908 409
349 315 1105 801
350 651 1228 605
351 663 1223 840
352 424 1130 645
353 663 1112 494
354 789 1333 441
355 642 1108 407
356 285 1395 1187
357 670 790 341
358 1010 1360 381
359 466 1060 658
360 607 1230 266
361 604 1125 257
362 834 1156 639
363 273 840 639
364 683 1309 396
365 584 1139 1107
366 327 885 800
367 269 750 743
368 743 750 418
369 266 1001 607
370 606 990 7
371 482 1101 719
372 806 1269 550
373 1105 1537 801
374 450 1004 641
375 186 689 187
376 1123 1146 280
377 740 976 307
378 491 815 327
379 757 1253 683
380 401 1183 768
381 470 1088 649
382 611 983 412
383 656 1491 1369
384 168 1121 618
385 721 788 423
386 320 1135 809
387 809 1135 586
388 812 1476 665
389 514 917 891
390 931 1074 333
391 719 1107 482
392 343 819 731
393 868 1044 258
394 595 1044 868
395 723 984 388
396 455 1472 924
397 430 859 764
398 764 859 458
399 407 1396 642
400 73 640 72
401 897 982 499
402 642 959 444
403 780 1040 578
404 462 1040 780
405 456 1476 812
406 550 1052 806
407 806 1052 398
408 317 856 654
409 273 1116 944
410 445 1209 660
411 486 1127 846
412 558 1314 739
413 743 1170 269
414 549 1170 743
415 407 1169 698
416 937 1245 380
417 416 1138 292
418 410 1301 877
419 553 1395 969
420 650 1141 471
421 656 1369 726
422 309 779 687
423 695 772 449
424 618 1048 447
425 715 866 414
426 610 1276 251
427 265 1067 758
428 758 1067 521
429 1080 1220 405
430 286 1183 1008
431 405 1220 770
432 355 1023 614
433 381 1529 644
434 139 1153 138
435 7 1153 139
436 925 1074 428
437 922 1230 607
438 978 1172 565
439 632 1281 1054
440 663 1488 1112
441 697 838 359
442 451 838 697
443 23 647 22
444 25 648 24
445 958 1110 195
446 385 836 672
447 749 1538 1166
448 630 867 308
449 616 1010 289
450 741 892 304
451 149 984 723
452 663 840 273
453 440 1206 302
454 658 820 386
455 1150 1491 657
456 263 848 713
457 713 848 430
458 618 970 167
459 864 1122 209
460 844 1094 281
461 591 1094 844
462 406 803 683
463 712 928 266
464 740 1504 976
465 271 1087 661
466 646 1303 499
467 412 1291 674
468 763 912 401
469 408 1021 776
470 447 970 618
471 405 1118 1080
472 292 825 416
473 1061 1241 562
474 792 902 598
475 670 901 269
476 1034 1189 592
477 759 1046 479
478 630 865 388
479 367 1187 752
480 953 1024 555
481 916 1204 717
482 770 1064 525
483 261 1064 770
484 644 1282 381
485 749 1166 522
486 411 867 630
487 342 1019 641
488 715 1405 866
489 675 1414 312
490 891 917 374
491 794 1021 408
492 19 652 18
493 649 1147 470
494 493 784 318
495 683 803 301
496 419 1312 1115
497 649 1088 294
498 401 912 787
499 936 1248 676
500 436 956 641
501 641 956 272
502 765 1494 390
503 654 1494 765
504 378 856 751
505 293 789 704
506 284 1032 664
507 661 1234 271
508 675 810 393
509 318 784 420
510 703 926 258
511 787 1198 401
512 646 1238 851
513 641 1016 450
514 272 1016 641
515 649 1037 340
516 304 892 854
517 666 1278 387
518 295 992 736
519 469 1485 860
520 875 1353 774
521 676 1055 400
522 266 788 712
523 208 1051 864
524 668 1243 237
525 737 1338 434
526 1012 1275 286
527 698 1396 407
528 661 825 292
529 436 1019 623
530 678 858 406
531 830 1190 403
532 684 1140 474
533 992 1442 567
534 514 891 653
535 792 1366 379
536 686 876 506
537 406 1253 692
538 677 1052 275
539 862 955 432
540 730 1041 477
541 759 1337 1046
542 854 1545 304
543 266 928 746
544 267 1221 669
545 626 985 444
546 750 1118 405
547 423 1230 922
548 646 851 294
549 215 1060 702
550 503 863 684
551 444 1045 626
552 521 1224 758
553 161 1076 160
554 208 864 209
555 300 1225 433
556 614 1524 1307
557 221 1084 791
558 688 1168 270
559 212 820 213
560 733 1534 1148
561 1107 1139 482
562 800 885 454
563 699 1217 399
564 285 1035 659
565 258 1306 703
566 763 768 439
567 636 1260 438
568 913 953 188
569 119 662 120
570 602 1290 971
571 431 965 629
572 628 1034 448
573 161 1000 673
574 405 991 691
575 321 1096 912
576 244 727 243
577 401 768 763
578 489 1024 953
579 525 991 770
580 364 1452 772
581 629 993 441
582 1112 1488 356
583 664 1502 699
584 203 729 204
585 267 1284 809
586 1168 1200 270
587 388 1132 630
588 862 1192 955
589 692 1253 298
590 733 1148 526
591 634 1406 1094
592 637 964 197
593 407 1108 738
594 237 949 668
595 375 1407 705
596 705 1407 581
597 258 1505 1306
598 300 1149 679
599 195 1110 196
600 742 1128 516
601 1307 1524 693
602 653 1272 514
603 511 1153 990
604 295 1003 633
605 701 907 270
606 247 1222 645
607 933 966 422
608 642 1396 959
609 730 1493 318
610 971 1290 345
611 138 837 137
612 232 1062 231
613 1369 1491 371
614 419 1115 849
615 344 1331 632
616 222 1084 221
617 680 843 225
618 852 1013 484
619 379 1366 678
620 607 1310 922
621 899 1155 588
622 531 1206 440
623 356 882 651
624 481 826 724
625 509 973 698
626 794 1126 330
627 417 1352 294
628 319 933 650
629 650 933 422
630 727 1246 530
631 182 556 183
632 381 1282 1010
633 471 1141 637
634 427 960 638
635 487 977 894
636 551 877 809
637 674 1211 412
638 194 958 195
639 751 1069 8
640 497 1069 751
641 140 747 7
642 433 1225 518
643 371 1491 1150
644 220 783 3
645 1153 1182 620
646 984 1516 388
647 231 554 230
648 494 1112 816
649 432 955 875
650 875 955 532
651 616 1360 1010
652 691 1429 418
653 435 949 715
654 363 861 674
655 637 1110 471
656 710 848 263
657 331 973 827
658 827 973 509
659 976 1150 657
660 285 1187 1035
661 1148 1534 603
662 742 1527 1128
663 426 1155 899
664 422 939 650
665 650 939 346
666 772 1452 608
667 563 1295 746
668 746 1295 369
669 1013 1100 484
670 705 942 296
671 644 1529 855
672 617 1364 1249
673 157 899 156
674 105 685 106
675 521 1067 667
676 436 969 659
677 659 969 285
678 831 1266 284
679 684 863 305
680 302 1116 718
681 441 1497 704
682 682 908 264
683 669 1272 267
684 514 1272 669
685 301 1189 1034
686 536 966 933
687 1141 1174 637
688 492 894 846
689 846 894 335
690 296 1498 705
691 559 989 923
692 923 989 437
693 666 1008 403
694 641 1019 436
695 190 762 191
696 467 994 328
697 450 919 817
698 609 1266 831
699 4 962 229
700 1191 1436 572
701 350 1261 905
702 346 1174 1141
703 1166 1538 611
704 651 1444 262
705 252 893 251
706 37 694 36
707 351 1043 681
708 1451 1539 677
709 593 1369 1077
710 724 826 426
711 777 995 634
712 400 1168 688
713 1000 1209 445
714 403 1278 666
715 798 938 584
716 1102 1514 917
717 959 1396 274
718 507 1138 416
719 880 1130 424
720 754 1451 677
721 404 1234 661
722 548 1335 1027
723 645 1130 247
724 305 876 686
725 340 1145 649
726 341 1277 670
727 414 895 744
728 1126 1428 330
729 702 1060 466
730 1152 1237 557
731 687 1195 309
732 372 1195 687
733 270 937 688
734 298 1253 757
735 316 901 670
736 226 1029 680
737 426 899 791
738 719 1101 361
739 687 1320 288
740 511 1182 1153
741 194 1350 958
742 670 1277 316
743 346 1141 650
744 294 1088 646
745 1420 1487 437
746 667 1465 1196
747 375 1246 727
748 297 951 655
749 207 1051 208
750 235 760 234
751 294 1037 649
752 453 1368 306
753 841 982 421
754 899 1460 156
755 175 1077 174
756 273 944 663
757 714 1532 595
758 674 1291 363
759 277 1107 719
760 659 956 436
761 553 918 752
762 307 976 657
763 667 1495 521
764 617 1249 805
765 633 1442 992
766 308 867 714
767 525 1239 991
768 433 1149 300
769 919 1477 817
770 770 991 405
771 429 1031 888
772 492 1096 894
773 516 1179 742
774 742 1179 396
775 695 1388 364
776 302 1143 440
777 595 1512 714
778 166 873 165
779 705 870 375
780 304 1194 741
781 734 999 422
782 804 1058 324
783 508 1058 804
784 305 1140 684
785 714 1512 1007
786 871 959 519
787 444 959 871
788 1196 1437 667
789 672 1346 472
790 228 821 227
791 380 936 676
792 922 1310 336
793 1007 1512 362
794 301 1309 683
795 527 1320 687
796 1234 1450 271
797 821 1029 227
798 415 928 712
799 199 775 200
800 701 1200 785
801 373 950 556
802 329 1087 679
803 679 1087 271
804 308 1351 865
805 813 892 402
806 465 892 813
807 380 1245 753
808 638 1160 711
809 718 1143 302
810 1306 1505 693
811 660 1057 445
812 353 1423 686
813 661 1087 825
814 325 1065 659
815 328 857 467
816 532 957 675
817 246 880 245
818 237 1243 236
819 659 1035 325
820 186 1171 689
821 972 1185 495
822 769 861 445
823 862 1049 544
824 279 1049 862
825 1051 1082 446
826 340 1037 459
827 411 1259 1044
828 635 1082 1051
829 314 902 792
830 258 926 868
831 689 913 187
832 812 1056 456
833 1327 1512 868
834 528 857 328
835 901 1118 269
836 496 1229 373
837 819 1219 731
838 429 1519 1031
839 205 1144 1011
840 460 896 810
841 418 1305 802
842 387 1012 666
843 361 1101 890
844 890 1101 578
845 271 1151 679
846 269 1170 670
847 567 1479 992
848 352 1271 684
849 684 1271 503
850 673 1000 445
851 645 1227 943
852 150 984 149
853 458 859 833
854 833 859 311
855 303 1047 665
856 665 1048 350
857 686 1273 353
858 506 1273 686
859 749 1201 397
860 522 1201 749
861 665 1476 303
862 354 907 701
863 268 1127 934
864 731 1485 343
865 419 931 930
866 930 931 587
867 300 938 798
868 1086 1251 519
869 366 815 491
870 681 1427 305
871 868 1512 595
872 421 897 713
873 146 1346 672
874 726 1003 295
875 361 1158 680
876 559 1023 989
877 489 953 913
878 938 1151 443
879 713 897 263
880 530 1199 727
881 874 1161 506
882 671 1056 279
883 669 1102 514
884 1221 1518 669
885 751 856 497
886 700 1347 347
887 1035 1187 394
888 184 950 709
889 815 885 327
890 357 1523 671
891 622 1487 1420
892 714 1374 308
893 268 934 734
894 438 883 758
895 758 883 265
896 485 1189 803
897 899 1515 791
898 919 1015 365
899 552 1015 919
900 882 944 442
901 514 1102 917
902 725 930 297
903 363 1474 673
904 1029 1178 680
905 339 932 795
906 795 932 460
907 606 1506 1152
908 310 1055 676
909 430 961 713
910 562 1265 807
911 316 1277 539
912 776 842 408
913 306 1368 834
914 1229 1330 373
915 809 1284 551
916 1094 1406 281
917 495 1185 814
918 739 1362 428
919 479 1123 707
920 707 1123 280
921 519 1251 871
922 711 1038 427
923 490 924 814
924 814 924 347
925 680 1178 361
926 973 1449 698
927 183 950 184
928 827 895 414
929 556 1218 373
930 989 1023 355
931 679 1149 329
932 446 1082 681
933 696 1009 173
934 744 895 293
935 963 1146 596
936 1196 1465 309
937 832 1518 392
938 678 1522 858
939 669 1518 832
940 45 732 44
941 704 1448 293
942 315 1024 797
943 797 1024 489
944 681 1082 351
945 618 1261 1048
946 264 1358 682
947 353 1430 929
948 976 1504 468
949 1171 1313 689
950 858 1522 254
951 418 1429 1305
952 320 542 501
953 894 977 335
954 690 1089 455
955 344 1089 690
956 562 1531 1265
957 778 1527 262
958 623 1527 778
959 414 1458 715
960 716 1161 143
961 575 1449 973
962 342 1381 1128
963 328 994 828
964 270 907 847
965 343 1485 469
966 710 1373 848
967 311 1323 1247
968 340 850 560
969 551 1394 877
970 402 892 741
971 906 1139 584
972 347 1018 814
973 814 1018 495
974 410 1078 512
975 686 1140 305
976 529 1525 889
977 422 966 734
978 975 1053 513
979 1249 1525 529
980 807 1062 232
981 539 1277 463
982 737 896 254
983 594 1474 893
984 468 1009 696
985 272 1065 731
986 314 1106 902
987 867 1532 714
988 359 1269 697
989 503 1122 864
990 690 1111 449
991 1068 1189 485
992 774 1483 357
993 599 1483 774
994 203 1117 729
995 304 1302 1194
996 325 1035 504
997 581 1318 705
998 60 748 59
999 284 1266 1032
1000 556 950 183
1001 701 1138 354
1002 292 1138 701
1003 694 1028 425
1004 848 1373 571
1005 716 1273 506
1006 488 1029 821
1007 952 1311 1213
1008 489 1119 797
1009 504 1035 394
1010 527 1311 952
1011 1104 1198 536
1012 298 1175 692
1013 321 912 763
1014 427 1288 870
1015 808 1259 411
1016 1044 1259 612
1017 449 1111 695
1018 727 1199 243
1019 398 1223 806
1020 773 1216 323
1021 1106 1319 902
1022 459 850 340
1023 707 1007 362
1024 731 1219 272
1025 699 1226 284
1026 498 541 322
1027 918 1116 302
1028 540 1315 829
1029 710 1033 470
1030 263 1033 710
1031 697 1071 451
1032 259 1071 697
1033 576 1200 1168
1034 250 822 249
1035 715 1458 435
1036 926 1521 400
1037 503 1271 720
1038 955 957 532
1039 336 957 955
1040 428 927 793
1041 1016 1219 552
1042 717 1381 604
1043 463 1277 341
1044 695 1111 255
1045 418 1022 743
1046 703 1521 926
1047 592 1517 1034
1048 1019 1128 623
1049 342 1128 1019
1050 190 1316 762
1051 905 1261 564
1052 162 1000 161
1053 920 1286 409
1054 313 1155 826
1055 14 756 13
1056 475 995 777
1057 520 1103 824
1058 824 1103 319
1059 371 1150 696
1060 696 1150 468
1061 709 1401 184
1062 373 1218 756
1063 873 1317 165
1064 1334 1542 280
1065 399 1382 699
1066 746 928 563
1067 752 918 302
1068 854 892 465
1069 1119 1526 797
1070 719 1178 488
1071 361 1178 719
1072 1185 1503 814
1073 317 1131 856
1074 280 1542 1091
1075 306 1539 1451
1076 426 1084 724
1077 143 1242 716
1078 914 1159 296
1079 1115 1312 589
1080 298 1204 916
1081 270 1200 701
1082 854 886 449
1083 465 886 854
1084 859 1323 311
1085 728 1520 286
1086 264 1447 855
1087 855 1447 644
1088 332 1514 1102
1089 255 941 869
1090 869 941 490
1091 337 1148 974
1092 974 1148 603
1093 812 1308 1056
1094 312 1093 810
1095 840 1473 639
1096 398 1473 840
1097 210 1122 720
1098 223 1039 724
1099 262 1527 742
1100 607 1461 1310
1101 441 1333 738
1102 524 1313 1171
1103 1011 1144 557
1104 842 1096 321
1105 488 1178 1029
1106 898 1440 352
1107 539 1536 316
1108 538 1157 832
1109 832 1157 332
1110 797 1129 315
1111 502 1129 797
1112 708 1246 375
1113 764 961 430
1114 1052 1365 275
1115 98 554 97
1116 52 761 51
1117 755 1071 259
1118 238 949 237
1119 720 1371 210
1120 332 1157 904
1121 280 1091 707
1122 479 1046 1026
1123 1048 1261 350
1124 734 966 268
1125 437 989 951
1126 177 888 176
1127 12 556 11
1128 887 977 487
1129 1128 1527 623
1130 723 1017 148
1131 1380 1497 374
1132 627 1504 740
1133 435 1458 744
1134 415 1194 928
1135 442 1444 882
1136 343 631 512
1137 829 1355 540
1138 624 1453 762
1139 709 950 373
1140 470 1490 710
1141 368 1188 728
1142 520 1183 1104
1143 615 1089 1054
1144 1054 1089 344
1145 762 1316 555
1146 809 877 320
1147 472 1017 723
1148 792 1045 314
1149 225 843 224
1150 951 1541 1420
1151 490 1083 869
1152 382 1232 1062
1153 713 1216 421
1154 188 953 189
1155 425 1536 539
1156 621 1299 837
1157 845 901 316
1158 515 901 845
1159 718 1156 334
1160 600 1286 920
1161 576 1402 785
1162 785 1402 404
1163 978 1058 508
1164 565 1058 978
1165 882 1488 944
1166 919 1016 552
1167 736 992 402
1168 1002 1444 442
1169 555 1024 801
1170 758 1005 438
1171 765 934 486
1172 373 1330 709
1173 788 1230 423
1174 266 1230 788
1175 787 912 492
1176 730 1393 219
1177 370 1437 1196
1178 724 1039 481
1179 394 1187 640
1180 369 1400 746
1181 434 1063 767
1182 278 885 815
1183 152 849 151
1184 806 1223 1176
1185 1080 1118 515
1186 1157 1481 904
1187 1117 1268 729
1188 199 1073 775
1189 734 1470 999
1190 999 1470 390
1191 738 1333 407
1192 733 1426 397
1193 420 1393 730
1194 501 1135 320
1195 927 1155 313
1196 951 1420 437
1197 740 1457 384
1198 512 1078 343
1199 727 1407 375
1200 515 1118 901
1201 248 1222 247
1202 506 1161 716
1203 828 994 277
1204 717 1204 516
1205 263 1303 1033
1206 744 1458 414
1207 548 1027 958
1208 958 1027 471
1209 334 1143 718
1210 771 982 278
1211 499 982 771
1212 829 1305 577
1213 256 1305 829
1214 1062 1232 554
1215 1038 1464 274
1216 273 1156 718
1217 403 1008 824
1218 639 1539 834
1219 834 1539 306
1220 787 1127 268
1221 492 1127 787
1222 439 1006 763
1223 622 1109 1075
1224 1075 1109 462
1225 365 1477 919
1226 793 925 428
1227 805 1047 303
1228 1249 1364 358
1229 745 1480 385
1230 96 782 95
1231 92 781 91
1232 847 937 270
1233 762 1453 191
1234 793 927 313
1235 323 961 764
1236 286 1520 768
1237 720 1122 503
1238 931 1499 558
1239 704 1497 1380
1240 638 1535 1160
1241 753 1041 217
1242 534 1021 794
1243 383 1135 501
1244 428 1362 935
1245 579 1212 1097
1246 306 1356 453
1247 735 1046 310
1248 242 1014 241
1249 802 1022 418
1250 286 1275 728
1251 728 1274 368
1252 1033 1303 646
1253 785 1200 576
1254 847 907 318
1255 284 1226 831
1256 478 1235 1142
1257 711 1464 1038
1258 275 1147 1145
1259 454 1053 975
1260 509 895 827
1261 437 1487 923
1262 928 1194 563
1263 1008 1183 520
1264 307 1059 740
1265 167 970 166
1266 341 625 463
1267 464 625 341
1268 620 1182 835
1269 1145 1147 649
1270 324 1182 804
1271 804 1182 511
1272 705 1318 942
1273 500 1408 383
1274 166 970 873
1275 169 1121 168
1276 759 1327 533
1277 362 1327 759
1278 315 1129 1105
1279 1105 1129 636
1280 532 1120 875
1281 670 1170 790
1282 452 1043 747
1283 739 1074 558
1284 526 1426 733
1285 99 783 100
1286 101 784 102
1287 187 913 188
1288 308 1066 745
1289 778 969 436
1290 377 1025 755
1291 154 1362 739
1292 755 1070 377
1293 590 1079 945
1294 729 1144 204
1295 524 1401 1256
1296 864 1051 446
1297 747 1167 452
1298 201 978 202
1299 763 1006 321
1300 244 1240 727
1301 1046 1337 310
1302 477 1493 730
1303 254 1338 737
1304 469 631 343
1305 374 1497 786
1306 644 1447 1201
1307 831 1226 543
1308 1308 1446 279
1309 915 916 431
1310 523 916 915
1311 561 1086 974
1312 974 1086 337
1313 299 1353 875
1314 738 1108 326
1315 513 1053 841
1316 460 932 921
1317 441 993 786
1318 477 1041 753
1319 519 1464 1160
1320 482 1139 780
1321 1256 1401 709
1322 845 1028 282
1323 841 1053 278
1324 751 1409 378
1325 791 1084 426
1326 745 1351 308
1327 735 1248 466
1328 949 1543 715
1329 335 1455 1235
1330 1001 1461 607
1331 716 1430 1273
1332 752 1206 367
1333 302 1206 752
1334 799 1059 307
1335 473 1059 799
1336 689 1313 1119
1337 448 1070 755
1338 8 1133 751
1339 879 1360 617
1340 381 1360 879
1341 376 1268 804
1342 383 1408 1279
1343 752 1395 553
1344 409 1372 920
1345 377 1070 766
1346 1220 1332 261
1347 310 1248 735
1348 140 1167 747
1349 409 1286 974
1350 177 1489 888
1351 323 1216 961
1352 878 1423 353
1353 796 1341 170
1354 768 1520 439
1355 831 1124 609
1356 391 1124 831
1357 314 1045 871
1358 254 921 858
1359 858 921 485
1360 846 910 486
1361 335 910 846
1362 924 941 455
1363 490 941 924
1364 269 1118 750
1365 472 1351 745
1366 345 1442 971
1367 1119 1313 360
1368 1160 1464 711
1369 1314 1499 849
1370 904 1184 568
1371 741 1194 415
1372 1026 1123 479
1373 596 1123 1026
1374 743 1285 549
1375 800 1050 282
1376 782 1232 382
1377 1083 1528 869
1378 811 1151 271
1379 1271 1440 720
1380 777 1092 475
1381 312 1092 777
1382 396 1228 742
1383 293 1184 744
1384 766 1544 591
1385 921 932 485
1386 776 1021 283
1387 325 1485 1065
1388 468 1504 1177
1389 326 1108 985
1390 458 1528 764
1391 588 1460 899
1392 407 1333 789
1393 747 1506 606
1394 1065 1485 731
1395 275 1145 754
1396 760 1061 234
1397 1043 1427 681
1398 793 1040 462
1399 313 1040 793
1400 830 1350 193
1401 308 1374 1066
1402 445 1057 769
1403 909 1072 461
1404 341 1186 464
1405 471 1110 958
1406 767 1063 299
1407 261 975 972
1408 972 975 513
1409 856 1131 497
1410 526 1159 914
1411 330 1428 991
1412 991 1428 691
1413 811 1023 559
1414 311 1079 833
1415 360 1526 1119
1416 483 1095 795
1417 795 1095 339
1418 957 1414 675
1419 197 964 198
1420 583 1414 957
1421 878 1146 474
1422 278 1053 885
1423 1003 1519 429
1424 726 1519 1003
1425 143 1161 142
1426 517 1321 900
1427 780 1075 462
1428 260 1075 780
1429 829 1315 256
1430 764 1083 323
1431 1142 1235 613
1432 169 1341 1121
1433 780 1139 260
1434 881 1142 276
1435 823 1058 565
1436 324 1058 823
1437 753 1245 477
1438 971 1442 633
1439 389 1028 694
1440 460 921 896
1441 141 1167 140
1442 257 1125 817
1443 477 937 847
1444 582 1081 872
1445 293 1478 789
1446 279 1446 1049
1447 874 1167 141
1448 779 1067 265
1449 910 947 486
1450 478 947 910
1451 942 943 601
1452 424 943 942
1453 571 1323 848
1454 848 1323 430
1455 396 1179 757
1456 204 1144 205
1457 835 1412 1382
1458 555 1486 762
1459 762 1486 387
1460 234 1061 233
1461 75 818 74
1462 868 926 533
1463 9 1252 253
1464 839 1269 359
1465 550 1269 839
1466 159 1252 9
1467 508 1268 1117
1468 801 1024 315
1469 193 1350 194
1470 804 1324 376
1471 1177 1293 171
1472 767 1120 393
1473 435 1481 949
1474 949 1481 668
1475 977 1455 335
1476 390 1494 1032
1477 626 1045 792
1478 322 1238 771
1479 771 1238 499
1480 245 1240 244
1481 193 1190 830
1482 408 1126 794
1483 608 1545 772
1484 434 1319 1063
1485 281 1134 844
1486 823 1385 391
1487 565 1385 823
1488 282 1173 845
1489 845 1173 515
1490 468 1177 1009
1491 278 1328 771
1492 349 994 467
1493 850 1294 560
1494 920 1372 599
1495 896 921 254
1496 454 1050 800
1497 200 1172 201
1498 533 1337 759
1499 320 1301 542
1500 962 1154 229
1501 236 1363 235
1502 1050 1173 282
1503 151 1115 150
1504 349 662 518
1505 911 1313 524
1506 775 1433 391
1507 1484 1531 706
1508 796 1293 627
1509 305 1427 876
1510 870 960 427
1511 235 1363 760
1512 768 1183 286
1513 814 1503 490
1514 680 1158 843
1515 1044 1532 411
1516 824 1008 520
1517 483 1165 777
1518 777 1165 312
1519 1097 1212 345
1520 1014 1378 241
1521 278 982 841
1522 152 1314 849
1523 1001 1400 475
1524 1054 1281 457
1525 597 1547 817
1526 817 1547 257
1527 911 1375 1313
1528 760 1422 392
1529 844 1134 590
1530 956 1065 272
1531 880 1318 581
1532 424 1318 880
1533 272 1219 1016
1534 464 1085 648
1535 510 1537 1105
1536 786 1547 597
1537 343 1078 819
1538 819 1078 290
1539 571 1373 838
1540 838 1373 359
1541 835 1382 399
1542 888 1489 602
1543 804 1268 508
1544 769 1438 616
1545 276 1236 813
1546 390 1470 765
1547 1030 1457 473
1548 323 1185 773
1549 268 1198 787
1550 289 1336 769
1551 626 1255 1205
1552 795 1165 483
1553 1517 1546 766
1554 640 1264 394
1555 526 1535 1159
1556 473 1457 1059
1557 261 1332 975
1558 366 732 498
1559 319 1103 933
1560 933 1103 536
1561 460 1093 795
1562 770 1220 261
1563 192 1190 193
1564 170 1341 169
1565 384 1030 905
1566 905 1030 580
1567 775 1172 200
1568 771 1329 322
1569 309 1465 779
1570 843 1039 224
1571 481 1039 843
1572 817 1125 450
1573 931 1267 587
1574 333 1267 931
1575 943 1227 338
1576 491 732 366
1577 821 1154 328
1578 251 1276 250
1579 173 1009 172
1580 287 1186 790
1581 614 1450 1234
1582 774 1353 599
1583 531 968 367
1584 523 1255 1175
1585 786 1497 441
1586 873 970 447
1587 801 1537 387
1588 513 1399 773
1589 906 1164 260
1590 909 1406 619
1591 281 1406 909
1592 541 1250 322
1593 630 1132 808
1594 408 1355 829
1595 816 1176 494
1596 259 1176 816
1597 1036 1480 476
1598 447 1048 1047
1599 1047 1048 665
1600 232 1298 807
1601 472 1346 1017
1602 558 1499 1314
1603 481 1287 826
1604 1032 1494 664
1605 224 1039 223
1606 476 1480 1066
1607 549 1285 1224
1608 518 1225 349
1609 823 1445 1412
1610 574 1440 898
1611 334 547 546
1612 260 1164 923
1613 1082 1237 351
1614 635 1237 1082
1615 789 1169 407
1616 920 1063 600
1617 299 1063 920
1618 144 1242 143
1619 810 1093 460
1620 549 1224 1042
1621 373 756 496
1622 470 1147 839
1623 231 1062 554
1624 790 1170 549
1625 633 1003 971
1626 971 1003 429
1627 209 1122 210
1628 534 1403 946
1629 969 1395 285
1630 507 685 354
1631 929 1430 573
1632 592 1546 1517
1633 458 1099 869
1634 791 1513 221
1635 909 1134 281
1636 457 977 887
1637 920 1353 299
1638 599 1353 920
1639 210 1371 211
1640 589 1516 984
1641 265 1311 779
1642 790 1186 341
1643 165 1317 164
1644 822 1379 249
1645 354 1138 507
1646 184 1401 185
1647 456 1013 852
1648 384 1540 796
1649 908 1534 264
1650 829 1126 408
1651 516 1204 1179
1652 385 1036 929
1653 929 1036 585
1654 570 1173 1050
1655 309 1195 480
1656 1067 1465 667
1657 55 850 54
1658 403 1335 830
1659 830 1335 548
1660 480 1196 309
1661 993 1547 786
1662 391 1385 775
1663 801 1486 555
1664 387 1486 801
1665 538 1243 1157
1666 1157 1243 668
1667 172 1177 171
1668 822 1533 1379
1669 467 662 349
1670 147 1346 146
1671 423 1197 799
1672 176 1031 175
1673 217 1041 218
1674 881 1212 579
1675 383 781 500
1676 500 782 382
1677 501 781 383
1678 257 1547 993
1679 798 1225 300
1680 349 1225 798
1681 354 685 493
1682 148 1017 147
1683 86 853 85
1684 367 1206 531
1685 334 1156 834
1686 170 1293 796
1687 303 1476 852
1688 974 1286 561
1689 871 1045 444
1690 283 1193 887
1691 627 1293 1177
1692 1273 1430 353
1693 164 1317 889
1694 205 1011 206
1695 1007 1374 714
1696 815 1328 278
1697 336 1192 922
1698 922 1192 544
1699 368 1443 1188
1700 1079 1439 833
1701 794 1403 534
1702 330 1403 794
1703 1025 1071 755
1704 825 1087 329
1705 498 1329 366
1706 877 1394 290
1707 803 1189 301
1708 1061 1298 233
1709 79 860 78
1710 942 1318 424
1711 1216 1399 421
1712 773 1399 1216
1713 797 1526 502
1714 991 1239 330
1715 257 993 965
1716 965 993 629
1717 806 1176 259
1718 1063 1319 600
1719 390 1032 999
1720 823 1412 324
1721 443 1151 811
1722 843 1158 481
1723 805 1254 1047
1724 529 1317 873
1725 898 1026 386
1726 596 1026 898
1727 883 1260 502
1728 832 1102 669
1729 382 1062 807
1730 528 1154 962
1731 227 1029 226
1732 1243 1363 236
1733 582 1384 802
1734 958 1350 548
1735 229 1154 228
1736 570 1220 1080
1737 769 1336 861
1738 394 818 504
1739 995 1400 369
1740 1412 1445 543
1741 220 1393 783
1742 800 1300 327
1743 282 1482 800
1744 640 1187 367
1745 122 857 123
1746 511 1324 804
1747 909 1469 1072
1748 1032 1266 545
1749 394 1264 818
1750 228 1154 821
1751 212 1283 820
1752 1105 1274 510
1753 1205 1255 523
1754 332 1102 832
1755 504 1425 860
1756 352 1440 1271
1757 443 1164 906
1758 802 1305 256
1759 1160 1535 337
1760 256 1315 1081
1761 1081 1315 643
1762 839 1490 470
1763 1145 1367 754
1764 340 1367 1145
1765 855 1358 264
1766 946 1403 1239
1767 886 1331 344
1768 881 1370 1142
1769 577 1126 829
1770 820 1283 574
1771 805 1249 529
1772 888 1031 176
1773 529 1254 805
1774 1159 1535 638
1775 706 1518 1221
1776 682 1483 1372
1777 1247 1323 571
1778 826 1155 426
1779 214 1060 215
1780 995 1416 634
1781 369 1416 995
1782 525 1064 1018
1783 452 1167 874
1784 1310 1461 583
1785 322 1329 498
1786 440 1143 546
1787 1018 1064 495
1788 450 1016 919
1789 1231 1492 346
1790 311 1247 945
1791 885 1053 454
1792 1382 1412 543
1793 198 1073 199
1794 878 1334 1146
1795 294 1352 1037
1796 233 1298 232
1797 813 1236 465
1798 544 1192 862
1799 523 1175 916
1800 916 1175 298
1801 496 903 372
1802 725 1312 930
1803 291 1531 1484
1804 338 1227 983
1805 983 1227 566
1806 339 1068 932
1807 849 1115 151
1808 846 1127 492
1809 276 1404 1236
1810 517 1300 389
1811 603 1534 908
1812 241 1378 240
1813 577 1428 1126
1814 484 1358 855
1815 525 1018 946
1816 925 1109 333
1817 240 1378 866
1818 807 1265 382
1819 847 1493 477
1820 552 1219 819
1821 873 1254 529
1822 447 1254 873
1823 478 1270 947
1824 155 1362 154
1825 357 1100 1013
1826 136 1133 8
1827 329 537 535
1828 481 1158 890
1829 580 1308 812
1830 501 1233 781
1831 946 1018 347
1832 1031 1519 593
1833 807 1298 562
1834 271 1450 811
1835 944 1116 442
1836 376 1322 1268
1837 837 1299 137
1838 910 1235 478
1839 813 1441 276
1840 1268 1322 729
1841 964 1073 198
1842 1194 1302 563
1843 402 1479 813
1844 1010 1282 522
1845 866 1436 414
1846 572 1436 866
1847 1379 1533 566
1848 835 1182 324
1849 452 1427 1043
1850 336 1310 957
1851 957 1310 583
1852 869 1099 255
1853 410 1297 542
1854 366 1328 815
1855 425 1339 694
1856 855 1529 484
1857 109 884 110
1858 817 1477 597
1859 505 1073 964
1860 528 1325 857
1861 968 1349 367
1862 530 1191 1014
1863 1014 1191 572
1864 635 1471 1011
1865 512 1296 410
1866 219 1393 220
1867 42 900 41
1868 546 1143 334
1869 819 1501 552
1870 290 1501 819
1871 682 1372 908
1872 660 1525 1057
1873 156 1460 155
1874 372 1229 496
1875 202 1117 203
1876 391 1445 823
1877 689 1119 913
1878 588 1155 927
1879 250 1276 822
1880 845 1536 1028
1881 480 1195 652
1882 333 1074 925
1883 17 903 16
1884 382 1408 500
1885 1011 1471 206
1886 983 1533 412
1887 388 1516 1132
1888 1132 1516 725
1889 932 1068 485
1890 826 1287 313
1891 1177 1504 627
1892 894 1096 487
1893 647 1196 480
1894 247 1130 246
1895 818 1424 504
1896 490 1503 1083
1897 648 1085 370
1898 756 1210 496
1899 992 1479 402
1900 865 1351 472
1901 328 1154 528
1902 1094 1095 483
1903 591 1095 1094
1904 866 1405 240
1905 240 1405 239
1906 545 1231 939
1907 939 1231 346
1908 824 1335 403
1909 646 1088 1033
1910 1033 1088 470
1911 836 1289 145
1912 834 1368 334
1913 484 1529 879
1914 964 1174 505
1915 637 1174 964
1916 573 1289 836
1917 840 1223 398
1918 622 1267 1109
1919 1109 1267 333
1920 1513 1515 158
1921 327 1300 517
1922 389 948 517
1923 246 1130 880
1924 838 1247 571
1925 1188 1443 643
1926 999 1032 545
1927 1057 1525 358
1928 831 1445 391
1929 934 1470 734
1930 412 1533 822
1931 338 1454 943
1932 943 1454 601
1933 659 1065 956
1934 326 1205 915
1935 915 1205 523
1936 626 1205 985
1937 392 1422 832
1938 534 1263 1021
1939 832 1422 538
1940 414 1436 827
1941 276 1441 881
1942 881 1441 567
1943 1034 1517 448
1944 283 1508 1193
1945 495 1064 972
1946 935 1362 155
1947 491 1202 732
1948 185 1171 186
1949 1080 1173 570
1950 515 1173 1080
1951 732 1203 498
1952 972 1064 261
1953 450 1125 1004
1954 945 1079 311
1955 537 1149 433
1956 561 1251 1086
1957 1081 1443 872
1958 930 1312 419
1959 1004 1381 342
1960 604 1381 1004
1961 625 1386 28
1962 548 1350 830
1963 1207 1304 653
1964 442 1116 918
1965 543 1445 831
1966 851 1238 322
1967 791 1515 1513
1968 171 1293 170
1969 913 1119 489
1970 510 1275 1012
1971 890 1158 361
1972 362 1512 1327
1973 461 1439 1079
1974 322 1250 851
1975 260 1139 906
1976 890 1287 481
1977 917 1380 374
1978 568 1380 917
1979 461 1134 909
1980 833 1439 569
1981 324 1412 835
1982 841 1399 513
1983 502 1260 1129
1984 163 1209 162
1985 566 1227 1222
1986 1222 1227 645
1987 789 1478 1169
1988 438 1260 883
1989 592 1189 1068
1990 1073 1433 775
1991 417 1250 541
1992 706 1531 1241
1993 611 1211 1166
1994 1166 1211 289
1995 839 1365 550
1996 413 1367 560
1997 1100 1483 682
1998 357 1483 1100
1999 887 1193 457
2000 570 1332 1220
2001 1007 1091 476
2002 707 1091 1007
2003 783 1393 420
2004 365 1304 1207
2005 35 940 34
2006 842 1355 408
2007 572 1378 1014
2008 243 1199 242
2009 155 1460 935
2010 1147 1365 839
2011 29 1098 625
2012 978 1117 202
2013 500 1417 782
2014 781 1418 500
2015 359 1490 839
2016 367 1349 640
2017 560 1020 413
2018 542 1301 410
2019 421 1399 841
2020 321 1475 842
2021 883 1213 265
2022 502 1213 883
2023 39 948 38
2024 329 1149 537
2025 961 1216 713
2026 478 1370 1270
2027 508 1117 978
2028 316 1536 845
2029 145 1289 144
2030 524 1256 911
2031 911 1256 288
2032 562 1298 1061
2033 451 1071 1025
2034 346 1492 1174
2035 387 1537 1012
2036 567 1212 881
2037 1011 1237 635
2038 853 1297 410
2039 410 1296 853
2040 1420 1541 587
2041 923 1164 559
2042 1201 1282 644
2043 522 1282 1201
2044 318 1493 847
2045 158 1515 157
2046 871 1251 314
2047 164 1500 163
2048 597 1207 891
2049 891 1207 653
2050 539 1340 425
2051 430 1323 859
2052 466 1248 936
2053 1121 1341 564
2054 944 1488 663
2055 419 1499 931
2056 849 1499 419
2057 1372 1483 599
2058 1188 1520 728
2059 439 1520 1188
2060 903 1326 372
2061 249 1379 248
2062 922 1197 423
2063 966 1198 268
2064 493 1257 784
2065 69 967 68
2066 71 968 70
2067 861 1336 674
2068 137 1299 136
2069 211 1283 212
2070 136 1299 1133
2071 1133 1299 621
2072 852 1476 456
2073 897 1303 263
2074 116 954 117
2075 274 1449 1038
2076 464 1186 1085
2077 550 1365 1052
2078 1070 1517 766
2079 1371 1440 574
2080 1211 1336 289
2081 674 1336 1211
2082 631 1113 81
2083 82 1114 631
2084 953 1316 189
2085 552 1501 1015
2086 1013 1523 357
2087 153 1314 152
2088 474 1146 963
2089 877 1301 320
2090 477 1245 937
2091 221 1513 10
2092 10 1513 158
2093 252 1342 893
2094 960 1159 638
2095 1236 1404 632
2096 561 1286 1106
2097 1106 1286 600
2098 533 1327 868
2099 673 1474 1076
2100 189 1316 190
2101 32 979 31
2102 555 1316 953
2103 8 1489 177
2104 439 1292 1006
2105 544 1197 922
2106 1004 1125 604
2107 1010 1166 289
2108 522 1166 1010
2109 557 1237 1011
2110 296 1159 960
2111 1047 1254 447
2112 468 1150 976
2113 889 1500 164
2114 1056 1308 279
2115 453 1356 1208
2116 1263 1347 700
2117 534 1347 1263
2118 238 1543 949
2119 50 986 49
2120 48 987 47
2121 893 1342 594
2122 89 988 88
2123 125 962 126
2124 585 1542 1334
2125 253 1342 252
2126 541 986 417
2127 575 1288 1038
2128 1038 1288 427
2129 895 1478 293
2130 872 1443 368
2131 1176 1223 494
2132 1242 1430 716
2133 573 1430 1242
2134 640 1349 72
2135 585 1334 878
2136 469 1113 631
2137 983 1538 338
2138 611 1538 983
2139 73 1264 640
2140 1097 1131 579
2141 63 996 62
2142 67 997 66
2143 65 998 64
2144 335 1235 910
2145 1131 1270 579
2146 955 1192 336
2147 391 1433 1124
2148 465 1331 886
2149 648 1387 464
2150 456 1523 1013
2151 866 1378 572
2152 631 1114 512
2153 625 1098 463
2154 416 1344 507
2155 535 1345 416
2156 595 1532 1044
2157 1103 1104 536
2158 520 1104 1103
2159 889 1317 529
2160 411 1532 867
2161 869 1528 458
2162 705 1498 870
2163 191 1453 192
2164 1341 1540 564
2165 796 1540 1341
2166 509 1478 895
2167 579 1370 881
2168 114 980 115
2169 112 981 113
2170 206 1471 207
2171 1093 1165 795
2172 1112 1383 628
2173 356 1383 1112
2174 876 1427 452
2175 499 1303 897
2176 580 1446 1308
2177 497 1290 1069
2178 519 1160 1086
2179 538 1422 1363
2180 1363 1422 760
2181 578 1530 890
2182 720 1440 1371
2183 1100 1358 484
2184 474 1423 878
2185 904 1514 332
2186 568 1514 904
2187 652 1398 480
2188 239 1543 238
2189 587 1541 930
2190 930 1541 297
2191 647 1397 22
2192 25 1387 648
2193 1235 1455 613
2194 911 1320 527
2195 288 1320 911
2196 480 1397 647
2197 536 1198 966
2198 952 1213 502
2199 1005 1384 582
2200 348 1384 1005
2201 464 1386 625
2202 372 1326 652
2203 1305 1429 577
2204 1052 1473 398
2205 677 1473 1052
2206 882 1444 651
2207 1056 1523 456
2208 902 1319 434
2209 334 1368 547
2210 879 1529 381
2211 1009 1177 172
2212 502 1526 952
2213 1208 1356 748
2214 356 1488 882
2215 1097 1290 497
2216 653 1284 1272
2217 1272 1284 267
2218 648 1137 24
2219 23 1137 647
2220 1313 1375 360
2221 1021 1263 283
2222 262 1444 1002
2223 242 1199 1014
2224 975 1332 454
2225 58 1020 57
2226 946 1239 525
2227 1043 1506 747
2228 765 1470 934
2229 1135 1279 586
2230 459 1352 1215
2231 1085 1186 287
2232 923 1487 260
2233 19 1398 652
2234 527 1375 911
2235 547 998 546
2236 652 1326 18
2237 985 1205 326
2238 1022 1285 743
2239 348 1285 1022
2240 1006 1292 540
2241 547 1368 453
2242 275 1365 1147
2243 699 1382 1226
2244 317 1270 1131
2245 660 1500 889
2246 1014 1199 530
2247 497 1131 1097
2248 1221 1484 706
2249 586 1484 1221
2250 889 1525 660
2251 947 1270 317
2252 564 1540 905
2253 905 1540 384
2254 1015 1501 1394
2255 288 1330 1229
2256 914 1426 526
2257 162 1209 1000
2258 908 1372 409
2259 643 1292 1188
2260 1188 1292 439
2261 546 997 440
2262 1171 1401 524
2263 157 1515 899
2264 457 1193 1054
2265 467 1162 662
2266 685 1180 493
2267 507 1181 685
2268 413 1451 1367
2269 1086 1160 337
2270 973 1462 575
2271 331 1462 973
2272 1367 1451 754
2273 1279 1408 291
2274 1015 1304 365
2275 551 1304 1015
2276 904 1481 435
2277 453 996 547
2278 312 1165 1093
2279 959 1464 519
2280 440 967 531
2281 1044 1505 258
2282 612 1505 1044
2283 397 1426 914
2284 779 1465 1067
2285 1054 1193 615
2286 619 1469 909
2287 662 1163 518
2288 952 1375 527
2289 802 1384 1022
2290 1213 1311 265
2291 652 1195 372
2292 347 1347 946
2293 946 1347 534
2294 370 1196 647
2295 454 1332 1050
2296 542 988 501
2297 498 987 541
2298 345 1290 1097
2299 566 1533 983
2300 1028 1536 425
2301 1224 1285 348
2302 1215 1352 761
2303 314 1251 1106
2304 1106 1251 561
2305 917 1514 568
2306 463 979 539
2307 1193 1508 615
2308 1038 1449 575
2309 628 1280 1034
2310 1034 1280 301
2311 1288 1462 708
2312 575 1462 1288
2313 564 1261 1121
2314 1121 1261 618
2315 1148 1535 526
2316 360 1375 952
2317 870 1498 960
2318 1089 1472 455
2319 615 1472 1089
2320 1042 1224 521
2321 392 1518 1241
2322 1241 1518 706
2323 1072 1469 364
2324 389 1343 948
2325 643 1315 1292
2326 1292 1315 540
2327 935 1460 588
2328 521 1495 1042
2329 609 1492 1231
2330 1231 1266 609
2331 545 1266 1231
2332 990 1324 511
2333 1274 1275 510
2334 728 1275 1274
2335 1142 1404 276
2336 613 1404 1142
2337 560 1367 340
2338 1023 1450 614
2339 811 1450 1023
2340 27 1090 26
2341 1142 1370 478
2342 1312 1516 589
2343 725 1516 1312
2344 476 1374 1007
2345 1055 1337 533
2346 339 1546 1068
2347 30 1098 29
2348 473 1446 1030
2349 1030 1446 580
2350 1472 1508 700
2351 540 1475 1006
2352 163 1500 1209
2353 416 1345 884
2354 884 1344 416
2355 952 1526 360
2356 274 1464 959
2357 370 1137 648
2358 647 1137 370
2359 297 1541 951
2360 1209 1500 660
2361 81 1113 80
2362 83 1114 82
2363 433 980 537
2364 1295 1302 608
2365 537 981 535
2366 960 1498 296
2367 37 1343 694
2368 694 1339 36
2369 457 1455 977
2370 662 1162 120
2371 119 1163 662
2372 1017 1346 147
2373 1069 1290 602
2374 475 1400 995
2375 1279 1484 586
2376 518 954 433
2377 622 1420 1267
2378 358 1525 1249
2379 1006 1475 321
2380 287 1437 1085
2381 21 1136 20
2382 600 1319 1106
2383 530 1509 1191
2384 24 1137 23
2385 1402 1521 703
2386 260 1487 1075
2387 1072 1388 569
2388 364 1388 1072
2389 287 1495 1437
2390 1050 1332 570
2391 1015 1394 551
2392 475 1461 1001
2393 505 1492 1124
2394 1124 1492 609
2395 389 1482 1028
2396 1028 1482 282
2397 1037 1352 459
2398 1129 1260 636
2399 310 1337 1055
2400 1022 1384 348
2401 505 1433 1073
2402 563 1302 1295
2403 323 1503 1185
2404 1057 1438 769
2405 1265 1408 382
2406 1069 1489 8
2407 1246 1509 530
2408 1259 1463 612
2409 655 1463 1259
2410 425 1340 940
2411 940 1339 425
2412 694 1343 389
2413 383 1279 1135
2414 693 1505 1307
2415 1307 1505 612
2416 1068 1546 592
2417 1270 1370 579
2418 1092 1414 583
2419 312 1414 1092
2420 1146 1334 280
2421 1262 1452 619
2422 1452 1469 619
2423 192 1453 1190
2424 1369 1519 726
2425 593 1519 1369
2426 1066 1374 476
2427 476 1542 1036
2428 1036 1542 585
2429 358 1438 1057
2430 685 1181 106
2431 105 1180 685
2432 693 1524 1306
2433 1306 1524 404
2434 615 1508 1472
2435 1072 1439 461
2436 569 1439 1072
2437 1190 1453 624
2438 384 1457 1030
2439 576 1521 1402
2440 668 1481 1157
2441 1012 1537 510
2442 1144 1322 557
2443 385 1480 1036
2444 764 1528 1083
2445 538 1363 1243
2446 557 1322 1152
2447 709 1330 1256
2448 1373 1490 359
2449 710 1490 1373
2450 1169 1478 509
2451 1049 1446 473
2452 1242 1289 573
2453 1152 1322 376
2454 120 1162 121
2455 118 1163 119
2456 1280 1309 301
2457 605 1309 1280
2458 729 1322 1144
2459 775 1385 1172
2460 682 1358 1100
2461 1059 1457 740
2462 331 1509 1462
2463 632 1331 1236
2464 1236 1331 465
2465 1217 1409 621
2466 378 1409 1217
2467 1262 1295 608
2468 1040 1530 578
2469 313 1530 1040
2470 207 1471 1051
2471 1042 1495 287
2472 1092 1461 475
2473 583 1461 1092
2474 1265 1531 291
2475 1454 1538 749
2476 338 1538 1454
2477 44 1202 43
2478 46 1203 45
2479 248 1379 1222
2480 1396 1449 274
2481 698 1449 1396
2482 628 1383 1280
2483 1280 1383 605
2484 351 1506 1043
2485 1051 1471 635
2486 632 1404 1281
2487 1281 1404 613
2488 104 1180 105
2489 106 1181 107
2490 1066 1480 745
2491 1283 1371 574
2492 61 1208 60
2493 602 1489 1069
2494 643 1443 1081
2495 1085 1437 370
2496 671 1523 1056
2497 1133 1409 751
2498 621 1409 1133
2499 15 1210 14
2500 1076 1474 594
2501 1075 1487 622
2502 1140 1423 474
2503 686 1423 1140
2504 264 1534 1447
2505 1447 1534 733
2506 732 1202 44
2507 45 1203 732
2508 1437 1495 667
2509 1212 1442 345
2510 144 1289 1242
2511 94 1214 93
2512 653 1304 1284
2513 53 1215 52
2514 448 1517 1070
2515 13 1218 12
2516 1462 1509 708
2517 366 1329 1328
2518 1328 1329 771
2519 1083 1503 323
2520 369 1295 1262
2521 293 1448 1184
2522 1124 1433 505
2523 97 1232 96
2524 91 1233 90
2525 591 1544 1095
2526 1095 1544 339
2527 1240 1407 727
2528 581 1407 1240
2529 77 1244 76
2530 700 1508 1263
2531 60 1208 748
2532 1020 1361 413
2533 1284 1304 551
2534 748 1361 59
2535 1172 1385 565
2536 619 1416 1262
2537 1262 1416 369
2538 800 1482 1300
2539 185 1401 1171
2540 1405 1543 239
2541 1256 1330 288
2542 1091 1542 476
2543 1306 1402 703
2544 74 1264 73
2545 14 1210 756
2546 756 1218 13
2547 400 1521 1168
2548 890 1530 1287
2549 715 1543 1405
2550 1252 1342 253
2551 1428 1429 691
2552 577 1429 1428
2553 1191 1509 331
2554 1184 1448 568
2555 1226 1382 543
2556 56 1294 55
2557 594 1342 1252
2558 85 1296 84
2559 87 1297 86
2560 1217 1502 378
2561 699 1502 1217
2562 52 1215 761
2563 554 1232 97
2564 761 1354 51
2565 98 1468 554
2566 12 1218 556
2567 1174 1492 505
2568 1222 1379 566
2569 556 1459 11
2570 337 1535 1148
2571 102 1257 103
2572 100 1258 101
2573 1168 1521 576
2574 1239 1403 330
2575 748 1356 413
2576 567 1442 1212
2577 1338 1522 598
2578 211 1371 1283
2579 1355 1475 540
2580 41 1321 40
2581 1207 1477 365
2582 597 1477 1207
2583 18 1326 17
2584 598 1522 1366
2585 291 1408 1265
2586 1281 1455 457
2587 613 1455 1281
2588 1267 1420 587
2589 1234 1524 614
2590 404 1524 1234
2591 36 1339 35
2592 34 1340 33
2593 38 1343 37
2594 291 1484 1279
2595 1360 1364 617
2596 616 1364 1360
2597 404 1402 1306
2598 761 1352 417
2599 96 1232 782
2600 781 1233 91
2601 70 1348 69
2602 72 1349 71
2603 364 1469 1452
2604 608 1452 1262
2605 782 1417 95
2606 92 1418 781
2607 51 1354 50
2608 68 1357 67
2609 986 1354 417
2610 1394 1501 290
2611 49 1359 48
2612 59 1361 58
2613 1544 1546 339
2614 766 1546 1544
2615 1364 1438 358
2616 1307 1463 355
2617 612 1463 1307
2618 634 1416 1406
2619 1406 1416 619
2620 708 1509 1246
2621 123 1325 124
2622 66 1376 65
2623 64 1377 63
2624 28 1386 27
2625 26 1387 25
2626 31 1389 30
2627 1263 1508 283
2628 80 1392 79
2629 1241 1531 562
2630 1300 1482 389
2631 413 1361 748
2632 813 1479 1441
2633 22 1397 21
2634 20 1398 19
2635 554 1468 230
2636 108 1344 109
2637 110 1345 111
2638 1356 1451 413
2639 616 1438 1364
2640 1302 1545 608
2641 47 1410 46
2642 43 1411 42
2643 306 1451 1356
2644 182 1459 556
2645 62 1413 61
2646 1380 1448 704
2647 568 1448 1380
2648 16 1415 15
2649 95 1417 94
2650 93 1418 92
2651 54 1419 53
2652 90 1421 89
2653 76 1424 75
2654 78 1425 77
2655 84 1431 83
2656 88 1432 87
2657 1287 1530 313
2658 40 1434 39
2659 33 1435 32
2660 842 1475 1355
2661 677 1539 1473
2662 1473 1539 639
2663 1366 1522 678
2664 304 1545 1302
2665 57 1456 56
2666 254 1522 1338
2667 113 1391 114
2668 115 1390 116
2669 1 1459 182
2670 1441 1479 567
2671 818 1264 74
2672 783 1258 100
2673 784 1257 102
2674 101 1258 784
2675 75 1424 818
2676 230 1468 2
2677 417 1354 761
2678 117 1466 118
2679 121 1467 122
2680 464 1387 1090
2681 1090 1386 464
2682 103 1496 104
2683 124 1507 125
2684 111 1510 112
2685 107 1511 108
2686 55 1294 850
2687 853 1296 85
2688 86 1297 853
2689 850 1419 54
2690 1208 1413 453
2691 79 1392 860
2692 860 1425 78
2693 1136 1397 480
2694 480 1398 1136
2695 997 1357 440
2696 1215 1419 459
2697 900 1321 41
2698 42 1411 900
2699 17 1326 903
2700 440 1357 967
2701 903 1415 16
2702 857 1325 123
2703 122 1467 857
2704 35 1339 940
2705 940 1340 34
2706 453 1413 996
2707 948 1343 38
2708 109 1344 884
2709 884 1345 110
2710 39 1434 948
2711 433 1390 980
2712 69 1348 967
2713 968 1348 70
2714 71 1349 968
2715 967 1357 68
2716 954 1390 433
2717 979 1389 31
2718 1098 1389 463
2719 500 1418 1214
2720 1214 1417 500
2721 50 1354 986
2722 986 1359 49
2723 48 1359 987
2724 32 1435 979
2725 67 1357 997
2726 987 1410 47
2727 89 1421 988
2728 988 1432 88
2729 469 1392 1113
2730 63 1377 996
2731 65 1376 998
2732 997 1376 66
2733 998 1377 64
2734 996 1413 62
2735 11 1459 1
2736 2 1468 98
2737 58 1361 1020
2738 1244 1425 504
2739 504 1424 1244
2740 1020 1456 57
2741 420 1258 783
2742 784 1258 420
2743 116 1390 954
2744 954 1466 117
2745 463 1389 979
2746 125 1507 962
2747 491 1411 1202
2748 114 1391 980
2749 980 1390 115
2750 981 1391 113
2751 459 1419 850
2752 1210 1415 496
2753 112 1510 981
2754 27 1386 1090
2755 1090 1387 26
2756 30 1389 1098
2757 467 1467 1162
2758 501 1421 1233
2759 1113 1392 80
2760 83 1431 1114
2761 21 1397 1136
2762 1136 1398 20
2763 1203 1410 498
2764 860 1392 469
2765 517 1434 1321
2766 512 1431 1296
2767 46 1410 1203
2768 1202 1411 43
2769 61 1413 1208
2770 15 1415 1210
2771 94 1417 1214
2772 1214 1418 93
2773 53 1419 1215
2774 493 1496 1257
2775 1233 1421 90
2776 1244 1424 76
2777 77 1425 1244
2778 539 1435 1340
2779 1296 1431 84
2780 87 1432 1297
2781 1344 1511 507
2782 56 1456 1294
2783 1321 1434 40
2784 1180 1496 493
2785 900 1411 491
2786 857 1467 467
2787 1340 1435 33
2788 118 1466 1163
2789 1162 1467 121
2790 498 1410 987
2791 988 1421 501
2792 1114 1431 512
2793 1297 1432 542
2794 496 1415 903
2795 104 1496 1180
2796 1181 1511 107
2797 1257 1496 103
2798 528 1507 1325
2799 507 1511 1181
2800 535 1510 1345
2801 1294 1456 560
2802 948 1434 517
2803 1325 1507 124
2804 1345 1510 111
2805 108 1511 1344
2806 1163 1466 518
2807 979 1435 539
2808 967 1348 531
2809 531 1348 968
2810 542 1432 988
2811 541 1359 986
2812 987 1359 541
2813 998 1376 546
2814 996 1377 547
2815 546 1376 997
2816 547 1377 998
2817 518 1466 954
2818 560 1456 1020
2819 962 1507 528
2820 981 1510 535
2821 980 1391 537
2822 537 1391 981
2823 3 783 99
2824 126 962 4
2 30 2 185
2825 119 1589 118
2826 115 1588 114
2827 117 1589 116
2828 1570 1617 131
2829 1585 1616 1571
2830 131 1575 1570
2831 110 1608 109
2832 114 1607 113
2833 108 1609 107
2834 122 1611 121
2835 1571 1596 127
2836 127 1596 1573
2837 1567 1600 1553
2838 1556 1600 1598
2839 1556 1598 1552
2840 133 1578 4
2841 3 1587 132
2842 1567 1582 1550
2843 1553 1582 1567
2844 1550 1599 1567
2845 131 1601 1575
2846 127 1618 1585
2847 4 1578 126
2848 1555 1594 1550
2849 1550 1582 1555
2850 128 1604 129
2851 1567 1614 1600
2852 1598 1600 1549
2853 131 1617 130
2854 99 1587 3
2855 127 1585 1571
2856 1593 1604 1574
2857 1552 1592 1557
2858 1559 1615 1591
2859 1573 1574 128
2860 1573 1583 1574
2861 6 1590 135
2862 1557 1565 1552
2863 1552 1563 1556
2864 104 1568 103
2865 1559 1591 1581
2866 127 1573 128
2867 1560 1579 1551
2868 1580 1584 1559
2869 1551 1584 1580
2870 1551 1579 1558
2871 114 1588 1564
2872 120 1569 119
2873 1584 1605 134
2874 134 1605 133
2875 1574 1604 128
2876 129 1604 1572
2877 1590 1615 135
2878 1591 1615 1590
2879 1600 1614 1549
2880 1562 1582 1553
2881 1575 1601 1554
2882 1583 1598 1549
2883 1566 1598 1583
2884 1564 1600 1556
2885 1560 1594 1569
2886 1569 1589 119
2887 1553 1600 1564
2888 1572 1604 1593
2889 1554 1601 1561
2890 1550 1594 1580
2891 1559 1581 1580
2892 1580 1581 1550
2893 132 1601 131
2894 1554 1613 1575
2895 1575 1613 1548
2896 1564 1588 1553
2897 1581 1591 1572
2898 1592 1613 1557
2899 1553 1588 1562
2900 1555 1582 1562
2901 1572 1591 129
2902 1583 1614 1574
2903 130 1618 5
2904 1584 1597 1559
2905 1569 1594 1555
2906 1548 1603 1575
2907 1575 1603 1570
2908 1549 1614 1583
2909 135 1597 134
2910 116 1589 1588
2911 1592 1598 1566
2912 1552 1598 1592
2913 1548 1613 1592
2914 112 1576 111
2915 109 1608 1563
2916 1564 1607 114
2917 1551 1594 1560
2918 106 1577 105
2919 1557 1613 1568
2920 1563 1595 109
2921 1565 1609 108
2922 124 1579 123
2923 126 1578 125
2924 121 1611 1602
2925 1558 1605 1551
2926 108 1595 1565
2927 133 1605 1558
2928 1581 1599 1550
2929 1572 1599 1581
2930 1580 1594 1551
2931 1573 1596 1583
2932 1583 1596 1566
2933 1551 1605 1584
2934 1561 1601 132
2935 1593 1614 1567
2936 1574 1614 1593
2937 132 1587 1561
2938 1568 1613 1554
2939 134 1597 1584
2940 1566 1606 1592
2941 1592 1606 1548
2942 1567 1599 1593
2943 100 1587 99
2944 102 1586 101
2945 129 1591 1590
2946 116 1588 115
2947 118 1589 117
2948 1568 1610 1557
2949 1558 1578 133
2950 1571 1606 1596
2951 1596 1606 1566
2952 1552 1565 1563
2953 1557 1610 1577
2954 1593 1599 1572
2955 135 1615 1597
2956 1563 1576 1556
2957 1556 1576 1564
2958 1561 1586 1554
2959 1557 1577 1565
2960 1555 1589 1569
2961 1586 1619 1554
2962 1577 1609 1565
2963 1585 1618 1617
2964 1562 1589 1555
2965 109 1595 108
2966 1560 1611 1579
2967 1585 1617 1616
2968 1616 1617 1570
2969 1597 1615 1559
2970 1563 1608 1576
2971 1576 1607 1564
2972 1554 1619 1568
2973 1617 1618 130
2974 1568 1619 103
2975 104 1610 1568
2976 1603 1606 1571
2977 1548 1606 1603
2978 120 1602 1569
2979 121 1602 120
2980 1569 1602 1560
2981 1571 1616 1603
2982 1603 1616 1570
2983 1588 1589 1562
2984 1602 1611 1560
2985 1565 1595 1563
2986 111 1608 110
2987 113 1607 112
2988 107 1609 106
2989 105 1610 104
2990 123 1611 122
2991 125 1612 124
2992 103 1619 102
2993 101 1620 100
2994 1576 1608 111
2995 112 1607 1576
2996 1577 1610 105
2997 106 1609 1577
2998 124 1612 1579
2999 1578 1612 125
3000 1579 1611 123
3001 100 1620 1587
3002 1586 1620 101
3003 102 1619 1586
3004 1558 1612 1578
3005 1579 1612 1558
3006 1561 1620 1586
3007 1587 1620 1561
3008 5 1618 127
3009 129 1590 6
2 50000 2 266
3010 1623 1662 1643
3011 148 1647 147
3012 153 1648 152
3013 165 1646 164
3014 162 1645 161
3015 170 1713 1655
3016 1643 1704 1623
3017 1631 1658 1644
3018 1624 1714 1644
3019 1644 1658 1624
3020 1645 1659 161
3021 1655 1713 1642
3022 170 1655 169
3023 1644 1678 1631
3024 144 1651 143
3025 1663 1712 173
3026 148 1682 1647
3027 165 1681 1646
3028 1647 1677 147
3029 1678 1711 156
3030 162 1667 1645
3031 1648 1683 152
3032 153 1669 1648
3033 10 1676 158
3034 181 1676 10
3035 1644 1714 1653
3036 1645 1688 1624
3037 1624 1674 1645
3038 1646 1673 164
3039 1649 1700 1634
3040 1625 1700 1649
3041 138 1652 137
3042 1656 1723 1640
3043 1641 1722 1657
3044 167 1680 1649
3045 1702 1723 1656
3046 1657 1722 1703
3047 150 1679 1650
3048 174 1663 173
3049 1643 1712 1663
3050 1623 1704 1665
3051 1649 1707 1625
3052 1665 1709 1623
3053 1682 1698 1647
3054 1681 1696 1646
3055 163 1673 1667
3056 176 1657 175
3057 142 1656 141
3058 1651 1687 143
3059 1644 1711 1678
3060 1649 1694 167
3061 157 1678 156
3062 1650 1695 150
3063 1663 1704 1643
3064 1657 1686 175
3065 142 1687 1656
3066 1638 1687 1651
3067 1634 1694 1649
3068 1647 1689 1677
3069 1636 1698 1682
3070 1634 1696 1681
3071 144 1684 1651
3072 1651 1684 1637
3073 179 1654 180
3074 1627 1675 1664
3075 1664 1675 1632
3076 1651 1709 1638
3077 1637 1706 1651
3078 161 1659 160
3079 1666 1675 1637
3080 1632 1675 1666
3081 1677 1689 1632
3082 1667 1673 1630
3083 1639 1686 1657
3084 1656 1687 1638
3085 1671 1701 1635
3086 1700 1701 1671
3087 172 1661 171
3088 1653 1691 155
3089 138 1716 1652
3090 1652 1717 137
3091 1621 1697 1685
3092 1662 1725 1643
3093 1695 1710 1636
3094 163 1667 162
3095 146 1666 145
3096 1652 1722 1717
3097 1716 1723 1652
3098 154 1669 153
3099 168 1680 167
3100 151 1679 150
3101 1628 1674 1658
3102 1653 1714 1629
3103 164 1673 163
3104 1665 1704 1639
3105 1685 1697 1648
3106 1659 1674 1628
3107 1629 1691 1653
3108 1654 1715 1628
3109 1628 1720 1659
3110 1630 1672 1668
3111 1668 1672 1629
3112 140 1692 7
3113 8 1693 177
3114 7 1692 139
3115 136 1693 8
3116 1660 1720 1628
3117 152 1683 151
3118 1658 1674 1624
3119 1640 1723 1716
3120 1717 1722 1641
3121 155 1711 1653
3122 1638 1709 1665
3123 151 1683 1679
3124 1650 1710 1695
3125 146 1677 1666
3126 1637 1675 1662
3127 1662 1675 1627
3128 1631 1721 1658
3129 1660 1715 178
3130 1628 1715 1660
3131 1653 1711 1644
3132 1645 1674 1659
3133 172 1712 1661
3134 1661 1713 171
3135 1642 1724 1664
3136 1666 1677 1632
3137 1627 1725 1662
3138 155 1691 154
3139 1690 1696 1621
3140 1624 1688 1668
3141 159 1720 1660
3142 1664 1726 1642
3143 178 1715 179
3144 1633 1705 1655
3145 1664 1724 1627
3146 180 1708 181
3147 176 1718 1657
3148 1656 1719 141
3149 1623 1706 1662
3150 1662 1706 1637
3151 1657 1718 1641
3152 1640 1719 1656
3153 167 1694 166
3154 1646 1696 1690
3155 150 1695 149
3156 179 1715 1654
3157 1666 1684 145
3158 1637 1684 1666
3159 1661 1724 1713
3160 1712 1725 1661
3161 1628 1721 1654
3162 1631 1708 1654
3163 1621 1685 1672
3164 1622 1726 1664
3165 1642 1726 1655
3166 1655 1699 1633
3167 1654 1708 180
3168 160 1720 159
3169 1654 1721 1631
3170 1655 1705 169
3171 1633 1727 1670
3172 1670 1727 1636
3173 1658 1721 1628
3174 1648 1697 1683
3175 1683 1697 1635
3176 1638 1702 1656
3177 1657 1703 1639
3178 1626 1702 1665
3179 1639 1703 1665
3180 1665 1702 1638
3181 1665 1703 1626
3182 1664 1689 1622
3183 1632 1689 1664
3184 181 1708 1676
3185 1629 1714 1668
3186 1631 1728 1676
3187 1679 1701 1650
3188 1635 1701 1679
3189 174 1686 1663
3190 147 1677 146
3191 1663 1686 1639
3192 1680 1707 1649
3193 1633 1707 1680
3194 1678 1728 1631
3195 1669 1691 1629
3196 1660 1729 159
3197 178 1729 1660
3198 1659 1720 160
3199 156 1711 155
3200 154 1691 1669
3201 166 1681 165
3202 149 1682 148
3203 1672 1690 1621
3204 1639 1704 1663
3205 1630 1688 1667
3206 1668 1688 1630
3207 1679 1683 1635
3208 1699 1727 1633
3209 1636 1727 1698
3210 1669 1685 1648
3211 1629 1685 1669
3212 1646 1690 1673
3213 1673 1690 1630
3214 145 1684 144
3215 175 1686 174
3216 143 1687 142
3217 1647 1698 1689
3218 1689 1698 1622
3219 169 1705 168
3220 1667 1688 1645
3221 1681 1694 1634
3222 1682 1695 1636
3223 1671 1697 1621
3224 1635 1697 1671
3225 1671 1696 1634
3226 1621 1696 1671
3227 1672 1685 1629
3228 1634 1700 1671
3229 139 1716 138
3230 137 1717 136
3231 141 1719 140
3232 177 1718 176
3233 1625 1707 1670
3234 1625 1710 1701
3235 1701 1710 1650
3236 1636 1710 1670
3237 1670 1707 1633
3238 1626 1723 1702
3239 1703 1722 1626
3240 171 1713 170
3241 173 1712 172
3242 1625 1701 1700
3243 1630 1690 1672
3244 1680 1705 1633
3245 1668 1714 1624
3246 1670 1710 1625
3247 9 1729 178
3248 159 1729 9
3249 1713 1724 1642
3250 1643 1725 1712
3251 1661 1725 1724
3252 1724 1725 1627
3253 158 1728 157
3254 1676 1708 1631
3255 168 1705 1680
3256 166 1694 1681
3257 149 1695 1682
3258 1655 1726 1699
3259 1706 1709 1651
3260 1623 1709 1706
3261 1676 1728 158
3262 140 1719 1692
3263 1693 1718 177
3264 136 1717 1693
3265 1692 1716 139
3266 1722 1723 1626
3267 1652 1723 1722
3268 157 1728 1678
3269 1640 1716 1692
3270 1693 1717 1641
3271 1641 1718 1693
3272 1692 1719 1640
3273 1698 1727 1622
3274 1622 1727 1699
3275 1699 1726 1622
2 20 2 2824
3276 2374 2625 1939
3277 2710 2730 2070
3278 1930 2342 1931
3279 1961 2678 2482
3280 2375 2434 2089
3281 2102 2434 2375
3282 2115 2401 2288
3283 2711 3019 2508
3284 2128 2669 2326
3285 2070 2730 2419
3286 2061 2528 2274
3287 2003 2711 2508
3288 2381 2490 1943
3289 2760 2936 1880
3290 1889 2302 1888
3291 2275 2528 2061
3292 2339 2492 1981
3293 2084 2372 2360
3294 2090 2376 2362
3295 2363 2622 1984
3296 2257 2520 2069
3297 2076 2925 2745
3298 2158 2647 2368
3299 2376 2859 2063
3300 2090 2542 2487
3301 2322 2395 2111
3302 2047 2975 2577
3303 2859 2939 2063
3304 2035 2921 2836
3305 2536 2563 1987
3306 1946 2686 2462
3307 2462 2686 2237
3308 2380 2761 2055
3309 2335 3067 2040
3310 2289 3067 2335
3311 2061 2450 2275
3312 2034 2589 2264
3313 2200 2812 2401
3314 2482 2678 2033
3315 2356 2520 1867
3316 245 2564 2265
3317 2577 2975 2294
3318 2157 2881 2733
3319 2052 2958 2320
3320 2812 3065 2401
3321 2559 2804 1983
3322 2761 3053 2055
3323 2070 2504 2258
3324 2381 2953 2490
3325 2274 2709 2061
3326 2135 2709 2274
3327 2037 2613 2269
3328 2396 2406 2099
3329 2079 2406 2396
3330 2386 2437 1933
3331 2285 3138 2081
3332 2359 2804 2216
3333 2077 2804 2359
3334 2442 2908 2032
3335 2379 2783 2253
3336 2119 2868 2588
3337 2836 3190 2035
3338 2268 2791 2482
3339 2132 2500 2312
3340 2449 2631 2001
3341 1733 2431 2290
3342 2482 2791 1961
3343 2363 2835 2622
3344 2264 2496 2034
3345 2253 3072 2379
3346 1895 2380 1894
3347 1914 2794 2321
3348 2094 2561 1974
3349 2072 2549 2407
3350 2407 2549 2156
3351 2341 2405 1991
3352 2079 2405 2341
3353 2360 2372 2064
3354 2342 2744 1931
3355 2069 2613 2257
3356 1979 2406 2340
3357 2340 2406 2079
3358 2320 2556 2052
3359 2122 2556 2320
3360 1981 2816 2409
3361 2357 2545 2047
3362 2129 2545 2357
3363 223 2408 222
3364 2338 2449 2001
3365 2408 2768 222
3366 2428 2868 2119
3367 1983 2804 2451
3368 2348 2383 1968
3369 2492 2816 1981
3370 2076 2745 2444
3371 2362 2376 2063
3372 2118 2451 2421
3373 2421 2451 2077
3374 2079 3175 2340
3375 2341 3175 2079
3376 2273 2668 1871
3377 2320 2958 2789
3378 2277 2761 1896
3379 2487 2542 2169
3380 2125 2422 2313
3381 2096 2960 2294
3382 2058 2470 2281
3383 2340 2410 1979
3384 2167 2461 2318
3385 2339 2673 2039
3386 2304 2521 1859
3387 2062 3178 2338
3388 2464 2785 2166
3389 2348 3178 2062
3390 2155 2711 2334
3391 2262 2785 2464
3392 2674 2837 1733
3393 2368 2647 2036
3394 2060 3008 2290
3395 2356 2429 2069
3396 2156 2429 2356
3397 2258 2582 2070
3398 2062 3186 2348
3399 2190 2560 2558
3400 2265 2924 245
3401 2311 2424 2068
3402 2430 2685 1950
3403 2084 2739 2610
3404 1939 2783 2379
3405 1881 2760 1880
3406 1989 2547 2365
3407 2365 2547 2130
3408 1935 2725 2414
3409 1859 2837 2304
3410 2313 2422 2010
3411 2280 2582 2036
3412 2187 2548 2547
3413 1935 2414 1936
3414 2177 2591 2038
3415 2105 2666 2581
3416 2669 2792 2326
3417 1987 2563 2301
3418 2032 2689 2442
3419 2002 2591 2177
3420 2118 3022 2282
3421 2039 3147 2339
3422 251 2577 2294
3423 2494 2580 2077
3424 1895 2761 2380
3425 2308 2446 2071
3426 2618 2811 2170
3427 2316 2738 2028
3428 2457 2869 2656
3429 1973 2453 2300
3430 2269 2562 2037
3431 2430 3084 2685
3432 2188 2544 2009
3433 2139 2625 2374
3434 2059 2554 2392
3435 2080 2993 2289
3436 1978 2934 2101
3437 2272 2611 2112
3438 2323 2840 1957
3439 2305 2521 2083
3440 1896 2715 2277
3441 2423 2998 1874
3442 1863 2845 2558
3443 1913 2794 1914
3444 2342 2419 2150
3445 2070 2419 2342
3446 2112 2619 2272
3447 2289 2912 2080
3448 2031 2608 2384
3449 2495 2848 2127
3450 2486 2765 2266
3451 1940 2765 2486
3452 1871 2799 2273
3453 2635 2673 2339
3454 2517 2783 2142
3455 2334 2711 2003
3456 2274 2629 2135
3457 1930 2504 2342
3458 2290 3008 2674
3459 2547 2548 2130
3460 2274 2818 2763
3461 2493 2905 1951
3462 2081 3138 2433
3463 2100 2509 2219
3464 2596 2780 2176
3465 2278 2936 2760
3466 2544 3169 2009
3467 2558 2560 2136
3468 2608 3156 2384
3469 2420 2425 2099
3470 2388 2473 2125
3471 2763 2818 2145
3472 1946 2912 2335
3473 2253 2783 2517
3474 2457 2656 2197
3475 2015 3120 2875
3476 1870 2407 1869
3477 2064 2437 2386
3478 2290 2836 2060
3479 2307 2462 2120
3480 1992 2549 2314
3481 2885 3131 2081
3482 2170 2631 2449
3483 2243 2848 2495
3484 2077 2580 2421
3485 2068 2480 2311
3486 2168 2563 2536
3487 2104 2414 2002
3488 2178 2907 2347
3489 1875 2423 1874
3490 2081 3131 2417
3491 2874 2962 2087
3492 2106 2683 2623
3493 1970 2692 2350
3494 2505 2512 2172
3495 2012 2512 2505
3496 1863 2558 1862
3497 2201 2584 2011
3498 2385 2469 1976
3499 2350 2696 1970
3500 2456 3229 2538
3501 2011 2584 2175
3502 2285 2598 1980
3503 2171 2526 2460
3504 2374 2570 2028
3505 2133 2570 2374
3506 2268 2622 2590
3507 2590 2622 2127
3508 1867 2520 1866
3509 2456 2538 2133
3510 1933 2437 1934
3511 2086 2425 2420
3512 2439 2500 2132
3513 1943 2500 2439
3514 2301 2489 1987
3515 2441 2863 1982
3516 2317 2676 1979
3517 2288 2649 2115
3518 1941 2649 2288
3519 1753 2309 1752
3520 2281 2575 2058
3521 2010 2599 2313
3522 2313 2599 2115
3523 2036 2647 2280
3524 1939 2795 2374
3525 2219 2509 2013
3526 2294 2975 2096
3527 2298 2991 2039
3528 2506 2960 2096
3529 2325 2688 2026
3530 2237 2686 2602
3531 2863 2888 1982
3532 2396 2472 2079
3533 1963 2546 2355
3534 2355 2546 2116
3535 2371 2995 2211
3536 2282 2586 2118
3537 2242 2758 2615
3538 1974 2762 2094
3539 2610 2739 2217
3540 2107 2483 2405
3541 2405 2483 1991
3542 2286 2655 2113
3543 2183 2922 2330
3544 2338 2540 2062
3545 2270 2905 2493
3546 2146 2793 2477
3547 2079 2472 2405
3548 2280 2830 2807
3549 2048 2456 2379
3550 2308 2962 2874
3551 2372 2621 2064
3552 2788 2867 2085
3553 2406 2420 2099
3554 2511 3120 2015
3555 2357 2760 1882
3556 2233 2726 2474
3557 2474 2726 1971
3558 2367 2937 2090
3559 1996 2494 2359
3560 2391 2443 2163
3561 2046 2443 2391
3562 1959 2438 2361
3563 2083 2901 2305
3564 2063 2939 2476
3565 2476 2939 2310
3566 2477 2793 2609
3567 1932 2386 1933
3568 1918 2856 2662
3569 1976 2469 2345
3570 2345 2469 2088
3571 2339 2943 2492
3572 2402 2800 1957
3573 1967 2571 2460
3574 2460 2571 2171
3575 2426 2912 1946
3576 2535 2934 1978
3577 2483 2881 2157
3578 2093 2658 2287
3579 2135 2629 2522
3580 2382 2853 2193
3581 2500 2796 2312
3582 2237 2653 2462
3583 2122 2689 2556
3584 2556 2689 2266
3585 2554 2972 2392
3586 2318 2778 2167
3587 2871 3079 2436
3588 1806 2315 1805
3589 2034 2496 2349
3590 2080 2441 2367
3591 2629 2931 2522
3592 226 2364 225
3593 2112 2758 2423
3594 2172 2512 2403
3595 2403 2512 1961
3596 2304 2519 2083
3597 2314 2492 2095
3598 2113 2572 2286
3599 1972 2913 2371
3600 2083 2521 2304
3601 2463 2995 2371
3602 2085 2882 2788
3603 2116 2559 2458
3604 2116 2458 2355
3605 2355 2458 2041
3606 2623 2683 2229
3607 2081 2598 2285
3608 2115 2600 2401
3609 2602 2686 2126
3610 2329 2627 2108
3611 2071 2962 2308
3612 2371 2913 2056
3613 2360 2932 1994
3614 2733 2881 2228
3615 2577 3158 2047
3616 1979 2420 2406
3617 1980 2626 2285
3618 2096 2895 2295
3619 2171 2780 2526
3620 2282 3050 2476
3621 2150 2620 2386
3622 2386 2620 2064
3623 2287 2592 2093
3624 1999 2789 2485
3625 2335 2912 2289
3626 2347 2907 2524
3627 2108 2814 2329
3628 2347 2796 2178
3629 2473 3017 2125
3630 2326 2792 2091
3631 1969 3079 2871
3632 2354 2474 2025
3633 2694 3044 2065
3634 2150 2744 2342
3635 2291 2914 1950
3636 2288 2809 1941
3637 2518 2840 2323
3638 1957 2524 2323
3639 2367 2993 2080
3640 2268 2823 2791
3641 2011 2569 2484
3642 1953 2434 2427
3643 2427 2434 2102
3644 1950 2685 2291
3645 2290 2674 1733
3646 2166 2785 2403
3647 2490 2953 2234
3648 2789 3221 2485
3649 2134 2688 2325
3650 1903 2373 1904
3651 2807 2830 1964
3652 2424 2660 1991
3653 2175 2499 2011
3654 2441 2937 2367
3655 2085 2867 2452
3656 2154 2772 2333
3657 2295 2667 2096
3658 2340 3175 3053
3659 1889 2805 2302
3660 2405 2472 2107
3661 2004 2819 2493
3662 2493 2819 2270
3663 2496 3160 2349
3664 2198 2601 2575
3665 2615 2758 2017
3666 2403 2791 2166
3667 2027 2503 2415
3668 2552 2728 1942
3669 2279 2728 2552
3670 2407 2668 2072
3671 2139 3156 2608
3672 2114 2543 2448
3673 2448 2543 2142
3674 2091 3080 2326
3675 1797 2324 1796
3676 2581 2666 2183
3677 2326 2643 2128
3678 2464 2724 2262
3679 2146 2724 2464
3680 2140 3160 2496
3681 2234 2736 2490
3682 2490 2736 2082
3683 2001 2540 2338
3684 1957 2800 2628
3685 2129 2893 2344
3686 2170 2811 2530
3687 2242 2998 2423
3688 2427 2854 1953
3689 2233 2854 2427
3690 2091 2853 2382
3691 2621 2929 2064
3692 2100 2822 1976
3693 2094 2985 2561
3694 2237 3079 2653
3695 2334 2825 2155
3696 2340 3053 2410
3697 1993 2463 2371
3698 2379 2456 2133
3699 2302 2732 2131
3700 2399 2550 2098
3701 2294 2960 251
3702 1949 2751 2442
3703 2442 2751 2205
3704 2764 2904 2089
3705 1970 2867 2692
3706 2089 2904 2454
3707 2039 2707 2298
3708 2065 3213 2328
3709 1860 2837 1859
3710 1733 2837 1860
3711 2609 2758 2112
3712 2606 2914 2291
3713 2662 2856 2249
3714 2316 2965 2738
3715 2347 3172 2796
3716 2381 2522 2043
3717 2135 2522 2381
3718 1747 2331 1746
3719 1749 2332 1748
3720 2642 2794 1912
3721 2069 2520 2356
3722 2433 3222 2850
3723 2314 2551 1992
3724 2300 2694 1973
3725 2425 2576 1988
3726 1870 2668 2407
3727 2347 2524 1957
3728 2124 2890 1986
3729 2342 2504 2070
3730 2834 3175 2341
3731 1947 2532 2397
3732 2397 2532 2114
3733 2302 2654 1888
3734 2548 2806 1926
3735 2528 2778 1965
3736 2275 2778 2528
3737 2090 2487 2367
3738 2396 2612 1950
3739 2424 3188 2660
3740 1955 2771 2345
3741 2330 2987 2183
3742 2096 2975 2358
3743 2447 2596 2085
3744 2092 2705 2460
3745 2131 2654 2302
3746 2089 2802 2764
3747 1976 2509 2100
3748 2745 2925 2246
3749 2476 2586 2282
3750 2354 2585 1953
3751 2718 2873 2276
3752 2443 2730 2163
3753 2314 2549 2072
3754 2051 2871 2436
3755 2637 2708 2239
3756 2600 2888 2401
3757 2454 2748 2209
3758 1945 2748 2454
3759 2328 2966 2065
3760 2433 2850 2206
3761 2095 2551 2314
3762 2026 2703 2325
3763 2399 3089 2550
3764 2359 3098 1996
3765 2575 2601 2058
3766 2478 2705 2092
3767 1743 2336 1742
3768 2333 2831 2154
3769 2177 2468 2002
3770 2367 2487 1985
3771 2103 2996 2799
3772 2333 2772 1978
3773 2085 2596 2471
3774 2620 2932 2360
3775 2120 2640 2325
3776 2325 2640 1956
3777 2449 3178 2074
3778 2338 3178 2449
3779 2062 2540 2435
3780 1977 2473 2388
3781 1968 2716 2348
3782 2345 2918 1955
3783 2359 2494 2077
3784 2002 2468 2104
3785 2387 2610 1942
3786 2471 2882 2085
3787 2330 2922 2535
3788 2325 2700 2134
3789 1956 2700 2325
3790 2333 2721 2024
3791 1988 2576 2538
3792 2350 2962 2071
3793 1979 2676 2420
3794 2153 3169 2544
3795 2559 3037 2458
3796 2360 2739 2084
3797 1950 2472 2396
3798 1925 2735 2548
3799 2352 2927 237
3800 2421 3022 2118
3801 2696 2959 1970
3802 2382 3080 2091
3803 2345 2509 1976
3804 2120 2703 2307
3805 2362 2542 2090
3806 2514 2874 2087
3807 2368 2824 2158
3808 2676 3126 2251
3809 2198 2575 2337
3810 2476 3050 2063
3811 2370 2560 2190
3812 2090 2937 2376
3813 2361 2736 1959
3814 2546 2639 2116
3815 2414 2725 2161
3816 2443 3021 2730
3817 2538 3229 1988
3818 1950 2612 2430
3819 1951 2905 2353
3820 2310 2669 2128
3821 2434 2802 2089
3822 2107 2914 2606
3823 2330 2535 1978
3824 1932 2744 2386
3825 2187 2547 2368
3826 2128 2729 2310
3827 2205 2908 2442
3828 1882 2760 1881
3829 1925 2548 1926
3830 1984 2909 2117
3831 2298 3208 2991
3832 221 2768 2475
3833 2372 2852 1954
3834 1929 2504 1930
3835 2417 3218 2832
3836 2791 2823 2166
3837 2484 2569 2138
3838 2383 2901 2083
3839 1969 2719 2343
3840 1942 2990 2387
3841 2447 2452 2123
3842 2320 2944 2122
3843 2597 2637 1905
3844 1843 2346 1844
3845 2286 2974 2655
3846 2115 2649 2313
3847 2312 2718 2132
3848 1882 2684 2357
3849 2089 2675 2375
3850 2005 2780 2596
3851 244 2411 243
3852 2085 2452 2447
3853 2173 2708 2637
3854 2209 2675 2454
3855 2048 3136 2456
3856 2313 2677 2125
3857 2796 3172 2040
3858 2348 3186 2383
3859 1920 2413 1921
3860 1951 2968 2493
3861 2852 2884 1954
3862 2072 2816 2314
3863 2546 2876 2639
3864 2376 2937 1982
3865 2417 2832 2210
3866 2318 3090 2778
3867 2321 2648 1914
3868 2091 2792 2422
3869 237 2633 2352
3870 2059 3091 2389
3871 2389 3091 2265
3872 1942 3189 2990
3873 1984 2833 2363
3874 1912 2794 1913
3875 2426 2812 2200
3876 2991 3208 2377
3877 2337 2956 2198
3878 2195 2837 2674
3879 1979 2687 2317
3880 2385 2591 1954
3881 247 2906 2329
3882 2617 2650 2106
3883 2326 3080 2643
3884 2414 3177 2002
3885 2655 2974 2029
3886 1859 2521 1858
3887 232 2746 231
3888 3053 3175 2055
3889 2103 2799 2533
3890 2028 3015 2316
3891 222 2768 221
3892 2364 2527 225
3893 2536 2697 2168
3894 2063 3050 2362
3895 2291 2994 2606
3896 2583 2839 2272
3897 2215 2890 2124
3898 2040 2566 2335
3899 2165 2510 2408
3900 2193 2657 2382
3901 2478 2810 2014
3902 2101 3036 1978
3903 2003 2617 2334
3904 2334 2617 2106
3905 2411 2930 2214
3906 1899 2240 1900
3907 2065 2966 2694
3908 2155 2825 2321
3909 2111 2644 2322
3910 2171 2661 2578
3911 2235 2561 2493
3912 2358 2895 2096
3913 1911 2642 1912
3914 2435 2753 1734
3915 2181 2753 2435
3916 1861 2431 1733
3917 2117 2909 2202
3918 2055 3175 2834
3919 1937 2467 1731
3920 2837 2866 2304
3921 2668 3200 2072
3922 231 2238 230
3923 2178 2796 2500
3924 2116 2639 2559
3925 2559 2639 2216
3926 2300 3044 2694
3927 2375 3113 2102
3928 2119 2633 2399
3929 2047 2545 2358
3930 2321 2794 2155
3931 2394 2532 1947
3932 2015 2657 2511
3933 2511 2657 2193
3934 2660 2834 2341
3935 1969 2871 2719
3936 2832 3218 2287
3937 2426 3211 2812
3938 2110 2839 2583
3939 2106 2623 2334
3940 2334 2623 2030
3941 2456 3136 2292
3942 2247 2979 2430
3943 2430 2979 2053
3944 2697 2784 2168
3945 2389 2626 1980
3946 2328 3213 2539
3947 2301 3048 2933
3948 1878 2583 1877
3949 1829 2369 1830
3950 2205 2751 2351
3951 2120 2653 2343
3952 2343 2653 1969
3953 2515 2950 1968
3954 2368 2547 1989
3955 1986 2800 2402
3956 2125 3181 2388
3957 2366 2592 1948
3958 2353 2956 1951
3959 2198 2956 2353
3960 1985 2873 2718
3961 2220 2650 2617
3962 2825 2858 2321
3963 2176 2578 2530
3964 2530 2578 2019
3965 1980 3182 2389
3966 2243 2673 2607
3967 2607 2673 2121
3968 2350 2692 2087
3969 2325 2703 2120
3970 1907 2446 1908
3971 2151 2678 2012
3972 2134 2603 2501
3973 2293 2950 2515
3974 4 2646 229
3975 2875 3120 2256
3976 2034 2945 2589
3977 2030 2858 2825
3978 2850 3222 2295
3979 2335 3128 1946
3980 252 2577 251
3981 1761 2378 1760
3982 2035 2727 2365
3983 3135 3223 2361
3984 2277 3053 2761
3985 2408 2510 2110
3986 2461 2679 2318
3987 2084 2852 2372
3988 2684 2893 2129
3989 2087 2962 2350
3990 2482 2622 2268
3991 2786 3198 2601
3992 2643 3080 1958
3993 2191 2822 2100
3994 2564 2814 2108
3995 2438 3135 2361
3996 2088 2918 2345
3997 2232 3019 2711
3998 2329 2814 247
3999 1989 2560 2370
4000 2024 2829 2333
4001 2025 2961 2354
4002 2098 2579 2428
4003 2810 3112 2014
4004 2386 2744 2150
4005 2836 2921 2241
4006 2371 2879 1993
4007 2056 2879 2371
4008 1954 2621 2372
4009 1982 2937 2441
4010 2000 2585 2354
4011 226 2713 2364
4012 2110 2583 2475
4013 2403 2785 2045
4014 2371 3004 1972
4015 2195 2866 2837
4016 1911 3034 2642
4017 2354 2961 2000
4018 2030 2825 2334
4019 1978 2772 2330
4020 3104 3171 2121
4021 2351 3149 2880
4022 2059 2930 2411
4023 1981 2635 2339
4024 1924 2735 1925
4025 235 2444 234
4026 1978 2721 2333
4027 2137 3052 1990
4028 2525 2666 2105
4029 2583 3144 1877
4030 1896 2761 1895
4031 1957 2628 2347
4032 2398 3216 2279
4033 2358 2975 2047
4034 1961 2791 2403
4035 2343 2640 2120
4036 2237 2602 2436
4037 1991 2660 2341
4038 2351 3179 2205
4039 2301 2933 2489
4040 2317 3126 2676
4041 1992 2551 2398
4042 2209 2923 2675
4043 2117 2833 1984
4044 2603 3161 2501
4045 2454 2675 2089
4046 2113 2715 2572
4047 2176 2780 2578
4048 2200 2863 2426
4049 2426 2863 2080
4050 2379 3072 2048
4051 1986 2827 2124
4052 2279 3196 2398
4053 1887 2557 1886
4054 2389 2554 2059
4055 1988 2878 2425
4056 2418 2683 2106
4057 2488 2742 2008
4058 2192 2742 2488
4059 1989 2824 2368
4060 2398 3196 2691
4061 2555 2643 2203
4062 2128 2643 2555
4063 2880 3121 2351
4064 2356 3030 2156
4065 228 2505 227
4066 2064 2620 2360
4067 2606 2994 2020
4068 2691 3196 2046
4069 1985 2993 2367
4070 2211 3004 2371
4071 2918 3134 1955
4072 2505 2713 227
4073 2099 2612 2396
4074 1916 2459 1917
4075 2385 2884 2469
4076 2057 2634 2240
4077 2013 2771 2363
4078 2363 2771 1955
4079 1992 3035 2549
4080 2497 2576 2086
4081 2149 2576 2497
4082 2064 2929 2437
4083 2322 2844 2395
4084 2402 2827 1986
4085 2990 3189 2377
4086 2344 2741 2129
4087 2037 3107 2370
4088 2345 2771 2509
4089 2009 2749 2343
4090 2012 2541 2151
4091 2216 2641 2359
4092 246 2564 245
4093 237 2927 236
4094 2343 2719 2009
4095 1903 2855 2373
4096 2656 2869 2179
4097 2453 2545 2129
4098 2546 2733 2228
4099 1963 2733 2546
4100 2735 2766 2130
4101 2024 2721 2143
4102 2095 2943 2728
4103 2319 2766 2735
4104 1998 2586 2476
4105 1942 2610 2552
4106 2373 2597 1904
4107 2496 2740 2140
4108 3011 3196 2552
4109 2212 2541 2012
4110 2585 2802 1953
4111 2180 2913 2057
4112 2503 2903 2415
4113 2113 3203 2715
4114 1922 2828 2695
4115 2144 2580 2494
4116 2102 2989 2486
4117 2071 2696 2350
4118 2045 2785 2574
4119 2574 2785 2262
4120 1955 2835 2363
4121 1953 2854 2354
4122 2251 3163 2676
4123 2036 2955 2368
4124 2368 2955 2187
4125 2357 2684 2129
4126 2329 2911 2627
4127 1871 2668 1870
4128 2142 2543 2517
4129 2517 2543 1995
4130 1987 2731 2349
4131 2349 2732 2034
4132 2370 2957 2037
4133 2190 2957 2370
4134 2433 2885 2081
4135 2206 2885 2433
4136 2349 3160 1987
4137 2038 2591 2385
4138 1952 2811 2618
4139 2415 3169 2027
4140 2103 2615 2614
4141 2614 2615 2271
4142 1984 2622 2482
4143 2770 2935 2203
4144 2050 2499 2175
4145 2365 3111 1989
4146 2552 3196 2279
4147 2105 2581 2397
4148 1867 3030 2356
4149 2410 2687 1979
4150 2045 2842 2364
4151 2243 2707 2673
4152 2173 2637 2597
4153 2622 2835 2127
4154 2397 2581 1947
4155 2214 2883 2411
4156 2558 2845 2190
4157 2355 2740 1963
4158 2353 2786 2198
4159 2905 3202 2353
4160 2435 2540 2181
4161 2384 3031 2031
4162 2719 2871 2078
4163 1901 2634 2393
4164 2499 2569 2011
4165 2041 3207 2355
4166 2306 3171 3104
4167 2398 3058 1992
4168 1952 2618 2418
4169 2122 2567 2442
4170 2442 2567 1949
4171 2169 2873 2487
4172 2583 3199 2475
4173 2603 2699 2049
4174 2236 2699 2603
4175 2566 2628 2126
4176 2198 2786 2601
4177 2409 2614 1981
4178 2047 3158 2357
4179 2713 2862 2364
4180 2023 2616 2479
4181 2479 2616 2144
4182 2290 3190 2836
4183 1994 2739 2360
4184 2114 2645 2397
4185 2246 2949 2491
4186 2000 2961 2223
4187 2460 2526 2092
4188 1990 3052 2518
4189 2913 3014 2057
4190 2493 2968 2235
4191 2778 3090 1965
4192 2179 2869 2498
4193 2423 3046 2112
4194 2163 2807 2391
4195 2391 2807 1964
4196 2203 2935 2555
4197 2395 2722 2111
4198 2174 2608 2498
4199 2498 2608 2031
4200 2364 2862 2045
4201 2657 3133 2382
4202 1900 2634 1901
4203 2511 2579 2098
4204 2240 2902 2057
4205 2673 2707 2039
4206 2363 2833 2013
4207 2130 2766 2365
4208 2380 2693 1894
4209 2428 2579 1977
4210 2647 2830 2280
4211 2880 3149 1993
4212 2516 3202 2076
4213 2362 3206 2542
4214 2353 3202 2516
4215 1769 2416 1768
4216 2388 3132 1977
4217 1999 2708 2481
4218 2481 2708 2173
4219 2365 2766 2035
4220 2302 2945 2732
4221 1948 3042 2366
4222 2037 3114 2613
4223 2660 3188 2152
4224 2855 2997 2373
4225 2542 3206 1938
4226 2102 3113 2989
4227 2004 2226 2185
4228 2578 2661 2019
4229 2374 2773 2139
4230 2028 2773 2374
4231 2246 3215 2949
4232 2462 3211 1946
4233 2307 3211 2462
4234 2098 3142 2399
4235 2400 2845 1864
4236 2259 3133 2657
4237 2026 3065 2812
4238 2012 2678 2512
4239 1954 2591 2531
4240 2027 3169 2153
4241 2394 3057 2532
4242 1995 3007 2931
4243 2024 2534 2244
4244 2235 3078 2561
4245 2086 2576 2425
4246 2590 2823 2268
4247 2031 2702 2498
4248 2498 2702 2179
4249 2094 2762 2196
4250 2370 2824 1989
4251 2213 3209 2573
4252 2106 2650 2418
4253 2659 2737 2197
4254 2933 3209 2213
4255 2491 2746 232
4256 2223 2961 2147
4257 2421 2580 1938
4258 2278 3158 2577
4259 2152 2693 2380
4260 1956 2749 2415
4261 1998 2790 2586
4262 2551 3216 2398
4263 2043 2953 2381
4264 2187 2806 2548
4265 2374 2795 2133
4266 2752 2873 2169
4267 2458 3167 2041
4268 2283 3167 2458
4269 1920 2801 2413
4270 1988 2986 2878
4271 2009 2719 2188
4272 2265 3002 2389
4273 1784 2432 1783
4274 1968 2950 2716
4275 2240 2634 1900
4276 2385 2822 2038
4277 1976 2822 2385
4278 2378 2712 2109
4279 2532 3057 2255
4280 2400 2957 2190
4281 2172 2713 2505
4282 2636 2995 2897
4283 2173 2803 2481
4284 2188 2719 2078
4285 2211 2995 2636
4286 2788 2882 2220
4287 1982 2859 2376
4288 2005 2596 2447
4289 2111 2972 2554
4290 2492 2943 2095
4291 2728 2943 2296
4292 2133 2795 2379
4293 2411 2883 243
4294 2082 2907 2490
4295 2457 2900 2007
4296 2790 3003 2586
4297 2143 2534 2024
4298 2391 2691 2046
4299 2415 2903 1956
4300 2383 2910 1968
4301 2182 2225 2006
4302 2602 2800 1986
4303 2224 2999 2513
4304 2394 2717 2154
4305 1947 2717 2394
4306 2381 2755 2135
4307 1943 2755 2381
4308 2260 2884 2852
4309 250 2506 249
4310 2399 3142 2119
4311 2610 3205 2084
4312 2187 2955 2404
4313 2639 2641 2216
4314 2020 2641 2639
4315 2112 2611 2477
4316 2700 2903 2236
4317 2401 3065 2288
4318 2147 2961 2025
4319 2379 2795 1939
4320 2102 2706 2427
4321 2387 3205 2610
4322 2276 3201 2718
4323 2703 2812 2307
4324 2026 2812 2703
4325 1907 3000 2446
4326 2589 2945 2248
4327 1883 2684 1882
4328 2604 2970 2093
4329 1997 2839 2510
4330 1738 2440 1737
4331 2159 2679 2461
4332 2204 2787 2508
4333 2508 2787 2003
4334 2055 2834 2380
4335 2380 2834 2152
4336 2393 3085 1901
4337 2057 2902 2440
4338 2557 3001 1886
4339 3018 3226 1964
4340 2083 3066 2383
4341 2430 2612 2247
4342 2436 2602 1986
4343 2538 2576 2149
4344 2803 3210 2481
4345 2403 2862 2172
4346 2045 2862 2403
4347 2869 3187 2498
4348 2001 2815 2540
4349 1964 3226 2775
4350 1990 3223 3135
4351 2110 2768 2408
4352 1864 2926 2400
4353 2598 2843 1980
4354 2799 2996 2273
4355 1982 2888 2600
4356 1954 2884 2385
4357 2538 2570 2133
4358 2149 2570 2538
4359 2543 3007 1995
4360 2412 3204 1970
4361 1948 3131 2539
4362 2539 3131 2328
4363 2016 3198 2786
4364 1939 2625 2553
4365 2553 2625 2174
4366 2021 2832 2658
4367 2658 2832 2287
4368 2496 2992 2740
4369 1996 2777 2494
4370 2524 3157 2323
4371 2082 3157 2524
4372 1927 2806 2404
4373 223 2723 2408
4374 1946 3211 2426
4375 2291 3145 2994
4376 2125 3017 2422
4377 2208 2997 2855
4378 2695 2828 2241
4379 2526 2780 2005
4380 2172 2862 2713
4381 2582 3124 2036
4382 2223 3220 2000
4383 2222 2841 2516
4384 2516 2841 2016
4385 2481 2813 1999
4386 2186 2813 2481
4387 2392 2930 2059
4388 2448 2645 2114
4389 2736 3049 1959
4390 1822 2238 1821
4391 1776 2445 1775
4392 2439 2755 1943
4393 238 2633 237
4394 2404 3055 1927
4395 2016 2841 2588
4396 1964 2775 2391
4397 2163 2730 2710
4398 2732 2945 2034
4399 2418 2650 1952
4400 2121 2673 2635
4401 1898 2572 1897
4402 1736 2240 1735
4403 2571 2661 2171
4404 2812 3211 2307
4405 2407 2701 1869
4406 3064 3181 2058
4407 2311 3188 2424
4408 2119 3142 2428
4409 2099 2878 2612
4410 2126 3128 2566
4411 2027 2315 2196
4412 2513 3039 2224
4413 2308 3137 2446
4414 2393 2634 2057
4415 2154 3174 2394
4416 2052 2872 2412
4417 2204 2867 2788
4418 2299 2773 2738
4419 2738 2773 2028
4420 2446 3000 2239
4421 2493 2561 2004
4422 2156 2701 2407
4423 2476 2729 1998
4424 225 2527 224
4425 2635 3225 3104
4426 2174 2767 2553
4427 2066 2916 2746
4428 2397 2900 2105
4429 1905 2637 1906
4430 2109 3220 2223
4431 2305 2983 2521
4432 2529 2585 2000
4433 2199 2585 2529
4434 2402 2840 2018
4435 2284 2970 2604
4436 2260 3086 2469
4437 2469 3086 2088
4438 2662 2742 2192
4439 2249 2742 2662
4440 2566 3172 2628
4441 2603 2700 2236
4442 2420 2676 2086
4443 2686 3128 2126
4444 2239 2708 2485
4445 2442 2689 2122
4446 2449 2618 2170
4447 2057 3014 2393
4448 2472 2914 2107
4449 1950 2914 2472
4450 2471 2596 2176
4451 2414 3077 1936
4452 2054 3121 2880
4453 2408 2723 2165
4454 2078 2871 2324
4455 2053 3084 2430
4456 2118 2747 2451
4457 1962 2569 2499
4458 1873 2533 1872
4459 2490 2907 2860
4460 2764 2802 2199
4461 2841 3165 2588
4462 2801 2952 2413
4463 1916 2757 2459
4464 2418 3154 2683
4465 2683 3154 2074
4466 2422 3017 2091
4467 2417 3110 2081
4468 2104 3077 2414
4469 2185 2819 2004
4470 2611 2839 1997
4471 2635 3104 2121
4472 2424 3141 2068
4473 2196 2762 2027
4474 2411 3091 2059
4475 2199 2802 2585
4476 248 2906 247
4477 2190 2845 2400
4478 2512 2678 1961
4479 2401 2888 2200
4480 1947 2987 2717
4481 2428 3142 2098
4482 2232 2711 2642
4483 2642 2711 2155
4484 2018 2827 2402
4485 2455 2666 1962
4486 2183 2666 2455
4487 2513 2989 2261
4488 1940 2989 2513
4489 2746 2916 2238
4490 2722 3148 1958
4491 1957 2840 2402
4492 2087 2692 2508
4493 2323 3223 2518
4494 2518 3223 1990
4495 2471 2811 1952
4496 2176 2811 2471
4497 2123 2690 2447
4498 2306 2793 2759
4499 2759 2793 2146
4500 2049 3161 2603
4501 2477 2609 2112
4502 2489 2731 1987
4503 2933 3048 2042
4504 2429 3164 2069
4505 1820 2466 1819
4506 1816 2465 1815
4507 2531 2621 1954
4508 2446 3137 1908
4509 2477 2611 1997
4510 2007 2645 2448
4511 1970 3204 2452
4512 2404 2806 2187
4513 2615 3183 2242
4514 2388 3181 3064
4515 2322 3219 2844
4516 2437 2725 1934
4517 2218 2705 2478
4518 2067 2819 2185
4519 2112 3046 2619
4520 2263 2896 2781
4521 1990 3040 2137
4522 2419 2730 1994
4523 242 2698 241
4524 2486 2706 2102
4525 1970 2959 2412
4526 2412 2958 2052
4527 2717 2987 2330
4528 2469 2884 2260
4529 2531 2591 2002
4530 1968 2910 2515
4531 2162 2919 2826
4532 2395 3148 2722
4533 1959 2831 2829
4534 2138 2737 2659
4535 2193 2579 2511
4536 2121 3171 2607
4537 2612 2878 2247
4538 2692 2867 2204
4539 1991 2743 2424
4540 1888 2654 1887
4541 2025 2309 2147
4542 2148 2309 2025
4543 2304 2866 2519
4544 2829 2831 2333
4545 2008 2866 2488
4546 2488 2866 2195
4547 2389 3002 2626
4548 2184 3092 2067
4549 1887 2654 2557
4550 1890 2805 1889
4551 2443 3011 2217
4552 2046 3011 2443
4553 1999 2813 2789
4554 2789 2813 2320
4555 2216 2804 2559
4556 2354 2854 2474
4557 2136 2727 2431
4558 2423 2758 2242
4559 2210 3110 2417
4560 1823 2467 1824
4561 1825 2468 1826
4562 1904 2597 1905
4563 1992 2750 2429
4564 2462 2653 2120
4565 2061 2709 2439
4566 1875 3046 2423
4567 2439 2754 2061
4568 2274 2763 2629
4569 2413 2828 1921
4570 2208 3085 2940
4571 2548 2735 2130
4572 2431 2851 2136
4573 1918 2662 1919
4574 2447 2690 2005
4575 244 2924 2411
4576 2730 3021 1994
4577 2161 3177 2414
4578 1938 3022 2421
4579 2153 2315 2027
4580 2058 3181 2470
4581 2328 3131 2885
4582 2515 2910 2227
4583 2992 3130 1963
4584 2599 2600 2115
4585 2207 2600 2599
4586 2245 2770 2658
4587 2658 2770 2021
4588 1983 3037 2559
4589 2422 2792 2010
4590 2197 2737 2525
4591 2144 2616 2605
4592 2125 2677 2470
4593 2161 2725 2437
4594 2203 3148 2844
4595 2166 2823 2464
4596 2940 3085 2393
4597 2529 2712 1966
4598 2525 2737 1962
4599 2435 3093 2062
4600 2475 2768 2110
4601 2429 3035 1992
4602 2419 2932 2150
4603 2633 3227 2399
4604 2019 3139 2919
4605 2685 3145 2291
4606 2400 3114 2957
4607 2436 2890 2051
4608 1986 2890 2436
4609 2483 2743 1991
4610 2157 2743 2483
4611 2373 2997 2803
4612 2132 2754 2439
4613 1734 2817 2435
4614 2563 3044 2301
4615 2065 3044 2563
4616 2060 2952 2488
4617 2067 3092 2963
4618 2436 3079 2237
4619 2093 3056 2604
4620 2061 2754 2450
4621 2904 3016 1945
4622 1994 2932 2419
4623 1861 2851 2431
4624 2093 2970 2658
4625 1898 3173 2572
4626 2007 2900 2645
4627 2562 3107 2037
4628 2480 3025 1891
4629 2452 3204 2123
4630 2515 2808 2293
4631 2075 2808 2515
4632 1998 2729 2555
4633 1938 2605 2542
4634 2542 2605 2169
4635 2530 2594 2170
4636 2019 2594 2530
4637 2608 2625 2139
4638 2174 2625 2608
4639 1953 2802 2434
4640 2156 3035 2429
4641 2029 3126 2655
4642 2803 2997 2044
4643 2844 3148 2395
4644 2998 3183 2533
4645 2588 2868 2252
4646 2425 2878 2099
4647 2710 2807 2163
4648 2280 2807 2710
4649 2427 2969 2233
4650 2484 2734 1966
4651 2466 2916 2066
4652 2767 3212 2553
4653 2495 2835 1955
4654 2955 3124 2404
4655 2461 2776 2159
4656 1996 2776 2461
4657 2080 2912 2426
4658 1977 2868 2428
4659 2450 3228 2275
4660 2605 2616 2169
4661 2460 2705 1967
4662 2009 3169 2749
4663 2152 3188 2861
4664 2010 2792 2669
4665 2142 3212 2448
4666 2272 3144 2583
4667 2091 3017 2473
4668 2431 3190 2290
4669 2749 3169 2415
4670 1959 2829 2438
4671 2444 2745 234
4672 2727 3111 2365
4673 2477 2724 2146
4674 1997 2724 2477
4675 2514 3034 1910
4676 1992 3058 2750
4677 2129 2741 2453
4678 2593 2756 2145
4679 2025 2870 2148
4680 2155 2794 2642
4681 2451 2747 1983
4682 1945 2659 2656
4683 2656 2659 2197
4684 2540 2815 2181
4685 2210 2843 2598
4686 2014 3112 2675
4687 2675 3112 2375
4688 2495 2707 2243
4689 1995 2763 2517
4690 2044 3210 2803
4691 2167 2779 2479
4692 2479 2779 2023
4693 2641 3098 2359
4694 1914 2648 1915
4695 2267 3098 2641
4696 2562 2830 2158
4697 1962 2737 2569
4698 2687 3203 2113
4699 2410 3203 2687
4700 1864 2845 1863
4701 2201 3005 2584
4702 2464 2759 2146
4703 1944 2759 2464
4704 2513 2999 1940
4705 2448 2767 2007
4706 2826 2919 2297
4707 1890 3025 2805
4708 2464 2823 1944
4709 2565 2826 1960
4710 2507 2742 2249
4711 2008 2742 2507
4712 2437 2929 2161
4713 2655 3126 2317
4714 2073 2712 2378
4715 2144 2605 2580
4716 1862 2851 1861
4717 1941 2809 2501
4718 2161 2621 2531
4719 2266 2765 2556
4720 1977 3162 2473
4721 1963 3130 2733
4722 2558 2851 1862
4723 2463 2751 1949
4724 2594 2631 2170
4725 2162 2631 2594
4726 2626 2627 2285
4727 2108 2627 2626
4728 2255 3007 2532
4729 2532 3007 2114
4730 2080 2863 2441
4731 1921 2828 1922
4732 2519 3096 3066
4733 2239 3170 2446
4734 2446 3170 2071
4735 234 2745 233
4736 1799 2502 1798
4737 2552 2610 2217
4738 9 2936 253
4739 2523 2953 2043
4740 2234 2953 2523
4741 1880 2936 9
4742 2192 2952 2801
4743 2485 2708 1999
4744 1910 3034 1911
4745 2488 3008 2060
4746 2861 2977 1892
4747 2451 2804 2077
4748 2119 3165 2633
4749 2633 3165 2352
4750 2661 3139 2019
4751 2074 3178 2716
4752 2310 2729 2476
4753 2006 2922 2455
4754 2455 2922 2183
4755 245 2924 244
4756 1910 2874 2514
4757 2092 2810 2478
4758 2292 3229 2456
4759 2118 3003 2747
4760 1965 2818 2528
4761 2507 3069 2075
4762 2249 3069 2507
4763 1966 2857 2529
4764 2529 2857 2199
4765 2152 2861 2693
4766 1962 3012 2455
4767 2033 2678 2151
4768 2534 2978 2244
4769 2604 3056 2283
4770 2580 2605 1938
4771 2138 2734 2484
4772 1917 2856 1918
4773 2217 3021 2443
4774 2004 2985 2226
4775 2646 2838 229
4776 236 3047 235
4777 2734 2857 1966
4778 1872 2799 1871
4779 2033 2346 2202
4780 2595 2997 2208
4781 2459 3117 2075
4782 3168 3215 2390
4783 2480 2977 2311
4784 1989 3111 2560
4785 2554 2644 2111
4786 235 3047 2444
4787 2452 2867 1970
4788 2498 3187 2174
4789 2364 2842 2527
4790 2728 3216 2095
4791 2508 2692 2204
4792 2167 2849 2461
4793 2461 2849 1996
4794 2781 2896 2029
4795 2698 3062 241
4796 1962 2666 2525
4797 1873 2998 2533
4798 2685 3084 2159
4799 2738 2965 2141
4800 2281 3231 2501
4801 2501 3231 1941
4802 2595 3059 2997
4803 2444 3106 2076
4804 2528 2818 2274
4805 2640 2749 1956
4806 2564 3002 2265
4807 2108 3002 2564
4808 1956 2903 2700
4809 2148 2769 2332
4810 2194 3221 2789
4811 2470 3231 2281
4812 2027 2762 2503
4813 2503 2762 1974
4814 2255 3057 2522
4815 2522 3057 2043
4816 2519 3066 2083
4817 2572 3173 2286
4818 2488 2952 2192
4819 2453 3122 2300
4820 1960 2920 2497
4821 2074 3154 2449
4822 2714 3141 2157
4823 2007 2869 2457
4824 1952 2882 2471
4825 1973 3020 2453
4826 2310 2939 2889
4827 2479 2849 2167
4828 3201 3230 2450
4829 2324 2948 2078
4830 2210 3219 2843
4831 2157 3141 2743
4832 1945 3016 2659
4833 2050 2416 2182
4834 2003 2787 2617
4835 2617 2787 2220
4836 2144 2777 2479
4837 2454 2904 1945
4838 1909 2874 1910
4839 1891 3025 1890
4840 2068 2714 2589
4841 2589 2714 2264
4842 2459 2856 1917
4843 2455 3013 2006
4844 1993 3149 2463
4845 2527 2723 224
4846 2165 2723 2527
4847 2501 2809 2134
4848 2615 2951 2271
4849 2017 2951 2615
4850 2627 2911 2022
4851 2175 2416 2050
4852 2505 2838 2012
4853 251 2960 250
4854 1894 2693 1893
4855 1971 2870 2474
4856 2298 3134 2918
4857 2458 3037 2283
4858 2215 2652 2051
4859 2207 2939 2859
4860 2470 3181 2125
4861 2557 2654 2131
4862 2485 3221 2071
4863 2197 3083 2457
4864 2590 2848 1944
4865 2593 3090 2303
4866 1965 3090 2593
4867 2225 2934 2006
4868 2314 2816 2492
4869 2092 3039 2513
4870 2500 2860 2178
4871 1943 2860 2500
4872 2720 3164 2160
4873 2131 2732 2731
4874 2731 2732 2349
4875 232 2982 2491
4876 2156 3030 2701
4877 2242 3183 2998
4878 2165 2971 2510
4879 2716 3178 2348
4880 224 2723 223
4881 2160 3164 2750
4882 2233 2969 2908
4883 2202 2909 2033
4884 2507 3129 3096
4885 2258 3124 2582
4886 2018 2231 2230
4887 1944 2848 2607
4888 2766 2921 2035
4889 2319 2921 2766
4890 2473 2853 2091
4891 2604 2747 2284
4892 1983 2747 2604
4893 1865 2926 1864
4894 2494 2777 2144
4895 2233 2908 2726
4896 2057 2440 2180
4897 2154 2831 2523
4898 231 2746 2238
4899 2474 2854 2233
4900 2317 2687 2655
4901 2655 2687 2113
4902 1926 2806 1927
4903 2218 3087 2630
4904 2653 3079 1969
4905 2191 2369 2038
4906 2613 3114 2257
4907 2276 3230 3201
4908 2142 2783 2553
4909 2475 3197 221
4910 2593 2818 1965
4911 2141 2661 2571
4912 2604 3037 1983
4913 2283 3037 2604
4914 1927 3055 1928
4915 2273 3200 2668
4916 1949 2995 2463
4917 2474 2870 2025
4918 1886 3001 1885
4919 2506 3063 249
4920 2038 2822 2191
4921 1901 3085 1902
4922 2140 2697 2536
4923 2068 3224 2480
4924 2592 3218 1948
4925 2513 2810 2092
4926 2200 2888 2863
4927 2069 2720 2613
4928 2613 2720 2269
4929 2254 2857 2734
4930 1993 2879 2164
4931 2751 3149 2351
4932 1779 2534 1778
4933 2087 3019 2514
4934 2514 3019 2232
4935 2164 2880 1993
4936 2677 3231 2470
4937 2075 3069 2459
4938 2485 3170 2239
4939 2071 3170 2485
4940 2222 2927 2841
4941 2841 2927 2352
4942 1893 2861 1892
4943 2506 3217 3063
4944 2151 2346 2033
4945 1868 3030 1867
4946 2107 2881 2483
4947 1897 2715 1896
4948 1934 2725 1935
4949 2565 2896 2263
4950 2067 2465 2184
4951 2184 2466 2066
4952 2185 2465 2067
4953 1941 3231 2677
4954 2482 2909 1984
4955 2033 2909 2482
4956 2038 2369 2177
4957 1869 2701 1868
4958 1810 2537 1809
4959 2051 2890 2215
4960 2018 2840 2518
4961 1891 2977 2480
4962 1987 3160 2536
4963 2658 2970 2245
4964 2555 2729 2128
4965 1967 2877 2571
4966 2311 2977 2861
4967 2957 3114 2037
4968 1885 3001 2573
4969 1922 2695 1923
4970 2691 3058 2398
4971 2499 3012 1962
4972 2020 2876 2606
4973 2606 2876 2228
4974 2052 3127 2872
4975 2763 3123 2517
4976 2478 3087 2218
4977 2014 3087 2478
4978 2709 2755 2439
4979 2509 2771 2013
4980 2182 3013 2050
4981 2561 3078 1974
4982 2487 2873 1985
4983 2745 2982 233
4984 1803 2544 1802
4985 2626 3002 2108
4986 2900 3083 2105
4987 2457 3083 2900
4988 2481 3210 2186
4989 2675 2923 2014
4990 1941 2677 2649
4991 2649 2677 2313
4992 2490 2860 1943
4993 2747 3003 2284
4994 2074 2716 2683
4995 2507 3096 2008
4996 2127 2835 2495
4997 2527 2842 2165
4998 2489 2938 2731
4999 2213 3001 2557
5000 2582 2710 2070
5001 2280 2710 2582
5002 2567 2944 2186
5003 2516 2786 2353
5004 2066 2746 2491
5005 2212 2838 2646
5006 227 2713 226
5007 2927 3047 236
5008 2266 3068 2486
5009 2642 3034 2232
5010 229 2838 228
5011 2254 2904 2764
5012 2453 3020 2545
5013 2078 2502 2188
5014 2679 3084 2053
5015 3096 3129 2227
5016 1937 3077 2467
5017 2484 2984 2011
5018 1966 3166 2484
5019 2324 2871 2051
5020 1846 2541 1847
5021 2195 3008 2488
5022 2593 3153 2756
5023 2716 2950 2229
5024 2078 2948 2502
5025 228 2838 2505
5026 1929 2967 2504
5027 2789 2958 2194
5028 2889 2939 2207
5029 2016 2786 2516
5030 2188 3109 2544
5031 2036 3124 2955
5032 2127 2848 2590
5033 2486 2989 1940
5034 2844 3219 2021
5035 1940 2999 2765
5036 2765 2999 2327
5037 2523 3174 2154
5038 2829 3051 2438
5039 2024 3051 2829
5040 2539 3042 1948
5041 2630 3087 2923
5042 2570 3015 2028
5043 2565 3054 2826
5044 2261 2810 2513
5045 2504 2967 2258
5046 2489 2933 2213
5047 2572 2715 1897
5048 2213 2938 2489
5049 2843 3219 2322
5050 2390 3202 2905
5051 2366 3167 3056
5052 2931 3007 2255
5053 2510 2839 2110
5054 1931 2744 1932
5055 2679 3100 2318
5056 2053 3100 2679
5057 2209 2748 2702
5058 2136 2851 2558
5059 2994 3145 2267
5060 2006 3013 2182
5061 2124 2827 2230
5062 2702 2748 2179
5063 2134 2700 2603
5064 2915 3176 2030
5065 1995 2931 2629
5066 2569 2737 2138
5067 3066 3096 2227
5068 1915 2757 1916
5069 2562 3018 2830
5070 1978 3036 2721
5071 233 2982 232
5072 2497 2920 2149
5073 2228 2876 2546
5074 2207 2859 2600
5075 2600 2859 1982
5076 2180 2587 2056
5077 2409 2996 2614
5078 1975 3215 3168
5079 2022 2911 2667
5080 2667 2911 2250
5081 2023 2752 2616
5082 2533 2799 1872
5083 2530 2811 2176
5084 1960 3088 2920
5085 2201 2984 2073
5086 2287 3218 2592
5087 241 3062 240
5088 2261 3112 2810
5089 2168 3042 2539
5090 2209 2702 2630
5091 2609 2793 2017
5092 240 3062 2550
5093 2491 2949 2066
5094 2531 3177 2161
5095 2236 2903 2503
5096 2557 2938 2213
5097 2131 2938 2557
5098 2162 2954 2631
5099 1876 3046 1875
5100 2041 2784 2697
5101 1857 2817 1734
5102 2013 2221 2219
5103 2165 2842 2574
5104 2264 2992 2496
5105 2185 2917 2465
5106 2630 2702 2031
5107 2715 3203 2277
5108 2491 2982 2246
5109 1955 3134 2495
5110 2628 2800 2126
5111 2060 3006 2952
5112 2521 2983 1858
5113 2594 2919 2162
5114 2497 3125 1960
5115 2952 3006 2413
5116 2648 2757 1915
5117 2878 2986 2247
5118 2086 3163 2497
5119 2694 2966 2206
5120 2550 3120 2098
5121 2256 3120 2550
5122 3063 3217 2250
5123 2519 2866 2008
5124 2136 3111 2727
5125 2020 2994 2641
5126 2641 2994 2267
5127 2553 2783 1939
5128 2094 2981 2226
5129 2050 3012 2499
5130 2109 3023 2378
5131 2539 3213 2168
5132 1833 2568 1834
5133 2501 3161 2281
5134 2189 2757 2648
5135 2212 3009 2541
5136 2652 3033 2051
5137 2214 2875 2698
5138 2698 2875 2256
5139 2319 3155 2695
5140 2196 2980 2094
5141 1936 3077 1937
5142 1766 2584 1765
5143 2230 2827 2018
5144 2503 3185 2236
5145 1974 3185 2503
5146 2366 3056 2592
5147 2344 3209 2741
5148 1877 3144 1876
5149 2056 2913 2180
5150 1919 2801 1920
5151 2075 3129 2507
5152 2373 2803 2597
5153 2272 2839 2611
5154 250 2960 2506
5155 2529 3220 2712
5156 2164 2879 2336
5157 2017 2758 2609
5158 1741 2587 1740
5159 2066 3092 2184
5160 2695 3155 1923
5161 2667 3217 2096
5162 2072 3200 2816
5163 2816 3200 2409
5164 2616 2752 2169
5165 2510 2971 1997
5166 2861 3188 2311
5167 2578 2780 2171
5168 2331 2880 2164
5169 247 2814 246
5170 2502 3108 2188
5171 2174 3187 2767
5172 2332 2769 2054
5173 2440 2894 2180
5174 2676 3163 2086
5175 2549 3035 2156
5176 2012 2838 2212
5177 2778 2779 2167
5178 2275 2779 2778
5179 2550 3089 240
5180 240 3089 239
5181 2229 2915 2623
5182 2623 2915 2030
5183 2508 3019 2087
5184 2330 2772 2717
5185 2717 2772 2154
5186 2520 2973 1866
5187 2518 3052 2018
5188 2168 3213 2563
5189 2648 2858 2189
5190 2321 2858 2648
5191 2257 2973 2520
5192 2524 2907 2082
5193 2306 2951 2793
5194 2793 2951 2017
5195 3197 3199 1879
5196 2011 2984 2201
5197 2073 2632 2201
5198 246 2814 2564
5199 2522 2931 2255
5200 2872 3127 2327
5201 2683 2716 2229
5202 2741 3209 2042
5203 2515 3129 2075
5204 2618 3154 2418
5205 2096 3217 2506
5206 2022 3138 2627
5207 2627 3138 2285
5208 2343 2749 2640
5209 2010 2889 2599
5210 2599 2889 2207
5211 2310 2889 2669
5212 2076 3106 2516
5213 2218 2947 2705
5214 2516 3106 2222
5215 2098 3120 2511
5216 1960 3125 2565
5217 2565 3125 2251
5218 2718 3201 2132
5219 1967 3192 2877
5220 2179 2748 2656
5221 2619 3046 1876
5222 2175 2886 2416
5223 1902 2855 1903
5224 2764 2857 2254
5225 2199 2857 2764
5226 2416 2887 2182
5227 2656 2748 1945
5228 2134 2809 2688
5229 2629 2763 1995
5230 2221 2833 2117
5231 2245 2935 2770
5232 2765 3127 2556
5233 2614 2996 2103
5234 2688 3065 2026
5235 2288 3065 2688
5236 2309 3070 1752
5237 2232 3034 2514
5238 2891 2988 2337
5239 2126 2800 2602
5240 2227 3129 2515
5241 2535 2922 2006
5242 2475 3199 3197
5243 1892 2977 1891
5244 2597 2803 2173
5245 2194 2959 2696
5246 2574 2842 2045
5247 2046 3196 3011
5248 2145 3123 2763
5249 2006 2934 2535
5250 1944 2823 2590
5251 2574 2971 2165
5252 2601 3064 2058
5253 2252 3064 2601
5254 2145 2818 2593
5255 2517 3123 2253
5256 2008 3096 2519
5257 2525 3083 2197
5258 2186 2944 2813
5259 1884 2893 1883
5260 2250 2911 2906
5261 2906 2911 2329
5262 2473 3162 2853
5263 2122 2944 2567
5264 2276 2873 2752
5265 2757 3117 2459
5266 2101 2934 2225
5267 2390 3215 2925
5268 2295 2895 2850
5269 2850 2895 1973
5270 2523 3049 2234
5271 2097 3051 2244
5272 2784 3167 2366
5273 2041 3167 2784
5274 2571 2877 2141
5275 2254 3016 2904
5276 2691 2775 2160
5277 2391 2775 2691
5278 2467 3077 2104
5279 2049 2988 2891
5280 1759 2624 1758
5281 2526 3039 2092
5282 2256 3062 2698
5283 243 2883 242
5284 1876 3144 2619
5285 2831 3049 2523
5286 1753 2782 2309
5287 2662 2801 1919
5288 2184 3101 2466
5289 2465 3102 2184
5290 2043 3174 2523
5291 2051 3033 2324
5292 2244 2704 2097
5293 2226 2985 2094
5294 2105 3083 2525
5295 2005 3159 2526
5296 2567 2897 1949
5297 2186 2897 2567
5298 1763 2632 1762
5299 2013 2833 2221
5300 2645 2900 2397
5301 2162 3054 2954
5302 2192 2801 2662
5303 2000 3220 2529
5304 1866 2973 1865
5305 2208 2940 2595
5306 2595 2940 1972
5307 2246 2982 2745
5308 2135 2755 2709
5309 2030 3176 2858
5310 2071 3221 2696
5311 2251 2896 2565
5312 2695 2921 2319
5313 2537 2981 2094
5314 2094 2980 2537
5315 3104 3225 2271
5316 2607 2848 2243
5317 2885 2966 2328
5318 2206 2966 2885
5319 2002 3177 2531
5320 1879 3199 1878
5321 2555 2935 1998
5322 1885 3184 1884
5323 2281 2891 2575
5324 2575 2891 2337
5325 2223 3024 2109
5326 2114 3007 2543
5327 2150 2932 2620
5328 2805 3025 2248
5329 2628 3172 2347
5330 2103 3183 2615
5331 2533 3183 2103
5332 3056 3167 2283
5333 2872 3204 2412
5334 2123 3204 2872
5335 2587 3010 2056
5336 249 3063 248
5337 2606 2881 2107
5338 2650 2882 1952
5339 2177 2941 2468
5340 1793 2651 1792
5341 1795 2652 1794
5342 2545 3020 2358
5343 1858 2983 1857
5344 1928 2967 1929
5345 1857 2983 2817
5346 2817 2983 2305
5347 2536 3160 2140
5348 2581 2987 1947
5349 1840 2638 1841
5350 1958 3133 2722
5351 2148 2870 2769
5352 2234 3049 2736
5353 2754 3201 2450
5354 3055 3124 2258
5355 2895 3020 1973
5356 2358 3020 2895
5357 2315 2797 1805
5358 1806 2798 2315
5359 2637 3000 1906
5360 2236 3185 2699
5361 2697 3207 2041
5362 1874 2998 1873
5363 2158 2830 2647
5364 2561 2985 2004
5365 2161 2929 2621
5366 221 3197 10
5367 10 3197 1879
5368 252 3026 2577
5369 2644 2843 2322
5370 2920 3088 2316
5371 2245 2970 2790
5372 2790 2970 2284
5373 2217 3011 2552
5374 2357 3158 2760
5375 1906 3000 1907
5376 1756 2663 1755
5377 2239 3000 2637
5378 1734 3173 1898
5379 2123 2976 2690
5380 2228 2881 2606
5381 2688 2809 2288
5382 2694 2850 1973
5383 2206 2850 2694
5384 2241 2921 2695
5385 1980 2843 2644
5386 2731 2938 2131
5387 2152 2834 2660
5388 2573 3184 1885
5389 2740 2992 1963
5390 2137 3040 2892
5391 2947 3031 2384
5392 2218 3031 2947
5393 238 3227 2633
5394 1774 2670 1773
5395 1772 2671 1771
5396 2577 3026 2278
5397 1813 2672 1812
5398 1849 2646 1850
5399 2269 3226 3018
5400 253 3026 252
5401 2225 2670 2101
5402 2259 2972 2722
5403 2722 2972 2111
5404 2579 3162 1977
5405 2556 3127 2052
5406 2860 2907 2178
5407 2926 3114 2400
5408 2257 3114 2926
5409 2324 3033 1796
5410 2269 3018 2562
5411 2153 2797 2315
5412 2667 3222 2022
5413 2295 3222 2667
5414 1797 2948 2324
5415 2781 2815 2263
5416 1787 2680 1786
5417 1791 2681 1790
5418 1789 2682 1788
5419 2019 2919 2594
5420 2815 2954 2263
5421 2639 2876 2020
5422 2075 3117 2808
5423 2149 3015 2570
5424 2332 3071 2148
5425 2140 3207 2697
5426 2550 3062 2256
5427 2315 2798 2196
5428 2309 2782 2147
5429 2100 3028 2191
5430 2219 3029 2100
5431 2279 3216 2728
5432 2787 2788 2220
5433 2204 2788 2787
5434 2573 3001 2213
5435 2095 3216 2551
5436 2553 3212 2142
5437 2389 3182 2554
5438 1908 3137 1909
5439 3025 3224 2248
5440 2480 3224 3025
5441 2193 3162 2579
5442 2263 3054 2565
5443 1838 2664 1839
5444 1836 2665 1837
5445 1923 3155 1924
5446 2777 2849 2479
5447 2796 3067 2312
5448 2040 3067 2796
5449 2560 3111 2136
5450 2183 2987 2581
5451 2264 3130 2992
5452 2181 2974 2753
5453 2203 2844 2770
5454 2222 3106 3047
5455 3047 3106 2444
5456 2262 3214 2574
5457 2404 3124 3055
5458 2784 3042 2168
5459 2158 3107 2562
5460 2588 3198 2016
5461 2252 3198 2588
5462 2336 3082 2164
5463 239 3227 238
5464 2271 3225 2614
5465 2614 3225 1981
5466 2331 3081 1746
5467 1749 3071 2332
5468 2919 3139 2297
5469 2595 3004 2211
5470 1972 3004 2595
5471 2164 3081 2331
5472 2220 2882 2650
5473 2636 2897 2186
5474 2689 3068 2266
5475 2032 3068 2689
5476 2148 3070 2309
5477 2056 3010 2336
5478 2989 3113 2261
5479 2736 3157 2082
5480 2361 3157 2736
5481 2566 3128 2335
5482 2740 3207 2140
5483 2586 3003 2118
5484 2018 3052 2231
5485 2563 3213 2065
5486 2693 2861 1893
5487 2186 3210 2636
5488 2892 3040 2432
5489 2040 3172 2566
5490 2781 2974 2181
5491 2337 2968 2956
5492 2956 2968 1951
5493 2332 2821 1748
5494 1747 2821 2331
5495 2997 3059 2044
5496 2705 2947 1967
5497 1946 3128 2686
5498 242 2883 2698
5499 2659 3016 2138
5500 1782 2704 1781
5501 2630 2923 2209
5502 2727 3190 2431
5503 2449 3154 2618
5504 2819 2963 2270
5505 2143 3036 2899
5506 2769 2870 1971
5507 2607 3171 1944
5508 1743 3082 2336
5509 2211 3059 2595
5510 2231 2682 2230
5511 2336 3010 1742
5512 2669 2889 2010
5513 2706 2969 2427
5514 2032 2969 2706
5515 2690 2976 2224
5516 2231 3052 2137
5517 1959 3049 2831
5518 2383 3066 2910
5519 2001 2954 2815
5520 2344 3184 2573
5521 2698 2883 2214
5522 2181 2815 2781
5523 2905 3168 2390
5524 2270 3168 2905
5525 2573 3209 2344
5526 2631 2954 2001
5527 2248 3224 2589
5528 2589 3224 2068
5529 2699 3185 3078
5530 1972 3014 2913
5531 2598 3110 2210
5532 1883 2893 2684
5533 2592 3056 2093
5534 2327 2976 2872
5535 2872 2976 2123
5536 2230 2681 2124
5537 2855 3085 2208
5538 1878 3199 2583
5539 2141 2877 2738
5540 2151 2846 2346
5541 2369 2864 2177
5542 2191 2865 2369
5543 2097 3135 3051
5544 2770 2844 2021
5545 2657 3146 2259
5546 2015 3146 2657
5547 3051 3135 2438
5548 2963 3092 1975
5549 2699 2988 2049
5550 2235 2988 2699
5551 2588 3165 2119
5552 2137 2680 2231
5553 1996 2849 2777
5554 2643 3148 2203
5555 2124 2651 2215
5556 2728 3189 1942
5557 2296 3189 2728
5558 2081 3110 2598
5559 2463 3149 2751
5560 2738 2877 2299
5561 2303 3153 2593
5562 2346 2847 2202
5563 2636 3059 2211
5564 2486 3068 2706
5565 2897 2995 1949
5566 2336 2879 2056
5567 2031 3031 2630
5568 2630 3031 2218
5569 2054 2880 2331
5570 2138 3016 2734
5571 2226 2672 2185
5572 2182 2671 2225
5573 2029 2974 2781
5574 2250 3217 2667
5575 2712 3220 2109
5576 2908 2969 2032
5577 2899 3036 2445
5578 1998 2935 2790
5579 2790 2935 2245
5580 2601 3198 2252
5581 2147 2663 2223
5582 2877 3192 2299
5583 2722 3133 2259
5584 2312 2964 2718
5585 2718 2964 1985
5586 2972 3146 2392
5587 2259 3146 2972
5588 2248 2945 2805
5589 2805 2945 2302
5590 2832 3219 2210
5591 2044 3059 2636
5592 2554 3182 2644
5593 2773 3156 2139
5594 2299 3156 2773
5595 2726 2908 2205
5596 2076 3202 2925
5597 2925 3202 2390
5598 2756 3153 2048
5599 2073 3027 2632
5600 2327 2999 2976
5601 2976 2999 2224
5602 2619 3144 2272
5603 2205 3179 2726
5604 2293 3176 2915
5605 2915 2950 2293
5606 2229 2950 2915
5607 2674 3008 2195
5608 2958 2959 2194
5609 2412 2959 2958
5610 2826 3088 1960
5611 2297 3088 2826
5612 2244 3051 2024
5613 2707 3134 2298
5614 2495 3134 2707
5615 1751 2774 1750
5616 2826 3054 2162
5617 2996 3200 2273
5618 2409 3200 2996
5619 2160 3058 2691
5620 2739 3021 2217
5621 2023 3230 2752
5622 1754 2782 1753
5623 2157 3130 2714
5624 2714 3130 2264
5625 3156 3192 2384
5626 2224 3159 2690
5627 1884 3184 2893
5628 2100 3029 2568
5629 2568 3028 2100
5630 2636 3210 2044
5631 1958 3148 2643
5632 2054 2821 2332
5633 2331 2821 2054
5634 1981 3225 2635
5635 2893 3184 2344
5636 1805 2797 1804
5637 1807 2798 1806
5638 2117 2664 2221
5639 2979 2986 2292
5640 2221 2665 2219
5641 2644 3182 1980
5642 1761 3027 2378
5643 2378 3023 1760
5644 2141 3139 2661
5645 2346 2846 1844
5646 1843 2847 2346
5647 2701 3030 1868
5648 2753 2974 2286
5649 2159 3084 2679
5650 2963 3168 2270
5651 2202 2638 2117
5652 2306 3104 2951
5653 2042 3209 2933
5654 2690 3159 2005
5655 1971 3121 2769
5656 1745 2820 1744
5657 2284 3003 2790
5658 2214 3193 2875
5659 1748 2821 1747
5660 3086 3205 2387
5661 1944 3171 2759
5662 2756 3072 2253
5663 2048 3072 2756
5664 1971 3179 3121
5665 2734 3016 2254
5666 2699 3078 2235
5667 2159 3145 2685
5668 2189 3176 2808
5669 2808 3176 2293
5670 2073 3166 2712
5671 2712 3166 1966
5672 2721 3036 2143
5673 2813 2944 2320
5674 1994 3021 2739
5675 2706 3068 2032
5676 2189 3117 2757
5677 2247 2986 2979
5678 2007 3187 2869
5679 2741 3122 2453
5680 2949 3092 2066
5681 2753 3173 1734
5682 2930 3193 2214
5683 2943 3147 2296
5684 2339 3147 2943
5685 2109 3024 2624
5686 2624 3023 2109
5687 2378 3027 2073
5688 2067 2963 2819
5689 2377 3189 2991
5690 2991 3189 2296
5691 2752 3230 2276
5692 2954 3054 2263
5693 2776 3098 2267
5694 1996 3098 2776
5695 2830 3018 1964
5696 2946 3136 2303
5697 3136 3153 2303
5698 1909 3137 2874
5699 3053 3203 2410
5700 2277 3203 3053
5701 2750 3058 2160
5702 2160 3226 2720
5703 2720 3226 2269
5704 2042 3122 2741
5705 2369 2865 1830
5706 1829 2864 2369
5707 2377 3208 2990
5708 2990 3208 2088
5709 2299 3192 3156
5710 2756 3123 2145
5711 2253 3123 2756
5712 2874 3137 2308
5713 2068 3141 2714
5714 2260 3205 3086
5715 2352 3165 2841
5716 2696 3221 2194
5717 2828 3006 2241
5718 2069 3164 2720
5719 2448 3212 2767
5720 2222 3047 2927
5721 2241 3006 2836
5722 2393 3014 2940
5723 3057 3174 2043
5724 2394 3174 3057
5725 2853 3162 2193
5726 2733 3130 2157
5727 2926 2973 2257
5728 2836 3006 2060
5729 1844 2846 1845
5730 1842 2847 1843
5731 2964 2993 1985
5732 2289 2993 2964
5733 2413 3006 2828
5734 2459 3069 2856
5735 2366 3042 2784
5736 2743 3141 2424
5737 2015 3193 3146
5738 2316 3015 2920
5739 2920 3015 2149
5740 2901 3093 2305
5741 2062 3093 2901
5742 2946 2979 2292
5743 2724 3214 2262
5744 1997 3214 2724
5745 1924 3155 2735
5746 2726 3179 1971
5747 2776 3145 2159
5748 2267 3145 2776
5749 2949 3215 1975
5750 3138 3222 2433
5751 2022 3222 3138
5752 1768 2886 1767
5753 1770 2887 1769
5754 248 3063 2906
5755 3080 3133 1958
5756 2382 3133 3080
5757 2312 3067 2964
5758 2964 3067 2289
5759 2035 3190 2727
5760 2735 3155 2319
5761 2316 3088 2965
5762 2965 3088 2297
5763 1828 2864 1829
5764 1830 2865 1831
5765 2750 3164 2429
5766 2967 3055 2258
5767 1785 2892 1784
5768 2286 3173 2753
5769 2327 3127 2765
5770 2769 3121 2054
5771 2355 3207 2740
5772 2817 3093 2435
5773 2305 3093 2817
5774 1739 2894 1738
5775 2760 3158 2278
5776 2759 3171 2306
5777 2824 3107 2158
5778 2370 3107 2824
5779 1948 3218 3131
5780 3131 3218 2417
5781 2416 2886 1768
5782 1769 2887 2416
5783 3121 3179 2351
5784 2896 3126 2029
5785 1865 2973 2926
5786 1818 2898 1817
5787 2337 2988 2968
5788 1777 2899 1776
5789 2132 3201 2754
5790 1737 2902 1736
5791 3146 3193 2392
5792 2050 3013 3012
5793 3012 3013 2455
5794 2767 3187 2007
5795 2053 2979 2946
5796 1977 3132 2868
5797 2808 3117 2189
5798 1821 2916 1820
5799 1815 2917 1814
5800 2275 3228 2779
5801 2779 3228 2023
5802 2924 3091 2411
5803 2265 3091 2924
5804 1801 2928 1800
5805 2384 3192 2947
5806 1784 2892 2432
5807 2704 3045 2097
5808 2968 2988 2235
5809 2432 3045 1783
5810 2856 3069 2249
5811 2303 3100 2946
5812 2946 3100 2053
5813 2484 3166 2984
5814 1902 3085 2855
5815 3089 3227 239
5816 2940 3014 1972
5817 2775 3226 2160
5818 2990 3086 2387
5819 1798 2948 1797
5820 1738 2894 2440
5821 2440 2902 1737
5822 2084 3205 2852
5823 2574 3214 2971
5824 2399 3227 3089
5825 2936 3026 253
5826 3112 3113 2375
5827 2261 3113 3112
5828 2875 3193 2015
5829 2868 3132 2252
5830 2910 3066 2227
5831 1780 2978 1779
5832 2278 3026 2936
5833 1809 2980 1808
5834 1811 2981 1810
5835 2901 3186 2062
5836 2383 3186 2901
5837 1776 2899 2445
5838 2238 2916 1821
5839 2445 3038 1775
5840 1822 3152 2238
5841 1736 2902 2240
5842 2858 3176 2189
5843 2906 3063 2250
5844 2240 3143 1735
5845 2021 3219 2832
5846 1826 2941 1827
5847 1824 2942 1825
5848 2852 3205 2260
5849 2923 3087 2014
5850 2432 3040 2097
5851 2251 3126 2896
5852 3022 3206 2282
5853 1928 3055 2967
5854 3039 3159 2224
5855 1765 3005 1764
5856 2891 3161 2049
5857 2281 3161 2891
5858 1742 3010 1741
5859 2282 3206 3050
5860 1975 3092 2949
5861 2965 3139 2141
5862 2297 3139 2965
5863 2951 3104 2271
5864 2918 3208 2298
5865 2088 3208 2918
5866 1760 3023 1759
5867 1758 3024 1757
5868 1762 3027 1761
5869 1975 3168 2963
5870 3044 3048 2301
5871 2300 3048 3044
5872 2088 3086 2990
5873 2445 3036 2101
5874 1820 2916 2466
5875 2465 2917 1815
5876 1794 3032 1793
5877 1796 3033 1795
5878 2048 3153 3136
5879 2292 3136 2946
5880 2466 3101 1819
5881 1816 3102 2465
5882 1775 3038 1774
5883 1792 3041 1791
5884 2670 3038 2101
5885 3078 3185 1974
5886 1773 3043 1772
5887 1783 3045 1782
5888 3228 3230 2023
5889 2450 3230 3228
5890 3048 3122 2042
5891 2991 3147 2039
5892 2296 3147 2991
5893 2318 3100 3090
5894 3090 3100 2303
5895 2392 3193 2930
5896 1847 3009 1848
5897 1790 3060 1789
5898 1788 3061 1787
5899 1752 3070 1751
5900 1750 3071 1749
5901 1755 3073 1754
5902 2947 3192 1967
5903 1804 3076 1803
5904 2925 3215 2246
5905 2984 3166 2073
5906 2097 3045 2432
5907 2497 3163 3125
5908 1746 3081 1745
5909 1744 3082 1743
5910 2238 3152 230
5911 1832 3028 1833
5912 1834 3029 1835
5913 3040 3135 2097
5914 2300 3122 3048
5915 2986 3229 2292
5916 1771 3094 1770
5917 1767 3095 1766
5918 1990 3135 3040
5919 1899 3143 2240
5920 1786 3097 1785
5921 3064 3132 2388
5922 2252 3132 3064
5923 1740 3099 1739
5924 1819 3101 1818
5925 1817 3102 1816
5926 1778 3103 1777
5927 1814 3105 1813
5928 1800 3108 1799
5929 1802 3109 1801
5930 1808 3115 1807
5931 1812 3116 1811
5932 2971 3214 1997
5933 1764 3118 1763
5934 1757 3119 1756
5935 2526 3159 3039
5936 2361 3223 3157
5937 3157 3223 2323
5938 3050 3206 2362
5939 1988 3229 2986
5940 1781 3140 1780
5941 1938 3206 3022
5942 1837 3075 1838
5943 1839 3074 1840
5944 1730 3143 1899
5945 3125 3163 2251
5946 2502 2948 1798
5947 2467 2942 1824
5948 2468 2941 1826
5949 1825 2942 2468
5950 1799 3108 2502
5951 230 3152 2
5952 2101 3038 2445
5953 1841 3150 1842
5954 1845 3151 1846
5955 2148 3071 2774
5956 2774 3070 2148
5957 1827 3180 1828
5958 1848 3191 1849
5959 1835 3194 1836
5960 1831 3195 1832
5961 1779 2978 2534
5962 2537 2980 1809
5963 1810 2981 2537
5964 2534 3103 1778
5965 2892 3097 2137
5966 1803 3076 2544
5967 2544 3109 1802
5968 2820 3081 2164
5969 2164 3082 2820
5970 2681 3041 2124
5971 2899 3103 2143
5972 2584 3005 1765
5973 1766 3095 2584
5974 1741 3010 2587
5975 2124 3041 2651
5976 2587 3099 1740
5977 2541 3009 1847
5978 1846 3151 2541
5979 1759 3023 2624
5980 2624 3024 1758
5981 2137 3097 2680
5982 2632 3027 1762
5983 1833 3028 2568
5984 2568 3029 1834
5985 1763 3118 2632
5986 2117 3074 2664
5987 1793 3032 2651
5988 2652 3032 1794
5989 1795 3033 2652
5990 2651 3041 1792
5991 2638 3074 2117
5992 2663 3073 1755
5993 2782 3073 2147
5994 2184 3102 2898
5995 2898 3101 2184
5996 1774 3038 2670
5997 2670 3043 1773
5998 1772 3043 2671
5999 1756 3119 2663
6000 1791 3041 2681
6001 2671 3094 1771
6002 1813 3105 2672
6003 2672 3116 1812
6004 2153 3076 2797
6005 1787 3061 2680
6006 1789 3060 2682
6007 2681 3060 1790
6008 2682 3061 1788
6009 2680 3097 1786
6010 1735 3143 1730
6011 2 3152 1822
6012 1782 3045 2704
6013 2928 3109 2188
6014 2188 3108 2928
6015 2704 3140 1781
6016 2104 2942 2467
6017 2468 2942 2104
6018 1840 3074 2638
6019 2638 3150 1841
6020 2147 3073 2663
6021 1849 3191 2646
6022 2175 3095 2886
6023 1838 3075 2664
6024 2664 3074 1839
6025 2665 3075 1837
6026 2143 3103 2534
6027 2894 3099 2180
6028 1836 3194 2665
6029 1751 3070 2774
6030 2774 3071 1750
6031 1754 3073 2782
6032 2151 3151 2846
6033 2185 3105 2917
6034 2797 3076 1804
6035 1807 3115 2798
6036 1745 3081 2820
6037 2820 3082 1744
6038 2887 3094 2182
6039 2544 3076 2153
6040 2201 3118 3005
6041 2196 3115 2980
6042 1770 3094 2887
6043 2886 3095 1767
6044 1785 3097 2892
6045 1739 3099 2894
6046 1818 3101 2898
6047 2898 3102 1817
6048 1777 3103 2899
6049 2177 3180 2941
6050 2917 3105 1814
6051 2928 3108 1800
6052 1801 3109 2928
6053 2223 3119 3024
6054 2980 3115 1808
6055 1811 3116 2981
6056 3028 3195 2191
6057 1780 3140 2978
6058 3005 3118 1764
6059 2864 3180 2177
6060 2584 3095 2175
6061 2541 3151 2151
6062 3024 3119 1757
6063 1842 3150 2847
6064 2846 3151 1845
6065 2182 3094 2671
6066 2672 3105 2185
6067 2798 3115 2196
6068 2981 3116 2226
6069 2180 3099 2587
6070 1828 3180 2864
6071 2865 3195 1831
6072 2941 3180 1827
6073 2212 3191 3009
6074 2191 3195 2865
6075 2219 3194 3029
6076 2978 3140 2244
6077 2632 3118 2201
6078 3009 3191 1848
6079 3029 3194 1835
6080 1832 3195 3028
6081 2847 3150 2202
6082 2663 3119 2223
6083 2651 3032 2215
6084 2215 3032 2652
6085 2226 3116 2672
6086 2225 3043 2670
6087 2671 3043 2225
6088 2682 3060 2230
6089 2680 3061 2231
6090 2230 3060 2681
6091 2231 3061 2682
6092 2202 3150 2638
6093 2244 3140 2704
6094 2646 3191 2212
6095 2665 3194 2219
6096 2664 3075 2221
6097 2221 3075 2665
6098 1731 2467 1823
6099 1850 2646 4
2 30 2 185
6100 1843 3273 1842
6101 1839 3272 1838
6102 1841 3273 1840
6103 3254 3301 1855
6104 3269 3300 3255
6105 1855 3259 3254
6106 1834 3292 1833
6107 1838 3291 1837
6108 1832 3293 1831
6109 1846 3295 1845
6110 3255 3280 1851
6111 1851 3280 3257
6112 3251 3284 3237
6113 3240 3284 3282
6114 3240 3282 3236
6115 133 3262 4
6116 1731 3271 1856
6117 3251 3266 3234
6118 3237 3266 3251
6119 3234 3283 3251
6120 1855 3285 3259
6121 1851 3302 3269
6122 4 3262 1850
6123 3239 3278 3234
6124 3234 3266 3239
6125 1852 3288 1853
6126 3251 3298 3284
6127 3282 3284 3233
6128 1855 3301 1854
6129 1823 3271 1731
6130 1851 3269 3255
6131 3277 3288 3258
6132 3236 3276 3241
6133 3243 3299 3275
6134 3257 3258 1852
6135 3257 3267 3258
6136 6 3274 135
6137 3241 3249 3236
6138 3236 3247 3240
6139 1828 3252 1827
6140 3243 3275 3265
6141 1851 3257 1852
6142 3244 3263 3235
6143 3264 3268 3243
6144 3235 3268 3264
6145 3235 3263 3242
6146 1838 3272 3248
6147 1844 3253 1843
6148 3268 3289 134
6149 134 3289 133
6150 3258 3288 1852
6151 1853 3288 3256
6152 3274 3299 135
6153 3275 3299 3274
6154 3284 3298 3233
6155 3246 3266 3237
6156 3259 3285 3238
6157 3267 3282 3233
6158 3250 3282 3267
6159 3248 3284 3240
6160 3244 3278 3253
6161 3253 3273 1843
6162 3237 3284 3248
6163 3256 3288 3277
6164 3238 3285 3245
6165 3234 3278 3264
6166 3243 3265 3264
6167 3264 3265 3234
6168 1856 3285 1855
6169 3238 3297 3259
6170 3259 3297 3232
6171 3248 3272 3237
6172 3265 3275 3256
6173 3276 3297 3241
6174 3237 3272 3246
6175 3239 3266 3246
6176 3256 3275 1853
6177 3267 3298 3258
6178 1854 3302 1732
6179 3268 3281 3243
6180 3253 3278 3239
6181 3232 3287 3259
6182 3259 3287 3254
6183 3233 3298 3267
6184 135 3281 134
6185 1840 3273 3272
6186 3276 3282 3250
6187 3236 3282 3276
6188 3232 3297 3276
6189 1836 3260 1835
6190 1833 3292 3247
6191 3248 3291 1838
6192 3235 3278 3244
6193 1830 3261 1829
6194 3241 3297 3252
6195 3247 3279 1833
6196 3249 3293 1832
6197 1848 3263 1847
6198 1850 3262 1849
6199 1845 3295 3286
6200 3242 3289 3235
6201 1832 3279 3249
6202 133 3289 3242
6203 3265 3283 3234
6204 3256 3283 3265
6205 3264 3278 3235
6206 3257 3280 3267
6207 3267 3280 3250
6208 3235 3289 3268
6209 3245 3285 1856
6210 3277 3298 3251
6211 3258 3298 3277
6212 1856 3271 3245
6213 3252 3297 3238
6214 134 3281 3268
6215 3250 3290 3276
6216 3276 3290 3232
6217 3251 3283 3277
6218 1824 3271 1823
6219 1826 3270 1825
6220 1853 3275 3274
6221 1840 3272 1839
6222 1842 3273 1841
6223 3252 3294 3241
6224 3242 3262 133
6225 3255 3290 3280
6226 3280 3290 3250
6227 3236 3249 3247
6228 3241 3294 3261
6229 3277 3283 3256
6230 135 3299 3281
6231 3247 3260 3240
6232 3240 3260 3248
6233 3245 3270 3238
6234 3241 3261 3249
6235 3239 3273 3253
6236 3270 3303 3238
6237 3261 3293 3249
6238 3269 3302 3301
6239 3246 3273 3239
6240 1833 3279 1832
6241 3244 3295 3263
6242 3269 3301 3300
6243 3300 3301 3254
6244 3281 3299 3243
6245 3247 3292 3260
6246 3260 3291 3248
6247 3238 3303 3252
6248 3301 3302 1854
6249 3252 3303 1827
6250 1828 3294 3252
6251 3287 3290 3255
6252 3232 3290 3287
6253 1844 3286 3253
6254 1845 3286 1844
6255 3253 3286 3244
6256 3255 3300 3287
6257 3287 3300 3254
6258 3272 3273 3246
6259 3286 3295 3244
6260 3249 3279 3247
6261 1835 3292 1834
6262 1837 3291 1836
6263 1831 3293 1830
6264 1829 3294 1828
6265 1847 3295 1846
6266 1849 3296 1848
6267 1827 3303 1826
6268 1825 3304 1824
6269 3260 3292 1835
6270 1836 3291 3260
6271 3261 3294 1829
6272 1830 3293 3261
6273 1848 3296 3263
6274 3262 3296 1849
6275 3263 3295 1847
6276 1824 3304 3271
6277 3270 3304 1825
6278 1826 3303 3270
6279 3242 3296 3262
6280 3263 3296 3242
6281 3245 3304 3270
6282 3271 3304 3245
6283 1732 3302 1851
6284 1853 3274 6
2 50000 2 266
6285 3307 3346 3327
6286 1869 3331 1868
6287 1874 3332 1873
6288 1886 3330 1885
6289 1883 3329 1882
6290 1891 3397 3339
6291 3327 3388 3307
6292 3315 3342 3328
6293 3308 3398 3328
6294 3328 3342 3308
6295 3329 3343 1882
6296 3339 3397 3326
6297 1891 3339 1890
6298 3328 3362 3315
6299 1865 3335 1864
6300 3347 3396 1894
6301 1869 3366 3331
6302 1886 3365 3330
6303 3331 3361 1868
6304 3362 3395 1877
6305 1883 3351 3329
6306 3332 3367 1873
6307 1874 3353 3332
6308 10 3360 1879
6309 181 3360 10
6310 3328 3398 3337
6311 3329 3372 3308
6312 3308 3358 3329
6313 3330 3357 1885
6314 3333 3384 3318
6315 3309 3384 3333
6316 1859 3336 1858
6317 3340 3407 3324
6318 3325 3406 3341
6319 1888 3364 3333
6320 3386 3407 3340
6321 3341 3406 3387
6322 1871 3363 3334
6323 1895 3347 1894
6324 3327 3396 3347
6325 3307 3388 3349
6326 3333 3391 3309
6327 3349 3393 3307
6328 3366 3382 3331
6329 3365 3380 3330
6330 1884 3357 3351
6331 1897 3341 1896
6332 1863 3340 1862
6333 3335 3371 1864
6334 3328 3395 3362
6335 3333 3378 1888
6336 1878 3362 1877
6337 3334 3379 1871
6338 3347 3388 3327
6339 3341 3370 1896
6340 1863 3371 3340
6341 3322 3371 3335
6342 3318 3378 3333
6343 3331 3373 3361
6344 3320 3382 3366
6345 3318 3380 3365
6346 1865 3368 3335
6347 3335 3368 3321
6348 179 3338 180
6349 3311 3359 3348
6350 3348 3359 3316
6351 3335 3393 3322
6352 3321 3390 3335
6353 1882 3343 1881
6354 3350 3359 3321
6355 3316 3359 3350
6356 3361 3373 3316
6357 3351 3357 3314
6358 3323 3370 3341
6359 3340 3371 3322
6360 3355 3385 3319
6361 3384 3385 3355
6362 1893 3345 1892
6363 3337 3375 1876
6364 1859 3400 3336
6365 3336 3401 1858
6366 3305 3381 3369
6367 3346 3409 3327
6368 3379 3394 3320
6369 1884 3351 1883
6370 1867 3350 1866
6371 3336 3406 3401
6372 3400 3407 3336
6373 1875 3353 1874
6374 1889 3364 1888
6375 1872 3363 1871
6376 3312 3358 3342
6377 3337 3398 3313
6378 1885 3357 1884
6379 3349 3388 3323
6380 3369 3381 3332
6381 3343 3358 3312
6382 3313 3375 3337
6383 3338 3399 3312
6384 3312 3404 3343
6385 3314 3356 3352
6386 3352 3356 3313
6387 1861 3376 1733
6388 1734 3377 1898
6389 1733 3376 1860
6390 1857 3377 1734
6391 3344 3404 3312
6392 1873 3367 1872
6393 3342 3358 3308
6394 3324 3407 3400
6395 3401 3406 3325
6396 1876 3395 3337
6397 3322 3393 3349
6398 1872 3367 3363
6399 3334 3394 3379
6400 1867 3361 3350
6401 3321 3359 3346
6402 3346 3359 3311
6403 3315 3405 3342
6404 3344 3399 178
6405 3312 3399 3344
6406 3337 3395 3328
6407 3329 3358 3343
6408 1893 3396 3345
6409 3345 3397 1892
6410 3326 3408 3348
6411 3350 3361 3316
6412 3311 3409 3346
6413 1876 3375 1875
6414 3374 3380 3305
6415 3308 3372 3352
6416 1880 3404 3344
6417 3348 3410 3326
6418 178 3399 179
6419 3317 3389 3339
6420 3348 3408 3311
6421 180 3392 181
6422 1897 3402 3341
6423 3340 3403 1862
6424 3307 3390 3346
6425 3346 3390 3321
6426 3341 3402 3325
6427 3324 3403 3340
6428 1888 3378 1887
6429 3330 3380 3374
6430 1871 3379 1870
6431 179 3399 3338
6432 3350 3368 1866
6433 3321 3368 3350
6434 3345 3408 3397
6435 3396 3409 3345
6436 3312 3405 3338
6437 3315 3392 3338
6438 3305 3369 3356
6439 3306 3410 3348
6440 3326 3410 3339
6441 3339 3383 3317
6442 3338 3392 180
6443 1881 3404 1880
6444 3338 3405 3315
6445 3339 3389 1890
6446 3317 3411 3354
6447 3354 3411 3320
6448 3342 3405 3312
6449 3332 3381 3367
6450 3367 3381 3319
6451 3322 3386 3340
6452 3341 3387 3323
6453 3310 3386 3349
6454 3323 3387 3349
6455 3349 3386 3322
6456 3349 3387 3310
6457 3348 3373 3306
6458 3316 3373 3348
6459 181 3392 3360
6460 3313 3398 3352
6461 3315 3412 3360
6462 3363 3385 3334
6463 3319 3385 3363
6464 1895 3370 3347
6465 1868 3361 1867
6466 3347 3370 3323
6467 3364 3391 3333
6468 3317 3391 3364
6469 3362 3412 3315
6470 3353 3375 3313
6471 3344 3413 1880
6472 178 3413 3344
6473 3343 3404 1881
6474 1877 3395 1876
6475 1875 3375 3353
6476 1887 3365 1886
6477 1870 3366 1869
6478 3356 3374 3305
6479 3323 3388 3347
6480 3314 3372 3351
6481 3352 3372 3314
6482 3363 3367 3319
6483 3383 3411 3317
6484 3320 3411 3382
6485 3353 3369 3332
6486 3313 3369 3353
6487 3330 3374 3357
6488 3357 3374 3314
6489 1866 3368 1865
6490 1896 3370 1895
6491 1864 3371 1863
6492 3331 3382 3373
6493 3373 3382 3306
6494 1890 3389 1889
6495 3351 3372 3329
6496 3365 3378 3318
6497 3366 3379 3320
6498 3355 3381 3305
6499 3319 3381 3355
6500 3355 3380 3318
6501 3305 3380 3355
6502 3356 3369 3313
6503 3318 3384 3355
6504 1860 3400 1859
6505 1858 3401 1857
6506 1862 3403 1861
6507 1898 3402 1897
6508 3309 3391 3354
6509 3309 3394 3385
6510 3385 3394 3334
6511 3320 3394 3354
6512 3354 3391 3317
6513 3310 3407 3386
6514 3387 3406 3310
6515 1892 3397 1891
6516 1894 3396 1893
6517 3309 3385 3384
6518 3314 3374 3356
6519 3364 3389 3317
6520 3352 3398 3308
6521 3354 3394 3309
6522 9 3413 178
6523 1880 3413 9
6524 3397 3408 3326
6525 3327 3409 3396
6526 3345 3409 3408
6527 3408 3409 3311
6528 1879 3412 1878
6529 3360 3392 3315
6530 1889 3389 3364
6531 1887 3378 3365
6532 1870 3379 3366
6533 3339 3410 3383
6534 3390 3393 3335
6535 3307 3393 3390
6536 3360 3412 1879
6537 1861 3403 3376
6538 3377 3402 1898
6539 1857 3401 3377
6540 3376 3400 1860
6541 3406 3407 3310
6542 3336 3407 3406
6543 1878 3412 3362
6544 3324 3400 3376
6545 3377 3401 3325
6546 3325 3402 3377
6547 3376 3403 3324
6548 3382 3411 3306
6549 3306 3411 3383
6550 3383 3410 3306
2 40 3 181
6551 3421 3422 3777 3778
6552 3602 3597 3598 3601
6553 3417 3415 3420 3779
6554 3754 3445 3446 3753
6555 3755 3444 3445 3754
6556 3749 3450 3451 3748
6557 3765 3434 3435 3764
6558 3777 3422 3423 3776
6559 3414 3416 3600 3599
6560 3744 3455 3456 3743
6561 3763 3436 3437 3762
6562 3770 3429 3430 3769
6563 3604 3595 3596 3603
6564 3774 3425 3426 3773
6565 3771 3428 3429 3770
6566 3758 3441 3442 3757
6567 3773 3426 3427 3772
6568 3605 3594 3595 3604
6569 3760 3439 3440 3759
6570 3610 3589 3590 3609
6571 3775 3424 3425 3774
6572 3776 3423 3424 3775
6573 3766 3433 3434 3765
6574 3603 3596 3597 3602
6575 3764 3435 3436 3763
6576 3768 3431 3432 3767
6577 3761 3438 3439 3760
6578 3772 3427 3428 3771
6579 3769 3430 3431 3768
6580 3759 3440 3441 3758
6581 3609 3590 3591 3608
6582 3420 3421 3778 3779
6583 3620 3579 3580 3619
6584 3626 3573 3574 3625
6585 3616 3583 3584 3615
6586 3606 3593 3594 3605
6587 3611 3588 3589 3610
6588 3622 3577 3578 3621
6589 3615 3584 3585 3614
6590 3612 3587 3588 3611
6591 3617 3582 3583 3616
6592 3621 3578 3579 3620
6593 3601 3598 3599 3600
6594 3607 3592 3593 3606
6595 3747 3452 3453 3746
6596 3739 3460 3461 3738
6597 3715 3484 3485 3714
6598 3741 3458 3459 3740
6599 3724 3475 3476 3723
6600 3742 3457 3458 3741
6601 3632 3567 3568 3631
6602 3753 3446 3447 3752
6603 3757 3442 3443 3756
6604 3745 3454 3455 3744
6605 3746 3453 3454 3745
6606 3710 3489 3490 3709
6607 3762 3437 3438 3761
6608 3608 3591 3592 3607
6609 3720 3479 3480 3719
6610 3627 3572 3573 3626
6611 3743 3456 3457 3742
6612 3732 3467 3468 3731
6613 3719 3480 3481 3718
6614 3756 3443 3444 3755
6615 3614 3585 3586 3613
6616 3734 3465 3466 3733
6617 3751 3448 3449 3750
6618 3735 3464 3465 3734
6619 3738 3461 3462 3737
6620 3752 3447 3448 3751
6621 3750 3449 3450 3749
6622 3721 3478 3479 3720
6623 3729 3470 3471 3728
6624 3767 3432 3433 3766
6625 3748 3451 3452 3747
6626 3613 3586 3587 3612
6627 3731 3468 3469 3730
6628 3628 3571 3572 3627
6629 3727 3472 3473 3726
6630 3619 3580 3581 3618
6631 3623 3576 3577 3622
6632 3736 3463 3464 3735
6633 3726 3473 3474 3725
6634 3730 3469 3470 3729
6635 3629 3570 3571 3628
6636 3725 3474 3475 3724
6637 3618 3581 3582 3617
6638 3740 3459 3460 3739
6639 3633 3566 3567 3632
6640 3737 3462 3463 3736
6641 3624 3575 3576 3623
6642 3679 3520 3521 3678
6643 3640 3559 3560 3639
6644 3636 3563 3564 3635
6645 3631 3568 3569 3630
6646 3651 3548 3549 3650
6647 3668 3531 3532 3667
6648 3625 3574 3575 3624
6649 3634 3565 3566 3633
6650 3645 3554 3555 3644
6651 3667 3532 3533 3666
6652 3695 3504 3505 3694
6653 3644 3555 3556 3643
6654 3656 3543 3544 3655
6655 3661 3538 3539 3660
6656 3630 3569 3570 3629
6657 3635 3564 3565 3634
6658 3650 3549 3550 3649
6659 3639 3560 3561 3638
6660 3690 3509 3510 3689
6661 3662 3537 3538 3661
6662 3685 3514 3515 3684
6663 3718 3481 3482 3717
6664 3670 3529 3530 3669
6665 3676 3523 3524 3675
6666 3700 3499 3500 3699
6667 3716 3483 3484 3715
6668 3657 3542 3543 3656
6669 3653 3546 3547 3652
6670 3723 3476 3477 3722
6671 3675 3524 3525 3674
6672 3712 3487 3488 3711
6673 3709 3490 3491 3708
6674 3664 3535 3536 3663
6675 3681 3518 3519 3680
6676 3717 3482 3483 3716
6677 3658 3541 3542 3657
6678 3714 3485 3486 3713
6679 3713 3486 3487 3712
6680 3652 3547 3548 3651
6681 3674 3525 3526 3673
6682 3680 3519 3520 3679
6683 3647 3552 3553 3646
6684 3703 3496 3497 3702
6685 3722 3477 3478 3721
6686 3641 3558 3559 3640
6687 3643 3556 3557 3642
6688 3711 3488 3489 3710
6689 3698 3501 3502 3697
6690 3733 3466 3467 3732
6691 3696 3503 3504 3695
6692 3637 3562 3563 3636
6693 3648 3551 3552 3647
6694 3702 3497 3498 3701
6695 3682 3517 3518 3681
6696 3687 3512 3513 3686
6697 3638 3561 3562 3637
6698 3692 3507 3508 3691
6699 3688 3511 3512 3687
6700 3663 3536 3537 3662
6701 3701 3498 3499 3700
6702 3706 3493 3494 3705
6703 3728 3471 3472 3727
6704 3642 3557 3558 3641
6705 3697 3502 3503 3696
6706 3671 3528 3529 3670
6707 3686 3513 3514 3685
6708 3659 3540 3541 3658
6709 3707 3492 3493 3706
6710 3705 3494 3495 3704
6711 3654 3545 3546 3653
6712 3665 3534 3535 3664
6713 3646 3553 3554 3645
6714 3708 3491 3492 3707
6715 3669 3530 3531 3668
6716 3704 3495 3496 3703
6717 3691 3508 3509 3690
6718 3683 3516 3517 3682
6719 3672 3527 3528 3671
6720 3694 3505 3506 3693
6721 3678 3521 3522 3677
6722 3677 3522 3523 3676
6723 3655 3544 3545 3654
6724 3649 3550 3551 3648
6725 3693 3506 3507 3692
6726 3660 3539 3540 3659
6727 3684 3515 3516 3683
6728 3666 3533 3534 3665
6729 3673 3526 3527 3672
6730 3689 3510 3511 3688
6731 3699 3500 3501 3698
2 40 3 181
6732 3778 3779 3959 3958
6733 3659 3660 3840 3839
6734 3610 3611 3791 3790
6735 3749 3750 3930 3929
6736 3654 3655 3835 3834
6737 3816 3636 3637 3817
6738 3761 3762 3942 3941
6739 3766 3767 3947 3946
6740 3625 3626 3806 3805
6741 3767 3768 3948 3947
6742 3793 3613 3614 3794
6743 3811 3631 3632 3812
6744 3785 3605 3606 3786
6745 3808 3628 3629 3809
6746 3651 3652 3832 3831
6747 3622 3623 3803 3802
6748 3823 3643 3644 3824
6749 3796 3616 3617 3797
6750 3791 3611 3612 3792
6751 3818 3638 3639 3819
6752 3621 3622 3802 3801
6753 3772 3773 3953 3952
6754 3828 3648 3649 3829
6755 3795 3615 3616 3796
6756 3942 3762 3763 3943
6757 3620 3621 3801 3800
6758 3606 3607 3787 3786
6759 3797 3617 3618 3798
6760 3618 3619 3799 3798
6761 3418 3416 3600 3780
6762 3417 3419 3959 3779
6763 3629 3630 3810 3809
6764 3936 3756 3757 3937
6765 3806 3626 3627 3807
6766 3652 3653 3833 3832
6767 3794 3614 3615 3795
6768 3803 3623 3624 3804
6769 3949 3769 3770 3950
6770 3799 3619 3620 3800
6771 3602 3603 3783 3782
6772 3608 3609 3789 3788
6773 3955 3775 3776 3956
6774 3603 3604 3784 3783
6775 3956 3776 3777 3957
6776 3835 3655 3656 3836
6777 3953 3773 3774 3954
6778 3813 3633 3634 3814
6779 3784 3604 3605 3785
6780 3768 3769 3949 3948
6781 3744 3745 3925 3924
6782 3612 3613 3793 3792
6783 3755 3756 3936 3935
6784 3954 3774 3775 3955
6785 3781 3601 3602 3782
6786 3600 3601 3781 3780
6787 3607 3608 3788 3787
6788 3807 3627 3628 3808
6789 3804 3624 3625 3805
6790 3836 3656 3657 3837
6791 3657 3658 3838 3837
6792 3810 3630 3631 3811
6793 3830 3650 3651 3831
6794 3653 3654 3834 3833
6795 3665 3666 3846 3845
6796 3668 3669 3849 3848
6797 3814 3634 3635 3815
6798 3662 3663 3843 3842
6799 3817 3637 3638 3818
6800 3820 3640 3641 3821
6801 3661 3662 3842 3841
6802 3658 3659 3839 3838
6803 3827 3647 3648 3828
6804 3812 3632 3633 3813
6805 3821 3641 3642 3822
6806 3815 3635 3636 3816
6807 3829 3649 3650 3830
6808 3825 3645 3646 3826
6809 3666 3667 3847 3846
6810 3822 3642 3643 3823
6811 3824 3644 3645 3825
6812 3609 3610 3790 3789
6813 3819 3639 3640 3820
6814 3663 3664 3844 3843
6815 3660 3661 3841 3840
6816 3826 3646 3647 3827
6817 3704 3705 3885 3884
6818 3736 3737 3917 3916
6819 3730 3731 3911 3910
6820 3728 3729 3909 3908
6821 3764 3765 3945 3944
6822 3750 3751 3931 3930
6823 3725 3726 3906 3905
6824 3710 3711 3891 3890
6825 3732 3733 3913 3912
6826 3735 3736 3916 3915
6827 3705 3706 3886 3885
6828 3723 3724 3904 3903
6829 3672 3673 3853 3852
6830 3715 3716 3896 3895
6831 3721 3722 3902 3901
6832 3711 3712 3892 3891
6833 3740 3741 3921 3920
6834 3734 3735 3915 3914
6835 3664 3665 3845 3844
6836 3758 3759 3939 3938
6837 3759 3760 3940 3939
6838 3738 3739 3919 3918
6839 3717 3718 3898 3897
6840 3733 3734 3914 3913
6841 3679 3680 3860 3859
6842 3739 3740 3920 3919
6843 3673 3674 3854 3853
6844 3747 3748 3928 3927
6845 3752 3753 3933 3932
6846 3757 3758 3938 3937
6847 3737 3738 3918 3917
6848 3712 3713 3893 3892
6849 3741 3742 3922 3921
6850 3745 3746 3926 3925
6851 3727 3728 3908 3907
6852 3754 3755 3935 3934
6853 3770 3771 3951 3950
6854 3748 3749 3929 3928
6855 3763 3764 3944 3943
6856 3674 3675 3855 3854
6857 3742 3743 3923 3922
6858 3771 3772 3952 3951
6859 3746 3747 3927 3926
6860 3724 3725 3905 3904
6861 3722 3723 3903 3902
6862 3716 3717 3897 3896
6863 3777 3778 3958 3957
6864 3669 3670 3850 3849
6865 3670 3671 3851 3850
6866 3751 3752 3932 3931
6867 3765 3766 3946 3945
6868 3667 3668 3848 3847
6869 3760 3761 3941 3940
6870 3698 3699 3879 3878
6871 3743 3744 3924 3923
6872 3700 3701 3881 3880
6873 3753 3754 3934 3933
6874 3729 3730 3910 3909
6875 3676 3677 3857 3856
6876 3718 3719 3899 3898
6877 3671 3672 3852 3851
6878 3699 3700 3880 3879
6879 3677 3678 3858 3857
6880 3688 3689 3869 3868
6881 3690 3691 3871 3870
6882 3692 3693 3873 3872
6883 3680 3681 3861 3860
6884 3685 3686 3866 3865
6885 3675 3676 3856 3855
6886 3695 3696 3876 3875
6887 3681 3682 3862 3861
6888 3683 3684 3864 3863
6889 3678 3679 3859 3858
6890 3682 3683 3863 3862
6891 3691 3692 3872 3871
6892 3689 3690 3870 3869
6893 3703 3704 3884 3883
6894 3707 3708 3888 3887
6895 3708 3709 3889 3888
6896 3709 3710 3890 3889
6897 3694 3695 3875 3874
6898 3726 3727 3907 3906
6899 3687 3688 3868 3867
6900 3720 3721 3901 3900
6901 3731 3732 3912 3911
6902 3706 3707 3887 3886
6903 3693 3694 3874 3873
6904 3719 3720 3900 3899
6905 3702 3703 3883 3882
6906 3684 3685 3865 3864
6907 3714 3715 3895 3894
6908 3696 3697 3877 3876
6909 3713 3714 3894 3893
6910 3697 3698 3878 3877
6911 3701 3702 3882 3881
6912 3686 3687 3867 3866
2 40 2 359
6913 1793 3900 3901
6914 3900 1793 3899
6915 3899 1794 3898
6916 3898 1794 1795
6917 1794 3899 1793
6918 1790 1791 3903
6919 3903 1791 3902
6920 1790 3903 3904
6921 3902 1792 3901
6922 1792 3902 1791
6923 3901 1792 1793
6924 1798 1799 3894
6925 1799 3893 3894
6926 3893 1799 1800
6927 3893 1800 3892
6928 1798 3894 3895
6929 1795 3897 3898
6930 3897 1795 1796
6931 3897 1796 3896
6932 1797 3895 3896
6933 3895 1797 1798
6934 1797 3896 1796
6935 3912 1781 1782
6936 3911 1783 3910
6937 1783 3911 1782
6938 3910 1783 1784
6939 3912 1782 3911
6940 3915 1778 1779
6941 3914 1779 1780
6942 3915 1779 3914
6943 1781 3913 1780
6944 3913 1781 3912
6945 1780 3913 3914
6946 1787 1788 3906
6947 3906 1788 3905
6948 1787 3906 3907
6949 3905 1789 3904
6950 1789 3905 1788
6951 3904 1789 1790
6952 1784 1785 3909
6953 3909 1785 3908
6954 1784 3909 3910
6955 3908 1786 3907
6956 1786 3908 1785
6957 3907 1786 1787
6958 1815 3877 3878
6959 3877 1815 1816
6960 1816 1817 3876
6961 3876 1817 3875
6962 1816 3876 3877
6963 1812 1813 3880
6964 3880 1813 3879
6965 1812 3880 3881
6966 3879 1814 3878
6967 1814 3879 1813
6968 3878 1814 1815
6969 3872 1821 3871
6970 1821 3872 1820
6971 3871 1822 3870
6972 1822 3871 1821
6973 3870 1822 2
6974 3875 1818 3874
6975 1818 3875 1817
6976 3874 1818 1819
6977 1819 1820 3873
6978 3873 1820 3872
6979 1819 3873 3874
6980 1804 3889 1803
6981 3889 1804 3888
6982 3888 1805 3887
6983 3887 1805 1806
6984 1805 3888 1804
6985 3892 1801 3891
6986 3891 1801 1802
6987 1801 3892 1800
6988 1802 3890 3891
6989 3890 1802 1803
6990 3890 1803 3889
6991 1809 1810 3883
6992 3883 1810 3882
6993 1809 3883 3884
6994 3882 1811 3881
6995 1811 3882 1810
6996 3881 1811 1812
6997 1806 3886 3887
6998 3886 1806 1807
6999 3886 1807 3885
7000 1808 3884 3885
7001 3884 1808 1809
7002 1808 3885 1807
7003 3946 1747 1748
7004 1749 1750 3944
7005 3944 1750 3943
7006 1748 1749 3945
7007 3944 3945 1749
7008 3948 1745 1746
7009 3949 1744 1745
7010 1747 3947 1746
7011 1747 3946 3947
7012 1748 3945 3946
7013 3947 3948 1746
7014 3940 1753 1754
7015 3939 1755 3938
7016 1755 3939 1754
7017 3938 1755 1756
7018 3940 1754 3939
7019 3943 1751 3942
7020 1751 3943 1750
7021 3942 1751 1752
7022 1753 3941 1752
7023 3941 1753 3940
7024 1752 3941 3942
7025 1730 1735 3959
7026 1737 1738 3956
7027 1736 1737 3957
7028 1735 1736 3958
7029 1735 3958 3959
7030 3959 3419 1730
7031 3957 3958 1736
7032 3956 3957 1737
7033 1738 3955 3956
7034 1738 1739 3955
7035 3952 1741 1742
7036 3953 1740 1741
7037 3949 3950 1744
7038 3949 1745 3948
7039 1742 1743 3951
7040 1744 3950 1743
7041 1740 3954 1739
7042 1740 3953 3954
7043 1739 3954 3955
7044 3952 3953 1741
7045 1742 3951 3952
7046 1743 3950 3951
7047 3923 1770 1771
7048 3922 1772 3921
7049 1772 3922 1771
7050 3921 1772 1773
7051 3923 1771 3922
7052 3926 1767 1768
7053 3925 1768 1769
7054 3926 1768 3925
7055 1770 3924 1769
7056 3924 1770 3923
7057 1769 3924 3925
7058 1776 3917 3918
7059 3917 1776 1777
7060 1778 3916 1777
7061 3916 1778 3915
7062 1777 3916 3917
7063 1773 1774 3920
7064 3920 1774 3919
7065 1773 3920 3921
7066 3919 1775 3918
7067 1775 3919 1774
7068 3918 1775 1776
7069 1759 3934 3935
7070 3934 1759 1760
7071 1760 1761 3933
7072 3933 1761 3932
7073 1760 3933 3934
7074 1756 1757 3937
7075 3937 1757 3936
7076 1756 3937 3938
7077 3936 1758 3935
7078 1758 3936 1757
7079 3935 1758 1759
7080 3929 1764 1765
7081 3928 1765 1766
7082 3929 1765 3928
7083 1767 3927 1766
7084 3927 1767 3926
7085 1766 3927 3928
7086 3932 1762 3931
7087 1762 3932 1761
7088 3931 1762 1763
7089 1764 3930 1763
7090 3930 1764 3929
7091 1763 3930 3931
7092 39 3809 40
7093 3809 39 3808
7094 3808 38 3807
7095 3807 38 37
7096 38 3808 39
7097 3812 42 3811
7098 3811 42 41
7099 42 3812 43
7100 41 3810 3811
7101 3810 41 40
7102 3810 40 3809
7103 34 33 3803
7104 3802 33 32
7105 3801 32 31
7106 33 3802 3803
7107 34 3803 3804
7108 37 3806 3807
7109 3806 37 36
7110 3806 36 3805
7111 35 3804 3805
7112 3804 35 34
7113 35 3805 36
7114 51 50 3820
7115 50 3819 3820
7116 3819 50 49
7117 3819 49 3818
7118 51 3820 3821
7119 54 53 3823
7120 3823 53 3822
7121 54 3823 3824
7122 52 3821 3822
7123 3821 52 51
7124 52 3822 53
7125 3815 45 3814
7126 3814 45 44
7127 45 3815 46
7128 44 3813 3814
7129 3813 44 43
7130 3813 43 3812
7131 3818 48 3817
7132 3817 48 47
7133 48 3818 49
7134 47 3816 3817
7135 3816 47 46
7136 3816 46 3815
7137 3785 16 15
7138 3782 13 12
7139 3783 14 13
7140 3784 15 14
7141 3789 19 3788
7142 20 19 3789
7143 3787 18 17
7144 16 3786 17
7145 19 18 3788
7146 20 3789 3790
7147 12 11 3781
7148 3782 3783 13
7149 12 3781 3782
7150 3780 3781 11
7151 3780 1 3418
7152 3787 3788 18
7153 3786 3787 17
7154 3784 3785 15
7155 3786 16 3785
7156 14 3783 3784
7157 11 1 3780
7158 28 27 3797
7159 28 3797 3798
7160 3796 3797 27
7161 3796 27 26
7162 28 3798 29
7163 32 3801 3802
7164 31 30 3800
7165 31 3800 3801
7166 3799 3800 30
7167 3799 29 3798
7168 3799 30 29
7169 22 21 3791
7170 23 22 3792
7171 22 3791 3792
7172 3791 21 3790
7173 21 20 3790
7174 23 3792 3793
7175 26 3795 3796
7176 3794 25 24
7177 3795 26 25
7178 25 3794 3795
7179 3794 24 3793
7180 24 23 3793
7181 3855 85 84
7182 3854 83 3853
7183 83 3854 84
7184 3853 83 82
7185 3855 84 3854
7186 3858 87 3857
7187 87 3858 88
7188 3857 87 86
7189 85 3856 86
7190 3856 85 3855
7191 86 3856 3857
7192 79 3849 3850
7193 3849 79 78
7194 78 77 3848
7195 3848 77 3847
7196 78 3848 3849
7197 82 81 3852
7198 3852 81 3851
7199 82 3852 3853
7200 3851 80 3850
7201 80 3851 81
7202 3850 80 79
7203 96 3866 3867
7204 3866 96 95
7205 95 94 3865
7206 3865 94 3864
7207 95 3865 3866
7208 2 98 3869
7209 3869 98 3868
7210 2 3869 3870
7211 3868 97 3867
7212 97 3868 98
7213 3867 97 96
7214 3861 90 3860
7215 90 3861 91
7216 3860 90 89
7217 89 88 3859
7218 3859 88 3858
7219 89 3859 3860
7220 3864 93 3863
7221 93 3864 94
7222 3863 93 92
7223 92 91 3862
7224 3862 91 3861
7225 92 3862 3863
7226 62 3832 63
7227 3832 62 3831
7228 3831 61 3830
7229 3830 61 60
7230 61 3831 62
7231 3835 65 3834
7232 3834 65 64
7233 65 3835 66
7234 64 3833 3834
7235 3833 64 63
7236 3833 63 3832
7237 57 56 3826
7238 3826 56 3825
7239 57 3826 3827
7240 55 3824 3825
7241 3824 55 54
7242 55 3825 56
7243 60 3829 3830
7244 3829 60 59
7245 3829 59 3828
7246 58 3827 3828
7247 3827 58 57
7248 58 3828 59
7249 3844 74 73
7250 3843 72 3842
7251 72 3843 73
7252 3842 72 71
7253 3844 73 3843
7254 3847 76 3846
7255 76 3847 77
7256 3846 76 75
7257 74 3845 75
7258 3845 74 3844
7259 75 3845 3846
7260 3838 68 3837
7261 3837 68 67
7262 68 3838 69
7263 67 3836 3837
7264 3836 67 66
7265 3836 66 3835
7266 71 70 3841
7267 3841 70 3840
7268 71 3841 3842
7269 3840 69 3839
7270 69 3840 70
7271 3839 69 3838
0 99 15 1
7272 3414
$EndElements
