$MeshFormat
4.1 0 8
$EndMeshFormat
$PhysicalNames
10
2 10 "stator"
2 41 "air"
2 30 "shaft"
2 50 "outair"
2 10000 "single_winding_0"
2 10001 "single_winding_1"
2 10002 "single_winding_2"
2 10003 "single_winding_3"
2 10004 "single_winding_4"
2 10005 "single_winding_5"
$EndPhysicalNames
$Entities
0 0 10 0
10 0 0 0 1 1 1 1 10 0
30 0 0 0 1 1 1 1 30 0
41 0 0 0 1 1 1 1 41 0
50 0 0 0 1 1 1 1 50 0
10000 0 0 0 1 1 1 1 10000 0
10001 0 0 0 1 1 1 1 10001 0
10002 0 0 0 1 1 1 1 10002 0
10003 0 0 0 1 1 1 1 10003 0
10004 0 0 0 1 1 1 1 10004 0
10005 0 0 0 1 1 1 1 10005 0
$EndEntities
$Nodes
1 2202 1 2202
2 1 0 2202
1
2
3
4
5
6
7
8
9
10
11
12
13
14
15
16
17
18
19
20
21
22
23
24
25
26
27
28
29
30
31
32
33
34
35
36
37
38
39
40
41
42
43
44
45
46
47
48
49
50
51
52
53
54
55
56
57
58
59
60
61
62
63
64
65
66
67
68
69
70
71
72
73
74
75
76
77
78
79
80
81
82
83
84
85
86
87
88
89
90
91
92
93
94
95
96
97
98
99
100
101
102
103
104
105
106
107
108
109
110
111
112
113
114
115
116
117
118
119
120
121
122
123
124
125
126
127
128
129
130
131
132
133
134
135
136
137
138
139
140
141
142
143
144
145
146
147
148
149
150
151
152
153
154
155
156
157
158
159
160
161
162
163
164
165
166
167
168
169
170
171
172
173
174
175
176
177
178
179
180
181
182
183
184
185
186
187
188
189
190
191
192
193
194
195
196
197
198
199
200
201
202
203
204
205
206
207
208
209
210
211
212
213
214
215
216
217
218
219
220
221
222
223
224
225
226
227
228
229
230
231
232
233
234
235
236
237
238
239
240
241
242
243
244
245
246
247
248
249
250
251
252
253
254
255
256
257
258
259
260
261
262
263
264
265
266
267
268
269
270
271
272
273
274
275
276
277
278
279
280
281
282
283
284
285
286
287
288
289
290
291
292
293
294
295
296
297
298
299
300
301
302
303
304
305
306
307
308
309
310
311
312
313
314
315
316
317
318
319
320
321
322
323
324
325
326
327
328
329
330
331
332
333
334
335
336
337
338
339
340
341
342
343
344
345
346
347
348
349
350
351
352
353
354
355
356
357
358
359
360
361
362
363
364
365
366
367
368
369
370
371
372
373
374
375
376
377
378
379
380
381
382
383
384
385
386
387
388
389
390
391
392
393
394
395
396
397
398
399
400
401
402
403
404
405
406
407
408
409
410
411
412
413
414
415
416
417
418
419
420
421
422
423
424
425
426
427
428
429
430
431
432
433
434
435
436
437
438
439
440
441
442
443
444
445
446
447
448
449
450
451
452
453
454
455
456
457
458
459
460
461
462
463
464
465
466
467
468
469
470
471
472
473
474
475
476
477
478
479
480
481
482
483
484
485
486
487
488
489
490
491
492
493
494
495
496
497
498
499
500
501
502
503
504
505
506
507
508
509
510
511
512
513
514
515
516
517
518
519
520
521
522
523
524
525
526
527
528
529
530
531
532
533
534
535
536
537
538
539
540
541
542
543
544
545
546
547
548
549
550
551
552
553
554
555
556
557
558
559
560
561
562
563
564
565
566
567
568
569
570
571
572
573
574
575
576
577
578
579
580
581
582
583
584
585
586
587
588
589
590
591
592
593
594
595
596
597
598
599
600
601
602
603
604
605
606
607
608
609
610
611
612
613
614
615
616
617
618
619
620
621
622
623
624
625
626
627
628
629
630
631
632
633
634
635
636
637
638
639
640
641
642
643
644
645
646
647
648
649
650
651
652
653
654
655
656
657
658
659
660
661
662
663
664
665
666
667
668
669
670
671
672
673
674
675
676
677
678
679
680
681
682
683
684
685
686
687
688
689
690
691
692
693
694
695
696
697
698
699
700
701
702
703
704
705
706
707
708
709
710
711
712
713
714
715
716
717
718
719
720
721
722
723
724
725
726
727
728
729
730
731
732
733
734
735
736
737
738
739
740
741
742
743
744
745
746
747
748
749
750
751
752
753
754
755
756
757
758
759
760
761
762
763
764
765
766
767
768
769
770
771
772
773
774
775
776
777
778
779
780
781
782
783
784
785
786
787
788
789
790
791
792
793
794
795
796
797
798
799
800
801
802
803
804
805
806
807
808
809
810
811
812
813
814
815
816
817
818
819
820
821
822
823
824
825
826
827
828
829
830
831
832
833
834
835
836
837
838
839
840
841
842
843
844
845
846
847
848
849
850
851
852
853
854
855
856
857
858
859
860
861
862
863
864
865
866
867
868
869
870
871
872
873
874
875
876
877
878
879
880
881
882
883
884
885
886
887
888
889
890
891
892
893
894
895
896
897
898
899
900
901
902
903
904
905
906
907
908
909
910
911
912
913
914
915
916
917
918
919
920
921
922
923
924
925
926
927
928
929
930
931
932
933
934
935
936
937
938
939
940
941
942
943
944
945
946
947
948
949
950
951
952
953
954
955
956
957
958
959
960
961
962
963
964
965
966
967
968
969
970
971
972
973
974
975
976
977
978
979
980
981
982
983
984
985
986
987
988
989
990
991
992
993
994
995
996
997
998
999
1000
1001
1002
1003
1004
1005
1006
1007
1008
1009
1010
1011
1012
1013
1014
1015
1016
1017
1018
1019
1020
1021
1022
1023
1024
1025
1026
1027
1028
1029
1030
1031
1032
1033
1034
1035
1036
1037
1038
1039
1040
1041
1042
1043
1044
1045
1046
1047
1048
1049
1050
1051
1052
1053
1054
1055
1056
1057
1058
1059
1060
1061
1062
1063
1064
1065
1066
1067
1068
1069
1070
1071
1072
1073
1074
1075
1076
1077
1078
1079
1080
1081
1082
1083
1084
1085
1086
1087
1088
1089
1090
1091
1092
1093
1094
1095
1096
1097
1098
1099
1100
1101
1102
1103
1104
1105
1106
1107
1108
1109
1110
1111
1112
1113
1114
1115
1116
1117
1118
1119
1120
1121
1122
1123
1124
1125
1126
1127
1128
1129
1130
1131
1132
1133
1134
1135
1136
1137
1138
1139
1140
1141
1142
1143
1144
1145
1146
1147
1148
1149
1150
1151
1152
1153
1154
1155
1156
1157
1158
1159
1160
1161
1162
1163
1164
1165
1166
1167
1168
1169
1170
1171
1172
1173
1174
1175
1176
1177
1178
1179
1180
1181
1182
1183
1184
1185
1186
1187
1188
1189
1190
1191
1192
1193
1194
1195
1196
1197
1198
1199
1200
1201
1202
1203
1204
1205
1206
1207
1208
1209
1210
1211
1212
1213
1214
1215
1216
1217
1218
1219
1220
1221
1222
1223
1224
1225
1226
1227
1228
1229
1230
1231
1232
1233
1234
1235
1236
1237
1238
1239
1240
1241
1242
1243
1244
1245
1246
1247
1248
1249
1250
1251
1252
1253
1254
1255
1256
1257
1258
1259
1260
1261
1262
1263
1264
1265
1266
1267
1268
1269
1270
1271
1272
1273
1274
1275
1276
1277
1278
1279
1280
1281
1282
1283
1284
1285
1286
1287
1288
1289
1290
1291
1292
1293
1294
1295
1296
1297
1298
1299
1300
1301
1302
1303
1304
1305
1306
1307
1308
1309
1310
1311
1312
1313
1314
1315
1316
1317
1318
1319
1320
1321
1322
1323
1324
1325
1326
1327
1328
1329
1330
1331
1332
1333
1334
1335
1336
1337
1338
1339
1340
1341
1342
1343
1344
1345
1346
1347
1348
1349
1350
1351
1352
1353
1354
1355
1356
1357
1358
1359
1360
1361
1362
1363
1364
1365
1366
1367
1368
1369
1370
1371
1372
1373
1374
1375
1376
1377
1378
1379
1380
1381
1382
1383
1384
1385
1386
1387
1388
1389
1390
1391
1392
1393
1394
1395
1396
1397
1398
1399
1400
1401
1402
1403
1404
1405
1406
1407
1408
1409
1410
1411
1412
1413
1414
1415
1416
1417
1418
1419
1420
1421
1422
1423
1424
1425
1426
1427
1428
1429
1430
1431
1432
1433
1434
1435
1436
1437
1438
1439
1440
1441
1442
1443
1444
1445
1446
1447
1448
1449
1450
1451
1452
1453
1454
1455
1456
1457
1458
1459
1460
1461
1462
1463
1464
1465
1466
1467
1468
1469
1470
1471
1472
1473
1474
1475
1476
1477
1478
1479
1480
1481
1482
1483
1484
1485
1486
1487
1488
1489
1490
1491
1492
1493
1494
1495
1496
1497
1498
1499
1500
1501
1502
1503
1504
1505
1506
1507
1508
1509
1510
1511
1512
1513
1514
1515
1516
1517
1518
1519
1520
1521
1522
1523
1524
1525
1526
1527
1528
1529
1530
1531
1532
1533
1534
1535
1536
1537
1538
1539
1540
1541
1542
1543
1544
1545
1546
1547
1548
1549
1550
1551
1552
1553
1554
1555
1556
1557
1558
1559
1560
1561
1562
1563
1564
1565
1566
1567
1568
1569
1570
1571
1572
1573
1574
1575
1576
1577
1578
1579
1580
1581
1582
1583
1584
1585
1586
1587
1588
1589
1590
1591
1592
1593
1594
1595
1596
1597
1598
1599
1600
1601
1602
1603
1604
1605
1606
1607
1608
1609
1610
1611
1612
1613
1614
1615
1616
1617
1618
1619
1620
1621
1622
1623
1624
1625
1626
1627
1628
1629
1630
1631
1632
1633
1634
1635
1636
1637
1638
1639
1640
1641
1642
1643
1644
1645
1646
1647
1648
1649
1650
1651
1652
1653
1654
1655
1656
1657
1658
1659
1660
1661
1662
1663
1664
1665
1666
1667
1668
1669
1670
1671
1672
1673
1674
1675
1676
1677
1678
1679
1680
1681
1682
1683
1684
1685
1686
1687
1688
1689
1690
1691
1692
1693
1694
1695
1696
1697
1698
1699
1700
1701
1702
1703
1704
1705
1706
1707
1708
1709
1710
1711
1712
1713
1714
1715
1716
1717
1718
1719
1720
1721
1722
1723
1724
1725
1726
1727
1728
1729
1730
1731
1732
1733
1734
1735
1736
1737
1738
1739
1740
1741
1742
1743
1744
1745
1746
1747
1748
1749
1750
1751
1752
1753
1754
1755
1756
1757
1758
1759
1760
1761
1762
1763
1764
1765
1766
1767
1768
1769
1770
1771
1772
1773
1774
1775
1776
1777
1778
1779
1780
1781
1782
1783
1784
1785
1786
1787
1788
1789
1790
1791
1792
1793
1794
1795
1796
1797
1798
1799
1800
1801
1802
1803
1804
1805
1806
1807
1808
1809
1810
1811
1812
1813
1814
1815
1816
1817
1818
1819
1820
1821
1822
1823
1824
1825
1826
1827
1828
1829
1830
1831
1832
1833
1834
1835
1836
1837
1838
1839
1840
1841
1842
1843
1844
1845
1846
1847
1848
1849
1850
1851
1852
1853
1854
1855
1856
1857
1858
1859
1860
1861
1862
1863
1864
1865
1866
1867
1868
1869
1870
1871
1872
1873
1874
1875
1876
1877
1878
1879
1880
1881
1882
1883
1884
1885
1886
1887
1888
1889
1890
1891
1892
1893
1894
1895
1896
1897
1898
1899
1900
1901
1902
1903
1904
1905
1906
1907
1908
1909
1910
1911
1912
1913
1914
1915
1916
1917
1918
1919
1920
1921
1922
1923
1924
1925
1926
1927
1928
1929
1930
1931
1932
1933
1934
1935
1936
1937
1938
1939
1940
1941
1942
1943
1944
1945
1946
1947
1948
1949
1950
1951
1952
1953
1954
1955
1956
1957
1958
1959
1960
1961
1962
1963
1964
1965
1966
1967
1968
1969
1970
1971
1972
1973
1974
1975
1976
1977
1978
1979
1980
1981
1982
1983
1984
1985
1986
1987
1988
1989
1990
1991
1992
1993
1994
1995
1996
1997
1998
1999
2000
2001
2002
2003
2004
2005
2006
2007
2008
2009
2010
2011
2012
2013
2014
2015
2016
2017
2018
2019
2020
2021
2022
2023
2024
2025
2026
2027
2028
2029
2030
2031
2032
2033
2034
2035
2036
2037
2038
2039
2040
2041
2042
2043
2044
2045
2046
2047
2048
2049
2050
2051
2052
2053
2054
2055
2056
2057
2058
2059
2060
2061
2062
2063
2064
2065
2066
2067
2068
2069
2070
2071
2072
2073
2074
2075
2076
2077
2078
2079
2080
2081
2082
2083
2084
2085
2086
2087
2088
2089
2090
2091
2092
2093
2094
2095
2096
2097
2098
2099
2100
2101
2102
2103
2104
2105
2106
2107
2108
2109
2110
2111
2112
2113
2114
2115
2116
2117
2118
2119
2120
2121
2122
2123
2124
2125
2126
2127
2128
2129
2130
2131
2132
2133
2134
2135
2136
2137
2138
2139
2140
2141
2142
2143
2144
2145
2146
2147
2148
2149
2150
2151
2152
2153
2154
2155
2156
2157
2158
2159
2160
2161
2162
2163
2164
2165
2166
2167
2168
2169
2170
2171
2172
2173
2174
2175
2176
2177
2178
2179
2180
2181
2182
2183
2184
2185
2186
2187
2188
2189
2190
2191
2192
2193
2194
2195
2196
2197
2198
2199
2200
2201
2202
8.0949999999999994e-02 0.0000000000000000e+00 0.0000000000000000e+00
1.3200000000000001e-01 0.0000000000000000e+00 0.0000000000000000e+00
1.3171737786749571e-01 8.6332130583788840e-03 0.0000000000000000e+00
1.4901666666666669e-01 0.0000000000000000e+00 0.0000000000000000e+00
1.4869761054460590e-01 9.7461563074451533e-03 0.0000000000000000e+00
8.0846287767901148e-02 4.0963708510967194e-03 0.0000000000000000e+00
8.1844146691139763e-02 4.1617739803268619e-03 0.0000000000000000e+00
8.2447721159527282e-02 2.5979012677601679e-03 0.0000000000000000e+00
1.0504922577088170e-01 4.0792821448229037e-03 0.0000000000000000e+00
1.0514247135028250e-01 4.1856083500697869e-03 0.0000000000000000e+00
1.0496588290136109e-01 6.8798274428140127e-03 0.0000000000000000e+00
8.2264592397682884e-02 5.3919062528282576e-03 0.0000000000000000e+00
8.0776679836164947e-02 5.2943833111800814e-03 0.0000000000000000e+00
9.3615237649521996e-02 6.1358668478211347e-03 0.0000000000000000e+00
1.3198869123976889e-01 1.7278266154174601e-03 0.0000000000000000e+00
1.3195476689677360e-01 3.4553571766392601e-03 0.0000000000000000e+00
1.3189823278377541e-01 5.1822956801970696e-03 0.0000000000000000e+00
1.3181909858760371e-01 6.9083462240686084e-03 0.0000000000000000e+00
1.4899671898415659e-01 2.4381707078736351e-03 0.0000000000000000e+00
1.4893688127710311e-01 4.8756886584916852e-03 0.0000000000000000e+00
1.4883716956550749e-01 7.3119012693574313e-03 0.0000000000000000e+00
1.4303753298556920e-01 9.3751752244230629e-03 0.0000000000000000e+00
1.3737745542653240e-01 9.0041941414009743e-03 0.0000000000000000e+00
1.3767222222222220e-01 0.0000000000000000e+00 0.0000000000000000e+00
1.4334444444444450e-01 0.0000000000000000e+00 0.0000000000000000e+00
8.1297070897350499e-02 4.1259167383795193e-03 0.0000000000000000e+00
8.2145906390748480e-02 3.3799089666672680e-03 0.0000000000000000e+00
8.3389993653244551e-02 2.6596610699139468e-03 0.0000000000000000e+00
8.4348999619120638e-02 2.7225176417779379e-03 0.0000000000000000e+00
8.5370416404134661e-02 2.7894648348453649e-03 0.0000000000000000e+00
8.6604875023982619e-02 2.8703755274923190e-03 0.0000000000000000e+00
8.8244915051819001e-02 2.9778694300723160e-03 0.0000000000000000e+00
9.0089101776050728e-02 3.0987438140563520e-03 0.0000000000000000e+00
9.1958615396571408e-02 3.2212782105255312e-03 0.0000000000000000e+00
9.3828702592901422e-02 3.3438502011394399e-03 0.0000000000000000e+00
9.5698789789231464e-02 3.4664221917533500e-03 0.0000000000000000e+00
9.7568876985561492e-02 3.5889941823672600e-03 0.0000000000000000e+00
9.9438964181891534e-02 3.7115661729811710e-03 0.0000000000000000e+00
1.0130905137822160e-01 3.8341381635950819e-03 0.0000000000000000e+00
1.0317913857455160e-01 3.9567101542089932e-03 0.0000000000000000e+00
1.0511786943870650e-01 4.1131334556367572e-03 0.0000000000000000e+00
1.0505417712582180e-01 5.5327178964419028e-03 0.0000000000000000e+00
8.1763482623746012e-02 0.0000000000000000e+00 0.0000000000000000e+00
8.2738988777978473e-02 0.0000000000000000e+00 0.0000000000000000e+00
8.3723532679290336e-02 0.0000000000000000e+00 0.0000000000000000e+00
8.4735561806226545e-02 0.0000000000000000e+00 0.0000000000000000e+00
8.5854336563128589e-02 0.0000000000000000e+00 0.0000000000000000e+00
8.7304781514740359e-02 0.0000000000000000e+00 0.0000000000000000e+00
8.9148287868730663e-02 0.0000000000000000e+00 0.0000000000000000e+00
9.1090039702780665e-02 0.0000000000000000e+00 0.0000000000000000e+00
9.3038133050267313e-02 0.0000000000000000e+00 0.0000000000000000e+00
9.4986226397753962e-02 0.0000000000000000e+00 0.0000000000000000e+00
9.6934319745240610e-02 0.0000000000000000e+00 0.0000000000000000e+00
9.8882413092727245e-02 0.0000000000000000e+00 0.0000000000000000e+00
1.0083050644021389e-01 0.0000000000000000e+00 0.0000000000000000e+00
1.0277859978770050e-01 0.0000000000000000e+00 0.0000000000000000e+00
1.0472669313518720e-01 0.0000000000000000e+00 0.0000000000000000e+00
1.0667478648267380e-01 0.0000000000000000e+00 0.0000000000000000e+00
1.0862287983016050e-01 0.0000000000000000e+00 0.0000000000000000e+00
1.1057097317764709e-01 0.0000000000000000e+00 0.0000000000000000e+00
1.1251906652513370e-01 0.0000000000000000e+00 0.0000000000000000e+00
1.1446715987262029e-01 0.0000000000000000e+00 0.0000000000000000e+00
1.1641525322010700e-01 0.0000000000000000e+00 0.0000000000000000e+00
1.1836334656759361e-01 0.0000000000000000e+00 0.0000000000000000e+00
1.2031143991508020e-01 0.0000000000000000e+00 0.0000000000000000e+00
1.2225953326256690e-01 0.0000000000000000e+00 0.0000000000000000e+00
1.2420762661005350e-01 0.0000000000000000e+00 0.0000000000000000e+00
1.2615571995754010e-01 0.0000000000000000e+00 0.0000000000000000e+00
1.2810381330502671e-01 0.0000000000000000e+00 0.0000000000000000e+00
1.3005190665251340e-01 0.0000000000000000e+00 0.0000000000000000e+00
1.0687670397037070e-01 7.0050692724972184e-03 0.0000000000000000e+00
1.0878752503938030e-01 7.1303111021804224e-03 0.0000000000000000e+00
1.1069834610838999e-01 7.2555529318636281e-03 0.0000000000000000e+00
1.1260916717739961e-01 7.3807947615468338e-03 0.0000000000000000e+00
1.1451998824640920e-01 7.5060365912300387e-03 0.0000000000000000e+00
1.1643080931541880e-01 7.6312784209132444e-03 0.0000000000000000e+00
1.1834163038442840e-01 7.7565202505964501e-03 0.0000000000000000e+00
1.2025245145343801e-01 7.8817620802796549e-03 0.0000000000000000e+00
1.2216327252244760e-01 8.0070039099628607e-03 0.0000000000000000e+00
1.2407409359145720e-01 8.1322457396460646e-03 0.0000000000000000e+00
1.2598491466046691e-01 8.2574875693292686e-03 0.0000000000000000e+00
1.2789573572947641e-01 8.3827293990124743e-03 0.0000000000000000e+00
1.2980655679848599e-01 8.5079712286956783e-03 0.0000000000000000e+00
8.0947118506386945e-02 6.8301208843385636e-04 0.0000000000000000e+00
8.0938474230686910e-02 1.3659755519147779e-03 0.0000000000000000e+00
8.0924067788302620e-02 2.0488417689515492e-03 0.0000000000000000e+00
8.0903900204856605e-02 2.7315621249760199e-03 0.0000000000000000e+00
8.0877972916118146e-02 3.4140880158042780e-03 0.0000000000000000e+00
8.2386673718067086e-02 3.5293052375546820e-03 0.0000000000000000e+00
8.2325631725522652e-02 4.4606260729598930e-03 0.0000000000000000e+00
8.1446063949819583e-02 5.3382570639425152e-03 0.0000000000000000e+00
8.0813703805418288e-02 4.6955060696500161e-03 0.0000000000000000e+00
1.0307411254690550e-01 6.7558342629317801e-03 0.0000000000000000e+00
1.0118233756742880e-01 6.6318407799096507e-03 0.0000000000000000e+00
9.9290562587952075e-02 6.5078472968875213e-03 0.0000000000000000e+00
9.7398787608475368e-02 6.3838538138653918e-03 0.0000000000000000e+00
9.5507012628998689e-02 6.2598603308432633e-03 0.0000000000000000e+00
9.1833691101781925e-02 6.0190981179157176e-03 0.0000000000000000e+00
9.0052144554041855e-02 5.9023293880103014e-03 0.0000000000000000e+00
8.8270598006301784e-02 5.7855606581048826e-03 0.0000000000000000e+00
8.6489051458561714e-02 5.6687919281994646e-03 0.0000000000000000e+00
8.4726101986524513e-02 5.5532421150338513e-03 0.0000000000000000e+00
8.3309223146356789e-02 5.4603749694596207e-03 0.0000000000000000e+00
1.1789752892100860e-01 1.7235305068403380e-03 0.0000000000000000e+00
1.1580063244869650e-01 1.8659697334231810e-03 0.0000000000000000e+00
1.1965302385235900e-01 1.6641715892232909e-03 0.0000000000000000e+00
1.2054019258164930e-01 3.1314019373682909e-03 0.0000000000000000e+00
1.1917855040902869e-01 3.0708096158250601e-03 0.0000000000000000e+00
1.1967253669215330e-01 4.4236371737964514e-03 0.0000000000000000e+00
1.0660334889492290e-01 2.6065198357298159e-03 0.0000000000000000e+00
1.0550528491757140e-01 3.5589250659597460e-03 0.0000000000000000e+00
1.0442606778795990e-01 2.1469611823524198e-03 0.0000000000000000e+00
1.2162708471979340e-01 2.0592874753060549e-03 0.0000000000000000e+00
1.2156066314590870e-01 4.2214575196027528e-03 0.0000000000000000e+00
1.0660767810942520e-01 4.2116857651981789e-03 0.0000000000000000e+00
8.3299933433274298e-02 9.2582662680542249e-04 0.0000000000000000e+00
8.4295518976132466e-02 9.2021858939900485e-04 0.0000000000000000e+00
8.3840317704174841e-02 1.8104831996181129e-03 0.0000000000000000e+00
8.2827363316865590e-02 1.8886309482523921e-03 0.0000000000000000e+00
8.4880097226411516e-02 1.7460443215599720e-03 0.0000000000000000e+00
8.2425903447090679e-02 9.4067249055176981e-04 0.0000000000000000e+00
1.2932386747098640e-01 3.1392474123233729e-03 0.0000000000000000e+00
1.3074397589681250e-01 1.9265924900320681e-03 0.0000000000000000e+00
1.3077847283979530e-01 3.7321449856130488e-03 0.0000000000000000e+00
1.1059822098692930e-01 3.5475202854366918e-03 0.0000000000000000e+00
1.1005059328847110e-01 1.5059163162475849e-03 0.0000000000000000e+00
1.1165704334250701e-01 1.7499229663203730e-03 0.0000000000000000e+00
1.0856969812371051e-01 2.1228527556254569e-03 0.0000000000000000e+00
1.0994250161257220e-01 5.6155230345336562e-03 0.0000000000000000e+00
1.0833468955397010e-01 3.9056747904390879e-03 0.0000000000000000e+00
8.1471259712066646e-02 8.0772518201979639e-04 0.0000000000000000e+00
1.2508322845238001e-01 3.1083047629473681e-03 0.0000000000000000e+00
1.2471185787244091e-01 4.9991289022917294e-03 0.0000000000000000e+00
1.2342162567078160e-01 3.6858844280930189e-03 0.0000000000000000e+00
1.2721765063821849e-01 2.2857264388889010e-03 0.0000000000000000e+00
1.2525275432975791e-01 1.4302948828488790e-03 0.0000000000000000e+00
8.1520466823793214e-02 2.8014989971405311e-03 0.0000000000000000e+00
8.1796921861662902e-02 1.8483323754789119e-03 0.0000000000000000e+00
8.5980467043468733e-02 1.9433190854972191e-03 0.0000000000000000e+00
8.5383967169130534e-02 9.0510753606308980e-04 0.0000000000000000e+00
1.2911012616238529e-01 1.4315712656400080e-03 0.0000000000000000e+00
1.2887054104382281e-01 6.5170583368483670e-03 0.0000000000000000e+00
1.2997152114594909e-01 4.9572321765623990e-03 0.0000000000000000e+00
1.3068055470452211e-01 6.7843527841251732e-03 0.0000000000000000e+00
1.2703331586797731e-01 6.3418791097960116e-03 0.0000000000000000e+00
1.2520052750130370e-01 6.3769150922484558e-03 0.0000000000000000e+00
1.2622800641251311e-01 4.6023619038960493e-03 0.0000000000000000e+00
1.1740844641644430e-01 3.8248885582069180e-03 0.0000000000000000e+00
1.1841580486792500e-01 6.1931186879334577e-03 0.0000000000000000e+00
1.2812145814275791e-01 4.5022171172038224e-03 0.0000000000000000e+00
1.0557156756558710e-01 1.1280540200075411e-03 0.0000000000000000e+00
1.0720845618780871e-01 1.1714853058995649e-03 0.0000000000000000e+00
1.0777903478673620e-01 5.5354747670840606e-03 0.0000000000000000e+00
1.2317097650862360e-01 5.9283873716248024e-03 0.0000000000000000e+00
1.2093156270245130e-01 6.1001467314278929e-03 0.0000000000000000e+00
1.2364311456709640e-01 1.7120968639310319e-03 0.0000000000000000e+00
9.3375734778651465e-02 1.6966234684747041e-03 0.0000000000000000e+00
9.4980626234067500e-02 1.9786173787938390e-03 0.0000000000000000e+00
9.1462105000347196e-02 1.6359950203894160e-03 0.0000000000000000e+00
1.0607099137399960e-01 5.5583972490175259e-03 0.0000000000000000e+00
1.1170188913876540e-01 5.6840400186459802e-03 0.0000000000000000e+00
1.1257265195243769e-01 3.6715412642879439e-03 0.0000000000000000e+00
1.1587319701566270e-01 5.7335976248855339e-03 0.0000000000000000e+00
8.6329860490978891e-02 9.0032845685519359e-04 0.0000000000000000e+00
8.7126829048451121e-02 1.6529416992969771e-03 0.0000000000000000e+00
8.9721754094240894e-02 1.4897276600638191e-03 0.0000000000000000e+00
1.0202613226106870e-01 1.9437157184298919e-03 0.0000000000000000e+00
1.1370034194017230e-01 1.8328096297934790e-03 0.0000000000000000e+00
1.1481921492569409e-01 3.7867168300953651e-03 0.0000000000000000e+00
9.8207249519856460e-02 1.8208291315908790e-03 0.0000000000000000e+00
9.6396014778618588e-02 1.8091438140842211e-03 0.0000000000000000e+00
1.1362109812497941e-01 5.7802726316378639e-03 0.0000000000000000e+00
1.0011659259202720e-01 1.8825572092431430e-03 0.0000000000000000e+00
8.1541274179556381e-02 3.5829133237480089e-03 0.0000000000000000e+00
8.8296075165717150e-02 1.2257576958648209e-03 0.0000000000000000e+00
1.4404762801390861e-01 4.7130822974845816e-03 0.0000000000000000e+00
1.3455957802227789e-01 4.3795366658538684e-03 0.0000000000000000e+00
8.1665201577822283e-02 4.6956643630145104e-03 0.0000000000000000e+00
8.5234142638225485e-02 3.9743609055417446e-03 0.0000000000000000e+00
8.3534123930296453e-02 3.3355131324313550e-03 0.0000000000000000e+00
8.3397212793593647e-02 4.5293326720396510e-03 0.0000000000000000e+00
1.0409152086791790e-01 5.2402675093588969e-03 0.0000000000000000e+00
1.0217563780562110e-01 5.2918923142228954e-03 0.0000000000000000e+00
1.0030522892887350e-01 5.1713481033433574e-03 0.0000000000000000e+00
9.8424297840970121e-02 5.0480653665253370e-03 0.0000000000000000e+00
9.6543366753066753e-02 4.9247826297073157e-03 0.0000000000000000e+00
9.4662435665163400e-02 4.8014998928892971e-03 0.0000000000000000e+00
9.2810227004234719e-02 4.6801180872654809e-03 0.0000000000000000e+00
9.0983388207111479e-02 4.5603623826269753e-03 0.0000000000000000e+00
8.9164189847053349e-02 4.4411258225609618e-03 0.0000000000000000e+00
8.7402359885166286e-02 4.3256493859672460e-03 0.0000000000000000e+00
8.0257461528209950e-02 1.0566095260213175e-02 0.0000000000000000e+00
1.3087072170134298e-01 1.7229457373046809e-02 0.0000000000000000e+00
1.4774180842572066e-01 1.9450578077324688e-02 0.0000000000000000e+00
8.0689320257748803e-02 6.4912322668693638e-03 0.0000000000000000e+00
8.1687179180987418e-02 6.5566353960995107e-03 0.0000000000000000e+00
8.2081463635838486e-02 8.1859112378963456e-03 0.0000000000000000e+00
1.0468296824719291e-01 9.6672921149590970e-03 0.0000000000000000e+00
1.0478929445243973e-01 9.5740465355582359e-03 0.0000000000000000e+00
1.3108503631805024e-01 1.5514936464434569e-02 0.0000000000000000e+00
1.3127689018861211e-01 1.3797757151330256e-02 0.0000000000000000e+00
1.3144625043985533e-01 1.2078213663569098e-02 0.0000000000000000e+00
1.3159308805277284e-01 1.0356600636075504e-02 0.0000000000000000e+00
1.4804027653688093e-01 1.7030662562809572e-02 0.0000000000000000e+00
1.4829911068626858e-01 1.4606187528110012e-02 0.0000000000000000e+00
1.4851824157772309e-01 1.2177802063818773e-02 0.0000000000000000e+00
1.3649441727613551e-01 1.7969830941139429e-02 0.0000000000000000e+00
1.4211811285092812e-01 1.8710204509232067e-02 0.0000000000000000e+00
8.1140103387198154e-02 6.5207781541521646e-03 0.0000000000000000e+00
8.1884303421471114e-02 7.3711989907356713e-03 0.0000000000000000e+00
8.3023736129555742e-02 8.2476710400501245e-03 0.0000000000000000e+00
8.3982742095431828e-02 8.3105276119141164e-03 0.0000000000000000e+00
8.5004158880445851e-02 8.3774748049815426e-03 0.0000000000000000e+00
8.6238617500293824e-02 8.4583854976284997e-03 0.0000000000000000e+00
8.7878657528130191e-02 8.5658794002084950e-03 0.0000000000000000e+00
8.9722844252361933e-02 8.6867537841925357e-03 0.0000000000000000e+00
9.1592357872882613e-02 8.8092881806617115e-03 0.0000000000000000e+00
9.3462445069212613e-02 8.9318601712756237e-03 0.0000000000000000e+00
9.5332532265542655e-02 9.0544321618895342e-03 0.0000000000000000e+00
9.7202619461872697e-02 9.1770041525034447e-03 0.0000000000000000e+00
9.9072706658202725e-02 9.2995761431173569e-03 0.0000000000000000e+00
1.0094279385453281e-01 9.4221481337312708e-03 0.0000000000000000e+00
1.0281288105086279e-01 9.5447201243451778e-03 0.0000000000000000e+00
1.0475544314162584e-01 9.6426902033831235e-03 0.0000000000000000e+00
1.0487758867690040e-01 8.2269369891861191e-03 0.0000000000000000e+00
8.1063984695339819e-02 1.0672276049527918e-02 0.0000000000000000e+00
8.2031145259192126e-02 1.0799605153327108e-02 0.0000000000000000e+00
8.3007266250944692e-02 1.0928113919838819e-02 0.0000000000000000e+00
8.4010637328406218e-02 1.1060210228193586e-02 0.0000000000000000e+00
8.5119840812171485e-02 1.1206239637163924e-02 0.0000000000000000e+00
8.6557877006152556e-02 1.1395560693722606e-02 0.0000000000000000e+00
8.8385611907726216e-02 1.1636186558442431e-02 0.0000000000000000e+00
9.0310751785658255e-02 1.1889636031577279e-02 0.0000000000000000e+00
9.2242178924500401e-02 1.2143913238313925e-02 0.0000000000000000e+00
9.4173606063342546e-02 1.2398190445050571e-02 0.0000000000000000e+00
9.6105033202184692e-02 1.2652467651787217e-02 0.0000000000000000e+00
9.8036460341026810e-02 1.2906744858523861e-02 0.0000000000000000e+00
9.9967887479868955e-02 1.3161022065260507e-02 0.0000000000000000e+00
1.0189931461871106e-01 1.3415299271997147e-02 0.0000000000000000e+00
1.0383074175755326e-01 1.3669576478733800e-02 0.0000000000000000e+00
1.0576216889639535e-01 1.3923853685470439e-02 0.0000000000000000e+00
1.0769359603523754e-01 1.4178130892207092e-02 0.0000000000000000e+00
1.0962502317407963e-01 1.4432408098943731e-02 0.0000000000000000e+00
1.1155645031292173e-01 1.4686685305680371e-02 0.0000000000000000e+00
1.1348787745176382e-01 1.4940962512417010e-02 0.0000000000000000e+00
1.1541930459060601e-01 1.5195239719153665e-02 0.0000000000000000e+00
1.1735073172944811e-01 1.5449516925890305e-02 0.0000000000000000e+00
1.1928215886829020e-01 1.5703794132626944e-02 0.0000000000000000e+00
1.2121358600713240e-01 1.5958071339363597e-02 0.0000000000000000e+00
1.2314501314597449e-01 1.6212348546100236e-02 0.0000000000000000e+00
1.2507644028481660e-01 1.6466625752836875e-02 0.0000000000000000e+00
1.2700786742365869e-01 1.6720902959573517e-02 0.0000000000000000e+00
1.2893929456250089e-01 1.6975180166310166e-02 0.0000000000000000e+00
8.0343755653317750e-02 9.8885503244900159e-03 0.0000000000000000e+00
8.0424329950908230e-02 9.2103014037241693e-03 0.0000000000000000e+00
8.0499178684741171e-02 8.5313967837694297e-03 0.0000000000000000e+00
8.0568296526190283e-02 7.8518847971601816e-03 0.0000000000000000e+00
8.0631678554622582e-02 7.1718138196703030e-03 0.0000000000000000e+00
8.2142511077298669e-02 7.2545072681018301e-03 0.0000000000000000e+00
8.2203553069843102e-02 6.3231864326966205e-03 0.0000000000000000e+00
8.0735217894284672e-02 5.8929696726162956e-03 0.0000000000000000e+00
1.1711386509163715e-01 1.3679930057784808e-02 0.0000000000000000e+00
1.1505349990919905e-01 1.3265009506520629e-02 0.0000000000000000e+00
1.1884659362700140e-01 1.3967919220483706e-02 0.0000000000000000e+00
1.1991768449528088e-01 1.2629039987454606e-02 0.0000000000000000e+00
1.1855978247519748e-01 1.2511383965328944e-02 0.0000000000000000e+00
1.1922612206706289e-01 1.1234608183198519e-02 0.0000000000000000e+00
1.0603156157621463e-01 1.1330308511956695e-02 0.0000000000000000e+00
1.0506720551656216e-01 1.0242725130721993e-02 0.0000000000000000e+00
1.0381292296982275e-01 1.1501743365063042e-02 0.0000000000000000e+00
1.2085533910215440e-01 1.3833850253816615e-02 0.0000000000000000e+00
1.2107170559685636e-01 1.1681508118861839e-02 0.0000000000000000e+00
1.0624536995034158e-01 9.7394400754172595e-03 0.0000000000000000e+00
8.2708135579453126e-02 9.9549170715597761e-03 0.0000000000000000e+00
8.3694471754209410e-02 1.0090427121367372e-02 0.0000000000000000e+00
8.3359367641876375e-02 9.1483631595803260e-03 0.0000000000000000e+00
8.2365279547832362e-02 8.9386668967008660e-03 0.0000000000000000e+00
8.4381840744775782e-02 9.3479692158897013e-03 0.0000000000000000e+00
8.1843520815029783e-02 9.8261144102531131e-03 0.0000000000000000e+00
1.2862723786826435e-01 1.3767761268629405e-02 0.0000000000000000e+00
1.2987691384015970e-01 1.5155403105317470e-02 0.0000000000000000e+00
1.3014678754911468e-01 1.3369800116243823e-02 0.0000000000000000e+00
1.1011508218925761e-01 1.0918793894120114e-02 0.0000000000000000e+00
1.0930565672955565e-01 1.2871451900099050e-02 0.0000000000000000e+00
1.1093021263959361e-01 1.2839216569288350e-02 0.0000000000000000e+00
1.0791795719249424e-01 1.2066497830550318e-02 0.0000000000000000e+00
1.0973490110938824e-01 8.7828946421212688e-03 0.0000000000000000e+00
1.0791766412525654e-01 1.0268253311643048e-02 0.0000000000000000e+00
8.0879691083548907e-02 9.8333183244712005e-03 0.0000000000000000e+00
1.2441883927812553e-01 1.3244924735672068e-02 0.0000000000000000e+00
1.2429744790004586e-01 1.1321803271255542e-02 0.0000000000000000e+00
1.2284684101306055e-01 1.2455403660565122e-02 0.0000000000000000e+00
1.2642763316983524e-01 1.4339063788644815e-02 0.0000000000000000e+00
1.2436789059796485e-01 1.4930706575887100e-02 0.0000000000000000e+00
8.1188716925849017e-02 7.8630243376519061e-03 0.0000000000000000e+00
8.1338393642869086e-02 8.8441211101445358e-03 0.0000000000000000e+00
8.5498546269265827e-02 9.2960092471597380e-03 0.0000000000000000e+00
8.4771635733776593e-02 1.0247479895608043e-02 0.0000000000000000e+00
1.2819242868121689e-01 1.5432929170017425e-02 0.0000000000000000e+00
1.2861868250954561e-01 1.0359677012446398e-02 0.0000000000000000e+00
1.2950664540504617e-01 1.2049865384138950e-02 0.0000000000000000e+00
1.3044810017886693e-01 1.0330923497217410e-02 0.0000000000000000e+00
1.2677430957230379e-01 1.0293551550472962e-02 0.0000000000000000e+00
1.2496177407755975e-01 1.0019588419060190e-02 0.0000000000000000e+00
1.2574883709368070e-01 1.1913072968753265e-02 0.0000000000000000e+00
1.1690324902063486e-01 1.1532711338848702e-02 0.0000000000000000e+00
1.1821110544205087e-01 9.3162284090531552e-03 0.0000000000000000e+00
1.2761301856421362e-01 1.2259506047413970e-02 0.0000000000000000e+00
1.0481562876592947e-01 1.2661451359549438e-02 0.0000000000000000e+00
1.0644418249944304e-01 1.2832048473275848e-02 0.0000000000000000e+00
1.0757949464661642e-01 8.5798689987752735e-03 0.0000000000000000e+00
1.2289104155949281e-01 1.0199369359865261e-02 0.0000000000000000e+00
1.2069320534408695e-01 9.7367772682709474e-03 0.0000000000000000e+00
1.2280880406616185e-01 1.4441215300752045e-02 0.0000000000000000e+00
9.2798346224268954e-02 1.0505870486901360e-02 0.0000000000000000e+00
9.4426315202147129e-02 1.0435769444178697e-02 0.0000000000000000e+00
9.0893174213528508e-02 1.0316201441927630e-02 0.0000000000000000e+00
1.0588905576633834e-01 8.3341982190413538e-03 0.0000000000000000e+00
1.1148818009243625e-01 8.9446099847397282e-03 0.0000000000000000e+00
1.1208880961027309e-01 1.1053548887664662e-02 0.0000000000000000e+00
1.1563027041783216e-01 9.4399412844404489e-03 0.0000000000000000e+00
8.5708813012119620e-02 1.0375681942678053e-02 0.0000000000000000e+00
8.6597199133852276e-02 9.7335326819832230e-03 0.0000000000000000e+00
8.9148620529092781e-02 1.0234056087808382e-02 0.0000000000000000e+00
1.0140699036756622e-01 1.1389995589967837e-02 0.0000000000000000e+00
1.1296684941507014e-01 1.3023742998233341e-02 0.0000000000000000e+00
1.1433118635390245e-01 1.1232593975270787e-02 0.0000000000000000e+00
9.7604738779347194e-02 1.1013366642275837e-02 0.0000000000000000e+00
9.5807474162406148e-02 1.0788538416280885e-02 0.0000000000000000e+00
1.1340353085626179e-01 9.0997076961373720e-03 0.0000000000000000e+00
9.9505804287779567e-02 1.1201385937737196e-02 0.0000000000000000e+00
8.1311341308397456e-02 7.0910110238509806e-03 0.0000000000000000e+00
8.7700683487151640e-02 1.0309679310501941e-02 0.0000000000000000e+00
1.4343046127338624e-01 1.4129227157912958e-02 0.0000000000000000e+00
1.3398004642349773e-01 1.3221480223425862e-02 0.0000000000000000e+00
8.1579451646635978e-02 6.0039554953892271e-03 0.0000000000000000e+00
8.5023710927779647e-02 7.1849283886639874e-03 0.0000000000000000e+00
8.3254849748331708e-02 7.5964137618655565e-03 0.0000000000000000e+00
8.3274934624085833e-02 6.3949370245669265e-03 0.0000000000000000e+00
1.0388499564129303e-01 8.3912335669053470e-03 0.0000000000000000e+00
1.0199224161338874e-01 8.0899774985430158e-03 0.0000000000000000e+00
1.0012210016702910e-01 7.9653530884114480e-03 0.0000000000000000e+00
9.8241169079125723e-02 7.8420703515934276e-03 0.0000000000000000e+00
9.6360237991222356e-02 7.7187876147754089e-03 0.0000000000000000e+00
9.4479306903318988e-02 7.5955048779573894e-03 0.0000000000000000e+00
9.2627100639356322e-02 7.4740865016993761e-03 0.0000000000000000e+00
9.0800259445267067e-02 7.3543673676950650e-03 0.0000000000000000e+00
8.8981061085208937e-02 7.2351308076290541e-03 0.0000000000000000e+00
8.7219231123321875e-02 7.1196543710353357e-03 0.0000000000000000e+00
1.2946365701322649e-01 2.5751922506128934e-02 0.0000000000000000e+00
1.4615335320142137e-01 2.9071709485770047e-02 0.0000000000000000e+00
7.9619952879519063e-02 1.4613883928071973e-02 0.0000000000000000e+00
8.0600738159922303e-02 1.4808974250088104e-02 0.0000000000000000e+00
8.1403275315349716e-02 1.3337262962450996e-02 0.0000000000000000e+00
1.0361806191648294e-01 1.7756058756116303e-02 0.0000000000000000e+00
1.0369663141232160e-01 1.7873646316358242e-02 0.0000000000000000e+00
1.0316988754287804e-01 2.0521766573446957e-02 0.0000000000000000e+00
8.0857022413704571e-02 1.6083461747580043e-02 0.0000000000000000e+00
7.9394568448641498e-02 1.5792561567205581e-02 0.0000000000000000e+00
9.2013454978291304e-02 1.8302614160513500e-02 0.0000000000000000e+00
1.3063398306019641e-01 1.8941026102835656e-02 0.0000000000000000e+00
1.3037486095855821e-01 2.0649349385310479e-02 0.0000000000000000e+00
1.3009339979566623e-01 2.2354134508071260e-02 0.0000000000000000e+00
1.2978964779844196e-01 2.4055089364963478e-02 0.0000000000000000e+00
1.4740378625991848e-01 2.1865286201756491e-02 0.0000000000000000e+00
1.4702630053618174e-01 2.4274140460350310e-02 0.0000000000000000e+00
1.4660945231656669e-01 2.6676495944572907e-02 0.0000000000000000e+00
1.4059012113868979e-01 2.7965113825889679e-02 0.0000000000000000e+00
1.3502688907595806e-01 2.6858518166009298e-02 0.0000000000000000e+00
8.0063022984642851e-02 1.4702016051597298e-02 0.0000000000000000e+00
8.1001970126532138e-02 1.4073185744562728e-02 0.0000000000000000e+00
8.2329425265452200e-02 1.3521485641574432e-02 0.0000000000000000e+00
8.3272022373365451e-02 1.3708979863794679e-02 0.0000000000000000e+00
8.4275962433997653e-02 1.3908675957962306e-02 0.0000000000000000e+00
8.5489299124603430e-02 1.4150023631519300e-02 0.0000000000000000e+00
8.7101277612858533e-02 1.4470666088783205e-02 0.0000000000000000e+00
8.8913909790933499e-02 1.4831221046512640e-02 0.0000000000000000e+00
9.0751435515079970e-02 1.5196727638423635e-02 0.0000000000000000e+00
9.2589525000994655e-02 1.5562346369522582e-02 0.0000000000000000e+00
9.4427614486909353e-02 1.5927965100621534e-02 0.0000000000000000e+00
9.6265703972824052e-02 1.6293583831720485e-02 0.0000000000000000e+00
9.8103793458738764e-02 1.6659202562819438e-02 0.0000000000000000e+00
9.9941882944653504e-02 1.7024821293918396e-02 0.0000000000000000e+00
1.0177997243056817e-01 1.7390440025017346e-02 0.0000000000000000e+00
1.0368169984551150e-01 1.7798580260854655e-02 0.0000000000000000e+00
1.0343325947759981e-01 1.9197706444902603e-02 0.0000000000000000e+00
1.0504801393361719e-01 2.0895349140067101e-02 0.0000000000000000e+00
1.0692614032435635e-01 2.1268931706687238e-02 0.0000000000000000e+00
1.0880426671509560e-01 2.1642514273307389e-02 0.0000000000000000e+00
1.1068239310583478e-01 2.2016096839927529e-02 0.0000000000000000e+00
1.1256051949657393e-01 2.2389679406547666e-02 0.0000000000000000e+00
1.1443864588731309e-01 2.2763261973167807e-02 0.0000000000000000e+00
1.1631677227805225e-01 2.3136844539787947e-02 0.0000000000000000e+00
1.1819489866879142e-01 2.3510427106408084e-02 0.0000000000000000e+00
1.2007302505953057e-01 2.3884009673028228e-02 0.0000000000000000e+00
1.2195115145026972e-01 2.4257592239648362e-02 0.0000000000000000e+00
1.2382927784100899e-01 2.4631174806268516e-02 0.0000000000000000e+00
1.2570740423174806e-01 2.5004757372888643e-02 0.0000000000000000e+00
1.2758553062248720e-01 2.5378339939508776e-02 0.0000000000000000e+00
8.0165453719030666e-02 1.1242887975157897e-02 0.0000000000000000e+00
8.0067738775993991e-02 1.1918880287140492e-02 0.0000000000000000e+00
7.9964323655615885e-02 1.2594024070959513e-02 0.0000000000000000e+00
7.9855215720219017e-02 1.3268271261821785e-02 0.0000000000000000e+00
7.9740422737408501e-02 1.3941573858764423e-02 0.0000000000000000e+00
8.1221177529618077e-02 1.4252730352088360e-02 0.0000000000000000e+00
8.1039095997401236e-02 1.5168116029788872e-02 0.0000000000000000e+00
8.0052499214523162e-02 1.5923432133419013e-02 0.0000000000000000e+00
7.9509444838649551e-02 1.5203640401224386e-02 0.0000000000000000e+00
1.0131048590368501e-01 2.0151908591485454e-02 0.0000000000000000e+00
9.9451079718606269e-02 1.9782049705291061e-02 0.0000000000000000e+00
9.7591673533527504e-02 1.9412190819096668e-02 0.0000000000000000e+00
9.5732267348448752e-02 1.9042331932902275e-02 0.0000000000000000e+00
9.3872861163370042e-02 1.8672473046707889e-02 0.0000000000000000e+00
9.0262391185921095e-02 1.7954305916140337e-02 0.0000000000000000e+00
8.8511327393550873e-02 1.7605997671767178e-02 0.0000000000000000e+00
8.6760263601180651e-02 1.7257689427394016e-02 0.0000000000000000e+00
8.5009199808810429e-02 1.6909381183020853e-02 0.0000000000000000e+00
8.3276414891021722e-02 1.6564708832863734e-02 0.0000000000000000e+00
8.1883779240642288e-02 1.6287696378749453e-02 0.0000000000000000e+00
1.1666393334317121e-01 1.7097500986640510e-02 0.0000000000000000e+00
1.1456638406099587e-01 1.6965021713883571e-02 0.0000000000000000e+00
1.1841215766551719e-01 1.7267787961643147e-02 0.0000000000000000e+00
1.1910022455289053e-01 1.8838264706854180e-02 0.0000000000000000e+00
1.1775814030282476e-01 1.8600460793063024e-02 0.0000000000000000e+00
1.1807132103494546e-01 2.0006192872283834e-02 0.0000000000000000e+00
1.0535112335800692e-01 1.6498749906363165e-02 0.0000000000000000e+00
1.0413813964204972e-01 1.7299681068042472e-02 0.0000000000000000e+00
1.0325245363386931e-01 1.5758930628687735e-02 0.0000000000000000e+00
1.2031775719647811e-01 1.7917190224783885e-02 0.0000000000000000e+00
1.1996968404555146e-01 2.0052192849497802e-02 0.0000000000000000e+00
1.0514589933882416e-01 1.8090748494671176e-02 0.0000000000000000e+00
8.2466446330947421e-02 1.1790729174898346e-02 0.0000000000000000e+00
8.3454246497240703e-02 1.1915119104967972e-02 0.0000000000000000e+00
8.2886736685627321e-02 1.2738351689310310e-02 0.0000000000000000e+00
8.1872247935463702e-02 1.2683613794053627e-02 0.0000000000000000e+00
8.3926031711294452e-02 1.2810182556572810e-02 0.0000000000000000e+00
8.1597956018394022e-02 1.1691364224239626e-02 0.0000000000000000e+00
1.2780772984592992e-01 1.9992542699687484e-02 0.0000000000000000e+00
1.2937397227679243e-01 1.8975623553724806e-02 0.0000000000000000e+00
1.2917250220154425e-01 2.0770232052020006e-02 0.0000000000000000e+00
1.0918899355989473e-01 1.7953135409351235e-02 0.0000000000000000e+00
1.0891253368443198e-01 1.5857517886904343e-02 0.0000000000000000e+00
1.1047339107664918e-01 1.6309120834805048e-02 0.0000000000000000e+00
1.0736378141882298e-01 1.6275880742586502e-02 0.0000000000000000e+00
1.0826895543134490e-01 1.9917857555150589e-02 0.0000000000000000e+00
1.0689807840836481e-01 1.8012775713999184e-02 0.0000000000000000e+00
8.0668832498810336e-02 1.1434948286702707e-02 0.0000000000000000e+00
1.2360740890819158e-01 1.9408350305287883e-02 0.0000000000000000e+00
1.2299241337997917e-01 2.1234524594300409e-02 0.0000000000000000e+00
1.2188463209433621e-01 1.9764106012266261e-02 0.0000000000000000e+00
1.2583093883278551e-01 1.8871407253330134e-02 0.0000000000000000e+00
1.2399450870834466e-01 1.7766823599586656e-02 0.0000000000000000e+00
8.0457378932638920e-02 1.3418087907369633e-02 0.0000000000000000e+00
8.0855882069012466e-02 1.2509160381703365e-02 0.0000000000000000e+00
8.4991238188268828e-02 1.3149396689811479e-02 0.0000000000000000e+00
8.4535355253312613e-02 1.2042208326848967e-02 0.0000000000000000e+00
1.2781871358882563e-01 1.8271577120035801e-02 0.0000000000000000e+00
1.2691738889117610e-01 2.3282285011129725e-02 0.0000000000000000e+00
1.2821254812513136e-01 2.1879510120318350e-02 0.0000000000000000e+00
1.2867702870768821e-01 2.3783546908353423e-02 0.0000000000000000e+00
1.2511874690886066e-01 2.2868798460195305e-02 0.0000000000000000e+00
1.2329706518735621e-01 2.2664307818313849e-02 0.0000000000000000e+00
1.2454737954461234e-01 2.1039049088353915e-02 0.0000000000000000e+00
1.1590475274229727e-01 1.9117043551572163e-02 0.0000000000000000e+00
1.1659437704144528e-01 2.1596499807112639e-02 0.0000000000000000e+00
1.2643770405050050e-01 2.1186906098695849e-02 0.0000000000000000e+00
1.0452114757422924e-01 1.4898258082526530e-02 0.0000000000000000e+00
1.0613836346700142e-01 1.5154974646693947e-02 0.0000000000000000e+00
1.0613444575966111e-01 1.9556105024955039e-02 0.0000000000000000e+00
1.2134342190024557e-01 2.1954707751526862e-02 0.0000000000000000e+00
1.1910074749441321e-01 2.1832695529271806e-02 0.0000000000000000e+00
1.2236185709744024e-01 1.7836114576589322e-02 0.0000000000000000e+00
9.2355438622326605e-02 1.3870087725912271e-02 0.0000000000000000e+00
9.3909792417518359e-02 1.4359149509838838e-02 0.0000000000000000e+00
9.0466093812523726e-02 1.3560199154324087e-02 0.0000000000000000e+00
1.0443802291081700e-01 1.9355886999066853e-02 0.0000000000000000e+00
1.1000434789231575e-01 2.0215434521399036e-02 0.0000000000000000e+00
1.1113034500866051e-01 1.8333810327265034e-02 0.0000000000000000e+00
1.1413350108643569e-01 2.0809033089196141e-02 0.0000000000000000e+00
8.5473780121678292e-02 1.2160933986873441e-02 0.0000000000000000e+00
8.6165694761910328e-02 1.3011133789820186e-02 0.0000000000000000e+00
8.8759723571266741e-02 1.3188021754641789e-02 0.0000000000000000e+00
1.0089957874459639e-01 1.5244169511985478e-02 0.0000000000000000e+00
1.1248839009098778e-01 1.6658002376903701e-02 0.0000000000000000e+00
1.1334265489620658e-01 1.8741235860622336e-02 0.0000000000000000e+00
9.7129406992887385e-02 1.4623870014186868e-02 0.0000000000000000e+00
9.5335192855944412e-02 1.4375871092200919e-02 0.0000000000000000e+00
1.1189457690305885e-01 2.0561350892091435e-02 0.0000000000000000e+00
9.9014358239461739e-02 1.4934289280429868e-02 0.0000000000000000e+00
8.0376013241990812e-02 1.4195533031006426e-02 0.0000000000000000e+00
8.7380696517900328e-02 1.2740221648211097e-02 0.0000000000000000e+00
1.4220009990156543e-01 2.3474749608058881e-02 0.0000000000000000e+00
1.3283675793413371e-01 2.1905618468543879e-02 0.0000000000000000e+00
8.0353637268140612e-02 1.5314940102282952e-02 0.0000000000000000e+00
8.3986194536762440e-02 1.5065647782752640e-02 0.0000000000000000e+00
8.2384106091779222e-02 1.4210368472253414e-02 0.0000000000000000e+00
8.2092541530127405e-02 1.5376104230859370e-02 0.0000000000000000e+00
1.0251701131287089e-01 1.8782106155661376e-02 0.0000000000000000e+00
1.0061078050656061e-01 1.8583216382302717e-02 0.0000000000000000e+00
9.8772107413881510e-02 1.8219566095281393e-02 0.0000000000000000e+00
9.6923359578384771e-02 1.7851827286634720e-02 0.0000000000000000e+00
9.5074611742888046e-02 1.7484088477988047e-02 0.0000000000000000e+00
9.3225863907391349e-02 1.7116349669341377e-02 0.0000000000000000e+00
9.1405344653214413e-02 1.6754244558183352e-02 0.0000000000000000e+00
8.9609765971371352e-02 1.6397063068210947e-02 0.0000000000000000e+00
8.7821694599630892e-02 1.6041393558614260e-02 0.0000000000000000e+00
8.6090010036863271e-02 1.5696940082679346e-02 0.0000000000000000e+00
7.8191695638100078e-02 2.0951401701049054e-02 0.0000000000000000e+00
1.2750220907015702e-01 3.4164113953532735e-02 0.0000000000000000e+00
1.4393904688084266e-01 3.8568351371027300e-02 0.0000000000000000e+00
7.9151736106680359e-02 1.6967768601039723e-02 0.0000000000000000e+00
8.0132521387083600e-02 1.7162858923055857e-02 0.0000000000000000e+00
8.0310769512059399e-02 1.8829660532709087e-02 0.0000000000000000e+00
1.0252555611319263e-01 2.3248456326374411e-02 0.0000000000000000e+00
1.0264314367343451e-01 2.3169886830535676e-02 0.0000000000000000e+00
1.2793848008129155e-01 3.2492234679827071e-02 0.0000000000000000e+00
1.2835282949249333e-01 3.0814788028979512e-02 0.0000000000000000e+00
1.2874518630712364e-01 2.9132061422838123e-02 0.0000000000000000e+00
1.2911548329686229e-01 2.7444343187944194e-02 0.0000000000000000e+00
1.4455082391354035e-01 3.6208096475251389e-02 0.0000000000000000e+00
1.4512390119531071e-01 3.3838147796505506e-02 0.0000000000000000e+00
1.4565812529950797e-01 3.1459139827358443e-02 0.0000000000000000e+00
1.3298115500705221e-01 3.5632193092697585e-02 0.0000000000000000e+00
1.3846010094394748e-01 3.7100272231862456e-02 0.0000000000000000e+00
7.9594806211804134e-02 1.7055900724565046e-02 0.0000000000000000e+00
8.0221637318034444e-02 1.7996183689724662e-02 0.0000000000000000e+00
8.1236919462161869e-02 1.9013883211832519e-02 0.0000000000000000e+00
8.2179516570075134e-02 1.9201377434052765e-02 0.0000000000000000e+00
8.3183456630707336e-02 1.9401073528220392e-02 0.0000000000000000e+00
8.4396793321313113e-02 1.9642421201777390e-02 0.0000000000000000e+00
8.6008771809568202e-02 1.9963063659041293e-02 0.0000000000000000e+00
8.7821403987643182e-02 2.0323618616770737e-02 0.0000000000000000e+00
8.9658929711789653e-02 2.0689125208681727e-02 0.0000000000000000e+00
9.1497019197704324e-02 2.1054743939780678e-02 0.0000000000000000e+00
9.3335108683619036e-02 2.1420362670879628e-02 0.0000000000000000e+00
9.5173198169533735e-02 2.1785981401978582e-02 0.0000000000000000e+00
9.7011287655448447e-02 2.2151600133077536e-02 0.0000000000000000e+00
9.8849377141363187e-02 2.2517218864176496e-02 0.0000000000000000e+00
1.0068746662727784e-01 2.2882837595275440e-02 0.0000000000000000e+00
1.0260062216869612e-01 2.3233524759564316e-02 0.0000000000000000e+00
1.0290651560815627e-01 2.1845826701991311e-02 0.0000000000000000e+00
7.8977459513613749e-02 2.1161946496934488e-02 0.0000000000000000e+00
7.9919726101690819e-02 2.1414426068264568e-02 0.0000000000000000e+00
8.0870722483083329e-02 2.1669244780663614e-02 0.0000000000000000e+00
8.1848267553747786e-02 2.1931177192913182e-02 0.0000000000000000e+00
8.2928920985239754e-02 2.2220737407179371e-02 0.0000000000000000e+00
8.4329943223612147e-02 2.2596140184529302e-02 0.0000000000000000e+00
8.6110633621859389e-02 2.3073274738709501e-02 0.0000000000000000e+00
8.7986221866612438e-02 2.3575837094224391e-02 0.0000000000000000e+00
8.9867935542971719e-02 2.4080040754191460e-02 0.0000000000000000e+00
9.1749649219331000e-02 2.4584244414158529e-02 0.0000000000000000e+00
9.3631362895690295e-02 2.5088448074125594e-02 0.0000000000000000e+00
9.5513076572049535e-02 2.5592651734092656e-02 0.0000000000000000e+00
9.7394790248408816e-02 2.6096855394059724e-02 0.0000000000000000e+00
9.9276503924768056e-02 2.6601059054026783e-02 0.0000000000000000e+00
1.0115821760112739e-01 2.7105262713993866e-02 0.0000000000000000e+00
1.0303993127748663e-01 2.7609466373960917e-02 0.0000000000000000e+00
1.0492164495384594e-01 2.8113670033927996e-02 0.0000000000000000e+00
1.0680335863020517e-01 2.8617873693895051e-02 0.0000000000000000e+00
1.0868507230656441e-01 2.9122077353862109e-02 0.0000000000000000e+00
1.1056678598292363e-01 2.9626281013829161e-02 0.0000000000000000e+00
1.1244849965928297e-01 3.0130484673796244e-02 0.0000000000000000e+00
1.1433021333564219e-01 3.0634688333763298e-02 0.0000000000000000e+00
1.1621192701200142e-01 3.1138891993730353e-02 0.0000000000000000e+00
1.1809364068836076e-01 3.1643095653697433e-02 0.0000000000000000e+00
1.1997535436471998e-01 3.2147299313664487e-02 0.0000000000000000e+00
1.2185706804107924e-01 3.2651502973631549e-02 0.0000000000000000e+00
1.2373878171743845e-01 3.3155706633598597e-02 0.0000000000000000e+00
1.2562049539379780e-01 3.3659910293565680e-02 0.0000000000000000e+00
7.8365688865522865e-02 2.0290916899737759e-02 0.0000000000000000e+00
7.8534103087832693e-02 1.9628987548767417e-02 0.0000000000000000e+00
7.8696926315294971e-02 1.8965660772170059e-02 0.0000000000000000e+00
7.8854146956208931e-02 1.8300983793463232e-02 0.0000000000000000e+00
7.9005753817732713e-02 1.7635003932287879e-02 0.0000000000000000e+00
8.0492867297791051e-02 1.7914193143071720e-02 0.0000000000000000e+00
8.0674948830007878e-02 1.6998807465371212e-02 0.0000000000000000e+00
7.9275330020948595e-02 1.6380615069944281e-02 0.0000000000000000e+00
1.1432635056045004e-01 2.8849323226328102e-02 0.0000000000000000e+00
1.1233777008739865e-01 2.8169020756052425e-02 0.0000000000000000e+00
1.1600666523418496e-01 2.9361015059689390e-02 0.0000000000000000e+00
1.1724335157973487e-01 2.8173395536660772e-02 0.0000000000000000e+00
1.1591242379223389e-01 2.7879504298025198e-02 0.0000000000000000e+00
1.1673971543767903e-01 2.6700626279357115e-02 0.0000000000000000e+00
1.0364554484143459e-01 2.5073272139648634e-02 0.0000000000000000e+00
1.0283139709903184e-01 2.3869119460597166e-02 0.0000000000000000e+00
1.0142351025729206e-01 2.4953649894616563e-02 0.0000000000000000e+00
1.1801572512504724e-01 2.9490286969628587e-02 0.0000000000000000e+00
1.1851117759762339e-01 2.7384599914686784e-02 0.0000000000000000e+00
1.0406517405462602e-01 2.3523921396059373e-02 0.0000000000000000e+00
8.0701178594840134e-02 2.0665329378806146e-02 0.0000000000000000e+00
8.1661388916080421e-02 2.0928422826492224e-02 0.0000000000000000e+00
8.1452115687642393e-02 1.9950678488712893e-02 0.0000000000000000e+00
8.0493903009766013e-02 1.9613021672784905e-02 0.0000000000000000e+00
8.2439787572930828e-02 2.0282036408308796e-02 0.0000000000000000e+00
7.9860772850512851e-02 2.0424773769184966e-02 0.0000000000000000e+00
1.2572976056340857e-01 3.0439199737131366e-02 0.0000000000000000e+00
1.2678762177901842e-01 3.1978085551663454e-02 0.0000000000000000e+00
1.2728825463996224e-01 3.0242984231302870e-02 0.0000000000000000e+00
1.0774784380565920e-01 2.5198284482886940e-02 0.0000000000000000e+00
1.0669047007874413e-01 2.7028586005794327e-02 0.0000000000000000e+00
1.0830533524275140e-01 2.7208673549693207e-02 0.0000000000000000e+00
1.0541971009320401e-01 2.6049387293380143e-02 0.0000000000000000e+00
1.0764970602396025e-01 2.3031034556371063e-02 0.0000000000000000e+00
1.0565413754293070e-01 2.4266488752665311e-02 0.0000000000000000e+00
7.8904248516504863e-02 2.0306111028119595e-02 0.0000000000000000e+00
1.2162560926840311e-01 2.9371529899877260e-02 0.0000000000000000e+00
1.2175627413231788e-01 2.7449016251834737e-02 0.0000000000000000e+00
1.2017011284602708e-01 2.8383576339300692e-02 0.0000000000000000e+00
1.2347440384555403e-01 3.0718508659215264e-02 0.0000000000000000e+00
1.2135505777674704e-01 3.1036239505535728e-02 0.0000000000000000e+00
7.9467805571538611e-02 1.8393009145984913e-02 0.0000000000000000e+00
7.9488142957582608e-02 1.9385249231519790e-02 0.0000000000000000e+00
8.3553721663720423e-02 2.0376280284257111e-02 0.0000000000000000e+00
8.2708838107880031e-02 2.1224730105127140e-02 0.0000000000000000e+00
1.2508132320365703e-01 3.2033367908759526e-02 0.0000000000000000e+00
1.2616612265769436e-01 2.7059155415813104e-02 0.0000000000000000e+00
1.2682587505523735e-01 2.8850786407263834e-02 0.0000000000000000e+00
1.2798364249210520e-01 2.7269434813249484e-02 0.0000000000000000e+00
1.2434615969136922e-01 2.6752856689801683e-02 0.0000000000000000e+00
1.2258489005339958e-01 2.6244653994563986e-02 0.0000000000000000e+00
1.2311807030801114e-01 2.8224671859979390e-02 0.0000000000000000e+00
1.1439780462237842e-01 2.6692983347424964e-02 0.0000000000000000e+00
1.1598378122775303e-01 2.4666172255014374e-02 0.0000000000000000e+00
1.2492108485702262e-01 2.8811465664583289e-02 0.0000000000000000e+00
1.0226626549770433e-01 2.6234315795927013e-02 0.0000000000000000e+00
1.0385861933660906e-01 2.6616022345357541e-02 0.0000000000000000e+00
1.0553923952642219e-01 2.2548408827276469e-02 0.0000000000000000e+00
1.2050840681744544e-01 2.6152612053808609e-02 0.0000000000000000e+00
1.1838975377980696e-01 2.5407102309365007e-02 0.0000000000000000e+00
1.1987320087862216e-01 3.0347434267777956e-02 0.0000000000000000e+00
9.0633152237426948e-02 2.2528606085468951e-02 0.0000000000000000e+00
9.2256343737197474e-02 2.2671597358619427e-02 0.0000000000000000e+00
8.8769036015567543e-02 2.2091884837381899e-02 0.0000000000000000e+00
1.0389532905652238e-01 2.2084193244896150e-02 0.0000000000000000e+00
1.0936687737436232e-01 2.3420215231372141e-02 0.0000000000000000e+00
1.0968709665878758e-01 2.5589509753526599e-02 0.0000000000000000e+00
1.1340887783438496e-01 2.4451960181143473e-02 0.0000000000000000e+00
8.3621263979650653e-02 2.1474161547489573e-02 0.0000000000000000e+00
8.4585867132793729e-02 2.0953463620429595e-02 0.0000000000000000e+00
8.7050129350024749e-02 2.1782732298601781e-02 0.0000000000000000e+00
9.9052746753545334e-02 2.4528820915917838e-02 0.0000000000000000e+00
1.1030046277614837e-01 2.7657455772696654e-02 0.0000000000000000e+00
1.1188691948500211e-01 2.6059711983456652e-02 0.0000000000000000e+00
9.5332183897177250e-02 2.3659120659411108e-02 0.0000000000000000e+00
9.3579641100424785e-02 2.3201625763195479e-02 0.0000000000000000e+00
1.1124559773319478e-01 2.3823989502316088e-02 0.0000000000000000e+00
9.7192444083947047e-02 2.4093670265711953e-02 0.0000000000000000e+00
7.9690148843689024e-02 1.7643606206832203e-02 0.0000000000000000e+00
8.5604708798897811e-02 2.1668714845482894e-02 0.0000000000000000e+00
1.4035915957403958e-01 3.2729781619276768e-02 0.0000000000000000e+00
1.3110807908412489e-01 3.0596273920395926e-02 0.0000000000000000e+00
8.0097854679678671e-02 1.6600846010655909e-02 0.0000000000000000e+00
8.3358499950333356e-02 1.8221281566101186e-02 0.0000000000000000e+00
8.1551062004567840e-02 1.8398363910573159e-02 0.0000000000000000e+00
8.1727799234986145e-02 1.7209787575671660e-02 0.0000000000000000e+00
1.0190096933688342e-01 2.1879158310350370e-02 0.0000000000000000e+00
1.0006372988955965e-01 2.1333425553343346e-02 0.0000000000000000e+00
9.8225854512236366e-02 2.0965764880410440e-02 0.0000000000000000e+00
9.6377106676739627e-02 2.0598026071763767e-02 0.0000000000000000e+00
9.4528358841242902e-02 2.0230287263117094e-02 0.0000000000000000e+00
9.2679611005746176e-02 1.9862548454470424e-02 0.0000000000000000e+00
9.0859098901454508e-02 1.9500407398411891e-02 0.0000000000000000e+00
8.9063513069726180e-02 1.9143261853339991e-02 0.0000000000000000e+00
8.7275441697985720e-02 1.8787592343743303e-02 0.0000000000000000e+00
8.5543757135218099e-02 1.8443138867808385e-02 0.0000000000000000e+00
1.2499477709335401e-01 4.2430009420017331e-02 0.0000000000000000e+00
1.4110837146359564e-01 4.7899837654592790e-02 0.0000000000000000e+00
7.7031298522547059e-02 2.4881349399303830e-02 0.0000000000000000e+00
7.7978228652042181e-02 2.5202788864606994e-02 0.0000000000000000e+00
7.8965996861274770e-02 2.3848420390066401e-02 0.0000000000000000e+00
1.0041396429433898e-01 3.1129024279183022e-02 0.0000000000000000e+00
1.0047651336075812e-01 3.1255861238662842e-02 0.0000000000000000e+00
9.9608626804439562e-02 3.3812572588299623e-02 0.0000000000000000e+00
7.8065966358425928e-02 2.6499824752652699e-02 0.0000000000000000e+00
7.6653993982628801e-02 2.6020524716290926e-02 0.0000000000000000e+00
8.8837296581432745e-02 3.0156198670476163e-02 0.0000000000000000e+00
1.2704409121188143e-01 3.5830139382189784e-02 0.0000000000000000e+00
1.2656420500260154e-01 3.7490025500917797e-02 0.0000000000000000e+00
1.2606263266834861e-01 3.9143487896775374e-02 0.0000000000000000e+00
1.2553946015096021e-01 4.0790243257493072e-02 0.0000000000000000e+00
1.4328873388472277e-01 4.0918280586524677e-02 0.0000000000000000e+00
1.4260005902969469e-01 4.3257254988869141e-02 0.0000000000000000e+00
1.4187320669067000e-01 4.5584648378054773e-02 0.0000000000000000e+00
1.3573717334018182e-01 4.6076561576400984e-02 0.0000000000000000e+00
1.3036597521676785e-01 4.4253285498209144e-02 0.0000000000000000e+00
7.7459074551004356e-02 2.5026559794003322e-02 0.0000000000000000e+00
7.8472067695461917e-02 2.4525666412544490e-02 0.0000000000000000e+00
7.9860177585338921e-02 2.4151953845043515e-02 0.0000000000000000e+00
8.0770237737435677e-02 2.4460877639494609e-02 0.0000000000000000e+00
8.1739523380903872e-02 2.4789905779225012e-02 0.0000000000000000e+00
8.2910977615090697e-02 2.5187560908083270e-02 0.0000000000000000e+00
8.4467313164905605e-02 2.5715865638688412e-02 0.0000000000000000e+00
8.6217376157700365e-02 2.6309931974871775e-02 0.0000000000000000e+00
8.7991473410874099e-02 2.6912156843099416e-02 0.0000000000000000e+00
8.9766114965654772e-02 2.7514566476825639e-02 0.0000000000000000e+00
9.1540756520435473e-02 2.8116976110551865e-02 0.0000000000000000e+00
9.3315398075216147e-02 2.8719385744278094e-02 0.0000000000000000e+00
9.5090039629996848e-02 2.9321795378004320e-02 0.0000000000000000e+00
9.6864681184777562e-02 2.9924205011730560e-02 0.0000000000000000e+00
9.8639322739558222e-02 3.0526614645456775e-02 0.0000000000000000e+00
1.0047150762196184e-01 3.1179488423110611e-02 0.0000000000000000e+00
1.0004257008259884e-01 3.2534216913481233e-02 0.0000000000000000e+00
1.0142192325364774e-01 3.4428103790565170e-02 0.0000000000000000e+00
1.0323521970285589e-01 3.5043634992830718e-02 0.0000000000000000e+00
1.0504851615206413e-01 3.5659166195096292e-02 0.0000000000000000e+00
1.0686181260127231e-01 3.6274697397361839e-02 0.0000000000000000e+00
1.0867510905048046e-01 3.6890228599627387e-02 0.0000000000000000e+00
1.1048840549968861e-01 3.7505759801892934e-02 0.0000000000000000e+00
1.1230170194889678e-01 3.8121291004158481e-02 0.0000000000000000e+00
1.1411499839810495e-01 3.8736822206424028e-02 0.0000000000000000e+00
1.1592829484731310e-01 3.9352353408689582e-02 0.0000000000000000e+00
1.1774159129652124e-01 3.9967884610955122e-02 0.0000000000000000e+00
1.1955488774572952e-01 4.0583415813220697e-02 0.0000000000000000e+00
1.2136818419493757e-01 4.1198947015486216e-02 0.0000000000000000e+00
1.2318148064414572e-01 4.1814478217751756e-02 0.0000000000000000e+00
7.8012135792479009e-02 2.1610394931509552e-02 0.0000000000000000e+00
7.7827022111872743e-02 2.2267849676115316e-02 0.0000000000000000e+00
7.7636367774882586e-02 2.2923719129390223e-02 0.0000000000000000e+00
7.7440186354559945e-02 2.3577956598718003e-02 0.0000000000000000e+00
7.7238491817439886e-02 2.4230515507666587e-02 0.0000000000000000e+00
7.8665964474872591e-02 2.4732287298694408e-02 0.0000000000000000e+00
7.8365958868482119e-02 2.5616075315951906e-02 0.0000000000000000e+00
7.7289214022920397e-02 2.6236152864283276e-02 0.0000000000000000e+00
7.6844757226508784e-02 2.5451636230288337e-02 0.0000000000000000e+00
9.7813408758079229e-02 3.3203178176874217e-02 0.0000000000000000e+00
9.6018186322749929e-02 3.2593782275594597e-02 0.0000000000000000e+00
9.4222963887420616e-02 3.1984386374314985e-02 0.0000000000000000e+00
9.2427741452091303e-02 3.1374990473035373e-02 0.0000000000000000e+00
9.0632519016762031e-02 3.0765594571755768e-02 0.0000000000000000e+00
8.7146676731406442e-02 2.9582310562265769e-02 0.0000000000000000e+00
8.5456056881380124e-02 2.9008422454055376e-02 0.0000000000000000e+00
8.3765437031353820e-02 2.8434534345844982e-02 0.0000000000000000e+00
8.2074817181327517e-02 2.7860646237634592e-02 0.0000000000000000e+00
8.0401845248149389e-02 2.7292748789958389e-02 0.0000000000000000e+00
7.9057281169647803e-02 2.6836330787196314e-02 0.0000000000000000e+00
1.1343418552047908e-01 3.2178928484236438e-02 0.0000000000000000e+00
1.1137187307820906e-01 3.1773797469226789e-02 0.0000000000000000e+00
1.1514522663096595e-01 3.2575947694503990e-02 0.0000000000000000e+00
1.1562241866121117e-01 3.4222799544252086e-02 0.0000000000000000e+00
1.1432285576731493e-01 3.3811852929109674e-02 0.0000000000000000e+00
1.1444987233927502e-01 3.5246437063961869e-02 0.0000000000000000e+00
1.0229631089158588e-01 3.0108681791780972e-02 0.0000000000000000e+00
1.0098916192470561e-01 3.0744434730673256e-02 0.0000000000000000e+00
1.0031216137111480e-01 2.9101260402765197e-02 0.0000000000000000e+00
1.1694975948914667e-01 3.3468524881932055e-02 0.0000000000000000e+00
1.1632599038929452e-01 3.5539829600219765e-02 0.0000000000000000e+00
1.0188504507858509e-01 3.1660273501697291e-02 0.0000000000000000e+00
8.0221935467879590e-02 2.2453889077801045e-02 0.0000000000000000e+00
8.1185048722892755e-02 2.2706148629155817e-02 0.0000000000000000e+00
8.0514940621843778e-02 2.3448263449860098e-02 0.0000000000000000e+00
7.9516275692610508e-02 2.3261576491276508e-02 0.0000000000000000e+00
8.1535968524905161e-02 2.3655135016389099e-02 0.0000000000000000e+00
7.9373844938995214e-02 2.2242013474592197e-02 0.0000000000000000e+00
1.2410476652821240e-01 3.6503760038479917e-02 0.0000000000000000e+00
1.2579034412187484e-01 3.5699976437376539e-02 0.0000000000000000e+00
1.2535635423724123e-01 3.7452934689420646e-02 0.0000000000000000e+00
1.0591151218014212e-01 3.2051567408862280e-02 0.0000000000000000e+00
1.0591095043279312e-01 2.9937792929981607e-02 0.0000000000000000e+00
1.0739950846045938e-01 3.0589265124063660e-02 0.0000000000000000e+00
1.0432084064699555e-01 3.0150423897515238e-02 0.0000000000000000e+00
1.0474289740486181e-01 3.3879392010725498e-02 0.0000000000000000e+00
1.0363241150344583e-01 3.1811673051007829e-02 0.0000000000000000e+00
7.8486139195873633e-02 2.1866516255833517e-02 0.0000000000000000e+00
1.2001663232713582e-01 3.5376313592893630e-02 0.0000000000000000e+00
1.1916853459464678e-01 3.7106591683178140e-02 0.0000000000000000e+00
1.1826215866995253e-01 3.5504158262924211e-02 0.0000000000000000e+00
1.2229122477699642e-01 3.5134193057524334e-02 0.0000000000000000e+00
1.2061468266515911e-01 3.3799357038641391e-02 0.0000000000000000e+00
7.8017642980947460e-02 2.3805089613306848e-02 0.0000000000000000e+00
7.8531375716675580e-02 2.2955953185602399e-02 0.0000000000000000e+00
8.2547785683644653e-02 2.4130484471061552e-02 0.0000000000000000e+00
8.2240319971482151e-02 2.2973263594431550e-02 0.0000000000000000e+00
1.2434028738771871e-01 3.4798951224069556e-02 0.0000000000000000e+00
1.2279264502645332e-01 3.9649145333801747e-02 0.0000000000000000e+00
1.2425982285865864e-01 3.8427423579769415e-02 0.0000000000000000e+00
1.2447180307365339e-01 4.0375797950934787e-02 0.0000000000000000e+00
1.2106336150066316e-01 3.9004426328511872e-02 0.0000000000000000e+00
1.1928395590364840e-01 3.8563907953874627e-02 0.0000000000000000e+00
1.2073571248164594e-01 3.7115752309783631e-02 0.0000000000000000e+00
1.1241789661386108e-01 3.4082100629524208e-02 0.0000000000000000e+00
1.1277798709771802e-01 3.6630358826911173e-02 0.0000000000000000e+00
1.2259056578678479e-01 3.7509081242719074e-02 0.0000000000000000e+00
1.0168234176913950e-01 2.8413548818675992e-02 0.0000000000000000e+00
1.0325221392015994e-01 2.8879158169530617e-02 0.0000000000000000e+00
1.0267386693961061e-01 3.3242124903872385e-02 0.0000000000000000e+00
1.1743964770040190e-01 3.7605376994805338e-02 0.0000000000000000e+00
1.1523208547578011e-01 3.7191680853443106e-02 0.0000000000000000e+00
1.1898695432773088e-01 3.3654951423736965e-02 0.0000000000000000e+00
8.9754915305408661e-02 2.5806230936844660e-02 0.0000000000000000e+00
9.1232136015992130e-02 2.6493992611662128e-02 0.0000000000000000e+00
8.7922182677628233e-02 2.5252384521130797e-02 0.0000000000000000e+00
1.0101809091994000e-01 3.2822192156096427e-02 0.0000000000000000e+00
1.0642460175446140e-01 3.4400937334713645e-02 0.0000000000000000e+00
1.0778656705063257e-01 3.2682382812450082e-02 0.0000000000000000e+00
1.1044094930983504e-01 3.5528420227996675e-02 0.0000000000000000e+00
8.3155219676686890e-02 2.3213462564728404e-02 0.0000000000000000e+00
8.3730241548349377e-02 2.4146701773831776e-02 0.0000000000000000e+00
8.6278989569143705e-02 2.4660665140587432e-02 0.0000000000000000e+00
9.8046605461155761e-02 2.8283791338708730e-02 0.0000000000000000e+00
1.0935173069967269e-01 3.1198172084874312e-02 0.0000000000000000e+00
1.0992677061692427e-01 3.3375087149521830e-02 0.0000000000000000e+00
9.4389653382910860e-02 2.7176692426337364e-02 0.0000000000000000e+00
9.2643159351595991e-02 2.6696623230185595e-02 0.0000000000000000e+00
1.0825350844728929e-01 3.4990618738097869e-02 0.0000000000000000e+00
9.6217960765452720e-02 2.7730491521461207e-02 0.0000000000000000e+00
7.7835496433413920e-02 2.4565263232359021e-02 0.0000000000000000e+00
8.4970209926156226e-02 2.4036696875899721e-02 0.0000000000000000e+00
1.3791948865459044e-01 4.1834757444409121e-02 0.0000000000000000e+00
1.2884106408842935e-01 3.9056889065852265e-02 0.0000000000000000e+00
7.7667199946563958e-02 2.5672172970297755e-02 0.0000000000000000e+00
8.1301219361403151e-02 2.5899157249413947e-02 0.0000000000000000e+00
7.9824473356842243e-02 2.4842080467656749e-02 0.0000000000000000e+00
7.9383244120728252e-02 2.5959786383227608e-02 0.0000000000000000e+00
9.9188407271175352e-02 3.2002577758256871e-02 0.0000000000000000e+00
9.7324444858454595e-02 3.1556576465840390e-02 0.0000000000000000e+00
9.5548967756236239e-02 3.0956042259911120e-02 0.0000000000000000e+00
9.3764035761181225e-02 3.0350139492408196e-02 0.0000000000000000e+00
9.1979103766126238e-02 2.9744236724905275e-02 0.0000000000000000e+00
9.0194171771071266e-02 2.9138333957402361e-02 0.0000000000000000e+00
8.8436491512828327e-02 2.8541701259556539e-02 0.0000000000000000e+00
8.6702895795340254e-02 2.7953205458573088e-02 0.0000000000000000e+00
8.4976545808834986e-02 2.7367188603365140e-02 0.0000000000000000e+00
8.3304636248169417e-02 2.6799651782562817e-02 0.0000000000000000e+00
7.4788048156788661e-02 3.0978223849954016e-02 0.0000000000000000e+00
1.2195209829148987e-01 5.0514213072191845e-02 0.0000000000000000e+00
1.3767344833639028e-01 5.7026209479604462e-02 0.0000000000000000e+00
7.6259843805819474e-02 2.7153981710092080e-02 0.0000000000000000e+00
7.7206773935314596e-02 2.7475421175395250e-02 0.0000000000000000e+00
7.7165935855577086e-02 2.9151229115238996e-02 0.0000000000000000e+00
9.8613903288641266e-02 3.6431833004355631e-02 0.0000000000000000e+00
9.8740740248121045e-02 3.6369283937936404e-02 0.0000000000000000e+00
1.2260286097909398e-01 4.8913581751298368e-02 0.0000000000000000e+00
1.2323261629763066e-01 4.7304569339979639e-02 0.0000000000000000e+00
1.2384125634176790e-01 4.5687451534229047e-02 0.0000000000000000e+00
1.2442867682416751e-01 4.4062505418857714e-02 0.0000000000000000e+00
1.3858806661597928e-01 5.4765999818220765e-02 0.0000000000000000e+00
1.3946558151895422e-01 5.2491127974395813e-02 0.0000000000000000e+00
1.4030575811335655e-01 5.0202202986330657e-02 0.0000000000000000e+00
1.2719254830645663e-01 5.2684878541329375e-02 0.0000000000000000e+00
1.3243299832142347e-01 5.4855544010466932e-02 0.0000000000000000e+00
7.6687619834276771e-02 2.7299192104791571e-02 0.0000000000000000e+00
7.7186356758446387e-02 2.8313248696297727e-02 0.0000000000000000e+00
7.8060116579641223e-02 2.9454762570216106e-02 0.0000000000000000e+00
7.8970176731737965e-02 2.9763686364667197e-02 0.0000000000000000e+00
7.9939462375206161e-02 3.0092714504397603e-02 0.0000000000000000e+00
8.1110916609393000e-02 3.0490369633255861e-02 0.0000000000000000e+00
8.2667252159207893e-02 3.1018674363861000e-02 0.0000000000000000e+00
8.4417315152002667e-02 3.1612740700044377e-02 0.0000000000000000e+00
8.6191412405176401e-02 3.2214965568272011e-02 0.0000000000000000e+00
8.7966053959957061e-02 3.2817375201998233e-02 0.0000000000000000e+00
8.9740695514737748e-02 3.3419784835724463e-02 0.0000000000000000e+00
9.1515337069518449e-02 3.4022194469450692e-02 0.0000000000000000e+00
9.3289978624299136e-02 3.4624604103176915e-02 0.0000000000000000e+00
9.5064620179079865e-02 3.5227013736903165e-02 0.0000000000000000e+00
9.6839261733860510e-02 3.5829423370629374e-02 0.0000000000000000e+00
9.8690276104193397e-02 3.6426827265559354e-02 0.0000000000000000e+00
9.9174683526280297e-02 3.5090928263118007e-02 0.0000000000000000e+00
7.5539608102921180e-02 3.1289530172578496e-02 0.0000000000000000e+00
7.6440858272655357e-02 3.1662840215973445e-02 0.0000000000000000e+00
7.7350458231936189e-02 3.2039608855441583e-02 0.0000000000000000e+00
7.8285451228617825e-02 3.2426895635390973e-02 0.0000000000000000e+00
7.9319064328009906e-02 3.2855032199405672e-02 0.0000000000000000e+00
8.0659100731838351e-02 3.3410093451945073e-02 0.0000000000000000e+00
8.2362278520344515e-02 3.4115572791076944e-02 0.0000000000000000e+00
8.4156223297039548e-02 3.4858649047732400e-02 0.0000000000000000e+00
8.5956026868203861e-02 3.5604152096516191e-02 0.0000000000000000e+00
8.7755830439368188e-02 3.6349655145299982e-02 0.0000000000000000e+00
8.9555634010532487e-02 3.7095158194083766e-02 0.0000000000000000e+00
9.1355437581696786e-02 3.7840661242867543e-02 0.0000000000000000e+00
9.3155241152861099e-02 3.8586164291651334e-02 0.0000000000000000e+00
9.4955044724025370e-02 3.9331667340435111e-02 0.0000000000000000e+00
9.6754848295189752e-02 4.0077170389218916e-02 0.0000000000000000e+00
9.8554651866353996e-02 4.0822673438002686e-02 0.0000000000000000e+00
1.0035445543751836e-01 4.1568176486786491e-02 0.0000000000000000e+00
1.0215425900868264e-01 4.2313679535570262e-02 0.0000000000000000e+00
1.0395406257984689e-01 4.3059182584354032e-02 0.0000000000000000e+00
1.0575386615101116e-01 4.3804685633137802e-02 0.0000000000000000e+00
1.0755366972217552e-01 4.4550188681921614e-02 0.0000000000000000e+00
1.0935347329333979e-01 4.5295691730705384e-02 0.0000000000000000e+00
1.1115327686450406e-01 4.6041194779489147e-02 0.0000000000000000e+00
1.1295308043566842e-01 4.6786697828272966e-02 0.0000000000000000e+00
1.1475288400683269e-01 4.7532200877056729e-02 0.0000000000000000e+00
1.1655268757799697e-01 4.8277703925840500e-02 0.0000000000000000e+00
1.1835249114916123e-01 4.9023206974624270e-02 0.0000000000000000e+00
1.2015229472032560e-01 4.9768710023408082e-02 0.0000000000000000e+00
7.5046763414165232e-02 3.0346100261126004e-02 0.0000000000000000e+00
7.5300135947157398e-02 2.9711816274667763e-02 0.0000000000000000e+00
7.5548147717684047e-02 2.9075417046484284e-02 0.0000000000000000e+00
7.5790781069307020e-02 2.8436947883068830e-02 0.0000000000000000e+00
7.6028018728488245e-02 2.7796454238277216e-02 0.0000000000000000e+00
7.7465968241979252e-02 2.8267362206610986e-02 0.0000000000000000e+00
7.7765973848369724e-02 2.7383574189353489e-02 0.0000000000000000e+00
7.6459019271680237e-02 2.6587983601861018e-02 0.0000000000000000e+00
1.0958268047392096e-01 4.3525096475925416e-02 0.0000000000000000e+00
1.0769990987348882e-01 4.2591052250520137e-02 0.0000000000000000e+00
1.1118183063608771e-01 4.4251735790812506e-02 0.0000000000000000e+00
1.1256295241266143e-01 4.3235696477093730e-02 0.0000000000000000e+00
1.1128177140118990e-01 4.2770598582523342e-02 0.0000000000000000e+00
1.1225585991079264e-01 4.1709789257063749e-02 0.0000000000000000e+00
9.9486124098443748e-02 3.8387225129406830e-02 0.0000000000000000e+00
9.8836114966887614e-02 3.7087106538731367e-02 0.0000000000000000e+00
9.7298713164349571e-02 3.7978592556014393e-02 0.0000000000000000e+00
1.1315682937090996e-01 4.4642136699137989e-02 0.0000000000000000e+00
1.1392289049218914e-01 4.2619133613525963e-02 0.0000000000000000e+00
1.0010439417851871e-01 3.6905901899551737e-02 0.0000000000000000e+00
7.7313402069875664e-02 3.1022152170869410e-02 0.0000000000000000e+00
7.8231057072782925e-02 3.1408327414600777e-02 0.0000000000000000e+00
7.8151195451200001e-02 3.0411632177530505e-02 0.0000000000000000e+00
7.7245253474076445e-02 2.9951792210290679e-02 0.0000000000000000e+00
7.9087166779085782e-02 3.0869072334538880e-02 0.0000000000000000e+00
7.6511584920934378e-02 3.0673959586108947e-02 0.0000000000000000e+00
1.2068101219643765e-01 4.6589815058790465e-02 0.0000000000000000e+00
1.2152895835706834e-01 4.8253614088220188e-02 0.0000000000000000e+00
1.2225178440294862e-01 4.6598702501224998e-02 0.0000000000000000e+00
1.0353700994119992e-01 3.9046625437867251e-02 0.0000000000000000e+00
1.0224977990469863e-01 4.0723253511190688e-02 0.0000000000000000e+00
1.0382732353199384e-01 4.1112582581993344e-02 0.0000000000000000e+00
1.0111770252635363e-01 3.9586564517365634e-02 0.0000000000000000e+00
1.0372259462232516e-01 3.6885107083952227e-02 0.0000000000000000e+00
1.0158283937438431e-01 3.7849517843187734e-02 0.0000000000000000e+00
7.5578732380952807e-02 3.0431460542159269e-02 0.0000000000000000e+00
1.1675133136310879e-01 4.4995580044169009e-02 0.0000000000000000e+00
1.1713181675696926e-01 4.3106568954039984e-02 0.0000000000000000e+00
1.1543724073074840e-01 4.3826098157456764e-02 0.0000000000000000e+00
1.1840849323790315e-01 4.6572351329846932e-02 0.0000000000000000e+00
1.1626580627099063e-01 4.6610733772373403e-02 0.0000000000000000e+00
7.6387178031261035e-02 2.8608284468324578e-02 0.0000000000000000e+00
7.6277828108015172e-02 2.9594690363937273e-02 0.0000000000000000e+00
8.0179269715040649e-02 3.1107907516318659e-02 0.0000000000000000e+00
7.9230869330735518e-02 3.1838819297940593e-02 0.0000000000000000e+00
1.1983004160698812e-01 4.8085706841255293e-02 0.0000000000000000e+00
1.2155482546731228e-01 4.3295644167800039e-02 0.0000000000000000e+00
1.2197507882045781e-01 4.5158062476011264e-02 0.0000000000000000e+00
1.2332934919853418e-01 4.3741358539111180e-02 0.0000000000000000e+00
1.1979041254284670e-01 4.2754413033874734e-02 0.0000000000000000e+00
1.1811054457347335e-01 4.2020666263828034e-02 0.0000000000000000e+00
1.1838071920459360e-01 4.4053338790323839e-02 0.0000000000000000e+00
1.0993498206996960e-01 4.1396531010233648e-02 0.0000000000000000e+00
1.1177194235986905e-01 3.9594071054937355e-02 0.0000000000000000e+00
1.2009171675325998e-01 4.4870453116184192e-02 0.0000000000000000e+00
9.7967098073248049e-02 3.9358303815509803e-02 0.0000000000000000e+00
9.9496006401876391e-02 3.9944588695754651e-02 0.0000000000000000e+00
1.0169317875692563e-01 3.6131139129142974e-02 0.0000000000000000e+00
1.1606383982350908e-01 4.1658376304637375e-02 0.0000000000000000e+00
1.1406062070451357e-01 4.0642704785766266e-02 0.0000000000000000e+00
1.1488653398891911e-01 4.5734400220583830e-02 0.0000000000000000e+00
8.6917199887545468e-02 3.4165870987804534e-02 0.0000000000000000e+00
8.8507840652613579e-02 3.4519507956499877e-02 0.0000000000000000e+00
8.5126034999953804e-02 3.3489569958240935e-02 0.0000000000000000e+00
1.0012392446132218e-01 3.5456321601435657e-02 0.0000000000000000e+00
1.0537427706218613e-01 3.7495094102085381e-02 0.0000000000000000e+00
1.0540860707246170e-01 3.9687627012753232e-02 0.0000000000000000e+00
1.0924702790831020e-01 3.9045599259783001e-02 0.0000000000000000e+00
8.0102931936295488e-02 3.2205212294461168e-02 0.0000000000000000e+00
8.1127247493460175e-02 3.1814874986932778e-02 0.0000000000000000e+00
8.3462186322922335e-02 3.2958699920451751e-02 0.0000000000000000e+00
9.5003683179961593e-02 3.7247951315322533e-02 0.0000000000000000e+00
1.0574680463806099e-01 4.1817941810793714e-02 0.0000000000000000e+00
1.0752823640279877e-01 4.0440941094488425e-02 0.0000000000000000e+00
9.1428468917451822e-02 3.5900060562516364e-02 0.0000000000000000e+00
8.9750634434037038e-02 3.5217726860595856e-02 0.0000000000000000e+00
1.0718422158980619e-01 3.8140636242852410e-02 0.0000000000000000e+00
9.3216094215001849e-02 3.6573705215412970e-02 0.0000000000000000e+00
7.6705435837981714e-02 2.7894314395882729e-02 0.0000000000000000e+00
8.2044013808985669e-02 3.2656992661754897e-02 0.0000000000000000e+00
1.3488627373947018e-01 5.0770320442724927e-02 0.0000000000000000e+00
1.2599281616159583e-01 4.7447556887698285e-02 0.0000000000000000e+00
7.7245761211831271e-02 2.6913691448056217e-02 0.0000000000000000e+00
8.0267001927394444e-02 2.8945863564048730e-02 0.0000000000000000e+00
7.8451912979679850e-02 2.8885512951780688e-02 0.0000000000000000e+00
7.8782278541749087e-02 2.7730173889902100e-02 0.0000000000000000e+00
9.8173389194833566e-02 3.4992724589056605e-02 0.0000000000000000e+00
9.6423100004413023e-02 3.4211852782182986e-02 0.0000000000000000e+00
9.4648937253387383e-02 3.3607446622497414e-02 0.0000000000000000e+00
9.2864005258332383e-02 3.3001543854994493e-02 0.0000000000000000e+00
9.1079073263277383e-02 3.2395641087491579e-02 0.0000000000000000e+00
8.9294141268222396e-02 3.1789738319988659e-02 0.0000000000000000e+00
8.7536472790447475e-02 3.1193070918003232e-02 0.0000000000000000e+00
8.5802865292491398e-02 3.0604609821159378e-02 0.0000000000000000e+00
8.4076515305986130e-02 3.0018592965951430e-02 0.0000000000000000e+00
8.2404605745320547e-02 2.9451056145149111e-02 0.0000000000000000e+00
1.1838720188231490e-01 5.8382107108908191e-02 0.0000000000000000e+00
1.3364898636739611e-01 6.5908386320801510e-02 0.0000000000000000e+00
7.3124617290743474e-02 3.4723088083900282e-02 0.0000000000000000e+00
7.4021490032276177e-02 3.5165376774119288e-02 0.0000000000000000e+00
7.5177588307392906e-02 3.3951524732776482e-02 0.0000000000000000e+00
9.5491755903108350e-02 4.3969363566236881e-02 0.0000000000000000e+00
9.5537214308239665e-02 4.4103279709412038e-02 0.0000000000000000e+00
9.4343034844648357e-02 4.6524836111550283e-02 0.0000000000000000e+00
7.3939179974779709e-02 3.6462768409068015e-02 0.0000000000000000e+00
7.2601848427071111e-02 3.5803269473228150e-02 0.0000000000000000e+00
8.4141107409714033e-02 4.1493802260309152e-02 0.0000000000000000e+00
1.2128043973965454e-01 5.2106189042723260e-02 0.0000000000000000e+00
1.2058800040882335e-01 5.3689236886005645e-02 0.0000000000000000e+00
1.1987489894491070e-01 5.5263085354940511e-02 0.0000000000000000e+00
1.1914125753418155e-01 5.6827464778694964e-02 0.0000000000000000e+00
1.3672197154561705e-01 5.9271151845766784e-02 0.0000000000000000e+00
1.3573389097700389e-01 6.1500225891351575e-02 0.0000000000000000e+00
1.3470947116361182e-01 6.3712834839335916e-02 0.0000000000000000e+00
1.2856172487236905e-01 6.3399626583503746e-02 0.0000000000000000e+00
1.2347446337734193e-01 6.0890866846205947e-02 0.0000000000000000e+00
7.3529779876085458e-02 3.4922892159660698e-02 0.0000000000000000e+00
7.4599486429554857e-02 3.4558506128408252e-02 0.0000000000000000e+00
7.6024500125316266e-02 3.4369175422037247e-02 0.0000000000000000e+00
7.6886451940077788e-02 3.4794243016946273e-02 0.0000000000000000e+00
7.7804498420285473e-02 3.5246973439544825e-02 0.0000000000000000e+00
7.8914026291317968e-02 3.5794132034198747e-02 0.0000000000000000e+00
8.0388089569937593e-02 3.6521059597730735e-02 0.0000000000000000e+00
8.2045639314436314e-02 3.7338472672649621e-02 0.0000000000000000e+00
8.3725952800762823e-02 3.8167111582730263e-02 0.0000000000000000e+00
8.5406781815383595e-02 3.8996004723231191e-02 0.0000000000000000e+00
8.7087610830004381e-02 3.9824897863732139e-02 0.0000000000000000e+00
8.8768439844625152e-02 4.0653791004233081e-02 0.0000000000000000e+00
9.0449268859245952e-02 4.1482684144734022e-02 0.0000000000000000e+00
9.2130097873866751e-02 4.2311577285234978e-02 0.0000000000000000e+00
9.3810926888487495e-02 4.3140470425735912e-02 0.0000000000000000e+00
9.5542220047035886e-02 4.4026906893859796e-02 0.0000000000000000e+00
9.4940124576444004e-02 4.5314057910481161e-02 0.0000000000000000e+00
9.6060475347338817e-02 4.7371784039932988e-02 0.0000000000000000e+00
9.7777915850029262e-02 4.8218731968315685e-02 0.0000000000000000e+00
9.9495356352719805e-02 4.9065679896698432e-02 0.0000000000000000e+00
1.0121279685541026e-01 4.9912627825081129e-02 0.0000000000000000e+00
1.0293023735810071e-01 5.0759575753463834e-02 0.0000000000000000e+00
1.0464767786079117e-01 5.1606523681846532e-02 0.0000000000000000e+00
1.0636511836348161e-01 5.2453471610229230e-02 0.0000000000000000e+00
1.0808255886617207e-01 5.3300419538611941e-02 0.0000000000000000e+00
1.0979999936886253e-01 5.4147367466994639e-02 0.0000000000000000e+00
1.1151743987155298e-01 5.4994315395377337e-02 0.0000000000000000e+00
1.1323488037424354e-01 5.5841263323760076e-02 0.0000000000000000e+00
1.1495232087693390e-01 5.6688211252142746e-02 0.0000000000000000e+00
1.1666976137962434e-01 5.7535159180525437e-02 0.0000000000000000e+00
7.4524008593467778e-02 3.1608142039049665e-02 0.0000000000000000e+00
7.4254663521690301e-02 3.2235809983317508e-02 0.0000000000000000e+00
7.3980032116653369e-02 3.2861182997861400e-02 0.0000000000000000e+00
7.3700133929898423e-02 3.3484216561165597e-02 0.0000000000000000e+00
7.3414988887919252e-02 3.4104866318264503e-02 0.0000000000000000e+00
7.4764754957636223e-02 3.4788667952534304e-02 0.0000000000000000e+00
7.4351958456174719e-02 3.5625736451341178e-02 0.0000000000000000e+00
7.3203488950766976e-02 3.6099965745603840e-02 0.0000000000000000e+00
7.2865234512830668e-02 3.5264147506925352e-02 0.0000000000000000e+00
9.2642717069622404e-02 4.5686332177996510e-02 0.0000000000000000e+00
9.0942395137640714e-02 4.4847826194459040e-02 0.0000000000000000e+00
8.9242073205659037e-02 4.4009320210921556e-02 0.0000000000000000e+00
8.7541751273677346e-02 4.3170814227384079e-02 0.0000000000000000e+00
8.5841429341695696e-02 4.2332308243846622e-02 0.0000000000000000e+00
8.2539858476393960e-02 4.0704153672904850e-02 0.0000000000000000e+00
8.0938609543073872e-02 3.9914505085500547e-02 0.0000000000000000e+00
7.9337360609753813e-02 3.9124856498096251e-02 0.0000000000000000e+00
7.7736111676433739e-02 3.8335207910691949e-02 0.0000000000000000e+00
7.6151577741478349e-02 3.7553802248277320e-02 0.0000000000000000e+00
7.4878091099021354e-02 3.6925788135437690e-02 0.0000000000000000e+00
1.0826354733363373e-01 4.6709765593782607e-02 0.0000000000000000e+00
1.0627175846893730e-01 4.6038914740510584e-02 0.0000000000000000e+00
1.0990812884447083e-01 4.7326723930552879e-02 0.0000000000000000e+00
1.1016628112964784e-01 4.9021772793095240e-02 0.0000000000000000e+00
1.0893147547334260e-01 4.8444714887122597e-02 0.0000000000000000e+00
1.0887015459638018e-01 4.9883604945316989e-02 0.0000000000000000e+00
9.7491180183914186e-02 4.3203445784037751e-02 0.0000000000000000e+00
9.6112231647344337e-02 4.3663142591094550e-02 0.0000000000000000e+00
9.5655500215515110e-02 4.1945659542957668e-02 0.0000000000000000e+00
1.1158071897235683e-01 4.8447203799122207e-02 0.0000000000000000e+00
1.1069192678581914e-01 5.0419370012979664e-02 0.0000000000000000e+00
9.6880909449180264e-02 4.4688082451223216e-02 0.0000000000000000e+00
7.6604805047233868e-02 3.2732856713188402e-02 0.0000000000000000e+00
7.7526752256148190e-02 3.3108669654965076e-02 0.0000000000000000e+00
7.6765511601061626e-02 3.3756968921695954e-02 0.0000000000000000e+00
7.5799757926580127e-02 3.3441527165406222e-02 0.0000000000000000e+00
7.7750802311013500e-02 3.4095341557632511e-02 0.0000000000000000e+00
7.5791625366102830e-02 3.2412095707743345e-02 0.0000000000000000e+00
1.1827833624685538e-01 5.2390387922259647e-02 0.0000000000000000e+00
1.2005440830335980e-01 5.1813492826281358e-02 0.0000000000000000e+00
1.1939532429659153e-01 5.3494807230370062e-02 0.0000000000000000e+00
1.0082185546276852e-01 4.5601588203634372e-02 0.0000000000000000e+00
1.0109720145518621e-01 4.3505824035702571e-02 0.0000000000000000e+00
1.0248799047774187e-01 4.4346018606103009e-02 0.0000000000000000e+00
9.9492941368496748e-02 4.3509084940280732e-02 0.0000000000000000e+00
9.9424659363564025e-02 4.7261240675854861e-02 0.0000000000000000e+00
9.8593565305370251e-02 4.5066263842251701e-02 0.0000000000000000e+00
7.4960526290826709e-02 3.1923942069283368e-02 0.0000000000000000e+00
1.1437233789206587e-01 5.0738978346757863e-02 0.0000000000000000e+00
1.1330564914264021e-01 5.2343754700465872e-02 0.0000000000000000e+00
1.1261618692226107e-01 5.0636724522091191e-02 0.0000000000000000e+00
1.1665907395973986e-01 5.0795823077465677e-02 0.0000000000000000e+00
1.1517110596086494e-01 4.9253574107812829e-02 0.0000000000000000e+00
7.4243003527274837e-02 3.3784779635942647e-02 0.0000000000000000e+00
7.4863175752815578e-02 3.3009963265903136e-02 0.0000000000000000e+00
7.8691917679403325e-02 3.4698692972777535e-02 0.0000000000000000e+00
7.8538130013615232e-02 3.3511239952521421e-02 0.0000000000000000e+00
1.1873436439576743e-01 5.0730905624567467e-02 0.0000000000000000e+00
1.1656688496077496e-01 5.5337597786992550e-02 0.0000000000000000e+00
1.1818097757174270e-01 5.4317833167676022e-02 0.0000000000000000e+00
1.1813683037892485e-01 5.6277207896289615e-02 0.0000000000000000e+00
1.1493654841208431e-01 5.4472677648277616e-02 0.0000000000000000e+00
1.1322986506266858e-01 5.3803668932409392e-02 0.0000000000000000e+00
1.1485822390385506e-01 5.2557394718762321e-02 0.0000000000000000e+00
1.0700753910623242e-01 4.8464003516361605e-02 0.0000000000000000e+00
1.0703193452678354e-01 5.1037462251327118e-02 0.0000000000000000e+00
1.1664586895393116e-01 5.3189465607197360e-02 0.0000000000000000e+00
9.7103722904708603e-02 4.1442675856813896e-02 0.0000000000000000e+00
9.8599390366222561e-02 4.2109211289271316e-02 0.0000000000000000e+00
9.7456509789649481e-02 4.6359362809226264e-02 0.0000000000000000e+00
1.1152644856798262e-01 5.2612607811522459e-02 0.0000000000000000e+00
1.0939177052628656e-01 5.1914306206729995e-02 0.0000000000000000e+00
1.1357615178005785e-01 4.8897942721109124e-02 0.0000000000000000e+00
8.5618660502851357e-02 3.7300822381608721e-02 0.0000000000000000e+00
8.6993472472905495e-02 3.8175516154377406e-02 0.0000000000000000e+00
8.3873898620484166e-02 3.6512494587497273e-02 0.0000000000000000e+00
9.5869711385916767e-02 4.5726900505304327e-02 0.0000000000000000e+00
1.0102390117411418e-01 4.7997830572489582e-02 0.0000000000000000e+00
1.0259853104628615e-01 4.6471750666445731e-02 0.0000000000000000e+00
1.0485872227052716e-01 4.9639906246357154e-02 0.0000000000000000e+00
7.9413850368044867e-02 3.3868802362113141e-02 0.0000000000000000e+00
7.9862140687487468e-02 3.4869112995762591e-02 0.0000000000000000e+00
8.2321998134437468e-02 3.5711357708749551e-02 0.0000000000000000e+00
9.3516027574620131e-02 4.0839469653878240e-02 0.0000000000000000e+00
1.0434403287805867e-01 4.5204532418705291e-02 0.0000000000000000e+00
1.0463000881492768e-01 4.7437881443970688e-02 0.0000000000000000e+00
9.0034866633796728e-02 3.9264514096270596e-02 0.0000000000000000e+00
8.8365975705205407e-02 3.8560588742999502e-02 0.0000000000000000e+00
1.0276019244844384e-01 4.8821187396263163e-02 0.0000000000000000e+00
9.1775247306088215e-02 4.0052217364215596e-02 0.0000000000000000e+00
7.3963192700784705e-02 3.4514674969028276e-02 0.0000000000000000e+00
8.1105859484382717e-02 3.4921897555810308e-02 0.0000000000000000e+00
1.3127903671822908e-01 5.9478960982099482e-02 0.0000000000000000e+00
1.2264086391468038e-01 5.5539885462628516e-02 0.0000000000000000e+00
7.3651855300485625e-02 3.5590147841119732e-02 0.0000000000000000e+00
7.7225157781813755e-02 3.6289524954934822e-02 0.0000000000000000e+00
7.5899021751244508e-02 3.5048737578732565e-02 0.0000000000000000e+00
7.5315677395230124e-02 3.6099289393166284e-02 0.0000000000000000e+00
9.4162662080848114e-02 4.4675476382617769e-02 0.0000000000000000e+00
9.2372860975386523e-02 4.3989994776911630e-02 0.0000000000000000e+00
9.0690958769103117e-02 4.3162851958837400e-02 0.0000000000000000e+00
8.9000383295801871e-02 4.2329152396818191e-02 0.0000000000000000e+00
8.7309807822500640e-02 4.1495452834798975e-02 0.0000000000000000e+00
8.5619232349199437e-02 4.0661753272779773e-02 0.0000000000000000e+00
8.3954465483430080e-02 3.9840801539124136e-02 0.0000000000000000e+00
8.2312515033666739e-02 3.9031060753446319e-02 0.0000000000000000e+00
8.0677424759300412e-02 3.8224723463494287e-02 0.0000000000000000e+00
7.9093897036860775e-02 3.7443814010179426e-02 0.0000000000000000e+00
7.0104756436350307e-02 4.0474999999999997e-02 0.0000000000000000e+00
1.1431535329954591e-01 6.6000000000000003e-02 0.0000000000000000e+00
1.2905221892061111e-01 7.4508333333333343e-02 0.0000000000000000e+00
7.2063124434217876e-02 3.6875582663578731e-02 0.0000000000000000e+00
7.2959997175750566e-02 3.7317871353797744e-02 0.0000000000000000e+00
7.2700771642166512e-02 3.8974012085359534e-02 0.0000000000000000e+00
9.3014939237881941e-02 4.8991850918819940e-02 0.0000000000000000e+00
9.3148855381057064e-02 4.8946392513688541e-02 0.0000000000000000e+00
1.1516947293360920e-01 6.4498003877598048e-02 0.0000000000000000e+00
1.1600385887137944e-01 6.2984956354268318e-02 0.0000000000000000e+00
1.1681836814512152e-01 6.1461116682914686e-02 0.0000000000000000e+00
1.1761286119286452e-01 5.9926745965620129e-02 0.0000000000000000e+00
1.3025402907474756e-01 7.2386841720296649e-02 0.0000000000000000e+00
1.3142096707564410e-01 7.0245970399354096e-02 0.0000000000000000e+00
1.3255272050578032e-01 6.8086292533526535e-02 0.0000000000000000e+00
1.1922764183990094e-01 6.8836111111111098e-02 0.0000000000000000e+00
1.2413993038025604e-01 7.1672222222222234e-02 0.0000000000000000e+00
7.2468287019559860e-02 3.7075386739339147e-02 0.0000000000000000e+00
7.2830396234620273e-02 3.8145866167761569e-02 0.0000000000000000e+00
7.3547683460089858e-02 3.9391662774620292e-02 0.0000000000000000e+00
7.4409635274851366e-02 3.9816730369529318e-02 0.0000000000000000e+00
7.5327681755059064e-02 4.0269460792127877e-02 0.0000000000000000e+00
7.6437209626091560e-02 4.0816619386781799e-02 0.0000000000000000e+00
7.7911272904711185e-02 4.1543546950313787e-02 0.0000000000000000e+00
7.9568822649209892e-02 4.2360960025232687e-02 0.0000000000000000e+00
8.1249136135536415e-02 4.3189598935313316e-02 0.0000000000000000e+00
8.2929965150157159e-02 4.4018492075814250e-02 0.0000000000000000e+00
8.4610794164777958e-02 4.4847385216315198e-02 0.0000000000000000e+00
8.6291623179398744e-02 4.5676278356816140e-02 0.0000000000000000e+00
8.7972452194019515e-02 4.6505171497317081e-02 0.0000000000000000e+00
8.9653281208640356e-02 4.7334064637818044e-02 0.0000000000000000e+00
9.1334110223261086e-02 4.8162957778318971e-02 0.0000000000000000e+00
9.3091312053434086e-02 4.8996856657616140e-02 0.0000000000000000e+00
9.3745945112852710e-02 4.7735614312619405e-02 0.0000000000000000e+00
7.0809253054051571e-02 4.0881741311873006e-02 0.0000000000000000e+00
7.1654066165164940e-02 4.1369494388989236e-02 0.0000000000000000e+00
7.2506706194842063e-02 4.1861766339645168e-02 0.0000000000000000e+00
7.3383149128138606e-02 4.2367780903113272e-02 0.0000000000000000e+00
7.4352036488728526e-02 4.2927168281564287e-02 0.0000000000000000e+00
7.5608158663615199e-02 4.3652390757370180e-02 0.0000000000000000e+00
7.7204681998208846e-02 4.4574143934365325e-02 0.0000000000000000e+00
7.8886288414341157e-02 4.5545019851390325e-02 0.0000000000000000e+00
8.0573386742208070e-02 4.6519066525133650e-02 0.0000000000000000e+00
8.2260485070074982e-02 4.7493113198876974e-02 0.0000000000000000e+00
8.3947583397941880e-02 4.8467159872620305e-02 0.0000000000000000e+00
8.5634681725808764e-02 4.9441206546363616e-02 0.0000000000000000e+00
8.7321780053675677e-02 5.0415253220106940e-02 0.0000000000000000e+00
8.9008878381542533e-02 5.1389299893850250e-02 0.0000000000000000e+00
9.0695976709409487e-02 5.2363346567593602e-02 0.0000000000000000e+00
9.2383075037276358e-02 5.3337393241336899e-02 0.0000000000000000e+00
9.4070173365143298e-02 5.4311439915080251e-02 0.0000000000000000e+00
9.5757271693010154e-02 5.5285486588823547e-02 0.0000000000000000e+00
9.7444370020877025e-02 5.6259533262566844e-02 0.0000000000000000e+00
9.9131468348743881e-02 5.7233579936310140e-02 0.0000000000000000e+00
1.0081856667661082e-01 5.8207626610053499e-02 0.0000000000000000e+00
1.0250566500447769e-01 5.9181673283796803e-02 0.0000000000000000e+00
1.0419276333234455e-01 6.0155719957540099e-02 0.0000000000000000e+00
1.0587986166021152e-01 6.1129766631283451e-02 0.0000000000000000e+00
1.0756695998807836e-01 6.2103813305026748e-02 0.0000000000000000e+00
1.0925405831594524e-01 6.3077859978770051e-02 0.0000000000000000e+00
1.1094115664381209e-01 6.4051906652513355e-02 0.0000000000000000e+00
1.1262825497167904e-01 6.5025953326256700e-02 0.0000000000000000e+00
7.0443767033897486e-02 3.9882053433517889e-02 0.0000000000000000e+00
7.0777762603284403e-02 3.9286267586436788e-02 0.0000000000000000e+00
7.1106719366719834e-02 3.8687684873904622e-02 0.0000000000000000e+00
7.1430613905134888e-02 3.8086347910183664e-02 0.0000000000000000e+00
7.1749423159850237e-02 3.7482299505616559e-02 0.0000000000000000e+00
7.3113604991923181e-02 3.8136868865601713e-02 0.0000000000000000e+00
7.3526401493384685e-02 3.7299800366794839e-02 0.0000000000000000e+00
7.2334473504228405e-02 3.6340424362768207e-02 0.0000000000000000e+00
1.0296402034242419e-01 5.7456143257383102e-02 0.0000000000000000e+00
1.0121927434158733e-01 5.6284339032510892e-02 0.0000000000000000e+00
1.0445464409037991e-01 5.8385297053655798e-02 0.0000000000000000e+00
1.0595656992146098e-01 5.7558222663603907e-02 0.0000000000000000e+00
1.0474705704833566e-01 5.6929876067024307e-02 0.0000000000000000e+00
1.0585127549762832e-01 5.6005286176443722e-02 0.0000000000000000e+00
9.3624468189363902e-02 5.1044362054251384e-02 0.0000000000000000e+00
9.3149719505111875e-02 4.9670522941499345e-02 0.0000000000000000e+00
9.1509108112865334e-02 5.0353710969123680e-02 0.0000000000000000e+00
1.0636178889323622e-01 5.9030147092586541e-02 0.0000000000000000e+00
1.0738535114504108e-01 5.7124442119981515e-02 0.0000000000000000e+00
9.4430800363835499e-02 4.9656412189293668e-02 0.0000000000000000e+00
7.2602771800170954e-02 4.0848177338323598e-02 0.0000000000000000e+00
7.3462170153223413e-02 4.1350826812612013e-02 0.0000000000000000e+00
7.3513086592982682e-02 4.0352234408093199e-02 0.0000000000000000e+00
7.2674916235015111e-02 3.9778079278872731e-02 0.0000000000000000e+00
7.4381342634545433e-02 4.0927929874601254e-02 0.0000000000000000e+00
7.1853262560339748e-02 4.0398305450086332e-02 0.0000000000000000e+00
1.1356737825168792e-01 6.1943265727656592e-02 0.0000000000000000e+00
1.1419090076343599e-01 6.3703509909298156e-02 0.0000000000000000e+00
1.1512355224020247e-01 6.2157104051750033e-02 0.0000000000000000e+00
9.7554629130764375e-02 5.2226867805835853e-02 0.0000000000000000e+00
9.6059567647489005e-02 5.3721134858391653e-02 0.0000000000000000e+00
9.7572797529231384e-02 5.4313043927754240e-02 0.0000000000000000e+00
9.5085543034153730e-02 5.2446404646989811e-02 0.0000000000000000e+00
9.8020760869365967e-02 5.0108065202843277e-02 0.0000000000000000e+00
9.5773430660058306e-02 5.0784931189544337e-02 0.0000000000000000e+00
7.0960043179979282e-02 4.0036119329127762e-02 0.0000000000000000e+00
1.0987940580860726e-01 5.9849743338773416e-02 0.0000000000000000e+00
1.1050320152183402e-01 5.8026556310042797e-02 0.0000000000000000e+00
1.0872920542131698e-01 5.8518743285248767e-02 0.0000000000000000e+00
1.1131658048191527e-01 6.1629328156929723e-02 0.0000000000000000e+00
1.0918721458496612e-01 6.1387705461428937e-02 0.0000000000000000e+00
7.1999544696341719e-02 3.8334064111696271e-02 0.0000000000000000e+00
7.1762378471310256e-02 3.9297758139029478e-02 0.0000000000000000e+00
7.5432928231643229e-02 4.1307269826034630e-02 0.0000000000000000e+00
7.4397238412395067e-02 4.1908137465177894e-02 0.0000000000000000e+00
1.1252843477525953e-01 6.3315285997820561e-02 0.0000000000000000e+00
1.1486369151181991e-01 5.8791332444255558e-02 0.0000000000000000e+00
1.1503725516917945e-01 6.0692671575613880e-02 0.0000000000000000e+00
1.1656485654682076e-01 5.9464855492972965e-02 0.0000000000000000e+00
1.1318501822353919e-01 5.8024429517175458e-02 0.0000000000000000e+00
1.1161529492946547e-01 5.7077693282988291e-02 0.0000000000000000e+00
1.1161784117424940e-01 5.9128240880072867e-02 0.0000000000000000e+00
1.0359114149460825e-01 5.5391772550170526e-02 0.0000000000000000e+00
1.0564765456917075e-01 5.3844504321559968e-02 0.0000000000000000e+00
1.1320754608013488e-01 6.0161694674527297e-02 0.0000000000000000e+00
9.1991686439147485e-02 5.1808860344625854e-02 0.0000000000000000e+00
9.3430989212103119e-02 5.2589692058835145e-02 0.0000000000000000e+00
9.6107119504222308e-02 4.9095655623065559e-02 0.0000000000000000e+00
1.0963338835121676e-01 5.6451354187009861e-02 0.0000000000000000e+00
1.0777987878538747e-01 5.5182899314996474e-02 0.0000000000000000e+00
1.0793412665010078e-01 6.0338837905644253e-02 0.0000000000000000e+00
8.1714070149587620e-02 4.5218548364969767e-02 0.0000000000000000e+00
8.3244943875454072e-02 4.5776780202628903e-02 0.0000000000000000e+00
8.0026503924095105e-02 4.4314239252051517e-02 0.0000000000000000e+00
9.4639371758992466e-02 4.8221782465025086e-02 0.0000000000000000e+00
9.9578693654206893e-02 5.0928421517107907e-02 0.0000000000000000e+00
9.9326546994338891e-02 5.3106677970302649e-02 0.0000000000000000e+00
1.0321593104572586e-01 5.2971157309602356e-02 0.0000000000000000e+00
7.5214016518781845e-02 4.2385222930102801e-02 0.0000000000000000e+00
7.6280518156791141e-02 4.2131925021659765e-02 0.0000000000000000e+00
7.8446182147744986e-02 4.3570735048784830e-02 0.0000000000000000e+00
8.9329080247171511e-02 4.9329758940638936e-02 0.0000000000000000e+00
9.9383789354063182e-02 5.5262911270384241e-02 0.0000000000000000e+00
1.0132971538328416e-01 5.4130214491046373e-02 0.0000000000000000e+00
8.5960387485788256e-02 4.7526740476019770e-02 0.0000000000000000e+00
8.4385969528905980e-02 4.6631242887212883e-02 0.0000000000000000e+00
1.0128889369793555e-01 5.1804686122691387e-02 0.0000000000000000e+00
8.7644791129654065e-02 4.8427953928731497e-02 0.0000000000000000e+00
7.2408271558321927e-02 3.7667743131854670e-02 0.0000000000000000e+00
7.7079522995903746e-02 4.3086500279355358e-02 0.0000000000000000e+00
1.2710544636367810e-01 6.7942165007205929e-02 0.0000000000000000e+00
1.1872178122273382e-01 6.3486999001704084e-02 0.0000000000000000e+00
7.3071971353078385e-02 3.6766036162895303e-02 0.0000000000000000e+00
7.5802113247260536e-02 3.9175173811105864e-02 0.0000000000000000e+00
7.4010429972729996e-02 3.8878422857806065e-02 0.0000000000000000e+00
7.4488771220088512e-02 3.7776089240619634e-02 0.0000000000000000e+00
9.2766035144854361e-02 4.7507555648227937e-02 0.0000000000000000e+00
9.1132644144657007e-02 4.6504905724601892e-02 0.0000000000000000e+00
8.9452550436489905e-02 4.5674095635128933e-02 0.0000000000000000e+00
8.7761974963188674e-02 4.4840396073109717e-02 0.0000000000000000e+00
8.6071399489887443e-02 4.4006696511090515e-02 0.0000000000000000e+00
8.4380824016586226e-02 4.3172996949071306e-02 0.0000000000000000e+00
8.2716073360300527e-02 4.2352012345834418e-02 0.0000000000000000e+00
8.1074106701053528e-02 4.1542304429737845e-02 0.0000000000000000e+00
7.9439016426687201e-02 4.0735967139785820e-02 0.0000000000000000e+00
7.7855488704247564e-02 3.9955057686470945e-02 0.0000000000000000e+00
1.0975398882393601e-01 7.3335270758587506e-02 0.0000000000000000e+00
1.2390283005995097e-01 8.2789224223804372e-02 0.0000000000000000e+00
6.7966753583121167e-02 4.3970705104322411e-02 0.0000000000000000e+00
6.8798223195423724e-02 4.4526275337342013e-02 0.0000000000000000e+00
7.0102870374406351e-02 4.3473709074167741e-02 0.0000000000000000e+00
8.8935657093059048e-02 5.6057374852061748e-02 0.0000000000000000e+00
8.8963247030987291e-02 5.6196078836593950e-02 0.0000000000000000e+00
8.7463207401834345e-02 5.8441046789810810e-02 0.0000000000000000e+00
6.8547273721951463e-02 4.5801823988614869e-02 0.0000000000000000e+00
6.7307465115891044e-02 4.4973410362936790e-02 0.0000000000000000e+00
7.8005240561892911e-02 5.2121435389212843e-02 0.0000000000000000e+00
1.1344164631819173e-01 6.7490687362170843e-02 0.0000000000000000e+00
1.1254850169474022e-01 6.8969810542505255e-02 0.0000000000000000e+00
1.1163607246492446e-01 7.0437116100860717e-02 0.0000000000000000e+00
1.1070451496879594e-01 7.1892352621983555e-02 0.0000000000000000e+00
1.2781585836687395e-01 7.6609877263859941e-02 0.0000000000000000e+00
1.2654527841715238e-01 7.8690910877749015e-02 0.0000000000000000e+00
1.2524081923642288e-01 8.0750877031980958e-02 0.0000000000000000e+00
1.1918654964794602e-01 7.9637906402065431e-02 0.0000000000000000e+00
1.1447026923594097e-01 7.6486588580326448e-02 0.0000000000000000e+00
6.8342370281180342e-02 4.4221684158011337e-02 0.0000000000000000e+00
6.9450487267953026e-02 4.4000040222986897e-02 0.0000000000000000e+00
7.0888022390175928e-02 4.3998330878624245e-02 0.0000000000000000e+00
7.1687117633073449e-02 4.4532269249591305e-02 0.0000000000000000e+00
7.2538216920213713e-02 4.5100955612006770e-02 0.0000000000000000e+00
7.3566834098599251e-02 4.5788255637200813e-02 0.0000000000000000e+00
7.4933403474638893e-02 4.6701368101505207e-02 0.0000000000000000e+00
7.6470078835153540e-02 4.7728141750818041e-02 0.0000000000000000e+00
7.8027857925010893e-02 4.8769016461258086e-02 0.0000000000000000e+00
7.9586114949017739e-02 4.9810210517087165e-02 0.0000000000000000e+00
8.1144371973024612e-02 5.0851404572916259e-02 0.0000000000000000e+00
8.2702628997031485e-02 5.1892598628745346e-02 0.0000000000000000e+00
8.4260886021038359e-02 5.2933792684574446e-02 0.0000000000000000e+00
8.5819143045045274e-02 5.3974986740403554e-02 0.0000000000000000e+00
8.7377400069052119e-02 5.5016180796232626e-02 0.0000000000000000e+00
8.8978178597797331e-02 5.6121012781090350e-02 0.0000000000000000e+00
8.8213227216410811e-02 5.7318562813202377e-02 0.0000000000000000e+00
8.9055406074841595e-02 5.9504919930437716e-02 0.0000000000000000e+00
9.0647604747848845e-02 6.0568793071064608e-02 0.0000000000000000e+00
9.2239803420856178e-02 6.1632666211691556e-02 0.0000000000000000e+00
9.3832002093863442e-02 6.2696539352318462e-02 0.0000000000000000e+00
9.5424200766870693e-02 6.3760412492945354e-02 0.0000000000000000e+00
9.7016399439877929e-02 6.4824285633572259e-02 0.0000000000000000e+00
9.8608598112885179e-02 6.5888158774199151e-02 0.0000000000000000e+00
1.0020079678589243e-01 6.6952031914826057e-02 0.0000000000000000e+00
1.0179299545889968e-01 6.8015905055452963e-02 0.0000000000000000e+00
1.0338519413190692e-01 6.9079778196079855e-02 0.0000000000000000e+00
1.0497739280491428e-01 7.0143651336706803e-02 0.0000000000000000e+00
1.0656959147792143e-01 7.1207524477333653e-02 0.0000000000000000e+00
1.0816179015092867e-01 7.2271397617960545e-02 0.0000000000000000e+00
6.9760754945463632e-02 4.1065065072869049e-02 0.0000000000000000e+00
6.9411787051369633e-02 4.1652206644250116e-02 0.0000000000000000e+00
6.9057877597768297e-02 4.2236382914397991e-02 0.0000000000000000e+00
6.8699051780158865e-02 4.2817552294672934e-02 0.0000000000000000e+00
6.8335335144045967e-02 4.3395673410501580e-02 0.0000000000000000e+00
6.9584299754368514e-02 4.4249804852465366e-02 0.0000000000000000e+00
6.9065775420424816e-02 4.5025831358727807e-02 0.0000000000000000e+00
6.7865231886824473e-02 4.5346098204215736e-02 0.0000000000000000e+00
6.7638967434578395e-02 4.4473279442650074e-02 0.0000000000000000e+00
8.5886882806690629e-02 5.7387780368908986e-02 0.0000000000000000e+00
8.4310554357731091e-02 5.6334511372969756e-02 0.0000000000000000e+00
8.2734225908771511e-02 5.5281242377030512e-02 0.0000000000000000e+00
8.1157897459811973e-02 5.4227973381091282e-02 0.0000000000000000e+00
7.9581569010852435e-02 5.3174704385152066e-02 0.0000000000000000e+00
7.6520760358478254e-02 5.1129537428877068e-02 0.0000000000000000e+00
7.5036280155063584e-02 5.0137639468541301e-02 0.0000000000000000e+00
7.3551799951648941e-02 4.9145741508205526e-02 0.0000000000000000e+00
7.2067319748234271e-02 4.8153843547869758e-02 0.0000000000000000e+00
7.0598335626444492e-02 4.7172299738247193e-02 0.0000000000000000e+00
6.9417716129561741e-02 4.6383435010919100e-02 0.0000000000000000e+00
1.0124048983558384e-01 6.0441385663625495e-02 0.0000000000000000e+00
9.9353304608164175e-02 5.9516293416185591e-02 0.0000000000000000e+00
1.0279047250115662e-01 6.1267726798703182e-02 0.0000000000000000e+00
1.0282516798409269e-01 6.2981969918045388e-02 0.0000000000000000e+00
1.0167624743251062e-01 6.2248674342004373e-02 0.0000000000000000e+00
1.0142763832383189e-01 6.3667250515709567e-02 0.0000000000000000e+00
9.1017948353634096e-02 5.5558986840671509e-02 0.0000000000000000e+00
8.9590794439152147e-02 5.5834761976072039e-02 0.0000000000000000e+00
8.9362146930512934e-02 5.4072356818836216e-02 0.0000000000000000e+00
1.0430250141793018e-01 6.2596937627206861e-02 0.0000000000000000e+00
1.0316389362543833e-01 6.4436221025927179e-02 0.0000000000000000e+00
9.0219114598637337e-02 5.6951265920131521e-02 0.0000000000000000e+00
7.1676945173365522e-02 4.2451756094950693e-02 0.0000000000000000e+00
7.2541951563824439e-02 4.2944692163520447e-02 0.0000000000000000e+00
7.1702603393364595e-02 4.3488083296081635e-02 0.0000000000000000e+00
7.0786285286762729e-02 4.3049284037992852e-02 0.0000000000000000e+00
7.2635298312985458e-02 4.3952167351810255e-02 0.0000000000000000e+00
7.0912590069787979e-02 4.2027597997004340e-02 0.0000000000000000e+00
1.1042813083936455e-01 6.7380601743329785e-02 0.0000000000000000e+00
1.1226430827340393e-01 6.7040465987514328e-02 0.0000000000000000e+00
1.1139140725458944e-01 6.8621368788045242e-02 0.0000000000000000e+00
9.4007108845327675e-02 5.8371353181093440e-02 0.0000000000000000e+00
9.4553651331241426e-02 5.6329458430079429e-02 0.0000000000000000e+00
9.5822874562911012e-02 5.7343999414752760e-02 0.0000000000000000e+00
9.2962690278528284e-02 5.6123293476720688e-02 0.0000000000000000e+00
9.2405237834832316e-02 5.9834436409728922e-02 0.0000000000000000e+00
9.1867755869619219e-02 5.7549758364425760e-02 0.0000000000000000e+00
7.0152317997959499e-02 4.1435140382938870e-02 0.0000000000000000e+00
1.0677110104565990e-01 6.5233485113606576e-02 0.0000000000000000e+00
1.0550407261954230e-01 6.6685301562398103e-02 0.0000000000000000e+00
1.0504332099322398e-01 6.4902882385532823e-02 0.0000000000000000e+00
1.0903085404302637e-01 6.5588322481288763e-02 0.0000000000000000e+00
1.0775691970211726e-01 6.3865048868328958e-02 0.0000000000000000e+00
6.9198045699201197e-02 4.3186402712096929e-02 0.0000000000000000e+00
6.9914046095831350e-02 4.2499163722633418e-02 0.0000000000000000e+00
7.3489609146146023e-02 4.4673197217434096e-02 0.0000000000000000e+00
7.3492130876331982e-02 4.3475829703952633e-02 0.0000000000000000e+00
1.1109686350961955e-01 6.5794840164564716e-02 0.0000000000000000e+00
1.0834663317497155e-01 7.0079208599567247e-02 0.0000000000000000e+00
1.1008002299261707e-01 6.9278849570335199e-02 0.0000000000000000e+00
1.0978050376269560e-01 7.1215699211549133e-02 0.0000000000000000e+00
1.0684313911374320e-01 6.9008886350801824e-02 0.0000000000000000e+00
1.0523837983721704e-01 6.8122834218315387e-02 0.0000000000000000e+00
1.0701547927035336e-01 6.7099765532440236e-02 0.0000000000000000e+00
9.9766252936401345e-02 6.2016673866273769e-02 0.0000000000000000e+00
9.9454535881237316e-02 6.4571300546365021e-02 0.0000000000000000e+00
1.0870532896293107e-01 6.7959763468230600e-02 0.0000000000000000e+00
9.0863632419139945e-02 5.3762707220961228e-02 0.0000000000000000e+00
9.2259503906203563e-02 5.4618764128973554e-02 0.0000000000000000e+00
9.0571644737138260e-02 5.8683379163670640e-02 0.0000000000000000e+00
1.0370500097959197e-01 6.6719622321613728e-02 0.0000000000000000e+00
1.0167973205395961e-01 6.5748663387454803e-02 0.0000000000000000e+00
1.0622202978616975e-01 6.3304276661452136e-02 0.0000000000000000e+00
8.0017446681112936e-02 4.8157186413681684e-02 0.0000000000000000e+00
8.1266326496660241e-02 4.9203846031438583e-02 0.0000000000000000e+00
7.8390508903705705e-02 4.7147865748295666e-02 0.0000000000000000e+00
8.9080974509974958e-02 5.7849208908974506e-02 0.0000000000000000e+00
9.3894653635560932e-02 6.0773467621657487e-02 0.0000000000000000e+00
9.5655005730050965e-02 5.9465973982135038e-02 0.0000000000000000e+00
9.7482333420840339e-02 6.2902039706060342e-02 0.0000000000000000e+00
7.4313688061926661e-02 4.3944637560876076e-02 0.0000000000000000e+00
7.4627576457494155e-02 4.4994904026791356e-02 0.0000000000000000e+00
7.6956454487681181e-02 4.6151019045456057e-02 0.0000000000000000e+00
8.7385364528741627e-02 5.2696373320429750e-02 0.0000000000000000e+00
9.7550979724269724e-02 5.8437430669788050e-02 0.0000000000000000e+00
9.7542998553188792e-02 6.0689000434647707e-02 0.0000000000000000e+00
8.4139558354197383e-02 5.0680509043836683e-02 0.0000000000000000e+00
8.2576825714821764e-02 4.9764771891405692e-02 0.0000000000000000e+00
9.5508621066297691e-02 6.1816412002288018e-02 0.0000000000000000e+00
8.5762233920410935e-02 5.1688638663295691e-02 0.0000000000000000e+00
6.8825358234573933e-02 4.3873531047701697e-02 0.0000000000000000e+00
7.5853765300038928e-02 4.5209574886361785e-02 0.0000000000000000e+00
1.2239236406619354e-01 7.6105463006702664e-02 0.0000000000000000e+00
1.1434224455687995e-01 7.1072579020573776e-02 0.0000000000000000e+00
6.8376306990063862e-02 4.4899165414926973e-02 0.0000000000000000e+00
7.1827752341718801e-02 4.6058968827119615e-02 0.0000000000000000e+00
7.0674916840298654e-02 4.4655701072490381e-02 0.0000000000000000e+00
6.9959438548048869e-02 4.5621123552974006e-02 0.0000000000000000e+00
8.7525767635495466e-02 5.6583965219689954e-02 0.0000000000000000e+00
8.5840751830434131e-02 5.5670732081019192e-02 0.0000000000000000e+00
8.4281202333146565e-02 5.4631133293744569e-02 0.0000000000000000e+00
8.2713909596663346e-02 5.3583901767860397e-02 0.0000000000000000e+00
8.1146616860180140e-02 5.2536670241976238e-02 0.0000000000000000e+00
7.9579324123696935e-02 5.1489438716092087e-02 0.0000000000000000e+00
7.8035955273035043e-02 5.0458214658400294e-02 0.0000000000000000e+00
7.6513744318426571e-02 4.9441083777373621e-02 0.0000000000000000e+00
7.4997890604126247e-02 4.8428222707267522e-02 0.0000000000000000e+00
7.3529839318280332e-02 4.7447302198695328e-02 0.0000000000000000e+00
6.4221952896575493e-02 4.9279237678255927e-02 0.0000000000000000e+00
1.0472264091844305e-01 8.0356508629151113e-02 0.0000000000000000e+00
1.1822287025906558e-01 9.0715598946116180e-02 0.0000000000000000e+00
6.6633385023874114e-02 4.5966232173848515e-02 0.0000000000000000e+00
6.7464854636176658e-02 4.6521802406868124e-02 0.0000000000000000e+00
6.6991677069496589e-02 4.8129938903061990e-02 0.0000000000000000e+00
8.5824463788149272e-02 6.0713604680956018e-02 0.0000000000000000e+00
8.5963167772681440e-02 6.0686014743027684e-02 0.0000000000000000e+00
1.0576550327521998e-01 7.8978847275326960e-02 0.0000000000000000e+00
1.0679024325749309e-01 7.7587653302606446e-02 0.0000000000000000e+00
1.0779668528134162e-01 7.6183165084914808e-02 0.0000000000000000e+00
1.0878465689810606e-01 7.4765623274077875e-02 0.0000000000000000e+00
1.1969130898280748e-01 8.8769124691114129e-02 0.0000000000000000e+00
1.2112770344889391e-01 8.6798884794916986e-02 0.0000000000000000e+00
1.2253166909979306e-01 8.4805406738387157e-02 0.0000000000000000e+00
1.0922271736531720e-01 8.3809538734806122e-02 0.0000000000000000e+00
1.1372279381219143e-01 8.7262568840461172e-02 0.0000000000000000e+00
6.7009001721933303e-02 4.6217211227537448e-02 0.0000000000000000e+00
6.7228287438819173e-02 4.7325797293062855e-02 0.0000000000000000e+00
6.7776829085266152e-02 4.8654560707518495e-02 0.0000000000000000e+00
6.8575924328163673e-02 4.9188499078485555e-02 0.0000000000000000e+00
6.9427023615303923e-02 4.9757185440901019e-02 0.0000000000000000e+00
7.0455640793689461e-02 5.0444485466095070e-02 0.0000000000000000e+00
7.1822210169729103e-02 5.1357597930399457e-02 0.0000000000000000e+00
7.3358885530243778e-02 5.2384371579712298e-02 0.0000000000000000e+00
7.4916664620101131e-02 5.3425246290152342e-02 0.0000000000000000e+00
7.6474921644107963e-02 5.4466440345981415e-02 0.0000000000000000e+00
7.8033178668114850e-02 5.5507634401810516e-02 0.0000000000000000e+00
7.9591435692121723e-02 5.6548828457639609e-02 0.0000000000000000e+00
8.1149692716128582e-02 5.7590022513468696e-02 0.0000000000000000e+00
8.2707949740135497e-02 5.8631216569297817e-02 0.0000000000000000e+00
8.4266206764142329e-02 5.9672410625126883e-02 0.0000000000000000e+00
8.5899529843652761e-02 6.0728536247766036e-02 0.0000000000000000e+00
8.6713187587257892e-02 5.9563530766419237e-02 0.0000000000000000e+00
6.4867332053393262e-02 4.9774454522761309e-02 0.0000000000000000e+00
6.5641253119328252e-02 5.0368305043218667e-02 0.0000000000000000e+00
6.6422344312097384e-02 5.0967657395503095e-02 0.0000000000000000e+00
6.7225241000424235e-02 5.1583741693015231e-02 0.0000000000000000e+00
6.8112824690845994e-02 5.2264808612765806e-02 0.0000000000000000e+00
6.9263540038115745e-02 5.3147783554207469e-02 0.0000000000000000e+00
7.0726091961902077e-02 5.4270039116649266e-02 0.0000000000000000e+00
7.2266587265462270e-02 5.5452102737925849e-02 0.0000000000000000e+00
7.3812113629889931e-02 5.6638026827984203e-02 0.0000000000000000e+00
7.5357639994317605e-02 5.7823950918042558e-02 0.0000000000000000e+00
7.6903166358745279e-02 5.9009875008100912e-02 0.0000000000000000e+00
7.8448692723172925e-02 6.0195799098159253e-02 0.0000000000000000e+00
7.9994219087600585e-02 6.1381723188217607e-02 0.0000000000000000e+00
8.1539745452028231e-02 6.2567647278275934e-02 0.0000000000000000e+00
8.3085271816455947e-02 6.3753571368334330e-02 0.0000000000000000e+00
8.4630798180883565e-02 6.4939495458392657e-02 0.0000000000000000e+00
8.6176324545311267e-02 6.6125419548451039e-02 0.0000000000000000e+00
8.7721850909738899e-02 6.7311343638509352e-02 0.0000000000000000e+00
8.9267377274166532e-02 6.8497267728567679e-02 0.0000000000000000e+00
9.0812903638594164e-02 6.9683191818626006e-02 0.0000000000000000e+00
9.2358430003021866e-02 7.0869115908684388e-02 0.0000000000000000e+00
9.3903956367449498e-02 7.2055039998742715e-02 0.0000000000000000e+00
9.5449482731877131e-02 7.3240964088801042e-02 0.0000000000000000e+00
9.6995009096304832e-02 7.4426888178859438e-02 0.0000000000000000e+00
9.8540535460732451e-02 7.5612812268917751e-02 0.0000000000000000e+00
1.0008606182516010e-01 7.6798736358976077e-02 0.0000000000000000e+00
1.0163158818958772e-01 7.7984660449034404e-02 0.0000000000000000e+00
1.0317711455401543e-01 7.9170584539092786e-02 0.0000000000000000e+00
6.4635458268977777e-02 4.8735613614268078e-02 0.0000000000000000e+00
6.5044362117966145e-02 4.8188519967590715e-02 0.0000000000000000e+00
6.5448635332883934e-02 4.7637995686879764e-02 0.0000000000000000e+00
6.5848249132738249e-02 4.7084079965024679e-02 0.0000000000000000e+00
6.6243175068248936e-02 4.6526812236358073e-02 0.0000000000000000e+00
6.7510247689534383e-02 4.7353843124764358e-02 0.0000000000000000e+00
6.8028772023478110e-02 4.6577816618501917e-02 0.0000000000000000e+00
6.6972264840214374e-02 4.5471070387359307e-02 0.0000000000000000e+00
9.4583617275848936e-02 7.0404099497854533e-02 0.0000000000000000e+00
9.3006748962416674e-02 6.9014585168688469e-02 0.0000000000000000e+00
9.5940209623987124e-02 7.1519869696448510e-02 0.0000000000000000e+00
9.7537241142193254e-02 7.0895911702185635e-02 0.0000000000000000e+00
9.6420091508013644e-02 7.0115067588074884e-02 0.0000000000000000e+00
9.7635546413181659e-02 6.9342517121745897e-02 0.0000000000000000e+00
8.6160871671957504e-02 6.2828115792176870e-02 0.0000000000000000e+00
8.5869506516622354e-02 6.1404062925467608e-02 0.0000000000000000e+00
8.4153756850452052e-02 6.1867263426865077e-02 0.0000000000000000e+00
9.7746868718540228e-02 7.2408135303032195e-02 0.0000000000000000e+00
9.9010418666957298e-02 7.0652335583876694e-02 0.0000000000000000e+00
8.7141469373762992e-02 6.1557287499118360e-02 0.0000000000000000e+00
6.6649887975674116e-02 4.9975278866264711e-02 0.0000000000000000e+00
6.7436325134780817e-02 5.0585802099244327e-02 0.0000000000000000e+00
6.7617148441481312e-02 4.9602398720180414e-02 0.0000000000000000e+00
6.6861091029879263e-02 4.8923752382426140e-02 0.0000000000000000e+00
6.8402833095123794e-02 5.0286499187143265e-02 0.0000000000000000e+00
6.5965510955849724e-02 4.9431425107286431e-02 0.0000000000000000e+00
1.0451057497822598e-01 7.6236849946004701e-02 0.0000000000000000e+00
1.0489900519804234e-01 7.8063421013878337e-02 0.0000000000000000e+00
1.0602552418034769e-01 7.6651980318744622e-02 0.0000000000000000e+00
8.9903061568648412e-02 6.4513493985623241e-02 0.0000000000000000e+00
8.8225749555087163e-02 6.5799832693853075e-02 0.0000000000000000e+00
8.9648773908453536e-02 6.6584194033490599e-02 0.0000000000000000e+00
8.7426443537946444e-02 6.4408872252213506e-02 0.0000000000000000e+00
9.0641764721442780e-02 6.2473660433533369e-02 0.0000000000000000e+00
8.8325311993727201e-02 6.2851400283004830e-02 0.0000000000000000e+00
6.5127207966355502e-02 4.8955749014265540e-02 0.0000000000000000e+00
1.0112741315639380e-01 7.3679860931367663e-02 0.0000000000000000e+00
1.0198384587138468e-01 7.1953693199579991e-02 0.0000000000000000e+00
1.0016078326169595e-01 7.2210116490969353e-02 0.0000000000000000e+00
1.0232001017109506e-01 7.5631810092369550e-02 0.0000000000000000e+00
1.0024039938497786e-01 7.5114316490152017e-02 0.0000000000000000e+00
6.6379979189622934e-02 4.7403937289906363e-02 0.0000000000000000e+00
6.6019054642671049e-02 4.8328430376965936e-02 0.0000000000000000e+00
6.9395908432243594e-02 5.0799853296488291e-02 0.0000000000000000e+00
6.8290650118007210e-02 5.1260395781255165e-02 0.0000000000000000e+00
1.0330143522575000e-01 7.7461523056649412e-02 0.0000000000000000e+00
1.0620720794832857e-01 7.3281084722553055e-02 0.0000000000000000e+00
1.0613111218760377e-01 7.5188812237370131e-02 0.0000000000000000e+00
1.0780590688170745e-01 7.4170892282577311e-02 0.0000000000000000e+00
1.0464299686161134e-01 7.2301631924026166e-02 0.0000000000000000e+00
1.0321027664360839e-01 7.1158105145150349e-02 0.0000000000000000e+00
1.0294515093510180e-01 7.3191442374918370e-02 0.0000000000000000e+00
9.5474827767383738e-02 6.8439245504273244e-02 0.0000000000000000e+00
9.7715706117730380e-02 6.7173643190723747e-02 0.0000000000000000e+00
1.0438636290651719e-01 7.4423552957016248e-02 0.0000000000000000e+00
8.4442271545159181e-02 6.3372952909115557e-02 0.0000000000000000e+00
8.5767341892946714e-02 6.4334971210171718e-02 0.0000000000000000e+00
8.8876640790874220e-02 6.1220131837390147e-02 0.0000000000000000e+00
1.0132707920811737e-01 7.0278433747970340e-02 0.0000000000000000e+00
9.9654993258015606e-02 6.8778899137356964e-02 0.0000000000000000e+00
9.9134936479305810e-02 7.3910861345052717e-02 0.0000000000000000e+00
7.5112790015949990e-02 5.5497523842660240e-02 0.0000000000000000e+00
7.6557703028726803e-02 5.6250799047769723e-02 0.0000000000000000e+00
7.3557697178556536e-02 5.4380679626031235e-02 0.0000000000000000e+00
8.7535513166875425e-02 6.0162155261034002e-02 0.0000000000000000e+00
9.2079291189374454e-02 6.3490349519946657e-02 0.0000000000000000e+00
9.1544982158621502e-02 6.5617058943827355e-02 0.0000000000000000e+00
9.5418780986086707e-02 6.5990364171475011e-02 0.0000000000000000e+00
6.9038168425366822e-02 5.1840010650006471e-02 0.0000000000000000e+00
7.0128608005504259e-02 5.1728086138089685e-02 0.0000000000000000e+00
7.2087942046629078e-02 5.3437262820343230e-02 0.0000000000000000e+00
8.2126031984652306e-02 6.0567520713687976e-02 0.0000000000000000e+00
9.1320289879825337e-02 6.7762316996364855e-02 0.0000000000000000e+00
9.3397414839656884e-02 6.6893304909931756e-02 0.0000000000000000e+00
7.9021499991520902e-02 5.8340224683076591e-02 0.0000000000000000e+00
7.7577437288924522e-02 5.7246885419406653e-02 0.0000000000000000e+00
9.3660484752306483e-02 6.4582343459998623e-02 0.0000000000000000e+00
8.0573861368351027e-02 5.9453586923563964e-02 0.0000000000000000e+00
6.6872181676933720e-02 4.6796666339369172e-02 0.0000000000000000e+00
7.0796180173880785e-02 5.2778785931341332e-02 0.0000000000000000e+00
1.1714980956031613e-01 8.3951500291286729e-02 0.0000000000000000e+00
1.0941938369125453e-01 7.8440160960869199e-02 0.0000000000000000e+00
6.7647899805096404e-02 4.5989303805516239e-02 0.0000000000000000e+00
7.0040229393149758e-02 4.8734185972844825e-02 0.0000000000000000e+00
6.8302607989378955e-02 4.8206112169599136e-02 0.0000000000000000e+00
6.8920740370663203e-02 4.7175645230919543e-02 0.0000000000000000e+00
8.5771428513942774e-02 5.9209519258675243e-02 0.0000000000000000e+00
8.4282883476843512e-02 5.8002246836477103e-02 0.0000000000000000e+00
8.2725605680691677e-02 5.6959248208191697e-02 0.0000000000000000e+00
8.1158312944208458e-02 5.5912016682307525e-02 0.0000000000000000e+00
7.9591020207725252e-02 5.4864785156423367e-02 0.0000000000000000e+00
7.8023727471242046e-02 5.3817553630539208e-02 0.0000000000000000e+00
7.6480378981730712e-02 5.2786299100232179e-02 0.0000000000000000e+00
7.4958147665971669e-02 5.1769198691820742e-02 0.0000000000000000e+00
7.3442293951671345e-02 5.0756337621714644e-02 0.0000000000000000e+00
7.1974242665825444e-02 4.9775417113142449e-02 0.0000000000000000e+00
9.9242854587225066e-02 8.7033647593209112e-02 0.0000000000000000e+00
1.1203666197782562e-01 9.8253515546828582e-02 0.0000000000000000e+00
6.1645959877747507e-02 5.2465971169426980e-02 0.0000000000000000e+00
6.2397799685226497e-02 5.3125316984527049e-02 0.0000000000000000e+00
6.3828672893126076e-02 5.2252046200110723e-02 0.0000000000000000e+00
8.0857844532524967e-02 6.7186228912127305e-02 0.0000000000000000e+00
8.0867093931762807e-02 6.7327347474385180e-02 0.0000000000000000e+00
7.9086860230992609e-02 6.9357314954578406e-02 0.0000000000000000e+00
6.1982504610845895e-02 5.4357197661051855e-02 0.0000000000000000e+00
6.0861432415423231e-02 5.3374043732350565e-02 0.0000000000000000e+00
7.0534682420919245e-02 6.1857256307815134e-02 0.0000000000000000e+00
1.0366183487625831e-01 8.1720401308898044e-02 0.0000000000000000e+00
1.0258326691232020e-01 8.3070291618578554e-02 0.0000000000000000e+00
1.0148712183369665e-01 8.4405948261437172e-02 0.0000000000000000e+00
1.0037358745920405e-01 8.5727142379584231e-02 0.0000000000000000e+00
1.1672278041422278e-01 9.2637786441697720e-02 0.0000000000000000e+00
1.1519144105860388e-01 9.4535172561785910e-02 0.0000000000000000e+00
1.1362926216878365e-01 9.6407249330236033e-02 0.0000000000000000e+00
1.0777205951429214e-01 9.4513559562288768e-02 0.0000000000000000e+00
1.0350745705075856e-01 9.0773603577748913e-02 0.0000000000000000e+00
6.1985603782679477e-02 5.2763830879851266e-02 0.0000000000000000e+00
6.3113171013883682e-02 5.2688721430234405e-02 0.0000000000000000e+00
6.4538630938066791e-02 5.2874662695236080e-02 0.0000000000000000e+00
6.5261196867943294e-02 5.3508336008698247e-02 0.0000000000000000e+00
6.6030786417243872e-02 5.4183247929600047e-02 0.0000000000000000e+00
6.6960892977873707e-02 5.4998929491347562e-02 0.0000000000000000e+00
6.8196586070424697e-02 5.6082603248997512e-02 0.0000000000000000e+00
6.9586094105490021e-02 5.7301169090889115e-02 0.0000000000000000e+00
7.0994684766752761e-02 5.8536469946807945e-02 0.0000000000000000e+00
7.2403707590434477e-02 5.9772149798996407e-02 0.0000000000000000e+00
7.3812730414116234e-02 6.1007829651184883e-02 0.0000000000000000e+00
7.5221753237797964e-02 6.2243509503373359e-02 0.0000000000000000e+00
7.6630776061479694e-02 6.3479189355561835e-02 0.0000000000000000e+00
7.8039798885161479e-02 6.4714869207750325e-02 0.0000000000000000e+00
7.9448821708843181e-02 6.5950549059938787e-02 0.0000000000000000e+00
8.0891695843338760e-02 6.7254872579952135e-02 0.0000000000000000e+00
7.9976977081377715e-02 6.8342331214481800e-02 0.0000000000000000e+00
8.0526574113580635e-02 7.0619910143052037e-02 0.0000000000000000e+00
8.1966287996168660e-02 7.1882505331525640e-02 0.0000000000000000e+00
8.3406001878756755e-02 7.3145100519999312e-02 0.0000000000000000e+00
8.4845715761344781e-02 7.4407695708472929e-02 0.0000000000000000e+00
8.6285429643932793e-02 7.5670290896946532e-02 0.0000000000000000e+00
8.7725143526520818e-02 7.6932886085420149e-02 0.0000000000000000e+00
8.9164857409108830e-02 7.8195481273893752e-02 0.0000000000000000e+00
9.0604571291696856e-02 7.9458076462367369e-02 0.0000000000000000e+00
9.2044285174284882e-02 8.0720671650840972e-02 0.0000000000000000e+00
9.3483999056872893e-02 8.1983266839314589e-02 0.0000000000000000e+00
9.4923712939461002e-02 8.3245862027788262e-02 0.0000000000000000e+00
9.6363426822048945e-02 8.4508457216261823e-02 0.0000000000000000e+00
9.7803140704636957e-02 8.5771052404735426e-02 0.0000000000000000e+00
6.3803875439007326e-02 4.9819353457904662e-02 0.0000000000000000e+00
6.3381255660016914e-02 5.0355922501326214e-02 0.0000000000000000e+00
6.2954123646724536e-02 5.0888906609131590e-02 0.0000000000000000e+00
6.2522509807485249e-02 5.1418267837150172e-02 0.0000000000000000e+00
6.2086444869723832e-02 5.1943968499131278e-02 0.0000000000000000e+00
6.3213237889890889e-02 5.2953815323007081e-02 0.0000000000000000e+00
6.2597857818580863e-02 5.3655521808047738e-02 0.0000000000000000e+00
6.1365781889501377e-02 5.3816346350239880e-02 0.0000000000000000e+00
6.1255378870455846e-02 5.2921461236788529e-02 0.0000000000000000e+00
7.7661500166593789e-02 6.8107307726810784e-02 0.0000000000000000e+00
7.6236136617458872e-02 6.6857297443011651e-02 0.0000000000000000e+00
7.4810773068323955e-02 6.5607287159212505e-02 0.0000000000000000e+00
7.3385409519189038e-02 6.4357276875413372e-02 0.0000000000000000e+00
7.1960045970054148e-02 6.3107266591614253e-02 0.0000000000000000e+00
6.9192370815266108e-02 6.0680080623655312e-02 0.0000000000000000e+00
6.7850059209612970e-02 5.9502904939495484e-02 0.0000000000000000e+00
6.6507747603959819e-02 5.8325729255335662e-02 0.0000000000000000e+00
6.5165435998306667e-02 5.7148553571175827e-02 0.0000000000000000e+00
6.3837136415285670e-02 5.5983666101063326e-02 0.0000000000000000e+00
6.2769584790898364e-02 5.5047448453445981e-02 0.0000000000000000e+00
9.2485179487280439e-02 7.3138836867245788e-02 0.0000000000000000e+00
9.0734888159605259e-02 7.1975331810475718e-02 0.0000000000000000e+00
9.3914042674444573e-02 7.4160421874704660e-02 0.0000000000000000e+00
9.3724687705807247e-02 7.5864528075796786e-02 0.0000000000000000e+00
9.2681310608126885e-02 7.4987541720301407e-02 0.0000000000000000e+00
9.2249667038508815e-02 7.6361531777881686e-02 0.0000000000000000e+00
8.2987374192080590e-02 6.6963898228600091e-02 0.0000000000000000e+00
8.1536433898845143e-02 6.7051033103318350e-02 0.0000000000000000e+00
8.1539782535661853e-02 6.5273861077854906e-02 0.0000000000000000e+00
9.5239639146126084e-02 7.5675620497340113e-02 0.0000000000000000e+00
9.3870697642691348e-02 7.7350550432025489e-02 0.0000000000000000e+00
8.2013645683847558e-02 6.8239997439272407e-02 0.0000000000000000e+00
6.5522672894977319e-02 5.1444294160078008e-02 0.0000000000000000e+00
6.6315937967814972e-02 5.2045919082639912e-02 0.0000000000000000e+00
6.5412843761889702e-02 5.2475104508096802e-02 0.0000000000000000e+00
6.4561639680022834e-02 5.1920455725173016e-02 0.0000000000000000e+00
6.6276984222512977e-02 5.3056959376755565e-02 0.0000000000000000e+00
6.4820220696694755e-02 5.0923996432285068e-02 0.0000000000000000e+00
1.0068846949675019e-01 8.1217914787139439e-02 0.0000000000000000e+00
1.0255333480334355e-01 8.1120358188572245e-02 0.0000000000000000e+00
1.0148155235092865e-01 8.2573799700319236e-02 0.0000000000000000e+00
8.5583874531848694e-02 7.0142368122027454e-02 0.0000000000000000e+00
8.6392262017794319e-02 6.8189280173241273e-02 0.0000000000000000e+00
8.7518202697188810e-02 6.9360808494655826e-02 0.0000000000000000e+00
8.4841821783767132e-02 6.7777216901457327e-02 0.0000000000000000e+00
8.3804737067174576e-02 7.1383848347392670e-02 0.0000000000000000e+00
8.3570063660385149e-02 6.9048560565177067e-02 0.0000000000000000e+00
6.4143784094250117e-02 5.0237371956651046e-02 0.0000000000000000e+00
9.7342981057820910e-02 7.8611828864022557e-02 0.0000000000000000e+00
9.5897292162668860e-02 7.9885844425939184e-02 0.0000000000000000e+00
9.5673134718482156e-02 7.8058533936879435e-02 0.0000000000000000e+00
9.9537085984573018e-02 7.9258587502938557e-02 0.0000000000000000e+00
9.8498982671403973e-02 7.7383774935971261e-02 0.0000000000000000e+00
6.2969090123891402e-02 5.1849094464314335e-02 0.0000000000000000e+00
6.3768667726311803e-02 5.1261191705075190e-02 0.0000000000000000e+00
6.7029873025229184e-02 5.3883330671950155e-02 0.0000000000000000e+00
6.7188661003886554e-02 5.2696535955372006e-02 0.0000000000000000e+00
1.0155846448695234e-01 7.9733006747570320e-02 0.0000000000000000e+00
9.8272540456182556e-02 8.3621744723376037e-02 0.0000000000000000e+00
1.0009556870013950e-01 8.3054485649120074e-02 0.0000000000000000e+00
9.9545802290180799e-02 8.4935670168577004e-02 0.0000000000000000e+00
9.6921614082651403e-02 8.2364333874985915e-02 0.0000000000000000e+00
9.5446236755159508e-02 8.1276398923528156e-02 0.0000000000000000e+00
9.7341670116239690e-02 8.0494040754288482e-02 0.0000000000000000e+00
9.0817938518397437e-02 7.4508221732063618e-02 0.0000000000000000e+00
9.0175442552756432e-02 7.7000305986507908e-02 0.0000000000000000e+00
9.8904810654564149e-02 8.1567250934316313e-02 0.0000000000000000e+00
8.3068839990721538e-02 6.5162843758719433e-02 0.0000000000000000e+00
8.4341031755182441e-02 6.6193774771246758e-02 0.0000000000000000e+00
8.2137073731970600e-02 7.0003306630518125e-02 0.0000000000000000e+00
9.4109132071982238e-02 7.9685045595608170e-02 0.0000000000000000e+00
9.2227925175241768e-02 7.8458042708646925e-02 0.0000000000000000e+00
9.7050419412329808e-02 7.6627456876856390e-02 0.0000000000000000e+00
7.3047112161633218e-02 5.8189567634522057e-02 0.0000000000000000e+00
7.4148691142774753e-02 5.9390284461018489e-02 0.0000000000000000e+00
7.1565835845629727e-02 5.6976523854282778e-02 0.0000000000000000e+00
8.0768037462255332e-02 6.8981701309381332e-02 0.0000000000000000e+00
8.5158842540787094e-02 7.2509253790230349e-02 0.0000000000000000e+00
8.7074796745196678e-02 7.1442717995907248e-02 0.0000000000000000e+00
8.8437994819114074e-02 7.5087901826652662e-02 0.0000000000000000e+00
6.7941997949422059e-02 5.3268567827217117e-02 0.0000000000000000e+00
6.8116113703639999e-02 5.4350819774977535e-02 0.0000000000000000e+00
7.0274164568280562e-02 5.5801023650814983e-02 0.0000000000000000e+00
7.9759513667976109e-02 6.3651627429273841e-02 0.0000000000000000e+00
8.9088802261157299e-02 7.0670448280194045e-02 0.0000000000000000e+00
8.8787000542176434e-02 7.2901713801718143e-02 0.0000000000000000e+00
7.6804598903264965e-02 6.1229346430371021e-02 0.0000000000000000e+00
7.5374763341836140e-02 6.0117465995348542e-02 0.0000000000000000e+00
8.6622870697714766e-02 7.3753940660206435e-02 0.0000000000000000e+00
7.8281804934571986e-02 6.2440653024048755e-02 0.0000000000000000e+00
6.2509902806975298e-02 5.2481698846108080e-02 0.0000000000000000e+00
6.9303792160774577e-02 5.4723703856145417e-02 0.0000000000000000e+00
1.1141152413141130e-01 9.1429779458840482e-02 0.0000000000000000e+00
1.0408719769305197e-01 8.5389201046435423e-02 0.0000000000000000e+00
6.1930821109548326e-02 5.3439945820084392e-02 0.0000000000000000e+00
6.5201354144641815e-02 5.5040330972713707e-02 0.0000000000000000e+00
6.4241544507426432e-02 5.3498593139998524e-02 0.0000000000000000e+00
6.3406174310889712e-02 5.4362367640225298e-02 0.0000000000000000e+00
7.9391283039172186e-02 6.7524286723814275e-02 0.0000000000000000e+00
7.7839883622110334e-02 6.6398927724377596e-02 0.0000000000000000e+00
7.6429371158105996e-02 6.5164660791384083e-02 0.0000000000000000e+00
7.5012177971697666e-02 6.3921815723390271e-02 0.0000000000000000e+00
7.3594984785289350e-02 6.2678970655396474e-02 0.0000000000000000e+00
7.2177791598881033e-02 6.1436125587402676e-02 0.0000000000000000e+00
7.0782228232264127e-02 6.0212273735211166e-02 0.0000000000000000e+00
6.9405802224280458e-02 5.9005156150211964e-02 0.0000000000000000e+00
6.8035121747371877e-02 5.7803101633679452e-02 0.0000000000000000e+00
6.6707665662641233e-02 5.6638953891714146e-02 0.0000000000000000e+00
5.7240293937051032e-02 5.7240293937051011e-02 0.0000000000000000e+00
9.3338095116624289e-02 9.3338095116624262e-02 0.0000000000000000e+00
1.0537069550981538e-01 1.0537069550981534e-01 0.0000000000000000e+00
6.0063529921507340e-02 5.4270386707376522e-02 0.0000000000000000e+00
6.0815369728986331e-02 5.4929732522476606e-02 0.0000000000000000e+00
6.0136336328565694e-02 5.6462349121992994e-02 0.0000000000000000e+00
7.7165507967964578e-02 7.1396531834009597e-02 0.0000000000000000e+00
7.7306626530222439e-02 7.1387282434771659e-02 0.0000000000000000e+00
9.4551856532054349e-02 9.2108340699101759e-02 0.0000000000000000e+00
9.5749416973621992e-02 9.0862803991575536e-02 0.0000000000000000e+00
9.6930571245510494e-02 8.9601698410348277e-02 0.0000000000000000e+00
9.8095116963016024e-02 8.8325240039369216e-02 0.0000000000000000e+00
1.0708063740947139e-01 1.0363254332701566e-01 0.0000000000000000e+00
1.0876191123318921e-01 1.0186664620644154e-01 0.0000000000000000e+00
1.1041406686331157e-01 1.0007347692145320e-01 0.0000000000000000e+00
9.7348961914354645e-02 9.7348961914354604e-02 0.0000000000000000e+00
1.0135982871208503e-01 1.0135982871208501e-01 0.0000000000000000e+00
6.0403173826439310e-02 5.4568246417800809e-02 0.0000000000000000e+00
6.0475884005737252e-02 5.5695970905489944e-02 0.0000000000000000e+00
6.0846294373506409e-02 5.7084965617118344e-02 0.0000000000000000e+00
6.1568860303382912e-02 5.7718638930580518e-02 0.0000000000000000e+00
6.2338449852683470e-02 5.8393550851482311e-02 0.0000000000000000e+00
6.3268556413313318e-02 5.9209232413229833e-02 0.0000000000000000e+00
6.4504249505864322e-02 6.0292906170879790e-02 0.0000000000000000e+00
6.5893757540929632e-02 6.1511472012771400e-02 0.0000000000000000e+00
6.7302348202192386e-02 6.2746772868690223e-02 0.0000000000000000e+00
6.8711371025874102e-02 6.3982452720878671e-02 0.0000000000000000e+00
7.0120393849555832e-02 6.5218132573067161e-02 0.0000000000000000e+00
7.1529416673237575e-02 6.6453812425255637e-02 0.0000000000000000e+00
7.2938439496919305e-02 6.7689492277444113e-02 0.0000000000000000e+00
7.4347462320601090e-02 6.8925172129632617e-02 0.0000000000000000e+00
7.5756485144282779e-02 7.0160851981821051e-02 0.0000000000000000e+00
7.7237982862397525e-02 7.1421133745585494e-02 0.0000000000000000e+00
7.8196743380607531e-02 7.0372298694675026e-02 0.0000000000000000e+00
5.7815513016679261e-02 5.7815513016679240e-02 0.0000000000000000e+00
5.8505300033426244e-02 5.8505300033426230e-02 0.0000000000000000e+00
5.9201477702419729e-02 5.9201477702419701e-02 0.0000000000000000e+00
5.9917090360834611e-02 5.9917090360834598e-02 0.0000000000000000e+00
6.0708183578060383e-02 6.0708183578060362e-02 0.0000000000000000e+00
6.1733803039082859e-02 6.1733803039082838e-02 0.0000000000000000e+00
6.3037358883149888e-02 6.3037358883149874e-02 0.0000000000000000e+00
6.4410384772388057e-02 6.4410384772388043e-02 0.0000000000000000e+00
6.5787894788780263e-02 6.5787894788780249e-02 0.0000000000000000e+00
6.7165404805172482e-02 6.7165404805172468e-02 0.0000000000000000e+00
6.8542914821564688e-02 6.8542914821564674e-02 0.0000000000000000e+00
6.9920424837956893e-02 6.9920424837956865e-02 0.0000000000000000e+00
7.1297934854349113e-02 7.1297934854349085e-02 0.0000000000000000e+00
7.2675444870741290e-02 7.2675444870741263e-02 0.0000000000000000e+00
7.4052954887133537e-02 7.4052954887133510e-02 0.0000000000000000e+00
7.5430464903525715e-02 7.5430464903525687e-02 0.0000000000000000e+00
7.6807974919917948e-02 7.6807974919917935e-02 0.0000000000000000e+00
7.8185484936310126e-02 7.8185484936310112e-02 0.0000000000000000e+00
7.9562994952702318e-02 7.9562994952702290e-02 0.0000000000000000e+00
8.0940504969094496e-02 8.0940504969094454e-02 0.0000000000000000e+00
8.2318014985486729e-02 8.2318014985486701e-02 0.0000000000000000e+00
8.3695525001878920e-02 8.3695525001878879e-02 0.0000000000000000e+00
8.5073035018271084e-02 8.5073035018271057e-02 0.0000000000000000e+00
8.6450545034663345e-02 8.6450545034663318e-02 0.0000000000000000e+00
8.7828055051055509e-02 8.7828055051055481e-02 0.0000000000000000e+00
8.9205565067447687e-02 8.9205565067447659e-02 0.0000000000000000e+00
9.0583075083839865e-02 9.0583075083839837e-02 0.0000000000000000e+00
9.1960585100232126e-02 9.1960585100232098e-02 0.0000000000000000e+00
5.7721218892741268e-02 5.6755293934013316e-02 0.0000000000000000e+00
5.8198034563105329e-02 5.6266253411717364e-02 0.0000000000000000e+00
5.8670707002712541e-02 5.5773207185904748e-02 0.0000000000000000e+00
5.9139202561096713e-02 5.5276190357490929e-02 0.0000000000000000e+00
5.9603487885152011e-02 5.4775238310066129e-02 0.0000000000000000e+00
6.0751771331800868e-02 5.5760579999096629e-02 0.0000000000000000e+00
6.1367151403110907e-02 5.5058873514055973e-02 0.0000000000000000e+00
6.0464142156564503e-02 5.3823693790660251e-02 0.0000000000000000e+00
8.4584862294151006e-02 8.2147422076213589e-02 0.0000000000000000e+00
8.3202852322156642e-02 8.0563972618171859e-02 0.0000000000000000e+00
8.5784211571276567e-02 8.3430717539680968e-02 0.0000000000000000e+00
8.7449023124550426e-02 8.3020552035482781e-02 0.0000000000000000e+00
8.6443351469289734e-02 8.2100570863124209e-02 0.0000000000000000e+00
8.7749246059917907e-02 8.1493278373717143e-02 0.0000000000000000e+00
7.7223038751937242e-02 7.3536863049653622e-02 0.0000000000000000e+00
7.7120042464108432e-02 7.2086962368358584e-02 0.0000000000000000e+00
7.5358511476498233e-02 7.2322249854526843e-02 0.0000000000000000e+00
8.7459472519518078e-02 8.4547200243115170e-02 0.0000000000000000e+00
8.8941390474607737e-02 8.2971347997403605e-02 0.0000000000000000e+00
7.8361123682525721e-02 7.2404900552928711e-02 0.0000000000000000e+00
5.9556606089073462e-02 5.8247289517039079e-02 0.0000000000000000e+00
6.0256625896400517e-02 5.8955240286924601e-02 0.0000000000000000e+00
6.0564262133130882e-02 5.8003852237782288e-02 0.0000000000000000e+00
5.9903254019825602e-02 5.7232326518489494e-02 0.0000000000000000e+00
6.1253932116596375e-02 5.8784652556541722e-02 0.0000000000000000e+00
5.8949071169810255e-02 5.7618759375920640e-02 0.0000000000000000e+00
9.3665566791081054e-02 8.9226000524928656e-02 0.0000000000000000e+00
9.3812258570211401e-02 9.1087645341641862e-02 0.0000000000000000e+00
9.5113370005938336e-02 8.9835319950541587e-02 0.0000000000000000e+00
8.0713227697255183e-02 7.5696276396796908e-02 0.0000000000000000e+00
7.8882364426998808e-02 7.6752677148762521e-02 0.0000000000000000e+00
8.0190834910766187e-02 7.7716070118687738e-02 0.0000000000000000e+00
7.8271453353615406e-02 7.5269286195688762e-02 0.0000000000000000e+00
8.1711862848490760e-02 7.3770314013234722e-02 0.0000000000000000e+00
7.9365922750780526e-02 7.3842464491922860e-02 0.0000000000000000e+00
5.8180028167754042e-02 5.7037732260671346e-02 0.0000000000000000e+00
9.0645102427258553e-02 8.6249295675509458e-02 0.0000000000000000e+00
9.1719518342812043e-02 8.4649682449139729e-02 0.0000000000000000e+00
8.9878582330651838e-02 8.4665954583102859e-02 0.0000000000000000e+00
9.1572716117781144e-02 8.8340210788029672e-02 0.0000000000000000e+00
8.9578443159623405e-02 8.7555700738105646e-02 0.0000000000000000e+00
5.9624633834962547e-02 5.5662715958231766e-02 0.0000000000000000e+00
5.9146126485155784e-02 5.6532189771980212e-02 0.0000000000000000e+00
6.2171505399387539e-02 5.9423237192658872e-02 0.0000000000000000e+00
6.1015589866355011e-02 5.9735574513448478e-02 0.0000000000000000e+00
9.2306919478959193e-02 9.0282371979587439e-02 0.0000000000000000e+00
9.5733489610640224e-02 8.6516977323892588e-02 0.0000000000000000e+00
9.5409036451394785e-02 8.8398451475467918e-02 0.0000000000000000e+00
9.7202368260403932e-02 8.7607844541170404e-02 0.0000000000000000e+00
9.4310504810861479e-02 8.5341733362857330e-02 0.0000000000000000e+00
9.3039301909084410e-02 8.4020982099524938e-02 0.0000000000000000e+00
9.2511040621666568e-02 8.6002317998227495e-02 0.0000000000000000e+00
8.5724913266436137e-02 8.0315703992854204e-02 0.0000000000000000e+00
8.8111814842703640e-02 7.9353422400841839e-02 0.0000000000000000e+00
9.3779100122201517e-02 8.7412003614303541e-02 0.0000000000000000e+00
7.5448025973212499e-02 7.3852716679028332e-02 0.0000000000000000e+00
7.6636191574802406e-02 7.4979461167078432e-02 0.0000000000000000e+00
8.0125458112334139e-02 7.2297114622549799e-02 0.0000000000000000e+00
9.1287035646593309e-02 8.2903029822640084e-02 0.0000000000000000e+00
8.9824983166415101e-02 8.1198072926363843e-02 0.0000000000000000e+00
8.8639520059952917e-02 8.6218249454885196e-02 0.0000000000000000e+00
6.7226309219939703e-02 6.4826921300582277e-02 0.0000000000000000e+00
6.8560538657372716e-02 6.5762351125535329e-02 0.0000000000000000e+00
6.5830297840246327e-02 6.3516651494436749e-02 0.0000000000000000e+00
7.8933897675043857e-02 7.1073136900425951e-02 0.0000000000000000e+00
8.3004386523089266e-02 7.4965940039648682e-02 0.0000000000000000e+00
8.2197057297105983e-02 7.7004713846337489e-02 0.0000000000000000e+00
8.5988989128691573e-02 7.7880457606388259e-02 0.0000000000000000e+00
6.1681058129197316e-02 6.0407801414922246e-02 0.0000000000000000e+00
6.2776777927919775e-02 6.0439165358961947e-02 0.0000000000000000e+00
6.4496257270541923e-02 6.2389464209437313e-02 0.0000000000000000e+00
7.3517784545237941e-02 7.0768955414836590e-02 0.0000000000000000e+00
8.1694274926976021e-02 7.9102290691274058e-02 0.0000000000000000e+00
8.3867058633467606e-02 7.8511832335480258e-02 0.0000000000000000e+00
7.0730532723499745e-02 6.8155491470839880e-02 0.0000000000000000e+00
6.9441533588400509e-02 6.6883017870239189e-02 0.0000000000000000e+00
8.4429518944973220e-02 7.6254978995096895e-02 0.0000000000000000e+00
7.2124290499740756e-02 6.9461952562485829e-02 0.0000000000000000e+00
6.0191890226581710e-02 5.5124885611329992e-02 0.0000000000000000e+00
6.3301495080673328e-02 6.1568011922998087e-02 0.0000000000000000e+00
1.0518970703531372e-01 9.8524402129630442e-02 0.0000000000000000e+00
9.8244790168033433e-02 9.2051190018272611e-02 0.0000000000000000e+00
6.1066353935908056e-02 5.4425681709380898e-02 0.0000000000000000e+00
6.3079937795301980e-02 5.7459342700919402e-02 0.0000000000000000e+00
6.1426109446269077e-02 5.6708981536911077e-02 0.0000000000000000e+00
6.2173456545056599e-02 5.5768012851758537e-02 0.0000000000000000e+00
7.7309248960824986e-02 6.9898391578626540e-02 0.0000000000000000e+00
7.5991019305111249e-02 6.8507153423719255e-02 0.0000000000000000e+00
7.4583202875825816e-02 6.7269812252325228e-02 0.0000000000000000e+00
7.3166009689417486e-02 6.6026967184331417e-02 0.0000000000000000e+00
7.1748816503009155e-02 6.4784122116337606e-02 0.0000000000000000e+00
7.0331623316600839e-02 6.3541277048343808e-02 0.0000000000000000e+00
6.8936084114416457e-02 6.2317397641897962e-02 0.0000000000000000e+00
6.7559633942000263e-02 6.1110307611153096e-02 0.0000000000000000e+00
6.6188953465091682e-02 5.9908253094620584e-02 0.0000000000000000e+00
6.4861497380361011e-02 5.8744105352655271e-02 0.0000000000000000e+00
8.0574999999999994e-02 0.0000000000000000e+00 0.0000000000000000e+00
5.6975128894106067e-02 5.6975128894106067e-02 0.0000000000000000e+00
8.0699999999999994e-02 0.0000000000000000e+00 0.0000000000000000e+00
5.7063517241754382e-02 5.7063517241754382e-02 0.0000000000000000e+00
8.0824999999999994e-02 0.0000000000000000e+00 0.0000000000000000e+00
5.7151905589402703e-02 5.7151905589402703e-02 0.0000000000000000e+00
5.7470154940598192e-02 5.6475763970960470e-02 0.0000000000000000e+00
5.7960804412286793e-02 5.5972098199733727e-02 0.0000000000000000e+00
5.8447039944315070e-02 5.5464169936524227e-02 0.0000000000000000e+00
5.8928824507964619e-02 5.4952017862035837e-02 0.0000000000000000e+00
5.9406121413475732e-02 5.4435680978631842e-02 0.0000000000000000e+00
5.9878894312841040e-02 5.3915198607364989e-02 0.0000000000000000e+00
6.0347107202573823e-02 5.3390610384983071e-02 0.0000000000000000e+00
6.0810724426449837e-02 5.2861956260910128e-02 0.0000000000000000e+00
6.1269710678222448e-02 5.2329276494204588e-02 0.0000000000000000e+00
6.1724031004311633e-02 5.1792611650492933e-02 0.0000000000000000e+00
6.2173650806465537e-02 5.1252002598880818e-02 0.0000000000000000e+00
6.2618535844395404e-02 5.0707490508840679e-02 0.0000000000000000e+00
6.3058652238383237e-02 5.0159116847076197e-02 0.0000000000000000e+00
6.3493966471861590e-02 4.9606923374364960e-02 0.0000000000000000e+00
6.3924445393966245e-02 4.9050952142377681e-02 0.0000000000000000e+00
6.4350056222060609e-02 4.8491245490476287e-02 0.0000000000000000e+00
6.4770766544232250e-02 4.7927846042489362e-02 0.0000000000000000e+00
6.5186544321761380e-02 4.7360796703466039e-02 0.0000000000000000e+00
6.5597357891560376e-02 4.6790140656409011e-02 0.0000000000000000e+00
6.6003175968585487e-02 4.6215921358985571e-02 0.0000000000000000e+00
6.6403967648218903e-02 4.5638182540218411e-02 0.0000000000000000e+00
6.6799702408622458e-02 4.5056968197155461e-02 0.0000000000000000e+00
6.7190350113062056e-02 4.4472322591519099e-02 0.0000000000000000e+00
6.7575881012202507e-02 4.3884290246335861e-02 0.0000000000000000e+00
6.7956265746373243e-02 4.3292915942545362e-02 0.0000000000000000e+00
6.8331475347804010e-02 4.2698244715590493e-02 0.0000000000000000e+00
6.8701481242830945e-02 4.2100321851987622e-02 0.0000000000000000e+00
6.9066255254072673e-02 4.1499192885877639e-02 0.0000000000000000e+00
6.9425769602575890e-02 4.0894903595558793e-02 0.0000000000000000e+00
6.9779996909931113e-02 4.0287500000000032e-02 0.0000000000000000e+00
7.0128910200357400e-02 3.9677028355336867e-02 0.0000000000000000e+00
7.0472482902756775e-02 3.9063535151348652e-02 0.0000000000000000e+00
7.0810688852737835e-02 3.8447067107917968e-02 0.0000000000000000e+00
7.1143502294608002e-02 3.7827671171473211e-02 0.0000000000000000e+00
7.1470897883335188e-02 3.7205394511412887e-02 0.0000000000000000e+00
7.1792850686477727e-02 3.6580284516514003e-02 0.0000000000000000e+00
7.2109336186083131e-02 3.5952388791322898e-02 0.0000000000000000e+00
7.2420330280555362e-02 3.5321755152529943e-02 0.0000000000000000e+00
7.2725809286489973e-02 3.4688431625328447e-02 0.0000000000000000e+00
7.3025749940478044e-02 3.4052466439756901e-02 0.0000000000000000e+00
7.3320129400877454e-02 3.3413908027026477e-02 0.0000000000000000e+00
7.3608925249552537e-02 3.2772805015832657e-02 0.0000000000000000e+00
7.3892115493581351e-02 3.2129206228651737e-02 0.0000000000000000e+00
7.4169678566930339e-02 3.1483160678023307e-02 0.0000000000000000e+00
7.4441593332096906e-02 3.0834717562817159e-02 0.0000000000000000e+00
7.4707839081718880e-02 3.0183926264487130e-02 0.0000000000000000e+00
7.4968395540151597e-02 2.9530836343310319e-02 0.0000000000000000e+00
7.5223242865012002e-02 2.8875497534612611e-02 0.0000000000000000e+00
7.5472361648689631e-02 2.8217959744981602e-02 0.0000000000000000e+00
7.5715732919824544e-02 2.7558273048465809e-02 0.0000000000000000e+00
7.5953338144752261e-02 2.6896487682761119e-02 0.0000000000000000e+00
7.6185159228914917e-02 2.6232654045385471e-02 0.0000000000000000e+00
7.6411178518239489e-02 2.5566822689840341e-02 0.0000000000000000e+00
7.6631378800481986e-02 2.4899044321761401e-02 0.0000000000000000e+00
7.6845743306538358e-02 2.4229369795056861e-02 0.0000000000000000e+00
7.7054255711721559e-02 2.3557850108034541e-02 0.0000000000000000e+00
7.7256900137004647e-02 2.2884536399518571e-02 0.0000000000000000e+00
7.7453661150230016e-02 2.2209479944954751e-02 0.0000000000000000e+00
7.7644523767284784e-02 2.1532732152505570e-02 0.0000000000000000e+00
7.7829473453241649e-02 2.0854344559135679e-02 0.0000000000000000e+00
7.8008496123466012e-02 2.0174368826686651e-02 0.0000000000000000e+00
7.8181578144688416e-02 1.9492856737943241e-02 0.0000000000000000e+00
7.8348706336042767e-02 1.8809860192689629e-02 0.0000000000000000e+00
7.8509867970070313e-02 1.8125431203756950e-02 0.0000000000000000e+00
7.8665050773688613e-02 1.7439621893062709e-02 0.0000000000000000e+00
7.8814242929126380e-02 1.6752484487640999e-02 0.0000000000000000e+00
7.8957433074823336e-02 1.6064071315665680e-02 0.0000000000000000e+00
7.9094610306295512e-02 1.5374434802465149e-02 0.0000000000000000e+00
7.9225764176965627e-02 1.4683627466529811e-02 0.0000000000000000e+00
7.9350884698958651e-02 1.3991701915512911e-02 0.0000000000000000e+00
7.9469962343862402e-02 1.3298710842224150e-02 0.0000000000000000e+00
7.9582988043453207e-02 1.2604707020616619e-02 0.0000000000000000e+00
7.9689953190386437e-02 1.1909743301768441e-02 0.0000000000000000e+00
7.9790849638852010e-02 1.1213872609857310e-02 0.0000000000000000e+00
7.9885669705194770e-02 1.0517147938130659e-02 0.0000000000000000e+00
7.9974406168499518e-02 9.8196223448698081e-03 0.0000000000000000e+00
8.0057052271141030e-02 9.1213489493491076e-03 0.0000000000000000e+00
8.0133601719298619e-02 8.4223809277911739e-03 0.0000000000000000e+00
8.0204048683435419e-02 7.7227715093170866e-03 0.0000000000000000e+00
8.0268387798742388e-02 7.0225739718925689e-03 0.0000000000000000e+00
8.0326614165546775e-02 6.3218416382711607e-03 0.0000000000000000e+00
8.0378723349685335e-02 5.6206278719329230e-03 0.0000000000000000e+00
8.0424711382841921e-02 4.9189860730210920e-03 0.0000000000000000e+00
8.0464574762849780e-02 4.2169696742752434e-03 0.0000000000000000e+00
8.0498310453958180e-02 3.5146321369619641e-03 0.0000000000000000e+00
8.0525915887063620e-02 2.8120269468040748e-03 0.0000000000000000e+00
8.0547388959905514e-02 2.1092076099069111e-03 0.0000000000000000e+00
8.0562728037226222e-02 1.4062276486841230e-03 0.0000000000000000e+00
8.0571931950895598e-02 7.0314059778152729e-04 0.0000000000000000e+00
8.0696927191278620e-02 7.0423141471875851e-04 0.0000000000000000e+00
8.0687708999120769e-02 1.4084091994887530e-03 0.0000000000000000e+00
8.0672346125527469e-02 2.1124797284453648e-03 0.0000000000000000e+00
8.0650839740441016e-02 2.8163893838918218e-03 0.0000000000000000e+00
8.0623191481655920e-02 3.5200845603826011e-03 0.0000000000000000e+00
8.0589403454694106e-02 4.2235116688055449e-03 0.0000000000000000e+00
8.0549478232644661e-02 4.9266171404629194e-03 0.0000000000000000e+00
8.0503418855967804e-02 5.6293474311509091e-03 0.0000000000000000e+00
8.0451228832263424e-02 6.3316490252370763e-03 0.0000000000000000e+00
8.0392912136003858e-02 7.0334684397359952e-03 0.0000000000000000e+00
8.0328473208231332e-02 7.7347522283820486e-03 0.0000000000000000e+00
8.0257916956219658e-02 8.4354469856996010e-03 0.0000000000000000e+00
8.0181248753100606e-02 9.1354993510700654e-03 0.0000000000000000e+00
8.0098474437454686e-02 9.8348560127953875e-03 0.0000000000000000e+00
8.0009600312866497e-02 1.0533463712158140e-02 0.0000000000000000e+00
7.9914633147444722e-02 1.1231269247477251e-02 0.0000000000000000e+00
7.9813580173306697e-02 1.1928219478159540e-02 0.0000000000000000e+00
7.9706449086027614e-02 1.2624261328746620e-02 0.0000000000000000e+00
7.9593248044054571e-02 1.3319341792956669e-02 0.0000000000000000e+00
7.9473985668085195e-02 1.4013407937721250e-02 0.0000000000000000e+00
7.9348671040411128e-02 1.4706406907216260e-02 0.0000000000000000e+00
7.9217313704226480e-02 1.5398285926887160e-02 0.0000000000000000e+00
7.9079923662900953e-02 1.6088992307467801e-02 0.0000000000000000e+00
7.8936511379218116e-02 1.6778473448993150e-02 0.0000000000000000e+00
7.8787087774578629e-02 1.7466676844804869e-02 0.0000000000000000e+00
7.8631664228168488e-02 1.8153550085549870e-02 0.0000000000000000e+00
7.8470252576092497e-02 1.8839040863171560e-02 0.0000000000000000e+00
7.8302865110472908e-02 1.9523096974893170e-02 0.0000000000000000e+00
7.8129514578513304e-02 2.0205666327193391e-02 0.0000000000000000e+00
7.7950214181527810e-02 2.0886696939773391e-02 0.0000000000000000e+00
7.7764977573935884e-02 2.1566136949515289e-02 0.0000000000000000e+00
7.7573818862222324e-02 2.2243934614431821e-02 0.0000000000000000e+00
7.7376752603863189e-02 2.2920038317606539e-02 0.0000000000000000e+00
7.7173793806216959e-02 2.3594396571124821e-02 0.0000000000000000e+00
7.6964957925381910e-02 2.4266958019994799e-02 0.0000000000000000e+00
7.6750260865018904e-02 2.4937671446058209e-02 0.0000000000000000e+00
7.6529718975140285e-02 2.5606485771890921e-02 0.0000000000000000e+00
7.6303349050864874e-02 2.6273350064692520e-02 0.0000000000000000e+00
7.6071168331138805e-02 2.6938213540165280e-02 0.0000000000000000e+00
7.5833194497422818e-02 2.7601025566381419e-02 0.0000000000000000e+00
7.5589445672345698e-02 2.8261735667638972e-02 0.0000000000000000e+00
7.5339940418324189e-02 2.8920293528305711e-02 0.0000000000000000e+00
7.5084697736149383e-02 2.9576648996650759e-02 0.0000000000000000e+00
7.4823737063539744e-02 3.0230752088664058e-02 0.0000000000000000e+00
7.4557078273660857e-02 3.0882552991862700e-02 0.0000000000000000e+00
7.4284741673611945e-02 3.1532002069084339e-02 0.0000000000000000e+00
7.4006748002879513e-02 3.2179049862267342e-02 0.0000000000000000e+00
7.3723118431757897e-02 3.2823647096217053e-02 0.0000000000000000e+00
7.3433874559737045e-02 3.3465744682358453e-02 0.0000000000000000e+00
7.3139038413857660e-02 3.4105293722474429e-02 0.0000000000000000e+00
7.2838632447033758e-02 3.4742245512429402e-02 0.0000000000000000e+00
7.2532679536342778e-02 3.5376551545878522e-02 0.0000000000000000e+00
7.2221202981283428e-02 3.6008163517961531e-02 0.0000000000000000e+00
7.1904226502001289e-02 3.6637033328981418e-02 0.0000000000000000e+00
7.1581774237482493e-02 3.7263113088067221e-02 0.0000000000000000e+00
7.1253870743715406e-02 3.7886355116821362e-02 0.0000000000000000e+00
7.0920540991820602e-02 3.8506711952950398e-02 0.0000000000000000e+00
7.0581810366149245e-02 3.9124136353879388e-02 0.0000000000000000e+00
7.0237704662349909e-02 3.9738581300349782e-02 0.0000000000000000e+00
6.9888250085404210e-02 4.0349999999999983e-02 0.0000000000000000e+00
6.9533473247631122e-02 4.0958345890928817e-02 0.0000000000000000e+00
6.9173401166660459e-02 4.1563572645241367e-02 0.0000000000000000e+00
6.8808061263375242e-02 4.2165634172577057e-02 0.0000000000000000e+00
6.8437481359823554e-02 4.2764484623619647e-02 0.0000000000000000e+00
6.8061689677099857e-02 4.3360078393588693e-02 0.0000000000000000e+00
6.7680714833195710e-02 4.3952370125712681e-02 0.0000000000000000e+00
6.7294585840820473e-02 4.4541314714683089e-02 0.0000000000000000e+00
6.6903332105191851e-02 4.5126867310089282e-02 0.0000000000000000e+00
6.6506983421796659e-02 4.5708983319834022e-02 0.0000000000000000e+00
6.6105569974121633e-02 4.6287618413529422e-02 0.0000000000000000e+00
6.5699122331354956e-02 4.6862728525872838e-02 0.0000000000000000e+00
6.5287671446058237e-02 4.7434269860002598e-02 0.0000000000000000e+00
6.4871248651809418e-02 4.8002198890833257e-02 0.0000000000000000e+00
6.4449885660816525e-02 4.8566472368370299e-02 0.0000000000000000e+00
6.4023614561502656e-02 4.9127047321003779e-02 0.0000000000000000e+00
6.3592467816062440e-02 4.9683881058780639e-02 0.0000000000000000e+00
6.3156478257989784e-02 5.0236931176655911e-02 0.0000000000000000e+00
6.2715679089577536e-02 5.0786155557721889e-02 0.0000000000000000e+00
6.2270103879388972e-02 5.1331512376415582e-02 0.0000000000000000e+00
6.1819786559701502e-02 5.1872960101703738e-02 0.0000000000000000e+00
6.1364761423922470e-02 5.2410457500245838e-02 0.0000000000000000e+00
6.0905063123977657e-02 5.2943963639533971e-02 0.0000000000000000e+00
6.0440726667672438e-02 5.3473437891010042e-02 0.0000000000000000e+00
5.9971787416025678e-02 5.3998839933159883e-02 0.0000000000000000e+00
5.9498281080576990e-02 5.4520129754583799e-02 0.0000000000000000e+00
5.9020243720667019e-02 5.5037267657043670e-02 0.0000000000000000e+00
5.8537711740691570e-02 5.5550214258485969e-02 0.0000000000000000e+00
5.8050721887329113e-02 5.6058930496041097e-02 0.0000000000000000e+00
5.7559311246742413e-02 5.6563377628998011e-02 0.0000000000000000e+00
8.0821922431661641e-02 7.0532223165605532e-04 0.0000000000000000e+00
8.0812689961015316e-02 1.4105907502934140e-03 0.0000000000000000e+00
8.0797303291149411e-02 2.1157518469838489e-03 0.0000000000000000e+00
8.0775763593818412e-02 2.8207518209796352e-03 0.0000000000000000e+00
8.0748072509353647e-02 3.5255369838032681e-03 0.0000000000000000e+00
8.0714232146538431e-02 4.2300536633359132e-03 0.0000000000000000e+00
8.0674245082447388e-02 4.9342482079048119e-03 0.0000000000000000e+00
8.0628114362250286e-02 5.6380669903689246e-03 0.0000000000000000e+00
8.0575843498980060e-02 6.3414564122030569e-03 0.0000000000000000e+00
8.0517436473265327e-02 7.0443629075794528e-03 0.0000000000000000e+00
8.0452897733027218e-02 7.7467329474471130e-03 0.0000000000000000e+00
8.0382232193140682e-02 8.4485130436080941e-03 0.0000000000000000e+00
8.0305445235060169e-02 9.1496497527910527e-03 0.0000000000000000e+00
8.0222542706409855e-02 9.8500896807210310e-03 0.0000000000000000e+00
8.0133530920538223e-02 1.0549779486185681e-02 0.0000000000000000e+00
8.0038416656037406e-02 1.1248665885097301e-02 0.0000000000000000e+00
7.9937207156226917e-02 1.1946695654550780e-02 0.0000000000000000e+00
7.9829910128602008e-02 1.2643815636876650e-02 0.0000000000000000e+00
7.9716533744246726e-02 1.3339972743689249e-02 0.0000000000000000e+00
7.9597086637211711e-02 1.4035113959929650e-02 0.0000000000000000e+00
7.9471577903856630e-02 1.4729186347902819e-02 0.0000000000000000e+00
7.9340017102157434e-02 1.5422137051309230e-02 0.0000000000000000e+00
7.9202414250978556e-02 1.6113913299269950e-02 0.0000000000000000e+00
7.9058779829309825e-02 1.6804462410345410e-02 0.0000000000000000e+00
7.8909124775468603e-02 1.7493731796547170e-02 0.0000000000000000e+00
7.8753460486266635e-02 1.8181668967342881e-02 0.0000000000000000e+00
7.8591798816142214e-02 1.8868221533653539e-02 0.0000000000000000e+00
7.8424152076257414e-02 1.9553337211843162e-02 0.0000000000000000e+00
7.8250533033560554e-02 2.0236963827700238e-02 0.0000000000000000e+00
7.8070954909813944e-02 2.0919049320411241e-02 0.0000000000000000e+00
7.7885431380586956e-02 2.1599541746525099e-02 0.0000000000000000e+00
7.7693976574214604e-02 2.2278389283908979e-02 0.0000000000000000e+00
7.7496605070721702e-02 2.2955540235694551e-02 0.0000000000000000e+00
7.7293331900712331e-02 2.3630943034215202e-02 0.0000000000000000e+00
7.7084172544225435e-02 2.4304546244932869e-02 0.0000000000000000e+00
7.6869142929555781e-02 2.4976298570355149e-02 0.0000000000000000e+00
7.6648259432041052e-02 2.5646148853941581e-02 0.0000000000000000e+00
7.6421538872814776e-02 2.6314046083999690e-02 0.0000000000000000e+00
7.6188998517525322e-02 2.6979939397569531e-02 0.0000000000000000e+00
7.5950656075021036e-02 2.7643778084297198e-02 0.0000000000000000e+00
7.5706529696001723e-02 2.8305511590296480e-02 0.0000000000000000e+00
7.5456637971636320e-02 2.8965089521998909e-02 0.0000000000000000e+00
7.5200999932147128e-02 2.9622461649991331e-02 0.0000000000000000e+00
7.4939635045360567e-02 3.0277577912841119e-02 0.0000000000000000e+00
7.4672563215224738e-02 3.0930388420908402e-02 0.0000000000000000e+00
7.4399804780293483e-02 3.1580843460145558e-02 0.0000000000000000e+00
7.4121380512177648e-02 3.2228893495883031e-02 0.0000000000000000e+00
7.3837311613963216e-02 3.2874489176601553e-02 0.0000000000000000e+00
7.3547619718596594e-02 3.3517581337690547e-02 0.0000000000000000e+00
7.3252326887237221e-02 3.4158121005192048e-02 0.0000000000000000e+00
7.2951455607577473e-02 3.4796059399530468e-02 0.0000000000000000e+00
7.2645028792130154e-02 3.5431347939227212e-02 0.0000000000000000e+00
7.2333069776483655e-02 3.6063938244600323e-02 0.0000000000000000e+00
7.2015602317524810e-02 3.6693782141448889e-02 0.0000000000000000e+00
7.1692650591629756e-02 3.7320831664721631e-02 0.0000000000000000e+00
7.1364239192822754e-02 3.7945039062169623e-02 0.0000000000000000e+00
7.1030393130903327e-02 3.8566356797982877e-02 0.0000000000000000e+00
7.0691137829541645e-02 3.9184737556410207e-02 0.0000000000000000e+00
7.0346499124342377e-02 3.9800134245362738e-02 0.0000000000000000e+00
6.9996503260877224e-02 4.0412500000000039e-02 0.0000000000000000e+00
6.9641176892686299e-02 4.1021788186298952e-02 0.0000000000000000e+00
6.9280547079248203e-02 4.1627952404605158e-02 0.0000000000000000e+00
6.8914641283919484e-02 4.2230946493166582e-02 0.0000000000000000e+00
6.8543487371843098e-02 4.2830724531648830e-02 0.0000000000000000e+00
6.8167113607826457e-02 4.3427240844632072e-02 0.0000000000000000e+00
6.7785548654188871e-02 4.4020450005089591e-02 0.0000000000000000e+00
6.7398821568578848e-02 4.4610306837847120e-02 0.0000000000000000e+00
6.7006961801761231e-02 4.5196766423023123e-02 0.0000000000000000e+00
6.6609999195374386e-02 4.5779784099449647e-02 0.0000000000000000e+00
6.6207963979657725e-02 4.6359315468073328e-02 0.0000000000000000e+00
6.5800886771149480e-02 4.6935316395336733e-02 0.0000000000000000e+00
6.5388798570355081e-02 4.7507743016539178e-02 0.0000000000000000e+00
6.4971730759386559e-02 4.8076551739177201e-02 0.0000000000000000e+00
6.4549715099572413e-02 4.8641699246264332e-02 0.0000000000000000e+00
6.4122783729039054e-02 4.9203142499629871e-02 0.0000000000000000e+00
6.3690969160263289e-02 4.9760838743196353e-02 0.0000000000000000e+00
6.3254304277596318e-02 5.0314745506235638e-02 0.0000000000000000e+00
6.2812822334759627e-02 5.0864820606603148e-02 0.0000000000000000e+00
6.2366556952312441e-02 5.1411022153950298e-02 0.0000000000000000e+00
6.1915542115091350e-02 5.1953308552914593e-02 0.0000000000000000e+00
6.1459812169622458e-02 5.2491638506287137e-02 0.0000000000000000e+00
6.0999401821505497e-02 5.3025971018157793e-02 0.0000000000000000e+00
6.0534346132771061e-02 5.3556265397037013e-02 0.0000000000000000e+00
6.0064680519210358e-02 5.4082481258954741e-02 0.0000000000000000e+00
5.9590440747678233e-02 5.4604578530535783e-02 0.0000000000000000e+00
5.9111662933369412e-02 5.5122517452051482e-02 0.0000000000000000e+00
5.8628383537068098e-02 5.5636258580447691e-02 0.0000000000000000e+00
5.8140639362371439e-02 5.6145762792348473e-02 0.0000000000000000e+00
5.7648467552886683e-02 5.6650991287035490e-02 0.0000000000000000e+00
$EndNodes
$Elements
51 4014 1 4014
2 10 2 218
1 63 105 104
2 63 104 64
3 106 108 107
4 107 108 109
5 110 112 111
6 113 107 114
7 111 112 9
8 10 115 111
9 116 117 45
10 116 119 118
11 120 118 29
12 118 117 116
13 121 116 44
14 117 118 120
15 118 119 28
16 122 124 123
17 123 124 16
18 125 127 126
19 125 126 128
20 129 125 130
21 125 128 130
22 43 131 121
23 121 44 43
24 132 134 133
25 135 68 136
26 137 86 87
27 86 137 138
28 137 8 138
29 139 140 120
30 139 120 30
31 30 120 29
32 6 26 88
33 141 123 70
34 70 123 2
35 123 15 2
36 142 144 143
37 83 144 142
38 142 82 83
39 145 147 146
40 145 146 81
41 148 149 109
42 109 108 148
43 122 141 135
44 135 150 122
45 141 69 135
46 145 150 147
47 121 119 116
48 130 128 110
49 115 130 110
50 110 152 151
51 130 153 129
52 153 72 129
53 150 135 147
54 107 113 106
55 106 113 65
56 113 66 65
57 83 3 144
58 3 18 144
59 121 131 138
60 131 85 138
61 154 134 114
62 154 114 155
63 134 156 113
64 113 156 66
65 156 67 66
66 108 106 104
67 104 106 64
68 106 65 64
69 155 114 109
70 109 114 107
71 154 155 79
72 80 154 79
73 157 52 51
74 52 157 158
75 156 136 67
76 151 152 58
77 157 35 158
78 151 57 112
79 110 151 112
80 57 151 58
81 159 51 50
82 51 159 157
83 159 34 157
84 146 154 80
85 160 153 115
86 130 115 153
87 160 71 153
88 134 113 114
89 105 148 104
90 141 122 123
91 161 125 129
92 162 127 125
93 161 162 125
94 11 71 160
95 42 11 160
96 149 148 163
97 164 139 165
98 165 139 31
99 149 163 76
100 77 149 76
101 140 139 164
102 140 164 47
103 155 109 149
104 78 155 149
105 120 140 117
106 117 140 46
107 78 149 77
108 166 50 49
109 121 138 119
110 119 138 8
111 50 166 159
112 166 33 159
113 56 167 112
114 167 40 112
115 132 133 147
116 143 144 17
117 135 136 132
118 141 70 69
119 168 169 105
120 169 168 162
121 62 168 105
122 153 71 72
123 170 53 171
124 160 115 10
125 37 170 171
126 127 162 168
127 1 84 131
128 1 131 43
129 61 127 168
130 133 154 146
131 119 8 28
132 163 169 172
133 75 163 172
134 118 28 29
135 172 162 161
136 132 156 134
137 117 46 45
138 74 172 161
139 62 105 63
140 116 45 44
141 126 127 60
142 172 169 162
143 148 105 169
144 163 148 169
145 135 132 147
146 147 133 146
147 55 173 167
148 173 39 167
149 54 170 173
150 170 38 173
151 150 142 143
152 156 132 136
153 154 133 134
154 8 137 27
155 17 124 143
156 161 129 73
157 124 122 143
158 124 17 16
159 59 128 126
160 108 104 148
161 138 85 86
162 46 140 47
163 174 88 26
164 88 174 137
165 174 27 137
166 166 49 175
167 32 166 175
168 135 69 68
169 81 146 80
170 150 143 122
171 82 145 81
172 142 150 145
173 82 142 145
174 27 174 7
175 174 26 7
176 32 175 165
177 48 175 49
178 175 48 165
179 59 126 60
180 79 155 78
181 136 68 67
182 33 166 32
183 34 159 33
184 35 157 34
185 165 48 164
186 165 31 32
187 137 87 88
188 60 127 61
189 158 36 171
190 52 158 171
191 36 158 35
192 85 131 84
193 171 36 37
194 171 53 52
195 170 37 38
196 170 54 53
197 61 168 62
198 160 10 42
199 173 55 54
200 173 38 39
201 47 164 48
202 76 163 75
203 123 16 15
204 73 129 72
205 167 39 40
206 167 56 55
207 17 144 18
208 112 40 9
209 112 57 56
210 75 172 74
211 74 161 73
212 139 30 31
213 10 111 41
214 152 110 128
215 59 152 128
216 152 59 58
217 41 111 9
218 110 111 115
2 50 2 17
219 22 176 5
220 23 176 22
221 176 21 5
222 176 20 21
223 176 24 25
224 176 25 4
225 20 176 19
226 19 176 4
227 24 177 2
228 16 177 17
229 177 24 176
230 177 16 15
231 23 177 176
232 177 15 2
233 18 177 3
234 177 23 3
235 17 177 18
2 41 2 11
236 89 7 27
237 92 6 26
238 91 178 12
239 178 7 90
240 92 91 13
241 178 90 12
242 27 8 89
243 90 7 89
244 178 26 7
245 26 178 92
246 178 91 92
2 10000 2 58
247 179 181 180
248 179 180 29
249 182 42 11
250 93 182 11
251 182 93 183
252 40 182 183
253 181 12 90
254 103 12 181
255 10 42 182
256 41 10 9
257 10 182 9
258 181 89 180
259 180 89 8
260 89 181 90
261 28 180 8
262 95 185 184
263 185 38 184
264 186 97 187
265 36 186 187
266 96 186 185
267 186 37 185
268 183 94 184
269 39 183 184
270 188 35 187
271 14 188 187
272 98 189 188
273 189 34 188
274 99 190 189
275 190 33 189
276 100 191 190
277 191 32 190
278 191 101 179
279 31 191 179
280 103 181 102
281 29 180 28
282 179 101 102
283 179 30 31
284 179 102 181
285 179 29 30
286 32 191 31
287 101 191 100
288 94 183 93
289 40 183 39
290 100 190 99
291 33 190 32
292 95 184 94
293 39 184 38
294 182 40 9
295 96 185 95
296 38 185 37
297 187 35 36
298 187 97 14
299 35 188 34
300 98 188 14
301 97 186 96
302 37 186 36
303 99 189 98
304 34 189 33
2 10 2 218
305 246 263 262
306 246 262 247
307 264 266 265
308 265 266 267
309 268 270 269
310 271 265 272
311 269 270 198
312 199 273 269
313 274 275 228
314 274 277 276
315 278 276 212
316 276 275 274
317 279 274 227
318 275 276 278
319 276 277 211
320 280 282 281
321 281 282 201
322 283 285 284
323 283 284 286
324 287 283 288
325 283 286 288
326 226 289 279
327 279 227 226
328 290 292 291
329 293 251 294
330 295 256 257
331 256 295 296
332 295 197 296
333 297 298 278
334 297 278 213
335 213 278 212
336 195 209 258
337 299 281 253
338 253 281 193
339 281 200 193
340 300 302 301
341 83 302 300
342 300 82 83
343 303 305 304
344 303 304 81
345 306 307 267
346 267 266 306
347 280 299 293
348 293 308 280
349 299 252 293
350 303 308 305
351 279 277 274
352 288 286 268
353 273 288 268
354 268 310 309
355 288 311 287
356 311 72 287
357 308 293 305
358 265 271 264
359 264 271 248
360 271 249 248
361 83 3 302
362 3 203 302
363 279 289 296
364 289 255 296
365 312 292 272
366 312 272 313
367 292 314 271
368 271 314 249
369 314 250 249
370 266 264 262
371 262 264 247
372 264 248 247
373 313 272 267
374 267 272 265
375 312 313 79
376 80 312 79
377 315 235 234
378 235 315 316
379 314 294 250
380 309 310 241
381 315 218 316
382 309 240 270
383 268 309 270
384 240 309 241
385 317 234 233
386 234 317 315
387 317 217 315
388 304 312 80
389 318 311 273
390 288 273 311
391 318 71 311
392 292 271 272
393 263 306 262
394 299 280 281
395 319 283 287
396 320 285 283
397 319 320 283
398 11 71 318
399 225 11 318
400 307 306 321
401 322 297 323
402 323 297 214
403 307 321 76
404 77 307 76
405 298 297 322
406 298 322 230
407 313 267 307
408 78 313 307
409 278 298 275
410 275 298 229
411 78 307 77
412 324 233 232
413 279 296 277
414 277 296 197
415 233 324 317
416 324 216 317
417 239 325 270
418 325 223 270
419 290 291 305
420 301 302 202
421 293 294 290
422 299 253 252
423 326 327 263
424 327 326 320
425 245 326 263
426 311 71 72
427 328 236 329
428 318 273 199
429 220 328 329
430 285 320 326
431 192 254 289
432 192 289 226
433 244 285 326
434 291 312 304
435 277 197 211
436 321 327 330
437 75 321 330
438 276 211 212
439 330 320 319
440 290 314 292
441 275 229 228
442 74 330 319
443 245 263 246
444 274 228 227
445 284 285 243
446 330 327 320
447 306 263 327
448 321 306 327
449 293 290 305
450 305 291 304
451 238 331 325
452 331 222 325
453 237 328 331
454 328 221 331
455 308 300 301
456 314 290 294
457 312 291 292
458 197 295 210
459 202 282 301
460 319 287 73
461 282 280 301
462 282 202 201
463 242 286 284
464 266 262 306
465 296 255 256
466 229 298 230
467 332 258 209
468 258 332 295
469 332 210 295
470 324 232 333
471 215 324 333
472 293 252 251
473 81 304 80
474 308 301 280
475 82 303 81
476 300 308 303
477 82 300 303
478 210 332 196
479 332 209 196
480 215 333 323
481 231 333 232
482 333 231 323
483 242 284 243
484 79 313 78
485 294 251 250
486 216 324 215
487 217 317 216
488 218 315 217
489 323 231 322
490 323 214 215
491 295 257 258
492 243 285 244
493 316 219 329
494 235 316 329
495 219 316 218
496 255 289 254
497 329 219 220
498 329 236 235
499 328 220 221
500 328 237 236
501 244 326 245
502 318 199 225
503 331 238 237
504 331 221 222
505 230 322 231
506 76 321 75
507 281 201 200
508 73 287 72
509 325 222 223
510 325 239 238
511 202 302 203
512 270 223 198
513 270 240 239
514 75 330 74
515 74 319 73
516 297 213 214
517 199 269 224
518 310 268 286
519 242 310 286
520 310 242 241
521 224 269 198
522 268 269 273
2 50 2 17
523 22 334 5
524 23 334 22
525 334 206 5
526 334 205 206
527 334 207 208
528 334 208 194
529 205 334 204
530 204 334 194
531 207 335 193
532 201 335 202
533 335 207 334
534 335 201 200
535 23 335 334
536 335 200 193
537 203 335 3
538 335 23 3
539 202 335 203
2 41 2 11
540 259 196 210
541 261 195 209
542 91 336 12
543 336 196 260
544 261 91 13
545 336 260 12
546 210 197 259
547 260 196 259
548 336 209 196
549 209 336 261
550 336 91 261
2 10000 2 58
551 337 339 338
552 337 338 212
553 340 225 11
554 93 340 11
555 340 93 341
556 223 340 341
557 339 12 260
558 103 12 339
559 199 225 340
560 224 199 198
561 199 340 198
562 339 259 338
563 338 259 197
564 259 339 260
565 211 338 197
566 95 343 342
567 343 221 342
568 344 97 345
569 219 344 345
570 96 344 343
571 344 220 343
572 341 94 342
573 222 341 342
574 346 218 345
575 14 346 345
576 98 347 346
577 347 217 346
578 99 348 347
579 348 216 347
580 100 349 348
581 349 215 348
582 349 101 337
583 214 349 337
584 103 339 102
585 212 338 211
586 337 101 102
587 337 213 214
588 337 102 339
589 337 212 213
590 215 349 214
591 101 349 100
592 94 341 93
593 223 341 222
594 100 348 99
595 216 348 215
596 95 342 94
597 222 342 221
598 340 223 198
599 96 343 95
600 221 343 220
601 345 218 219
602 345 97 14
603 218 346 217
604 98 346 14
605 97 344 96
606 220 344 219
607 99 347 98
608 217 347 216
2 10 2 218
609 246 421 420
610 246 420 247
611 422 424 423
612 423 424 425
613 426 428 427
614 429 423 430
615 427 428 355
616 356 431 427
617 432 433 228
618 432 435 434
619 436 434 373
620 434 433 432
621 437 432 227
622 433 434 436
623 434 435 372
624 438 440 439
625 439 440 362
626 441 443 442
627 441 442 444
628 445 441 446
629 441 444 446
630 226 447 437
631 437 227 226
632 448 450 449
633 451 251 452
634 453 402 403
635 402 453 454
636 453 354 454
637 455 456 436
638 455 436 374
639 374 436 373
640 352 370 404
641 457 439 253
642 253 439 193
643 439 361 193
644 458 460 459
645 399 460 458
646 458 398 399
647 461 463 462
648 461 462 397
649 464 465 425
650 425 424 464
651 438 457 451
652 451 466 438
653 457 252 451
654 461 466 463
655 437 435 432
656 446 444 426
657 431 446 426
658 426 468 467
659 446 469 445
660 469 388 445
661 466 451 463
662 423 429 422
663 422 429 248
664 429 249 248
665 399 350 460
666 350 364 460
667 437 447 454
668 447 401 454
669 470 450 430
670 470 430 471
671 450 472 429
672 429 472 249
673 472 250 249
674 424 422 420
675 420 422 247
676 422 248 247
677 471 430 425
678 425 430 423
679 470 471 395
680 396 470 395
681 473 235 234
682 235 473 474
683 472 452 250
684 467 468 241
685 473 379 474
686 467 240 428
687 426 467 428
688 240 467 241
689 475 234 233
690 234 475 473
691 475 378 473
692 462 470 396
693 476 469 431
694 446 431 469
695 476 387 469
696 450 429 430
697 421 464 420
698 457 438 439
699 477 441 445
700 478 443 441
701 477 478 441
702 357 387 476
703 386 357 476
704 465 464 479
705 480 455 481
706 481 455 375
707 465 479 392
708 393 465 392
709 456 455 480
710 456 480 230
711 471 425 465
712 394 471 465
713 436 456 433
714 433 456 229
715 394 465 393
716 482 233 232
717 437 454 435
718 435 454 354
719 233 482 475
720 482 377 475
721 239 483 428
722 483 384 428
723 448 449 463
724 459 460 363
725 451 452 448
726 457 253 252
727 484 485 421
728 485 484 478
729 245 484 421
730 469 387 388
731 486 236 487
732 476 431 356
733 381 486 487
734 443 478 484
735 192 400 447
736 192 447 226
737 244 443 484
738 449 470 462
739 435 354 372
740 479 485 488
741 391 479 488
742 434 372 373
743 488 478 477
744 448 472 450
745 433 229 228
746 390 488 477
747 245 421 246
748 432 228 227
749 442 443 243
750 488 485 478
751 464 421 485
752 479 464 485
753 451 448 463
754 463 449 462
755 238 489 483
756 489 383 483
757 237 486 489
758 486 382 489
759 466 458 459
760 472 448 452
761 470 449 450
762 354 453 371
763 363 440 459
764 477 445 389
765 440 438 459
766 440 363 362
767 242 444 442
768 424 420 464
769 454 401 402
770 229 456 230
771 490 404 370
772 404 490 453
773 490 371 453
774 482 232 491
775 376 482 491
776 451 252 251
777 397 462 396
778 466 459 438
779 398 461 397
780 458 466 461
781 398 458 461
782 371 490 353
783 490 370 353
784 376 491 481
785 231 491 232
786 491 231 481
787 242 442 243
788 395 471 394
789 452 251 250
790 377 482 376
791 378 475 377
792 379 473 378
793 481 231 480
794 481 375 376
795 453 403 404
796 243 443 244
797 474 380 487
798 235 474 487
799 380 474 379
800 401 447 400
801 487 380 381
802 487 236 235
803 486 381 382
804 486 237 236
805 244 484 245
806 476 356 386
807 489 238 237
808 489 382 383
809 230 480 231
810 392 479 391
811 439 362 361
812 389 445 388
813 483 383 384
814 483 239 238
815 363 460 364
816 428 384 355
817 428 240 239
818 391 488 390
819 390 477 389
820 455 374 375
821 356 427 385
822 468 426 444
823 242 468 444
824 468 242 241
825 385 427 355
826 426 427 431
2 50 2 17
827 368 492 351
828 369 492 368
829 492 367 351
830 492 366 367
831 492 207 208
832 492 208 194
833 366 492 365
834 365 492 194
835 207 493 193
836 362 493 363
837 493 207 492
838 493 362 361
839 369 493 492
840 493 361 193
841 364 493 350
842 493 369 350
843 363 493 364
2 41 2 11
844 405 353 371
845 408 352 370
846 407 494 358
847 494 353 406
848 408 407 359
849 494 406 358
850 371 354 405
851 406 353 405
852 494 370 353
853 370 494 408
854 494 407 408
2 10001 2 58
855 495 497 496
856 495 496 373
857 498 386 357
858 409 498 357
859 498 409 499
860 384 498 499
861 497 358 406
862 419 358 497
863 356 386 498
864 385 356 355
865 356 498 355
866 497 405 496
867 496 405 354
868 405 497 406
869 372 496 354
870 411 501 500
871 501 382 500
872 502 413 503
873 380 502 503
874 412 502 501
875 502 381 501
876 499 410 500
877 383 499 500
878 504 379 503
879 360 504 503
880 414 505 504
881 505 378 504
882 415 506 505
883 506 377 505
884 416 507 506
885 507 376 506
886 507 417 495
887 375 507 495
888 419 497 418
889 373 496 372
890 495 417 418
891 495 374 375
892 495 418 497
893 495 373 374
894 376 507 375
895 417 507 416
896 410 499 409
897 384 499 383
898 416 506 415
899 377 506 376
900 411 500 410
901 383 500 382
902 498 384 355
903 412 501 411
904 382 501 381
905 503 379 380
906 503 413 360
907 379 504 378
908 414 504 360
909 413 502 412
910 381 502 380
911 415 505 414
912 378 505 377
2 10 2 218
913 562 579 578
914 562 578 563
915 580 582 581
916 581 582 583
917 584 586 585
918 587 581 588
919 585 586 514
920 515 589 585
921 590 591 544
922 590 593 592
923 594 592 528
924 592 591 590
925 595 590 543
926 591 592 594
927 592 593 527
928 596 598 597
929 597 598 517
930 599 601 600
931 599 600 602
932 603 599 604
933 599 602 604
934 542 605 595
935 595 543 542
936 606 608 607
937 609 567 610
938 611 572 573
939 572 611 612
940 611 513 612
941 613 614 594
942 613 594 529
943 529 594 528
944 511 525 574
945 615 597 569
946 569 597 509
947 597 516 509
948 616 618 617
949 399 618 616
950 616 398 399
951 619 621 620
952 619 620 397
953 622 623 583
954 583 582 622
955 596 615 609
956 609 624 596
957 615 568 609
958 619 624 621
959 595 593 590
960 604 602 584
961 589 604 584
962 584 626 625
963 604 627 603
964 627 388 603
965 624 609 621
966 581 587 580
967 580 587 564
968 587 565 564
969 399 350 618
970 350 519 618
971 595 605 612
972 605 571 612
973 628 608 588
974 628 588 629
975 608 630 587
976 587 630 565
977 630 566 565
978 582 580 578
979 578 580 563
980 580 564 563
981 629 588 583
982 583 588 581
983 628 629 395
984 396 628 395
985 631 551 550
986 551 631 632
987 630 610 566
988 625 626 557
989 631 534 632
990 625 556 586
991 584 625 586
992 556 625 557
993 633 550 549
994 550 633 631
995 633 533 631
996 620 628 396
997 634 627 589
998 604 589 627
999 634 387 627
1000 608 587 588
1001 579 622 578
1002 615 596 597
1003 635 599 603
1004 636 601 599
1005 635 636 599
1006 357 387 634
1007 541 357 634
1008 623 622 637
1009 638 613 639
1010 639 613 530
1011 623 637 392
1012 393 623 392
1013 614 613 638
1014 614 638 546
1015 629 583 623
1016 394 629 623
1017 594 614 591
1018 591 614 545
1019 394 623 393
1020 640 549 548
1021 595 612 593
1022 593 612 513
1023 549 640 633
1024 640 532 633
1025 555 641 586
1026 641 539 586
1027 606 607 621
1028 617 618 518
1029 609 610 606
1030 615 569 568
1031 642 643 579
1032 643 642 636
1033 561 642 579
1034 627 387 388
1035 644 552 645
1036 634 589 515
1037 536 644 645
1038 601 636 642
1039 508 570 605
1040 508 605 542
1041 560 601 642
1042 607 628 620
1043 593 513 527
1044 637 643 646
1045 391 637 646
1046 592 527 528
1047 646 636 635
1048 606 630 608
1049 591 545 544
1050 390 646 635
1051 561 579 562
1052 590 544 543
1053 600 601 559
1054 646 643 636
1055 622 579 643
1056 637 622 643
1057 609 606 621
1058 621 607 620
1059 554 647 641
1060 647 538 641
1061 553 644 647
1062 644 537 647
1063 624 616 617
1064 630 606 610
1065 628 607 608
1066 513 611 526
1067 518 598 617
1068 635 603 389
1069 598 596 617
1070 598 518 517
1071 558 602 600
1072 582 578 622
1073 612 571 572
1074 545 614 546
1075 648 574 525
1076 574 648 611
1077 648 526 611
1078 640 548 649
1079 531 640 649
1080 609 568 567
1081 397 620 396
1082 624 617 596
1083 398 619 397
1084 616 624 619
1085 398 616 619
1086 526 648 512
1087 648 525 512
1088 531 649 639
1089 547 649 548
1090 649 547 639
1091 558 600 559
1092 395 629 394
1093 610 567 566
1094 532 640 531
1095 533 633 532
1096 534 631 533
1097 639 547 638
1098 639 530 531
1099 611 573 574
1100 559 601 560
1101 632 535 645
1102 551 632 645
1103 535 632 534
1104 571 605 570
1105 645 535 536
1106 645 552 551
1107 644 536 537
1108 644 553 552
1109 560 642 561
1110 634 515 541
1111 647 554 553
1112 647 537 538
1113 546 638 547
1114 392 637 391
1115 597 517 516
1116 389 603 388
1117 641 538 539
1118 641 555 554
1119 518 618 519
1120 586 539 514
1121 586 556 555
1122 391 646 390
1123 390 635 389
1124 613 529 530
1125 515 585 540
1126 626 584 602
1127 558 626 602
1128 626 558 557
1129 540 585 514
1130 584 585 589
2 50 2 17
1131 368 650 351
1132 369 650 368
1133 650 522 351
1134 650 521 522
1135 650 523 524
1136 650 524 510
1137 521 650 520
1138 520 650 510
1139 523 651 509
1140 517 651 518
1141 651 523 650
1142 651 517 516
1143 369 651 650
1144 651 516 509
1145 519 651 350
1146 651 369 350
1147 518 651 519
2 41 2 11
1148 575 512 526
1149 577 511 525
1150 407 652 358
1151 652 512 576
1152 577 407 359
1153 652 576 358
1154 526 513 575
1155 576 512 575
1156 652 525 512
1157 525 652 577
1158 652 407 577
2 10001 2 58
1159 653 655 654
1160 653 654 528
1161 656 541 357
1162 409 656 357
1163 656 409 657
1164 539 656 657
1165 655 358 576
1166 419 358 655
1167 515 541 656
1168 540 515 514
1169 515 656 514
1170 655 575 654
1171 654 575 513
1172 575 655 576
1173 527 654 513
1174 411 659 658
1175 659 537 658
1176 660 413 661
1177 535 660 661
1178 412 660 659
1179 660 536 659
1180 657 410 658
1181 538 657 658
1182 662 534 661
1183 360 662 661
1184 414 663 662
1185 663 533 662
1186 415 664 663
1187 664 532 663
1188 416 665 664
1189 665 531 664
1190 665 417 653
1191 530 665 653
1192 419 655 418
1193 528 654 527
1194 653 417 418
1195 653 529 530
1196 653 418 655
1197 653 528 529
1198 531 665 530
1199 417 665 416
1200 410 657 409
1201 539 657 538
1202 416 664 415
1203 532 664 531
1204 411 658 410
1205 538 658 537
1206 656 539 514
1207 412 659 411
1208 537 659 536
1209 661 534 535
1210 661 413 360
1211 534 662 533
1212 414 662 360
1213 413 660 412
1214 536 660 535
1215 415 663 414
1216 533 663 532
2 10 2 218
1217 562 737 736
1218 562 736 563
1219 738 740 739
1220 739 740 741
1221 742 744 743
1222 745 739 746
1223 743 744 671
1224 672 747 743
1225 748 749 544
1226 748 751 750
1227 752 750 689
1228 750 749 748
1229 753 748 543
1230 749 750 752
1231 750 751 688
1232 754 756 755
1233 755 756 678
1234 757 759 758
1235 757 758 760
1236 761 757 762
1237 757 760 762
1238 542 763 753
1239 753 543 542
1240 764 766 765
1241 767 567 768
1242 769 718 719
1243 718 769 770
1244 769 670 770
1245 771 772 752
1246 771 752 690
1247 690 752 689
1248 668 686 720
1249 773 755 569
1250 569 755 509
1251 755 677 509
1252 774 776 775
1253 715 776 774
1254 774 714 715
1255 777 779 778
1256 777 778 713
1257 780 781 741
1258 741 740 780
1259 754 773 767
1260 767 782 754
1261 773 568 767
1262 777 782 779
1263 753 751 748
1264 762 760 742
1265 747 762 742
1266 742 784 783
1267 762 785 761
1268 785 704 761
1269 782 767 779
1270 739 745 738
1271 738 745 564
1272 745 565 564
1273 715 666 776
1274 666 680 776
1275 753 763 770
1276 763 717 770
1277 786 766 746
1278 786 746 787
1279 766 788 745
1280 745 788 565
1281 788 566 565
1282 740 738 736
1283 736 738 563
1284 738 564 563
1285 787 746 741
1286 741 746 739
1287 786 787 711
1288 712 786 711
1289 789 551 550
1290 551 789 790
1291 788 768 566
1292 783 784 557
1293 789 695 790
1294 783 556 744
1295 742 783 744
1296 556 783 557
1297 791 550 549
1298 550 791 789
1299 791 694 789
1300 778 786 712
1301 792 785 747
1302 762 747 785
1303 792 703 785
1304 766 745 746
1305 737 780 736
1306 773 754 755
1307 793 757 761
1308 794 759 757
1309 793 794 757
1310 673 703 792
1311 702 673 792
1312 781 780 795
1313 796 771 797
1314 797 771 691
1315 781 795 708
1316 709 781 708
1317 772 771 796
1318 772 796 546
1319 787 741 781
1320 710 787 781
1321 752 772 749
1322 749 772 545
1323 710 781 709
1324 798 549 548
1325 753 770 751
1326 751 770 670
1327 549 798 791
1328 798 693 791
1329 555 799 744
1330 799 700 744
1331 764 765 779
1332 775 776 679
1333 767 768 764
1334 773 569 568
1335 800 801 737
1336 801 800 794
1337 561 800 737
1338 785 703 704
1339 802 552 803
1340 792 747 672
1341 697 802 803
1342 759 794 800
1343 508 716 763
1344 508 763 542
1345 560 759 800
1346 765 786 778
1347 751 670 688
1348 795 801 804
1349 707 795 804
1350 750 688 689
1351 804 794 793
1352 764 788 766
1353 749 545 544
1354 706 804 793
1355 561 737 562
1356 748 544 543
1357 758 759 559
1358 804 801 794
1359 780 737 801
1360 795 780 801
1361 767 764 779
1362 779 765 778
1363 554 805 799
1364 805 699 799
1365 553 802 805
1366 802 698 805
1367 782 774 775
1368 788 764 768
1369 786 765 766
1370 670 769 687
1371 679 756 775
1372 793 761 705
1373 756 754 775
1374 756 679 678
1375 558 760 758
1376 740 736 780
1377 770 717 718
1378 545 772 546
1379 806 720 686
1380 720 806 769
1381 806 687 769
1382 798 548 807
1383 692 798 807
1384 767 568 567
1385 713 778 712
1386 782 775 754
1387 714 777 713
1388 774 782 777
1389 714 774 777
1390 687 806 669
1391 806 686 669
1392 692 807 797
1393 547 807 548
1394 807 547 797
1395 558 758 559
1396 711 787 710
1397 768 567 566
1398 693 798 692
1399 694 791 693
1400 695 789 694
1401 797 547 796
1402 797 691 692
1403 769 719 720
1404 559 759 560
1405 790 696 803
1406 551 790 803
1407 696 790 695
1408 717 763 716
1409 803 696 697
1410 803 552 551
1411 802 697 698
1412 802 553 552
1413 560 800 561
1414 792 672 702
1415 805 554 553
1416 805 698 699
1417 546 796 547
1418 708 795 707
1419 755 678 677
1420 705 761 704
1421 799 699 700
1422 799 555 554
1423 679 776 680
1424 744 700 671
1425 744 556 555
1426 707 804 706
1427 706 793 705
1428 771 690 691
1429 672 743 701
1430 784 742 760
1431 558 784 760
1432 784 558 557
1433 701 743 671
1434 742 743 747
2 50 2 17
1435 684 808 667
1436 685 808 684
1437 808 683 667
1438 808 682 683
1439 808 523 524
1440 808 524 510
1441 682 808 681
1442 681 808 510
1443 523 809 509
1444 678 809 679
1445 809 523 808
1446 809 678 677
1447 685 809 808
1448 809 677 509
1449 680 809 666
1450 809 685 666
1451 679 809 680
2 41 2 11
1452 721 669 687
1453 724 668 686
1454 723 810 674
1455 810 669 722
1456 724 723 675
1457 810 722 674
1458 687 670 721
1459 722 669 721
1460 810 686 669
1461 686 810 724
1462 810 723 724
2 10002 2 58
1463 811 813 812
1464 811 812 689
1465 814 702 673
1466 725 814 673
1467 814 725 815
1468 700 814 815
1469 813 674 722
1470 735 674 813
1471 672 702 814
1472 701 672 671
1473 672 814 671
1474 813 721 812
1475 812 721 670
1476 721 813 722
1477 688 812 670
1478 727 817 816
1479 817 698 816
1480 818 729 819
1481 696 818 819
1482 728 818 817
1483 818 697 817
1484 815 726 816
1485 699 815 816
1486 820 695 819
1487 676 820 819
1488 730 821 820
1489 821 694 820
1490 731 822 821
1491 822 693 821
1492 732 823 822
1493 823 692 822
1494 823 733 811
1495 691 823 811
1496 735 813 734
1497 689 812 688
1498 811 733 734
1499 811 690 691
1500 811 734 813
1501 811 689 690
1502 692 823 691
1503 733 823 732
1504 726 815 725
1505 700 815 699
1506 732 822 731
1507 693 822 692
1508 727 816 726
1509 699 816 698
1510 814 700 671
1511 728 817 727
1512 698 817 697
1513 819 695 696
1514 819 729 676
1515 695 820 694
1516 730 820 676
1517 729 818 728
1518 697 818 696
1519 731 821 730
1520 694 821 693
2 10 2 218
1521 878 895 894
1522 878 894 879
1523 896 898 897
1524 897 898 899
1525 900 902 901
1526 903 897 904
1527 901 902 830
1528 831 905 901
1529 906 907 860
1530 906 909 908
1531 910 908 844
1532 908 907 906
1533 911 906 859
1534 907 908 910
1535 908 909 843
1536 912 914 913
1537 913 914 833
1538 915 917 916
1539 915 916 918
1540 919 915 920
1541 915 918 920
1542 858 921 911
1543 911 859 858
1544 922 924 923
1545 925 883 926
1546 927 888 889
1547 888 927 928
1548 927 829 928
1549 929 930 910
1550 929 910 845
1551 845 910 844
1552 827 841 890
1553 931 913 885
1554 885 913 825
1555 913 832 825
1556 932 934 933
1557 715 934 932
1558 932 714 715
1559 935 937 936
1560 935 936 713
1561 938 939 899
1562 899 898 938
1563 912 931 925
1564 925 940 912
1565 931 884 925
1566 935 940 937
1567 911 909 906
1568 920 918 900
1569 905 920 900
1570 900 942 941
1571 920 943 919
1572 943 704 919
1573 940 925 937
1574 897 903 896
1575 896 903 880
1576 903 881 880
1577 715 666 934
1578 666 835 934
1579 911 921 928
1580 921 887 928
1581 944 924 904
1582 944 904 945
1583 924 946 903
1584 903 946 881
1585 946 882 881
1586 898 896 894
1587 894 896 879
1588 896 880 879
1589 945 904 899
1590 899 904 897
1591 944 945 711
1592 712 944 711
1593 947 867 866
1594 867 947 948
1595 946 926 882
1596 941 942 873
1597 947 850 948
1598 941 872 902
1599 900 941 902
1600 872 941 873
1601 949 866 865
1602 866 949 947
1603 949 849 947
1604 936 944 712
1605 950 943 905
1606 920 905 943
1607 950 703 943
1608 924 903 904
1609 895 938 894
1610 931 912 913
1611 951 915 919
1612 952 917 915
1613 951 952 915
1614 673 703 950
1615 857 673 950
1616 939 938 953
1617 954 929 955
1618 955 929 846
1619 939 953 708
1620 709 939 708
1621 930 929 954
1622 930 954 862
1623 945 899 939
1624 710 945 939
1625 910 930 907
1626 907 930 861
1627 710 939 709
1628 956 865 864
1629 911 928 909
1630 909 928 829
1631 865 956 949
1632 956 848 949
1633 871 957 902
1634 957 855 902
1635 922 923 937
1636 933 934 834
1637 925 926 922
1638 931 885 884
1639 958 959 895
1640 959 958 952
1641 877 958 895
1642 943 703 704
1643 960 868 961
1644 950 905 831
1645 852 960 961
1646 917 952 958
1647 824 886 921
1648 824 921 858
1649 876 917 958
1650 923 944 936
1651 909 829 843
1652 953 959 962
1653 707 953 962
1654 908 843 844
1655 962 952 951
1656 922 946 924
1657 907 861 860
1658 706 962 951
1659 877 895 878
1660 906 860 859
1661 916 917 875
1662 962 959 952
1663 938 895 959
1664 953 938 959
1665 925 922 937
1666 937 923 936
1667 870 963 957
1668 963 854 957
1669 869 960 963
1670 960 853 963
1671 940 932 933
1672 946 922 926
1673 944 923 924
1674 829 927 842
1675 834 914 933
1676 951 919 705
1677 914 912 933
1678 914 834 833
1679 874 918 916
1680 898 894 938
1681 928 887 888
1682 861 930 862
1683 964 890 841
1684 890 964 927
1685 964 842 927
1686 956 864 965
1687 847 956 965
1688 925 884 883
1689 713 936 712
1690 940 933 912
1691 714 935 713
1692 932 940 935
1693 714 932 935
1694 842 964 828
1695 964 841 828
1696 847 965 955
1697 863 965 864
1698 965 863 955
1699 874 916 875
1700 711 945 710
1701 926 883 882
1702 848 956 847
1703 849 949 848
1704 850 947 849
1705 955 863 954
1706 955 846 847
1707 927 889 890
1708 875 917 876
1709 948 851 961
1710 867 948 961
1711 851 948 850
1712 887 921 886
1713 961 851 852
1714 961 868 867
1715 960 852 853
1716 960 869 868
1717 876 958 877
1718 950 831 857
1719 963 870 869
1720 963 853 854
1721 862 954 863
1722 708 953 707
1723 913 833 832
1724 705 919 704
1725 957 854 855
1726 957 871 870
1727 834 934 835
1728 902 855 830
1729 902 872 871
1730 707 962 706
1731 706 951 705
1732 929 845 846
1733 831 901 856
1734 942 900 918
1735 874 942 918
1736 942 874 873
1737 856 901 830
1738 900 901 905
2 50 2 17
1739 684 966 667
1740 685 966 684
1741 966 838 667
1742 966 837 838
1743 966 839 840
1744 966 840 826
1745 837 966 836
1746 836 966 826
1747 839 967 825
1748 833 967 834
1749 967 839 966
1750 967 833 832
1751 685 967 966
1752 967 832 825
1753 835 967 666
1754 967 685 666
1755 834 967 835
2 41 2 11
1756 891 828 842
1757 893 827 841
1758 723 968 674
1759 968 828 892
1760 893 723 675
1761 968 892 674
1762 842 829 891
1763 892 828 891
1764 968 841 828
1765 841 968 893
1766 968 723 893
2 10002 2 58
1767 969 971 970
1768 969 970 844
1769 972 857 673
1770 725 972 673
1771 972 725 973
1772 855 972 973
1773 971 674 892
1774 735 674 971
1775 831 857 972
1776 856 831 830
1777 831 972 830
1778 971 891 970
1779 970 891 829
1780 891 971 892
1781 843 970 829
1782 727 975 974
1783 975 853 974
1784 976 729 977
1785 851 976 977
1786 728 976 975
1787 976 852 975
1788 973 726 974
1789 854 973 974
1790 978 850 977
1791 676 978 977
1792 730 979 978
1793 979 849 978
1794 731 980 979
1795 980 848 979
1796 732 981 980
1797 981 847 980
1798 981 733 969
1799 846 981 969
1800 735 971 734
1801 844 970 843
1802 969 733 734
1803 969 845 846
1804 969 734 971
1805 969 844 845
1806 847 981 846
1807 733 981 732
1808 726 973 725
1809 855 973 854
1810 732 980 731
1811 848 980 847
1812 727 974 726
1813 854 974 853
1814 972 855 830
1815 728 975 727
1816 853 975 852
1817 977 850 851
1818 977 729 676
1819 850 978 849
1820 730 978 676
1821 729 976 728
1822 852 976 851
1823 731 979 730
1824 849 979 848
2 10 2 218
1825 878 1053 1052
1826 878 1052 879
1827 1054 1056 1055
1828 1055 1056 1057
1829 1058 1060 1059
1830 1061 1055 1062
1831 1059 1060 987
1832 988 1063 1059
1833 1064 1065 860
1834 1064 1067 1066
1835 1068 1066 1005
1836 1066 1065 1064
1837 1069 1064 859
1838 1065 1066 1068
1839 1066 1067 1004
1840 1070 1072 1071
1841 1071 1072 994
1842 1073 1075 1074
1843 1073 1074 1076
1844 1077 1073 1078
1845 1073 1076 1078
1846 858 1079 1069
1847 1069 859 858
1848 1080 1082 1081
1849 1083 883 1084
1850 1085 1034 1035
1851 1034 1085 1086
1852 1085 986 1086
1853 1087 1088 1068
1854 1087 1068 1006
1855 1006 1068 1005
1856 984 1002 1036
1857 1089 1071 885
1858 885 1071 825
1859 1071 993 825
1860 1090 1092 1091
1861 1031 1092 1090
1862 1090 1030 1031
1863 1093 1095 1094
1864 1093 1094 1029
1865 1096 1097 1057
1866 1057 1056 1096
1867 1070 1089 1083
1868 1083 1098 1070
1869 1089 884 1083
1870 1093 1098 1095
1871 1069 1067 1064
1872 1078 1076 1058
1873 1063 1078 1058
1874 1058 1100 1099
1875 1078 1101 1077
1876 1101 1020 1077
1877 1098 1083 1095
1878 1055 1061 1054
1879 1054 1061 880
1880 1061 881 880
1881 1031 982 1092
1882 982 996 1092
1883 1069 1079 1086
1884 1079 1033 1086
1885 1102 1082 1062
1886 1102 1062 1103
1887 1082 1104 1061
1888 1061 1104 881
1889 1104 882 881
1890 1056 1054 1052
1891 1052 1054 879
1892 1054 880 879
1893 1103 1062 1057
1894 1057 1062 1055
1895 1102 1103 1027
1896 1028 1102 1027
1897 1105 867 866
1898 867 1105 1106
1899 1104 1084 882
1900 1099 1100 873
1901 1105 1011 1106
1902 1099 872 1060
1903 1058 1099 1060
1904 872 1099 873
1905 1107 866 865
1906 866 1107 1105
1907 1107 1010 1105
1908 1094 1102 1028
1909 1108 1101 1063
1910 1078 1063 1101
1911 1108 1019 1101
1912 1082 1061 1062
1913 1053 1096 1052
1914 1089 1070 1071
1915 1109 1073 1077
1916 1110 1075 1073
1917 1109 1110 1073
1918 989 1019 1108
1919 1018 989 1108
1920 1097 1096 1111
1921 1112 1087 1113
1922 1113 1087 1007
1923 1097 1111 1024
1924 1025 1097 1024
1925 1088 1087 1112
1926 1088 1112 862
1927 1103 1057 1097
1928 1026 1103 1097
1929 1068 1088 1065
1930 1065 1088 861
1931 1026 1097 1025
1932 1114 865 864
1933 1069 1086 1067
1934 1067 1086 986
1935 865 1114 1107
1936 1114 1009 1107
1937 871 1115 1060
1938 1115 1016 1060
1939 1080 1081 1095
1940 1091 1092 995
1941 1083 1084 1080
1942 1089 885 884
1943 1116 1117 1053
1944 1117 1116 1110
1945 877 1116 1053
1946 1101 1019 1020
1947 1118 868 1119
1948 1108 1063 988
1949 1013 1118 1119
1950 1075 1110 1116
1951 824 1032 1079
1952 824 1079 858
1953 876 1075 1116
1954 1081 1102 1094
1955 1067 986 1004
1956 1111 1117 1120
1957 1023 1111 1120
1958 1066 1004 1005
1959 1120 1110 1109
1960 1080 1104 1082
1961 1065 861 860
1962 1022 1120 1109
1963 877 1053 878
1964 1064 860 859
1965 1074 1075 875
1966 1120 1117 1110
1967 1096 1053 1117
1968 1111 1096 1117
1969 1083 1080 1095
1970 1095 1081 1094
1971 870 1121 1115
1972 1121 1015 1115
1973 869 1118 1121
1974 1118 1014 1121
1975 1098 1090 1091
1976 1104 1080 1084
1977 1102 1081 1082
1978 986 1085 1003
1979 995 1072 1091
1980 1109 1077 1021
1981 1072 1070 1091
1982 1072 995 994
1983 874 1076 1074
1984 1056 1052 1096
1985 1086 1033 1034
1986 861 1088 862
1987 1122 1036 1002
1988 1036 1122 1085
1989 1122 1003 1085
1990 1114 864 1123
1991 1008 1114 1123
1992 1083 884 883
1993 1029 1094 1028
1994 1098 1091 1070
1995 1030 1093 1029
1996 1090 1098 1093
1997 1030 1090 1093
1998 1003 1122 985
1999 1122 1002 985
2000 1008 1123 1113
2001 863 1123 864
2002 1123 863 1113
2003 874 1074 875
2004 1027 1103 1026
2005 1084 883 882
2006 1009 1114 1008
2007 1010 1107 1009
2008 1011 1105 1010
2009 1113 863 1112
2010 1113 1007 1008
2011 1085 1035 1036
2012 875 1075 876
2013 1106 1012 1119
2014 867 1106 1119
2015 1012 1106 1011
2016 1033 1079 1032
2017 1119 1012 1013
2018 1119 868 867
2019 1118 1013 1014
2020 1118 869 868
2021 876 1116 877
2022 1108 988 1018
2023 1121 870 869
2024 1121 1014 1015
2025 862 1112 863
2026 1024 1111 1023
2027 1071 994 993
2028 1021 1077 1020
2029 1115 1015 1016
2030 1115 871 870
2031 995 1092 996
2032 1060 1016 987
2033 1060 872 871
2034 1023 1120 1022
2035 1022 1109 1021
2036 1087 1006 1007
2037 988 1059 1017
2038 1100 1058 1076
2039 874 1100 1076
2040 1100 874 873
2041 1017 1059 987
2042 1058 1059 1063
2 50 2 17
2043 1000 1124 983
2044 1001 1124 1000
2045 1124 999 983
2046 1124 998 999
2047 1124 839 840
2048 1124 840 826
2049 998 1124 997
2050 997 1124 826
2051 839 1125 825
2052 994 1125 995
2053 1125 839 1124
2054 1125 994 993
2055 1001 1125 1124
2056 1125 993 825
2057 996 1125 982
2058 1125 1001 982
2059 995 1125 996
2 41 2 11
2060 1037 985 1003
2061 1040 984 1002
2062 1039 1126 990
2063 1126 985 1038
2064 1040 1039 991
2065 1126 1038 990
2066 1003 986 1037
2067 1038 985 1037
2068 1126 1002 985
2069 1002 1126 1040
2070 1126 1039 1040
2 10003 2 58
2071 1127 1129 1128
2072 1127 1128 1005
2073 1130 1018 989
2074 1041 1130 989
2075 1130 1041 1131
2076 1016 1130 1131
2077 1129 990 1038
2078 1051 990 1129
2079 988 1018 1130
2080 1017 988 987
2081 988 1130 987
2082 1129 1037 1128
2083 1128 1037 986
2084 1037 1129 1038
2085 1004 1128 986
2086 1043 1133 1132
2087 1133 1014 1132
2088 1134 1045 1135
2089 1012 1134 1135
2090 1044 1134 1133
2091 1134 1013 1133
2092 1131 1042 1132
2093 1015 1131 1132
2094 1136 1011 1135
2095 992 1136 1135
2096 1046 1137 1136
2097 1137 1010 1136
2098 1047 1138 1137
2099 1138 1009 1137
2100 1048 1139 1138
2101 1139 1008 1138
2102 1139 1049 1127
2103 1007 1139 1127
2104 1051 1129 1050
2105 1005 1128 1004
2106 1127 1049 1050
2107 1127 1006 1007
2108 1127 1050 1129
2109 1127 1005 1006
2110 1008 1139 1007
2111 1049 1139 1048
2112 1042 1131 1041
2113 1016 1131 1015
2114 1048 1138 1047
2115 1009 1138 1008
2116 1043 1132 1042
2117 1015 1132 1014
2118 1130 1016 987
2119 1044 1133 1043
2120 1014 1133 1013
2121 1135 1011 1012
2122 1135 1045 992
2123 1011 1136 1010
2124 1046 1136 992
2125 1045 1134 1044
2126 1013 1134 1012
2127 1047 1137 1046
2128 1010 1137 1009
2 10 2 218
2129 1194 1211 1210
2130 1194 1210 1195
2131 1212 1214 1213
2132 1213 1214 1215
2133 1216 1218 1217
2134 1219 1213 1220
2135 1217 1218 1146
2136 1147 1221 1217
2137 1222 1223 1176
2138 1222 1225 1224
2139 1226 1224 1160
2140 1224 1223 1222
2141 1227 1222 1175
2142 1223 1224 1226
2143 1224 1225 1159
2144 1228 1230 1229
2145 1229 1230 1149
2146 1231 1233 1232
2147 1231 1232 1234
2148 1235 1231 1236
2149 1231 1234 1236
2150 1174 1237 1227
2151 1227 1175 1174
2152 1238 1240 1239
2153 1241 1199 1242
2154 1243 1204 1205
2155 1204 1243 1244
2156 1243 1145 1244
2157 1245 1246 1226
2158 1245 1226 1161
2159 1161 1226 1160
2160 1143 1157 1206
2161 1247 1229 1201
2162 1201 1229 1141
2163 1229 1148 1141
2164 1248 1250 1249
2165 1031 1250 1248
2166 1248 1030 1031
2167 1251 1253 1252
2168 1251 1252 1029
2169 1254 1255 1215
2170 1215 1214 1254
2171 1228 1247 1241
2172 1241 1256 1228
2173 1247 1200 1241
2174 1251 1256 1253
2175 1227 1225 1222
2176 1236 1234 1216
2177 1221 1236 1216
2178 1216 1258 1257
2179 1236 1259 1235
2180 1259 1020 1235
2181 1256 1241 1253
2182 1213 1219 1212
2183 1212 1219 1196
2184 1219 1197 1196
2185 1031 982 1250
2186 982 1151 1250
2187 1227 1237 1244
2188 1237 1203 1244
2189 1260 1240 1220
2190 1260 1220 1261
2191 1240 1262 1219
2192 1219 1262 1197
2193 1262 1198 1197
2194 1214 1212 1210
2195 1210 1212 1195
2196 1212 1196 1195
2197 1261 1220 1215
2198 1215 1220 1213
2199 1260 1261 1027
2200 1028 1260 1027
2201 1263 1183 1182
2202 1183 1263 1264
2203 1262 1242 1198
2204 1257 1258 1189
2205 1263 1166 1264
2206 1257 1188 1218
2207 1216 1257 1218
2208 1188 1257 1189
2209 1265 1182 1181
2210 1182 1265 1263
2211 1265 1165 1263
2212 1252 1260 1028
2213 1266 1259 1221
2214 1236 1221 1259
2215 1266 1019 1259
2216 1240 1219 1220
2217 1211 1254 1210
2218 1247 1228 1229
2219 1267 1231 1235
2220 1268 1233 1231
2221 1267 1268 1231
2222 989 1019 1266
2223 1173 989 1266
2224 1255 1254 1269
2225 1270 1245 1271
2226 1271 1245 1162
2227 1255 1269 1024
2228 1025 1255 1024
2229 1246 1245 1270
2230 1246 1270 1178
2231 1261 1215 1255
2232 1026 1261 1255
2233 1226 1246 1223
2234 1223 1246 1177
2235 1026 1255 1025
2236 1272 1181 1180
2237 1227 1244 1225
2238 1225 1244 1145
2239 1181 1272 1265
2240 1272 1164 1265
2241 1187 1273 1218
2242 1273 1171 1218
2243 1238 1239 1253
2244 1249 1250 1150
2245 1241 1242 1238
2246 1247 1201 1200
2247 1274 1275 1211
2248 1275 1274 1268
2249 1193 1274 1211
2250 1259 1019 1020
2251 1276 1184 1277
2252 1266 1221 1147
2253 1168 1276 1277
2254 1233 1268 1274
2255 1140 1202 1237
2256 1140 1237 1174
2257 1192 1233 1274
2258 1239 1260 1252
2259 1225 1145 1159
2260 1269 1275 1278
2261 1023 1269 1278
2262 1224 1159 1160
2263 1278 1268 1267
2264 1238 1262 1240
2265 1223 1177 1176
2266 1022 1278 1267
2267 1193 1211 1194
2268 1222 1176 1175
2269 1232 1233 1191
2270 1278 1275 1268
2271 1254 1211 1275
2272 1269 1254 1275
2273 1241 1238 1253
2274 1253 1239 1252
2275 1186 1279 1273
2276 1279 1170 1273
2277 1185 1276 1279
2278 1276 1169 1279
2279 1256 1248 1249
2280 1262 1238 1242
2281 1260 1239 1240
2282 1145 1243 1158
2283 1150 1230 1249
2284 1267 1235 1021
2285 1230 1228 1249
2286 1230 1150 1149
2287 1190 1234 1232
2288 1214 1210 1254
2289 1244 1203 1204
2290 1177 1246 1178
2291 1280 1206 1157
2292 1206 1280 1243
2293 1280 1158 1243
2294 1272 1180 1281
2295 1163 1272 1281
2296 1241 1200 1199
2297 1029 1252 1028
2298 1256 1249 1228
2299 1030 1251 1029
2300 1248 1256 1251
2301 1030 1248 1251
2302 1158 1280 1144
2303 1280 1157 1144
2304 1163 1281 1271
2305 1179 1281 1180
2306 1281 1179 1271
2307 1190 1232 1191
2308 1027 1261 1026
2309 1242 1199 1198
2310 1164 1272 1163
2311 1165 1265 1164
2312 1166 1263 1165
2313 1271 1179 1270
2314 1271 1162 1163
2315 1243 1205 1206
2316 1191 1233 1192
2317 1264 1167 1277
2318 1183 1264 1277
2319 1167 1264 1166
2320 1203 1237 1202
2321 1277 1167 1168
2322 1277 1184 1183
2323 1276 1168 1169
2324 1276 1185 1184
2325 1192 1274 1193
2326 1266 1147 1173
2327 1279 1186 1185
2328 1279 1169 1170
2329 1178 1270 1179
2330 1024 1269 1023
2331 1229 1149 1148
2332 1021 1235 1020
2333 1273 1170 1171
2334 1273 1187 1186
2335 1150 1250 1151
2336 1218 1171 1146
2337 1218 1188 1187
2338 1023 1278 1022
2339 1022 1267 1021
2340 1245 1161 1162
2341 1147 1217 1172
2342 1258 1216 1234
2343 1190 1258 1234
2344 1258 1190 1189
2345 1172 1217 1146
2346 1216 1217 1221
2 50 2 17
2347 1000 1282 983
2348 1001 1282 1000
2349 1282 1154 983
2350 1282 1153 1154
2351 1282 1155 1156
2352 1282 1156 1142
2353 1153 1282 1152
2354 1152 1282 1142
2355 1155 1283 1141
2356 1149 1283 1150
2357 1283 1155 1282
2358 1283 1149 1148
2359 1001 1283 1282
2360 1283 1148 1141
2361 1151 1283 982
2362 1283 1001 982
2363 1150 1283 1151
2 41 2 11
2364 1207 1144 1158
2365 1209 1143 1157
2366 1039 1284 990
2367 1284 1144 1208
2368 1209 1039 991
2369 1284 1208 990
2370 1158 1145 1207
2371 1208 1144 1207
2372 1284 1157 1144
2373 1157 1284 1209
2374 1284 1039 1209
2 10003 2 58
2375 1285 1287 1286
2376 1285 1286 1160
2377 1288 1173 989
2378 1041 1288 989
2379 1288 1041 1289
2380 1171 1288 1289
2381 1287 990 1208
2382 1051 990 1287
2383 1147 1173 1288
2384 1172 1147 1146
2385 1147 1288 1146
2386 1287 1207 1286
2387 1286 1207 1145
2388 1207 1287 1208
2389 1159 1286 1145
2390 1043 1291 1290
2391 1291 1169 1290
2392 1292 1045 1293
2393 1167 1292 1293
2394 1044 1292 1291
2395 1292 1168 1291
2396 1289 1042 1290
2397 1170 1289 1290
2398 1294 1166 1293
2399 992 1294 1293
2400 1046 1295 1294
2401 1295 1165 1294
2402 1047 1296 1295
2403 1296 1164 1295
2404 1048 1297 1296
2405 1297 1163 1296
2406 1297 1049 1285
2407 1162 1297 1285
2408 1051 1287 1050
2409 1160 1286 1159
2410 1285 1049 1050
2411 1285 1161 1162
2412 1285 1050 1287
2413 1285 1160 1161
2414 1163 1297 1162
2415 1049 1297 1048
2416 1042 1289 1041
2417 1171 1289 1170
2418 1048 1296 1047
2419 1164 1296 1163
2420 1043 1290 1042
2421 1170 1290 1169
2422 1288 1171 1146
2423 1044 1291 1043
2424 1169 1291 1168
2425 1293 1166 1167
2426 1293 1045 992
2427 1166 1294 1165
2428 1046 1294 992
2429 1045 1292 1044
2430 1168 1292 1167
2431 1047 1295 1046
2432 1165 1295 1164
2 10 2 218
2433 1194 1369 1368
2434 1194 1368 1195
2435 1370 1372 1371
2436 1371 1372 1373
2437 1374 1376 1375
2438 1377 1371 1378
2439 1375 1376 1303
2440 1304 1379 1375
2441 1380 1381 1176
2442 1380 1383 1382
2443 1384 1382 1321
2444 1382 1381 1380
2445 1385 1380 1175
2446 1381 1382 1384
2447 1382 1383 1320
2448 1386 1388 1387
2449 1387 1388 1310
2450 1389 1391 1390
2451 1389 1390 1392
2452 1393 1389 1394
2453 1389 1392 1394
2454 1174 1395 1385
2455 1385 1175 1174
2456 1396 1398 1397
2457 1399 1199 1400
2458 1401 1350 1351
2459 1350 1401 1402
2460 1401 1302 1402
2461 1403 1404 1384
2462 1403 1384 1322
2463 1322 1384 1321
2464 1300 1318 1352
2465 1405 1387 1201
2466 1201 1387 1141
2467 1387 1309 1141
2468 1406 1408 1407
2469 1347 1408 1406
2470 1406 1346 1347
2471 1409 1411 1410
2472 1409 1410 1345
2473 1412 1413 1373
2474 1373 1372 1412
2475 1386 1405 1399
2476 1399 1414 1386
2477 1405 1200 1399
2478 1409 1414 1411
2479 1385 1383 1380
2480 1394 1392 1374
2481 1379 1394 1374
2482 1374 1416 1415
2483 1394 1417 1393
2484 1417 1336 1393
2485 1414 1399 1411
2486 1371 1377 1370
2487 1370 1377 1196
2488 1377 1197 1196
2489 1347 1298 1408
2490 1298 1312 1408
2491 1385 1395 1402
2492 1395 1349 1402
2493 1418 1398 1378
2494 1418 1378 1419
2495 1398 1420 1377
2496 1377 1420 1197
2497 1420 1198 1197
2498 1372 1370 1368
2499 1368 1370 1195
2500 1370 1196 1195
2501 1419 1378 1373
2502 1373 1378 1371
2503 1418 1419 1343
2504 1344 1418 1343
2505 1421 1183 1182
2506 1183 1421 1422
2507 1420 1400 1198
2508 1415 1416 1189
2509 1421 1327 1422
2510 1415 1188 1376
2511 1374 1415 1376
2512 1188 1415 1189
2513 1423 1182 1181
2514 1182 1423 1421
2515 1423 1326 1421
2516 1410 1418 1344
2517 1424 1417 1379
2518 1394 1379 1417
2519 1424 1335 1417
2520 1398 1377 1378
2521 1369 1412 1368
2522 1405 1386 1387
2523 1425 1389 1393
2524 1426 1391 1389
2525 1425 1426 1389
2526 1305 1335 1424
2527 1334 1305 1424
2528 1413 1412 1427
2529 1428 1403 1429
2530 1429 1403 1323
2531 1413 1427 1340
2532 1341 1413 1340
2533 1404 1403 1428
2534 1404 1428 1178
2535 1419 1373 1413
2536 1342 1419 1413
2537 1384 1404 1381
2538 1381 1404 1177
2539 1342 1413 1341
2540 1430 1181 1180
2541 1385 1402 1383
2542 1383 1402 1302
2543 1181 1430 1423
2544 1430 1325 1423
2545 1187 1431 1376
2546 1431 1332 1376
2547 1396 1397 1411
2548 1407 1408 1311
2549 1399 1400 1396
2550 1405 1201 1200
2551 1432 1433 1369
2552 1433 1432 1426
2553 1193 1432 1369
2554 1417 1335 1336
2555 1434 1184 1435
2556 1424 1379 1304
2557 1329 1434 1435
2558 1391 1426 1432
2559 1140 1348 1395
2560 1140 1395 1174
2561 1192 1391 1432
2562 1397 1418 1410
2563 1383 1302 1320
2564 1427 1433 1436
2565 1339 1427 1436
2566 1382 1320 1321
2567 1436 1426 1425
2568 1396 1420 1398
2569 1381 1177 1176
2570 1338 1436 1425
2571 1193 1369 1194
2572 1380 1176 1175
2573 1390 1391 1191
2574 1436 1433 1426
2575 1412 1369 1433
2576 1427 1412 1433
2577 1399 1396 1411
2578 1411 1397 1410
2579 1186 1437 1431
2580 1437 1331 1431
2581 1185 1434 1437
2582 1434 1330 1437
2583 1414 1406 1407
2584 1420 1396 1400
2585 1418 1397 1398
2586 1302 1401 1319
2587 1311 1388 1407
2588 1425 1393 1337
2589 1388 1386 1407
2590 1388 1311 1310
2591 1190 1392 1390
2592 1372 1368 1412
2593 1402 1349 1350
2594 1177 1404 1178
2595 1438 1352 1318
2596 1352 1438 1401
2597 1438 1319 1401
2598 1430 1180 1439
2599 1324 1430 1439
2600 1399 1200 1199
2601 1345 1410 1344
2602 1414 1407 1386
2603 1346 1409 1345
2604 1406 1414 1409
2605 1346 1406 1409
2606 1319 1438 1301
2607 1438 1318 1301
2608 1324 1439 1429
2609 1179 1439 1180
2610 1439 1179 1429
2611 1190 1390 1191
2612 1343 1419 1342
2613 1400 1199 1198
2614 1325 1430 1324
2615 1326 1423 1325
2616 1327 1421 1326
2617 1429 1179 1428
2618 1429 1323 1324
2619 1401 1351 1352
2620 1191 1391 1192
2621 1422 1328 1435
2622 1183 1422 1435
2623 1328 1422 1327
2624 1349 1395 1348
2625 1435 1328 1329
2626 1435 1184 1183
2627 1434 1329 1330
2628 1434 1185 1184
2629 1192 1432 1193
2630 1424 1304 1334
2631 1437 1186 1185
2632 1437 1330 1331
2633 1178 1428 1179
2634 1340 1427 1339
2635 1387 1310 1309
2636 1337 1393 1336
2637 1431 1331 1332
2638 1431 1187 1186
2639 1311 1408 1312
2640 1376 1332 1303
2641 1376 1188 1187
2642 1339 1436 1338
2643 1338 1425 1337
2644 1403 1322 1323
2645 1304 1375 1333
2646 1416 1374 1392
2647 1190 1416 1392
2648 1416 1190 1189
2649 1333 1375 1303
2650 1374 1375 1379
2 50 2 17
2651 1316 1440 1299
2652 1317 1440 1316
2653 1440 1315 1299
2654 1440 1314 1315
2655 1440 1155 1156
2656 1440 1156 1142
2657 1314 1440 1313
2658 1313 1440 1142
2659 1155 1441 1141
2660 1310 1441 1311
2661 1441 1155 1440
2662 1441 1310 1309
2663 1317 1441 1440
2664 1441 1309 1141
2665 1312 1441 1298
2666 1441 1317 1298
2667 1311 1441 1312
2 41 2 11
2668 1353 1301 1319
2669 1356 1300 1318
2670 1355 1442 1306
2671 1442 1301 1354
2672 1356 1355 1307
2673 1442 1354 1306
2674 1319 1302 1353
2675 1354 1301 1353
2676 1442 1318 1301
2677 1318 1442 1356
2678 1442 1355 1356
2 10004 2 58
2679 1443 1445 1444
2680 1443 1444 1321
2681 1446 1334 1305
2682 1357 1446 1305
2683 1446 1357 1447
2684 1332 1446 1447
2685 1445 1306 1354
2686 1367 1306 1445
2687 1304 1334 1446
2688 1333 1304 1303
2689 1304 1446 1303
2690 1445 1353 1444
2691 1444 1353 1302
2692 1353 1445 1354
2693 1320 1444 1302
2694 1359 1449 1448
2695 1449 1330 1448
2696 1450 1361 1451
2697 1328 1450 1451
2698 1360 1450 1449
2699 1450 1329 1449
2700 1447 1358 1448
2701 1331 1447 1448
2702 1452 1327 1451
2703 1308 1452 1451
2704 1362 1453 1452
2705 1453 1326 1452
2706 1363 1454 1453
2707 1454 1325 1453
2708 1364 1455 1454
2709 1455 1324 1454
2710 1455 1365 1443
2711 1323 1455 1443
2712 1367 1445 1366
2713 1321 1444 1320
2714 1443 1365 1366
2715 1443 1322 1323
2716 1443 1366 1445
2717 1443 1321 1322
2718 1324 1455 1323
2719 1365 1455 1364
2720 1358 1447 1357
2721 1332 1447 1331
2722 1364 1454 1363
2723 1325 1454 1324
2724 1359 1448 1358
2725 1331 1448 1330
2726 1446 1332 1303
2727 1360 1449 1359
2728 1330 1449 1329
2729 1451 1327 1328
2730 1451 1361 1308
2731 1327 1452 1326
2732 1362 1452 1308
2733 1361 1450 1360
2734 1329 1450 1328
2735 1363 1453 1362
2736 1326 1453 1325
2 10 2 218
2737 1510 1527 1526
2738 1510 1526 1511
2739 1528 1530 1529
2740 1529 1530 1531
2741 1532 1534 1533
2742 1535 1529 1536
2743 1533 1534 1462
2744 1463 1537 1533
2745 1538 1539 1492
2746 1538 1541 1540
2747 1542 1540 1476
2748 1540 1539 1538
2749 1543 1538 1491
2750 1539 1540 1542
2751 1540 1541 1475
2752 1544 1546 1545
2753 1545 1546 1465
2754 1547 1549 1548
2755 1547 1548 1550
2756 1551 1547 1552
2757 1547 1550 1552
2758 1490 1553 1543
2759 1543 1491 1490
2760 1554 1556 1555
2761 1557 1515 1558
2762 1559 1520 1521
2763 1520 1559 1560
2764 1559 1461 1560
2765 1561 1562 1542
2766 1561 1542 1477
2767 1477 1542 1476
2768 1459 1473 1522
2769 1563 1545 1517
2770 1517 1545 1457
2771 1545 1464 1457
2772 1564 1566 1565
2773 1347 1566 1564
2774 1564 1346 1347
2775 1567 1569 1568
2776 1567 1568 1345
2777 1570 1571 1531
2778 1531 1530 1570
2779 1544 1563 1557
2780 1557 1572 1544
2781 1563 1516 1557
2782 1567 1572 1569
2783 1543 1541 1538
2784 1552 1550 1532
2785 1537 1552 1532
2786 1532 1574 1573
2787 1552 1575 1551
2788 1575 1336 1551
2789 1572 1557 1569
2790 1529 1535 1528
2791 1528 1535 1512
2792 1535 1513 1512
2793 1347 1298 1566
2794 1298 1467 1566
2795 1543 1553 1560
2796 1553 1519 1560
2797 1576 1556 1536
2798 1576 1536 1577
2799 1556 1578 1535
2800 1535 1578 1513
2801 1578 1514 1513
2802 1530 1528 1526
2803 1526 1528 1511
2804 1528 1512 1511
2805 1577 1536 1531
2806 1531 1536 1529
2807 1576 1577 1343
2808 1344 1576 1343
2809 1579 1499 1498
2810 1499 1579 1580
2811 1578 1558 1514
2812 1573 1574 1505
2813 1579 1482 1580
2814 1573 1504 1534
2815 1532 1573 1534
2816 1504 1573 1505
2817 1581 1498 1497
2818 1498 1581 1579
2819 1581 1481 1579
2820 1568 1576 1344
2821 1582 1575 1537
2822 1552 1537 1575
2823 1582 1335 1575
2824 1556 1535 1536
2825 1527 1570 1526
2826 1563 1544 1545
2827 1583 1547 1551
2828 1584 1549 1547
2829 1583 1584 1547
2830 1305 1335 1582
2831 1489 1305 1582
2832 1571 1570 1585
2833 1586 1561 1587
2834 1587 1561 1478
2835 1571 1585 1340
2836 1341 1571 1340
2837 1562 1561 1586
2838 1562 1586 1494
2839 1577 1531 1571
2840 1342 1577 1571
2841 1542 1562 1539
2842 1539 1562 1493
2843 1342 1571 1341
2844 1588 1497 1496
2845 1543 1560 1541
2846 1541 1560 1461
2847 1497 1588 1581
2848 1588 1480 1581
2849 1503 1589 1534
2850 1589 1487 1534
2851 1554 1555 1569
2852 1565 1566 1466
2853 1557 1558 1554
2854 1563 1517 1516
2855 1590 1591 1527
2856 1591 1590 1584
2857 1509 1590 1527
2858 1575 1335 1336
2859 1592 1500 1593
2860 1582 1537 1463
2861 1484 1592 1593
2862 1549 1584 1590
2863 1456 1518 1553
2864 1456 1553 1490
2865 1508 1549 1590
2866 1555 1576 1568
2867 1541 1461 1475
2868 1585 1591 1594
2869 1339 1585 1594
2870 1540 1475 1476
2871 1594 1584 1583
2872 1554 1578 1556
2873 1539 1493 1492
2874 1338 1594 1583
2875 1509 1527 1510
2876 1538 1492 1491
2877 1548 1549 1507
2878 1594 1591 1584
2879 1570 1527 1591
2880 1585 1570 1591
2881 1557 1554 1569
2882 1569 1555 1568
2883 1502 1595 1589
2884 1595 1486 1589
2885 1501 1592 1595
2886 1592 1485 1595
2887 1572 1564 1565
2888 1578 1554 1558
2889 1576 1555 1556
2890 1461 1559 1474
2891 1466 1546 1565
2892 1583 1551 1337
2893 1546 1544 1565
2894 1546 1466 1465
2895 1506 1550 1548
2896 1530 1526 1570
2897 1560 1519 1520
2898 1493 1562 1494
2899 1596 1522 1473
2900 1522 1596 1559
2901 1596 1474 1559
2902 1588 1496 1597
2903 1479 1588 1597
2904 1557 1516 1515
2905 1345 1568 1344
2906 1572 1565 1544
2907 1346 1567 1345
2908 1564 1572 1567
2909 1346 1564 1567
2910 1474 1596 1460
2911 1596 1473 1460
2912 1479 1597 1587
2913 1495 1597 1496
2914 1597 1495 1587
2915 1506 1548 1507
2916 1343 1577 1342
2917 1558 1515 1514
2918 1480 1588 1479
2919 1481 1581 1480
2920 1482 1579 1481
2921 1587 1495 1586
2922 1587 1478 1479
2923 1559 1521 1522
2924 1507 1549 1508
2925 1580 1483 1593
2926 1499 1580 1593
2927 1483 1580 1482
2928 1519 1553 1518
2929 1593 1483 1484
2930 1593 1500 1499
2931 1592 1484 1485
2932 1592 1501 1500
2933 1508 1590 1509
2934 1582 1463 1489
2935 1595 1502 1501
2936 1595 1485 1486
2937 1494 1586 1495
2938 1340 1585 1339
2939 1545 1465 1464
2940 1337 1551 1336
2941 1589 1486 1487
2942 1589 1503 1502
2943 1466 1566 1467
2944 1534 1487 1462
2945 1534 1504 1503
2946 1339 1594 1338
2947 1338 1583 1337
2948 1561 1477 1478
2949 1463 1533 1488
2950 1574 1532 1550
2951 1506 1574 1550
2952 1574 1506 1505
2953 1488 1533 1462
2954 1532 1533 1537
2 50 2 17
2955 1316 1598 1299
2956 1317 1598 1316
2957 1598 1470 1299
2958 1598 1469 1470
2959 1598 1471 1472
2960 1598 1472 1458
2961 1469 1598 1468
2962 1468 1598 1458
2963 1471 1599 1457
2964 1465 1599 1466
2965 1599 1471 1598
2966 1599 1465 1464
2967 1317 1599 1598
2968 1599 1464 1457
2969 1467 1599 1298
2970 1599 1317 1298
2971 1466 1599 1467
2 41 2 11
2972 1523 1460 1474
2973 1525 1459 1473
2974 1355 1600 1306
2975 1600 1460 1524
2976 1525 1355 1307
2977 1600 1524 1306
2978 1474 1461 1523
2979 1524 1460 1523
2980 1600 1473 1460
2981 1473 1600 1525
2982 1600 1355 1525
2 10004 2 58
2983 1601 1603 1602
2984 1601 1602 1476
2985 1604 1489 1305
2986 1357 1604 1305
2987 1604 1357 1605
2988 1487 1604 1605
2989 1603 1306 1524
2990 1367 1306 1603
2991 1463 1489 1604
2992 1488 1463 1462
2993 1463 1604 1462
2994 1603 1523 1602
2995 1602 1523 1461
2996 1523 1603 1524
2997 1475 1602 1461
2998 1359 1607 1606
2999 1607 1485 1606
3000 1608 1361 1609
3001 1483 1608 1609
3002 1360 1608 1607
3003 1608 1484 1607
3004 1605 1358 1606
3005 1486 1605 1606
3006 1610 1482 1609
3007 1308 1610 1609
3008 1362 1611 1610
3009 1611 1481 1610
3010 1363 1612 1611
3011 1612 1480 1611
3012 1364 1613 1612
3013 1613 1479 1612
3014 1613 1365 1601
3015 1478 1613 1601
3016 1367 1603 1366
3017 1476 1602 1475
3018 1601 1365 1366
3019 1601 1477 1478
3020 1601 1366 1603
3021 1601 1476 1477
3022 1479 1613 1478
3023 1365 1613 1364
3024 1358 1605 1357
3025 1487 1605 1486
3026 1364 1612 1363
3027 1480 1612 1479
3028 1359 1606 1358
3029 1486 1606 1485
3030 1604 1487 1462
3031 1360 1607 1359
3032 1485 1607 1484
3033 1609 1482 1483
3034 1609 1361 1308
3035 1482 1610 1481
3036 1362 1610 1308
3037 1361 1608 1360
3038 1484 1608 1483
3039 1363 1611 1362
3040 1481 1611 1480
2 10 2 218
3041 1510 1685 1684
3042 1510 1684 1511
3043 1686 1688 1687
3044 1687 1688 1689
3045 1690 1692 1691
3046 1693 1687 1694
3047 1691 1692 1619
3048 1620 1695 1691
3049 1696 1697 1492
3050 1696 1699 1698
3051 1700 1698 1637
3052 1698 1697 1696
3053 1701 1696 1491
3054 1697 1698 1700
3055 1698 1699 1636
3056 1702 1704 1703
3057 1703 1704 1626
3058 1705 1707 1706
3059 1705 1706 1708
3060 1709 1705 1710
3061 1705 1708 1710
3062 1490 1711 1701
3063 1701 1491 1490
3064 1712 1714 1713
3065 1715 1515 1716
3066 1717 1666 1667
3067 1666 1717 1718
3068 1717 1618 1718
3069 1719 1720 1700
3070 1719 1700 1638
3071 1638 1700 1637
3072 1616 1634 1668
3073 1721 1703 1517
3074 1517 1703 1457
3075 1703 1625 1457
3076 1722 1724 1723
3077 1663 1724 1722
3078 1722 1662 1663
3079 1725 1727 1726
3080 1725 1726 1661
3081 1728 1729 1689
3082 1689 1688 1728
3083 1702 1721 1715
3084 1715 1730 1702
3085 1721 1516 1715
3086 1725 1730 1727
3087 1701 1699 1696
3088 1710 1708 1690
3089 1695 1710 1690
3090 1690 1732 1731
3091 1710 1733 1709
3092 1733 1652 1709
3093 1730 1715 1727
3094 1687 1693 1686
3095 1686 1693 1512
3096 1693 1513 1512
3097 1663 1614 1724
3098 1614 1628 1724
3099 1701 1711 1718
3100 1711 1665 1718
3101 1734 1714 1694
3102 1734 1694 1735
3103 1714 1736 1693
3104 1693 1736 1513
3105 1736 1514 1513
3106 1688 1686 1684
3107 1684 1686 1511
3108 1686 1512 1511
3109 1735 1694 1689
3110 1689 1694 1687
3111 1734 1735 1659
3112 1660 1734 1659
3113 1737 1499 1498
3114 1499 1737 1738
3115 1736 1716 1514
3116 1731 1732 1505
3117 1737 1643 1738
3118 1731 1504 1692
3119 1690 1731 1692
3120 1504 1731 1505
3121 1739 1498 1497
3122 1498 1739 1737
3123 1739 1642 1737
3124 1726 1734 1660
3125 1740 1733 1695
3126 1710 1695 1733
3127 1740 1651 1733
3128 1714 1693 1694
3129 1685 1728 1684
3130 1721 1702 1703
3131 1741 1705 1709
3132 1742 1707 1705
3133 1741 1742 1705
3134 1621 1651 1740
3135 1650 1621 1740
3136 1729 1728 1743
3137 1744 1719 1745
3138 1745 1719 1639
3139 1729 1743 1656
3140 1657 1729 1656
3141 1720 1719 1744
3142 1720 1744 1494
3143 1735 1689 1729
3144 1658 1735 1729
3145 1700 1720 1697
3146 1697 1720 1493
3147 1658 1729 1657
3148 1746 1497 1496
3149 1701 1718 1699
3150 1699 1718 1618
3151 1497 1746 1739
3152 1746 1641 1739
3153 1503 1747 1692
3154 1747 1648 1692
3155 1712 1713 1727
3156 1723 1724 1627
3157 1715 1716 1712
3158 1721 1517 1516
3159 1748 1749 1685
3160 1749 1748 1742
3161 1509 1748 1685
3162 1733 1651 1652
3163 1750 1500 1751
3164 1740 1695 1620
3165 1645 1750 1751
3166 1707 1742 1748
3167 1456 1664 1711
3168 1456 1711 1490
3169 1508 1707 1748
3170 1713 1734 1726
3171 1699 1618 1636
3172 1743 1749 1752
3173 1655 1743 1752
3174 1698 1636 1637
3175 1752 1742 1741
3176 1712 1736 1714
3177 1697 1493 1492
3178 1654 1752 1741
3179 1509 1685 1510
3180 1696 1492 1491
3181 1706 1707 1507
3182 1752 1749 1742
3183 1728 1685 1749
3184 1743 1728 1749
3185 1715 1712 1727
3186 1727 1713 1726
3187 1502 1753 1747
3188 1753 1647 1747
3189 1501 1750 1753
3190 1750 1646 1753
3191 1730 1722 1723
3192 1736 1712 1716
3193 1734 1713 1714
3194 1618 1717 1635
3195 1627 1704 1723
3196 1741 1709 1653
3197 1704 1702 1723
3198 1704 1627 1626
3199 1506 1708 1706
3200 1688 1684 1728
3201 1718 1665 1666
3202 1493 1720 1494
3203 1754 1668 1634
3204 1668 1754 1717
3205 1754 1635 1717
3206 1746 1496 1755
3207 1640 1746 1755
3208 1715 1516 1515
3209 1661 1726 1660
3210 1730 1723 1702
3211 1662 1725 1661
3212 1722 1730 1725
3213 1662 1722 1725
3214 1635 1754 1617
3215 1754 1634 1617
3216 1640 1755 1745
3217 1495 1755 1496
3218 1755 1495 1745
3219 1506 1706 1507
3220 1659 1735 1658
3221 1716 1515 1514
3222 1641 1746 1640
3223 1642 1739 1641
3224 1643 1737 1642
3225 1745 1495 1744
3226 1745 1639 1640
3227 1717 1667 1668
3228 1507 1707 1508
3229 1738 1644 1751
3230 1499 1738 1751
3231 1644 1738 1643
3232 1665 1711 1664
3233 1751 1644 1645
3234 1751 1500 1499
3235 1750 1645 1646
3236 1750 1501 1500
3237 1508 1748 1509
3238 1740 1620 1650
3239 1753 1502 1501
3240 1753 1646 1647
3241 1494 1744 1495
3242 1656 1743 1655
3243 1703 1626 1625
3244 1653 1709 1652
3245 1747 1647 1648
3246 1747 1503 1502
3247 1627 1724 1628
3248 1692 1648 1619
3249 1692 1504 1503
3250 1655 1752 1654
3251 1654 1741 1653
3252 1719 1638 1639
3253 1620 1691 1649
3254 1732 1690 1708
3255 1506 1732 1708
3256 1732 1506 1505
3257 1649 1691 1619
3258 1690 1691 1695
2 50 2 17
3259 1632 1756 1615
3260 1633 1756 1632
3261 1756 1631 1615
3262 1756 1630 1631
3263 1756 1471 1472
3264 1756 1472 1458
3265 1630 1756 1629
3266 1629 1756 1458
3267 1471 1757 1457
3268 1626 1757 1627
3269 1757 1471 1756
3270 1757 1626 1625
3271 1633 1757 1756
3272 1757 1625 1457
3273 1628 1757 1614
3274 1757 1633 1614
3275 1627 1757 1628
2 41 2 11
3276 1669 1617 1635
3277 1672 1616 1634
3278 1671 1758 1622
3279 1758 1617 1670
3280 1672 1671 1623
3281 1758 1670 1622
3282 1635 1618 1669
3283 1670 1617 1669
3284 1758 1634 1617
3285 1634 1758 1672
3286 1758 1671 1672
2 10005 2 58
3287 1759 1761 1760
3288 1759 1760 1637
3289 1762 1650 1621
3290 1673 1762 1621
3291 1762 1673 1763
3292 1648 1762 1763
3293 1761 1622 1670
3294 1683 1622 1761
3295 1620 1650 1762
3296 1649 1620 1619
3297 1620 1762 1619
3298 1761 1669 1760
3299 1760 1669 1618
3300 1669 1761 1670
3301 1636 1760 1618
3302 1675 1765 1764
3303 1765 1646 1764
3304 1766 1677 1767
3305 1644 1766 1767
3306 1676 1766 1765
3307 1766 1645 1765
3308 1763 1674 1764
3309 1647 1763 1764
3310 1768 1643 1767
3311 1624 1768 1767
3312 1678 1769 1768
3313 1769 1642 1768
3314 1679 1770 1769
3315 1770 1641 1769
3316 1680 1771 1770
3317 1771 1640 1770
3318 1771 1681 1759
3319 1639 1771 1759
3320 1683 1761 1682
3321 1637 1760 1636
3322 1759 1681 1682
3323 1759 1638 1639
3324 1759 1682 1761
3325 1759 1637 1638
3326 1640 1771 1639
3327 1681 1771 1680
3328 1674 1763 1673
3329 1648 1763 1647
3330 1680 1770 1679
3331 1641 1770 1640
3332 1675 1764 1674
3333 1647 1764 1646
3334 1762 1648 1619
3335 1676 1765 1675
3336 1646 1765 1645
3337 1767 1643 1644
3338 1767 1677 1624
3339 1643 1768 1642
3340 1678 1768 1624
3341 1677 1766 1676
3342 1645 1766 1644
3343 1679 1769 1678
3344 1642 1769 1641
2 10 2 218
3345 1826 1843 1842
3346 1826 1842 1827
3347 1844 1846 1845
3348 1845 1846 1847
3349 1848 1850 1849
3350 1851 1845 1852
3351 1849 1850 1778
3352 1779 1853 1849
3353 1854 1855 1808
3354 1854 1857 1856
3355 1858 1856 1792
3356 1856 1855 1854
3357 1859 1854 1807
3358 1855 1856 1858
3359 1856 1857 1791
3360 1860 1862 1861
3361 1861 1862 1781
3362 1863 1865 1864
3363 1863 1864 1866
3364 1867 1863 1868
3365 1863 1866 1868
3366 1806 1869 1859
3367 1859 1807 1806
3368 1870 1872 1871
3369 1873 1831 1874
3370 1875 1836 1837
3371 1836 1875 1876
3372 1875 1777 1876
3373 1877 1878 1858
3374 1877 1858 1793
3375 1793 1858 1792
3376 1775 1789 1838
3377 1879 1861 1833
3378 1833 1861 1773
3379 1861 1780 1773
3380 1880 1882 1881
3381 1663 1882 1880
3382 1880 1662 1663
3383 1883 1885 1884
3384 1883 1884 1661
3385 1886 1887 1847
3386 1847 1846 1886
3387 1860 1879 1873
3388 1873 1888 1860
3389 1879 1832 1873
3390 1883 1888 1885
3391 1859 1857 1854
3392 1868 1866 1848
3393 1853 1868 1848
3394 1848 1890 1889
3395 1868 1891 1867
3396 1891 1652 1867
3397 1888 1873 1885
3398 1845 1851 1844
3399 1844 1851 1828
3400 1851 1829 1828
3401 1663 1614 1882
3402 1614 1783 1882
3403 1859 1869 1876
3404 1869 1835 1876
3405 1892 1872 1852
3406 1892 1852 1893
3407 1872 1894 1851
3408 1851 1894 1829
3409 1894 1830 1829
3410 1846 1844 1842
3411 1842 1844 1827
3412 1844 1828 1827
3413 1893 1852 1847
3414 1847 1852 1845
3415 1892 1893 1659
3416 1660 1892 1659
3417 1895 1815 1814
3418 1815 1895 1896
3419 1894 1874 1830
3420 1889 1890 1821
3421 1895 1798 1896
3422 1889 1820 1850
3423 1848 1889 1850
3424 1820 1889 1821
3425 1897 1814 1813
3426 1814 1897 1895
3427 1897 1797 1895
3428 1884 1892 1660
3429 1898 1891 1853
3430 1868 1853 1891
3431 1898 1651 1891
3432 1872 1851 1852
3433 1843 1886 1842
3434 1879 1860 1861
3435 1899 1863 1867
3436 1900 1865 1863
3437 1899 1900 1863
3438 1621 1651 1898
3439 1805 1621 1898
3440 1887 1886 1901
3441 1902 1877 1903
3442 1903 1877 1794
3443 1887 1901 1656
3444 1657 1887 1656
3445 1878 1877 1902
3446 1878 1902 1810
3447 1893 1847 1887
3448 1658 1893 1887
3449 1858 1878 1855
3450 1855 1878 1809
3451 1658 1887 1657
3452 1904 1813 1812
3453 1859 1876 1857
3454 1857 1876 1777
3455 1813 1904 1897
3456 1904 1796 1897
3457 1819 1905 1850
3458 1905 1803 1850
3459 1870 1871 1885
3460 1881 1882 1782
3461 1873 1874 1870
3462 1879 1833 1832
3463 1906 1907 1843
3464 1907 1906 1900
3465 1825 1906 1843
3466 1891 1651 1652
3467 1908 1816 1909
3468 1898 1853 1779
3469 1800 1908 1909
3470 1865 1900 1906
3471 1772 1834 1869
3472 1772 1869 1806
3473 1824 1865 1906
3474 1871 1892 1884
3475 1857 1777 1791
3476 1901 1907 1910
3477 1655 1901 1910
3478 1856 1791 1792
3479 1910 1900 1899
3480 1870 1894 1872
3481 1855 1809 1808
3482 1654 1910 1899
3483 1825 1843 1826
3484 1854 1808 1807
3485 1864 1865 1823
3486 1910 1907 1900
3487 1886 1843 1907
3488 1901 1886 1907
3489 1873 1870 1885
3490 1885 1871 1884
3491 1818 1911 1905
3492 1911 1802 1905
3493 1817 1908 1911
3494 1908 1801 1911
3495 1888 1880 1881
3496 1894 1870 1874
3497 1892 1871 1872
3498 1777 1875 1790
3499 1782 1862 1881
3500 1899 1867 1653
3501 1862 1860 1881
3502 1862 1782 1781
3503 1822 1866 1864
3504 1846 1842 1886
3505 1876 1835 1836
3506 1809 1878 1810
3507 1912 1838 1789
3508 1838 1912 1875
3509 1912 1790 1875
3510 1904 1812 1913
3511 1795 1904 1913
3512 1873 1832 1831
3513 1661 1884 1660
3514 1888 1881 1860
3515 1662 1883 1661
3516 1880 1888 1883
3517 1662 1880 1883
3518 1790 1912 1776
3519 1912 1789 1776
3520 1795 1913 1903
3521 1811 1913 1812
3522 1913 1811 1903
3523 1822 1864 1823
3524 1659 1893 1658
3525 1874 1831 1830
3526 1796 1904 1795
3527 1797 1897 1796
3528 1798 1895 1797
3529 1903 1811 1902
3530 1903 1794 1795
3531 1875 1837 1838
3532 1823 1865 1824
3533 1896 1799 1909
3534 1815 1896 1909
3535 1799 1896 1798
3536 1835 1869 1834
3537 1909 1799 1800
3538 1909 1816 1815
3539 1908 1800 1801
3540 1908 1817 1816
3541 1824 1906 1825
3542 1898 1779 1805
3543 1911 1818 1817
3544 1911 1801 1802
3545 1810 1902 1811
3546 1656 1901 1655
3547 1861 1781 1780
3548 1653 1867 1652
3549 1905 1802 1803
3550 1905 1819 1818
3551 1782 1882 1783
3552 1850 1803 1778
3553 1850 1820 1819
3554 1655 1910 1654
3555 1654 1899 1653
3556 1877 1793 1794
3557 1779 1849 1804
3558 1890 1848 1866
3559 1822 1890 1866
3560 1890 1822 1821
3561 1804 1849 1778
3562 1848 1849 1853
2 50 2 17
3563 1632 1914 1615
3564 1633 1914 1632
3565 1914 1786 1615
3566 1914 1785 1786
3567 1914 1787 1788
3568 1914 1788 1774
3569 1785 1914 1784
3570 1784 1914 1774
3571 1787 1915 1773
3572 1781 1915 1782
3573 1915 1787 1914
3574 1915 1781 1780
3575 1633 1915 1914
3576 1915 1780 1773
3577 1783 1915 1614
3578 1915 1633 1614
3579 1782 1915 1783
2 41 2 11
3580 1839 1776 1790
3581 1841 1775 1789
3582 1671 1916 1622
3583 1916 1776 1840
3584 1841 1671 1623
3585 1916 1840 1622
3586 1790 1777 1839
3587 1840 1776 1839
3588 1916 1789 1776
3589 1789 1916 1841
3590 1916 1671 1841
2 10005 2 58
3591 1917 1919 1918
3592 1917 1918 1792
3593 1920 1805 1621
3594 1673 1920 1621
3595 1920 1673 1921
3596 1803 1920 1921
3597 1919 1622 1840
3598 1683 1622 1919
3599 1779 1805 1920
3600 1804 1779 1778
3601 1779 1920 1778
3602 1919 1839 1918
3603 1918 1839 1777
3604 1839 1919 1840
3605 1791 1918 1777
3606 1675 1923 1922
3607 1923 1801 1922
3608 1924 1677 1925
3609 1799 1924 1925
3610 1676 1924 1923
3611 1924 1800 1923
3612 1921 1674 1922
3613 1802 1921 1922
3614 1926 1798 1925
3615 1624 1926 1925
3616 1678 1927 1926
3617 1927 1797 1926
3618 1679 1928 1927
3619 1928 1796 1927
3620 1680 1929 1928
3621 1929 1795 1928
3622 1929 1681 1917
3623 1794 1929 1917
3624 1683 1919 1682
3625 1792 1918 1791
3626 1917 1681 1682
3627 1917 1793 1794
3628 1917 1682 1919
3629 1917 1792 1793
3630 1795 1929 1794
3631 1681 1929 1680
3632 1674 1921 1673
3633 1803 1921 1802
3634 1680 1928 1679
3635 1796 1928 1795
3636 1675 1922 1674
3637 1802 1922 1801
3638 1920 1803 1778
3639 1676 1923 1675
3640 1801 1923 1800
3641 1925 1798 1799
3642 1925 1677 1624
3643 1798 1926 1797
3644 1678 1926 1624
3645 1677 1924 1676
3646 1800 1924 1799
3647 1679 1927 1678
3648 1797 1927 1796
2 41 3 90
3649 2101 2102 1947 1948
3650 2089 1960 1961 2088
3651 1953 2096 2097 1952
3652 2103 2104 1945 1946
3653 2099 2100 1949 1950
3654 1930 1932 2025 2024
3655 2113 1933 1931 1936
3656 1956 2093 2094 1955
3657 2105 1944 1945 2104
3658 1951 2098 2099 1950
3659 2108 2109 1940 1941
3660 2111 2112 1937 1938
3661 1940 2109 2110 1939
3662 2106 2107 1942 1943
3663 1960 2089 2090 1959
3664 1952 2097 2098 1951
3665 1958 2091 2092 1957
3666 1957 2092 2093 1956
3667 1971 2078 2079 1970
3668 1997 2052 2053 1996
3669 1949 2100 2101 1948
3670 2017 2032 2033 2016
3671 2013 2036 2037 2012
3672 2012 2037 2038 2011
3673 2020 2029 2030 2019
3674 2022 2027 2028 2021
3675 2010 2039 2040 2009
3676 2007 2042 2043 2006
3677 2015 2034 2035 2014
3678 2031 2032 2017 2018
3679 2002 2047 2048 2001
3680 2023 2026 2027 2022
3681 1966 2083 2084 1965
3682 1992 2057 2058 1991
3683 2045 2004 2005 2044
3684 1968 2081 2082 1967
3685 1963 2086 2087 1962
3686 1955 2094 2095 1954
3687 1943 1944 2105 2106
3688 1946 1947 2102 2103
3689 2110 2111 1938 1939
3690 2107 2108 1941 1942
3691 2095 2096 1953 1954
3692 1976 2073 2074 1975
3693 1970 2079 2080 1969
3694 2072 1977 1978 2071
3695 2061 1988 1989 2060
3696 2069 1980 1981 2068
3697 1993 2056 2057 1992
3698 2009 2040 2041 2008
3699 2004 2045 2046 2003
3700 1959 2090 2091 1958
3701 2064 1985 1986 2063
3702 2021 2028 2029 2020
3703 2011 2038 2039 2010
3704 2059 1990 1991 2058
3705 2024 2025 2026 2023
3706 2001 2048 2049 2000
3707 2016 2033 2034 2015
3708 2003 2046 2047 2002
3709 2019 2030 2031 2018
3710 1973 2076 2077 1972
3711 2062 1987 1988 2061
3712 2006 2043 2044 2005
3713 2066 1983 1984 2065
3714 1994 2055 2056 1993
3715 2014 2035 2036 2013
3716 1998 2051 2052 1997
3717 1999 2050 2051 1998
3718 1975 2074 2075 1974
3719 1965 2084 2085 1964
3720 1962 2087 2088 1961
3721 1964 2085 2086 1963
3722 1967 2082 2083 1966
3723 1996 2053 2054 1995
3724 2067 1982 1983 2066
3725 2112 2113 1936 1937
3726 1977 2072 2073 1976
3727 1969 2080 2081 1968
3728 2060 1989 1990 2059
3729 2068 1981 1982 2067
3730 2000 2049 2050 1999
3731 2008 2041 2042 2007
3732 1972 2077 2078 1971
3733 1995 2054 2055 1994
3734 2070 1979 1980 2069
3735 2076 1973 1974 2075
3736 2063 1986 1987 2062
3737 2065 1984 1985 2064
3738 2071 1978 1979 2070
2 41 3 90
3739 2189 2188 2099 2100
3740 2139 2050 2051 2140
3741 2180 2091 2092 2181
3742 2107 2196 2195 2106
3743 2120 2031 2032 2121
3744 2136 2135 2046 2047
3745 2037 2126 2125 2036
3746 2115 2026 2027 2116
3747 2026 2115 2114 2025
3748 2200 2199 2110 2111
3749 2103 2192 2191 2102
3750 2112 2201 2200 2111
3751 1934 1932 2025 2114
3752 2033 2034 2123 2122
3753 2119 2118 2029 2030
3754 2131 2130 2041 2042
3755 1935 2202 2113 1933
3756 2117 2116 2027 2028
3757 2029 2118 2117 2028
3758 2042 2043 2132 2131
3759 2202 2201 2112 2113
3760 2121 2032 2033 2122
3761 2127 2126 2037 2038
3762 2046 2135 2134 2045
3763 2110 2199 2198 2109
3764 2197 2196 2107 2108
3765 2099 2188 2187 2098
3766 2106 2195 2194 2105
3767 2097 2186 2185 2096
3768 2058 2147 2146 2057
3769 2080 2169 2168 2079
3770 2101 2190 2189 2100
3771 2061 2150 2149 2060
3772 2141 2140 2051 2052
3773 2105 2194 2193 2104
3774 2160 2071 2072 2161
3775 2059 2148 2147 2058
3776 2088 2177 2176 2087
3777 2179 2090 2091 2180
3778 2159 2070 2071 2160
3779 2177 2088 2089 2178
3780 2057 2146 2145 2056
3781 2045 2134 2133 2044
3782 2151 2062 2063 2152
3783 2095 2184 2183 2094
3784 2142 2053 2054 2143
3785 2109 2198 2197 2108
3786 2079 2168 2167 2078
3787 2081 2170 2169 2080
3788 2137 2048 2049 2138
3789 2056 2145 2144 2055
3790 2098 2187 2186 2097
3791 2039 2128 2127 2038
3792 2055 2144 2143 2054
3793 2083 2172 2171 2082
3794 2155 2066 2067 2156
3795 2150 2061 2062 2151
3796 2119 2030 2031 2120
3797 2138 2049 2050 2139
3798 2087 2176 2175 2086
3799 2178 2089 2090 2179
3800 2036 2125 2124 2035
3801 2096 2185 2184 2095
3802 2093 2182 2181 2092
3803 2040 2129 2128 2039
3804 2078 2167 2166 2077
3805 2104 2193 2192 2103
3806 2136 2047 2048 2137
3807 2162 2073 2074 2163
3808 2086 2175 2174 2085
3809 2035 2124 2123 2034
3810 2044 2133 2132 2043
3811 2094 2183 2182 2093
3812 2163 2074 2075 2164
3813 2154 2065 2066 2155
3814 2041 2130 2129 2040
3815 2082 2171 2170 2081
3816 2102 2191 2190 2101
3817 2141 2052 2053 2142
3818 2085 2174 2173 2084
3819 2164 2075 2076 2165
3820 2161 2072 2073 2162
3821 2158 2069 2070 2159
3822 2152 2063 2064 2153
3823 2077 2166 2165 2076
3824 2156 2067 2068 2157
3825 2153 2064 2065 2154
3826 2060 2149 2148 2059
3827 2084 2173 2172 2083
3828 2157 2068 2069 2158
2 41 2 186
3829 2130 2129 401
3830 2116 2115 86
3831 2117 2116 87
3832 2118 2117 88
3833 2119 2118 6
3834 2120 2119 92
3835 2121 2120 13
3836 2122 2121 261
3837 2123 2122 195
3838 2124 2123 258
3839 2125 2124 257
3840 2126 2125 256
3841 2127 2126 255
3842 2128 2127 254
3843 2129 2128 400
3844 2131 2130 402
3845 2132 2131 403
3846 2133 2132 404
3847 2134 2133 352
3848 2135 2134 408
3849 2136 2135 359
3850 2137 2136 577
3851 2138 2137 511
3852 2139 2138 574
3853 2140 2139 573
3854 2141 2140 572
3855 2142 2141 571
3856 2143 2142 570
3857 2144 2143 716
3858 2145 2144 717
3859 2146 2145 718
3860 2147 2146 719
3861 2148 2147 720
3862 2149 2148 668
3863 2150 2149 724
3864 2151 2150 675
3865 2152 2151 893
3866 2153 2152 827
3867 2154 2153 890
3868 2155 2154 889
3869 2156 2155 888
3870 2157 2156 887
3871 2158 2157 886
3872 2159 2158 1032
3873 2160 2159 1033
3874 2161 2160 1034
3875 2162 2161 1035
3876 2163 2162 1036
3877 2164 2163 984
3878 2165 2164 1040
3879 2166 2165 991
3880 2167 2166 1209
3881 2168 2167 1143
3882 2169 2168 1206
3883 2170 2169 1205
3884 2171 2170 1204
3885 2172 2171 1203
3886 2173 2172 1202
3887 2174 2173 1348
3888 2175 2174 1349
3889 2176 2175 1350
3890 2177 2176 1351
3891 2178 2177 1352
3892 2179 2178 1300
3893 2180 2179 1356
3894 2181 2180 1307
3895 2182 2181 1525
3896 2183 2182 1459
3897 2184 2183 1522
3898 2185 2184 1521
3899 2186 2185 1520
3900 2187 2186 1519
3901 2188 2187 1518
3902 2189 2188 1664
3903 2190 2189 1665
3904 2191 2190 1666
3905 2192 2191 1667
3906 2193 2192 1668
3907 2194 2193 1616
3908 2195 2194 1672
3909 2196 2195 1623
3910 2197 2196 1841
3911 2198 2197 1775
3912 2199 2198 1838
3913 2200 2199 1837
3914 2201 2200 1836
3915 2202 2201 1835
3916 1935 2202 1834
3917 1841 1775 2197
3918 2115 2114 85
3919 2114 1934 84
3920 1 84 1934
3921 84 85 2114
3922 85 86 2115
3923 86 87 2116
3924 87 88 2117
3925 88 6 2118
3926 6 92 2119
3927 92 13 2120
3928 13 261 2121
3929 261 195 2122
3930 195 258 2123
3931 258 257 2124
3932 257 256 2125
3933 256 255 2126
3934 255 254 2127
3935 254 192 2128
3936 192 400 2128
3937 400 401 2129
3938 401 402 2130
3939 402 403 2131
3940 403 404 2132
3941 404 352 2133
3942 352 408 2134
3943 408 359 2135
3944 359 577 2136
3945 577 511 2137
3946 511 574 2138
3947 574 573 2139
3948 573 572 2140
3949 572 571 2141
3950 571 570 2142
3951 570 508 2143
3952 508 716 2143
3953 716 717 2144
3954 717 718 2145
3955 718 719 2146
3956 719 720 2147
3957 720 668 2148
3958 668 724 2149
3959 724 675 2150
3960 675 893 2151
3961 893 827 2152
3962 827 890 2153
3963 890 889 2154
3964 889 888 2155
3965 888 887 2156
3966 887 886 2157
3967 886 824 2158
3968 824 1032 2158
3969 1032 1033 2159
3970 1033 1034 2160
3971 1034 1035 2161
3972 1035 1036 2162
3973 1036 984 2163
3974 984 1040 2164
3975 1040 991 2165
3976 991 1209 2166
3977 1209 1143 2167
3978 1143 1206 2168
3979 1206 1205 2169
3980 1205 1204 2170
3981 1204 1203 2171
3982 1203 1202 2172
3983 1202 1140 2173
3984 1140 1348 2173
3985 1348 1349 2174
3986 1349 1350 2175
3987 1350 1351 2176
3988 1351 1352 2177
3989 1352 1300 2178
3990 1300 1356 2179
3991 1356 1307 2180
3992 1307 1525 2181
3993 1525 1459 2182
3994 1459 1522 2183
3995 1522 1521 2184
3996 1521 1520 2185
3997 1520 1519 2186
3998 1519 1518 2187
3999 1518 1456 2188
4000 1456 1664 2188
4001 1664 1665 2189
4002 1665 1666 2190
4003 1666 1667 2191
4004 1667 1668 2192
4005 1668 1616 2193
4006 1616 1672 2194
4007 1672 1623 2195
4008 1623 1841 2196
4009 1775 1838 2198
4010 1838 1837 2199
4011 1837 1836 2200
4012 1836 1835 2201
4013 1835 1834 2202
4014 1935 1834 1772
$EndElements
