$MeshFormat
4.1 0 8
$EndMeshFormat
$PhysicalNames
8
0 99 "slide_point"
2 20 "rotor"
2 40 "air"
2 30 "shaft"
2 50 "outair"
2 600000 "hole_0"
2 50000 "magnet_0_0_0"
2 50001 "magnet_1_0_0"
$EndPhysicalNames
$Entities
1 0 7 0
99 0.080575 0.0 0.0 1 99
20 0 0 0 1 1 1 1 20 0
30 0 0 0 1 1 1 1 30 0
40 0 0 0 1 1 1 1 40 0
50 0 0 0 1 1 1 1 50 0
50000 0 0 0 1 1 1 1 50000 0
50001 0 0 0 1 1 1 1 50001 0
600000 0 0 0 1 1 1 1 600000 0
$EndEntities
$Nodes
2 1503 1 1503
0 99 0 1
1231
8.0574999999999994e-02 0.0000000000000000e+00 0.0000000000000000e+00
2 1 0 1502
1
2
3
4
5
6
7
8
9
10
11
12
13
14
15
16
17
18
19
20
21
22
23
24
25
26
27
28
29
30
31
32
33
34
35
36
37
38
39
40
41
42
43
44
45
46
47
48
49
50
51
52
53
54
55
56
57
58
59
60
61
62
63
64
65
66
67
68
69
70
71
72
73
74
75
76
77
78
79
80
81
82
83
84
85
86
87
88
89
90
91
92
93
94
95
96
97
98
99
100
101
102
103
104
105
106
107
108
109
110
111
112
113
114
115
116
117
118
119
120
121
122
123
124
125
126
127
128
129
130
131
132
133
134
135
136
137
138
139
140
141
142
143
144
145
146
147
148
149
150
151
152
153
154
155
156
157
158
159
160
161
162
163
164
165
166
167
168
169
170
171
172
173
174
175
176
177
178
179
180
181
182
183
184
185
186
187
188
189
190
191
192
193
194
195
196
197
198
199
200
201
202
203
204
205
206
207
208
209
210
211
212
213
214
215
216
217
218
219
220
221
222
223
224
225
226
227
228
229
230
231
232
233
234
235
236
237
238
239
240
241
242
243
244
245
246
247
248
249
250
251
252
253
254
255
256
257
258
259
260
261
262
263
264
265
266
267
268
269
270
271
272
273
274
275
276
277
278
279
280
281
282
283
284
285
286
287
288
289
290
291
292
293
294
295
296
297
298
299
300
301
302
303
304
305
306
307
308
309
310
311
312
313
314
315
316
317
318
319
320
321
322
323
324
325
326
327
328
329
330
331
332
333
334
335
336
337
338
339
340
341
342
343
344
345
346
347
348
349
350
351
352
353
354
355
356
357
358
359
360
361
362
363
364
365
366
367
368
369
370
371
372
373
374
375
376
377
378
379
380
381
382
383
384
385
386
387
388
389
390
391
392
393
394
395
396
397
398
399
400
401
402
403
404
405
406
407
408
409
410
411
412
413
414
415
416
417
418
419
420
421
422
423
424
425
426
427
428
429
430
431
432
433
434
435
436
437
438
439
440
441
442
443
444
445
446
447
448
449
450
451
452
453
454
455
456
457
458
459
460
461
462
463
464
465
466
467
468
469
470
471
472
473
474
475
476
477
478
479
480
481
482
483
484
485
486
487
488
489
490
491
492
493
494
495
496
497
498
499
500
501
502
503
504
505
506
507
508
509
510
511
512
513
514
515
516
517
518
519
520
521
522
523
524
525
526
527
528
529
530
531
532
533
534
535
536
537
538
539
540
541
542
543
544
545
546
547
548
549
550
551
552
553
554
555
556
557
558
559
560
561
562
563
564
565
566
567
568
569
570
571
572
573
574
575
576
577
578
579
580
581
582
583
584
585
586
587
588
589
590
591
592
593
594
595
596
597
598
599
600
601
602
603
604
605
606
607
608
609
610
611
612
613
614
615
616
617
618
619
620
621
622
623
624
625
626
627
628
629
630
631
632
633
634
635
636
637
638
639
640
641
642
643
644
645
646
647
648
649
650
651
652
653
654
655
656
657
658
659
660
661
662
663
664
665
666
667
668
669
670
671
672
673
674
675
676
677
678
679
680
681
682
683
684
685
686
687
688
689
690
691
692
693
694
695
696
697
698
699
700
701
702
703
704
705
706
707
708
709
710
711
712
713
714
715
716
717
718
719
720
721
722
723
724
725
726
727
728
729
730
731
732
733
734
735
736
737
738
739
740
741
742
743
744
745
746
747
748
749
750
751
752
753
754
755
756
757
758
759
760
761
762
763
764
765
766
767
768
769
770
771
772
773
774
775
776
777
778
779
780
781
782
783
784
785
786
787
788
789
790
791
792
793
794
795
796
797
798
799
800
801
802
803
804
805
806
807
808
809
810
811
812
813
814
815
816
817
818
819
820
821
822
823
824
825
826
827
828
829
830
831
832
833
834
835
836
837
838
839
840
841
842
843
844
845
846
847
848
849
850
851
852
853
854
855
856
857
858
859
860
861
862
863
864
865
866
867
868
869
870
871
872
873
874
875
876
877
878
879
880
881
882
883
884
885
886
887
888
889
890
891
892
893
894
895
896
897
898
899
900
901
902
903
904
905
906
907
908
909
910
911
912
913
914
915
916
917
918
919
920
921
922
923
924
925
926
927
928
929
930
931
932
933
934
935
936
937
938
939
940
941
942
943
944
945
946
947
948
949
950
951
952
953
954
955
956
957
958
959
960
961
962
963
964
965
966
967
968
969
970
971
972
973
974
975
976
977
978
979
980
981
982
983
984
985
986
987
988
989
990
991
992
993
994
995
996
997
998
999
1000
1001
1002
1003
1004
1005
1006
1007
1008
1009
1010
1011
1012
1013
1014
1015
1016
1017
1018
1019
1020
1021
1022
1023
1024
1025
1026
1027
1028
1029
1030
1031
1032
1033
1034
1035
1036
1037
1038
1039
1040
1041
1042
1043
1044
1045
1046
1047
1048
1049
1050
1051
1052
1053
1054
1055
1056
1057
1058
1059
1060
1061
1062
1063
1064
1065
1066
1067
1068
1069
1070
1071
1072
1073
1074
1075
1076
1077
1078
1079
1080
1081
1082
1083
1084
1085
1086
1087
1088
1089
1090
1091
1092
1093
1094
1095
1096
1097
1098
1099
1100
1101
1102
1103
1104
1105
1106
1107
1108
1109
1110
1111
1112
1113
1114
1115
1116
1117
1118
1119
1120
1121
1122
1123
1124
1125
1126
1127
1128
1129
1130
1131
1132
1133
1134
1135
1136
1137
1138
1139
1140
1141
1142
1143
1144
1145
1146
1147
1148
1149
1150
1151
1152
1153
1154
1155
1156
1157
1158
1159
1160
1161
1162
1163
1164
1165
1166
1167
1168
1169
1170
1171
1172
1173
1174
1175
1176
1177
1178
1179
1180
1181
1182
1183
1184
1185
1186
1187
1188
1189
1190
1191
1192
1193
1194
1195
1196
1197
1198
1199
1200
1201
1202
1203
1204
1205
1206
1207
1208
1209
1210
1211
1212
1213
1214
1215
1216
1217
1218
1219
1220
1221
1222
1223
1224
1225
1226
1227
1228
1229
1230
1232
1233
1234
1235
1236
1237
1238
1239
1240
1241
1242
1243
1244
1245
1246
1247
1248
1249
1250
1251
1252
1253
1254
1255
1256
1257
1258
1259
1260
1261
1262
1263
1264
1265
1266
1267
1268
1269
1270
1271
1272
1273
1274
1275
1276
1277
1278
1279
1280
1281
1282
1283
1284
1285
1286
1287
1288
1289
1290
1291
1292
1293
1294
1295
1296
1297
1298
1299
1300
1301
1302
1303
1304
1305
1306
1307
1308
1309
1310
1311
1312
1313
1314
1315
1316
1317
1318
1319
1320
1321
1322
1323
1324
1325
1326
1327
1328
1329
1330
1331
1332
1333
1334
1335
1336
1337
1338
1339
1340
1341
1342
1343
1344
1345
1346
1347
1348
1349
1350
1351
1352
1353
1354
1355
1356
1357
1358
1359
1360
1361
1362
1363
1364
1365
1366
1367
1368
1369
1370
1371
1372
1373
1374
1375
1376
1377
1378
1379
1380
1381
1382
1383
1384
1385
1386
1387
1388
1389
1390
1391
1392
1393
1394
1395
1396
1397
1398
1399
1400
1401
1402
1403
1404
1405
1406
1407
1408
1409
1410
1411
1412
1413
1414
1415
1416
1417
1418
1419
1420
1421
1422
1423
1424
1425
1426
1427
1428
1429
1430
1431
1432
1433
1434
1435
1436
1437
1438
1439
1440
1441
1442
1443
1444
1445
1446
1447
1448
1449
1450
1451
1452
1453
1454
1455
1456
1457
1458
1459
1460
1461
1462
1463
1464
1465
1466
1467
1468
1469
1470
1471
1472
1473
1474
1475
1476
1477
1478
1479
1480
1481
1482
1483
1484
1485
1486
1487
1488
1489
1490
1491
1492
1493
1494
1495
1496
1497
1498
1499
1500
1501
1502
1503
8.0199999999999994e-02 0.0000000000000000e+00 0.0000000000000000e+00
7.4095138507405192e-02 3.0691211275680200e-02 0.0000000000000000e+00
4.4999999999999998e-02 0.0000000000000000e+00 0.0000000000000000e+00
4.1574578963007897e-02 1.7220754456429042e-02 0.0000000000000000e+00
2.9999999999999999e-02 0.0000000000000000e+00 0.0000000000000000e+00
2.7716385975338601e-02 1.1480502970952690e-02 0.0000000000000000e+00
7.4404386095968167e-02 6.5110940188500589e-03 0.0000000000000000e+00
5.6063619511295487e-02 1.7920576088013160e-02 0.0000000000000000e+00
5.8493416618617261e-02 2.1826480082897150e-02 0.0000000000000000e+00
7.6834183203289941e-02 1.0416998013734059e-02 0.0000000000000000e+00
8.0196805845578936e-02 7.1577382357480141e-04 0.0000000000000000e+00
8.0187223636745256e-02 1.4314906323834519e-03 0.0000000000000000e+00
8.0171254136767151e-02 2.1470934162012758e-03 0.0000000000000000e+00
8.0148898617690728e-02 2.8625251738862382e-03 0.0000000000000000e+00
8.0120158860238683e-02 3.5777289179193062e-03 0.0000000000000000e+00
8.0085037153668451e-02 4.2926476789439177e-03 0.0000000000000000e+00
8.0043536295589870e-02 5.0072245103036477e-03 0.0000000000000000e+00
7.9995659591742319e-02 5.7214024925784186e-03 0.0000000000000000e+00
7.9941410855731435e-02 6.4351247381183724e-03 0.0000000000000000e+00
7.9880794408725281e-02 7.1483343955752237e-03 0.0000000000000000e+00
7.9813815079110187e-02 7.8609746544307593e-03 0.0000000000000000e+00
7.9740478202106155e-02 8.5729887495220470e-03 0.0000000000000000e+00
7.9660789619341879e-02 9.2843199655630280e-03 0.0000000000000000e+00
7.9574755678389383e-02 9.9949116416622862e-03 0.0000000000000000e+00
7.9482383232258466e-02 1.0704707175836150e-02 0.0000000000000000e+00
7.9383679638850804e-02 1.1413650029517450e-02 0.0000000000000000e+00
7.9278652760373866e-02 1.2121683732059050e-02 0.0000000000000000e+00
7.9167310962714635e-02 1.2828751885231981e-02 0.0000000000000000e+00
7.9049663114773239e-02 1.3534798167717859e-02 0.0000000000000000e+00
7.8925718587756502e-02 1.4239766339595120e-02 0.0000000000000000e+00
7.8795487254431501e-02 1.4943600246818810e-02 0.0000000000000000e+00
7.8658979488339081e-02 1.5646243825693459e-02 0.0000000000000000e+00
7.8516206162967644e-02 1.6347641107338998e-02 0.0000000000000000e+00
7.8367178650886993e-02 1.7047736222148710e-02 0.0000000000000000e+00
7.8211908822842416e-02 1.7746473404239640e-02 0.0000000000000000e+00
7.8050409046809155e-02 1.8443796995894601e-02 0.0000000000000000e+00
7.7882692187007260e-02 1.9139651451995570e-02 0.0000000000000000e+00
7.7708771602876883e-02 1.9833981344448082e-02 0.0000000000000000e+00
7.7528661148014072e-02 2.0526731366596381e-02 0.0000000000000000e+00
7.7342375169067362e-02 2.1217846337628871e-02 0.0000000000000000e+00
7.7149928504594942e-02 2.1907271206973469e-02 0.0000000000000000e+00
7.6951336483882679e-02 2.2594951058682668e-02 0.0000000000000000e+00
7.6746614925723142e-02 2.3280831115807900e-02 0.0000000000000000e+00
7.6535780137155465e-02 2.3964856744762678e-02 0.0000000000000000e+00
7.6318848912166490e-02 2.4646973459674551e-02 0.0000000000000000e+00
7.6095838530353024e-02 2.5327126926725022e-02 0.0000000000000000e+00
7.5866766755545392e-02 2.6005262968477570e-02 0.0000000000000000e+00
7.5631651834392549e-02 2.6681327568193199e-02 0.0000000000000000e+00
7.5390512494908551e-02 2.7355266874132970e-02 0.0000000000000000e+00
7.5143367944980888e-02 2.8027027203847692e-02 0.0000000000000000e+00
7.4890237870840384e-02 2.8696555048453871e-02 0.0000000000000000e+00
7.4631142435493181e-02 2.9363797076896039e-02 0.0000000000000000e+00
7.4366102277114585e-02 3.0028700140194750e-02 0.0000000000000000e+00
4.4982298187237382e-02 1.2620815324140870e-03 0.0000000000000000e+00
4.4929206675801747e-02 2.5231701256736251e-03 0.0000000000000000e+00
4.4840767235292872e-02 3.7822736218161238e-03 0.0000000000000000e+00
4.4717049445195917e-02 5.0384014246488478e-03 0.0000000000000000e+00
4.4558150640140050e-02 6.2905652790974610e-03 0.0000000000000000e+00
4.4364195833320623e-02 7.5377800487131316e-03 0.0000000000000000e+00
4.4135337618145372e-02 8.7790644907257565e-03 0.0000000000000000e+00
4.3871756048182060e-02 1.0013442028034140e-02 0.0000000000000000e+00
4.3573658495501773e-02 1.1239941517525210e-02 0.0000000000000000e+00
4.3241279487529483e-02 1.2457598014118221e-02 0.0000000000000000e+00
4.2874880522530329e-02 1.3665453529932660e-02 0.0000000000000000e+00
4.2474749863876532e-02 1.4862557787982530e-02 0.0000000000000000e+00
4.2041202313256990e-02 1.6047968969804090e-02 0.0000000000000000e+00
2.9855541800165909e-02 2.9405142098868041e-03 0.0000000000000000e+00
2.9423558412096911e-02 5.8527096604838371e-03 0.0000000000000000e+00
2.8708210071966261e-02 8.7085403176338765e-03 0.0000000000000000e+00
3.3750000000000009e-02 0.0000000000000000e+00 0.0000000000000000e+00
3.7500000000000033e-02 0.0000000000000000e+00 0.0000000000000000e+00
4.1250000000000009e-02 0.0000000000000000e+00 0.0000000000000000e+00
3.8110030716090558e-02 1.5785691585059949e-02 0.0000000000000000e+00
3.4645482469173233e-02 1.4350628713690861e-02 0.0000000000000000e+00
3.1180934222255919e-02 1.2915565842321780e-02 0.0000000000000000e+00
5.8007457197152910e-02 2.1045299283920349e-02 0.0000000000000000e+00
5.7521497775688560e-02 2.0264118484943559e-02 0.0000000000000000e+00
5.7035538354224202e-02 1.9482937685966761e-02 0.0000000000000000e+00
5.6549578932759852e-02 1.8701756886989961e-02 0.0000000000000000e+00
5.6897290719689707e-02 1.7401963266687560e-02 0.0000000000000000e+00
5.7730961928083920e-02 1.6883350445361961e-02 0.0000000000000000e+00
5.8564633136478132e-02 1.6364737624036368e-02 0.0000000000000000e+00
5.9398304344872352e-02 1.5846124802710769e-02 0.0000000000000000e+00
6.0231975553266558e-02 1.5327511981385170e-02 0.0000000000000000e+00
6.1065646761660777e-02 1.4808899160059581e-02 0.0000000000000000e+00
6.1899317970054997e-02 1.4290286338733979e-02 0.0000000000000000e+00
6.2732989178449217e-02 1.3771673517408380e-02 0.0000000000000000e+00
6.3566660386843415e-02 1.3253060696082789e-02 0.0000000000000000e+00
6.4400331595237628e-02 1.2734447874757190e-02 0.0000000000000000e+00
6.5234002803631841e-02 1.2215835053431601e-02 0.0000000000000000e+00
6.6067674012026054e-02 1.1697222232106000e-02 0.0000000000000000e+00
6.6901345220420266e-02 1.1178609410780410e-02 0.0000000000000000e+00
6.7735016428814479e-02 1.0659996589454820e-02 0.0000000000000000e+00
6.8568687637208692e-02 1.0141383768129220e-02 0.0000000000000000e+00
6.9402358845602904e-02 9.6227709468036261e-03 0.0000000000000000e+00
7.0236030053997117e-02 9.1041581254780318e-03 0.0000000000000000e+00
7.1069701262391316e-02 8.5855453041524359e-03 0.0000000000000000e+00
7.1903372470785543e-02 8.0669324828268416e-03 0.0000000000000000e+00
7.2737043679179741e-02 7.5483196615012457e-03 0.0000000000000000e+00
7.3570714887573954e-02 7.0297068401756532e-03 0.0000000000000000e+00
7.4890345517432524e-02 7.2922748178268562e-03 0.0000000000000000e+00
7.5376304938896868e-02 8.0734556168036535e-03 0.0000000000000000e+00
7.5862264360361226e-02 8.8546364157804543e-03 0.0000000000000000e+00
7.6348223781825583e-02 9.6358172147572550e-03 0.0000000000000000e+00
7.6000511994895728e-02 1.0935610835059650e-02 0.0000000000000000e+00
7.5166840786501515e-02 1.1454223656385249e-02 0.0000000000000000e+00
7.4333169578107303e-02 1.1972836477710840e-02 0.0000000000000000e+00
7.3499498369713090e-02 1.2491449299036440e-02 0.0000000000000000e+00
7.2665827161318863e-02 1.3010062120362041e-02 0.0000000000000000e+00
7.1832155952924651e-02 1.3528674941687630e-02 0.0000000000000000e+00
7.0998484744530438e-02 1.4047287763013229e-02 0.0000000000000000e+00
7.0164813536136225e-02 1.4565900584338830e-02 0.0000000000000000e+00
6.9331142327742012e-02 1.5084513405664420e-02 0.0000000000000000e+00
6.8497471119347800e-02 1.5603126226990021e-02 0.0000000000000000e+00
6.7663799910953587e-02 1.6121739048315611e-02 0.0000000000000000e+00
6.6830128702559374e-02 1.6640351869641211e-02 0.0000000000000000e+00
6.5996457494165162e-02 1.7158964690966800e-02 0.0000000000000000e+00
6.5162786285770949e-02 1.7677577512292399e-02 0.0000000000000000e+00
6.4329115077376736e-02 1.8196190333617988e-02 0.0000000000000000e+00
6.3495443868982523e-02 1.8714803154943581e-02 0.0000000000000000e+00
6.2661772660588311e-02 1.9233415976269180e-02 0.0000000000000000e+00
6.1828101452194098e-02 1.9752028797594769e-02 0.0000000000000000e+00
6.0994430243799899e-02 2.0270641618920369e-02 0.0000000000000000e+00
6.0160759035405693e-02 2.0789254440245961e-02 0.0000000000000000e+00
5.9327087827011467e-02 2.1307867261571561e-02 0.0000000000000000e+00
7.9404589947460621e-02 0.0000000000000000e+00 0.0000000000000000e+00
7.8451072820666157e-02 0.0000000000000000e+00 0.0000000000000000e+00
7.7490545912469053e-02 0.0000000000000000e+00 0.0000000000000000e+00
7.6497339012762719e-02 0.0000000000000000e+00 0.0000000000000000e+00
7.5293560283625993e-02 0.0000000000000000e+00 0.0000000000000000e+00
7.3633117961006689e-02 0.0000000000000000e+00 0.0000000000000000e+00
7.1726658493629664e-02 0.0000000000000000e+00 0.0000000000000000e+00
6.9817611458370399e-02 0.0000000000000000e+00 0.0000000000000000e+00
6.7908564423111148e-02 0.0000000000000000e+00 0.0000000000000000e+00
6.5999517387851883e-02 0.0000000000000000e+00 0.0000000000000000e+00
6.4090470352592632e-02 0.0000000000000000e+00 0.0000000000000000e+00
6.2181423317333347e-02 0.0000000000000000e+00 0.0000000000000000e+00
6.0272376282074089e-02 0.0000000000000000e+00 0.0000000000000000e+00
5.8363329246814817e-02 0.0000000000000000e+00 0.0000000000000000e+00
5.6454282211555559e-02 0.0000000000000000e+00 0.0000000000000000e+00
5.4545235176296288e-02 0.0000000000000000e+00 0.0000000000000000e+00
5.2636188141037030e-02 0.0000000000000000e+00 0.0000000000000000e+00
5.0727141105777779e-02 0.0000000000000000e+00 0.0000000000000000e+00
4.8818094070518528e-02 0.0000000000000000e+00 0.0000000000000000e+00
4.6909047035259263e-02 0.0000000000000000e+00 0.0000000000000000e+00
7.3360275439910347e-02 3.0386821026636739e-02 0.0000000000000000e+00
7.2479340482565963e-02 3.0021925819736131e-02 0.0000000000000000e+00
7.1591929331656312e-02 2.9654348085628231e-02 0.0000000000000000e+00
7.0674325805468646e-02 2.9274264260199929e-02 0.0000000000000000e+00
6.9562179275946767e-02 2.8813598084325799e-02 0.0000000000000000e+00
6.8028130599163295e-02 2.8178174317061579e-02 0.0000000000000000e+00
6.6266791717691287e-02 2.7448603864420822e-02 0.0000000000000000e+00
6.4503062235213918e-02 2.6718043192421409e-02 0.0000000000000000e+00
6.2739332752736535e-02 2.5987482520422000e-02 0.0000000000000000e+00
6.0975603270259152e-02 2.5256921848422591e-02 0.0000000000000000e+00
5.9211873787781769e-02 2.4526361176423171e-02 0.0000000000000000e+00
5.7448144305304379e-02 2.3795800504423759e-02 0.0000000000000000e+00
5.5684414822826989e-02 2.3065239832424349e-02 0.0000000000000000e+00
5.3920685340349599e-02 2.2334679160424930e-02 0.0000000000000000e+00
5.2156955857872209e-02 2.1604118488425510e-02 0.0000000000000000e+00
5.0393226375394819e-02 2.0873557816426101e-02 0.0000000000000000e+00
4.8629496892917429e-02 2.0142997144426689e-02 0.0000000000000000e+00
4.6865767410440053e-02 1.9412436472427280e-02 0.0000000000000000e+00
4.5102037927962683e-02 1.8681875800427870e-02 0.0000000000000000e+00
4.3338308445485287e-02 1.7951315128428451e-02 0.0000000000000000e+00
4.5800013770509990e-02 3.6621325335770608e-03 0.0000000000000000e+00
4.6466020444137363e-02 5.3073913830835118e-03 0.0000000000000000e+00
7.2705885850540858e-02 5.6457453922461138e-03 0.0000000000000000e+00
7.4553560794437784e-02 5.2136041274727478e-03 0.0000000000000000e+00
4.9741610718561993e-02 6.7732985159735118e-03 0.0000000000000000e+00
4.7842955509697353e-02 6.7290848773576984e-03 0.0000000000000000e+00
4.8341239479392152e-02 8.1033618437153475e-03 0.0000000000000000e+00
4.8528582280129948e-02 5.1155606652217188e-03 0.0000000000000000e+00
5.1735255094834988e-02 1.5375750705848790e-02 0.0000000000000000e+00
5.2792141324355189e-02 1.6692345522687391e-02 0.0000000000000000e+00
5.3489063279806591e-02 1.4583257760813579e-02 0.0000000000000000e+00
5.4750383085291829e-02 1.5817109853062439e-02 0.0000000000000000e+00
5.7109830877409513e-02 3.5498412194616270e-03 0.0000000000000000e+00
5.6776864943584193e-02 5.0038858253232147e-03 0.0000000000000000e+00
5.8385910213292563e-02 4.6649203827188509e-03 0.0000000000000000e+00
5.7643380915188530e-02 6.2876016626612578e-03 0.0000000000000000e+00
7.1273520884804903e-02 4.8481275797581354e-03 0.0000000000000000e+00
7.1195294266921588e-02 6.9694977500494148e-03 0.0000000000000000e+00
5.1901677821472647e-02 5.7171285221578596e-03 0.0000000000000000e+00
5.0100053148946923e-02 4.9368796330677787e-03 0.0000000000000000e+00
7.7319131051919288e-02 8.0711443784964032e-03 0.0000000000000000e+00
7.7005138424793868e-02 8.9369307504894649e-03 0.0000000000000000e+00
7.7893843400355156e-02 8.6424432211858141e-03 0.0000000000000000e+00
7.8051558513986541e-02 9.5362005505188786e-03 0.0000000000000000e+00
4.5336636368279490e-02 7.7894328499257008e-03 0.0000000000000000e+00
4.6245650459197478e-02 6.8313298812740404e-03 0.0000000000000000e+00
5.1789074637471642e-02 1.8399387760458449e-02 0.0000000000000000e+00
5.3331808784584669e-02 1.8751076098008780e-02 0.0000000000000000e+00
6.3175431947769450e-02 7.3449123709611727e-03 0.0000000000000000e+00
6.1877620554931442e-02 8.6618773290253644e-03 0.0000000000000000e+00
6.3641132451936477e-02 9.6345007820474449e-03 0.0000000000000000e+00
6.1487910229045151e-02 6.4819068390550077e-03 0.0000000000000000e+00
4.8204710317852353e-02 1.7933573779390000e-03 0.0000000000000000e+00
5.0083139143690142e-02 1.7372740262160209e-03 0.0000000000000000e+00
6.1840061926685723e-02 2.3582766844731720e-02 0.0000000000000000e+00
6.4291368028520507e-02 2.4071082717324461e-02 0.0000000000000000e+00
6.3059486531979389e-02 2.2370067260660469e-02 0.0000000000000000e+00
6.4280759306142146e-02 2.1962638964912670e-02 0.0000000000000000e+00
6.7316850274353607e-02 5.7344158191606886e-03 0.0000000000000000e+00
6.5929414993705818e-02 6.4581522945392246e-03 0.0000000000000000e+00
6.7736920901042719e-02 7.3098033144097518e-03 0.0000000000000000e+00
6.6433408471519920e-02 4.7446845216991204e-03 0.0000000000000000e+00
7.4334849619338630e-02 1.1503100931627970e-03 0.0000000000000000e+00
7.2591762726078535e-02 1.2771486872648770e-03 0.0000000000000000e+00
7.3554780550389554e-02 2.5736597302628769e-03 0.0000000000000000e+00
4.6208627695727998e-02 1.8240397112320550e-03 0.0000000000000000e+00
7.1822603567053278e-02 2.7344500631410699e-03 0.0000000000000000e+00
7.2927189900981890e-02 4.1580643053913853e-03 0.0000000000000000e+00
5.8751795688082593e-02 2.3001507542442640e-02 0.0000000000000000e+00
5.7144765630261392e-02 2.1871129635638170e-02 0.0000000000000000e+00
5.5230549886564180e-02 2.1718681626921109e-02 0.0000000000000000e+00
5.6020848715578567e-02 2.0251909671152288e-02 0.0000000000000000e+00
4.5823709352555447e-02 9.2722659933316322e-03 0.0000000000000000e+00
5.3390518396307353e-02 3.8574527067963861e-03 0.0000000000000000e+00
5.1632819884850668e-02 3.5994832844858681e-03 0.0000000000000000e+00
5.4867025549875562e-02 1.9070174661083551e-02 0.0000000000000000e+00
7.7177760140124313e-02 1.9509292887780472e-02 0.0000000000000000e+00
7.6819436132573166e-02 2.0331460497992119e-02 0.0000000000000000e+00
7.8327951908210056e-02 1.2999474849301930e-02 0.0000000000000000e+00
7.8157969921979584e-02 1.3862408774828579e-02 0.0000000000000000e+00
6.6272985435229859e-02 2.9656556271898012e-03 0.0000000000000000e+00
6.7024628146659840e-02 1.1788890472747820e-03 0.0000000000000000e+00
6.5094095160562110e-02 1.3993806703987790e-03 0.0000000000000000e+00
5.3880687010358738e-02 5.7142616399401070e-03 0.0000000000000000e+00
6.4034319146465471e-02 2.9465471866642651e-03 0.0000000000000000e+00
6.3142650494572988e-02 1.3051921612638219e-03 0.0000000000000000e+00
4.3955863368694358e-02 1.4785712748524450e-02 0.0000000000000000e+00
7.0212715785979374e-02 2.5438189217037301e-02 0.0000000000000000e+00
6.8261970618818918e-02 2.6397031408879671e-02 0.0000000000000000e+00
6.9920710630120578e-02 2.7392025192104090e-02 0.0000000000000000e+00
7.6500420168712613e-02 4.8822154055491729e-03 0.0000000000000000e+00
7.5637090468279405e-02 4.4439938851625364e-03 0.0000000000000000e+00
7.6048822935027793e-02 5.4891694862501889e-03 0.0000000000000000e+00
6.2125484778385483e-02 2.9977911058897458e-03 0.0000000000000000e+00
6.1292066979411211e-02 1.4173194133232860e-03 0.0000000000000000e+00
6.4987286824933557e-02 2.0391520003879789e-02 0.0000000000000000e+00
6.5545649657747354e-02 1.8764594727618860e-02 0.0000000000000000e+00
6.4050407058056244e-02 1.9354972036940619e-02 0.0000000000000000e+00
7.7227481242680626e-02 1.6268400040645919e-02 0.0000000000000000e+00
7.7230613474881443e-02 1.5325250986676630e-02 0.0000000000000000e+00
7.6627595343855687e-02 1.5727961609080580e-02 0.0000000000000000e+00
4.6250715420849367e-02 1.2805627299132391e-02 0.0000000000000000e+00
4.7541247756535378e-02 1.1551871356789700e-02 0.0000000000000000e+00
4.6059452398553323e-02 1.0990559840655469e-02 0.0000000000000000e+00
4.8323162263766942e-02 1.2802002477198050e-02 0.0000000000000000e+00
6.4923891686855570e-02 7.9847067267006626e-03 0.0000000000000000e+00
5.6548501730462858e-02 1.5458896713421100e-02 0.0000000000000000e+00
5.5780479705318950e-02 1.6810289760087610e-02 0.0000000000000000e+00
6.4768151977101368e-02 1.1306481006548720e-02 0.0000000000000000e+00
6.6050896854827873e-02 9.9751434876060169e-03 0.0000000000000000e+00
7.7022402987959565e-02 1.8707838020776558e-02 0.0000000000000000e+00
7.7381955685014853e-02 1.7790738518672931e-02 0.0000000000000000e+00
7.6341011295265812e-02 1.7831527403798359e-02 0.0000000000000000e+00
4.6852350466618911e-02 8.0551598819522015e-03 0.0000000000000000e+00
4.7719128056303399e-02 9.7096206173832855e-03 0.0000000000000000e+00
4.9687912491669317e-02 8.8902890142614158e-03 0.0000000000000000e+00
5.1610703360955988e-02 8.0842188008269974e-03 0.0000000000000000e+00
7.5867494780776271e-02 1.8706325759290841e-02 0.0000000000000000e+00
7.6455497780719278e-02 1.9533533128003169e-02 0.0000000000000000e+00
6.1710311308838237e-02 1.0566140841916189e-02 0.0000000000000000e+00
5.9998041219042807e-02 9.4619732305829471e-03 0.0000000000000000e+00
6.1724873149691023e-02 1.2288526514783351e-02 0.0000000000000000e+00
6.3214874141851660e-02 1.1581736609798519e-02 0.0000000000000000e+00
5.0173264754755850e-02 1.2901153442284770e-02 0.0000000000000000e+00
5.1409308171957137e-02 1.1449603091017431e-02 0.0000000000000000e+00
4.9418145341458587e-02 1.0969405464219440e-02 0.0000000000000000e+00
5.2116516253935263e-02 1.3314311182633201e-02 0.0000000000000000e+00
7.4899318790858940e-02 1.8991400277972220e-02 0.0000000000000000e+00
7.4407158260558312e-02 1.9682316159187321e-02 0.0000000000000000e+00
7.5487762428459143e-02 1.9630056320496740e-02 0.0000000000000000e+00
7.3921951568242730e-02 1.8619859520834680e-02 0.0000000000000000e+00
7.6088873118658293e-02 2.0258898163336231e-02 0.0000000000000000e+00
7.5511474390640071e-02 2.3870923900242369e-02 0.0000000000000000e+00
7.6002335950051028e-02 2.3401289388266581e-02 0.0000000000000000e+00
7.5344097618851677e-02 2.3087967839862771e-02 0.0000000000000000e+00
7.4449973369223446e-02 2.4751567494900609e-02 0.0000000000000000e+00
7.4069862789360869e-02 2.5580992018018819e-02 0.0000000000000000e+00
7.5159439774156123e-02 2.5250604436503610e-02 0.0000000000000000e+00
6.0175310819948688e-02 1.1457840731524740e-02 0.0000000000000000e+00
5.8494924627096698e-02 1.0614469094276820e-02 0.0000000000000000e+00
5.8226333873703753e-02 9.0819540803616892e-03 0.0000000000000000e+00
6.0232494758772688e-02 1.3587679016456860e-02 0.0000000000000000e+00
5.5367153177292711e-02 1.3905930365508920e-02 0.0000000000000000e+00
7.3612704170377172e-02 2.4738351542720461e-02 0.0000000000000000e+00
7.3170438998295034e-02 2.5661446244301389e-02 0.0000000000000000e+00
7.2561722133923173e-02 2.4828299365663720e-02 0.0000000000000000e+00
7.8752759546038956e-02 3.5099247791194848e-03 0.0000000000000000e+00
7.9377575859073096e-02 3.9760971923391746e-03 0.0000000000000000e+00
7.9432740748933903e-02 3.1801657359555539e-03 0.0000000000000000e+00
5.8891219861860342e-02 1.2228255698803271e-02 0.0000000000000000e+00
5.7070756197847253e-02 1.2188672118403970e-02 0.0000000000000000e+00
5.6773110650655462e-02 1.0258907657732821e-02 0.0000000000000000e+00
5.8470885549479511e-02 1.3676282743474219e-02 0.0000000000000000e+00
4.4701784752389360e-02 1.0365304266436450e-02 0.0000000000000000e+00
5.7062097936663350e-02 1.4143950431332991e-02 0.0000000000000000e+00
7.7921224728613930e-02 1.5890829573477771e-02 0.0000000000000000e+00
7.8108858975278805e-02 1.4886385000523280e-02 0.0000000000000000e+00
7.5186063959950283e-02 2.0617566954584950e-02 0.0000000000000000e+00
6.0957353132708017e-02 4.4603656300760026e-03 0.0000000000000000e+00
6.2821262705649750e-02 5.0065596694112086e-03 0.0000000000000000e+00
6.0455514405558172e-02 7.6556736753678892e-03 0.0000000000000000e+00
5.9640278588761010e-02 5.7620523652767213e-03 0.0000000000000000e+00
5.8810918019923851e-02 7.6023629929043686e-03 0.0000000000000000e+00
7.5259250676512457e-02 1.7709118602537561e-02 0.0000000000000000e+00
7.4765083195112700e-02 1.6910446490075230e-02 0.0000000000000000e+00
7.4113122589485839e-02 1.7565509130448159e-02 0.0000000000000000e+00
5.6711702375914150e-02 8.0226623788780364e-03 0.0000000000000000e+00
5.4816214044035090e-02 9.6082777042118470e-03 0.0000000000000000e+00
5.4623803343187741e-02 7.5155126565544829e-03 0.0000000000000000e+00
7.2236558216045424e-02 1.7660960685910169e-02 0.0000000000000000e+00
7.4812226916258259e-02 1.8318443630051511e-02 0.0000000000000000e+00
7.4419477461587294e-02 2.8005245400845920e-02 0.0000000000000000e+00
6.0568738233834442e-02 2.9982323228424910e-03 0.0000000000000000e+00
5.5305099439866348e-02 1.1651017379896119e-02 0.0000000000000000e+00
7.6016935821489107e-02 1.1981422151383550e-02 0.0000000000000000e+00
7.6750843069568059e-02 1.2605115797901001e-02 0.0000000000000000e+00
7.6936027458016198e-02 1.1492130344695600e-02 0.0000000000000000e+00
7.6075871673765810e-02 1.2937530751590849e-02 0.0000000000000000e+00
7.7474054017506205e-02 7.2217251518298413e-03 0.0000000000000000e+00
7.8239479862855690e-02 7.8933978056516876e-03 0.0000000000000000e+00
7.8471394848656145e-02 7.0328423754965150e-03 0.0000000000000000e+00
7.7988945038847429e-02 6.2204838211696433e-03 0.0000000000000000e+00
6.8497899598146589e-02 1.9118153544670209e-03 0.0000000000000000e+00
6.7918549241286319e-02 4.1562632245369224e-03 0.0000000000000000e+00
7.1496737807870844e-02 2.8728051576698069e-02 0.0000000000000000e+00
7.2496060440807350e-02 2.9124791436466620e-02 0.0000000000000000e+00
7.2139947000572205e-02 2.8244358138739389e-02 0.0000000000000000e+00
7.3039954704247317e-02 2.8319949571606481e-02 0.0000000000000000e+00
7.8781103214998774e-02 5.7224530225324253e-03 0.0000000000000000e+00
7.8975380498524414e-02 6.3694531442969639e-03 0.0000000000000000e+00
7.9267816207161557e-02 6.9567973456289376e-03 0.0000000000000000e+00
6.6445699714238693e-02 8.1956085603747883e-03 0.0000000000000000e+00
4.6674229162077203e-02 1.7268825242559859e-02 0.0000000000000000e+00
4.5061293607387268e-02 1.6381753133233468e-02 0.0000000000000000e+00
6.9842878953640330e-02 3.5926456350312951e-03 0.0000000000000000e+00
7.0700079528728213e-02 1.4892539472363411e-03 0.0000000000000000e+00
6.4965360801794853e-02 4.7369203631718289e-03 0.0000000000000000e+00
7.8034169524316147e-02 9.6467918461345080e-04 0.0000000000000000e+00
7.8868958238429487e-02 8.3139965105157032e-04 0.0000000000000000e+00
7.5731455941017656e-02 1.0928602492324619e-03 0.0000000000000000e+00
7.4974287632575090e-02 2.2408266237912912e-03 0.0000000000000000e+00
7.3522416466013554e-02 2.9155274061099429e-02 0.0000000000000000e+00
7.3503991119629603e-02 2.7444958176405961e-02 0.0000000000000000e+00
7.4001203342968558e-02 2.8497629889217949e-02 0.0000000000000000e+00
7.4558586997438059e-02 2.7360056680303179e-02 0.0000000000000000e+00
7.7226343781700957e-02 5.4462275507209832e-03 0.0000000000000000e+00
7.6811957236858991e-02 6.4226638581162954e-03 0.0000000000000000e+00
6.6230621695652331e-02 2.3887352108213619e-02 0.0000000000000000e+00
6.5643238662673520e-02 2.5531333601041491e-02 0.0000000000000000e+00
6.6924349607984213e-02 2.5531586144791580e-02 0.0000000000000000e+00
7.0317684476130279e-02 1.8332760010477098e-02 0.0000000000000000e+00
7.1381437327915381e-02 1.9611408194502730e-02 0.0000000000000000e+00
7.3063347407162971e-02 1.9500497913008029e-02 0.0000000000000000e+00
7.2548482041483869e-02 2.0693916376356120e-02 0.0000000000000000e+00
6.9932011284572021e-02 1.6413363131324299e-02 0.0000000000000000e+00
7.1720367645518923e-02 1.5261773768297120e-02 0.0000000000000000e+00
6.8977219656514557e-02 1.7966478477992660e-02 0.0000000000000000e+00
6.8210833868205992e-02 1.6831391227848661e-02 0.0000000000000000e+00
7.0639061752776330e-02 2.8344933431494308e-02 0.0000000000000000e+00
7.1327909970225561e-02 2.7831143096902839e-02 0.0000000000000000e+00
6.9061196541524691e-02 2.0011589031379281e-02 0.0000000000000000e+00
5.3955759542802358e-02 1.1145713039853041e-02 0.0000000000000000e+00
7.7629244336514858e-02 1.2262165681981289e-02 0.0000000000000000e+00
7.7457320646912894e-02 1.3211003948261560e-02 0.0000000000000000e+00
6.5782480875972008e-02 2.2151216799009710e-02 0.0000000000000000e+00
6.7975727046189954e-02 2.2265057075907368e-02 0.0000000000000000e+00
6.6929122341427616e-02 2.0329649901337170e-02 0.0000000000000000e+00
7.5563565160177024e-02 6.5263120904794003e-03 0.0000000000000000e+00
7.6529703489517514e-02 7.3016846235474126e-03 0.0000000000000000e+00
7.7773107259919150e-02 1.6881869670196101e-02 0.0000000000000000e+00
7.6303333358706871e-02 8.1145686120797488e-03 0.0000000000000000e+00
7.7072019370949554e-02 1.4296595256572561e-02 0.0000000000000000e+00
7.9423396299948046e-02 2.3281323469664522e-03 0.0000000000000000e+00
7.9509755916128438e-02 1.5443519830765620e-03 0.0000000000000000e+00
7.8694830022755083e-02 1.7527970817414801e-03 0.0000000000000000e+00
7.8656804440192893e-02 2.6951596911044800e-03 0.0000000000000000e+00
7.7722092582175953e-02 2.0890275398130300e-03 0.0000000000000000e+00
6.1602069139839517e-02 2.1404539751019219e-02 0.0000000000000000e+00
6.3283174258709024e-02 2.0829308025314290e-02 0.0000000000000000e+00
7.8835545632894868e-02 8.7439183723160459e-03 0.0000000000000000e+00
7.8969683439930327e-02 9.6297418960408498e-03 0.0000000000000000e+00
7.8724318019537096e-02 1.0590315306588041e-02 0.0000000000000000e+00
7.7181995276331808e-02 9.7722595515944491e-03 0.0000000000000000e+00
7.2357996199498398e-02 2.7536383473370538e-02 0.0000000000000000e+00
7.5175450838439087e-02 1.2542998553221640e-02 0.0000000000000000e+00
7.6389658480709471e-02 1.3746441909493130e-02 0.0000000000000000e+00
7.6426501196504418e-02 1.4881334394512200e-02 0.0000000000000000e+00
7.3194864796240169e-02 1.4442029780084790e-02 0.0000000000000000e+00
7.3683684988183479e-02 1.6174199491720900e-02 0.0000000000000000e+00
7.4643012663895988e-02 1.5197722065277430e-02 0.0000000000000000e+00
7.4623056652941597e-02 1.4221426816456360e-02 0.0000000000000000e+00
7.7948568926445944e-02 1.1375147389919779e-02 0.0000000000000000e+00
7.8520478064041291e-02 1.2187479797325670e-02 0.0000000000000000e+00
7.9178474891644271e-02 7.7441790998030308e-03 0.0000000000000000e+00
7.5112786245430815e-02 1.6180953958186479e-02 0.0000000000000000e+00
4.6591355558977879e-02 1.5524940943224449e-02 0.0000000000000000e+00
6.4300774058198340e-02 6.2999228795273506e-03 0.0000000000000000e+00
7.5399870352051993e-02 1.3663614685462599e-02 0.0000000000000000e+00
5.9121108057763452e-02 3.5736461067622689e-03 0.0000000000000000e+00
7.4370985097915537e-02 1.3222392601995449e-02 0.0000000000000000e+00
4.4703414713044967e-02 1.1930184192860221e-02 0.0000000000000000e+00
6.0048470497849310e-02 2.2237711213736751e-02 0.0000000000000000e+00
6.0164103249302922e-02 2.3751562573249039e-02 0.0000000000000000e+00
4.7599440818998869e-02 3.5470317118274030e-03 0.0000000000000000e+00
4.9421413040437262e-02 3.3996778700204049e-03 0.0000000000000000e+00
6.8219125345085008e-02 2.4393609741402290e-02 0.0000000000000000e+00
7.5737135983909742e-02 1.5586343337171000e-02 0.0000000000000000e+00
7.6785795526427614e-02 1.7081268824848759e-02 0.0000000000000000e+00
7.5656576882667276e-02 1.6922443979848309e-02 0.0000000000000000e+00
7.8771139481849800e-02 1.1537655251082000e-02 0.0000000000000000e+00
7.6214506556652323e-02 2.0961014894394329e-02 0.0000000000000000e+00
7.5466376979232280e-02 2.1472096113477650e-02 0.0000000000000000e+00
7.6383913980432525e-02 2.1868221299346149e-02 0.0000000000000000e+00
7.4587985167215348e-02 3.7208496993552920e-03 0.0000000000000000e+00
7.5778772517003198e-02 2.4583539942356489e-02 0.0000000000000000e+00
7.5051253361316281e-02 2.4440754209775581e-02 0.0000000000000000e+00
7.5735055943622370e-02 3.2629358939939199e-03 0.0000000000000000e+00
6.7364372608877815e-02 1.8243288560969240e-02 0.0000000000000000e+00
4.8353108716184867e-02 1.8152464139641122e-02 0.0000000000000000e+00
4.8221652427977789e-02 1.5947997287072219e-02 0.0000000000000000e+00
5.1694656442704268e-02 1.6311256248508451e-03 0.0000000000000000e+00
7.5706180111936708e-02 7.4536936502827894e-03 0.0000000000000000e+00
7.1413006407933743e-02 2.6741106789027139e-02 0.0000000000000000e+00
7.9727888930723786e-02 7.5383601501439503e-04 0.0000000000000000e+00
6.9147272628236334e-02 5.9883623531355552e-03 0.0000000000000000e+00
7.3992188518977806e-02 2.6516926017141701e-02 0.0000000000000000e+00
7.3067620971375577e-02 2.3860668842790981e-02 0.0000000000000000e+00
7.3461858528395776e-02 2.2822134376685229e-02 0.0000000000000000e+00
7.2050176471232394e-02 2.3060936223720341e-02 0.0000000000000000e+00
7.4936982360026855e-02 2.6141004904292841e-02 0.0000000000000000e+00
7.4356606762355434e-02 2.3747135296690709e-02 0.0000000000000000e+00
7.1935537797067461e-02 2.5612114747539289e-02 0.0000000000000000e+00
7.1532175435663092e-02 2.4366861878069381e-02 0.0000000000000000e+00
7.3117393140987141e-02 2.9732436392978071e-02 0.0000000000000000e+00
4.3077876030469357e-02 1.6215397675562050e-02 0.0000000000000000e+00
7.7612775236446954e-02 1.0530508523748939e-02 0.0000000000000000e+00
7.2723167953020196e-02 2.6636785103265521e-02 0.0000000000000000e+00
7.5506550411673201e-02 1.4581374871659050e-02 0.0000000000000000e+00
5.3526169509940477e-02 2.1647895719650641e-03 0.0000000000000000e+00
4.9511439023066282e-02 1.7276523699318449e-02 0.0000000000000000e+00
5.0216067380630468e-02 1.8866004992042211e-02 0.0000000000000000e+00
5.0997892131044012e-02 1.7122877610652589e-02 0.0000000000000000e+00
7.9401612825751172e-02 5.8490175628358896e-03 0.0000000000000000e+00
7.8235658924779558e-02 5.1706754822534503e-03 0.0000000000000000e+00
6.9530263045778667e-02 8.1034514835233024e-03 0.0000000000000000e+00
7.7475853469143666e-02 4.4731634791121671e-03 0.0000000000000000e+00
7.3848744716475970e-02 2.9893039996590771e-02 0.0000000000000000e+00
4.5475341751582653e-02 1.4529947518047769e-02 0.0000000000000000e+00
7.9303918730037004e-02 5.0026351567891217e-03 0.0000000000000000e+00
4.4406995895302143e-02 1.3464018504031269e-02 0.0000000000000000e+00
5.3796984857109209e-02 2.0654568677356190e-02 0.0000000000000000e+00
6.7924263347230091e-02 9.1440225928352912e-03 0.0000000000000000e+00
5.3847603026565223e-02 1.2798603393666150e-02 0.0000000000000000e+00
5.2829424947872218e-02 1.1745835572993499e-02 0.0000000000000000e+00
5.0096621163410363e-02 1.5768931535506070e-02 0.0000000000000000e+00
5.0666602186400282e-02 1.4325876086864690e-02 0.0000000000000000e+00
7.6624006797846783e-02 3.8931938588960039e-03 0.0000000000000000e+00
7.6202314484806022e-02 2.0793149059118768e-03 0.0000000000000000e+00
7.6838273468670656e-02 2.7832375160044501e-03 0.0000000000000000e+00
5.9489045817519147e-02 1.6781140248271870e-03 0.0000000000000000e+00
5.1058098560526767e-02 9.8100349442275993e-03 0.0000000000000000e+00
5.2754086475690930e-02 1.0060956592634311e-02 0.0000000000000000e+00
7.5431948413925837e-02 2.2204486234799412e-02 0.0000000000000000e+00
7.6130925863614599e-02 2.2719883115956199e-02 0.0000000000000000e+00
5.3589936565936677e-02 8.6031743090803324e-03 0.0000000000000000e+00
5.2955352230326908e-02 7.0543050740143722e-03 0.0000000000000000e+00
7.4631294332523093e-02 2.2584089103221360e-02 0.0000000000000000e+00
7.7785510707302066e-02 3.4166379636721670e-03 0.0000000000000000e+00
5.9400728404219630e-02 1.4623828962890561e-02 0.0000000000000000e+00
7.8511165974692862e-02 4.2815633125260454e-03 0.0000000000000000e+00
7.4753260635252700e-02 2.1584076551687838e-02 0.0000000000000000e+00
7.3884509848781268e-02 2.0734510346004129e-02 0.0000000000000000e+00
7.3919370892623903e-02 2.1891709794990510e-02 0.0000000000000000e+00
4.7344246643937542e-02 1.4314723732711381e-02 0.0000000000000000e+00
7.0091113566479069e-02 2.3254555777301691e-02 0.0000000000000000e+00
5.7695392172927018e-02 1.9019830671050939e-03 0.0000000000000000e+00
5.4524959294514702e-02 1.7451938995856030e-02 0.0000000000000000e+00
7.6974153648829341e-02 1.1377142216115340e-03 0.0000000000000000e+00
7.6960660267680212e-02 1.9583149297319230e-03 0.0000000000000000e+00
6.9586514064506902e-02 2.1788517671839210e-02 0.0000000000000000e+00
7.1061360844271074e-02 2.1468718658488609e-02 0.0000000000000000e+00
7.3222401746781740e-02 2.1223216486781039e-02 0.0000000000000000e+00
7.2710608420798128e-02 2.1860105319503640e-02 0.0000000000000000e+00
7.6191228537495298e-02 1.6294561958296840e-02 0.0000000000000000e+00
5.5097128461601509e-02 3.9984448899410413e-03 0.0000000000000000e+00
5.5686640066786211e-02 2.0670204976813229e-03 0.0000000000000000e+00
5.1874704609886968e-02 2.0032667230383210e-02 0.0000000000000000e+00
5.8168016147179973e-02 1.5285310246175420e-02 0.0000000000000000e+00
5.5788927832554847e-02 6.0903948332022033e-03 0.0000000000000000e+00
7.4901984444544198e-02 2.6810916409444840e-02 0.0000000000000000e+00
4.9211353665064898e-02 1.4269233568050630e-02 0.0000000000000000e+00
7.2341786859297097e-02 2.4007075937153930e-02 0.0000000000000000e+00
4.2640374736159441e-02 6.8397412375692758e-03 0.0000000000000000e+00
3.9438419044762578e-02 3.9303299310168988e-03 0.0000000000000000e+00
3.8028459098215478e-02 9.7817777587599908e-03 0.0000000000000000e+00
4.3474922611862261e-02 2.9243901621836422e-03 0.0000000000000000e+00
4.1311486198370148e-02 1.3298066373427160e-02 0.0000000000000000e+00
4.2405693634697761e-02 1.0424129854374971e-02 0.0000000000000000e+00
3.3736757822338259e-02 4.0360704275884786e-03 0.0000000000000000e+00
3.1938146175977469e-02 9.5704144040755328e-03 0.0000000000000000e+00
6.2547068375882128e-02 1.5844406914294149e-02 0.0000000000000000e+00
6.3381137367389803e-02 1.5326528674001390e-02 0.0000000000000000e+00
6.2757687736023443e-02 1.4664047065477189e-02 0.0000000000000000e+00
6.4022586173165891e-02 1.5903217301024699e-02 0.0000000000000000e+00
6.4214887569554721e-02 1.4808041051742630e-02 0.0000000000000000e+00
6.1924015098395943e-02 1.5182659953202430e-02 0.0000000000000000e+00
6.3188847623535938e-02 1.6421815442253861e-02 0.0000000000000000e+00
6.1711591767314347e-02 1.6358738728161709e-02 0.0000000000000000e+00
6.2354663888085221e-02 1.6940316404808281e-02 0.0000000000000000e+00
6.3591358945399343e-02 1.4145434250422650e-02 0.0000000000000000e+00
5.9776815802706787e-02 1.8188169178558481e-02 0.0000000000000000e+00
5.8953112232425720e-02 1.8282004814877201e-02 0.0000000000000000e+00
5.9541455261211587e-02 1.8985037876961149e-02 0.0000000000000000e+00
6.1460314786107799e-02 1.8272584234037190e-02 0.0000000000000000e+00
6.1186169581934749e-02 1.8840560099418559e-02 0.0000000000000000e+00
6.1843570051474811e-02 1.8885676684655160e-02 0.0000000000000000e+00
6.0871649419217348e-02 1.6853096011236489e-02 0.0000000000000000e+00
6.1517094229322000e-02 1.7458076371796361e-02 0.0000000000000000e+00
6.2311674198754163e-02 1.7759010648040779e-02 0.0000000000000000e+00
6.2081491774967981e-02 1.8329794355161029e-02 0.0000000000000000e+00
6.2694524723229506e-02 1.8370002229409720e-02 0.0000000000000000e+00
6.0022911083636582e-02 1.7255184819516701e-02 0.0000000000000000e+00
6.0667988318369247e-02 1.7957846311188758e-02 0.0000000000000000e+00
5.9376266142562147e-02 1.9830250090001202e-02 0.0000000000000000e+00
6.0231658927740309e-02 1.9675068099194021e-02 0.0000000000000000e+00
6.3147039489451648e-02 1.7241703282301690e-02 0.0000000000000000e+00
6.2922241112790961e-02 1.7812987017461951e-02 0.0000000000000000e+00
6.3530100508242746e-02 1.7852086385267651e-02 0.0000000000000000e+00
6.0392109074534031e-02 1.8714212286614150e-02 0.0000000000000000e+00
6.3980898818505730e-02 1.6723131644932870e-02 0.0000000000000000e+00
6.3756662992548216e-02 1.7294748142840939e-02 0.0000000000000000e+00
6.4363976438422801e-02 1.7333561800822982e-02 0.0000000000000000e+00
6.4814594715950191e-02 1.6204524211403389e-02 0.0000000000000000e+00
6.4590419017912376e-02 1.6776161370430712e-02 0.0000000000000000e+00
6.5197671676489002e-02 1.6814955785058521e-02 0.0000000000000000e+00
6.4856266226481218e-02 1.5384606405942729e-02 0.0000000000000000e+00
6.5048573609786137e-02 1.4289449460164151e-02 0.0000000000000000e+00
6.0924933808928480e-02 1.9461012282421301e-02 0.0000000000000000e+00
6.5648269163093353e-02 1.5685912095778132e-02 0.0000000000000000e+00
6.5424100868646320e-02 1.6257551140199330e-02 0.0000000000000000e+00
6.6031345936873598e-02 1.6296343685098441e-02 0.0000000000000000e+00
6.6481940796149608e-02 1.5167299366868670e-02 0.0000000000000000e+00
6.6257773455903751e-02 1.5738938628906771e-02 0.0000000000000000e+00
6.6865017542072872e-02 1.5777730953285340e-02 0.0000000000000000e+00
6.8383261708923865e-02 1.2215002483258030e-02 0.0000000000000000e+00
6.9205550076838637e-02 1.1708027779234050e-02 0.0000000000000000e+00
6.8593386186729721e-02 1.1033757323347810e-02 0.0000000000000000e+00
6.7315612060400806e-02 1.4648686557759050e-02 0.0000000000000000e+00
6.7091444844798051e-02 1.5220325852694420e-02 0.0000000000000000e+00
6.7698688802302731e-02 1.5259118142042741e-02 0.0000000000000000e+00
6.5689938596034766e-02 1.4865993836926611e-02 0.0000000000000000e+00
6.5882247508870020e-02 1.3770840224767371e-02 0.0000000000000000e+00
6.8149283276193420e-02 1.4130073738053381e-02 0.0000000000000000e+00
6.7925116076461123e-02 1.4701713035509821e-02 0.0000000000000000e+00
6.8532360015109581e-02 1.4740505316148860e-02 0.0000000000000000e+00
6.8982954485560882e-02 1.3611460916940890e-02 0.0000000000000000e+00
6.8758787276208960e-02 1.4183100186037790e-02 0.0000000000000000e+00
6.9366031156191707e-02 1.4221892331701199e-02 0.0000000000000000e+00
6.7759714978335508e-02 1.1552370144673410e-02 0.0000000000000000e+00
6.9816625694083131e-02 1.3092848095643320e-02 0.0000000000000000e+00
6.9592458155310455e-02 1.3664486565524070e-02 0.0000000000000000e+00
7.0199700454684252e-02 1.3703274874896450e-02 0.0000000000000000e+00
6.6523609956953833e-02 1.4347381048997229e-02 0.0000000000000000e+00
6.6715919194443071e-02 1.3252228007397461e-02 0.0000000000000000e+00
7.0650299866730909e-02 1.2574234219027640e-02 0.0000000000000000e+00
7.0426120141998644e-02 1.3145851384288270e-02 0.0000000000000000e+00
7.1033315277755554e-02 1.3184533591266910e-02 0.0000000000000000e+00
7.1483468373222753e-02 1.2054160932455090e-02 0.0000000000000000e+00
7.1259515681730487e-02 1.2626619658502090e-02 0.0000000000000000e+00
7.1865888597721500e-02 1.2663797319147560e-02 0.0000000000000000e+00
7.2299033585282085e-02 1.1505760564123609e-02 0.0000000000000000e+00
7.2088475811800473e-02 1.2099469032684039e-02 0.0000000000000000e+00
7.2691000846664938e-02 1.2127323157544371e-02 0.0000000000000000e+00
6.7357281185412399e-02 1.3828768232064840e-02 0.0000000000000000e+00
6.7549590486147115e-02 1.2733615287559929e-02 0.0000000000000000e+00
7.3116316267299128e-02 1.0943514708334009e-02 0.0000000000000000e+00
7.2902169271184009e-02 1.1529875174421920e-02 0.0000000000000000e+00
7.3519280886640725e-02 1.1574777742808870e-02 0.0000000000000000e+00
7.3745250913059002e-02 1.0936213457656340e-02 0.0000000000000000e+00
7.4430510415090037e-02 1.0930391544821670e-02 0.0000000000000000e+00
6.8190952396446042e-02 1.3310155411317170e-02 0.0000000000000000e+00
7.3126994575518786e-02 1.0140281813522899e-02 0.0000000000000000e+00
7.3945233755698017e-02 1.0055478458739770e-02 0.0000000000000000e+00
7.3363410478458776e-02 9.3406144278685328e-03 0.0000000000000000e+00
6.6926043769942475e-02 1.2070982965998870e-02 0.0000000000000000e+00
6.9024623605187477e-02 1.2791542590067600e-02 0.0000000000000000e+00
7.1355507658668216e-02 1.0318707095760221e-02 0.0000000000000000e+00
7.1703132743248396e-02 9.5743412416815117e-03 0.0000000000000000e+00
7.1021465068088832e-02 9.5078299472135218e-03 0.0000000000000000e+00
6.9858294813627361e-02 1.2272929768752000e-02 0.0000000000000000e+00
6.6092372561570731e-02 1.2589595787322990e-02 0.0000000000000000e+00
6.9947305518951508e-02 1.1420043796751850e-02 0.0000000000000000e+00
6.5258701353359899e-02 1.3108208608634221e-02 0.0000000000000000e+00
7.0691966022027583e-02 1.1754316947427720e-02 0.0000000000000000e+00
6.4425030146165740e-02 1.3626821429854070e-02 0.0000000000000000e+00
7.1525636306592685e-02 1.1235710102471611e-02 0.0000000000000000e+00
7.0531731957938687e-02 1.0873414600283510e-02 0.0000000000000000e+00
7.2287885671504085e-02 1.0536425574684229e-02 0.0000000000000000e+00
6.1090195035321898e-02 1.5700806914739660e-02 0.0000000000000000e+00
7.4962057035411839e-02 1.0233205753621020e-02 0.0000000000000000e+00
6.9426428627611905e-02 1.0514890713227041e-02 0.0000000000000000e+00
7.4221692887756041e-02 9.2738444579380068e-03 0.0000000000000000e+00
6.0253446123504903e-02 1.6210572115664870e-02 0.0000000000000000e+00
7.3525194926608889e-02 8.4934243314545230e-03 0.0000000000000000e+00
7.2680615853330813e-02 8.5963222477028131e-03 0.0000000000000000e+00
7.0243547613780197e-02 9.9968189460626408e-03 0.0000000000000000e+00
7.2533500953325530e-02 9.5737239038873965e-03 0.0000000000000000e+00
7.1950735845512384e-02 8.9238156243912695e-03 0.0000000000000000e+00
5.9486597617675177e-02 1.6609365177113110e-02 0.0000000000000000e+00
5.9205931215532678e-02 1.7350436044441291e-02 0.0000000000000000e+00
5.7930565022769033e-02 1.8102880268351239e-02 0.0000000000000000e+00
5.8431517420273638e-02 1.7403154652545900e-02 0.0000000000000000e+00
5.8676975882260569e-02 1.9058977534498488e-02 0.0000000000000000e+00
7.5115773719433371e-02 9.1172971776203142e-03 0.0000000000000000e+00
7.5853835682996890e-02 9.8655942259161730e-03 0.0000000000000000e+00
5.7781141330726198e-02 1.9219164659894820e-02 0.0000000000000000e+00
5.7042955645244087e-02 1.8471546475983910e-02 0.0000000000000000e+00
7.4398359683466586e-02 7.5179960812287909e-03 0.0000000000000000e+00
7.4418487410716716e-02 8.4030466048418649e-03 0.0000000000000000e+00
5.8499367860994557e-02 2.0819487941566919e-02 0.0000000000000000e+00
5.8479315303868719e-02 1.9934527496905351e-02 0.0000000000000000e+00
5.9167432443628452e-02 2.0538635039163571e-02 0.0000000000000000e+00
7.3729919250211259e-02 7.7983985888746676e-03 0.0000000000000000e+00
5.6709963851161109e-02 5.6709963851161109e-02 0.0000000000000000e+00
3.1819805153394637e-02 3.1819805153394637e-02 0.0000000000000000e+00
2.1213203435596427e-02 2.1213203435596427e-02 0.0000000000000000e+00
5.7215884692153211e-02 4.8007807224809122e-02 0.0000000000000000e+00
5.2314726408903070e-02 2.6971204659695876e-02 0.0000000000000000e+00
5.6794743621843856e-02 2.5927439469744469e-02 0.0000000000000000e+00
6.1695901905093997e-02 4.6964042034857698e-02 0.0000000000000000e+00
5.7213833767355386e-02 5.6201576718464256e-02 0.0000000000000000e+00
5.7713146331428142e-02 5.5688712864701423e-02 0.0000000000000000e+00
5.8207861770775020e-02 5.5171413141901195e-02 0.0000000000000000e+00
5.8697940678974381e-02 5.4649718755430066e-02 0.0000000000000000e+00
5.9183344018926172e-02 5.4123671260710278e-02 0.0000000000000000e+00
5.9664033125961503e-02 5.3593312559909630e-02 0.0000000000000000e+00
6.0139969710922343e-02 5.3058684898603943e-02 0.0000000000000000e+00
6.0611115863211495e-02 5.2519830862411868e-02 0.0000000000000000e+00
6.1077434053812392e-02 5.1976793373602774e-02 0.0000000000000000e+00
6.1538887138278382e-02 5.1429615687677822e-02 0.0000000000000000e+00
6.1995438359691506e-02 5.0878341389924371e-02 0.0000000000000000e+00
6.2447051351590357e-02 5.0323014391944323e-02 0.0000000000000000e+00
6.2893690140866848e-02 4.9763678928156307e-02 0.0000000000000000e+00
6.3335319150631633e-02 4.9200379552272092e-02 0.0000000000000000e+00
6.3771903203047944e-02 4.8633161133747868e-02 0.0000000000000000e+00
6.4203407522133701e-02 4.8062068854210042e-02 0.0000000000000000e+00
6.4629797736531588e-02 4.7487148203856362e-02 0.0000000000000000e+00
6.5051039882246864e-02 4.6908444977832385e-02 0.0000000000000000e+00
6.5467100405352821e-02 4.6326005272583702e-02 0.0000000000000000e+00
6.5877946164663428e-02 4.5739875482184118e-02 0.0000000000000000e+00
6.6283544434373246e-02 4.5150102294640150e-02 0.0000000000000000e+00
6.6683862906664115e-02 4.4556732688172118e-02 0.0000000000000000e+00
6.7078869694278787e-02 4.3959813927472058e-02 0.0000000000000000e+00
6.7468533333060729e-02 4.3359393559938945e-02 0.0000000000000000e+00
6.7852822784460406e-02 4.2755519411891277e-02 0.0000000000000000e+00
6.8231707438007758e-02 4.2148239584757469e-02 0.0000000000000000e+00
6.8605157113750398e-02 4.1537602451244361e-02 0.0000000000000000e+00
6.8973142064657586e-02 4.0923656651484147e-02 0.0000000000000000e+00
6.9335632978989689e-02 4.0306451089159867e-02 0.0000000000000000e+00
6.9692600982633121e-02 3.9686034927610060e-02 0.0000000000000000e+00
7.0044017641400155e-02 3.9062457585912667e-02 0.0000000000000000e+00
7.0389854963293905e-02 3.8435768734948549e-02 0.0000000000000000e+00
7.0730085400738080e-02 3.7806018293444994e-02 0.0000000000000000e+00
7.1064681852771164e-02 3.7173256423999441e-02 0.0000000000000000e+00
7.1393617667205228e-02 3.6537533529083753e-02 0.0000000000000000e+00
7.1716866642748858e-02 3.5898900247029519e-02 0.0000000000000000e+00
7.2034403031094166e-02 3.5257407447994375e-02 0.0000000000000000e+00
7.2346201538967952e-02 3.4613106229909971e-02 0.0000000000000000e+00
7.2652237330146141e-02 3.3966047914411823e-02 0.0000000000000000e+00
7.2952486027432373e-02 3.3316284042751283e-02 0.0000000000000000e+00
7.3246923714599621e-02 3.2663866371690040e-02 0.0000000000000000e+00
7.3535526938295251e-02 3.2008846869377432e-02 0.0000000000000000e+00
7.3818272709909219e-02 3.1351277711210934e-02 0.0000000000000000e+00
3.2699714491531209e-02 3.0914861671570589e-02 0.0000000000000000e+00
3.3553897419742455e-02 2.9985596007840187e-02 0.0000000000000000e+00
3.4381681911972335e-02 2.9032739259393963e-02 0.0000000000000000e+00
3.5182416711061343e-02 2.8057041083643017e-02 0.0000000000000000e+00
3.5955471841121196e-02 2.7059269108428270e-02 0.0000000000000000e+00
3.6700239103166707e-02 2.6040208328091268e-02 0.0000000000000000e+00
3.7416132553614527e-02 2.5000660485882113e-02 0.0000000000000000e+00
3.8102588965272785e-02 2.3941443443190151e-02 0.0000000000000000e+00
3.8759068270458413e-02 2.2863390536093833e-02 0.0000000000000000e+00
3.9385053985893918e-02 2.1767349919735796e-02 0.0000000000000000e+00
3.9980053619049251e-02 2.0654183901039194e-02 0.0000000000000000e+00
4.0543599055608864e-02 1.9524768260290103e-02 0.0000000000000000e+00
4.1075246927759351e-02 1.8379991562119821e-02 0.0000000000000000e+00
2.3190313600882102e-02 1.9031798524909379e-02 0.0000000000000000e+00
2.4944088369076349e-02 1.6667106990588071e-02 0.0000000000000000e+00
2.6457637930450653e-02 1.4141902104779924e-02 0.0000000000000000e+00
2.3864853865045988e-02 2.3864853865045988e-02 0.0000000000000000e+00
2.6516504294495556e-02 2.6516504294495556e-02 0.0000000000000000e+00
2.9168154723945093e-02 2.9168154723945093e-02 0.0000000000000000e+00
5.5898740179255703e-02 2.6136192507734756e-02 0.0000000000000000e+00
5.5002736736667550e-02 2.6344945545725033e-02 0.0000000000000000e+00
5.4106733294079390e-02 2.6553698583715313e-02 0.0000000000000000e+00
5.3210729851491244e-02 2.6762451621705603e-02 0.0000000000000000e+00
5.2537506330868997e-02 2.7927413867201035e-02 0.0000000000000000e+00
5.2760286252834909e-02 2.8883623074706186e-02 0.0000000000000000e+00
5.2983066174800822e-02 2.9839832282211331e-02 0.0000000000000000e+00
5.3205846096766742e-02 3.0796041489716482e-02 0.0000000000000000e+00
5.3428626018732647e-02 3.1752250697221623e-02 0.0000000000000000e+00
5.3651405940698574e-02 3.2708459904726775e-02 0.0000000000000000e+00
5.3874185862664493e-02 3.3664669112231933e-02 0.0000000000000000e+00
5.4096965784630406e-02 3.4620878319737085e-02 0.0000000000000000e+00
5.4319745706596319e-02 3.5577087527242222e-02 0.0000000000000000e+00
5.4542525628562231e-02 3.6533296734747374e-02 0.0000000000000000e+00
5.4765305550528144e-02 3.7489505942252511e-02 0.0000000000000000e+00
5.4988085472494057e-02 3.8445715149757663e-02 0.0000000000000000e+00
5.5210865394459976e-02 3.9401924357262808e-02 0.0000000000000000e+00
5.5433645316425896e-02 4.0358133564767952e-02 0.0000000000000000e+00
5.5656425238391809e-02 4.1314342772273104e-02 0.0000000000000000e+00
5.5879205160357728e-02 4.2270551979778248e-02 0.0000000000000000e+00
5.6101985082323641e-02 4.3226761187283400e-02 0.0000000000000000e+00
5.6324765004289547e-02 4.4182970394788530e-02 0.0000000000000000e+00
5.6547544926255480e-02 4.5139179602293689e-02 0.0000000000000000e+00
5.6770324848221379e-02 4.6095388809798826e-02 0.0000000000000000e+00
5.6993104770187299e-02 4.7051598017303971e-02 0.0000000000000000e+00
5.8111888134741364e-02 4.7799054186818839e-02 0.0000000000000000e+00
5.9007891577329517e-02 4.7590301148828555e-02 0.0000000000000000e+00
5.9903895019917677e-02 4.7381548110838265e-02 0.0000000000000000e+00
6.0799898462505837e-02 4.7172795072847988e-02 0.0000000000000000e+00
6.1473121983128078e-02 4.6007832827352553e-02 0.0000000000000000e+00
6.1250342061162165e-02 4.5051623619847402e-02 0.0000000000000000e+00
6.1027562139196252e-02 4.4095414412342264e-02 0.0000000000000000e+00
6.0804782217230340e-02 4.3139205204837112e-02 0.0000000000000000e+00
6.0582002295264413e-02 4.2182995997331947e-02 0.0000000000000000e+00
6.0359222373298500e-02 4.1226786789826809e-02 0.0000000000000000e+00
6.0136442451332588e-02 4.0270577582321658e-02 0.0000000000000000e+00
5.9913662529366675e-02 3.9314368374816507e-02 0.0000000000000000e+00
5.9690882607400755e-02 3.8358159167311362e-02 0.0000000000000000e+00
5.9468102685434843e-02 3.7401949959806211e-02 0.0000000000000000e+00
5.9245322763468923e-02 3.6445740752301066e-02 0.0000000000000000e+00
5.9022542841503010e-02 3.5489531544795914e-02 0.0000000000000000e+00
5.8799762919537084e-02 3.4533322337290777e-02 0.0000000000000000e+00
5.8576982997571171e-02 3.3577113129785625e-02 0.0000000000000000e+00
5.8354203075605258e-02 3.2620903922280488e-02 0.0000000000000000e+00
5.8131423153639339e-02 3.1664694714775343e-02 0.0000000000000000e+00
5.7908643231673426e-02 3.0708485507270188e-02 0.0000000000000000e+00
5.7685863309707507e-02 2.9752276299765047e-02 0.0000000000000000e+00
5.7463083387741601e-02 2.8796067092259903e-02 0.0000000000000000e+00
5.7240303465775688e-02 2.7839857884754762e-02 0.0000000000000000e+00
5.7017523543809769e-02 2.6883648677249607e-02 0.0000000000000000e+00
5.6147524009186572e-02 5.6147524009186572e-02 0.0000000000000000e+00
5.5473285582852694e-02 5.5473285582852694e-02 0.0000000000000000e+00
5.4794090492554376e-02 5.4794090492554376e-02 0.0000000000000000e+00
5.4091787158650755e-02 5.4091787158650755e-02 0.0000000000000000e+00
5.3240587056230054e-02 5.3240587056230054e-02 0.0000000000000000e+00
5.2066477030136803e-02 5.2066477030136803e-02 0.0000000000000000e+00
5.0718406612697213e-02 5.0718406612697213e-02 0.0000000000000000e+00
4.9368506508461314e-02 4.9368506508461314e-02 0.0000000000000000e+00
4.8018606404225422e-02 4.8018606404225422e-02 0.0000000000000000e+00
4.6668706299989524e-02 4.6668706299989524e-02 0.0000000000000000e+00
4.5318806195753632e-02 4.5318806195753632e-02 0.0000000000000000e+00
4.3968906091517719e-02 4.3968906091517719e-02 0.0000000000000000e+00
4.2619005987281820e-02 4.2619005987281820e-02 0.0000000000000000e+00
4.1269105883045915e-02 4.1269105883045915e-02 0.0000000000000000e+00
3.9919205778810023e-02 3.9919205778810023e-02 0.0000000000000000e+00
3.8569305674574117e-02 3.8569305674574117e-02 0.0000000000000000e+00
3.7219405570338218e-02 3.7219405570338218e-02 0.0000000000000000e+00
3.5869505466102333e-02 3.5869505466102333e-02 0.0000000000000000e+00
3.4519605361866441e-02 3.4519605361866441e-02 0.0000000000000000e+00
3.3169705257630543e-02 3.3169705257630543e-02 0.0000000000000000e+00
3.4975019063661079e-02 2.9795981567468658e-02 0.0000000000000000e+00
3.6609330588191685e-02 2.9103545713412882e-02 0.0000000000000000e+00
5.5402969768802435e-02 4.7418680065382565e-02 0.0000000000000000e+00
5.6403903232308643e-02 4.9030753566392339e-02 0.0000000000000000e+00
3.9962075557882296e-02 3.0383184934590995e-02 0.0000000000000000e+00
3.8588259820872772e-02 2.9071896724953819e-02 0.0000000000000000e+00
3.9912360356940485e-02 2.8452476136741595e-02 0.0000000000000000e+00
3.7932137247598662e-02 3.0697641975699776e-02 0.0000000000000000e+00
4.7454647293913230e-02 2.5710052114034182e-02 0.0000000000000000e+00
4.9132951836811281e-02 2.5526410410808959e-02 0.0000000000000000e+00
4.8134399818930224e-02 2.7510558910004965e-02 0.0000000000000000e+00
4.9898752788044107e-02 2.7529981516298093e-02 0.0000000000000000e+00
4.2892865484249990e-02 3.7872631887416311e-02 0.0000000000000000e+00
4.3685587815490437e-02 3.6609024616751862e-02 0.0000000000000000e+00
4.4583669873883923e-02 3.7986476201252235e-02 0.0000000000000000e+00
4.5206031308716615e-02 3.6314019762581445e-02 0.0000000000000000e+00
5.3826133824391068e-02 4.6969846048982064e-02 0.0000000000000000e+00
5.5270854485236311e-02 4.5414496244187662e-02 0.0000000000000000e+00
4.0742648689455596e-02 3.2657407995589902e-02 0.0000000000000000e+00
3.8916988385870793e-02 3.1935186252982833e-02 0.0000000000000000e+00
6.0380042804233980e-02 4.8965720960293002e-02 0.0000000000000000e+00
6.0770219903046208e-02 4.8131491229714843e-02 0.0000000000000000e+00
6.1190395088794335e-02 4.8968134673353932e-02 0.0000000000000000e+00
6.1933898383445277e-02 4.8447674231391707e-02 0.0000000000000000e+00
3.7565803801978798e-02 2.6549882222419361e-02 0.0000000000000000e+00
3.7531092723652480e-02 2.7870133356510150e-02 0.0000000000000000e+00
4.9630737722633378e-02 2.3610074012431509e-02 0.0000000000000000e+00
5.0970296707971104e-02 2.4452270581077108e-02 0.0000000000000000e+00
4.9865413679384650e-02 3.9478138989929433e-02 0.0000000000000000e+00
4.9878957295239980e-02 3.7629212900920271e-02 0.0000000000000000e+00
5.1813697155488378e-02 3.8188455482822695e-02 0.0000000000000000e+00
4.8061918564862770e-02 3.8895118003032254e-02 0.0000000000000000e+00
3.5353972713918130e-02 3.2817782387854946e-02 0.0000000000000000e+00
3.6642565556329325e-02 3.4185689066896112e-02 0.0000000000000000e+00
6.0403061492406596e-02 2.7051992782304430e-02 0.0000000000000000e+00
6.2481688124649284e-02 2.8440036484804417e-02 0.0000000000000000e+00
6.0407816800516594e-02 2.8771764289292203e-02 0.0000000000000000e+00
6.0983291750035036e-02 2.9923429860351743e-02 0.0000000000000000e+00
5.1655045628986873e-02 4.3545357005243007e-02 0.0000000000000000e+00
5.1185739703115574e-02 4.2052533140307283e-02 0.0000000000000000e+00
5.3066047598583133e-02 4.2728424613065058e-02 0.0000000000000000e+00
5.0330512227431873e-02 4.3620515027663273e-02 0.0000000000000000e+00
5.3376068311659343e-02 5.1749284176973852e-02 0.0000000000000000e+00
5.2233208179243484e-02 5.0427047184546506e-02 0.0000000000000000e+00
5.3830936363604455e-02 5.0191231868133214e-02 0.0000000000000000e+00
3.3964224841939519e-02 3.1384643144008045e-02 0.0000000000000000e+00
5.2719798207199527e-02 4.8852701842273465e-02 0.0000000000000000e+00
5.4507505978815388e-02 4.8627115044911420e-02 0.0000000000000000e+00
5.7808315098704481e-02 2.5279271177155057e-02 0.0000000000000000e+00
5.5872675364043604e-02 2.4942227208903971e-02 0.0000000000000000e+00
5.4411323410279037e-02 2.3696469296623845e-02 0.0000000000000000e+00
5.3932984675060511e-02 2.5292459354162092e-02 0.0000000000000000e+00
3.8958737783163597e-02 2.5845773461463162e-02 0.0000000000000000e+00
4.0480428576176168e-02 3.5025166642011919e-02 0.0000000000000000e+00
3.9055136111589103e-02 3.3964698033133942e-02 0.0000000000000000e+00
5.2281495651116623e-02 2.5312196008588521e-02 0.0000000000000000e+00
6.8368070848974796e-02 4.0777764254766681e-02 0.0000000000000000e+00
6.8696057805826036e-02 3.9943030626712735e-02 0.0000000000000000e+00
6.4578242768554478e-02 4.6194209132943739e-02 0.0000000000000000e+00
6.5068233783867169e-02 4.5463827287344792e-02 0.0000000000000000e+00
4.8959112615378289e-02 4.4765042206078381e-02 0.0000000000000000e+00
4.8227169508604464e-02 4.6559968629415374e-02 0.0000000000000000e+00
4.7017987664736249e-02 4.5038964541735546e-02 0.0000000000000000e+00
4.2139992315090399e-02 3.4058806004938783e-02 0.0000000000000000e+00
4.7362624793905760e-02 4.3195577800352873e-02 0.0000000000000000e+00
4.5571506574785849e-02 4.3725686118823499e-02 0.0000000000000000e+00
4.1536566810071167e-02 2.0626411311755119e-02 0.0000000000000000e+00
6.7635403554263368e-02 3.1660371361316185e-02 0.0000000000000000e+00
6.6934022234136831e-02 2.9602982409310627e-02 0.0000000000000000e+00
6.8810495395710131e-02 3.0072321868171038e-02 0.0000000000000000e+00
5.7546213485394071e-02 5.0641718244439568e-02 0.0000000000000000e+00
5.6625877791090726e-02 5.0341121367590766e-02 0.0000000000000000e+00
5.7656067365422982e-02 4.9893209431803413e-02 0.0000000000000000e+00
4.6049109990853376e-02 4.1809593151742652e-02 0.0000000000000000e+00
4.4342232362349979e-02 4.2337840025813506e-02 0.0000000000000000e+00
6.0371933278270229e-02 3.1533969131381165e-02 0.0000000000000000e+00
5.9616345528387495e-02 3.3079201172154231e-02 0.0000000000000000e+00
5.8976509145506992e-02 3.1604445191513564e-02 0.0000000000000000e+00
6.6111571668452607e-02 4.3104579692860141e-02 0.0000000000000000e+00
6.5446879399350705e-02 4.3773701607220952e-02 0.0000000000000000e+00
6.5305240601681636e-02 4.3062543985636512e-02 0.0000000000000000e+00
4.1759140409375908e-02 2.3649248608247731e-02 0.0000000000000000e+00
4.1785145246496548e-02 2.5448332102935269e-02 0.0000000000000000e+00
4.0340450521120071e-02 2.4797451736392022e-02 0.0000000000000000e+00
4.3222018489481207e-02 2.5117252960693764e-02 0.0000000000000000e+00
5.1554164345032377e-02 4.0262083800560622e-02 0.0000000000000000e+00
5.0916919735272001e-02 2.9054738343827016e-02 0.0000000000000000e+00
5.1329425340538359e-02 2.7556085574400896e-02 0.0000000000000000e+00
5.3792888859016778e-02 3.7803110076841777e-02 0.0000000000000000e+00
5.3758528672897044e-02 3.9651545466106955e-02 0.0000000000000000e+00
6.7691502581899834e-02 4.1234624330238584e-02 0.0000000000000000e+00
6.7297257455221263e-02 4.2137353757480581e-02 0.0000000000000000e+00
6.6590040715660853e-02 4.1372452823381700e-02 0.0000000000000000e+00
3.8825472905545173e-02 2.7433756553404708e-02 0.0000000000000000e+00
4.0608257622221804e-02 2.6876780459620934e-02 0.0000000000000000e+00
4.1421043514555653e-02 2.8848276217170621e-02 0.0000000000000000e+00
4.2210684262999870e-02 3.0777872393678768e-02 0.0000000000000000e+00
6.6873789826601054e-02 4.0419050235642753e-02 0.0000000000000000e+00
6.7874494675082747e-02 4.0249907204396522e-02 0.0000000000000000e+00
5.1107169435903488e-02 3.6164389755321338e-02 0.0000000000000000e+00
4.9115647238645956e-02 3.5734396369144376e-02 0.0000000000000000e+00
5.2335376801419975e-02 3.4956775942631982e-02 0.0000000000000000e+00
5.2889190672262477e-02 3.6510141682852416e-02 0.0000000000000000e+00
4.4600348826523598e-02 2.6355362658188136e-02 0.0000000000000000e+00
4.4447962412052767e-02 2.8255778436947009e-02 0.0000000000000000e+00
4.2700446673942100e-02 2.7187364695273428e-02 0.0000000000000000e+00
4.6266581779044365e-02 2.7437302330908731e-02 0.0000000000000000e+00
6.6390764144051609e-02 3.9532868302487124e-02 0.0000000000000000e+00
6.6531305400480342e-02 3.8696306949242504e-02 0.0000000000000000e+00
6.7258454649059649e-02 3.9497362770465456e-02 0.0000000000000000e+00
6.5436942164371084e-02 3.9104484300524878e-02 0.0000000000000000e+00
6.8128162425708835e-02 3.9477753884383349e-02 0.0000000000000000e+00
7.0273967762065334e-02 3.6515383435966511e-02 0.0000000000000000e+00
7.0288977551251311e-02 3.7194556721347118e-02 0.0000000000000000e+00
6.9601980972055125e-02 3.6950663725287339e-02 0.0000000000000000e+00
7.0146082249176525e-02 3.5142079807895035e-02 0.0000000000000000e+00
7.0463795185334258e-02 3.4286809334494149e-02 0.0000000000000000e+00
7.1000623160598547e-02 3.5290875908376894e-02 0.0000000000000000e+00
5.0652287219810521e-02 3.4448453461777370e-02 0.0000000000000000e+00
4.8867720944074232e-02 3.3856594793557883e-02 0.0000000000000000e+00
4.7594146842376485e-02 3.4750324209079315e-02 0.0000000000000000e+00
5.2198745464834162e-02 3.2982865518588547e-02 0.0000000000000000e+00
4.8983467126817261e-02 2.9317511806498695e-02 0.0000000000000000e+00
6.9544698431587282e-02 3.4559386169118619e-02 0.0000000000000000e+00
6.9884696252490608e-02 3.3593930943691459e-02 0.0000000000000000e+00
6.8865144622261551e-02 3.3752626928680605e-02 0.0000000000000000e+00
5.8168501924927847e-02 5.3204718699387678e-02 0.0000000000000000e+00
5.8939947451460008e-02 5.3316896876740356e-02 0.0000000000000000e+00
5.8416146388995449e-02 5.3918712874612890e-02 0.0000000000000000e+00
5.0289063443376185e-02 3.2995698389962504e-02 0.0000000000000000e+00
4.8973811423524832e-02 3.1736426006359134e-02 0.0000000000000000e+00
4.7398794702482164e-02 3.2890508357783205e-02 0.0000000000000000e+00
5.1015751943354656e-02 3.1674567404684287e-02 0.0000000000000000e+00
3.8938312065415003e-02 2.4279558193696867e-02 0.0000000000000000e+00
5.0350279662507512e-02 3.0347713136983610e-02 0.0000000000000000e+00
6.6335139754049671e-02 4.3862113053877945e-02 0.0000000000000000e+00
6.5757567633387082e-02 4.4705040070939651e-02 0.0000000000000000e+00
6.7743397081961032e-02 3.8585754271651646e-02 0.0000000000000000e+00
4.6257312546919033e-02 3.9949402979722728e-02 0.0000000000000000e+00
4.7961513154522246e-02 4.0881168569210750e-02 0.0000000000000000e+00
4.8161882966695171e-02 3.7335125425887225e-02 0.0000000000000000e+00
4.6246431723006930e-02 3.8097659120928613e-02 0.0000000000000000e+00
4.6961281365018620e-02 3.6209916514369944e-02 0.0000000000000000e+00
6.5738564353071377e-02 4.0694088647689079e-02 0.0000000000000000e+00
6.4824388709265032e-02 4.0909405937216134e-02 0.0000000000000000e+00
6.4826582179069447e-02 3.9985200936801232e-02 0.0000000000000000e+00
4.5774108293916996e-02 3.4428350351367279e-02 0.0000000000000000e+00
4.5554994989682185e-02 3.1966838349338764e-02 0.0000000000000000e+00
4.3939131721711461e-02 3.3310591794625463e-02 0.0000000000000000e+00
6.3567145227418645e-02 3.8590775100866441e-02 0.0000000000000000e+00
6.5853328679745915e-02 3.9947137256560031e-02 0.0000000000000000e+00
7.2425216097179335e-02 3.2819818233716290e-02 0.0000000000000000e+00
4.4948635940111871e-02 4.0708495126002629e-02 0.0000000000000000e+00
4.7345124245172697e-02 3.0868097451078959e-02 0.0000000000000000e+00
6.2224235655899553e-02 4.5279945952895508e-02 0.0000000000000000e+00
6.3184204454613591e-02 4.5357878737938631e-02 0.0000000000000000e+00
6.2528150030131638e-02 4.6275823436103723e-02 0.0000000000000000e+00
6.2941980471456771e-02 4.4645549018938011e-02 0.0000000000000000e+00
5.9888959788515862e-02 4.9675898135067197e-02 0.0000000000000000e+00
6.0905141882512913e-02 4.9742191652554273e-02 0.0000000000000000e+00
6.0460625961381569e-02 5.0514684891922186e-02 0.0000000000000000e+00
5.9545058186764234e-02 5.0747965602343716e-02 0.0000000000000000e+00
4.9787186904404937e-02 4.7083471701364552e-02 0.0000000000000000e+00
5.0964588647332325e-02 4.5086744826399676e-02 0.0000000000000000e+00
7.0869628216822189e-02 3.0242028056502002e-02 0.0000000000000000e+00
7.1856793472374128e-02 3.0668118421635252e-02 0.0000000000000000e+00
7.0982422888706820e-02 3.1038868548378670e-02 0.0000000000000000e+00
7.1672275653875558e-02 3.1621818883987546e-02 0.0000000000000000e+00
5.9753037649937092e-02 5.1660266975428824e-02 0.0000000000000000e+00
6.0347910608076802e-02 5.1340143586512080e-02 0.0000000000000000e+00
6.0970008948367647e-02 5.1131611791498062e-02 0.0000000000000000e+00
5.2779375237614758e-02 4.1189034459631700e-02 0.0000000000000000e+00
4.5214567379299207e-02 2.0792760515020197e-02 0.0000000000000000e+00
4.3446795007054922e-02 2.0279497550588207e-02 0.0000000000000000e+00
5.1926757416641163e-02 4.6845989234779402e-02 0.0000000000000000e+00
5.1045567230191581e-02 4.8939444100192277e-02 0.0000000000000000e+00
4.9286955675919314e-02 4.2587938654440424e-02 0.0000000000000000e+00
5.5860621628014258e-02 5.4496359241794891e-02 0.0000000000000000e+00
5.6356663526646818e-02 5.5180886864377422e-02 0.0000000000000000e+00
5.4322994938145332e-02 5.2777457151902345e-02 0.0000000000000000e+00
5.4599330900770730e-02 5.1430323498478377e-02 0.0000000000000000e+00
7.2604091248295324e-02 3.1372307256384006e-02 0.0000000000000000e+00
7.1381686600883704e-02 3.2568654529048030e-02 0.0000000000000000e+00
7.2477620042188134e-02 3.2175885357367220e-02 0.0000000000000000e+00
7.2067364073866283e-02 3.3374400849284926e-02 0.0000000000000000e+00
5.8458335807284129e-02 5.0756206941284507e-02 0.0000000000000000e+00
5.8855765005749891e-02 4.9772746671038315e-02 0.0000000000000000e+00
6.3723030383505269e-02 2.9941213062888022e-02 0.0000000000000000e+00
6.4470158319455795e-02 2.8363400075391006e-02 0.0000000000000000e+00
6.5376219131735538e-02 2.9269103736874278e-02 0.0000000000000000e+00
6.2685330451681662e-02 3.6758892609133828e-02 0.0000000000000000e+00
6.4341658108361829e-02 3.6606938662461216e-02 0.0000000000000000e+00
6.5452522718595599e-02 3.7874654096991402e-02 0.0000000000000000e+00
6.5932332215352468e-02 3.6666715017294953e-02 0.0000000000000000e+00
6.1055399773571724e-02 3.7843399029098369e-02 0.0000000000000000e+00
6.1505662035836559e-02 3.9922254586840830e-02 0.0000000000000000e+00
6.1478478532346240e-02 3.6070041000684699e-02 0.0000000000000000e+00
6.0133934052613039e-02 3.6330752304581923e-02 0.0000000000000000e+00
6.9992254223734340e-02 2.9906464940352529e-02 0.0000000000000000e+00
7.0116038839803219e-02 3.0756858815816881e-02 0.0000000000000000e+00
6.2983970697775671e-02 3.4683310084962428e-02 0.0000000000000000e+00
4.6033692728425737e-02 3.0271274185146912e-02 0.0000000000000000e+00
6.3562825594498995e-02 4.6221504582975116e-02 0.0000000000000000e+00
6.4112187160070902e-02 4.5429006203874890e-02 0.0000000000000000e+00
6.2178513920787326e-02 3.0851962700561054e-02 0.0000000000000000e+00
6.3809870392326343e-02 3.2322324708567100e-02 0.0000000000000000e+00
6.1701269570871471e-02 3.2950802962103586e-02 0.0000000000000000e+00
5.8046308870710460e-02 4.8816709800074985e-02 0.0000000000000000e+00
5.9277743011029546e-02 4.8951601588237706e-02 0.0000000000000000e+00
6.6931176060340714e-02 4.3056607014534370e-02 0.0000000000000000e+00
5.9692470937084442e-02 4.8216737953074233e-02 0.0000000000000000e+00
6.4607366990741266e-02 4.4388928083137498e-02 0.0000000000000000e+00
5.7807060278599547e-02 5.4514583938520079e-02 0.0000000000000000e+00
5.7313909338553966e-02 5.5129865819009312e-02 0.0000000000000000e+00
5.6885062655956227e-02 5.4406233250869442e-02 0.0000000000000000e+00
5.7524525500085161e-02 5.3712994112163917e-02 0.0000000000000000e+00
5.6434984252352528e-02 5.3480653173378044e-02 0.0000000000000000e+00
5.8694536030025786e-02 2.8423945617780371e-02 0.0000000000000000e+00
5.9476506605466231e-02 3.0019416701220006e-02 0.0000000000000000e+00
6.1928032890767794e-02 4.9562264940355157e-02 0.0000000000000000e+00
6.2649254464296422e-02 4.9030742872763051e-02 0.0000000000000000e+00
6.3154982884093089e-02 4.8178015347708901e-02 0.0000000000000000e+00
6.1485943241849750e-02 4.7665881248954864e-02 0.0000000000000000e+00
7.0635993269109243e-02 3.1693666302362269e-02 0.0000000000000000e+00
6.2026310400012288e-02 4.4287831733220137e-02 0.0000000000000000e+00
6.3735847815623678e-02 4.4295443232844581e-02 0.0000000000000000e+00
6.4564389721874241e-02 4.3519004794945880e-02 0.0000000000000000e+00
6.1968642437049949e-02 4.1544528053857908e-02 0.0000000000000000e+00
6.3539119458817822e-02 4.0665347177098098e-02 0.0000000000000000e+00
6.3526992753780293e-02 4.2034168091888105e-02 0.0000000000000000e+00
6.2822536732227430e-02 4.2710402052098410e-02 0.0000000000000000e+00
6.3161405528085676e-02 4.7074517815268203e-02 0.0000000000000000e+00
6.4140212111356190e-02 4.6904512890830120e-02 0.0000000000000000e+00
6.1463598076084314e-02 5.0511674963696601e-02 0.0000000000000000e+00
6.4554422777860734e-02 4.1671098238058799e-02 0.0000000000000000e+00
4.3922854478901485e-02 2.1967272441952120e-02 0.0000000000000000e+00
4.9922231561162163e-02 4.1012795183030019e-02 0.0000000000000000e+00
6.2977394226133188e-02 4.3654125026911787e-02 0.0000000000000000e+00
4.4331885814559678e-02 3.9277987023254669e-02 0.0000000000000000e+00
6.1937871358641573e-02 4.3238584413877935e-02 0.0000000000000000e+00
4.0046001829364603e-02 2.3174173542212559e-02 0.0000000000000000e+00
5.8185117086210977e-02 2.6736244291608202e-02 0.0000000000000000e+00
5.9337336350910701e-02 2.5747554432268695e-02 0.0000000000000000e+00
3.6166017560318738e-02 3.1149757207284971e-02 0.0000000000000000e+00
3.7350151572455727e-02 3.2542281020973195e-02 0.0000000000000000e+00
6.5487093003888469e-02 3.0989319272360899e-02 0.0000000000000000e+00
6.4575451509485640e-02 4.2533033374254889e-02 0.0000000000000000e+00
6.6374037732861560e-02 4.2217475698219709e-02 0.0000000000000000e+00
6.5463253447495637e-02 4.1531303662695217e-02 0.0000000000000000e+00
6.3857961156440046e-02 4.7541252622374727e-02 0.0000000000000000e+00
6.8713470183373912e-02 3.9070118638617000e-02 0.0000000000000000e+00
6.8545851681724876e-02 3.8179722145466152e-02 0.0000000000000000e+00
6.9474751122389530e-02 3.8548415975878020e-02 0.0000000000000000e+00
5.5372708160969647e-02 5.0110632052589546e-02 0.0000000000000000e+00
7.0966871715576363e-02 3.6200496117955124e-02 0.0000000000000000e+00
7.0351473227382388e-02 3.5787027149290440e-02 0.0000000000000000e+00
5.5860015728498018e-02 5.1245527534057832e-02 0.0000000000000000e+00
6.0533757734719147e-02 3.4733851629510502e-02 0.0000000000000000e+00
4.7026541553050541e-02 2.1355080576278811e-02 0.0000000000000000e+00
4.5374794459877271e-02 2.2820920403810410e-02 0.0000000000000000e+00
3.7707022112044214e-02 3.5400262131445856e-02 0.0000000000000000e+00
5.8802910659882655e-02 4.8261796009878517e-02 0.0000000000000000e+00
6.9405439042923039e-02 3.1587803149013605e-02 0.0000000000000000e+00
5.6909173470721997e-02 5.5843088354483345e-02 0.0000000000000000e+00
5.3128917004085244e-02 4.4660093747876481e-02 0.0000000000000000e+00
7.1070676459545498e-02 3.3570080053659725e-02 0.0000000000000000e+00
6.8538651016412142e-02 3.4794569531643990e-02 0.0000000000000000e+00
6.8083064302900204e-02 3.5807692345090715e-02 0.0000000000000000e+00
6.7253712752799011e-02 3.4640623984192709e-02 0.0000000000000000e+00
7.1472930223287948e-02 3.4503966553575419e-02 0.0000000000000000e+00
6.9369821269727447e-02 3.5786300465638611e-02 0.0000000000000000e+00
6.8976606603120619e-02 3.2755606566094594e-02 0.0000000000000000e+00
6.7810859593801995e-02 3.3350913053364323e-02 0.0000000000000000e+00
7.2725811907347254e-02 3.0677797118002278e-02 0.0000000000000000e+00
4.1926675916284829e-02 1.8994640604231814e-02 0.0000000000000000e+00
6.2326713662884607e-02 4.7434325689913383e-02 0.0000000000000000e+00
7.0258096584476668e-02 3.2587993833420939e-02 0.0000000000000000e+00
6.3701782870871262e-02 4.3080604769324786e-02 0.0000000000000000e+00
3.9379454817597956e-02 3.6317980045241116e-02 0.0000000000000000e+00
4.7226221342632595e-02 2.2793527216396249e-02 0.0000000000000000e+00
4.8848401833136698e-02 2.2167841705592089e-02 0.0000000000000000e+00
4.8168658224001050e-02 2.3953252480161537e-02 0.0000000000000000e+00
6.0281298848197877e-02 5.2009538884276930e-02 0.0000000000000000e+00
5.8977184653125909e-02 5.1664745259493029e-02 0.0000000000000000e+00
5.4895325992370028e-02 4.3435315002338992e-02 0.0000000000000000e+00
5.7946705595683018e-02 5.1620697136810570e-02 0.0000000000000000e+00
7.3356519463004408e-02 3.1081376879264360e-02 0.0000000000000000e+00
4.2430146949616054e-02 2.1881698109023604e-02 0.0000000000000000e+00
5.9613735951843848e-02 5.2538941465508214e-02 0.0000000000000000e+00
4.0920986715912995e-02 2.1879989143469662e-02 0.0000000000000000e+00
5.2645198374093753e-02 2.3435227225610110e-02 0.0000000000000000e+00
5.4495507602644093e-02 4.1563906837210431e-02 0.0000000000000000e+00
4.7125984500104030e-02 2.9026026001347037e-02 0.0000000000000000e+00
4.5661604611192105e-02 2.9050484642460340e-02 0.0000000000000000e+00
4.6573978960003717e-02 2.4273342118358240e-02 0.0000000000000000e+00
4.5956622113145024e-02 2.5696773858224570e-02 0.0000000000000000e+00
5.6934258586540769e-02 5.1428451030342388e-02 0.0000000000000000e+00
5.5353470984508775e-02 5.2412875644123662e-02 0.0000000000000000e+00
5.6300910345582954e-02 5.2364818103143855e-02 0.0000000000000000e+00
4.3251713510444573e-02 4.0878501897325462e-02 0.0000000000000000e+00
4.3040269959379908e-02 2.9166785493899249e-02 0.0000000000000000e+00
4.4416942914137815e-02 3.0188601650387371e-02 0.0000000000000000e+00
6.9039385030990816e-02 3.7637499452210788e-02 0.0000000000000000e+00
6.9898077355230584e-02 3.7767310517113829e-02 0.0000000000000000e+00
4.3977170442811346e-02 3.1810444655450153e-02 0.0000000000000000e+00
4.2433235616580557e-02 3.2456941707792085e-02 0.0000000000000000e+00
6.8741656863065270e-02 3.6802931759447197e-02 0.0000000000000000e+00
5.7418589972164077e-02 5.2586734226220108e-02 0.0000000000000000e+00
5.2343266488616223e-02 3.1662049235471924e-02 0.0000000000000000e+00
5.8543300311934568e-02 5.2488255407201159e-02 0.0000000000000000e+00
6.8120784406340618e-02 3.7596290615644568e-02 0.0000000000000000e+00
6.6905750808959649e-02 3.7582725068475348e-02 0.0000000000000000e+00
6.7748664867023620e-02 3.6789111971412110e-02 0.0000000000000000e+00
4.3599476074308911e-02 2.3355399629884459e-02 0.0000000000000000e+00
6.6005355787384604e-02 3.3118447620162944e-02 0.0000000000000000e+00
4.2141708173145949e-02 3.9451897924241953e-02 0.0000000000000000e+00
5.0895352869895570e-02 2.6214584052248077e-02 0.0000000000000000e+00
5.5233431462336356e-02 5.3624460580028573e-02 0.0000000000000000e+00
5.5804142526383077e-02 5.3034666993358473e-02 0.0000000000000000e+00
6.4611904571906340e-02 3.3798287376385468e-02 0.0000000000000000e+00
6.5428646680131750e-02 3.5067293586524835e-02 0.0000000000000000e+00
6.6783137106308080e-02 3.6768976513522067e-02 0.0000000000000000e+00
6.6871592987419196e-02 3.5956735569672903e-02 0.0000000000000000e+00
6.5397329622972969e-02 4.2353339108620880e-02 0.0000000000000000e+00
4.1786880654982768e-02 3.6132225663226748e-02 0.0000000000000000e+00
4.0838005023481089e-02 3.7914796601956971e-02 0.0000000000000000e+00
5.0846190245557636e-02 2.2515720557842629e-02 0.0000000000000000e+00
5.1939345193450406e-02 3.0322652138228694e-02 0.0000000000000000e+00
4.3755288672187240e-02 3.5142169698865661e-02 0.0000000000000000e+00
7.1921881928010634e-02 3.4005520322122368e-02 0.0000000000000000e+00
4.4887553706240167e-02 2.4707810069633535e-02 0.0000000000000000e+00
6.8128934242982789e-02 3.4177801859738920e-02 0.0000000000000000e+00
3.4987725538920392e-02 2.5314870717627381e-02 0.0000000000000000e+00
3.0666336492350808e-02 2.5108010599305799e-02 0.0000000000000000e+00
3.3806942691702369e-02 1.9973419921144490e-02 0.0000000000000000e+00
3.2809268704923455e-02 2.8673556475892894e-02 0.0000000000000000e+00
3.8614784941081143e-02 1.9808479122442855e-02 0.0000000000000000e+00
3.7356326438011685e-02 2.2614380622016324e-02 0.0000000000000000e+00
2.6709423000117988e-02 2.1001557462729383e-02 0.0000000000000000e+00
2.9350984663448095e-02 1.5816374815673651e-02 0.0000000000000000e+00
5.5431143764901325e-02 3.3023768618948499e-02 0.0000000000000000e+00
5.5654724389233863e-02 3.3979739674360972e-02 0.0000000000000000e+00
5.4745433689367622e-02 3.4007339450092398e-02 0.0000000000000000e+00
5.6516077628383489e-02 3.4025532035907906e-02 0.0000000000000000e+00
5.5877648697339868e-02 3.4935916209787893e-02 0.0000000000000000e+00
5.4522652803732793e-02 3.3051129185015057e-02 0.0000000000000000e+00
5.6293239708577386e-02 3.3069285591354053e-02 0.0000000000000000e+00
5.5204060102826046e-02 3.2069309930141753e-02 0.0000000000000000e+00
5.6070018279158654e-02 3.2112793068587345e-02 0.0000000000000000e+00
5.4968213616462001e-02 3.4963548653857389e-02 0.0000000000000000e+00
5.5129569575360013e-02 2.9407614048306292e-02 0.0000000000000000e+00
5.4613475009884616e-02 2.8758815853315051e-02 0.0000000000000000e+00
5.5526615800800837e-02 2.8677717753035466e-02 0.0000000000000000e+00
5.6379673580806755e-02 3.0538337137426569e-02 0.0000000000000000e+00
5.6587443233867683e-02 2.9942867618564566e-02 0.0000000000000000e+00
5.7084197807199463e-02 3.0375817705166785e-02 0.0000000000000000e+00
5.4959694559872034e-02 3.1125817612805480e-02 0.0000000000000000e+00
5.5843878677415269e-02 3.1154430299475577e-02 0.0000000000000000e+00
5.6618524229419639e-02 3.1503490516632163e-02 0.0000000000000000e+00
5.6859365706545997e-02 3.0937121933967471e-02 0.0000000000000000e+00
5.7321276721890857e-02 3.1342170428235630e-02 0.0000000000000000e+00
5.4643865650304047e-02 3.0241349257289177e-02 0.0000000000000000e+00
5.5596860843012547e-02 3.0200631038717746e-02 0.0000000000000000e+00
5.6007464742207899e-02 2.7963256119677912e-02 0.0000000000000000e+00
5.6502588543167642e-02 2.8677840396673222e-02 0.0000000000000000e+00
5.6843425144967846e-02 3.2459974524724086e-02 0.0000000000000000e+00
5.7088427291544751e-02 3.1897059465074186e-02 0.0000000000000000e+00
5.7545896220192176e-02 3.2299233537490583e-02 0.0000000000000000e+00
5.5936616269190123e-02 2.9470723444331177e-02 0.0000000000000000e+00
5.7066367209783149e-02 3.3416287632168397e-02 0.0000000000000000e+00
5.7312002438572519e-02 3.2853535057139970e-02 0.0000000000000000e+00
5.7768883295217968e-02 3.3255525112261902e-02 0.0000000000000000e+00
5.7289168399291081e-02 3.4372510487721226e-02 0.0000000000000000e+00
5.7534860754557750e-02 3.3809785819935025e-02 0.0000000000000000e+00
5.7991685020986325e-02 3.4211746499052634e-02 0.0000000000000000e+00
5.6738865166713032e-02 3.4981746135656827e-02 0.0000000000000000e+00
5.6100454118696602e-02 3.5892120893287555e-02 0.0000000000000000e+00
5.6841447593289678e-02 2.9319420085980090e-02 0.0000000000000000e+00
5.7511951110403838e-02 3.5328721486362229e-02 0.0000000000000000e+00
5.7757650033974546e-02 3.4766000720530481e-02 0.0000000000000000e+00
5.8214467611117787e-02 3.5167957354558424e-02 0.0000000000000000e+00
5.7734731397999235e-02 3.6284930928800703e-02 0.0000000000000000e+00
5.7980431150170458e-02 3.5722210683812691e-02 0.0000000000000000e+00
5.8437247876962140e-02 3.6124166779352235e-02 0.0000000000000000e+00
5.6991579162156712e-02 3.9716956985912176e-02 0.0000000000000000e+00
5.7214539592094667e-02 4.0656887918060929e-02 0.0000000000000000e+00
5.6304893142490216e-02 4.0700803891878280e-02 0.0000000000000000e+00
5.7957511368100005e-02 3.7241140167164712e-02 0.0000000000000000e+00
5.8203211231669091e-02 3.6678419987050792e-02 0.0000000000000000e+00
5.8660027842711147e-02 3.7080376016380957e-02 0.0000000000000000e+00
5.6961646088152330e-02 3.5937955985815874e-02 0.0000000000000000e+00
5.6323238478902013e-02 3.6848329467763036e-02 0.0000000000000000e+00
5.8180291296442838e-02 3.8197349378755852e-02 0.0000000000000000e+00
5.8425991173016702e-02 3.7634629208081381e-02 0.0000000000000000e+00
5.8882807764567002e-02 3.8036585230236578e-02 0.0000000000000000e+00
5.8403071219247635e-02 3.9153558586798504e-02 0.0000000000000000e+00
5.8648771068966161e-02 3.8590838429375156e-02 0.0000000000000000e+00
5.9105587523591373e-02 3.8992794505489613e-02 0.0000000000000000e+00
5.6082113220524303e-02 3.9744594684373129e-02 0.0000000000000000e+00
5.8625851141323904e-02 4.0109767794374362e-02 0.0000000000000000e+00
5.8871550192975630e-02 3.9547047969146529e-02 0.0000000000000000e+00
5.9328362817274119e-02 3.9949005640269084e-02 0.0000000000000000e+00
5.7184426141584296e-02 3.6894165277557692e-02 0.0000000000000000e+00
5.6546019165345476e-02 3.7804538585623410e-02 0.0000000000000000e+00
5.8848632413130840e-02 4.1065979844126084e-02 0.0000000000000000e+00
5.9094307783366544e-02 4.0503266466764949e-02 0.0000000000000000e+00
5.9551012032229601e-02 4.0905265813896287e-02 0.0000000000000000e+00
5.9070024166292867e-02 4.2022866292586961e-02 0.0000000000000000e+00
5.9316455146610957e-02 4.1459718378630557e-02 0.0000000000000000e+00
5.9771514123387125e-02 4.1862200203504597e-02 0.0000000000000000e+00
5.9258938238987473e-02 4.2987335603786349e-02 0.0000000000000000e+00
5.9529866693694047e-02 4.2418633490159008e-02 0.0000000000000000e+00
5.9975612072254124e-02 4.2824987187573570e-02 0.0000000000000000e+00
5.7407206080844313e-02 3.7850374496144014e-02 0.0000000000000000e+00
5.6768799217983237e-02 3.8760747780274607e-02 0.0000000000000000e+00
5.9439276508265193e-02 4.3962809587709789e-02 0.0000000000000000e+00
5.9702471176931927e-02 4.3396765332795594e-02 0.0000000000000000e+00
6.0170585895569464e-02 4.3801378230234916e-02 0.0000000000000000e+00
5.9878837697339843e-02 4.4412696304515081e-02 0.0000000000000000e+00
6.0359272624053627e-02 4.4901364659318620e-02 0.0000000000000000e+00
5.7629986005085239e-02 3.8806583705106860e-02 0.0000000000000000e+00
5.8878855785625878e-02 4.4538331718656551e-02 0.0000000000000000e+00
5.9397473231328615e-02 4.5176879218828320e-02 0.0000000000000000e+00
5.8480576842685164e-02 4.5270953237895678e-02 0.0000000000000000e+00
5.5859333298559126e-02 3.8788385476868907e-02 0.0000000000000000e+00
5.7852765927350440e-02 3.9762792912803775e-02 0.0000000000000000e+00
5.7752391100942720e-02 4.3159535579963125e-02 0.0000000000000000e+00
5.7471853012457143e-02 4.3931689777683088e-02 0.0000000000000000e+00
5.6942810589492340e-02 4.3496708529405903e-02 0.0000000000000000e+00
5.8075545849355717e-02 4.0719002120334150e-02 0.0000000000000000e+00
5.5636553376608056e-02 3.7832176269380693e-02 0.0000000000000000e+00
5.7535404468308432e-02 4.1385023648047234e-02 0.0000000000000000e+00
5.5413773454761651e-02 3.6875967062015381e-02 0.0000000000000000e+00
5.8298325771326813e-02 4.1675211327842611e-02 0.0000000000000000e+00
5.5190993533569530e-02 3.5919757855433568e-02 0.0000000000000000e+00
5.8521109265978297e-02 4.2631415656170540e-02 0.0000000000000000e+00
5.7562131154803665e-02 4.2184800757777093e-02 0.0000000000000000e+00
5.8565632129284992e-02 4.3664876182631818e-02 0.0000000000000000e+00
5.4299438212997930e-02 3.2095144133971826e-02 0.0000000000000000e+00
6.0242148043095078e-02 4.5770209679769844e-02 0.0000000000000000e+00
5.6527049002906525e-02 4.1656747949389943e-02 0.0000000000000000e+00
5.9040260655954892e-02 4.5925064048200397e-02 0.0000000000000000e+00
5.4068225813688801e-02 3.1143014873888424e-02 0.0000000000000000e+00
5.7995921860934198e-02 4.5984405980401578e-02 0.0000000000000000e+00
5.7471474085320155e-02 4.5314438576089265e-02 0.0000000000000000e+00
5.6738507319359165e-02 4.2600870385249061e-02 0.0000000000000000e+00
5.8058575480943925e-02 4.4519285293650873e-02 0.0000000000000000e+00
5.7186943769789340e-02 4.4566762685658283e-02 0.0000000000000000e+00
5.3807971313114024e-02 3.0318781817233260e-02 0.0000000000000000e+00
5.4133526432535384e-02 2.9596304465399514e-02 0.0000000000000000e+00
5.3763764762327512e-02 2.8162425968808896e-02 0.0000000000000000e+00
5.3623210871748789e-02 2.9011433534041949e-02 0.0000000000000000e+00
5.4967619802991904e-02 2.8014155288740007e-02 0.0000000000000000e+00
5.9561775631473891e-02 4.6667970310697297e-02 0.0000000000000000e+00
6.0612790168037389e-02 4.6660733012877043e-02 0.0000000000000000e+00
5.4447438519407261e-02 2.7267435199902313e-02 0.0000000000000000e+00
5.3396816527846246e-02 2.7274104983504847e-02 0.0000000000000000e+00
5.7923610651305836e-02 4.7291558631364299e-02 0.0000000000000000e+00
5.8563668330673793e-02 4.6679965856853231e-02 0.0000000000000000e+00
5.6086900813949153e-02 2.6643698605322105e-02 0.0000000000000000e+00
5.5446959983323295e-02 2.7255280837700357e-02 0.0000000000000000e+00
5.6360700818794816e-02 2.7314684593778428e-02 0.0000000000000000e+00
5.7649226402749831e-02 4.6620625353572073e-02 0.0000000000000000e+00
5.6975128894106067e-02 5.6975128894106067e-02 0.0000000000000000e+00
8.0449999999999994e-02 0.0000000000000000e+00 0.0000000000000000e+00
5.6886740546457752e-02 5.6886740546457752e-02 0.0000000000000000e+00
8.0324999999999994e-02 0.0000000000000000e+00 0.0000000000000000e+00
5.6798352198809431e-02 5.6798352198809431e-02 0.0000000000000000e+00
5.7470154940598192e-02 5.6475763970960470e-02 0.0000000000000000e+00
5.7960804412286793e-02 5.5972098199733727e-02 0.0000000000000000e+00
5.8447039944315070e-02 5.5464169936524227e-02 0.0000000000000000e+00
5.8928824507964619e-02 5.4952017862035837e-02 0.0000000000000000e+00
5.9406121413475732e-02 5.4435680978631842e-02 0.0000000000000000e+00
5.9878894312841040e-02 5.3915198607364989e-02 0.0000000000000000e+00
6.0347107202573823e-02 5.3390610384983071e-02 0.0000000000000000e+00
6.0810724426449837e-02 5.2861956260910128e-02 0.0000000000000000e+00
6.1269710678222448e-02 5.2329276494204588e-02 0.0000000000000000e+00
6.1724031004311633e-02 5.1792611650492933e-02 0.0000000000000000e+00
6.2173650806465537e-02 5.1252002598880818e-02 0.0000000000000000e+00
6.2618535844395404e-02 5.0707490508840679e-02 0.0000000000000000e+00
6.3058652238383237e-02 5.0159116847076197e-02 0.0000000000000000e+00
6.3493966471861590e-02 4.9606923374364960e-02 0.0000000000000000e+00
6.3924445393966245e-02 4.9050952142377681e-02 0.0000000000000000e+00
6.4350056222060609e-02 4.8491245490476287e-02 0.0000000000000000e+00
6.4770766544232250e-02 4.7927846042489362e-02 0.0000000000000000e+00
6.5186544321761380e-02 4.7360796703466039e-02 0.0000000000000000e+00
6.5597357891560376e-02 4.6790140656409011e-02 0.0000000000000000e+00
6.6003175968585487e-02 4.6215921358985571e-02 0.0000000000000000e+00
6.6403967648218903e-02 4.5638182540218411e-02 0.0000000000000000e+00
6.6799702408622458e-02 4.5056968197155461e-02 0.0000000000000000e+00
6.7190350113062056e-02 4.4472322591519099e-02 0.0000000000000000e+00
6.7575881012202507e-02 4.3884290246335861e-02 0.0000000000000000e+00
6.7956265746373243e-02 4.3292915942545362e-02 0.0000000000000000e+00
6.8331475347804010e-02 4.2698244715590493e-02 0.0000000000000000e+00
6.8701481242830945e-02 4.2100321851987622e-02 0.0000000000000000e+00
6.9066255254072673e-02 4.1499192885877639e-02 0.0000000000000000e+00
6.9425769602575890e-02 4.0894903595558793e-02 0.0000000000000000e+00
6.9779996909931113e-02 4.0287500000000032e-02 0.0000000000000000e+00
7.0128910200357400e-02 3.9677028355336867e-02 0.0000000000000000e+00
7.0472482902756775e-02 3.9063535151348652e-02 0.0000000000000000e+00
7.0810688852737835e-02 3.8447067107917968e-02 0.0000000000000000e+00
7.1143502294608002e-02 3.7827671171473211e-02 0.0000000000000000e+00
7.1470897883335188e-02 3.7205394511412887e-02 0.0000000000000000e+00
7.1792850686477727e-02 3.6580284516514003e-02 0.0000000000000000e+00
7.2109336186083131e-02 3.5952388791322898e-02 0.0000000000000000e+00
7.2420330280555362e-02 3.5321755152529943e-02 0.0000000000000000e+00
7.2725809286489973e-02 3.4688431625328447e-02 0.0000000000000000e+00
7.3025749940478044e-02 3.4052466439756901e-02 0.0000000000000000e+00
7.3320129400877454e-02 3.3413908027026477e-02 0.0000000000000000e+00
7.3608925249552537e-02 3.2772805015832657e-02 0.0000000000000000e+00
7.3892115493581351e-02 3.2129206228651737e-02 0.0000000000000000e+00
7.4169678566930339e-02 3.1483160678023307e-02 0.0000000000000000e+00
7.4441593332096906e-02 3.0834717562817159e-02 0.0000000000000000e+00
7.4707839081718880e-02 3.0183926264487130e-02 0.0000000000000000e+00
7.4968395540151597e-02 2.9530836343310319e-02 0.0000000000000000e+00
7.5223242865012002e-02 2.8875497534612611e-02 0.0000000000000000e+00
7.5472361648689631e-02 2.8217959744981602e-02 0.0000000000000000e+00
7.5715732919824544e-02 2.7558273048465809e-02 0.0000000000000000e+00
7.5953338144752261e-02 2.6896487682761119e-02 0.0000000000000000e+00
7.6185159228914917e-02 2.6232654045385471e-02 0.0000000000000000e+00
7.6411178518239489e-02 2.5566822689840341e-02 0.0000000000000000e+00
7.6631378800481986e-02 2.4899044321761401e-02 0.0000000000000000e+00
7.6845743306538358e-02 2.4229369795056861e-02 0.0000000000000000e+00
7.7054255711721559e-02 2.3557850108034541e-02 0.0000000000000000e+00
7.7256900137004647e-02 2.2884536399518571e-02 0.0000000000000000e+00
7.7453661150230016e-02 2.2209479944954751e-02 0.0000000000000000e+00
7.7644523767284784e-02 2.1532732152505570e-02 0.0000000000000000e+00
7.7829473453241649e-02 2.0854344559135679e-02 0.0000000000000000e+00
7.8008496123466012e-02 2.0174368826686651e-02 0.0000000000000000e+00
7.8181578144688416e-02 1.9492856737943241e-02 0.0000000000000000e+00
7.8348706336042767e-02 1.8809860192689629e-02 0.0000000000000000e+00
7.8509867970070313e-02 1.8125431203756950e-02 0.0000000000000000e+00
7.8665050773688613e-02 1.7439621893062709e-02 0.0000000000000000e+00
7.8814242929126380e-02 1.6752484487640999e-02 0.0000000000000000e+00
7.8957433074823336e-02 1.6064071315665680e-02 0.0000000000000000e+00
7.9094610306295512e-02 1.5374434802465149e-02 0.0000000000000000e+00
7.9225764176965627e-02 1.4683627466529811e-02 0.0000000000000000e+00
7.9350884698958651e-02 1.3991701915512911e-02 0.0000000000000000e+00
7.9469962343862402e-02 1.3298710842224150e-02 0.0000000000000000e+00
7.9582988043453207e-02 1.2604707020616619e-02 0.0000000000000000e+00
7.9689953190386437e-02 1.1909743301768441e-02 0.0000000000000000e+00
7.9790849638852010e-02 1.1213872609857310e-02 0.0000000000000000e+00
7.9885669705194770e-02 1.0517147938130659e-02 0.0000000000000000e+00
7.9974406168499518e-02 9.8196223448698081e-03 0.0000000000000000e+00
8.0057052271141030e-02 9.1213489493491076e-03 0.0000000000000000e+00
8.0133601719298619e-02 8.4223809277911739e-03 0.0000000000000000e+00
8.0204048683435419e-02 7.7227715093170866e-03 0.0000000000000000e+00
8.0268387798742388e-02 7.0225739718925689e-03 0.0000000000000000e+00
8.0326614165546775e-02 6.3218416382711607e-03 0.0000000000000000e+00
8.0378723349685335e-02 5.6206278719329230e-03 0.0000000000000000e+00
8.0424711382841921e-02 4.9189860730210920e-03 0.0000000000000000e+00
8.0464574762849780e-02 4.2169696742752434e-03 0.0000000000000000e+00
8.0498310453958180e-02 3.5146321369619641e-03 0.0000000000000000e+00
8.0525915887063620e-02 2.8120269468040748e-03 0.0000000000000000e+00
8.0547388959905514e-02 2.1092076099069111e-03 0.0000000000000000e+00
8.0562728037226222e-02 1.4062276486841230e-03 0.0000000000000000e+00
8.0571931950895598e-02 7.0314059778152729e-04 0.0000000000000000e+00
8.0446936710512576e-02 7.0204978084416510e-04 0.0000000000000000e+00
8.0437747075331675e-02 1.4040460978794330e-03 0.0000000000000000e+00
8.0422431794283572e-02 2.1059354913683971e-03 0.0000000000000000e+00
8.0400992033686253e-02 2.8076645097161968e-03 0.0000000000000000e+00
8.0373429426260454e-02 3.5091797135412672e-03 0.0000000000000000e+00
8.0339746071005455e-02 4.2104276797448091e-03 0.0000000000000000e+00
8.0299944533039194e-02 4.9113550055792047e-03 0.0000000000000000e+00
8.0254027843402853e-02 5.6119083127148780e-03 0.0000000000000000e+00
8.0201999498830140e-02 6.3120342513051150e-03 0.0000000000000000e+00
8.0143863461480919e-02 7.0116795040490809e-03 0.0000000000000000e+00
8.0079624158639534e-02 7.7107907902519927e-03 0.0000000000000000e+00
8.0009286482377595e-02 8.4093148698826878e-03 0.0000000000000000e+00
7.9932855789181453e-02 9.1071985476280891e-03 0.0000000000000000e+00
7.9850337899544363e-02 9.8043886769441004e-03 0.0000000000000000e+00
7.9761739097523043e-02 1.0500832164103130e-02 0.0000000000000000e+00
7.9667066130259326e-02 1.1196475972237231e-02 0.0000000000000000e+00
7.9566326207466218e-02 1.1891267125377140e-02 0.0000000000000000e+00
7.9459527000878827e-02 1.2585152712486560e-02 0.0000000000000000e+00
7.9346676643670261e-02 1.3278079891491500e-02 0.0000000000000000e+00
7.9227783729832135e-02 1.3969995893304520e-02 0.0000000000000000e+00
7.9102857313520139e-02 1.4660848025843229e-02 0.0000000000000000e+00
7.8971906908364572e-02 1.5350583678042991e-02 0.0000000000000000e+00
7.8834942486745746e-02 1.6039150323863501e-02 0.0000000000000000e+00
7.8691974479034657e-02 1.6726495526288711e-02 0.0000000000000000e+00
7.8543013772798639e-02 1.7412566941320349e-02 0.0000000000000000e+00
7.8388071711972179e-02 1.8097312321963901e-02 0.0000000000000000e+00
7.8227160095993092e-02 1.8780679522207550e-02 0.0000000000000000e+00
7.8060291178903909e-02 1.9462616500993249e-02 0.0000000000000000e+00
7.7887477668418775e-02 2.0143071326179790e-02 0.0000000000000000e+00
7.7708732724955543e-02 2.0821992178497759e-02 0.0000000000000000e+00
7.7524069960633726e-02 2.1499327355495718e-02 0.0000000000000000e+00
7.7333503438237750e-02 2.2175025275477569e-02 0.0000000000000000e+00
7.7137047670146133e-02 2.2849034481430549e-02 0.0000000000000000e+00
7.6934717617226200e-02 2.3521303644944140e-02 0.0000000000000000e+00
7.6726528687694862e-02 2.4191781570118739e-02 0.0000000000000000e+00
7.6512496735945110e-02 2.4860417197464471e-02 0.0000000000000000e+00
7.6292638061338736e-02 2.5527159607789639e-02 0.0000000000000000e+00
7.6066969406965043e-02 2.6191958026078231e-02 0.0000000000000000e+00
7.5835507958365758e-02 2.6854761825356840e-02 0.0000000000000000e+00
7.5598271342226339e-02 2.7515520530550001e-02 0.0000000000000000e+00
7.5355277625033593e-02 2.8174183822324110e-02 0.0000000000000000e+00
7.5106545311699885e-02 2.8830701540919379e-02 0.0000000000000000e+00
7.4852093344153880e-02 2.9485023689969681e-02 0.0000000000000000e+00
7.4591941099898057e-02 3.0137100440310080e-02 0.0000000000000000e+00
7.4326108390533024e-02 3.0786882133771429e-02 0.0000000000000000e+00
7.4054615460248843e-02 3.1434319286962019e-02 0.0000000000000000e+00
7.3777482984283230e-02 3.2079362595036028e-02 0.0000000000000000e+00
7.3494732067347246e-02 3.2721962935448087e-02 0.0000000000000000e+00
7.3206384242017919e-02 3.3362071371694391e-02 0.0000000000000000e+00
7.2912461467098497e-02 3.3999639157039248e-02 0.0000000000000000e+00
7.2612986125946286e-02 3.4634617738227319e-02 0.0000000000000000e+00
7.2307981024767987e-02 3.5266958759181247e-02 0.0000000000000000e+00
7.1997469390882918e-02 3.5896614064684078e-02 0.0000000000000000e+00
7.1681474870954193e-02 3.6523535704046532e-02 0.0000000000000000e+00
7.1360021529187939e-02 3.7147675934758463e-02 0.0000000000000000e+00
7.1033133845500682e-02 3.7768987226124887e-02 0.0000000000000000e+00
7.0700836713655110e-02 3.8387422262885502e-02 0.0000000000000000e+00
7.0363155439364389e-02 3.9002933948817813e-02 0.0000000000000000e+00
7.0020115738364933e-02 3.9615475410323911e-02 0.0000000000000000e+00
6.9671743734458100e-02 4.0224999999999983e-02 0.0000000000000000e+00
6.9318065957520741e-02 4.0831461300188651e-02 0.0000000000000000e+00
6.8959109341484928e-02 4.1434813126513863e-02 0.0000000000000000e+00
6.8594901222286717e-02 4.2035009531398070e-02 0.0000000000000000e+00
6.8225469335784453e-02 4.2632004807561352e-02 0.0000000000000000e+00
6.7850841815646643e-02 4.3225753491501977e-02 0.0000000000000000e+00
6.7471047191209360e-02 4.3816210366958923e-02 0.0000000000000000e+00
6.7086114385303680e-02 4.4403330468355068e-02 0.0000000000000000e+00
6.6696072712053078e-02 4.4987069084221593e-02 0.0000000000000000e+00
6.6300951874641148e-02 4.5567381760602807e-02 0.0000000000000000e+00
6.5900781963049382e-02 4.6144224304441657e-02 0.0000000000000000e+00
6.5495593451765879e-02 4.6717552786945102e-02 0.0000000000000000e+00
6.5085417197464496e-02 4.7287323546929480e-02 0.0000000000000000e+00
6.4670284436655123e-02 4.7853493194145419e-02 0.0000000000000000e+00
6.4250226783304706e-02 4.8416018612582289e-02 0.0000000000000000e+00
6.3825276226429847e-02 4.8974856963751603e-02 0.0000000000000000e+00
6.3395465127660769e-02 4.9529965689949218e-02 0.0000000000000000e+00
6.2960826218776689e-02 5.0081302517496512e-02 0.0000000000000000e+00
6.2521392599213299e-02 5.0628825459959427e-02 0.0000000000000000e+00
6.2077197733542040e-02 5.1172492821346130e-02 0.0000000000000000e+00
6.1628275448921757e-02 5.1712263199282113e-02 0.0000000000000000e+00
6.1174659932522468e-02 5.2248095488163289e-02 0.0000000000000000e+00
6.0716385728921969e-02 5.2779948882286341e-02 0.0000000000000000e+00
6.0253487737475193e-02 5.3307782878956107e-02 0.0000000000000000e+00
5.9786001209656332e-02 5.3831557281570172e-02 0.0000000000000000e+00
5.9313961746374461e-02 5.4351232202679879e-02 0.0000000000000000e+00
5.8837405295262220e-02 5.4866768067028053e-02 0.0000000000000000e+00
5.8356368147938500e-02 5.5378125614562533e-02 0.0000000000000000e+00
5.7870886937244452e-02 5.5885265903426351e-02 0.0000000000000000e+00
5.7380998634453860e-02 5.6388150312923047e-02 0.0000000000000000e+00
8.0321941470129554e-02 7.0095896390686839e-04 0.0000000000000000e+00
8.0312766113437128e-02 1.4018645470747720e-03 0.0000000000000000e+00
8.0297474628661630e-02 2.1026633728299131e-03 0.0000000000000000e+00
8.0276068180308857e-02 2.8033020726283839e-03 0.0000000000000000e+00
8.0248548398562727e-02 3.5037272901206002e-03 0.0000000000000000e+00
8.0214917379161144e-02 4.2038856852144417e-03 0.0000000000000000e+00
8.0175177683236454e-02 4.9037239381373833e-03 0.0000000000000000e+00
8.0129332337120371e-02 5.6031887534968624e-03 0.0000000000000000e+00
8.0077384832113491e-02 6.3022268643391343e-03 0.0000000000000000e+00
8.0019339124219449e-02 7.0007850362056234e-03 0.0000000000000000e+00
7.9955199633843621e-02 7.6988100711870011e-03 0.0000000000000000e+00
7.9884971245456543e-02 8.3962488119742659e-03 0.0000000000000000e+00
7.9808659307221877e-02 9.0930481459071000e-03 0.0000000000000000e+00
7.9726269630589194e-02 9.7891550090184569e-03 0.0000000000000000e+00
7.9637808489851317e-02 1.0484516390075620e-02 0.0000000000000000e+00
7.9543282621666628e-02 1.1179079334617261e-02 0.0000000000000000e+00
7.9442699224545957e-02 1.1872790948985971e-02 0.0000000000000000e+00
7.9336065958304433e-02 1.2565598404356530e-02 0.0000000000000000e+00
7.9223390943478106e-02 1.3257448940758910e-02 0.0000000000000000e+00
7.9104682760705605e-02 1.3948289871096191e-02 0.0000000000000000e+00
7.8979950450074651e-02 1.4638068585156740e-02 0.0000000000000000e+00
7.8849203510433605e-02 1.5326732553620950e-02 0.0000000000000000e+00
7.8712451898668143e-02 1.6014229332061349e-02 0.0000000000000000e+00
7.8569706028942934e-02 1.6700506564936501e-02 0.0000000000000000e+00
7.8420976771908638e-02 1.7385511989578120e-02 0.0000000000000000e+00
7.8266275453874018e-02 1.8069193440170949e-02 0.0000000000000000e+00
7.8105613855943376e-02 1.8751498851725591e-02 0.0000000000000000e+00
7.7939004213119417e-02 1.9432376264043288e-02 0.0000000000000000e+00
7.7766459213371497e-02 2.0111773825673019e-02 0.0000000000000000e+00
7.7587991996669409e-02 2.0789639797859982e-02 0.0000000000000000e+00
7.7403616153982641e-02 2.1465922558485971e-02 0.0000000000000000e+00
7.7213345726245455e-02 2.2140570606000439e-02 0.0000000000000000e+00
7.7017195203287606e-02 2.2813532563342589e-02 0.0000000000000000e+00
7.6815179522730814e-02 2.3484757181853829e-02 0.0000000000000000e+00
7.6607314068851323e-02 2.4154193345180729e-02 0.0000000000000000e+00
7.6393614671408205e-02 2.4821790073167638e-02 0.0000000000000000e+00
7.6174097604437940e-02 2.5487496525739041e-02 0.0000000000000000e+00
7.5948779585015114e-02 2.6151262006771109e-02 0.0000000000000000e+00
7.5717677771979228e-02 2.6813035967952651e-02 0.0000000000000000e+00
7.5480809764628093e-02 2.7472768012634329e-02 0.0000000000000000e+00
7.5238193601377526e-02 2.8130407899666740e-02 0.0000000000000000e+00
7.4989847758387726e-02 2.8785905547226251e-02 0.0000000000000000e+00
7.4735791148156108e-02 2.9439211036629179e-02 0.0000000000000000e+00
7.4476043118077193e-02 3.0090274616133131e-02 0.0000000000000000e+00
7.4210623448969087e-02 3.0739046704725860e-02 0.0000000000000000e+00
7.3939552353567264e-02 3.1385477895900918e-02 0.0000000000000000e+00
7.3662850474985081e-02 3.2029518961420408e-02 0.0000000000000000e+00
7.3380538885141913e-02 3.2671120855063650e-02 0.0000000000000000e+00
7.3092639083158314e-02 3.3310234716362422e-02 0.0000000000000000e+00
7.2799172993718894e-02 3.3946811874321699e-02 0.0000000000000000e+00
7.2500162965402543e-02 3.4580803851126322e-02 0.0000000000000000e+00
7.2195631768980584e-02 3.5212162365832647e-02 0.0000000000000000e+00
7.1885602595682649e-02 3.5840839338045417e-02 0.0000000000000000e+00
7.1570099055430630e-02 3.6466786891579117e-02 0.0000000000000000e+00
7.1249145175040648e-02 3.7089957358104123e-02 0.0000000000000000e+00
7.0922765396393292e-02 3.7710303280776680e-02 0.0000000000000000e+00
7.0590984574572344e-02 3.8327777417853072e-02 0.0000000000000000e+00
7.0253827975971947e-02 3.8942332746287042e-02 0.0000000000000000e+00
6.9911321276372423e-02 3.9553922465311010e-02 0.0000000000000000e+00
6.9563490558985031e-02 4.0162499999999997e-02 0.0000000000000000e+00
6.9210362312465523e-02 4.0768019004818599e-02 0.0000000000000000e+00
6.8851963428897156e-02 4.1370433367150128e-02 0.0000000000000000e+00
6.8488321201742433e-02 4.1969697210808607e-02 0.0000000000000000e+00
6.8119463323764881e-02 4.2565764899532232e-02 0.0000000000000000e+00
6.7745417884920014e-02 4.3158591040458660e-02 0.0000000000000000e+00
6.7366213370216158e-02 4.3748130487582082e-02 0.0000000000000000e+00
6.6981878657545263e-02 4.4334338345191092e-02 0.0000000000000000e+00
6.6592443015483685e-02 4.4917169971287793e-02 0.0000000000000000e+00
6.6197936101063379e-02 4.5496580980987231e-02 0.0000000000000000e+00
6.5798387957513235e-02 4.6072527249897813e-02 0.0000000000000000e+00
6.5393829011971313e-02 4.6644964917481262e-02 0.0000000000000000e+00
6.4984290073167611e-02 4.7213850390392949e-02 0.0000000000000000e+00
6.4569802329077941e-02 4.7779140345801517e-02 0.0000000000000000e+00
6.4150397344548762e-02 4.8340791734688311e-02 0.0000000000000000e+00
6.3726107058893436e-02 4.8898761785125512e-02 0.0000000000000000e+00
6.3296963783459892e-02 4.9453008005533552e-02 0.0000000000000000e+00
6.2863000199170113e-02 5.0003488187916827e-02 0.0000000000000000e+00
6.2424249354031153e-02 5.0550160411078231e-02 0.0000000000000000e+00
6.1980744660618578e-02 5.1092983043811407e-02 0.0000000000000000e+00
6.1532519893531860e-02 5.1631914748071307e-02 0.0000000000000000e+00
6.1079609186822453e-02 5.2166914482122052e-02 0.0000000000000000e+00
6.0622047031394122e-02 5.2697941503662533e-02 0.0000000000000000e+00
6.0159868272376557e-02 5.3224955372929143e-02 0.0000000000000000e+00
5.9693108106471653e-02 5.3747915955775327e-02 0.0000000000000000e+00
5.9221802079273168e-02 5.4266783426727951e-02 0.0000000000000000e+00
5.8745986082559827e-02 5.4781518272020227e-02 0.0000000000000000e+00
5.8265696351561973e-02 5.5292081292600812e-02 0.0000000000000000e+00
5.7780969462202098e-02 5.5798433607119002e-02 0.0000000000000000e+00
5.7291842328309583e-02 5.6300536654885561e-02 0.0000000000000000e+00
$EndNodes
$Elements
10 2671 1 2671
2 20 2 818
1 166 167 57
2 168 169 7
3 170 172 171
4 170 171 173
5 174 176 175
6 175 176 177
7 178 180 179
8 179 180 181
9 168 183 182
10 168 7 100
11 183 99 98
12 184 170 185
13 186 188 187
14 187 188 189
15 58 191 190
16 99 183 168
17 175 193 192
18 194 196 195
19 194 195 197
20 198 144 199
21 199 144 143
22 200 202 201
23 201 202 203
24 204 206 205
25 204 205 207
26 208 210 209
27 208 209 131
28 55 211 166
29 55 166 56
30 210 213 212
31 99 168 100
32 214 157 215
33 215 157 158
34 185 170 173
35 58 190 59
36 216 217 215
37 216 215 158
38 218 60 190
39 217 78 77
40 184 220 219
41 79 221 8
42 169 168 213
43 222 38 223
44 224 29 225
45 225 29 30
46 226 228 227
47 227 228 135
48 184 219 229
49 223 38 39
50 230 231 228
51 232 65 64
52 228 231 136
53 233 235 234
54 234 235 151
55 236 238 237
56 184 185 220
57 239 240 231
58 231 240 137
59 241 243 242
60 242 243 119
61 244 246 245
62 247 249 248
63 247 248 250
64 251 196 194
65 80 253 252
66 254 255 91
67 256 258 257
68 256 257 36
69 259 260 218
70 170 262 261
71 263 256 264
72 80 252 81
73 265 266 195
74 191 58 167
75 265 268 267
76 267 268 88
77 269 271 270
78 269 270 272
79 167 58 57
80 273 275 274
81 273 274 276
82 277 275 264
83 278 280 279
84 281 283 282
85 278 279 44
86 284 285 266
87 266 285 286
88 284 267 287
89 287 267 86
90 288 252 177
91 289 282 290
92 291 289 290
93 292 294 293
94 295 296 285
95 285 296 297
96 298 295 287
97 293 15 16
98 60 218 299
99 60 299 61
100 288 300 252
101 245 302 301
102 301 302 32
103 277 303 275
104 275 303 274
105 264 275 263
106 263 275 273
107 304 305 197
108 56 166 57
109 306 308 307
110 309 311 310
111 307 304 197
112 286 312 308
113 308 312 181
114 297 313 312
115 312 313 314
116 315 311 276
117 316 276 311
118 51 317 50
119 239 305 304
120 318 239 304
121 307 197 306
122 296 319 297
123 320 322 321
124 320 321 323
125 324 325 186
126 326 324 327
127 326 325 324
128 226 227 328
129 207 226 329
130 328 329 226
131 330 332 331
132 331 332 333
133 334 335 327
134 335 326 327
135 326 335 336
136 255 254 196
137 337 255 251
138 164 339 338
139 164 338 163
140 329 328 340
141 341 340 328
142 228 226 230
143 342 230 226
144 342 226 207
145 127 344 343
146 127 343 128
147 345 346 208
148 345 208 130
149 251 255 196
150 333 347 331
151 348 317 349
152 348 350 317
153 230 342 305
154 239 230 305
155 351 327 352
156 238 351 352
157 348 349 333
158 322 320 105
159 322 105 10
160 353 354 201
161 354 353 355
162 356 315 357
163 357 315 358
164 358 359 357
165 360 361 315
166 362 360 356
167 360 315 356
168 362 363 360
169 150 235 364
170 365 330 364
171 365 364 235
172 362 356 366
173 349 347 333
174 319 367 313
175 368 369 321
176 370 371 353
177 241 372 370
178 370 372 371
179 373 352 374
180 238 352 373
181 319 313 297
182 316 263 273
183 309 263 316
184 316 311 309
185 375 244 301
186 376 186 187
187 376 187 103
188 369 225 377
189 378 380 379
190 378 381 380
191 381 382 380
192 383 123 122
193 383 122 384
194 384 122 121
195 324 352 327
196 385 386 189
197 189 386 387
198 181 180 307
199 181 307 308
200 187 189 388
201 187 388 104
202 103 187 104
203 133 341 328
204 328 134 133
205 348 333 389
206 389 333 332
207 323 390 320
208 377 392 391
209 106 320 390
210 390 107 106
211 393 395 394
212 393 396 395
213 397 398 368
214 22 399 21
215 34 375 33
216 33 375 301
217 341 133 132
218 394 395 400
219 400 310 394
220 401 338 339
221 385 189 188
222 305 402 194
223 390 323 403
224 194 197 305
225 404 307 180
226 403 405 390
227 304 307 404
228 403 323 391
229 342 207 205
230 396 405 403
231 249 406 299
232 200 383 202
233 383 200 407
234 249 260 248
235 408 407 200
236 408 200 155
237 409 166 211
238 409 167 166
239 173 167 409
240 409 410 173
241 355 353 411
242 245 392 377
243 246 392 245
244 246 412 392
245 257 258 413
246 414 258 309
247 413 258 414
248 299 218 249
249 397 368 322
250 321 322 368
251 209 210 212
252 354 355 152
253 218 260 249
254 399 325 326
255 326 336 399
256 399 336 20
257 399 20 21
258 315 394 311
259 398 397 415
260 153 201 354
261 201 153 154
262 347 349 52
263 52 349 51
264 394 310 311
265 50 317 350
266 50 350 49
267 277 416 303
268 303 416 417
269 398 28 224
270 29 224 28
271 211 145 198
272 409 211 198
273 198 410 409
274 416 418 417
275 210 346 419
276 243 121 120
277 283 421 420
278 346 422 419
279 422 237 419
280 423 372 242
281 423 366 372
282 424 338 425
283 425 338 401
284 426 220 199
285 199 220 410
286 305 342 402
287 205 402 342
288 150 151 235
289 245 377 302
290 407 408 214
291 214 408 156
292 214 156 157
293 214 9 407
294 361 393 394
295 361 394 315
296 202 384 203
297 199 410 198
298 393 361 110
299 361 111 110
300 225 30 302
301 225 302 377
302 373 427 101
303 207 329 204
304 365 235 428
305 283 281 421
306 393 110 109
307 353 201 370
308 203 370 201
309 379 344 429
310 126 429 344
311 126 344 127
312 47 283 46
313 46 283 420
314 430 206 204
315 282 431 290
316 432 434 433
317 282 435 431
318 436 432 433
319 233 438 437
320 347 439 331
321 438 291 437
322 361 360 112
323 360 113 112
324 440 165 4
325 66 440 4
326 405 396 393
327 440 65 232
328 440 66 65
329 200 201 154
330 405 393 108
331 427 374 376
332 376 102 427
333 331 148 330
334 364 330 149
335 149 330 148
336 208 346 210
337 393 109 108
338 184 262 170
339 322 441 397
340 324 374 352
341 348 431 350
342 442 431 348
343 387 441 189
344 441 387 397
345 379 13 378
346 391 392 443
347 391 443 403
348 378 13 14
349 267 284 265
350 265 284 266
351 340 341 212
352 220 426 444
353 444 426 142
354 411 234 355
355 323 321 391
356 391 321 369
357 287 295 284
358 284 295 285
359 371 411 353
360 440 232 339
361 369 377 391
362 336 335 19
363 379 429 12
364 344 379 380
365 445 447 446
366 446 447 192
367 445 424 425
368 424 445 446
369 424 446 162
370 276 358 315
371 19 335 448
372 182 183 430
373 182 430 340
374 329 340 430
375 430 204 329
376 182 213 168
377 212 213 182
378 10 441 322
379 449 334 327
380 234 411 233
381 397 387 415
382 415 387 26
383 183 97 450
384 225 369 224
385 183 450 430
386 451 449 351
387 386 385 23
388 385 22 23
389 145 211 3
390 211 54 3
391 54 211 55
392 302 30 31
393 200 154 155
394 380 343 344
395 373 374 427
396 439 347 452
397 452 146 439
398 351 449 327
399 232 453 339
400 453 401 339
401 18 448 454
402 383 384 202
403 232 455 453
404 330 365 332
405 235 233 428
406 428 233 437
407 448 334 454
408 19 448 18
409 454 17 18
410 190 60 59
411 456 221 217
412 217 216 456
413 450 97 96
414 232 64 455
415 63 455 64
416 337 206 457
417 337 205 206
418 337 251 205
419 186 376 374
420 13 379 12
421 104 388 10
422 453 455 247
423 458 272 459
424 186 374 324
425 177 176 288
426 176 458 288
427 239 231 230
428 174 175 447
429 387 25 26
430 332 365 389
431 144 198 145
432 174 447 460
433 340 212 182
434 325 399 385
435 22 385 399
436 385 188 325
437 125 407 9
438 386 24 387
439 387 24 25
440 242 119 118
441 461 174 460
442 195 266 306
443 236 237 462
444 462 237 422
445 459 272 270
446 286 285 297
447 331 439 147
448 148 331 147
449 306 266 308
450 286 297 312
451 450 457 206
452 430 450 206
453 214 215 9
454 215 76 9
455 196 265 195
456 265 196 268
457 241 242 372
458 77 215 217
459 384 241 203
460 203 241 370
461 384 243 241
462 388 189 441
463 10 388 441
464 27 398 415
465 386 23 24
466 384 121 243
467 419 213 210
468 450 95 457
469 165 440 339
470 164 165 339
471 259 190 191
472 346 463 422
473 183 98 97
474 463 464 422
475 349 317 51
476 455 63 406
477 389 365 428
478 389 428 442
479 190 259 218
480 264 222 223
481 406 63 62
482 318 465 240
483 240 465 138
484 262 467 466
485 465 139 138
486 468 469 280
487 93 457 94
488 262 466 261
489 117 242 118
490 457 95 94
491 318 240 239
492 470 262 471
493 378 14 294
494 294 14 15
495 472 468 280
496 240 138 137
497 382 473 464
498 83 474 84
499 451 475 449
500 363 362 423
501 396 403 443
502 32 302 31
503 442 348 389
504 116 363 423
505 363 116 115
506 95 450 96
507 236 451 351
508 40 416 223
509 40 223 39
510 231 137 136
511 476 478 477
512 470 471 314
513 401 453 479
514 368 224 369
515 351 238 236
516 405 108 107
517 396 443 395
518 395 443 412
519 411 371 480
520 471 262 184
521 398 224 368
522 404 465 318
523 404 318 304
524 150 364 149
525 372 366 371
526 191 167 171
527 423 242 117
528 228 136 135
529 116 423 117
530 234 151 152
531 191 171 259
532 404 481 465
533 465 481 139
534 221 193 482
535 119 243 120
536 292 473 381
537 381 473 382
538 473 292 475
539 473 475 451
540 7 373 101
541 336 19 20
542 481 140 139
543 129 345 130
544 107 390 405
545 482 193 175
546 101 427 102
547 142 426 143
548 424 162 163
549 290 431 442
550 227 135 134
551 48 435 47
552 91 255 92
553 392 412 443
554 209 212 341
555 209 341 132
556 192 447 175
557 460 447 445
558 471 229 314
559 483 129 128
560 484 464 463
561 152 355 234
562 134 328 227
563 485 486 480
564 485 371 366
565 371 485 480
566 255 337 457
567 92 255 93
568 486 485 366
569 354 152 153
570 102 376 103
571 361 112 111
572 363 115 114
573 462 422 464
574 360 114 113
575 486 434 480
576 229 471 184
577 487 488 359
578 246 244 489
579 246 489 412
580 93 255 457
581 449 454 334
582 454 449 475
583 334 448 335
584 462 451 236
585 186 325 188
586 229 219 490
587 360 363 114
588 320 106 105
589 193 221 456
590 79 217 221
591 35 375 34
592 491 141 140
593 162 446 161
594 128 343 483
595 382 343 380
596 343 382 483
597 178 481 404
598 178 404 180
599 28 398 27
600 366 356 357
601 130 208 131
602 217 79 78
603 486 366 357
604 199 143 426
605 178 491 481
606 481 491 140
607 163 338 424
608 425 401 479
609 425 460 445
610 253 177 252
611 209 132 131
612 27 415 26
613 89 254 90
614 177 253 482
615 253 8 482
616 36 257 35
617 193 492 192
618 161 492 160
619 444 142 141
620 169 419 237
621 88 268 89
622 220 185 410
623 251 194 402
624 185 173 410
625 2 452 53
626 2 146 452
627 429 1 11
628 126 1 429
629 446 492 161
630 446 192 492
631 492 456 160
632 205 251 402
633 160 456 159
634 193 456 492
635 456 216 159
636 452 347 52
637 439 146 147
638 254 91 90
639 86 267 87
640 419 169 213
641 489 413 414
642 489 414 400
643 257 413 375
644 257 375 35
645 406 62 299
646 169 238 373
647 8 253 80
648 238 169 237
649 375 413 244
650 244 413 489
651 7 169 373
652 298 474 493
653 490 491 178
654 490 178 179
655 493 300 298
656 359 486 357
657 359 488 486
658 83 493 474
659 490 494 229
660 229 494 314
661 490 444 491
662 491 444 141
663 82 493 83
664 488 434 486
665 362 366 423
666 431 495 350
667 494 179 181
668 494 181 312
669 479 247 250
670 479 250 496
671 495 49 350
672 407 125 124
673 296 300 288
674 412 489 400
675 412 400 395
676 124 383 407
677 383 124 123
678 47 435 283
679 300 493 252
680 494 312 314
681 298 300 296
682 179 494 490
683 493 81 252
684 81 493 82
685 458 459 367
686 467 459 270
687 421 436 278
688 358 477 359
689 159 216 158
690 479 496 425
691 425 496 460
692 247 479 453
693 408 155 156
694 469 418 42
695 414 309 310
696 459 467 367
697 484 483 382
698 420 421 278
699 436 421 281
700 259 172 260
701 295 298 296
702 268 196 254
703 268 254 89
704 474 298 287
705 303 476 477
706 222 256 37
707 483 484 463
708 172 261 260
709 256 222 264
710 258 256 263
711 258 263 309
712 400 414 310
713 38 222 37
714 276 274 358
715 215 77 76
716 84 474 287
717 274 477 358
718 84 287 85
719 274 303 477
720 464 484 382
721 272 176 174
722 299 62 61
723 418 40 41
724 416 40 418
725 247 406 249
726 406 247 455
727 287 86 85
728 420 44 45
729 48 495 435
730 480 233 411
731 458 367 319
732 42 418 41
733 313 367 467
734 266 286 308
735 256 36 37
736 495 431 435
737 495 48 49
738 444 219 220
739 12 429 11
740 291 497 432
741 291 290 437
742 282 283 435
743 452 52 53
744 269 496 250
745 461 496 269
746 219 444 490
747 432 436 289
748 248 271 250
749 458 176 272
750 434 497 438
751 250 271 269
752 497 434 432
753 272 461 269
754 174 461 272
755 483 345 129
756 497 291 438
757 462 473 451
758 464 473 462
759 288 319 296
760 319 288 458
761 476 417 468
762 170 261 172
763 488 478 433
764 461 460 496
765 271 260 261
766 417 418 468
767 472 478 476
768 478 472 433
769 293 294 15
770 43 469 42
771 437 442 428
772 417 476 303
773 290 442 437
774 46 420 45
775 197 195 306
776 294 381 378
777 463 345 483
778 260 271 248
779 267 88 87
780 316 273 276
781 345 463 346
782 488 487 478
783 472 280 436
784 259 171 172
785 278 44 420
786 278 436 280
787 173 171 167
788 466 270 271
789 482 8 221
790 482 175 177
791 261 466 271
792 270 466 467
793 469 468 418
794 381 294 292
795 17 454 16
796 223 277 264
797 475 293 454
798 277 223 416
799 476 468 472
800 477 487 359
801 245 301 244
802 289 281 282
803 281 289 436
804 33 301 32
805 279 469 43
806 469 279 280
807 44 279 43
808 470 313 467
809 487 477 478
810 262 470 467
811 313 470 314
812 291 432 289
813 293 16 454
814 480 438 233
815 438 480 434
816 293 475 292
817 433 472 436
818 433 434 488
2 30 2 40
819 498 500 499
820 498 499 501
821 72 501 499
822 72 499 71
823 502 73 500
824 498 58 59
825 502 64 65
826 502 66 73
827 500 73 74
828 498 60 503
829 503 63 502
830 502 63 64
831 71 499 504
832 71 504 70
833 503 500 498
834 500 503 502
835 504 499 500
836 504 500 505
837 54 501 3
838 501 72 3
839 501 57 498
840 504 505 68
841 504 68 67
842 500 74 505
843 505 74 75
844 60 498 59
845 505 75 6
846 68 505 69
847 501 56 57
848 69 505 6
849 503 60 61
850 62 503 61
851 63 503 62
852 498 57 58
853 501 54 55
854 501 55 56
855 502 65 66
856 73 66 4
857 504 67 5
858 70 504 5
2 50000 2 298
859 506 508 507
860 507 510 509
861 506 511 508
862 506 507 512
863 508 511 86
864 513 506 514
865 507 515 510
866 516 518 517
867 519 521 520
868 520 521 122
869 522 513 523
870 507 508 515
871 524 526 525
872 525 526 121
873 527 522 528
874 518 530 529
875 531 533 532
876 532 533 120
877 529 530 124
878 530 518 534
879 535 537 536
880 536 537 119
881 534 518 516
882 515 508 87
883 538 540 539
884 539 540 118
885 510 542 541
886 520 543 534
887 544 546 545
888 545 546 117
889 520 534 528
890 525 521 519
891 547 549 548
892 548 549 116
893 525 519 523
894 550 552 551
895 553 555 554
896 554 555 115
897 542 557 556
898 532 526 524
899 558 560 559
900 559 560 114
901 532 524 514
902 536 533 531
903 561 563 562
904 562 563 113
905 536 531 512
906 550 564 552
907 565 567 566
908 566 567 112
909 557 569 568
910 539 537 535
911 570 572 571
912 571 572 111
913 539 535 509
914 545 540 538
915 573 575 574
916 574 575 110
917 545 538 541
918 552 564 93
919 576 578 577
920 577 578 109
921 569 580 579
922 548 546 544
923 581 583 582
924 582 583 108
925 548 544 556
926 554 549 547
927 554 547 568
928 584 585 107
929 580 564 550
930 580 550 586
931 559 555 553
932 559 553 579
933 562 560 558
934 587 589 588
935 562 558 586
936 580 590 564
937 550 551 591
938 566 563 561
939 592 594 593
940 593 594 97
941 566 561 591
942 571 567 565
943 564 590 92
944 569 590 580
945 571 565 595
946 569 596 590
947 590 596 91
948 557 596 569
949 551 597 595
950 574 572 570
951 557 598 596
952 596 598 90
953 574 570 599
954 577 575 573
955 542 598 557
956 542 600 598
957 577 573 601
958 598 600 89
959 510 600 542
960 510 515 600
961 597 602 599
962 582 578 576
963 600 515 88
964 513 511 506
965 582 576 603
966 584 583 581
967 513 604 511
968 511 604 85
969 584 581 587
970 605 585 588
971 551 606 597
972 551 552 606
973 605 588 607
974 606 552 94
975 522 604 513
976 522 608 604
977 602 592 601
978 589 610 609
979 604 608 84
980 606 611 602
981 609 610 99
982 610 589 612
983 597 606 602
984 606 95 611
985 612 589 587
986 593 613 612
987 527 608 522
988 527 614 608
989 593 612 603
990 608 614 83
991 611 594 592
992 602 611 592
993 611 96 594
994 596 90 91
995 598 89 90
996 590 91 92
997 615 82 614
998 616 81 617
999 564 92 93
1000 615 617 82
1001 517 518 618
1002 600 88 89
1003 530 123 124
1004 552 93 94
1005 543 122 123
1006 521 121 122
1007 526 120 121
1008 515 87 88
1009 615 614 527
1010 615 527 516
1011 616 617 517
1012 616 517 618
1013 607 619 605
1014 605 619 620
1015 619 103 620
1016 618 621 616
1017 616 621 622
1018 621 78 622
1019 102 624 623
1020 624 102 619
1021 102 103 619
1022 77 626 625
1023 626 77 621
1024 77 78 621
1025 620 105 605
1026 106 605 105
1027 622 80 616
1028 81 616 80
1029 534 543 530
1030 530 543 123
1031 612 613 610
1032 610 613 98
1033 588 585 584
1034 584 587 588
1035 517 617 615
1036 615 516 517
1037 587 581 603
1038 603 612 587
1039 603 576 601
1040 601 592 603
1041 601 573 599
1042 599 602 601
1043 599 570 595
1044 595 597 599
1045 619 607 624
1046 621 618 626
1047 595 565 591
1048 618 529 626
1049 529 618 518
1050 591 551 595
1051 591 561 586
1052 586 550 591
1053 586 558 579
1054 520 528 519
1055 520 122 543
1056 579 580 586
1057 525 523 524
1058 525 121 521
1059 579 553 568
1060 532 514 531
1061 532 120 526
1062 568 569 579
1063 536 512 535
1064 536 119 533
1065 568 547 556
1066 539 509 538
1067 539 118 537
1068 556 557 568
1069 627 124 125
1070 545 541 544
1071 545 117 540
1072 556 544 541
1073 541 542 556
1074 548 556 547
1075 628 99 100
1076 548 116 546
1077 541 538 509
1078 554 568 553
1079 554 115 549
1080 509 510 541
1081 509 535 512
1082 559 579 558
1083 559 114 555
1084 512 507 509
1085 562 586 561
1086 562 113 560
1087 622 78 79
1088 512 531 514
1089 514 506 512
1090 566 591 565
1091 566 112 563
1092 514 524 523
1093 571 595 570
1094 571 111 567
1095 620 103 104
1096 523 513 514
1097 523 519 528
1098 574 599 573
1099 528 522 523
1100 574 110 572
1101 516 527 528
1102 528 534 516
1103 105 620 10
1104 620 104 10
1105 80 622 8
1106 622 79 8
1107 626 529 627
1108 529 124 627
1109 624 609 628
1110 609 99 628
1111 628 623 624
1112 623 101 102
1113 627 625 626
1114 625 76 77
1115 617 81 82
1116 577 601 576
1117 577 109 575
1118 101 623 7
1119 582 603 581
1120 582 108 578
1121 623 628 100
1122 623 100 7
1123 614 82 83
1124 625 627 125
1125 584 107 583
1126 605 106 585
1127 625 125 9
1128 76 625 9
1129 588 589 607
1130 585 106 107
1131 608 83 84
1132 607 609 624
1133 609 607 589
1134 583 107 108
1135 610 98 99
1136 578 108 109
1137 575 109 110
1138 593 97 613
1139 604 84 85
1140 593 603 592
1141 572 110 111
1142 606 94 95
1143 613 97 98
1144 567 111 112
1145 563 112 113
1146 533 119 120
1147 511 85 86
1148 560 113 114
1149 594 96 97
1150 537 118 119
1151 555 114 115
1152 549 115 116
1153 546 116 117
1154 540 117 118
1155 508 86 87
1156 611 95 96
2 20 2 818
1157 768 769 682
1158 770 771 632
1159 772 774 773
1160 772 773 775
1161 776 778 777
1162 777 778 779
1163 780 782 781
1164 781 782 783
1165 770 785 784
1166 770 632 722
1167 785 721 720
1168 786 772 787
1169 788 790 789
1170 789 790 791
1171 683 793 792
1172 721 785 770
1173 777 795 794
1174 796 798 797
1175 796 797 799
1176 800 766 801
1177 801 766 765
1178 802 804 803
1179 803 804 805
1180 806 808 807
1181 806 807 809
1182 810 812 811
1183 810 811 753
1184 680 813 768
1185 680 768 681
1186 812 815 814
1187 721 770 722
1188 816 157 817
1189 817 157 158
1190 787 772 775
1191 683 792 684
1192 818 819 817
1193 818 817 158
1194 820 685 792
1195 819 700 699
1196 786 822 821
1197 701 823 633
1198 771 770 815
1199 824 663 825
1200 826 654 827
1201 827 654 655
1202 828 830 829
1203 829 830 757
1204 786 821 831
1205 825 663 664
1206 832 833 830
1207 834 690 689
1208 830 833 758
1209 835 837 836
1210 836 837 151
1211 838 840 839
1212 786 787 822
1213 841 842 833
1214 833 842 759
1215 843 845 844
1216 844 845 741
1217 846 848 847
1218 849 851 850
1219 849 850 852
1220 853 798 796
1221 702 855 854
1222 856 857 713
1223 858 860 859
1224 858 859 661
1225 861 862 820
1226 772 864 863
1227 865 858 866
1228 702 854 703
1229 867 868 797
1230 793 683 769
1231 867 870 869
1232 869 870 710
1233 871 873 872
1234 871 872 874
1235 769 683 682
1236 875 877 876
1237 875 876 878
1238 879 877 866
1239 880 882 881
1240 883 885 884
1241 880 881 669
1242 886 887 868
1243 868 887 888
1244 886 869 889
1245 889 869 708
1246 890 854 779
1247 891 884 892
1248 893 891 892
1249 894 896 895
1250 897 898 887
1251 887 898 899
1252 900 897 889
1253 895 640 641
1254 685 820 901
1255 685 901 686
1256 890 902 854
1257 847 904 903
1258 903 904 657
1259 879 905 877
1260 877 905 876
1261 866 877 865
1262 865 877 875
1263 906 907 799
1264 681 768 682
1265 908 910 909
1266 911 913 912
1267 909 906 799
1268 888 914 910
1269 910 914 783
1270 899 915 914
1271 914 915 916
1272 917 913 878
1273 918 878 913
1274 676 919 675
1275 841 907 906
1276 920 841 906
1277 909 799 908
1278 898 921 899
1279 922 924 923
1280 922 923 925
1281 926 927 788
1282 928 926 929
1283 928 927 926
1284 828 829 930
1285 809 828 931
1286 930 931 828
1287 932 934 933
1288 933 934 935
1289 936 937 929
1290 937 928 929
1291 928 937 938
1292 857 856 798
1293 939 857 853
1294 164 941 940
1295 164 940 163
1296 931 930 942
1297 943 942 930
1298 830 828 832
1299 944 832 828
1300 944 828 809
1301 749 946 945
1302 749 945 750
1303 947 948 810
1304 947 810 752
1305 853 857 798
1306 935 949 933
1307 950 919 951
1308 950 952 919
1309 832 944 907
1310 841 832 907
1311 953 929 954
1312 840 953 954
1313 950 951 935
1314 924 922 727
1315 924 727 635
1316 955 956 803
1317 956 955 957
1318 958 917 959
1319 959 917 960
1320 960 961 959
1321 962 963 917
1322 964 962 958
1323 962 917 958
1324 964 965 962
1325 150 837 966
1326 967 932 966
1327 967 966 837
1328 964 958 968
1329 951 949 935
1330 921 969 915
1331 970 971 923
1332 972 973 955
1333 843 974 972
1334 972 974 973
1335 975 954 976
1336 840 954 975
1337 921 915 899
1338 918 865 875
1339 911 865 918
1340 918 913 911
1341 977 846 903
1342 978 788 789
1343 978 789 725
1344 971 827 979
1345 980 982 981
1346 980 983 982
1347 983 984 982
1348 985 745 744
1349 985 744 986
1350 986 744 743
1351 926 954 929
1352 987 988 791
1353 791 988 989
1354 783 782 909
1355 783 909 910
1356 789 791 990
1357 789 990 726
1358 725 789 726
1359 755 943 930
1360 930 756 755
1361 950 935 991
1362 991 935 934
1363 925 992 922
1364 979 994 993
1365 728 922 992
1366 992 729 728
1367 995 997 996
1368 995 998 997
1369 999 1000 970
1370 647 1001 646
1371 659 977 658
1372 658 977 903
1373 943 755 754
1374 996 997 1002
1375 1002 912 996
1376 1003 940 941
1377 987 791 790
1378 907 1004 796
1379 992 925 1005
1380 796 799 907
1381 1006 909 782
1382 1005 1007 992
1383 906 909 1006
1384 1005 925 993
1385 944 809 807
1386 998 1007 1005
1387 851 1008 901
1388 802 985 804
1389 985 802 1009
1390 851 862 850
1391 1010 1009 802
1392 1010 802 155
1393 1011 768 813
1394 1011 769 768
1395 775 769 1011
1396 1011 1012 775
1397 957 955 1013
1398 847 994 979
1399 848 994 847
1400 848 1014 994
1401 859 860 1015
1402 1016 860 911
1403 1015 860 1016
1404 901 820 851
1405 999 970 924
1406 923 924 970
1407 811 812 814
1408 956 957 152
1409 820 862 851
1410 1001 927 928
1411 928 938 1001
1412 1001 938 645
1413 1001 645 646
1414 917 996 913
1415 1000 999 1017
1416 153 803 956
1417 803 153 154
1418 949 951 677
1419 677 951 676
1420 996 912 913
1421 675 919 952
1422 675 952 674
1423 879 1018 905
1424 905 1018 1019
1425 1000 653 826
1426 654 826 653
1427 813 767 800
1428 1011 813 800
1429 800 1012 1011
1430 1018 1020 1019
1431 812 948 1021
1432 845 743 742
1433 885 1023 1022
1434 948 1024 1021
1435 1024 839 1021
1436 1025 974 844
1437 1025 968 974
1438 1026 940 1027
1439 1027 940 1003
1440 1028 822 801
1441 801 822 1012
1442 907 944 1004
1443 807 1004 944
1444 150 151 837
1445 847 979 904
1446 1009 1010 816
1447 816 1010 156
1448 816 156 157
1449 816 634 1009
1450 963 995 996
1451 963 996 917
1452 804 986 805
1453 801 1012 800
1454 995 963 732
1455 963 733 732
1456 827 655 904
1457 827 904 979
1458 975 1029 723
1459 809 931 806
1460 967 837 1030
1461 885 883 1023
1462 995 732 731
1463 955 803 972
1464 805 972 803
1465 981 946 1031
1466 748 1031 946
1467 748 946 749
1468 672 885 671
1469 671 885 1022
1470 1032 808 806
1471 884 1033 892
1472 1034 1036 1035
1473 884 1037 1033
1474 1038 1034 1035
1475 835 1040 1039
1476 949 1041 933
1477 1040 893 1039
1478 963 962 734
1479 962 735 734
1480 1042 165 4
1481 691 1042 4
1482 1007 998 995
1483 1042 690 834
1484 1042 691 690
1485 802 803 154
1486 1007 995 730
1487 1029 976 978
1488 978 724 1029
1489 933 148 932
1490 966 932 149
1491 149 932 148
1492 810 948 812
1493 995 731 730
1494 786 864 772
1495 924 1043 999
1496 926 976 954
1497 950 1033 952
1498 1044 1033 950
1499 989 1043 791
1500 1043 989 999
1501 981 638 980
1502 993 994 1045
1503 993 1045 1005
1504 980 638 639
1505 869 886 867
1506 867 886 868
1507 942 943 814
1508 822 1028 1046
1509 1046 1028 764
1510 1013 836 957
1511 925 923 993
1512 993 923 971
1513 889 897 886
1514 886 897 887
1515 973 1013 955
1516 1042 834 941
1517 971 979 993
1518 938 937 644
1519 981 1031 637
1520 946 981 982
1521 1047 1049 1048
1522 1048 1049 794
1523 1047 1026 1027
1524 1026 1047 1048
1525 1026 1048 162
1526 878 960 917
1527 644 937 1050
1528 784 785 1032
1529 784 1032 942
1530 931 942 1032
1531 1032 806 931
1532 784 815 770
1533 814 815 784
1534 635 1043 924
1535 1051 936 929
1536 836 1013 835
1537 999 989 1017
1538 1017 989 651
1539 785 719 1052
1540 827 971 826
1541 785 1052 1032
1542 1053 1051 953
1543 988 987 648
1544 987 647 648
1545 767 813 630
1546 813 679 630
1547 679 813 680
1548 904 655 656
1549 802 154 155
1550 982 945 946
1551 975 976 1029
1552 1041 949 1054
1553 1054 146 1041
1554 953 1051 929
1555 834 1055 941
1556 1055 1003 941
1557 643 1050 1056
1558 985 986 804
1559 834 1057 1055
1560 932 967 934
1561 837 835 1030
1562 1030 835 1039
1563 1050 936 1056
1564 644 1050 643
1565 1056 642 643
1566 792 685 684
1567 1058 823 819
1568 819 818 1058
1569 1052 719 718
1570 834 689 1057
1571 688 1057 689
1572 939 808 1059
1573 939 807 808
1574 939 853 807
1575 788 978 976
1576 638 981 637
1577 726 990 635
1578 1055 1057 849
1579 1060 874 1061
1580 788 976 926
1581 779 778 890
1582 778 1060 890
1583 841 833 832
1584 776 777 1049
1585 989 650 651
1586 934 967 991
1587 766 800 767
1588 776 1049 1062
1589 942 814 784
1590 927 1001 987
1591 647 987 1001
1592 987 790 927
1593 747 1009 634
1594 988 649 989
1595 989 649 650
1596 844 741 740
1597 1063 776 1062
1598 797 868 908
1599 838 839 1064
1600 1064 839 1024
1601 1061 874 872
1602 888 887 899
1603 933 1041 147
1604 148 933 147
1605 908 868 910
1606 888 899 914
1607 1052 1059 808
1608 1032 1052 808
1609 816 817 634
1610 817 698 634
1611 798 867 797
1612 867 798 870
1613 843 844 974
1614 699 817 819
1615 986 843 805
1616 805 843 972
1617 986 845 843
1618 990 791 1043
1619 635 990 1043
1620 652 1000 1017
1621 988 648 649
1622 986 743 845
1623 1021 815 812
1624 1052 717 1059
1625 165 1042 941
1626 164 165 941
1627 861 792 793
1628 948 1065 1024
1629 785 720 719
1630 1065 1066 1024
1631 951 919 676
1632 1057 688 1008
1633 991 967 1030
1634 991 1030 1044
1635 792 861 820
1636 866 824 825
1637 1008 688 687
1638 920 1067 842
1639 842 1067 760
1640 864 1069 1068
1641 1067 761 760
1642 1070 1071 882
1643 715 1059 716
1644 864 1068 863
1645 739 844 740
1646 1059 717 716
1647 920 842 841
1648 1072 864 1073
1649 980 639 896
1650 896 639 640
1651 1074 1070 882
1652 842 760 759
1653 984 1075 1066
1654 705 1076 706
1655 1053 1077 1051
1656 965 964 1025
1657 998 1005 1045
1658 657 904 656
1659 1044 950 991
1660 738 965 1025
1661 965 738 737
1662 717 1052 718
1663 838 1053 953
1664 665 1018 825
1665 665 825 664
1666 833 759 758
1667 1078 1080 1079
1668 1072 1073 916
1669 1003 1055 1081
1670 970 826 971
1671 953 840 838
1672 1007 730 729
1673 998 1045 997
1674 997 1045 1014
1675 1013 973 1082
1676 1073 864 786
1677 1000 826 970
1678 1006 1067 920
1679 1006 920 906
1680 150 966 149
1681 974 968 973
1682 793 769 773
1683 1025 844 739
1684 830 758 757
1685 738 1025 739
1686 836 151 152
1687 793 773 861
1688 1006 1083 1067
1689 1067 1083 761
1690 823 795 1084
1691 741 845 742
1692 894 1075 983
1693 983 1075 984
1694 1075 894 1077
1695 1075 1077 1053
1696 632 975 723
1697 938 644 645
1698 1083 762 761
1699 751 947 752
1700 729 992 1007
1701 1084 795 777
1702 723 1029 724
1703 764 1028 765
1704 1026 162 163
1705 892 1033 1044
1706 829 757 756
1707 673 1037 672
1708 713 857 714
1709 994 1014 1045
1710 811 814 943
1711 811 943 754
1712 794 1049 777
1713 1062 1049 1047
1714 1073 831 916
1715 1085 751 750
1716 1086 1066 1065
1717 152 957 836
1718 756 930 829
1719 1087 1088 1082
1720 1087 973 968
1721 973 1087 1082
1722 857 939 1059
1723 714 857 715
1724 1088 1087 968
1725 956 152 153
1726 724 978 725
1727 963 734 733
1728 965 737 736
1729 1064 1024 1066
1730 962 736 735
1731 1088 1036 1082
1732 831 1073 786
1733 1089 1090 961
1734 848 846 1091
1735 848 1091 1014
1736 715 857 1059
1737 1051 1056 936
1738 1056 1051 1077
1739 936 1050 937
1740 1064 1053 838
1741 788 927 790
1742 831 821 1092
1743 962 965 736
1744 922 728 727
1745 795 823 1058
1746 701 819 823
1747 660 977 659
1748 1093 763 762
1749 162 1048 161
1750 750 945 1085
1751 984 945 982
1752 945 984 1085
1753 780 1083 1006
1754 780 1006 782
1755 653 1000 652
1756 968 958 959
1757 752 810 753
1758 819 701 700
1759 1088 968 959
1760 801 765 1028
1761 780 1093 1083
1762 1083 1093 762
1763 163 940 1026
1764 1027 1003 1081
1765 1027 1062 1047
1766 855 779 854
1767 811 754 753
1768 652 1017 651
1769 711 856 712
1770 779 855 1084
1771 855 633 1084
1772 661 859 660
1773 795 1094 794
1774 161 1094 160
1775 1046 764 763
1776 771 1021 839
1777 710 870 711
1778 822 787 1012
1779 853 796 1004
1780 787 775 1012
1781 2 1054 678
1782 2 146 1054
1783 1031 629 636
1784 748 629 1031
1785 1048 1094 161
1786 1048 794 1094
1787 1094 1058 160
1788 807 853 1004
1789 160 1058 159
1790 795 1058 1094
1791 1058 818 159
1792 1054 949 677
1793 1041 146 147
1794 856 713 712
1795 708 869 709
1796 1021 771 815
1797 1091 1015 1016
1798 1091 1016 1002
1799 859 1015 977
1800 859 977 660
1801 1008 687 901
1802 771 840 975
1803 633 855 702
1804 840 771 839
1805 977 1015 846
1806 846 1015 1091
1807 632 771 975
1808 900 1076 1095
1809 1092 1093 780
1810 1092 780 781
1811 1095 902 900
1812 961 1088 959
1813 961 1090 1088
1814 705 1095 1076
1815 1092 1096 831
1816 831 1096 916
1817 1092 1046 1093
1818 1093 1046 763
1819 704 1095 705
1820 1090 1036 1088
1821 964 968 1025
1822 1033 1097 952
1823 1096 781 783
1824 1096 783 914
1825 1081 849 852
1826 1081 852 1098
1827 1097 674 952
1828 1009 747 746
1829 898 902 890
1830 1014 1091 1002
1831 1014 1002 997
1832 746 985 1009
1833 985 746 745
1834 672 1037 885
1835 902 1095 854
1836 1096 914 916
1837 900 902 898
1838 781 1096 1092
1839 1095 703 854
1840 703 1095 704
1841 1060 1061 969
1842 1069 1061 872
1843 1023 1038 880
1844 960 1079 961
1845 159 818 158
1846 1081 1098 1027
1847 1027 1098 1062
1848 849 1081 1055
1849 1010 155 156
1850 1071 1020 667
1851 1016 911 912
1852 1061 1069 969
1853 1086 1085 984
1854 1022 1023 880
1855 1038 1023 883
1856 861 774 862
1857 897 900 898
1858 870 798 856
1859 870 856 711
1860 1076 900 889
1861 905 1078 1079
1862 824 858 662
1863 1085 1086 1065
1864 774 863 862
1865 858 824 866
1866 860 858 865
1867 860 865 911
1868 1002 1016 912
1869 663 824 662
1870 878 876 960
1871 817 699 698
1872 706 1076 889
1873 876 1079 960
1874 706 889 707
1875 876 905 1079
1876 1066 1086 984
1877 874 778 776
1878 901 687 686
1879 1020 665 666
1880 1018 665 1020
1881 849 1008 851
1882 1008 849 1057
1883 889 708 707
1884 1022 669 670
1885 673 1097 1037
1886 1082 835 1013
1887 1060 969 921
1888 667 1020 666
1889 915 969 1069
1890 868 888 910
1891 858 661 662
1892 1097 1033 1037
1893 1097 673 674
1894 1046 821 822
1895 637 1031 636
1896 893 1099 1034
1897 893 892 1039
1898 884 885 1037
1899 1054 677 678
1900 871 1098 852
1901 1063 1098 871
1902 821 1046 1092
1903 1034 1038 891
1904 850 873 852
1905 1060 778 874
1906 1036 1099 1040
1907 852 873 871
1908 1099 1036 1034
1909 874 1063 871
1910 776 1063 874
1911 1085 947 751
1912 1099 893 1040
1913 1064 1075 1053
1914 1066 1075 1064
1915 890 921 898
1916 921 890 1060
1917 1078 1019 1070
1918 772 863 774
1919 1090 1080 1035
1920 1063 1062 1098
1921 873 862 863
1922 1019 1020 1070
1923 1074 1080 1078
1924 1080 1074 1035
1925 895 896 640
1926 668 1071 667
1927 1039 1044 1030
1928 1019 1078 905
1929 892 1044 1039
1930 671 1022 670
1931 799 797 908
1932 896 983 980
1933 1065 947 1085
1934 862 873 850
1935 869 710 709
1936 918 875 878
1937 947 1065 948
1938 1090 1089 1080
1939 1074 882 1038
1940 861 773 774
1941 880 669 1022
1942 880 1038 882
1943 775 773 769
1944 1068 872 873
1945 1084 633 823
1946 1084 777 779
1947 863 1068 873
1948 872 1068 1069
1949 1071 1070 1020
1950 983 896 894
1951 642 1056 641
1952 825 879 866
1953 1077 895 1056
1954 879 825 1018
1955 1078 1070 1074
1956 1079 1089 961
1957 847 903 846
1958 891 883 884
1959 883 891 1038
1960 658 903 657
1961 881 1071 668
1962 1071 881 882
1963 669 881 668
1964 1072 915 1069
1965 1089 1079 1080
1966 864 1072 1069
1967 915 1072 916
1968 893 1034 891
1969 895 641 1056
1970 1082 1040 835
1971 1040 1082 1036
1972 895 1077 894
1973 1035 1074 1038
1974 1035 1036 1090
2 30 2 40
1975 1100 1102 1101
1976 1100 1101 1103
1977 697 1103 1101
1978 697 1101 696
1979 1104 73 1102
1980 1100 683 684
1981 1104 689 690
1982 1104 691 73
1983 1102 73 74
1984 1100 685 1105
1985 1105 688 1104
1986 1104 688 689
1987 696 1101 1106
1988 696 1106 695
1989 1105 1102 1100
1990 1102 1105 1104
1991 1106 1101 1102
1992 1106 1102 1107
1993 679 1103 630
1994 1103 697 630
1995 1103 682 1100
1996 1106 1107 693
1997 1106 693 692
1998 1102 74 1107
1999 1107 74 75
2000 685 1100 684
2001 1107 75 6
2002 693 1107 694
2003 1103 681 682
2004 694 1107 6
2005 1105 685 686
2006 687 1105 686
2007 688 1105 687
2008 1100 682 683
2009 1103 679 680
2010 1103 680 681
2011 1104 690 691
2012 73 691 4
2013 1106 692 631
2014 695 1106 631
2 50001 2 298
2015 1108 1110 1109
2016 1109 1112 1111
2017 1108 1113 1110
2018 1108 1109 1114
2019 1110 1113 708
2020 1115 1108 1116
2021 1109 1117 1112
2022 1118 1120 1119
2023 1121 1123 1122
2024 1122 1123 744
2025 1124 1115 1125
2026 1109 1110 1117
2027 1126 1128 1127
2028 1127 1128 743
2029 1129 1124 1130
2030 1120 1132 1131
2031 1133 1135 1134
2032 1134 1135 742
2033 1131 1132 746
2034 1132 1120 1136
2035 1137 1139 1138
2036 1138 1139 741
2037 1136 1120 1118
2038 1117 1110 709
2039 1140 1142 1141
2040 1141 1142 740
2041 1112 1144 1143
2042 1122 1145 1136
2043 1146 1148 1147
2044 1147 1148 739
2045 1122 1136 1130
2046 1127 1123 1121
2047 1149 1151 1150
2048 1150 1151 738
2049 1127 1121 1125
2050 1152 1154 1153
2051 1155 1157 1156
2052 1156 1157 737
2053 1144 1159 1158
2054 1134 1128 1126
2055 1160 1162 1161
2056 1161 1162 736
2057 1134 1126 1116
2058 1138 1135 1133
2059 1163 1165 1164
2060 1164 1165 735
2061 1138 1133 1114
2062 1152 1166 1154
2063 1167 1169 1168
2064 1168 1169 734
2065 1159 1171 1170
2066 1141 1139 1137
2067 1172 1174 1173
2068 1173 1174 733
2069 1141 1137 1111
2070 1147 1142 1140
2071 1175 1177 1176
2072 1176 1177 732
2073 1147 1140 1143
2074 1154 1166 715
2075 1178 1180 1179
2076 1179 1180 731
2077 1171 1182 1181
2078 1150 1148 1146
2079 1183 1185 1184
2080 1184 1185 730
2081 1150 1146 1158
2082 1156 1151 1149
2083 1156 1149 1170
2084 1186 1187 729
2085 1182 1166 1152
2086 1182 1152 1188
2087 1161 1157 1155
2088 1161 1155 1181
2089 1164 1162 1160
2090 1189 1191 1190
2091 1164 1160 1188
2092 1182 1192 1166
2093 1152 1153 1193
2094 1168 1165 1163
2095 1194 1196 1195
2096 1195 1196 719
2097 1168 1163 1193
2098 1173 1169 1167
2099 1166 1192 714
2100 1171 1192 1182
2101 1173 1167 1197
2102 1171 1198 1192
2103 1192 1198 713
2104 1159 1198 1171
2105 1153 1199 1197
2106 1176 1174 1172
2107 1159 1200 1198
2108 1198 1200 712
2109 1176 1172 1201
2110 1179 1177 1175
2111 1144 1200 1159
2112 1144 1202 1200
2113 1179 1175 1203
2114 1200 1202 711
2115 1112 1202 1144
2116 1112 1117 1202
2117 1199 1204 1201
2118 1184 1180 1178
2119 1202 1117 710
2120 1115 1113 1108
2121 1184 1178 1205
2122 1186 1185 1183
2123 1115 1206 1113
2124 1113 1206 707
2125 1186 1183 1189
2126 1207 1187 1190
2127 1153 1208 1199
2128 1153 1154 1208
2129 1207 1190 1209
2130 1208 1154 716
2131 1124 1206 1115
2132 1124 1210 1206
2133 1204 1194 1203
2134 1191 1212 1211
2135 1206 1210 706
2136 1208 1213 1204
2137 1211 1212 721
2138 1212 1191 1214
2139 1199 1208 1204
2140 1208 717 1213
2141 1214 1191 1189
2142 1195 1215 1214
2143 1129 1210 1124
2144 1129 1216 1210
2145 1195 1214 1205
2146 1210 1216 705
2147 1213 1196 1194
2148 1204 1213 1194
2149 1213 718 1196
2150 1198 712 713
2151 1200 711 712
2152 1192 713 714
2153 1217 704 1216
2154 1218 703 1219
2155 1166 714 715
2156 1217 1219 704
2157 1119 1120 1220
2158 1202 710 711
2159 1132 745 746
2160 1154 715 716
2161 1145 744 745
2162 1123 743 744
2163 1128 742 743
2164 1117 709 710
2165 1217 1216 1129
2166 1217 1129 1118
2167 1218 1219 1119
2168 1218 1119 1220
2169 1209 1221 1207
2170 1207 1221 1222
2171 1221 725 1222
2172 1220 1223 1218
2173 1218 1223 1224
2174 1223 700 1224
2175 724 1226 1225
2176 1226 724 1221
2177 724 725 1221
2178 699 1228 1227
2179 1228 699 1223
2180 699 700 1223
2181 1222 727 1207
2182 728 1207 727
2183 1224 702 1218
2184 703 1218 702
2185 1136 1145 1132
2186 1132 1145 745
2187 1214 1215 1212
2188 1212 1215 720
2189 1190 1187 1186
2190 1186 1189 1190
2191 1119 1219 1217
2192 1217 1118 1119
2193 1189 1183 1205
2194 1205 1214 1189
2195 1205 1178 1203
2196 1203 1194 1205
2197 1203 1175 1201
2198 1201 1204 1203
2199 1201 1172 1197
2200 1197 1199 1201
2201 1221 1209 1226
2202 1223 1220 1228
2203 1197 1167 1193
2204 1220 1131 1228
2205 1131 1220 1120
2206 1193 1153 1197
2207 1193 1163 1188
2208 1188 1152 1193
2209 1188 1160 1181
2210 1122 1130 1121
2211 1122 744 1145
2212 1181 1182 1188
2213 1127 1125 1126
2214 1127 743 1123
2215 1181 1155 1170
2216 1134 1116 1133
2217 1134 742 1128
2218 1170 1171 1181
2219 1138 1114 1137
2220 1138 741 1135
2221 1170 1149 1158
2222 1141 1111 1140
2223 1141 740 1139
2224 1158 1159 1170
2225 1229 746 747
2226 1147 1143 1146
2227 1147 739 1142
2228 1158 1146 1143
2229 1143 1144 1158
2230 1150 1158 1149
2231 1230 721 722
2232 1150 738 1148
2233 1143 1140 1111
2234 1156 1170 1155
2235 1156 737 1151
2236 1111 1112 1143
2237 1111 1137 1114
2238 1161 1181 1160
2239 1161 736 1157
2240 1114 1109 1111
2241 1164 1188 1163
2242 1164 735 1162
2243 1224 700 701
2244 1114 1133 1116
2245 1116 1108 1114
2246 1168 1193 1167
2247 1168 734 1165
2248 1116 1126 1125
2249 1173 1197 1172
2250 1173 733 1169
2251 1222 725 726
2252 1125 1115 1116
2253 1125 1121 1130
2254 1176 1201 1175
2255 1130 1124 1125
2256 1176 732 1174
2257 1118 1129 1130
2258 1130 1136 1118
2259 727 1222 635
2260 1222 726 635
2261 702 1224 633
2262 1224 701 633
2263 1228 1131 1229
2264 1131 746 1229
2265 1226 1211 1230
2266 1211 721 1230
2267 1230 1225 1226
2268 1225 723 724
2269 1229 1227 1228
2270 1227 698 699
2271 1219 703 704
2272 1179 1203 1178
2273 1179 731 1177
2274 723 1225 632
2275 1184 1205 1183
2276 1184 730 1180
2277 1225 1230 722
2278 1225 722 632
2279 1216 704 705
2280 1227 1229 747
2281 1186 729 1185
2282 1207 728 1187
2283 1227 747 634
2284 698 1227 634
2285 1190 1191 1209
2286 1187 728 729
2287 1210 705 706
2288 1209 1211 1226
2289 1211 1209 1191
2290 1185 729 730
2291 1212 720 721
2292 1180 730 731
2293 1177 731 732
2294 1195 719 1215
2295 1206 706 707
2296 1195 1205 1194
2297 1174 732 733
2298 1208 716 717
2299 1215 719 720
2300 1169 733 734
2301 1165 734 735
2302 1135 741 742
2303 1113 707 708
2304 1162 735 736
2305 1196 718 719
2306 1139 740 741
2307 1157 736 737
2308 1151 737 738
2309 1148 738 739
2310 1142 739 740
2311 1110 708 709
2312 1213 717 718
2 40 3 90
2313 1406 1407 1244 1245
2314 1247 1248 1403 1404
2315 1263 1388 1389 1262
2316 1396 1397 1254 1255
2317 1250 1401 1402 1249
2318 1253 1398 1399 1252
2319 1394 1257 1258 1393
2320 1241 1410 1411 1240
2321 1399 1400 1251 1252
2322 1413 1414 1237 1238
2323 1408 1409 1242 1243
2324 1411 1412 1239 1240
2325 1392 1393 1258 1259
2326 1402 1403 1248 1249
2327 1392 1259 1260 1391
2328 1324 1327 1328 1323
2329 1389 1390 1261 1262
2330 1312 1339 1340 1311
2331 1309 1342 1343 1308
2332 1314 1337 1338 1313
2333 1299 1352 1353 1298
2334 1307 1344 1345 1306
2335 1317 1334 1335 1316
2336 1325 1326 1327 1324
2337 1273 1378 1379 1272
2338 1319 1332 1333 1318
2339 1322 1329 1330 1321
2340 1315 1336 1337 1314
2341 1294 1357 1358 1293
2342 1254 1397 1398 1253
2343 1320 1331 1332 1319
2344 1304 1347 1348 1303
2345 1387 1264 1265 1386
2346 1270 1381 1382 1269
2347 1406 1245 1246 1405
2348 1400 1401 1250 1251
2349 1384 1267 1268 1383
2350 1395 1256 1257 1394
2351 1407 1408 1243 1244
2352 1404 1405 1246 1247
2353 1412 1413 1238 1239
2354 1241 1242 1409 1410
2355 1280 1371 1372 1279
2356 1272 1379 1380 1271
2357 1256 1395 1396 1255
2358 1361 1290 1291 1360
2359 1303 1348 1349 1302
2360 1295 1356 1357 1294
2361 1293 1358 1359 1292
2362 1311 1340 1341 1310
2363 1366 1285 1286 1365
2364 1288 1363 1364 1287
2365 1321 1330 1331 1320
2366 1318 1333 1334 1317
2367 1306 1345 1346 1305
2368 1383 1268 1269 1382
2369 1231 1233 1326 1325
2370 1283 1368 1369 1282
2371 1356 1295 1296 1355
2372 1275 1376 1377 1274
2373 1308 1343 1344 1307
2374 1278 1373 1374 1277
2375 1386 1265 1266 1385
2376 1313 1338 1339 1312
2377 1261 1390 1391 1260
2378 1277 1374 1375 1276
2379 1316 1335 1336 1315
2380 1323 1328 1329 1322
2381 1388 1263 1264 1387
2382 1362 1289 1290 1361
2383 1385 1266 1267 1384
2384 1301 1350 1351 1300
2385 1298 1353 1354 1297
2386 1285 1366 1367 1284
2387 1232 1237 1414 1234
2388 1279 1372 1373 1278
2389 1274 1377 1378 1273
2390 1282 1369 1370 1281
2391 1360 1291 1292 1359
2392 1271 1380 1381 1270
2393 1302 1349 1350 1301
2394 1276 1375 1376 1275
2395 1284 1367 1368 1283
2396 1310 1341 1342 1309
2397 1305 1346 1347 1304
2398 1289 1362 1363 1288
2399 1300 1351 1352 1299
2400 1287 1364 1365 1286
2401 1297 1354 1355 1296
2402 1281 1370 1371 1280
2 40 3 90
2403 1413 1502 1501 1412
2404 1447 1446 1357 1358
2405 1345 1434 1433 1344
2406 1343 1344 1433 1432
2407 1408 1497 1496 1407
2408 1235 1233 1326 1415
2409 1498 1497 1408 1409
2410 1442 1353 1354 1443
2411 1336 1425 1424 1335
2412 1341 1430 1429 1340
2413 1334 1423 1422 1333
2414 1332 1421 1420 1331
2415 1326 1327 1416 1415
2416 1424 1423 1334 1335
2417 1501 1500 1411 1412
2418 1420 1419 1330 1331
2419 1350 1439 1438 1349
2420 1328 1417 1416 1327
2421 1329 1330 1419 1418
2422 1236 1503 1414 1234
2423 1329 1418 1417 1328
2424 1429 1428 1339 1340
2425 1338 1339 1428 1427
2426 1405 1494 1493 1404
2427 1438 1437 1348 1349
2428 1489 1400 1401 1490
2429 1410 1499 1498 1409
2430 1414 1503 1502 1413
2431 1373 1462 1461 1372
2432 1390 1479 1478 1389
2433 1448 1359 1360 1449
2434 1374 1463 1462 1373
2435 1359 1448 1447 1358
2436 1361 1450 1449 1360
2437 1386 1475 1474 1385
2438 1398 1487 1486 1397
2439 1395 1484 1483 1394
2440 1452 1363 1364 1453
2441 1384 1473 1472 1383
2442 1393 1482 1481 1392
2443 1403 1492 1491 1402
2444 1347 1436 1435 1346
2445 1377 1466 1465 1376
2446 1383 1472 1471 1382
2447 1378 1467 1466 1377
2448 1351 1440 1439 1350
2449 1352 1441 1440 1351
2450 1406 1495 1494 1405
2451 1362 1451 1450 1361
2452 1348 1437 1436 1347
2453 1407 1496 1495 1406
2454 1441 1352 1353 1442
2455 1381 1470 1469 1380
2456 1487 1398 1399 1488
2457 1451 1362 1363 1452
2458 1333 1422 1421 1332
2459 1356 1445 1444 1355
2460 1453 1364 1365 1454
2461 1346 1435 1434 1345
2462 1368 1457 1456 1367
2463 1396 1485 1484 1395
2464 1445 1356 1357 1446
2465 1337 1426 1425 1336
2466 1342 1431 1430 1341
2467 1388 1477 1476 1387
2468 1470 1381 1382 1471
2469 1394 1483 1482 1393
2470 1366 1455 1454 1365
2471 1380 1469 1468 1379
2472 1443 1354 1355 1444
2473 1385 1474 1473 1384
2474 1427 1426 1337 1338
2475 1392 1481 1480 1391
2476 1397 1486 1485 1396
2477 1369 1458 1457 1368
2478 1376 1465 1464 1375
2479 1411 1500 1499 1410
2480 1432 1431 1342 1343
2481 1391 1480 1479 1390
2482 1370 1459 1458 1369
2483 1493 1492 1403 1404
2484 1488 1399 1400 1489
2485 1389 1478 1477 1388
2486 1490 1401 1402 1491
2487 1387 1476 1475 1386
2488 1379 1468 1467 1378
2489 1367 1456 1455 1366
2490 1371 1460 1459 1370
2491 1372 1461 1460 1371
2492 1375 1464 1463 1374
2 40 2 178
2493 26 25 1430
2494 13 12 1417
2495 14 13 1418
2496 15 14 1419
2497 16 15 1420
2498 17 16 1421
2499 18 17 1422
2500 19 18 1423
2501 20 19 1424
2502 21 20 1425
2503 22 21 1426
2504 23 22 1427
2505 24 23 1428
2506 25 24 1429
2507 27 26 1431
2508 28 27 1432
2509 29 28 1433
2510 30 29 1434
2511 31 30 1435
2512 32 31 1436
2513 33 32 1437
2514 34 33 1438
2515 35 34 1439
2516 36 35 1440
2517 37 36 1441
2518 38 37 1442
2519 39 38 1443
2520 40 39 1444
2521 41 40 1445
2522 42 41 1446
2523 43 42 1447
2524 44 43 1448
2525 45 44 1449
2526 46 45 1450
2527 47 46 1451
2528 48 47 1452
2529 49 48 1453
2530 50 49 1454
2531 51 50 1455
2532 52 51 1456
2533 53 52 1457
2534 2 53 1458
2535 678 2 1460
2536 677 678 1461
2537 676 677 1462
2538 675 676 1463
2539 674 675 1464
2540 673 674 1465
2541 672 673 1466
2542 671 672 1467
2543 670 671 1468
2544 669 670 1469
2545 668 669 1470
2546 667 668 1471
2547 666 667 1472
2548 665 666 1473
2549 664 665 1474
2550 663 664 1475
2551 662 663 1476
2552 661 662 1477
2553 660 661 1478
2554 659 660 1479
2555 658 659 1480
2556 657 658 1481
2557 656 657 1482
2558 655 656 1483
2559 654 655 1484
2560 653 654 1485
2561 652 653 1486
2562 651 652 1487
2563 650 651 1488
2564 649 650 1489
2565 648 649 1490
2566 647 648 1491
2567 646 647 1492
2568 645 646 1493
2569 644 645 1494
2570 643 644 1495
2571 642 643 1496
2572 641 642 1497
2573 640 641 1498
2574 639 640 1499
2575 638 639 1500
2576 637 638 1501
2577 636 637 1502
2578 629 636 1503
2579 1498 1499 640
2580 12 11 1416
2581 11 1 1415
2582 1235 1415 1
2583 1415 1416 11
2584 1416 1417 12
2585 1417 1418 13
2586 1418 1419 14
2587 1419 1420 15
2588 1420 1421 16
2589 1421 1422 17
2590 1422 1423 18
2591 1423 1424 19
2592 1424 1425 20
2593 1425 1426 21
2594 1426 1427 22
2595 1427 1428 23
2596 1428 1429 24
2597 1429 1430 25
2598 1430 1431 26
2599 1431 1432 27
2600 1432 1433 28
2601 1433 1434 29
2602 1434 1435 30
2603 1435 1436 31
2604 1436 1437 32
2605 1437 1438 33
2606 1438 1439 34
2607 1439 1440 35
2608 1440 1441 36
2609 1441 1442 37
2610 1442 1443 38
2611 1443 1444 39
2612 1444 1445 40
2613 1445 1446 41
2614 1446 1447 42
2615 1447 1448 43
2616 1448 1449 44
2617 1449 1450 45
2618 1450 1451 46
2619 1451 1452 47
2620 1452 1453 48
2621 1453 1454 49
2622 1454 1455 50
2623 1455 1456 51
2624 1456 1457 52
2625 1457 1458 53
2626 1458 1459 2
2627 1459 1460 2
2628 1460 1461 678
2629 1461 1462 677
2630 1462 1463 676
2631 1463 1464 675
2632 1464 1465 674
2633 1465 1466 673
2634 1466 1467 672
2635 1467 1468 671
2636 1468 1469 670
2637 1469 1470 669
2638 1470 1471 668
2639 1471 1472 667
2640 1472 1473 666
2641 1473 1474 665
2642 1474 1475 664
2643 1475 1476 663
2644 1476 1477 662
2645 1477 1478 661
2646 1478 1479 660
2647 1479 1480 659
2648 1480 1481 658
2649 1481 1482 657
2650 1482 1483 656
2651 1483 1484 655
2652 1484 1485 654
2653 1485 1486 653
2654 1486 1487 652
2655 1487 1488 651
2656 1488 1489 650
2657 1489 1490 649
2658 1490 1491 648
2659 1491 1492 647
2660 1492 1493 646
2661 1493 1494 645
2662 1494 1495 644
2663 1495 1496 643
2664 1496 1497 642
2665 1497 1498 641
2666 1499 1500 639
2667 1500 1501 638
2668 1501 1502 637
2669 1502 1503 636
2670 629 1503 1236
0 99 15 1
2671 1231
$EndElements
